2026-07-13T20:15:07+00:00 machine gtk-status-bar[1210]: 2026-07-13T20:15:07.859899Z  INFO gtk_status_bar: Starting GTK status bar application
2026-07-13T20:15:07+00:00 machine gtk-status-bar[1210]: 2026-07-13T20:15:07.929093Z  INFO gtk_status_bar: Running GTK application
2026-07-13T20:15:15+00:00 machine gtk-status-bar[1210]: 2026-07-13T20:15:15.156078Z  INFO gtk_status_bar: Activating GTK application
2026-07-13T20:15:15+00:00 machine gtk-status-bar[1210]: 2026-07-13T20:15:15.168908Z DEBUG gtk_status_bar::widgets: Loading CSS styles
2026-07-13T20:15:15+00:00 machine gtk-status-bar[1210]: 2026-07-13T20:15:15.169955Z  INFO gtk_status_bar::widgets: CSS styles loaded successfully
2026-07-13T20:15:15+00:00 machine gtk-status-bar[1210]: 2026-07-13T20:15:15.169975Z DEBUG gtk_status_bar::widgets: Configuring layer shell
2026-07-13T20:15:15+00:00 machine gtk-status-bar[1210]: 2026-07-13T20:15:15.188982Z  INFO gtk_status_bar::widgets: Layer shell configured successfully
2026-07-13T20:15:15+00:00 machine gtk-status-bar[1210]: 2026-07-13T20:15:15.189026Z DEBUG gtk_status_bar::widgets: Creating experimental bar
2026-07-13T20:15:15+00:00 machine gtk-status-bar[1210]: 2026-07-13T20:15:15.192002Z DEBUG gtk_status_bar::widgets: Creating left group
2026-07-13T20:15:15+00:00 machine gtk-status-bar[1210]: 2026-07-13T20:15:15.197239Z DEBUG gtk_status_bar::widgets: Creating workspace widget
2026-07-13T20:15:15+00:00 machine gtk-status-bar[1210]: 2026-07-13T20:15:15.203453Z DEBUG gtk_status_bar::widgets: Creating title widget
2026-07-13T20:15:15+00:00 machine gtk-status-bar[1210]: 2026-07-13T20:15:15.204078Z DEBUG gtk_status_bar::widgets: Creating right group
2026-07-13T20:15:15+00:00 machine gtk-status-bar[1210]: 2026-07-13T20:15:15.204136Z DEBUG gtk_status_bar::widgets: Creating system tray widget
2026-07-13T20:15:15+00:00 machine gtk-status-bar[1210]: 2026-07-13T20:15:15.204171Z DEBUG gtk_status_bar::widgets: Creating bluetooth widget
2026-07-13T20:15:15+00:00 machine gtk-status-bar[1210]: 2026-07-13T20:15:15.204222Z DEBUG gtk_status_bar::widgets: Creating volume widget
2026-07-13T20:15:15+00:00 machine gtk-status-bar[1210]: 2026-07-13T20:15:15.204946Z DEBUG gtk_status_bar::widgets: Creating network widget
2026-07-13T20:15:15+00:00 machine gtk-status-bar[1210]: 2026-07-13T20:15:15.205005Z DEBUG gtk_status_bar::widgets: Creating battery widget
2026-07-13T20:15:15+00:00 machine gtk-status-bar[1210]: 2026-07-13T20:15:15.205057Z DEBUG gtk_status_bar::widgets: Creating time widget
2026-07-13T20:15:18+00:00 machine gtk-status-bar[1210]: 2026-07-13T20:15:18.779940Z DEBUG gtk_status_bar::widgets: Setting up time widget updates
2026-07-13T20:15:18+00:00 machine gtk-status-bar[1210]: 2026-07-13T20:15:18.780346Z DEBUG gtk_status_bar::widgets: Updating time label:  8:15 PM
2026-07-13T20:15:18+00:00 machine gtk-status-bar[1210]: 2026-07-13T20:15:18.780569Z DEBUG gtk_status_bar::widgets: Setting up system tray updates
2026-07-13T20:15:18+00:00 machine gtk-status-bar[1210]: 2026-07-13T20:15:18.781018Z DEBUG gtk_status_bar::widgets: Setting up workspace updates
2026-07-13T20:15:18+00:00 machine gtk-status-bar[1210]: 2026-07-13T20:15:18.781219Z DEBUG gtk_status_bar::widgets: Setting up title updates
2026-07-13T20:15:18+00:00 machine gtk-status-bar[1210]: 2026-07-13T20:15:18.781268Z DEBUG gtk_status_bar::widgets: Setting up battery updates
2026-07-13T20:15:18+00:00 machine gtk-status-bar[1210]: 2026-07-13T20:15:18.781315Z DEBUG gtk_status_bar::widgets: Setting up Bluetooth battery updates
2026-07-13T20:15:18+00:00 machine gtk-status-bar[1210]: 2026-07-13T20:15:18.781359Z DEBUG gtk_status_bar::widgets: Setting up network updates
2026-07-13T20:15:18+00:00 machine gtk-status-bar[1210]: 2026-07-13T20:15:18.781558Z DEBUG gtk_status_bar::widgets: Setting up volume updates with tokio async channels
2026-07-13T20:15:18+00:00 machine gtk-status-bar[1210]: 2026-07-13T20:15:18.782323Z  INFO gtk_status_bar: Application activated successfully
2026-07-13T20:15:18+00:00 machine gtk-status-bar[1210]: 2026-07-13T20:15:18.782219Z DEBUG gtk_status_bar::pw: 🔧 Initializing PipeWire on dedicated thread...
2026-07-13T20:15:18+00:00 machine gtk-status-bar[1210]: 2026-07-13T20:15:18.784644Z DEBUG gtk_status_bar::pw: 📋 Created device tracking HashMap for (node_name, description, volume, channel, mute)
2026-07-13T20:15:18+00:00 machine gtk-status-bar[1210]: 2026-07-13T20:15:18.786277Z  INFO gtk_status_bar::hypr: 🔌 Starting workspace event listener
2026-07-13T20:15:18+00:00 machine gtk-status-bar[1210]: 2026-07-13T20:15:18.786485Z DEBUG gtk_status_bar::hypr: Setting up workspace event listener
2026-07-13T20:15:18+00:00 machine gtk-status-bar[1210]: 2026-07-13T20:15:18.786150Z  INFO gtk_status_bar::network: Starting network monitor
2026-07-13T20:15:18+00:00 machine gtk-status-bar[1210]: 2026-07-13T20:15:18.786673Z  INFO gtk_status_bar::tray: 🔌 Starting system tray backend
2026-07-13T20:15:18+00:00 machine gtk-status-bar[1210]: 2026-07-13T20:15:18.785062Z  INFO gtk_status_bar::dbus: 🔌 Starting D-Bus monitor
2026-07-13T20:15:18+00:00 machine gtk-status-bar[1210]: 2026-07-13T20:15:18.786896Z  INFO gtk_status_bar::dbus: Starting D-Bus monitoring task
2026-07-13T20:15:18+00:00 machine gtk-status-bar[1210]: 2026-07-13T20:15:18.789571Z DEBUG gtk_status_bar::widgets: 🚀 Starting async volume update loop...
2026-07-13T20:15:18+00:00 machine gtk-status-bar[1210]: 2026-07-13T20:15:18.793624Z  INFO gtk_status_bar::hypr: 🔌 Starting title event listener
2026-07-13T20:15:18+00:00 machine gtk-status-bar[1210]: 2026-07-13T20:15:18.793739Z DEBUG gtk_status_bar::hypr: Setting up title event listener
2026-07-13T20:15:18+00:00 machine gtk-status-bar[1210]: 2026-07-13T20:15:18.793758Z DEBUG gtk_status_bar::hypr: Fetching initial title state
2026-07-13T20:15:18+00:00 machine gtk-status-bar[1210]: 2026-07-13T20:15:18.793839Z  INFO gtk_status_bar: Starting tray IPC server
2026-07-13T20:15:18+00:00 machine gtk-status-bar[1210]: 2026-07-13T20:15:18.821785Z  INFO tray_ipc: Tray IPC server is listening path=/run/user/1000/gtk-status-bar/tray.sock
2026-07-13T20:15:18+00:00 machine gtk-status-bar[1210]: 2026-07-13T20:15:18.860852Z  INFO gtk_status_bar::hypr: Starting workspace event listener
2026-07-13T20:15:18+00:00 machine gtk-status-bar[1210]: 2026-07-13T20:15:18.868898Z DEBUG gtk_status_bar::pw: ✅ PipeWire initialized
2026-07-13T20:15:18+00:00 machine gtk-status-bar[1210]: 2026-07-13T20:15:18.870802Z DEBUG gtk_status_bar::pw: ✅ ThreadLoop created
2026-07-13T20:15:18+00:00 machine gtk-status-bar[1210]: 2026-07-13T20:15:18.876280Z DEBUG gtk_status_bar::hypr: Initial title state title="" class=""
2026-07-13T20:15:18+00:00 machine gtk-status-bar[1210]: 2026-07-13T20:15:18.876315Z  INFO gtk_status_bar::hypr: Starting title event listener
2026-07-13T20:15:19+00:00 machine gtk-status-bar[1210]: 2026-07-13T20:15:19.011251Z DEBUG gtk_status_bar::widgets: Pinning bar height to font-derived line height char_height=18 multiplier=1.4 pinned=25
2026-07-13T20:15:19+00:00 machine gtk-status-bar[1210]: 2026-07-13T20:15:19.065040Z DEBUG gtk_status_bar::dbus: 🔌 Registered battery match rule
2026-07-13T20:15:19+00:00 machine gtk-status-bar[1210]: 2026-07-13T20:15:19.084325Z DEBUG gtk_status_bar::dbus: 🔌 Registered bluez PropertiesChanged match rule
2026-07-13T20:15:19+00:00 machine gtk-status-bar[1210]: 2026-07-13T20:15:19.093236Z DEBUG gtk_status_bar::dbus: 🔌 Registered bluez InterfacesAdded match rule
2026-07-13T20:15:19+00:00 machine gtk-status-bar[1210]: 2026-07-13T20:15:19.093798Z DEBUG gtk_status_bar::dbus: 🔌 Registered bluez InterfacesRemoved match rule
2026-07-13T20:15:19+00:00 machine gtk-status-bar[1210]: 2026-07-13T20:15:19.100470Z  INFO gtk_status_bar::tray: Serving StatusNotifierWatcher for tray applications
2026-07-13T20:15:19+00:00 machine gtk-status-bar[1210]: 2026-07-13T20:15:19.124017Z  INFO gtk_status_bar::dbus: Battery is discharging (state: 2)
2026-07-13T20:15:19+00:00 machine gtk-status-bar[1210]: 2026-07-13T20:15:19.124068Z  INFO gtk_status_bar::dbus: Battery is at 73.0%
2026-07-13T20:15:19+00:00 machine gtk-status-bar[1210]: 2026-07-13T20:15:19.136632Z DEBUG gtk_status_bar::network: Sent network update label="\u{f0925} 73% ?"
2026-07-13T20:15:19+00:00 machine gtk-status-bar[1210]: 2026-07-13T20:15:19.146962Z  INFO gtk_status_bar::dbus: Found 3 Bluetooth objects
2026-07-13T20:15:19+00:00 machine gtk-status-bar[1210]: 2026-07-13T20:15:19.147454Z  INFO gtk_status_bar::dbus: Found Bluetooth device with battery at: /org/bluez/hci0/dev_AA_BB_CC_DD_EE_01
2026-07-13T20:15:19+00:00 machine gtk-status-bar[1210]: 2026-07-13T20:15:19.147481Z  INFO gtk_status_bar::dbus: Bluetooth device battery at 80%
2026-07-13T20:15:19+00:00 machine gtk-status-bar[1210]: 2026-07-13T20:15:19.147516Z DEBUG gtk_status_bar::dbus: Added device /org/bluez/hci0/dev_AA_BB_CC_DD_EE_01 to HashMap (has_battery: true, has_media: false)
2026-07-13T20:15:19+00:00 machine gtk-status-bar[1210]: 2026-07-13T20:15:19.148346Z DEBUG gtk_status_bar::dbus: Initial bluetooth devices: {"/org/bluez/hci0/dev_AA_BB_CC_DD_EE_01": BluetoothDevice { has_battery: true, has_media: false, battery_percentage: Some(80), device_name: Some("Pixel Buds") }}
2026-07-13T20:15:19+00:00 machine gtk-status-bar[1210]: 2026-07-13T20:15:19.148381Z  INFO gtk_status_bar::dbus: Sent initial Bluetooth display: P80
2026-07-13T20:15:19+00:00 machine gtk-status-bar[1210]: 2026-07-13T20:15:19.148400Z  INFO gtk_status_bar::dbus: Dbus monitor: Starting to listen for D-Bus messages
2026-07-13T20:15:19+00:00 machine gtk-status-bar[1210]: 2026-07-13T20:15:19.148422Z DEBUG gtk_status_bar::dbus: Got an event in event stream: Msg { type: MethodReturn, serial: 9, sender: UniqueName(":1.5"), reply-serial: 24, body: Variant, fds: [] }
2026-07-13T20:15:19+00:00 machine gtk-status-bar[1210]: 2026-07-13T20:15:19.148449Z DEBUG gtk_status_bar::dbus: Dbus monitor: Received D-Bus message from path: None, interface: None, member: None
2026-07-13T20:15:19+00:00 machine gtk-status-bar[1210]: 2026-07-13T20:15:19.148469Z ERROR gtk_status_bar::dbus: Dbus monitor: Received message with no path, ignoring
2026-07-13T20:15:19+00:00 machine gtk-status-bar[1210]: 2026-07-13T20:15:19.148489Z DEBUG gtk_status_bar::dbus: Got an event in event stream: Msg { type: MethodReturn, serial: 10, sender: UniqueName(":1.5"), reply-serial: 34, body: Variant, fds: [] }
2026-07-13T20:15:19+00:00 machine gtk-status-bar[1210]: 2026-07-13T20:15:19.148520Z DEBUG gtk_status_bar::dbus: Dbus monitor: Received D-Bus message from path: None, interface: None, member: None
2026-07-13T20:15:19+00:00 machine gtk-status-bar[1210]: 2026-07-13T20:15:19.148537Z ERROR gtk_status_bar::dbus: Dbus monitor: Received message with no path, ignoring
2026-07-13T20:15:19+00:00 machine gtk-status-bar[1210]: 2026-07-13T20:15:19.148555Z DEBUG gtk_status_bar::dbus: Got an event in event stream: Msg { type: MethodReturn, serial: 57, sender: UniqueName(":1.6"), reply-serial: 37, body: Dict { key: Dynamic { child: ObjectPath }, value: Dynamic { child: Dict { key: Dynamic { child: Str }, value: Dynamic { child: Dict { key: Dynamic { child: Str }, value: Dynamic { child: Variant } } } } } }, fds: [] }
2026-07-13T20:15:19+00:00 machine gtk-status-bar[1210]: 2026-07-13T20:15:19.148613Z DEBUG gtk_status_bar::dbus: Dbus monitor: Received D-Bus message from path: None, interface: None, member: None
2026-07-13T20:15:19+00:00 machine gtk-status-bar[1210]: 2026-07-13T20:15:19.148632Z ERROR gtk_status_bar::dbus: Dbus monitor: Received message with no path, ignoring
2026-07-13T20:15:19+00:00 machine gtk-status-bar[1210]: 2026-07-13T20:15:19.154246Z DEBUG gtk_status_bar::widgets: Updating time label:  8:15 PM
2026-07-13T20:15:19+00:00 machine gtk-status-bar[1210]: 2026-07-13T20:15:19.157068Z DEBUG gtk_status_bar::widgets: Updating workspace - label: 'Workspace u', color for workspace: 1
2026-07-13T20:15:19+00:00 machine gtk-status-bar[1210]: 2026-07-13T20:15:19.157270Z DEBUG gtk_status_bar::widgets: Updated title widget color to: rgba(122, 162, 247, 0.5) for workspace: 1
2026-07-13T20:15:19+00:00 machine gtk-status-bar[1210]: 2026-07-13T20:15:19.157465Z DEBUG gtk_status_bar::widgets: Updating title widget title="" class=""
2026-07-13T20:15:19+00:00 machine gtk-status-bar[1210]: 2026-07-13T20:15:19.158606Z DEBUG gtk_status_bar::widgets: Updating battery label: 🔋 73%
2026-07-13T20:15:19+00:00 machine gtk-status-bar[1210]: 2026-07-13T20:15:19.158886Z DEBUG gtk_status_bar::widgets: 👁️  SHOWING battery widget - data: 🔋 73%
2026-07-13T20:15:19+00:00 machine gtk-status-bar[1210]: 2026-07-13T20:15:19.158996Z DEBUG gtk_status_bar::widgets: Updating Bluetooth battery label: P80
2026-07-13T20:15:19+00:00 machine gtk-status-bar[1210]: 2026-07-13T20:15:19.159047Z DEBUG gtk_status_bar::widgets: 👁️  SHOWING Bluetooth widget - data: P80
2026-07-13T20:15:19+00:00 machine gtk-status-bar[1210]: 2026-07-13T20:15:19.159143Z DEBUG gtk_status_bar::widgets: Updating network label: 󰤥 73% ?
2026-07-13T20:15:19+00:00 machine gtk-status-bar[1210]: 2026-07-13T20:15:19.166664Z DEBUG gtk_status_bar::pw: ✅ Context created
2026-07-13T20:15:19+00:00 machine gtk-status-bar[1210]: 2026-07-13T20:15:19.192166Z DEBUG gtk_status_bar::pw: ✅ Core connected
2026-07-13T20:15:19+00:00 machine gtk-status-bar[1210]: 2026-07-13T20:15:19.192205Z DEBUG gtk_status_bar::pw: ✅ Registry obtained
2026-07-13T20:15:19+00:00 machine gtk-status-bar[1210]: 2026-07-13T20:15:19.192223Z DEBUG gtk_status_bar::pw: 🎵 PipeWire ThreadLoop started - monitoring volume changes with default sink filtering
2026-07-13T20:15:19+00:00 machine gtk-status-bar[1210]: 2026-07-13T20:15:19.192392Z DEBUG gtk_status_bar::pw: ✅ ThreadLoop started successfully
2026-07-13T20:15:19+00:00 machine gtk-status-bar[1210]: 2026-07-13T20:15:19.192410Z DEBUG gtk_status_bar::pw: 🔄 PipeWire thread running - async event delivery active...
2026-07-13T20:15:19+00:00 machine gtk-status-bar[1210]: 2026-07-13T20:15:19.193325Z DEBUG gtk_status_bar::pw: 📡 PipeWire connected: pipewire-0
2026-07-13T20:15:19+00:00 machine gtk-status-bar[1210]: 2026-07-13T20:15:19.195485Z DEBUG gtk_status_bar::pw: 🚫 Skipping metadata '' (props: Some(DictRef { flags: Flags(0x0), entries: {"object.serial": "0", "core.name": "pipewire-0"} }))
2026-07-13T20:15:19+00:00 machine gtk-status-bar[1210]: 2026-07-13T20:15:19.196613Z DEBUG gtk_status_bar::pw: 🚫 Skipping metadata '' (props: Some(DictRef { flags: Flags(0x0), entries: {"object.serial": "1", "module.name": "libpipewire-module-rt"} }))
2026-07-13T20:15:19+00:00 machine gtk-status-bar[1210]: 2026-07-13T20:15:19.196805Z DEBUG gtk_status_bar::pw: 🚫 Skipping metadata '' (props: Some(DictRef { flags: Flags(0x0), entries: {"object.serial": "3"} }))
2026-07-13T20:15:19+00:00 machine gtk-status-bar[1210]: 2026-07-13T20:15:19.196832Z DEBUG gtk_status_bar::pw: 🚫 Skipping metadata '' (props: Some(DictRef { flags: Flags(0x0), entries: {"object.serial": "2", "module.name": "libpipewire-module-protocol-native"} }))
2026-07-13T20:15:19+00:00 machine gtk-status-bar[1210]: 2026-07-13T20:15:19.196854Z DEBUG gtk_status_bar::pw: 🚫 Skipping metadata '' (props: Some(DictRef { flags: Flags(0x0), entries: {"object.serial": "5"} }))
2026-07-13T20:15:19+00:00 machine gtk-status-bar[1210]: 2026-07-13T20:15:19.196875Z DEBUG gtk_status_bar::pw: 🚫 Skipping metadata '' (props: Some(DictRef { flags: Flags(0x0), entries: {"object.serial": "4", "module.name": "libpipewire-module-profiler"} }))
2026-07-13T20:15:19+00:00 machine gtk-status-bar[1210]: 2026-07-13T20:15:19.196896Z DEBUG gtk_status_bar::pw: 🚫 Skipping metadata '' (props: Some(DictRef { flags: Flags(0x0), entries: {"object.serial": "6", "module.name": "libpipewire-module-metadata"} }))
2026-07-13T20:15:19+00:00 machine gtk-status-bar[1210]: 2026-07-13T20:15:19.196917Z DEBUG gtk_status_bar::pw: 🚫 Skipping metadata '' (props: Some(DictRef { flags: Flags(0x0), entries: {"object.serial": "7", "module.id": "6", "factory.name": "metadata", "factory.type.name": "PipeWire:Interface:Metadata", "factory.type.version": "3"} }))
2026-07-13T20:15:19+00:00 machine gtk-status-bar[1210]: 2026-07-13T20:15:19.196940Z DEBUG gtk_status_bar::pw: 🚫 Skipping metadata '' (props: Some(DictRef { flags: Flags(0x0), entries: {"object.serial": "8", "module.name": "libpipewire-module-spa-device-factory"} }))
2026-07-13T20:15:19+00:00 machine gtk-status-bar[1210]: 2026-07-13T20:15:19.196962Z DEBUG gtk_status_bar::pw: 🚫 Skipping metadata '' (props: Some(DictRef { flags: Flags(0x0), entries: {"object.serial": "9", "module.id": "8", "factory.name": "spa-device-factory", "factory.type.name": "PipeWire:Interface:Device", "factory.type.version": "3"} }))
2026-07-13T20:15:19+00:00 machine gtk-status-bar[1210]: 2026-07-13T20:15:19.196984Z DEBUG gtk_status_bar::pw: 🚫 Skipping metadata '' (props: Some(DictRef { flags: Flags(0x0), entries: {"object.serial": "10", "module.name": "libpipewire-module-spa-node-factory"} }))
2026-07-13T20:15:19+00:00 machine gtk-status-bar[1210]: 2026-07-13T20:15:19.197006Z DEBUG gtk_status_bar::pw: 🚫 Skipping metadata '' (props: Some(DictRef { flags: Flags(0x0), entries: {"object.serial": "11", "module.id": "10", "factory.name": "spa-node-factory", "factory.type.name": "PipeWire:Interface:Node", "factory.type.version": "3"} }))
2026-07-13T20:15:19+00:00 machine gtk-status-bar[1210]: 2026-07-13T20:15:19.197029Z DEBUG gtk_status_bar::pw: 🚫 Skipping metadata '' (props: Some(DictRef { flags: Flags(0x0), entries: {"object.serial": "12", "module.name": "libpipewire-module-client-node"} }))
2026-07-13T20:15:19+00:00 machine gtk-status-bar[1210]: 2026-07-13T20:15:19.197053Z DEBUG gtk_status_bar::pw: 🚫 Skipping metadata '' (props: Some(DictRef { flags: Flags(0x0), entries: {"object.serial": "13", "module.id": "12", "factory.name": "client-node", "factory.type.name": "PipeWire:Interface:ClientNode", "factory.type.version": "6"} }))
2026-07-13T20:15:19+00:00 machine gtk-status-bar[1210]: 2026-07-13T20:15:19.197076Z DEBUG gtk_status_bar::pw: 🚫 Skipping metadata '' (props: Some(DictRef { flags: Flags(0x0), entries: {"object.serial": "14", "module.name": "libpipewire-module-client-device"} }))
2026-07-13T20:15:19+00:00 machine gtk-status-bar[1210]: 2026-07-13T20:15:19.197107Z DEBUG gtk_status_bar::pw: 🚫 Skipping metadata '' (props: Some(DictRef { flags: Flags(0x0), entries: {"object.serial": "15", "module.id": "14", "factory.name": "client-device", "factory.type.name": "Spa:Pointer:Interface:Device", "factory.type.version": "0"} }))
2026-07-13T20:15:19+00:00 machine gtk-status-bar[1210]: 2026-07-13T20:15:19.197130Z DEBUG gtk_status_bar::pw: 🚫 Skipping metadata '' (props: Some(DictRef { flags: Flags(0x0), entries: {"object.serial": "16", "module.name": "libpipewire-module-portal"} }))
2026-07-13T20:15:19+00:00 machine gtk-status-bar[1210]: 2026-07-13T20:15:19.197183Z DEBUG gtk_status_bar::pw: 🚫 Skipping metadata '' (props: Some(DictRef { flags: Flags(0x0), entries: {"object.serial": "17", "module.name": "libpipewire-module-access"} }))
2026-07-13T20:15:19+00:00 machine gtk-status-bar[1210]: 2026-07-13T20:15:19.197204Z DEBUG gtk_status_bar::pw: 🚫 Skipping metadata '' (props: Some(DictRef { flags: Flags(0x0), entries: {"object.serial": "18", "module.name": "libpipewire-module-adapter"} }))
2026-07-13T20:15:19+00:00 machine gtk-status-bar[1210]: 2026-07-13T20:15:19.197225Z DEBUG gtk_status_bar::pw: 🚫 Skipping metadata '' (props: Some(DictRef { flags: Flags(0x0), entries: {"object.serial": "19", "module.id": "18", "factory.name": "adapter", "factory.type.name": "PipeWire:Interface:Node", "factory.type.version": "3"} }))
2026-07-13T20:15:19+00:00 machine gtk-status-bar[1210]: 2026-07-13T20:15:19.197247Z DEBUG gtk_status_bar::pw: 🚫 Skipping metadata '' (props: Some(DictRef { flags: Flags(0x0), entries: {"object.serial": "20", "module.name": "libpipewire-module-link-factory"} }))
2026-07-13T20:15:19+00:00 machine gtk-status-bar[1210]: 2026-07-13T20:15:19.197268Z DEBUG gtk_status_bar::pw: 🚫 Skipping metadata '' (props: Some(DictRef { flags: Flags(0x0), entries: {"object.serial": "21", "module.id": "20", "factory.name": "link-factory", "factory.type.name": "PipeWire:Interface:Link", "factory.type.version": "3"} }))
2026-07-13T20:15:19+00:00 machine gtk-status-bar[1210]: 2026-07-13T20:15:19.197290Z DEBUG gtk_status_bar::pw: 🚫 Skipping metadata '' (props: Some(DictRef { flags: Flags(0x0), entries: {"object.serial": "22", "module.name": "libpipewire-module-session-manager"} }))
2026-07-13T20:15:19+00:00 machine gtk-status-bar[1210]: 2026-07-13T20:15:19.197330Z DEBUG gtk_status_bar::pw: 🚫 Skipping metadata '' (props: Some(DictRef { flags: Flags(0x0), entries: {"object.serial": "23", "module.id": "22", "factory.name": "client-endpoint", "factory.type.name": "PipeWire:Interface:ClientEndpoint", "factory.type.version": "0"} }))
2026-07-13T20:15:19+00:00 machine gtk-status-bar[1210]: 2026-07-13T20:15:19.197398Z DEBUG gtk_status_bar::pw: 🚫 Skipping metadata '' (props: Some(DictRef { flags: Flags(0x0), entries: {"object.serial": "24", "module.id": "22", "factory.name": "client-session", "factory.type.name": "PipeWire:Interface:ClientSession", "factory.type.version": "0"} }))
2026-07-13T20:15:19+00:00 machine gtk-status-bar[1210]: 2026-07-13T20:15:19.197421Z DEBUG gtk_status_bar::pw: 🚫 Skipping metadata '' (props: Some(DictRef { flags: Flags(0x0), entries: {"object.serial": "25", "module.id": "22", "factory.name": "session", "factory.type.name": "PipeWire:Interface:Session", "factory.type.version": "0"} }))
2026-07-13T20:15:19+00:00 machine gtk-status-bar[1210]: 2026-07-13T20:15:19.197445Z DEBUG gtk_status_bar::pw: 🚫 Skipping metadata '' (props: Some(DictRef { flags: Flags(0x0), entries: {"object.serial": "26", "module.id": "22", "factory.name": "endpoint", "factory.type.name": "PipeWire:Interface:Endpoint", "factory.type.version": "0"} }))
2026-07-13T20:15:19+00:00 machine gtk-status-bar[1210]: 2026-07-13T20:15:19.197467Z DEBUG gtk_status_bar::pw: 🚫 Skipping metadata '' (props: Some(DictRef { flags: Flags(0x0), entries: {"object.serial": "27", "module.id": "22", "factory.name": "endpoint-stream", "factory.type.name": "PipeWire:Interface:EndpointStream", "factory.type.version": "0"} }))
2026-07-13T20:15:19+00:00 machine gtk-status-bar[1210]: 2026-07-13T20:15:19.197490Z DEBUG gtk_status_bar::pw: 🚫 Skipping metadata '' (props: Some(DictRef { flags: Flags(0x0), entries: {"object.serial": "28", "module.id": "22", "factory.name": "endpoint-link", "factory.type.name": "PipeWire:Interface:EndpointLink", "factory.type.version": "0"} }))
2026-07-13T20:15:19+00:00 machine gtk-status-bar[1210]: 2026-07-13T20:15:19.197542Z DEBUG gtk_status_bar::pw: 🚫 Skipping metadata '' (props: Some(DictRef { flags: Flags(0x0), entries: {"object.serial": "29", "module.name": "libpipewire-module-x11-bell"} }))
2026-07-13T20:15:19+00:00 machine gtk-status-bar[1210]: 2026-07-13T20:15:19.197629Z DEBUG gtk_status_bar::pw: 🚫 Skipping metadata '' (props: Some(DictRef { flags: Flags(0x0), entries: {"object.serial": "30", "module.name": "libpipewire-module-jackdbus-detect"} }))
2026-07-13T20:15:19+00:00 machine gtk-status-bar[1210]: 2026-07-13T20:15:19.197767Z DEBUG gtk_status_bar::pw: 🚫 Skipping metadata '' (props: Some(DictRef { flags: Flags(0x0), entries: {"object.serial": "31", "factory.id": "11", "priority.driver": "200000", "node.name": "Dummy-Driver"} }))
2026-07-13T20:15:19+00:00 machine gtk-status-bar[1210]: 2026-07-13T20:15:19.197790Z DEBUG gtk_status_bar::pw: 🔍 Checking node - media.class: None
2026-07-13T20:15:19+00:00 machine gtk-status-bar[1210]: 2026-07-13T20:15:19.197809Z DEBUG gtk_status_bar::pw: 🔍 Node filter result: false for media.class: None
2026-07-13T20:15:19+00:00 machine gtk-status-bar[1210]: 2026-07-13T20:15:19.197829Z DEBUG gtk_status_bar::pw: 🚫 Skipping metadata '' (props: Some(DictRef { flags: Flags(0x0), entries: {"object.serial": "32", "factory.id": "11", "priority.driver": "190000", "node.name": "Freewheel-Driver"} }))
2026-07-13T20:15:19+00:00 machine gtk-status-bar[1210]: 2026-07-13T20:15:19.197850Z DEBUG gtk_status_bar::pw: 🔍 Checking node - media.class: None
2026-07-13T20:15:19+00:00 machine gtk-status-bar[1210]: 2026-07-13T20:15:19.197867Z DEBUG gtk_status_bar::pw: 🔍 Node filter result: false for media.class: None
2026-07-13T20:15:19+00:00 machine gtk-status-bar[1210]: 2026-07-13T20:15:19.197887Z DEBUG gtk_status_bar::pw: 🚫 Skipping metadata 'settings' (props: Some(DictRef { flags: Flags(0x0), entries: {"object.serial": "33", "metadata.name": "settings"} }))
2026-07-13T20:15:19+00:00 machine gtk-status-bar[1210]: 2026-07-13T20:15:19.197909Z DEBUG gtk_status_bar::pw: 🚫 Skipping metadata '' (props: Some(DictRef { flags: Flags(0x0), entries: {"object.serial": "34", "module.id": "2", "pipewire.protocol": "protocol-native", "pipewire.sec.pid": "1287", "pipewire.sec.uid": "1000", "pipewire.sec.gid": "100", "pipewire.sec.socket": "pipewire-0", "application.name": ".xdg-desktop-portal-wrapped", "pipewire.access": "unrestricted"} }))
2026-07-13T20:15:19+00:00 machine gtk-status-bar[1210]: 2026-07-13T20:15:19.197932Z DEBUG gtk_status_bar::pw: 🚫 Skipping metadata '' (props: Some(DictRef { flags: Flags(0x0), entries: {"object.serial": "35", "module.id": "2", "pipewire.protocol": "protocol-native", "pipewire.sec.pid": "1363", "pipewire.sec.uid": "1000", "pipewire.sec.gid": "100", "pipewire.sec.socket": "pipewire-0-manager", "application.name": "WirePlumber", "pipewire.access": "unrestricted"} }))
2026-07-13T20:15:19+00:00 machine gtk-status-bar[1210]: 2026-07-13T20:15:19.197955Z DEBUG gtk_status_bar::pw: 🚫 Skipping metadata 'schema-sm-settings' (props: Some(DictRef { flags: Flags(0x0), entries: {"metadata.name": "schema-sm-settings", "factory.id": "7", "module.id": "6", "client.id": "35", "object.serial": "36"} }))
2026-07-13T20:15:19+00:00 machine gtk-status-bar[1210]: 2026-07-13T20:15:19.197976Z DEBUG gtk_status_bar::pw: 🚫 Skipping metadata 'persistent-sm-settings' (props: Some(DictRef { flags: Flags(0x0), entries: {"metadata.name": "persistent-sm-settings", "factory.id": "7", "module.id": "6", "client.id": "35", "object.serial": "37"} }))
2026-07-13T20:15:19+00:00 machine gtk-status-bar[1210]: 2026-07-13T20:15:19.198001Z DEBUG gtk_status_bar::pw: 🚫 Skipping metadata 'sm-settings' (props: Some(DictRef { flags: Flags(0x0), entries: {"metadata.name": "sm-settings", "factory.id": "7", "module.id": "6", "client.id": "35", "object.serial": "38"} }))
2026-07-13T20:15:19+00:00 machine gtk-status-bar[1210]: 2026-07-13T20:15:19.198023Z DEBUG gtk_status_bar::pw: 🚫 Skipping metadata 'sm-objects' (props: Some(DictRef { flags: Flags(0x0), entries: {"metadata.name": "sm-objects", "factory.id": "7", "module.id": "6", "client.id": "35", "object.serial": "39"} }))
2026-07-13T20:15:19+00:00 machine gtk-status-bar[1210]: 2026-07-13T20:15:19.198045Z DEBUG gtk_status_bar::pw: 🚫 Skipping metadata 'default-profile' (props: Some(DictRef { flags: Flags(0x0), entries: {"wireplumber.state": "true", "metadata.name": "default-profile", "factory.id": "7", "module.id": "6", "client.id": "35", "object.serial": "40"} }))
2026-07-13T20:15:19+00:00 machine gtk-status-bar[1210]: 2026-07-13T20:15:19.198069Z DEBUG gtk_status_bar::pw: ✅ Processing metadata.name == default
2026-07-13T20:15:19+00:00 machine gtk-status-bar[1210]: 2026-07-13T20:15:19.198087Z DEBUG gtk_status_bar::pw: 📋 Found metadata object: Some(DictRef { flags: Flags(0x0), entries: {"metadata.name": "default", "factory.id": "7", "module.id": "6", "client.id": "35", "object.serial": "41"} })
2026-07-13T20:15:19+00:00 machine gtk-status-bar[1210]: 2026-07-13T20:15:19.198128Z DEBUG gtk_status_bar::pw: 📋 Bound 'default' Metadata (id=3)
2026-07-13T20:15:19+00:00 machine gtk-status-bar[1210]: 2026-07-13T20:15:19.198214Z DEBUG gtk_status_bar::pw: 🚫 Skipping metadata 'filters' (props: Some(DictRef { flags: Flags(0x0), entries: {"metadata.name": "filters", "factory.id": "7", "module.id": "6", "client.id": "35", "object.serial": "43"} }))
2026-07-13T20:15:19+00:00 machine gtk-status-bar[1210]: 2026-07-13T20:15:19.198236Z DEBUG gtk_status_bar::pw: 🚫 Skipping metadata 'route-settings' (props: Some(DictRef { flags: Flags(0x0), entries: {"metadata.name": "route-settings", "factory.id": "7", "module.id": "6", "client.id": "35", "object.serial": "44"} }))
2026-07-13T20:15:19+00:00 machine gtk-status-bar[1210]: 2026-07-13T20:15:19.198258Z DEBUG gtk_status_bar::pw: 🚫 Skipping metadata '' (props: Some(DictRef { flags: Flags(0x0), entries: {"object.serial": "45", "module.id": "2", "pipewire.protocol": "protocol-native", "pipewire.sec.pid": "1363", "pipewire.sec.uid": "1000", "pipewire.sec.gid": "100", "pipewire.sec.socket": "pipewire-0-manager", "application.name": "WirePlumber [export]", "pipewire.access": "unrestricted"} }))
2026-07-13T20:15:19+00:00 machine gtk-status-bar[1210]: 2026-07-13T20:15:19.198280Z DEBUG gtk_status_bar::pw: 🚫 Skipping metadata '' (props: Some(DictRef { flags: Flags(0x0), entries: {"object.serial": "46", "factory.id": "11", "client.id": "45", "priority.session": "100", "priority.driver": "1", "node.name": "Midi-Bridge", "media.class": "Midi/Bridge"} }))
2026-07-13T20:15:19+00:00 machine gtk-status-bar[1210]: 2026-07-13T20:15:19.198301Z DEBUG gtk_status_bar::pw: 🔍 Checking node - media.class: Some("Midi/Bridge")
2026-07-13T20:15:19+00:00 machine gtk-status-bar[1210]: 2026-07-13T20:15:19.198376Z DEBUG gtk_status_bar::pw: 🔍 Node filter result: false for media.class: Some("Midi/Bridge")
2026-07-13T20:15:19+00:00 machine gtk-status-bar[1210]: 2026-07-13T20:15:19.198399Z DEBUG gtk_status_bar::pw: 🚫 Skipping metadata '' (props: Some(DictRef { flags: Flags(0x0), entries: {"object.serial": "47", "object.path": "alsa:seq:default:client_14:playback_0", "format.dsp": "8 bit raw midi", "node.id": "46", "port.id": "0", "port.name": "Midi Through: Port-0 (playback)", "port.direction": "in", "port.physical": "true", "port.terminal": "true", "port.alias": "Midi Through:Midi Through Port-0", "port.group": "client_14"} }))
2026-07-13T20:15:19+00:00 machine gtk-status-bar[1210]: 2026-07-13T20:15:19.198464Z DEBUG gtk_status_bar::pw: 🚫 Skipping metadata '' (props: Some(DictRef { flags: Flags(0x0), entries: {"object.serial": "48", "object.path": "alsa:seq:default:client_14:capture_0", "format.dsp": "8 bit raw midi", "node.id": "46", "port.id": "0", "port.name": "Midi Through: Port-0 (capture)", "port.direction": "out", "port.physical": "true", "port.terminal": "true", "port.alias": "Midi Through:Midi Through Port-0", "port.group": "client_14"} }))
2026-07-13T20:15:19+00:00 machine gtk-status-bar[1210]: 2026-07-13T20:15:19.198489Z DEBUG gtk_status_bar::pw: 🚫 Skipping metadata '' (props: Some(DictRef { flags: Flags(0x0), entries: {"object.serial": "42", "module.id": "2", "pipewire.protocol": "protocol-native", "pipewire.sec.pid": "1373", "pipewire.sec.uid": "1000", "pipewire.sec.gid": "100", "pipewire.sec.socket": "pipewire-0", "application.name": ".xdg-desktop-portal-hyprland-wrapped", "pipewire.access": "unrestricted"} }))
2026-07-13T20:15:19+00:00 machine gtk-status-bar[1210]: 2026-07-13T20:15:19.198522Z DEBUG gtk_status_bar::pw: 🚫 Skipping metadata '' (props: Some(DictRef { flags: Flags(0x0), entries: {"object.serial": "49", "factory.id": "14", "client.id": "45", "node.description": "BLE MIDI 1", "node.name": "bluez_midi.server", "media.class": "Midi/Bridge"} }))
2026-07-13T20:15:19+00:00 machine gtk-status-bar[1210]: 2026-07-13T20:15:19.198546Z DEBUG gtk_status_bar::pw: 🔍 Checking node - media.class: Some("Midi/Bridge")
2026-07-13T20:15:19+00:00 machine gtk-status-bar[1210]: 2026-07-13T20:15:19.198563Z DEBUG gtk_status_bar::pw: 🔍 Node filter result: false for media.class: Some("Midi/Bridge")
2026-07-13T20:15:19+00:00 machine gtk-status-bar[1210]: 2026-07-13T20:15:19.198585Z DEBUG gtk_status_bar::pw: 🚫 Skipping metadata '' (props: Some(DictRef { flags: Flags(0x0), entries: {"object.serial": "50", "object.path": "bluez_midi.server:input_0", "format.dsp": "8 bit raw midi", "node.id": "49", "port.id": "0", "port.name": "in", "port.direction": "in", "port.physical": "true", "port.terminal": "true", "port.alias": "in", "port.group": "group.0"} }))
2026-07-13T20:15:19+00:00 machine gtk-status-bar[1210]: 2026-07-13T20:15:19.198609Z DEBUG gtk_status_bar::pw: 🚫 Skipping metadata '' (props: Some(DictRef { flags: Flags(0x0), entries: {"object.serial": "51", "object.path": "bluez_midi.server:output_0", "format.dsp": "8 bit raw midi", "node.id": "49", "port.id": "0", "port.name": "out", "port.direction": "out", "port.physical": "true", "port.terminal": "true", "port.alias": "out", "port.group": "group.0"} }))
2026-07-13T20:15:19+00:00 machine gtk-status-bar[1210]: 2026-07-13T20:15:19.198632Z DEBUG gtk_status_bar::pw: 🚫 Skipping metadata '' (props: Some(DictRef { flags: Flags(0x0), entries: {"object.serial": "52", "module.id": "2", "pipewire.protocol": "protocol-native", "pipewire.sec.pid": "1425", "pipewire.sec.uid": "1000", "pipewire.sec.gid": "100", "pipewire.sec.socket": "pipewire-0", "application.name": "pipewire", "pipewire.access": "unrestricted"} }))
2026-07-13T20:15:19+00:00 machine gtk-status-bar[1210]: 2026-07-13T20:15:19.198654Z DEBUG gtk_status_bar::pw: 🚫 Skipping metadata '' (props: Some(DictRef { flags: Flags(0x0), entries: {"object.serial": "53", "module.id": "2", "pipewire.protocol": "protocol-native", "pipewire.sec.pid": "1425", "pipewire.sec.uid": "1000", "pipewire.sec.gid": "100", "pipewire.sec.socket": "pipewire-0", "application.name": "Blueman", "pipewire.access": "unrestricted"} }))
2026-07-13T20:15:19+00:00 machine gtk-status-bar[1210]: 2026-07-13T20:15:19.198676Z DEBUG gtk_status_bar::pw: 🚫 Skipping metadata '' (props: Some(DictRef { flags: Flags(0x0), entries: {"object.serial": "54", "factory.id": "19", "client.id": "52", "node.description": "Dummy Output", "node.name": "auto_null", "media.class": "Audio/Sink"} }))
2026-07-13T20:15:19+00:00 machine gtk-status-bar[1210]: 2026-07-13T20:15:19.200613Z DEBUG gtk_status_bar::pw: 🔍 Checking node - media.class: Some("Audio/Sink")
2026-07-13T20:15:19+00:00 machine gtk-status-bar[1210]: 2026-07-13T20:15:19.200777Z DEBUG gtk_status_bar::pw: 🔍 Node filter result: true for media.class: Some("Audio/Sink")
2026-07-13T20:15:19+00:00 machine gtk-status-bar[1210]: 2026-07-13T20:15:19.200827Z DEBUG gtk_status_bar::pw: 📱 Monitoring audio node: Dummy Output (4) [node.name: auto_null]
2026-07-13T20:15:19+00:00 machine gtk-status-bar[1210]: 2026-07-13T20:15:19.200848Z DEBUG gtk_status_bar::pw: 🔗 ADDING NODE LISTENER for node.name: auto_null
2026-07-13T20:15:19+00:00 machine gtk-status-bar[1210]: 2026-07-13T20:15:19.200870Z DEBUG gtk_status_bar::pw: 📝 Added device to HashMap: 4 -> (auto_null, Dummy Output, no volume yet)
2026-07-13T20:15:19+00:00 machine gtk-status-bar[1210]: 2026-07-13T20:15:19.200887Z DEBUG gtk_status_bar::pw: 🗂️ Current device map size: 1
2026-07-13T20:15:19+00:00 machine gtk-status-bar[1210]: 2026-07-13T20:15:19.201426Z DEBUG gtk_status_bar::pw: 🚫 Skipping metadata '' (props: Some(DictRef { flags: Flags(0x0), entries: {"object.serial": "55", "object.path": "auto_null:playback_0", "format.dsp": "32 bit float mono audio", "node.id": "54", "audio.channel": "FL", "port.id": "0", "port.name": "playback_FL", "port.direction": "in", "port.alias": "Dummy Output:playback_FL", "port.group": "stream.0"} }))
2026-07-13T20:15:19+00:00 machine gtk-status-bar[1210]: 2026-07-13T20:15:19.201471Z DEBUG gtk_status_bar::pw: 🚫 Skipping metadata '' (props: Some(DictRef { flags: Flags(0x0), entries: {"object.serial": "56", "object.path": "auto_null:playback_1", "format.dsp": "32 bit float mono audio", "node.id": "54", "audio.channel": "FR", "port.id": "1", "port.name": "playback_FR", "port.direction": "in", "port.alias": "Dummy Output:playback_FR", "port.group": "stream.0"} }))
2026-07-13T20:15:19+00:00 machine gtk-status-bar[1210]: 2026-07-13T20:15:19.202237Z DEBUG gtk_status_bar::pw: 🚫 Skipping metadata '' (props: Some(DictRef { flags: Flags(0x0), entries: {"object.serial": "57", "object.path": "auto_null:monitor_0", "format.dsp": "32 bit float mono audio", "node.id": "54", "audio.channel": "FL", "port.id": "0", "port.name": "monitor_FL", "port.direction": "out", "port.monitor": "true", "port.alias": "Dummy Output:monitor_FL", "port.group": "stream.0"} }))
2026-07-13T20:15:19+00:00 machine gtk-status-bar[1210]: 2026-07-13T20:15:19.205352Z DEBUG gtk_status_bar::pw: 🚫 Skipping metadata '' (props: Some(DictRef { flags: Flags(0x0), entries: {"object.serial": "58", "object.path": "auto_null:monitor_1", "format.dsp": "32 bit float mono audio", "node.id": "54", "audio.channel": "FR", "port.id": "1", "port.name": "monitor_FR", "port.direction": "out", "port.monitor": "true", "port.alias": "Dummy Output:monitor_FR", "port.group": "stream.0"} }))
2026-07-13T20:15:19+00:00 machine gtk-status-bar[1210]: 2026-07-13T20:15:19.205377Z DEBUG gtk_status_bar::pw: 🚫 Skipping metadata '' (props: Some(DictRef { flags: Flags(0x0), entries: {"object.serial": "59", "module.id": "2", "pipewire.protocol": "protocol-native", "pipewire.sec.pid": "1210", "pipewire.sec.uid": "1000", "pipewire.sec.gid": "100", "pipewire.sec.socket": "pipewire-0", "application.name": ".gtk-status-bar-wrapped", "pipewire.access": "unrestricted"} }))
2026-07-13T20:15:19+00:00 machine gtk-status-bar[1210]: 2026-07-13T20:15:19.207789Z DEBUG gtk_status_bar::pw: 📝 metadata.property subject=0 key=Some("default.audio.sink") value=Some("{\"name\":\"auto_null\"}")
2026-07-13T20:15:20+00:00 machine gtk-status-bar[1210]: 2026-07-13T20:15:19.207827Z DEBUG gtk_status_bar::pw: 🔍 Processing metadata property: default.audio.sink={"name":"auto_null"}
2026-07-13T20:15:20+00:00 machine gtk-status-bar[1210]: 2026-07-13T20:15:19.207853Z  INFO gtk_status_bar::pw: 🔄 Default sink -> auto_null
2026-07-13T20:15:20+00:00 machine gtk-status-bar[1210]: 2026-07-13T20:15:19.207870Z DEBUG gtk_status_bar::pw: 🎯 SINK CHANGE: None -> auto_null (should trigger volume fetch)
2026-07-13T20:15:20+00:00 machine gtk-status-bar[1210]: 2026-07-13T20:15:19.207947Z DEBUG gtk_status_bar::pw: 🗂️ Searching device map for default sink 'auto_null'
2026-07-13T20:15:20+00:00 machine gtk-status-bar[1210]: 2026-07-13T20:15:19.207990Z DEBUG gtk_status_bar::pw: 🗂️ Current device map contents: {4: ("auto_null", "Dummy Output", None, None, None)}
2026-07-13T20:15:20+00:00 machine gtk-status-bar[1210]: 2026-07-13T20:15:19.208062Z DEBUG gtk_status_bar::pw: 🔍 Checking device 4: node_name='auto_null', description='Dummy Output' against default sink 'auto_null'
2026-07-13T20:15:20+00:00 machine gtk-status-bar[1210]: 2026-07-13T20:15:19.208083Z DEBUG gtk_status_bar::pw: 🎯 MATCH! Found device 4 with node_name 'auto_null' matching default sink
2026-07-13T20:15:20+00:00 machine gtk-status-bar[1210]: 2026-07-13T20:15:19.208101Z DEBUG gtk_status_bar::pw: 🎨 Updating GUI label to: 'Dummy Output' with cached volume data
2026-07-13T20:15:20+00:00 machine gtk-status-bar[1210]: 2026-07-13T20:15:19.208118Z DEBUG gtk_status_bar::pw: 💾 Cached volume data: Vol: None%, Ch: None%, Mute: None
2026-07-13T20:15:20+00:00 machine gtk-status-bar[1210]: 2026-07-13T20:15:19.208366Z DEBUG gtk_status_bar::pw: ✅ Sent REAL volume data to GUI: 'Dummy Output' Vol: None%, Ch: None%, Mute: None
2026-07-13T20:15:20+00:00 machine gtk-status-bar[1210]: 2026-07-13T20:15:19.211850Z DEBUG gtk_status_bar::pw: 🎛️  NODE PARAM CALLBACK: Dummy Output (4) received Props param
2026-07-13T20:15:20+00:00 machine gtk-status-bar[1210]: 2026-07-13T20:15:19.220747Z DEBUG gtk_status_bar::pw: 🔊 Node 4: Dummy Output - Vol: Some(100)% | Ch: Some(100)% | Mute: Some(false) [CACHING]
2026-07-13T20:15:20+00:00 machine gtk-status-bar[1210]: 2026-07-13T20:15:19.220788Z DEBUG gtk_status_bar::pw: 📝 Updated volume cache for device 4: Dummy Output -> Vol: Some(100)%, Ch: Some(100)%, Mute: Some(false)
2026-07-13T20:15:20+00:00 machine gtk-status-bar[1210]: 2026-07-13T20:15:19.220807Z DEBUG gtk_status_bar::pw: 🎯 Checking if device 4 is default: current_default=Some("auto_null"), node_name=auto_null, is_default=true
2026-07-13T20:15:20+00:00 machine gtk-status-bar[1210]: 2026-07-13T20:15:19.220825Z DEBUG gtk_status_bar::pw: 📤 SENDING VOLUME UPDATE to GUI for default sink (node id=4)
2026-07-13T20:15:20+00:00 machine gtk-status-bar[1210]: 2026-07-13T20:15:19.220852Z ERROR gtk_status_bar::pw: ❌ PipeWire error id:4 seq:5 res:-2: enum params id:13 (Spa:Enum:ParamId:Route) failed
2026-07-13T20:15:20+00:00 machine gtk-status-bar[1210]: 2026-07-13T20:15:19.312473Z DEBUG gtk_status_bar::widgets: 📺 Skipping GUI update - no volume data available
2026-07-13T20:15:20+00:00 machine gtk-status-bar[1210]: 2026-07-13T20:15:19.312546Z DEBUG gtk_status_bar::widgets: 📺 GTK UI updated via ASYNC: 🔊D100
2026-07-13T20:15:20+00:00 machine gtk-status-bar[1210]: 2026-07-13T20:15:19.648024Z  INFO gtk_status_bar::tray: Status notifier item registered item=":1.45/StatusNotifierItem"
2026-07-13T20:15:20+00:00 machine gtk-status-bar[1210]: 2026-07-13T20:15:20.049009Z  INFO gtk_status_bar::widgets: Added system tray item item=":1.45/StatusNotifierItem"
2026-07-13T20:15:20+00:00 machine gtk-status-bar[1210]: 2026-07-13T20:15:20.051986Z DEBUG gtk_status_bar::widgets: Updating time label:  8:15 PM
2026-07-13T20:15:20+00:00 machine gtk-status-bar[1210]: 2026-07-13T20:15:20.273782Z  INFO gtk_status_bar::network: Network reachability probe completed target=192.0.2.1 success=false elapsed_ms=1135
2026-07-13T20:15:20+00:00 machine gtk-status-bar[1210]: 2026-07-13T20:15:20.273873Z DEBUG gtk_status_bar::network: Sent network update label="\u{f0925} 73% ?"
2026-07-13T20:15:20+00:00 machine gtk-status-bar[1210]: 2026-07-13T20:15:20.274198Z DEBUG gtk_status_bar::widgets: Updating network label: 󰤥 73% ?
2026-07-13T20:15:21+00:00 machine gtk-status-bar[1210]: 2026-07-13T20:15:21.002024Z DEBUG gtk_status_bar::widgets: Updating time label:  8:15 PM
2026-07-13T20:15:21+00:00 machine gtk-status-bar[1210]: 2026-07-13T20:15:21.262033Z  INFO gtk_status_bar::network: Network reachability probe completed target=198.51.100.1 success=false elapsed_ms=14
2026-07-13T20:15:21+00:00 machine gtk-status-bar[1210]: 2026-07-13T20:15:21.262090Z DEBUG gtk_status_bar::network: Sent network update label="\u{f0925} 73% ?"
2026-07-13T20:15:21+00:00 machine gtk-status-bar[1210]: 2026-07-13T20:15:21.262262Z DEBUG gtk_status_bar::widgets: Updating network label: 󰤥 73% ?
2026-07-13T20:15:21+00:00 machine gtk-status-bar[1210]: 2026-07-13T20:15:21.500205Z  INFO gtk_status_bar::tray: Status notifier item registered item=":1.46/org/blueman/sni"
2026-07-13T20:15:21+00:00 machine gtk-status-bar[1210]: 2026-07-13T20:15:21.543060Z DEBUG gtk_status_bar::tray: Tray item property is unavailable property="IconPixmap" error=org.freedesktop.DBus.Error.InvalidArgs: No such property “IconPixmap”
2026-07-13T20:15:21+00:00 machine gtk-status-bar[1210]: 2026-07-13T20:15:21.544782Z DEBUG gtk_status_bar::tray: Tray item property is unavailable property="IconThemePath" error=org.freedesktop.DBus.Error.InvalidArgs: No such property “IconThemePath”
2026-07-13T20:15:21+00:00 machine gtk-status-bar[1210]: 2026-07-13T20:15:21.583513Z  INFO gtk_status_bar::widgets: Added system tray item item=":1.46/org/blueman/sni"
2026-07-13T20:15:22+00:00 machine gtk-status-bar[1210]: 2026-07-13T20:15:22.001862Z DEBUG gtk_status_bar::widgets: Updating time label:  8:15 PM
2026-07-13T20:15:22+00:00 machine gtk-status-bar[1210]: 2026-07-13T20:15:22.413872Z  INFO gtk_status_bar::network: Network reachability probe completed target=198.51.100.1 success=false elapsed_ms=16
2026-07-13T20:15:22+00:00 machine gtk-status-bar[1210]: 2026-07-13T20:15:22.413931Z DEBUG gtk_status_bar::network: Sent network update label="\u{f0925} 73% ?"
2026-07-13T20:15:22+00:00 machine gtk-status-bar[1210]: 2026-07-13T20:15:22.414165Z DEBUG gtk_status_bar::widgets: Updating network label: 󰤥 73% ?
2026-07-13T20:15:23+00:00 machine gtk-status-bar[1210]: 2026-07-13T20:15:23.001962Z DEBUG gtk_status_bar::widgets: Updating time label:  8:15 PM
2026-07-13T20:15:24+00:00 machine gtk-status-bar[1210]: 2026-07-13T20:15:24.002432Z DEBUG gtk_status_bar::widgets: Updating time label:  8:15 PM
2026-07-13T20:15:24+00:00 machine gtk-status-bar[1210]: 2026-07-13T20:15:24.346162Z  INFO gtk_status_bar::network: Network reachability probe completed target=192.0.2.1 success=false elapsed_ms=19
2026-07-13T20:15:24+00:00 machine gtk-status-bar[1210]: 2026-07-13T20:15:24.346231Z DEBUG gtk_status_bar::network: Sent network update label="\u{f0925} 73% ×"
2026-07-13T20:15:24+00:00 machine gtk-status-bar[1210]: 2026-07-13T20:15:24.346408Z DEBUG gtk_status_bar::widgets: Updating network label: 󰤥 73% ×
2026-07-13T20:15:24+00:00 machine gtk-status-bar[1210]: 2026-07-13T20:15:24.873926Z  INFO gtk_status_bar::network: Network reachability probe completed target=192.0.2.1 success=false elapsed_ms=19
2026-07-13T20:15:24+00:00 machine gtk-status-bar[1210]: 2026-07-13T20:15:24.873999Z DEBUG gtk_status_bar::network: Sent network update label="\u{f0925} 73% ×"
2026-07-13T20:15:24+00:00 machine gtk-status-bar[1210]: 2026-07-13T20:15:24.874209Z DEBUG gtk_status_bar::widgets: Updating network label: 󰤥 73% ×
2026-07-13T20:15:25+00:00 machine gtk-status-bar[1210]: 2026-07-13T20:15:25.001251Z DEBUG gtk_status_bar::widgets: Updating time label:  8:15 PM
2026-07-13T20:15:25+00:00 machine gtk-status-bar[1210]: 2026-07-13T20:15:25.652070Z  INFO gtk_status_bar::network: Network reachability probe completed target=198.51.100.1 success=false elapsed_ms=15
2026-07-13T20:15:25+00:00 machine gtk-status-bar[1210]: 2026-07-13T20:15:25.652126Z DEBUG gtk_status_bar::network: Sent network update label="\u{f0925} 73% ×"
2026-07-13T20:15:25+00:00 machine gtk-status-bar[1210]: 2026-07-13T20:15:25.652335Z DEBUG gtk_status_bar::widgets: Updating network label: 󰤥 73% ×
2026-07-13T20:15:26+00:00 machine gtk-status-bar[1210]: 2026-07-13T20:15:26.001049Z DEBUG gtk_status_bar::widgets: Updating time label:  8:15 PM
2026-07-13T20:15:27+00:00 machine gtk-status-bar[1210]: 2026-07-13T20:15:27.002535Z DEBUG gtk_status_bar::widgets: Updating time label:  8:15 PM
2026-07-13T20:15:27+00:00 machine gtk-status-bar[1210]: 2026-07-13T20:15:27.548457Z  INFO gtk_status_bar::network: Network reachability probe completed target=198.51.100.1 success=false elapsed_ms=12
2026-07-13T20:15:27+00:00 machine gtk-status-bar[1210]: 2026-07-13T20:15:27.548517Z DEBUG gtk_status_bar::network: Sent network update label="\u{f0925} 73% ×"
2026-07-13T20:15:27+00:00 machine gtk-status-bar[1210]: 2026-07-13T20:15:27.548779Z DEBUG gtk_status_bar::widgets: Updating network label: 󰤥 73% ×
2026-07-13T20:15:28+00:00 machine gtk-status-bar[1210]: 2026-07-13T20:15:28.001398Z DEBUG gtk_status_bar::widgets: Updating time label:  8:15 PM
2026-07-13T20:15:28+00:00 machine gtk-status-bar[1210]: 2026-07-13T20:15:28.948636Z  INFO gtk_status_bar::network: Network reachability probe completed target=192.0.2.1 success=true elapsed_ms=9
2026-07-13T20:15:28+00:00 machine gtk-status-bar[1210]: 2026-07-13T20:15:28.948755Z DEBUG gtk_status_bar::network: Sent network update label="\u{f0925} 73% \u{f0ac}"
2026-07-13T20:15:28+00:00 machine gtk-status-bar[1210]: 2026-07-13T20:15:28.948908Z DEBUG gtk_status_bar::widgets: Updating network label: 󰤥 73% 
2026-07-13T20:15:29+00:00 machine gtk-status-bar[1210]: 2026-07-13T20:15:29.000914Z DEBUG gtk_status_bar::widgets: Updating time label:  8:15 PM
2026-07-13T20:15:29+00:00 machine gtk-status-bar[1210]: 2026-07-13T20:15:29.305461Z  INFO gtk_status_bar::network: Network reachability probe completed target=192.0.2.1 success=true elapsed_ms=12
2026-07-13T20:15:29+00:00 machine gtk-status-bar[1210]: 2026-07-13T20:15:29.305546Z DEBUG gtk_status_bar::network: Sent network update label="\u{f0925} 73% \u{f0ac}"
2026-07-13T20:15:29+00:00 machine gtk-status-bar[1210]: 2026-07-13T20:15:29.305788Z DEBUG gtk_status_bar::widgets: Updating network label: 󰤥 73% 
2026-07-13T20:15:29+00:00 machine gtk-status-bar[1210]: 2026-07-13T20:15:29.578523Z DEBUG gtk_status_bar::network: Sent network update label="\u{f091f} 28% \u{f0ac}"
2026-07-13T20:15:29+00:00 machine gtk-status-bar[1210]: 2026-07-13T20:15:29.578756Z DEBUG gtk_status_bar::widgets: Updating network label: 󰤟 28% 
2026-07-13T20:15:30+00:00 machine gtk-status-bar[1210]: 2026-07-13T20:15:30.001667Z DEBUG gtk_status_bar::widgets: Updating time label:  8:15 PM
2026-07-13T20:15:30+00:00 machine gtk-status-bar[1210]: 2026-07-13T20:15:30.194859Z DEBUG gtk_status_bar::network: Sent network update label="\u{f0200} ?"
2026-07-13T20:15:30+00:00 machine gtk-status-bar[1210]: 2026-07-13T20:15:30.195169Z DEBUG gtk_status_bar::widgets: Updating network label: 󰈀 ?
2026-07-13T20:15:30+00:00 machine gtk-status-bar[1210]: 2026-07-13T20:15:30.216556Z  INFO gtk_status_bar::network: Network reachability probe completed target=198.51.100.1 success=false elapsed_ms=19
2026-07-13T20:15:30+00:00 machine gtk-status-bar[1210]: 2026-07-13T20:15:30.217058Z DEBUG gtk_status_bar::network: Sent network update label="\u{f0200} ?"
2026-07-13T20:15:30+00:00 machine gtk-status-bar[1210]: 2026-07-13T20:15:30.217229Z DEBUG gtk_status_bar::widgets: Updating network label: 󰈀 ?
2026-07-13T20:15:30+00:00 machine gtk-status-bar[1210]: 2026-07-13T20:15:30.880476Z  INFO gtk_status_bar::network: Network reachability probe completed target=198.51.100.1 success=false elapsed_ms=20
2026-07-13T20:15:30+00:00 machine gtk-status-bar[1210]: 2026-07-13T20:15:30.880593Z DEBUG gtk_status_bar::network: Sent network update label="\u{f0200} ?"
2026-07-13T20:15:30+00:00 machine gtk-status-bar[1210]: 2026-07-13T20:15:30.881232Z DEBUG gtk_status_bar::widgets: Updating network label: 󰈀 ?
2026-07-13T20:15:31+00:00 machine gtk-status-bar[1210]: 2026-07-13T20:15:31.001344Z DEBUG gtk_status_bar::widgets: Updating time label:  8:15 PM
2026-07-13T20:15:32+00:00 machine gtk-status-bar[1210]: 2026-07-13T20:15:32.001995Z DEBUG gtk_status_bar::widgets: Updating time label:  8:15 PM
2026-07-13T20:15:32+00:00 machine gtk-status-bar[1210]: 2026-07-13T20:15:32.346374Z  INFO gtk_status_bar::network: Network reachability probe completed target=192.0.2.1 success=true elapsed_ms=15
2026-07-13T20:15:32+00:00 machine gtk-status-bar[1210]: 2026-07-13T20:15:32.346430Z DEBUG gtk_status_bar::network: Sent network update label="\u{f0200} \u{f0ac}"
2026-07-13T20:15:32+00:00 machine gtk-status-bar[1210]: 2026-07-13T20:15:32.363821Z DEBUG gtk_status_bar::widgets: Updating network label: 󰈀 
2026-07-13T20:15:32+00:00 machine gtk-status-bar[1210]: 2026-07-13T20:15:32.475035Z  INFO gtk_status_bar::network: Network reachability probe completed target=198.51.100.1 success=false elapsed_ms=13
2026-07-13T20:15:32+00:00 machine gtk-status-bar[1210]: 2026-07-13T20:15:32.475089Z DEBUG gtk_status_bar::network: Sent network update label="\u{f0200} \u{f0ac}"
2026-07-13T20:15:32+00:00 machine gtk-status-bar[1210]: 2026-07-13T20:15:32.487478Z DEBUG gtk_status_bar::widgets: Updating network label: 󰈀 
2026-07-13T20:15:33+00:00 machine gtk-status-bar[1210]: 2026-07-13T20:15:33.002002Z  INFO gtk_status_bar::network: Network reachability probe completed target=192.0.2.1 success=true elapsed_ms=19
2026-07-13T20:15:33+00:00 machine gtk-status-bar[1210]: 2026-07-13T20:15:33.002062Z DEBUG gtk_status_bar::network: Sent network update label="\u{f0200} \u{f0ac}"
2026-07-13T20:15:33+00:00 machine gtk-status-bar[1210]: 2026-07-13T20:15:33.002250Z DEBUG gtk_status_bar::widgets: Updating network label: 󰈀 
2026-07-13T20:15:33+00:00 machine gtk-status-bar[1210]: 2026-07-13T20:15:33.002383Z DEBUG gtk_status_bar::widgets: Updating time label:  8:15 PM
2026-07-13T20:15:33+00:00 machine gtk-status-bar[1210]: 2026-07-13T20:15:33.146975Z DEBUG gtk_status_bar::network: Sent network update label="\u{f0c9b} ×"
2026-07-13T20:15:33+00:00 machine gtk-status-bar[1210]: 2026-07-13T20:15:33.147242Z DEBUG gtk_status_bar::widgets: Updating network label: 󰲛 ×
2026-07-13T20:15:33+00:00 machine gtk-status-bar[1210]: 2026-07-13T20:15:33.159215Z DEBUG gtk_status_bar::network: Sent network update label="\u{f0c9b} ×"
2026-07-13T20:15:33+00:00 machine gtk-status-bar[1210]: 2026-07-13T20:15:33.161115Z DEBUG gtk_status_bar::widgets: Updating network label: 󰲛 ×
2026-07-13T20:15:33+00:00 machine gtk-status-bar[1210]: 2026-07-13T20:15:33.173079Z DEBUG gtk_status_bar::network: Sent network update label="\u{f0c9b} ×"
2026-07-13T20:15:33+00:00 machine gtk-status-bar[1210]: 2026-07-13T20:15:33.178922Z DEBUG gtk_status_bar::widgets: Updating network label: 󰲛 ×
2026-07-13T20:15:33+00:00 machine gtk-status-bar[1210]: 2026-07-13T20:15:33.872821Z DEBUG gtk_status_bar::network: Sent network update label="\u{f0c9b} ×"
2026-07-13T20:15:33+00:00 machine gtk-status-bar[1210]: 2026-07-13T20:15:33.873079Z DEBUG gtk_status_bar::widgets: Updating network label: 󰲛 ×
2026-07-13T20:15:33+00:00 machine gtk-status-bar[1210]: 2026-07-13T20:15:33.898269Z DEBUG gtk_status_bar::network: Sent network update label="\u{f091f} 28% ?"
2026-07-13T20:15:33+00:00 machine gtk-status-bar[1210]: 2026-07-13T20:15:33.898435Z DEBUG gtk_status_bar::widgets: Updating network label: 󰤟 28% ?
2026-07-13T20:15:33+00:00 machine gtk-status-bar[1210]: 2026-07-13T20:15:33.916615Z DEBUG gtk_status_bar::widgets: Updating network label: 󰤟 28% ?
2026-07-13T20:15:33+00:00 machine gtk-status-bar[1210]: 2026-07-13T20:15:33.916776Z DEBUG gtk_status_bar::network: Sent network update label="\u{f091f} 28% ?"
2026-07-13T20:15:33+00:00 machine gtk-status-bar[1210]: 2026-07-13T20:15:33.938649Z  INFO gtk_status_bar::network: Network reachability probe completed target=192.0.2.1 success=true elapsed_ms=21
2026-07-13T20:15:33+00:00 machine gtk-status-bar[1210]: 2026-07-13T20:15:33.938818Z DEBUG gtk_status_bar::network: Sent network update label="\u{f091f} 28% \u{f0ac}"
2026-07-13T20:15:33+00:00 machine gtk-status-bar[1210]: 2026-07-13T20:15:33.939025Z DEBUG gtk_status_bar::widgets: Updating network label: 󰤟 28% 
2026-07-13T20:15:33+00:00 machine gtk-status-bar[1210]: 2026-07-13T20:15:33.972752Z DEBUG gtk_status_bar::network: Sent network update label="\u{f091f} 28% \u{f0ac}"
2026-07-13T20:15:33+00:00 machine gtk-status-bar[1210]: 2026-07-13T20:15:33.973006Z DEBUG gtk_status_bar::widgets: Updating network label: 󰤟 28% 
2026-07-13T20:15:34+00:00 machine gtk-status-bar[1210]: 2026-07-13T20:15:34.001185Z DEBUG gtk_status_bar::widgets: Updating time label:  8:15 PM
2026-07-13T20:15:34+00:00 machine gtk-status-bar[1210]: 2026-07-13T20:15:34.259291Z DEBUG gtk_status_bar::hypr: Handling workspace change event
2026-07-13T20:15:34+00:00 machine gtk-status-bar[1210]: 2026-07-13T20:15:34.259326Z DEBUG gtk_status_bar::hypr: Workspace changed to: Workspace i
2026-07-13T20:15:34+00:00 machine gtk-status-bar[1210]: 2026-07-13T20:15:34.259532Z DEBUG gtk_status_bar::widgets: Updating workspace - label: 'Workspace i', color for workspace: 2
2026-07-13T20:15:34+00:00 machine gtk-status-bar[1210]: 2026-07-13T20:15:34.259782Z DEBUG gtk_status_bar::widgets: Updated title widget color to: rgba(125, 207, 255, 0.5) for workspace: 2
2026-07-13T20:15:35+00:00 machine gtk-status-bar[1210]: 2026-07-13T20:15:35.002111Z DEBUG gtk_status_bar::widgets: Updating time label:  8:15 PM
2026-07-13T20:15:35+00:00 machine gtk-status-bar[1210]: 2026-07-13T20:15:35.328914Z  INFO gtk_status_bar::network: Network reachability probe completed target=198.51.100.1 success=false elapsed_ms=14
2026-07-13T20:15:35+00:00 machine gtk-status-bar[1210]: 2026-07-13T20:15:35.328980Z DEBUG gtk_status_bar::network: Sent network update label="\u{f091f} 28% \u{f0ac}"
2026-07-13T20:15:35+00:00 machine gtk-status-bar[1210]: 2026-07-13T20:15:35.329171Z DEBUG gtk_status_bar::widgets: Updating network label: 󰤟 28% 
2026-07-13T20:15:35+00:00 machine gtk-status-bar[1210]: 2026-07-13T20:15:35.956256Z  INFO gtk_status_bar::network: Network reachability probe completed target=192.0.2.1 success=true elapsed_ms=19
2026-07-13T20:15:35+00:00 machine gtk-status-bar[1210]: 2026-07-13T20:15:35.956318Z DEBUG gtk_status_bar::network: Sent network update label="\u{f091f} 28% \u{f0ac}"
2026-07-13T20:15:35+00:00 machine gtk-status-bar[1210]: 2026-07-13T20:15:35.957096Z DEBUG gtk_status_bar::widgets: Updating network label: 󰤟 28% 
2026-07-13T20:15:36+00:00 machine gtk-status-bar[1210]: 2026-07-13T20:15:36.001646Z DEBUG gtk_status_bar::widgets: Updating time label:  8:15 PM
2026-07-13T20:15:36+00:00 machine gtk-status-bar[1210]: 2026-07-13T20:15:36.903931Z DEBUG gtk_status_bar::hypr: Handling workspace change event
2026-07-13T20:15:36+00:00 machine gtk-status-bar[1210]: 2026-07-13T20:15:36.903968Z DEBUG gtk_status_bar::hypr: Workspace changed to: Workspace c
2026-07-13T20:15:36+00:00 machine gtk-status-bar[1210]: 2026-07-13T20:15:36.905234Z DEBUG gtk_status_bar::widgets: Updating workspace - label: 'Workspace c', color for workspace: 10
2026-07-13T20:15:36+00:00 machine gtk-status-bar[1210]: 2026-07-13T20:15:36.905435Z DEBUG gtk_status_bar::widgets: Updated title widget color to: rgba(13, 185, 215, 0.5) for workspace: 10
2026-07-13T20:15:37+00:00 machine gtk-status-bar[1210]: 2026-07-13T20:15:37.001127Z DEBUG gtk_status_bar::widgets: Updating time label:  8:15 PM
2026-07-13T20:15:37+00:00 machine gtk-status-bar[1210]: 2026-07-13T20:15:37.405743Z  INFO gtk_status_bar::network: Network reachability probe completed target=198.51.100.1 success=false elapsed_ms=20
2026-07-13T20:15:37+00:00 machine gtk-status-bar[1210]: 2026-07-13T20:15:37.405793Z DEBUG gtk_status_bar::network: Sent network update label="\u{f091f} 28% \u{f0ac}"
2026-07-13T20:15:37+00:00 machine gtk-status-bar[1210]: 2026-07-13T20:15:37.429986Z DEBUG gtk_status_bar::widgets: Updating network label: 󰤟 28% 
2026-07-13T20:15:37+00:00 machine gtk-status-bar[1210]: 2026-07-13T20:15:37.682970Z  INFO gtk_status_bar::network: Network reachability probe completed target=198.51.100.1 success=false elapsed_ms=15
2026-07-13T20:15:37+00:00 machine gtk-status-bar[1210]: 2026-07-13T20:15:37.683019Z DEBUG gtk_status_bar::network: Sent network update label="\u{f091f} 28% \u{f0ac}"
2026-07-13T20:15:37+00:00 machine gtk-status-bar[1210]: 2026-07-13T20:15:37.683231Z DEBUG gtk_status_bar::widgets: Updating network label: 󰤟 28% 
2026-07-13T20:15:38+00:00 machine gtk-status-bar[1210]: 2026-07-13T20:15:38.001983Z DEBUG gtk_status_bar::widgets: Updating time label:  8:15 PM
2026-07-13T20:15:38+00:00 machine gtk-status-bar[1210]: 2026-07-13T20:15:38.615525Z  INFO gtk_status_bar::network: Network reachability probe completed target=192.0.2.1 success=true elapsed_ms=15
2026-07-13T20:15:38+00:00 machine gtk-status-bar[1210]: 2026-07-13T20:15:38.615623Z DEBUG gtk_status_bar::network: Sent network update label="\u{f091f} 28% \u{f0ac}"
2026-07-13T20:15:38+00:00 machine gtk-status-bar[1210]: 2026-07-13T20:15:38.615863Z DEBUG gtk_status_bar::widgets: Updating network label: 󰤟 28% 
2026-07-13T20:15:39+00:00 machine gtk-status-bar[1210]: 2026-07-13T20:15:39.001792Z DEBUG gtk_status_bar::widgets: Updating time label:  8:15 PM
2026-07-13T20:15:39+00:00 machine gtk-status-bar[1210]: 2026-07-13T20:15:39.475385Z DEBUG gtk_status_bar::hypr: Handling workspace change event
2026-07-13T20:15:39+00:00 machine gtk-status-bar[1210]: 2026-07-13T20:15:39.475423Z DEBUG gtk_status_bar::hypr: Workspace changed to: Workspace 11
2026-07-13T20:15:39+00:00 machine gtk-status-bar[1210]: 2026-07-13T20:15:39.475603Z DEBUG gtk_status_bar::widgets: Updating workspace - label: 'Workspace 11', color for workspace: 11
2026-07-13T20:15:39+00:00 machine gtk-status-bar[1210]: 2026-07-13T20:15:39.475876Z DEBUG gtk_status_bar::widgets: Updated title widget color to: rgba(67, 233, 123, 0.5) for workspace: 11
2026-07-13T20:15:39+00:00 machine gtk-status-bar[1210]: 2026-07-13T20:15:39.918909Z  INFO gtk_status_bar::network: Network reachability probe completed target=192.0.2.1 success=true elapsed_ms=18
2026-07-13T20:15:39+00:00 machine gtk-status-bar[1210]: 2026-07-13T20:15:39.918956Z DEBUG gtk_status_bar::network: Sent network update label="\u{f091f} 28% \u{f0ac}"
2026-07-13T20:15:39+00:00 machine gtk-status-bar[1210]: 2026-07-13T20:15:39.919125Z DEBUG gtk_status_bar::widgets: Updating network label: 󰤟 28% 
2026-07-13T20:15:40+00:00 machine gtk-status-bar[1210]: 2026-07-13T20:15:40.001322Z DEBUG gtk_status_bar::widgets: Updating time label:  8:15 PM
2026-07-13T20:15:40+00:00 machine gtk-status-bar[1210]: 2026-07-13T20:15:40.614569Z DEBUG gtk_status_bar::dbus: Got an event in event stream: Msg { type: Signal, serial: 66, sender: UniqueName(":1.6"), path: ObjectPath("/org/bluez/hci0"), iface: InterfaceName("org.freedesktop.DBus.Properties"), member: MemberName("PropertiesChanged"), body: Structure(Dynamic { fields: [Str, Dict { key: Dynamic { child: Str }, value: Dynamic { child: Variant } }, Array(Dynamic { child: Str })] }), fds: [] }
2026-07-13T20:15:40+00:00 machine gtk-status-bar[1210]: 2026-07-13T20:15:40.614614Z DEBUG gtk_status_bar::dbus: Dbus monitor: Received D-Bus message from path: Some(ObjectPath("/org/bluez/hci0")), interface: Some(InterfaceName("org.freedesktop.DBus.Properties")), member: Some(MemberName("PropertiesChanged"))
2026-07-13T20:15:40+00:00 machine gtk-status-bar[1210]: 2026-07-13T20:15:40.614636Z  INFO gtk_status_bar::dbus: Dbus monitor: Received signal
2026-07-13T20:15:40+00:00 machine gtk-status-bar[1210]: 2026-07-13T20:15:40.621975Z  INFO gtk_status_bar::dbus: Dbus monitor: Received PropertiesChanged signal
2026-07-13T20:15:40+00:00 machine gtk-status-bar[1210]: 2026-07-13T20:15:40.622071Z DEBUG gtk_status_bar::dbus: Dbus monitor: Ignored PropertiesChanged for interface: "org.bluez.Adapter1"
2026-07-13T20:15:40+00:00 machine gtk-status-bar[1210]: 2026-07-13T20:15:40.902574Z  INFO gtk_status_bar::network: Network reachability probe completed target=198.51.100.1 success=false elapsed_ms=25
2026-07-13T20:15:40+00:00 machine gtk-status-bar[1210]: 2026-07-13T20:15:40.902638Z DEBUG gtk_status_bar::network: Sent network update label="\u{f091f} 28% \u{f0ac}"
2026-07-13T20:15:40+00:00 machine gtk-status-bar[1210]: 2026-07-13T20:15:40.903266Z DEBUG gtk_status_bar::widgets: Updating network label: 󰤟 28% 
2026-07-13T20:15:41+00:00 machine gtk-status-bar[1210]: 2026-07-13T20:15:41.000920Z DEBUG gtk_status_bar::widgets: Updating time label:  8:15 PM
2026-07-13T20:15:41+00:00 machine gtk-status-bar[1210]: 2026-07-13T20:15:41.604794Z  INFO gtk_status_bar::network: Network reachability probe completed target=192.0.2.1 success=true elapsed_ms=31
2026-07-13T20:15:41+00:00 machine gtk-status-bar[1210]: 2026-07-13T20:15:41.604868Z DEBUG gtk_status_bar::network: Sent network update label="\u{f091f} 28% \u{f0ac}"
2026-07-13T20:15:41+00:00 machine gtk-status-bar[1210]: 2026-07-13T20:15:41.605057Z DEBUG gtk_status_bar::widgets: Updating network label: 󰤟 28% 
2026-07-13T20:15:41+00:00 machine gtk-status-bar[1210]: 2026-07-13T20:15:41.903242Z  INFO gtk_status_bar::network: Network reachability probe completed target=198.51.100.1 success=false elapsed_ms=13
2026-07-13T20:15:41+00:00 machine gtk-status-bar[1210]: 2026-07-13T20:15:41.903303Z DEBUG gtk_status_bar::network: Sent network update label="\u{f091f} 28% \u{f0ac}"
2026-07-13T20:15:41+00:00 machine gtk-status-bar[1210]: 2026-07-13T20:15:41.903817Z DEBUG gtk_status_bar::widgets: Updating network label: 󰤟 28% 
2026-07-13T20:15:42+00:00 machine gtk-status-bar[1210]: 2026-07-13T20:15:42.025950Z DEBUG gtk_status_bar::widgets: Updating time label:  8:15 PM
2026-07-13T20:15:42+00:00 machine gtk-status-bar[1210]: 2026-07-13T20:15:42.156899Z DEBUG gtk_status_bar::widgets: Updating workspace - label: 'Special: evidence', color for workspace: -99
2026-07-13T20:15:42+00:00 machine gtk-status-bar[1210]: 2026-07-13T20:15:42.157145Z DEBUG gtk_status_bar::widgets: Updated title widget color to: rgba(67, 233, 123, 0.5) for workspace: -99
2026-07-13T20:15:42+00:00 machine gtk-status-bar[1210]: 2026-07-13T20:15:42.888576Z  INFO gtk_status_bar::network: Network reachability probe completed target=192.0.2.1 success=true elapsed_ms=12
2026-07-13T20:15:42+00:00 machine gtk-status-bar[1210]: 2026-07-13T20:15:42.888657Z DEBUG gtk_status_bar::network: Sent network update label="\u{f091f} 28% \u{f0ac}"
2026-07-13T20:15:42+00:00 machine gtk-status-bar[1210]: 2026-07-13T20:15:42.888895Z DEBUG gtk_status_bar::widgets: Updating network label: 󰤟 28% 
2026-07-13T20:15:43+00:00 machine gtk-status-bar[1210]: 2026-07-13T20:15:43.001531Z DEBUG gtk_status_bar::widgets: Updating time label:  8:15 PM
2026-07-13T20:15:43+00:00 machine gtk-status-bar[1210]: 2026-07-13T20:15:43.261135Z  INFO gtk_status_bar::network: Network reachability probe completed target=198.51.100.1 success=false elapsed_ms=11
2026-07-13T20:15:43+00:00 machine gtk-status-bar[1210]: 2026-07-13T20:15:43.261232Z DEBUG gtk_status_bar::network: Sent network update label="\u{f091f} 28% \u{f0ac}"
2026-07-13T20:15:43+00:00 machine gtk-status-bar[1210]: 2026-07-13T20:15:43.261460Z DEBUG gtk_status_bar::widgets: Updating network label: 󰤟 28% 
2026-07-13T20:15:44+00:00 machine gtk-status-bar[1210]: 2026-07-13T20:15:44.014864Z DEBUG gtk_status_bar::widgets: Updating time label:  8:15 PM
2026-07-13T20:15:44+00:00 machine gtk-status-bar[1210]: 2026-07-13T20:15:44.793960Z DEBUG gtk_status_bar::widgets: Updating workspace - label: 'Workspace 11', color for workspace: 11
2026-07-13T20:15:44+00:00 machine gtk-status-bar[1210]: 2026-07-13T20:15:44.794182Z DEBUG gtk_status_bar::widgets: Updated title widget color to: rgba(67, 233, 123, 0.5) for workspace: 11
2026-07-13T20:15:45+00:00 machine gtk-status-bar[1210]: 2026-07-13T20:15:45.001425Z DEBUG gtk_status_bar::widgets: Updating time label:  8:15 PM
2026-07-13T20:15:45+00:00 machine gtk-status-bar[1210]: 2026-07-13T20:15:45.020987Z DEBUG gtk_status_bar::widgets: Updating workspace - label: 'Special: special', color for workspace: -99
2026-07-13T20:15:45+00:00 machine gtk-status-bar[1210]: 2026-07-13T20:15:45.022903Z DEBUG gtk_status_bar::widgets: Updated title widget color to: rgba(67, 233, 123, 0.5) for workspace: -99
2026-07-13T20:15:45+00:00 machine gtk-status-bar[1210]: 2026-07-13T20:15:45.238515Z  INFO gtk_status_bar::network: Network reachability probe completed target=192.0.2.1 success=true elapsed_ms=20
2026-07-13T20:15:45+00:00 machine gtk-status-bar[1210]: 2026-07-13T20:15:45.238574Z DEBUG gtk_status_bar::network: Sent network update label="\u{f091f} 28% \u{f0ac}"
2026-07-13T20:15:45+00:00 machine gtk-status-bar[1210]: 2026-07-13T20:15:45.238810Z DEBUG gtk_status_bar::widgets: Updating network label: 󰤟 28% 
2026-07-13T20:15:46+00:00 machine gtk-status-bar[1210]: 2026-07-13T20:15:46.001833Z DEBUG gtk_status_bar::widgets: Updating time label:  8:15 PM
2026-07-13T20:15:46+00:00 machine gtk-status-bar[1210]: 2026-07-13T20:15:46.895355Z  INFO gtk_status_bar::network: Network reachability probe completed target=198.51.100.1 success=false elapsed_ms=15
2026-07-13T20:15:46+00:00 machine gtk-status-bar[1210]: 2026-07-13T20:15:46.895412Z DEBUG gtk_status_bar::network: Sent network update label="\u{f091f} 28% \u{f0ac}"
2026-07-13T20:15:46+00:00 machine gtk-status-bar[1210]: 2026-07-13T20:15:46.895618Z DEBUG gtk_status_bar::widgets: Updating network label: 󰤟 28% 
2026-07-13T20:15:46+00:00 machine gtk-status-bar[1210]: 2026-07-13T20:15:46.975624Z  INFO gtk_status_bar::network: Network reachability probe completed target=198.51.100.1 success=false elapsed_ms=14
2026-07-13T20:15:46+00:00 machine gtk-status-bar[1210]: 2026-07-13T20:15:46.975751Z DEBUG gtk_status_bar::network: Sent network update label="\u{f091f} 28% \u{f0ac}"
2026-07-13T20:15:46+00:00 machine gtk-status-bar[1210]: 2026-07-13T20:15:46.975887Z DEBUG gtk_status_bar::widgets: Updating network label: 󰤟 28% 
2026-07-13T20:15:47+00:00 machine gtk-status-bar[1210]: 2026-07-13T20:15:47.001232Z DEBUG gtk_status_bar::widgets: Updating time label:  8:15 PM
2026-07-13T20:15:47+00:00 machine gtk-status-bar[1210]: 2026-07-13T20:15:47.405539Z  INFO gtk_status_bar::network: Network reachability probe completed target=192.0.2.1 success=true elapsed_ms=16
2026-07-13T20:15:47+00:00 machine gtk-status-bar[1210]: 2026-07-13T20:15:47.405605Z DEBUG gtk_status_bar::network: Sent network update label="\u{f091f} 28% \u{f0ac}"
2026-07-13T20:15:47+00:00 machine gtk-status-bar[1210]: 2026-07-13T20:15:47.405829Z DEBUG gtk_status_bar::widgets: Updating network label: 󰤟 28% 
2026-07-13T20:15:47+00:00 machine gtk-status-bar[1210]: 2026-07-13T20:15:47.739889Z DEBUG gtk_status_bar::widgets: Updating workspace - label: 'Workspace 11', color for workspace: 11
2026-07-13T20:15:47+00:00 machine gtk-status-bar[1210]: 2026-07-13T20:15:47.740110Z DEBUG gtk_status_bar::widgets: Updated title widget color to: rgba(67, 233, 123, 0.5) for workspace: 11
2026-07-13T20:15:47+00:00 machine gtk-status-bar[1210]: 2026-07-13T20:15:47.979905Z DEBUG gtk_status_bar::hypr: Handling workspace change event
2026-07-13T20:15:47+00:00 machine gtk-status-bar[1210]: 2026-07-13T20:15:47.979952Z DEBUG gtk_status_bar::hypr: Workspace changed to: Workspace u
2026-07-13T20:15:47+00:00 machine gtk-status-bar[1210]: 2026-07-13T20:15:47.980664Z DEBUG gtk_status_bar::widgets: Updating workspace - label: 'Workspace u', color for workspace: 1
2026-07-13T20:15:47+00:00 machine gtk-status-bar[1210]: 2026-07-13T20:15:47.981007Z DEBUG gtk_status_bar::widgets: Updated title widget color to: rgba(122, 162, 247, 0.5) for workspace: 1
2026-07-13T20:15:48+00:00 machine gtk-status-bar[1210]: 2026-07-13T20:15:48.000600Z DEBUG gtk_status_bar::widgets: Updating time label:  8:15 PM
2026-07-13T20:15:48+00:00 machine gtk-status-bar[1210]: 2026-07-13T20:15:48.273302Z DEBUG gtk_status_bar::hypr: Handling workspace change event
2026-07-13T20:15:48+00:00 machine gtk-status-bar[1210]: 2026-07-13T20:15:48.273340Z DEBUG gtk_status_bar::hypr: Workspace changed to: Workspace i
2026-07-13T20:15:48+00:00 machine gtk-status-bar[1210]: 2026-07-13T20:15:48.281056Z DEBUG gtk_status_bar::widgets: Updating workspace - label: 'Workspace i', color for workspace: 2
2026-07-13T20:15:48+00:00 machine gtk-status-bar[1210]: 2026-07-13T20:15:48.281290Z DEBUG gtk_status_bar::widgets: Updated title widget color to: rgba(125, 207, 255, 0.5) for workspace: 2
2026-07-13T20:15:48+00:00 machine gtk-status-bar[1210]: 2026-07-13T20:15:48.429447Z  INFO gtk_status_bar::network: Network reachability probe completed target=198.51.100.1 success=false elapsed_ms=18
2026-07-13T20:15:48+00:00 machine gtk-status-bar[1210]: 2026-07-13T20:15:48.429538Z DEBUG gtk_status_bar::network: Sent network update label="\u{f091f} 28% \u{f0ac}"
2026-07-13T20:15:48+00:00 machine gtk-status-bar[1210]: 2026-07-13T20:15:48.429784Z DEBUG gtk_status_bar::widgets: Updating network label: 󰤟 28% 
2026-07-13T20:15:48+00:00 machine gtk-status-bar[1210]: 2026-07-13T20:15:48.552001Z DEBUG gtk_status_bar::hypr: Handling workspace change event
2026-07-13T20:15:48+00:00 machine gtk-status-bar[1210]: 2026-07-13T20:15:48.552036Z DEBUG gtk_status_bar::hypr: Workspace changed to: Workspace o
2026-07-13T20:15:48+00:00 machine gtk-status-bar[1210]: 2026-07-13T20:15:48.552305Z DEBUG gtk_status_bar::widgets: Updating workspace - label: 'Workspace o', color for workspace: 3
2026-07-13T20:15:48+00:00 machine gtk-status-bar[1210]: 2026-07-13T20:15:48.552556Z DEBUG gtk_status_bar::widgets: Updated title widget color to: rgba(158, 206, 106, 0.5) for workspace: 3
2026-07-13T20:15:48+00:00 machine gtk-status-bar[1210]: 2026-07-13T20:15:48.786966Z DEBUG gtk_status_bar::hypr: Handling workspace change event
2026-07-13T20:15:48+00:00 machine gtk-status-bar[1210]: 2026-07-13T20:15:48.786999Z DEBUG gtk_status_bar::hypr: Workspace changed to: Workspace p
2026-07-13T20:15:48+00:00 machine gtk-status-bar[1210]: 2026-07-13T20:15:48.787267Z DEBUG gtk_status_bar::widgets: Updating workspace - label: 'Workspace p', color for workspace: 4
2026-07-13T20:15:48+00:00 machine gtk-status-bar[1210]: 2026-07-13T20:15:48.787469Z DEBUG gtk_status_bar::widgets: Updated title widget color to: rgba(187, 154, 247, 0.5) for workspace: 4
2026-07-13T20:15:48+00:00 machine gtk-status-bar[1210]: 2026-07-13T20:15:48.974520Z  INFO gtk_status_bar::network: Network reachability probe completed target=192.0.2.1 success=true elapsed_ms=10
2026-07-13T20:15:48+00:00 machine gtk-status-bar[1210]: 2026-07-13T20:15:48.974613Z DEBUG gtk_status_bar::network: Sent network update label="\u{f091f} 28% \u{f0ac}"
2026-07-13T20:15:48+00:00 machine gtk-status-bar[1210]: 2026-07-13T20:15:48.985435Z DEBUG gtk_status_bar::widgets: Updating network label: 󰤟 28% 
2026-07-13T20:15:49+00:00 machine gtk-status-bar[1210]: 2026-07-13T20:15:49.001063Z DEBUG gtk_status_bar::widgets: Updating time label:  8:15 PM
2026-07-13T20:15:49+00:00 machine gtk-status-bar[1210]: 2026-07-13T20:15:49.033452Z DEBUG gtk_status_bar::hypr: Handling workspace change event
2026-07-13T20:15:49+00:00 machine gtk-status-bar[1210]: 2026-07-13T20:15:49.033489Z DEBUG gtk_status_bar::hypr: Workspace changed to: Workspace j
2026-07-13T20:15:49+00:00 machine gtk-status-bar[1210]: 2026-07-13T20:15:49.033669Z DEBUG gtk_status_bar::widgets: Updating workspace - label: 'Workspace j', color for workspace: 5
2026-07-13T20:15:49+00:00 machine gtk-status-bar[1210]: 2026-07-13T20:15:49.049023Z DEBUG gtk_status_bar::widgets: Updated title widget color to: rgba(247, 118, 142, 0.5) for workspace: 5
2026-07-13T20:15:49+00:00 machine gtk-status-bar[1210]: 2026-07-13T20:15:49.286955Z DEBUG gtk_status_bar::hypr: Handling workspace change event
2026-07-13T20:15:49+00:00 machine gtk-status-bar[1210]: 2026-07-13T20:15:49.286995Z DEBUG gtk_status_bar::hypr: Workspace changed to: Workspace u
2026-07-13T20:15:49+00:00 machine gtk-status-bar[1210]: 2026-07-13T20:15:49.287199Z DEBUG gtk_status_bar::widgets: Updating workspace - label: 'Workspace u', color for workspace: 1
2026-07-13T20:15:49+00:00 machine gtk-status-bar[1210]: 2026-07-13T20:15:49.287413Z DEBUG gtk_status_bar::widgets: Updated title widget color to: rgba(122, 162, 247, 0.5) for workspace: 1
2026-07-13T20:15:49+00:00 machine gtk-status-bar[1210]: 2026-07-13T20:15:49.516615Z DEBUG gtk_status_bar::hypr: Handling workspace change event
2026-07-13T20:15:49+00:00 machine gtk-status-bar[1210]: 2026-07-13T20:15:49.516654Z DEBUG gtk_status_bar::hypr: Workspace changed to: Workspace i
2026-07-13T20:15:49+00:00 machine gtk-status-bar[1210]: 2026-07-13T20:15:49.516976Z DEBUG gtk_status_bar::widgets: Updating workspace - label: 'Workspace i', color for workspace: 2
2026-07-13T20:15:49+00:00 machine gtk-status-bar[1210]: 2026-07-13T20:15:49.517164Z DEBUG gtk_status_bar::widgets: Updated title widget color to: rgba(125, 207, 255, 0.5) for workspace: 2
2026-07-13T20:15:49+00:00 machine gtk-status-bar[1210]: 2026-07-13T20:15:49.803056Z DEBUG gtk_status_bar::hypr: Handling workspace change event
2026-07-13T20:15:49+00:00 machine gtk-status-bar[1210]: 2026-07-13T20:15:49.803092Z DEBUG gtk_status_bar::hypr: Workspace changed to: Workspace o
2026-07-13T20:15:49+00:00 machine gtk-status-bar[1210]: 2026-07-13T20:15:49.803352Z DEBUG gtk_status_bar::widgets: Updating workspace - label: 'Workspace o', color for workspace: 3
2026-07-13T20:15:49+00:00 machine gtk-status-bar[1210]: 2026-07-13T20:15:49.803547Z DEBUG gtk_status_bar::widgets: Updated title widget color to: rgba(158, 206, 106, 0.5) for workspace: 3
2026-07-13T20:15:50+00:00 machine gtk-status-bar[1210]: 2026-07-13T20:15:50.001755Z DEBUG gtk_status_bar::widgets: Updating time label:  8:15 PM
2026-07-13T20:15:50+00:00 machine gtk-status-bar[1210]: 2026-07-13T20:15:50.064787Z DEBUG gtk_status_bar::hypr: Handling workspace change event
2026-07-13T20:15:50+00:00 machine gtk-status-bar[1210]: 2026-07-13T20:15:50.064829Z DEBUG gtk_status_bar::hypr: Workspace changed to: Workspace p
2026-07-13T20:15:50+00:00 machine gtk-status-bar[1210]: 2026-07-13T20:15:50.065099Z DEBUG gtk_status_bar::widgets: Updating workspace - label: 'Workspace p', color for workspace: 4
2026-07-13T20:15:50+00:00 machine gtk-status-bar[1210]: 2026-07-13T20:15:50.066280Z DEBUG gtk_status_bar::widgets: Updated title widget color to: rgba(187, 154, 247, 0.5) for workspace: 4
2026-07-13T20:15:50+00:00 machine gtk-status-bar[1210]: 2026-07-13T20:15:50.325359Z DEBUG gtk_status_bar::hypr: Handling workspace change event
2026-07-13T20:15:50+00:00 machine gtk-status-bar[1210]: 2026-07-13T20:15:50.325409Z DEBUG gtk_status_bar::hypr: Workspace changed to: Workspace j
2026-07-13T20:15:50+00:00 machine gtk-status-bar[1210]: 2026-07-13T20:15:50.326900Z DEBUG gtk_status_bar::widgets: Updating workspace - label: 'Workspace j', color for workspace: 5
2026-07-13T20:15:50+00:00 machine gtk-status-bar[1210]: 2026-07-13T20:15:50.327102Z DEBUG gtk_status_bar::widgets: Updated title widget color to: rgba(247, 118, 142, 0.5) for workspace: 5
2026-07-13T20:15:50+00:00 machine gtk-status-bar[1210]: 2026-07-13T20:15:50.578008Z  INFO gtk_status_bar::network: Network reachability probe completed target=198.51.100.1 success=false elapsed_ms=13
2026-07-13T20:15:50+00:00 machine gtk-status-bar[1210]: 2026-07-13T20:15:50.578065Z DEBUG gtk_status_bar::network: Sent network update label="\u{f091f} 28% \u{f0ac}"
2026-07-13T20:15:50+00:00 machine gtk-status-bar[1210]: 2026-07-13T20:15:50.578273Z DEBUG gtk_status_bar::widgets: Updating network label: 󰤟 28% 
2026-07-13T20:15:50+00:00 machine gtk-status-bar[1210]: 2026-07-13T20:15:50.608213Z DEBUG gtk_status_bar::hypr: Handling workspace change event
2026-07-13T20:15:50+00:00 machine gtk-status-bar[1210]: 2026-07-13T20:15:50.608248Z DEBUG gtk_status_bar::hypr: Workspace changed to: Workspace u
2026-07-13T20:15:50+00:00 machine gtk-status-bar[1210]: 2026-07-13T20:15:50.619000Z DEBUG gtk_status_bar::widgets: Updating workspace - label: 'Workspace u', color for workspace: 1
2026-07-13T20:15:50+00:00 machine gtk-status-bar[1210]: 2026-07-13T20:15:50.619233Z DEBUG gtk_status_bar::widgets: Updated title widget color to: rgba(122, 162, 247, 0.5) for workspace: 1
2026-07-13T20:15:50+00:00 machine gtk-status-bar[1210]: 2026-07-13T20:15:50.879911Z DEBUG gtk_status_bar::hypr: Handling workspace change event
2026-07-13T20:15:50+00:00 machine gtk-status-bar[1210]: 2026-07-13T20:15:50.879954Z DEBUG gtk_status_bar::hypr: Workspace changed to: Workspace i
2026-07-13T20:15:50+00:00 machine gtk-status-bar[1210]: 2026-07-13T20:15:50.881982Z DEBUG gtk_status_bar::widgets: Updating workspace - label: 'Workspace i', color for workspace: 2
2026-07-13T20:15:50+00:00 machine gtk-status-bar[1210]: 2026-07-13T20:15:50.882263Z DEBUG gtk_status_bar::widgets: Updated title widget color to: rgba(125, 207, 255, 0.5) for workspace: 2
2026-07-13T20:15:51+00:00 machine gtk-status-bar[1210]: 2026-07-13T20:15:51.001057Z DEBUG gtk_status_bar::widgets: Updating time label:  8:15 PM
2026-07-13T20:15:51+00:00 machine gtk-status-bar[1210]: 2026-07-13T20:15:51.074769Z  INFO gtk_status_bar::network: Network reachability probe completed target=192.0.2.1 success=true elapsed_ms=35
2026-07-13T20:15:51+00:00 machine gtk-status-bar[1210]: 2026-07-13T20:15:51.074846Z DEBUG gtk_status_bar::network: Sent network update label="\u{f091f} 28% \u{f0ac}"
2026-07-13T20:15:51+00:00 machine gtk-status-bar[1210]: 2026-07-13T20:15:51.075116Z DEBUG gtk_status_bar::widgets: Updating network label: 󰤟 28% 
2026-07-13T20:15:51+00:00 machine gtk-status-bar[1210]: 2026-07-13T20:15:51.200369Z DEBUG gtk_status_bar::hypr: Handling workspace change event
2026-07-13T20:15:51+00:00 machine gtk-status-bar[1210]: 2026-07-13T20:15:51.200405Z DEBUG gtk_status_bar::hypr: Workspace changed to: Workspace o
2026-07-13T20:15:51+00:00 machine gtk-status-bar[1210]: 2026-07-13T20:15:51.200754Z DEBUG gtk_status_bar::widgets: Updating workspace - label: 'Workspace o', color for workspace: 3
2026-07-13T20:15:51+00:00 machine gtk-status-bar[1210]: 2026-07-13T20:15:51.201009Z DEBUG gtk_status_bar::widgets: Updated title widget color to: rgba(158, 206, 106, 0.5) for workspace: 3
2026-07-13T20:15:51+00:00 machine gtk-status-bar[1210]: 2026-07-13T20:15:51.433398Z DEBUG gtk_status_bar::hypr: Handling workspace change event
2026-07-13T20:15:51+00:00 machine gtk-status-bar[1210]: 2026-07-13T20:15:51.433438Z DEBUG gtk_status_bar::hypr: Workspace changed to: Workspace p
2026-07-13T20:15:51+00:00 machine gtk-status-bar[1210]: 2026-07-13T20:15:51.433780Z DEBUG gtk_status_bar::widgets: Updating workspace - label: 'Workspace p', color for workspace: 4
2026-07-13T20:15:51+00:00 machine gtk-status-bar[1210]: 2026-07-13T20:15:51.434008Z DEBUG gtk_status_bar::widgets: Updated title widget color to: rgba(187, 154, 247, 0.5) for workspace: 4
2026-07-13T20:15:51+00:00 machine gtk-status-bar[1210]: 2026-07-13T20:15:51.645352Z DEBUG gtk_status_bar::hypr: Handling workspace change event
2026-07-13T20:15:51+00:00 machine gtk-status-bar[1210]: 2026-07-13T20:15:51.645396Z DEBUG gtk_status_bar::hypr: Workspace changed to: Workspace j
2026-07-13T20:15:51+00:00 machine gtk-status-bar[1210]: 2026-07-13T20:15:51.645827Z DEBUG gtk_status_bar::widgets: Updating workspace - label: 'Workspace j', color for workspace: 5
2026-07-13T20:15:51+00:00 machine gtk-status-bar[1210]: 2026-07-13T20:15:51.646018Z DEBUG gtk_status_bar::widgets: Updated title widget color to: rgba(247, 118, 142, 0.5) for workspace: 5
2026-07-13T20:15:51+00:00 machine gtk-status-bar[1210]: 2026-07-13T20:15:51.858369Z  INFO gtk_status_bar::network: Network reachability probe completed target=192.0.2.1 success=true elapsed_ms=13
2026-07-13T20:15:51+00:00 machine gtk-status-bar[1210]: 2026-07-13T20:15:51.858430Z DEBUG gtk_status_bar::network: Sent network update label="\u{f091f} 28% \u{f0ac}"
2026-07-13T20:15:51+00:00 machine gtk-status-bar[1210]: 2026-07-13T20:15:51.858636Z DEBUG gtk_status_bar::widgets: Updating network label: 󰤟 28% 
2026-07-13T20:15:51+00:00 machine gtk-status-bar[1210]: 2026-07-13T20:15:51.891830Z DEBUG gtk_status_bar::hypr: Handling workspace change event
2026-07-13T20:15:51+00:00 machine gtk-status-bar[1210]: 2026-07-13T20:15:51.891887Z DEBUG gtk_status_bar::hypr: Workspace changed to: Workspace u
2026-07-13T20:15:51+00:00 machine gtk-status-bar[1210]: 2026-07-13T20:15:51.893256Z DEBUG gtk_status_bar::widgets: Updating workspace - label: 'Workspace u', color for workspace: 1
2026-07-13T20:15:51+00:00 machine gtk-status-bar[1210]: 2026-07-13T20:15:51.893486Z DEBUG gtk_status_bar::widgets: Updated title widget color to: rgba(122, 162, 247, 0.5) for workspace: 1
2026-07-13T20:15:52+00:00 machine gtk-status-bar[1210]: 2026-07-13T20:15:52.002908Z DEBUG gtk_status_bar::widgets: Updating time label:  8:15 PM
2026-07-13T20:15:52+00:00 machine gtk-status-bar[1210]: 2026-07-13T20:15:52.076001Z  INFO gtk_status_bar::network: Network reachability probe completed target=198.51.100.1 success=false elapsed_ms=11
2026-07-13T20:15:52+00:00 machine gtk-status-bar[1210]: 2026-07-13T20:15:52.076051Z DEBUG gtk_status_bar::network: Sent network update label="\u{f091f} 28% \u{f0ac}"
2026-07-13T20:15:52+00:00 machine gtk-status-bar[1210]: 2026-07-13T20:15:52.076239Z DEBUG gtk_status_bar::widgets: Updating network label: 󰤟 28% 
2026-07-13T20:15:52+00:00 machine gtk-status-bar[1210]: 2026-07-13T20:15:52.166276Z DEBUG gtk_status_bar::hypr: Handling workspace change event
2026-07-13T20:15:52+00:00 machine gtk-status-bar[1210]: 2026-07-13T20:15:52.166338Z DEBUG gtk_status_bar::hypr: Workspace changed to: Workspace i
2026-07-13T20:15:52+00:00 machine gtk-status-bar[1210]: 2026-07-13T20:15:52.166621Z DEBUG gtk_status_bar::widgets: Updating workspace - label: 'Workspace i', color for workspace: 2
2026-07-13T20:15:52+00:00 machine gtk-status-bar[1210]: 2026-07-13T20:15:52.166962Z DEBUG gtk_status_bar::widgets: Updated title widget color to: rgba(125, 207, 255, 0.5) for workspace: 2
2026-07-13T20:15:52+00:00 machine gtk-status-bar[1210]: 2026-07-13T20:15:52.420361Z DEBUG gtk_status_bar::hypr: Handling workspace change event
2026-07-13T20:15:52+00:00 machine gtk-status-bar[1210]: 2026-07-13T20:15:52.420396Z DEBUG gtk_status_bar::hypr: Workspace changed to: Workspace o
2026-07-13T20:15:52+00:00 machine gtk-status-bar[1210]: 2026-07-13T20:15:52.420615Z DEBUG gtk_status_bar::widgets: Updating workspace - label: 'Workspace o', color for workspace: 3
2026-07-13T20:15:52+00:00 machine gtk-status-bar[1210]: 2026-07-13T20:15:52.420886Z DEBUG gtk_status_bar::widgets: Updated title widget color to: rgba(158, 206, 106, 0.5) for workspace: 3
2026-07-13T20:15:52+00:00 machine gtk-status-bar[1210]: 2026-07-13T20:15:52.539944Z  INFO gtk_status_bar::network: Network reachability probe completed target=198.51.100.1 success=false elapsed_ms=16
2026-07-13T20:15:52+00:00 machine gtk-status-bar[1210]: 2026-07-13T20:15:52.540008Z DEBUG gtk_status_bar::network: Sent network update label="\u{f091f} 28% \u{f0ac}"
2026-07-13T20:15:52+00:00 machine gtk-status-bar[1210]: 2026-07-13T20:15:52.540303Z DEBUG gtk_status_bar::widgets: Updating network label: 󰤟 28% 
2026-07-13T20:15:52+00:00 machine gtk-status-bar[1210]: 2026-07-13T20:15:52.655444Z  INFO gtk_status_bar::network: Network reachability probe completed target=192.0.2.1 success=true elapsed_ms=12
2026-07-13T20:15:52+00:00 machine gtk-status-bar[1210]: 2026-07-13T20:15:52.655500Z DEBUG gtk_status_bar::network: Sent network update label="\u{f091f} 28% \u{f0ac}"
2026-07-13T20:15:52+00:00 machine gtk-status-bar[1210]: 2026-07-13T20:15:52.657918Z DEBUG gtk_status_bar::hypr: Handling workspace change event
2026-07-13T20:15:52+00:00 machine gtk-status-bar[1210]: 2026-07-13T20:15:52.657958Z DEBUG gtk_status_bar::hypr: Workspace changed to: Workspace p
2026-07-13T20:15:52+00:00 machine gtk-status-bar[1210]: 2026-07-13T20:15:52.676012Z DEBUG gtk_status_bar::widgets: Updating network label: 󰤟 28% 
2026-07-13T20:15:52+00:00 machine gtk-status-bar[1210]: 2026-07-13T20:15:52.688390Z DEBUG gtk_status_bar::widgets: Updating workspace - label: 'Workspace p', color for workspace: 4
2026-07-13T20:15:52+00:00 machine gtk-status-bar[1210]: 2026-07-13T20:15:52.693215Z DEBUG gtk_status_bar::widgets: Updated title widget color to: rgba(187, 154, 247, 0.5) for workspace: 4
2026-07-13T20:15:52+00:00 machine gtk-status-bar[1210]: 2026-07-13T20:15:52.900044Z DEBUG gtk_status_bar::hypr: Handling workspace change event
2026-07-13T20:15:52+00:00 machine gtk-status-bar[1210]: 2026-07-13T20:15:52.900083Z DEBUG gtk_status_bar::hypr: Workspace changed to: Workspace j
2026-07-13T20:15:52+00:00 machine gtk-status-bar[1210]: 2026-07-13T20:15:52.900409Z DEBUG gtk_status_bar::widgets: Updating workspace - label: 'Workspace j', color for workspace: 5
2026-07-13T20:15:52+00:00 machine gtk-status-bar[1210]: 2026-07-13T20:15:52.900754Z DEBUG gtk_status_bar::widgets: Updated title widget color to: rgba(247, 118, 142, 0.5) for workspace: 5
2026-07-13T20:15:53+00:00 machine gtk-status-bar[1210]: 2026-07-13T20:15:53.001301Z DEBUG gtk_status_bar::widgets: Updating time label:  8:15 PM
2026-07-13T20:15:53+00:00 machine gtk-status-bar[1210]: 2026-07-13T20:15:53.138561Z DEBUG gtk_status_bar::hypr: Handling workspace change event
2026-07-13T20:15:53+00:00 machine gtk-status-bar[1210]: 2026-07-13T20:15:53.138601Z DEBUG gtk_status_bar::hypr: Workspace changed to: Workspace c
2026-07-13T20:15:53+00:00 machine gtk-status-bar[1210]: 2026-07-13T20:15:53.138979Z DEBUG gtk_status_bar::widgets: Updating workspace - label: 'Workspace c', color for workspace: 10
2026-07-13T20:15:53+00:00 machine gtk-status-bar[1210]: 2026-07-13T20:15:53.139203Z DEBUG gtk_status_bar::widgets: Updated title widget color to: rgba(13, 185, 215, 0.5) for workspace: 10
2026-07-13T20:15:53+00:00 machine gtk-status-bar[1210]: 2026-07-13T20:15:53.201864Z  INFO gtk_status_bar::network: Network reachability probe completed target=192.0.2.1 success=true elapsed_ms=12
2026-07-13T20:15:53+00:00 machine gtk-status-bar[1210]: 2026-07-13T20:15:53.201918Z DEBUG gtk_status_bar::network: Sent network update label="\u{f091f} 28% \u{f0ac}"
2026-07-13T20:15:53+00:00 machine gtk-status-bar[1210]: 2026-07-13T20:15:53.214403Z DEBUG gtk_status_bar::widgets: Updating network label: 󰤟 28% 
2026-07-13T20:15:53+00:00 machine gtk-status-bar[1210]: 2026-07-13T20:15:53.915856Z  INFO gtk_status_bar::network: Network reachability probe completed target=198.51.100.1 success=false elapsed_ms=16
2026-07-13T20:15:53+00:00 machine gtk-status-bar[1210]: 2026-07-13T20:15:53.915917Z DEBUG gtk_status_bar::network: Sent network update label="\u{f091f} 28% \u{f0ac}"
2026-07-13T20:15:53+00:00 machine gtk-status-bar[1210]: 2026-07-13T20:15:53.916100Z DEBUG gtk_status_bar::widgets: Updating network label: 󰤟 28% 
2026-07-13T20:15:54+00:00 machine gtk-status-bar[1210]: 2026-07-13T20:15:54.000879Z DEBUG gtk_status_bar::widgets: Updating time label:  8:15 PM
2026-07-13T20:15:55+00:00 machine gtk-status-bar[1210]: 2026-07-13T20:15:55.002296Z DEBUG gtk_status_bar::widgets: Updating time label:  8:15 PM
2026-07-13T20:15:55+00:00 machine gtk-status-bar[1210]: 2026-07-13T20:15:55.043364Z  INFO gtk_status_bar::network: Network reachability probe completed target=198.51.100.1 success=false elapsed_ms=10
2026-07-13T20:15:55+00:00 machine gtk-status-bar[1210]: 2026-07-13T20:15:55.043422Z DEBUG gtk_status_bar::network: Sent network update label="\u{f091f} 28% \u{f0ac}"
2026-07-13T20:15:55+00:00 machine gtk-status-bar[1210]: 2026-07-13T20:15:55.043574Z DEBUG gtk_status_bar::widgets: Updating network label: 󰤟 28% 
2026-07-13T20:15:55+00:00 machine gtk-status-bar[1210]: 2026-07-13T20:15:55.728938Z  INFO gtk_status_bar::network: Network reachability probe completed target=192.0.2.1 success=true elapsed_ms=20
2026-07-13T20:15:55+00:00 machine gtk-status-bar[1210]: 2026-07-13T20:15:55.729215Z DEBUG gtk_status_bar::network: Sent network update label="\u{f091f} 28% \u{f0ac}"
2026-07-13T20:15:55+00:00 machine gtk-status-bar[1210]: 2026-07-13T20:15:55.729442Z DEBUG gtk_status_bar::widgets: Updating network label: 󰤟 28% 
2026-07-13T20:15:55+00:00 machine gtk-status-bar[1210]: 2026-07-13T20:15:55.898062Z DEBUG gtk_status_bar::hypr: Handling workspace change event
2026-07-13T20:15:55+00:00 machine gtk-status-bar[1210]: 2026-07-13T20:15:55.898105Z DEBUG gtk_status_bar::hypr: Workspace changed to: Workspace i
2026-07-13T20:15:55+00:00 machine gtk-status-bar[1210]: 2026-07-13T20:15:55.898349Z DEBUG gtk_status_bar::widgets: Updating workspace - label: 'Workspace i', color for workspace: 2
2026-07-13T20:15:55+00:00 machine gtk-status-bar[1210]: 2026-07-13T20:15:55.914457Z DEBUG gtk_status_bar::widgets: Updated title widget color to: rgba(125, 207, 255, 0.5) for workspace: 2
2026-07-13T20:15:56+00:00 machine gtk-status-bar[1210]: 2026-07-13T20:15:56.000744Z DEBUG gtk_status_bar::widgets: Updating time label:  8:15 PM
2026-07-13T20:15:56+00:00 machine gtk-status-bar[1210]: 2026-07-13T20:15:56.524920Z  INFO gtk_status_bar::network: Network reachability probe completed target=198.51.100.1 success=false elapsed_ms=14
2026-07-13T20:15:56+00:00 machine gtk-status-bar[1210]: 2026-07-13T20:15:56.524976Z DEBUG gtk_status_bar::network: Sent network update label="\u{f091f} 28% \u{f0ac}"
2026-07-13T20:15:56+00:00 machine gtk-status-bar[1210]: 2026-07-13T20:15:56.525123Z DEBUG gtk_status_bar::widgets: Updating network label: 󰤟 28% 
2026-07-13T20:15:57+00:00 machine gtk-status-bar[1210]: 2026-07-13T20:15:57.001653Z DEBUG gtk_status_bar::widgets: Updating time label:  8:15 PM
2026-07-13T20:15:57+00:00 machine gtk-status-bar[1210]: 2026-07-13T20:15:57.154868Z DEBUG gtk_status_bar::hypr: Handling title change event
2026-07-13T20:15:57+00:00 machine gtk-status-bar[1210]: 2026-07-13T20:15:57.162759Z DEBUG gtk_status_bar::hypr: No active client matches the title change event
2026-07-13T20:15:57+00:00 machine gtk-status-bar[1210]: 2026-07-13T20:15:57.242142Z DEBUG gtk_status_bar::hypr: Handling active window change event
2026-07-13T20:15:57+00:00 machine gtk-status-bar[1210]: 2026-07-13T20:15:57.242177Z DEBUG gtk_status_bar::hypr: Window data - class: 'kitty', title: 'kitty', address: '0x5947a452b960'
2026-07-13T20:15:57+00:00 machine gtk-status-bar[1210]: 2026-07-13T20:15:57.242199Z DEBUG gtk_status_bar::hypr: Active window changed title="kitty" class="kitty"
2026-07-13T20:15:57+00:00 machine gtk-status-bar[1210]: 2026-07-13T20:15:57.242868Z DEBUG gtk_status_bar::widgets: Updating title widget title="kitty" class="kitty"
2026-07-13T20:15:57+00:00 machine gtk-status-bar[1210]: 2026-07-13T20:15:57.480060Z DEBUG gtk_status_bar::widgets: Resolved title icon from desktop application metadata class="kitty"
2026-07-13T20:15:57+00:00 machine gtk-status-bar[1210]: 2026-07-13T20:15:57.530849Z  INFO gtk_status_bar::network: Network reachability probe completed target=192.0.2.1 success=true elapsed_ms=14
2026-07-13T20:15:57+00:00 machine gtk-status-bar[1210]: 2026-07-13T20:15:57.530899Z DEBUG gtk_status_bar::network: Sent network update label="\u{f091f} 28% \u{f0ac}"
2026-07-13T20:15:57+00:00 machine gtk-status-bar[1210]: 2026-07-13T20:15:57.531090Z DEBUG gtk_status_bar::widgets: Updating network label: 󰤟 28% 
2026-07-13T20:15:58+00:00 machine gtk-status-bar[1210]: 2026-07-13T20:15:58.001797Z DEBUG gtk_status_bar::widgets: Updating time label:  8:15 PM
2026-07-13T20:15:59+00:00 machine gtk-status-bar[1210]: 2026-07-13T20:15:59.001949Z DEBUG gtk_status_bar::widgets: Updating time label:  8:15 PM
2026-07-13T20:15:59+00:00 machine gtk-status-bar[1210]: 2026-07-13T20:15:59.281968Z  INFO gtk_status_bar::network: Network reachability probe completed target=192.0.2.1 success=true elapsed_ms=16
2026-07-13T20:15:59+00:00 machine gtk-status-bar[1210]: 2026-07-13T20:15:59.282022Z DEBUG gtk_status_bar::network: Sent network update label="\u{f091f} 28% \u{f0ac}"
2026-07-13T20:15:59+00:00 machine gtk-status-bar[1210]: 2026-07-13T20:15:59.282257Z DEBUG gtk_status_bar::widgets: Updating network label: 󰤟 28% 
2026-07-13T20:15:59+00:00 machine gtk-status-bar[1210]: 2026-07-13T20:15:59.460816Z DEBUG gtk_status_bar::hypr: Handling title change event
2026-07-13T20:15:59+00:00 machine gtk-status-bar[1210]: 2026-07-13T20:15:59.482209Z DEBUG gtk_status_bar::hypr: Title changed title="bash" class="kitty"
2026-07-13T20:15:59+00:00 machine gtk-status-bar[1210]: 2026-07-13T20:15:59.482278Z DEBUG gtk_status_bar::hypr: Handling active window change event
2026-07-13T20:15:59+00:00 machine gtk-status-bar[1210]: 2026-07-13T20:15:59.482297Z DEBUG gtk_status_bar::hypr: Window data - class: 'kitty', title: 'bash', address: '0x5947a452b960'
2026-07-13T20:15:59+00:00 machine gtk-status-bar[1210]: 2026-07-13T20:15:59.482316Z DEBUG gtk_status_bar::hypr: Active window changed title="bash" class="kitty"
2026-07-13T20:15:59+00:00 machine gtk-status-bar[1210]: 2026-07-13T20:15:59.483735Z DEBUG gtk_status_bar::widgets: Updating title widget title="bash" class="kitty"
2026-07-13T20:15:59+00:00 machine gtk-status-bar[1210]: 2026-07-13T20:15:59.483913Z DEBUG gtk_status_bar::widgets: Updating title widget title="bash" class="kitty"
2026-07-13T20:15:59+00:00 machine gtk-status-bar[1210]: 2026-07-13T20:15:59.501438Z DEBUG gtk_status_bar::hypr: Handling title change event
2026-07-13T20:15:59+00:00 machine gtk-status-bar[1210]: 2026-07-13T20:15:59.502350Z DEBUG gtk_status_bar::hypr: Title changed title="admin@machine: ~" class="kitty"
2026-07-13T20:15:59+00:00 machine gtk-status-bar[1210]: 2026-07-13T20:15:59.502390Z DEBUG gtk_status_bar::hypr: Handling active window change event
2026-07-13T20:15:59+00:00 machine gtk-status-bar[1210]: 2026-07-13T20:15:59.502410Z DEBUG gtk_status_bar::hypr: Window data - class: 'kitty', title: 'admin@machine: ~', address: '0x5947a452b960'
2026-07-13T20:15:59+00:00 machine gtk-status-bar[1210]: 2026-07-13T20:15:59.502426Z DEBUG gtk_status_bar::hypr: Active window changed title="admin@machine: ~" class="kitty"
2026-07-13T20:15:59+00:00 machine gtk-status-bar[1210]: 2026-07-13T20:15:59.502485Z DEBUG gtk_status_bar::widgets: Updating title widget title="admin@machine: ~" class="kitty"
2026-07-13T20:15:59+00:00 machine gtk-status-bar[1210]: 2026-07-13T20:15:59.502614Z DEBUG gtk_status_bar::widgets: Updating title widget title="admin@machine: ~" class="kitty"
2026-07-13T20:16:00+00:00 machine gtk-status-bar[1210]: 2026-07-13T20:16:00.001976Z DEBUG gtk_status_bar::widgets: Updating time label:  8:16 PM
2026-07-13T20:16:01+00:00 machine gtk-status-bar[1210]: 2026-07-13T20:16:01.002539Z DEBUG gtk_status_bar::widgets: Updating time label:  8:16 PM
2026-07-13T20:16:01+00:00 machine gtk-status-bar[1210]: 2026-07-13T20:16:01.222849Z  INFO gtk_status_bar::network: Network reachability probe completed target=198.51.100.1 success=false elapsed_ms=15
2026-07-13T20:16:01+00:00 machine gtk-status-bar[1210]: 2026-07-13T20:16:01.222908Z DEBUG gtk_status_bar::network: Sent network update label="\u{f091f} 28% \u{f0ac}"
2026-07-13T20:16:01+00:00 machine gtk-status-bar[1210]: 2026-07-13T20:16:01.223094Z DEBUG gtk_status_bar::widgets: Updating network label: 󰤟 28% 
2026-07-13T20:16:02+00:00 machine gtk-status-bar[1210]: 2026-07-13T20:16:02.002211Z DEBUG gtk_status_bar::widgets: Updating time label:  8:16 PM
2026-07-13T20:16:02+00:00 machine gtk-status-bar[1210]: 2026-07-13T20:16:02.045590Z DEBUG gtk_status_bar::hypr: Handling title change event
2026-07-13T20:16:02+00:00 machine gtk-status-bar[1210]: 2026-07-13T20:16:02.064990Z DEBUG gtk_status_bar::hypr: Title changed title="Close OS window" class="kitty"
2026-07-13T20:16:02+00:00 machine gtk-status-bar[1210]: 2026-07-13T20:16:02.065068Z DEBUG gtk_status_bar::hypr: Handling active window change event
2026-07-13T20:16:02+00:00 machine gtk-status-bar[1210]: 2026-07-13T20:16:02.065088Z DEBUG gtk_status_bar::hypr: Window data - class: 'kitty', title: 'kitten', address: '0x5947a452b960'
2026-07-13T20:16:02+00:00 machine gtk-status-bar[1210]: 2026-07-13T20:16:02.065107Z DEBUG gtk_status_bar::hypr: Active window changed title="kitten" class="kitty"
2026-07-13T20:16:02+00:00 machine gtk-status-bar[1210]: 2026-07-13T20:16:02.065161Z DEBUG gtk_status_bar::hypr: Handling title change event
2026-07-13T20:16:02+00:00 machine gtk-status-bar[1210]: 2026-07-13T20:16:02.065559Z DEBUG gtk_status_bar::widgets: Updating title widget title="Close OS window" class="kitty"
2026-07-13T20:16:02+00:00 machine gtk-status-bar[1210]: 2026-07-13T20:16:02.065662Z DEBUG gtk_status_bar::widgets: Updating title widget title="kitten" class="kitty"
2026-07-13T20:16:02+00:00 machine gtk-status-bar[1210]: 2026-07-13T20:16:02.068031Z DEBUG gtk_status_bar::hypr: Title changed title="Close OS window" class="kitty"
2026-07-13T20:16:02+00:00 machine gtk-status-bar[1210]: 2026-07-13T20:16:02.068086Z DEBUG gtk_status_bar::hypr: Handling active window change event
2026-07-13T20:16:02+00:00 machine gtk-status-bar[1210]: 2026-07-13T20:16:02.068106Z DEBUG gtk_status_bar::hypr: Window data - class: 'kitty', title: 'Close OS window', address: '0x5947a452b960'
2026-07-13T20:16:02+00:00 machine gtk-status-bar[1210]: 2026-07-13T20:16:02.068124Z DEBUG gtk_status_bar::hypr: Active window changed title="Close OS window" class="kitty"
2026-07-13T20:16:02+00:00 machine gtk-status-bar[1210]: 2026-07-13T20:16:02.068389Z DEBUG gtk_status_bar::widgets: Updating title widget title="Close OS window" class="kitty"
2026-07-13T20:16:02+00:00 machine gtk-status-bar[1210]: 2026-07-13T20:16:02.068469Z DEBUG gtk_status_bar::widgets: Updating title widget title="Close OS window" class="kitty"
2026-07-13T20:16:02+00:00 machine gtk-status-bar[1210]: 2026-07-13T20:16:02.276745Z  INFO gtk_status_bar::network: Network reachability probe completed target=198.51.100.1 success=false elapsed_ms=14
2026-07-13T20:16:02+00:00 machine gtk-status-bar[1210]: 2026-07-13T20:16:02.276802Z DEBUG gtk_status_bar::network: Sent network update label="\u{f091f} 28% \u{f0ac}"
2026-07-13T20:16:02+00:00 machine gtk-status-bar[1210]: 2026-07-13T20:16:02.277119Z DEBUG gtk_status_bar::widgets: Updating network label: 󰤟 28% 
2026-07-13T20:16:02+00:00 machine gtk-status-bar[1210]: 2026-07-13T20:16:02.868055Z DEBUG gtk_status_bar::hypr: Handling title change event
2026-07-13T20:16:02+00:00 machine gtk-status-bar[1210]: 2026-07-13T20:16:02.868484Z DEBUG gtk_status_bar::hypr: No active client matches the title change event
2026-07-13T20:16:02+00:00 machine gtk-status-bar[1210]: 2026-07-13T20:16:02.909675Z DEBUG gtk_status_bar::hypr: Handling active window change event
2026-07-13T20:16:02+00:00 machine gtk-status-bar[1210]: 2026-07-13T20:16:02.909762Z DEBUG gtk_status_bar::hypr: Window data - class: 'kitty', title: 'hello', address: '0x5947a4519160'
2026-07-13T20:16:02+00:00 machine gtk-status-bar[1210]: 2026-07-13T20:16:02.909783Z DEBUG gtk_status_bar::hypr: Active window changed title="hello" class="kitty"
2026-07-13T20:16:02+00:00 machine gtk-status-bar[1210]: 2026-07-13T20:16:02.910088Z DEBUG gtk_status_bar::widgets: Updating title widget title="hello" class="kitty"
2026-07-13T20:16:03+00:00 machine gtk-status-bar[1210]: 2026-07-13T20:16:03.000623Z DEBUG gtk_status_bar::widgets: Updating time label:  8:16 PM
2026-07-13T20:16:04+00:00 machine gtk-status-bar[1210]: 2026-07-13T20:16:04.002094Z DEBUG gtk_status_bar::widgets: Updating time label:  8:16 PM
2026-07-13T20:16:04+00:00 machine gtk-status-bar[1210]: 2026-07-13T20:16:04.203557Z  INFO gtk_status_bar::network: Network reachability probe completed target=192.0.2.1 success=true elapsed_ms=14
2026-07-13T20:16:04+00:00 machine gtk-status-bar[1210]: 2026-07-13T20:16:04.203608Z DEBUG gtk_status_bar::network: Sent network update label="\u{f091f} 28% \u{f0ac}"
2026-07-13T20:16:04+00:00 machine gtk-status-bar[1210]: 2026-07-13T20:16:04.203859Z DEBUG gtk_status_bar::widgets: Updating network label: 󰤟 28% 
2026-07-13T20:16:05+00:00 machine gtk-status-bar[1210]: 2026-07-13T20:16:05.002444Z DEBUG gtk_status_bar::widgets: Updating time label:  8:16 PM
2026-07-13T20:16:05+00:00 machine gtk-status-bar[1210]: 2026-07-13T20:16:05.991829Z  INFO gtk_status_bar::network: Network reachability probe completed target=198.51.100.1 success=false elapsed_ms=18
2026-07-13T20:16:05+00:00 machine gtk-status-bar[1210]: 2026-07-13T20:16:05.992580Z DEBUG gtk_status_bar::network: Sent network update label="\u{f091f} 28% \u{f0ac}"
2026-07-13T20:16:05+00:00 machine gtk-status-bar[1210]: 2026-07-13T20:16:05.992767Z DEBUG gtk_status_bar::widgets: Updating network label: 󰤟 28% 
2026-07-13T20:16:06+00:00 machine gtk-status-bar[1210]: 2026-07-13T20:16:06.000947Z DEBUG gtk_status_bar::widgets: Updating time label:  8:16 PM
2026-07-13T20:16:07+00:00 machine gtk-status-bar[1210]: 2026-07-13T20:16:07.001981Z DEBUG gtk_status_bar::widgets: Updating time label:  8:16 PM
2026-07-13T20:16:07+00:00 machine gtk-status-bar[1210]: 2026-07-13T20:16:07.219683Z  INFO gtk_status_bar::network: Network reachability probe completed target=192.0.2.1 success=true elapsed_ms=12
2026-07-13T20:16:07+00:00 machine gtk-status-bar[1210]: 2026-07-13T20:16:07.219774Z DEBUG gtk_status_bar::network: Sent network update label="\u{f091f} 28% \u{f0ac}"
2026-07-13T20:16:07+00:00 machine gtk-status-bar[1210]: 2026-07-13T20:16:07.220062Z DEBUG gtk_status_bar::widgets: Updating network label: 󰤟 28% 
2026-07-13T20:16:08+00:00 machine gtk-status-bar[1210]: 2026-07-13T20:16:08.002109Z DEBUG gtk_status_bar::widgets: Updating time label:  8:16 PM
2026-07-13T20:16:08+00:00 machine gtk-status-bar[1210]: 2026-07-13T20:16:08.148206Z DEBUG gtk_status_bar::hypr: Handling title change event
2026-07-13T20:16:08+00:00 machine gtk-status-bar[1210]: 2026-07-13T20:16:08.149959Z DEBUG gtk_status_bar::hypr: No active client matches the title change event
2026-07-13T20:16:08+00:00 machine gtk-status-bar[1210]: 2026-07-13T20:16:08.200892Z DEBUG gtk_status_bar::hypr: Handling active window change event
2026-07-13T20:16:08+00:00 machine gtk-status-bar[1210]: 2026-07-13T20:16:08.200921Z DEBUG gtk_status_bar::hypr: Window data - class: 'kitty', title: 'AAAAAAAAAAAAAAAAAAAAAAAAAAAAAAAAAAAAAAAAAAAAAAAAAAAAAAAAAAAAAAAA', address: '0x5947a36f89f0'
2026-07-13T20:16:08+00:00 machine gtk-status-bar[1210]: 2026-07-13T20:16:08.200938Z DEBUG gtk_status_bar::hypr: Active window changed title="AAAAAAAAAAAAAAAAAAAAAAAAAAAAAAAAAAAAAAAAAAAAAAAAAAAAAAAAAAAAAAAA" class="kitty"
2026-07-13T20:16:08+00:00 machine gtk-status-bar[1210]: 2026-07-13T20:16:08.201133Z DEBUG gtk_status_bar::widgets: Updating title widget title="AAAAAAAAAAAAAAAAAAAAAAAAAAAAAAAAAAAAAAAAAAAAAAAAAAAAAAAAAAAAAAAA" class="kitty"
2026-07-13T20:16:08+00:00 machine gtk-status-bar[1210]: 2026-07-13T20:16:08.964274Z  INFO gtk_status_bar::network: Network reachability probe completed target=192.0.2.1 success=true elapsed_ms=11
2026-07-13T20:16:08+00:00 machine gtk-status-bar[1210]: 2026-07-13T20:16:08.964319Z DEBUG gtk_status_bar::network: Sent network update label="\u{f091f} 28% \u{f0ac}"
2026-07-13T20:16:08+00:00 machine gtk-status-bar[1210]: 2026-07-13T20:16:08.964476Z DEBUG gtk_status_bar::widgets: Updating network label: 󰤟 28% 
2026-07-13T20:16:09+00:00 machine gtk-status-bar[1210]: 2026-07-13T20:16:09.000516Z DEBUG gtk_status_bar::widgets: Updating time label:  8:16 PM
2026-07-13T20:16:10+00:00 machine gtk-status-bar[1210]: 2026-07-13T20:16:10.002106Z DEBUG gtk_status_bar::widgets: Updating time label:  8:16 PM
2026-07-13T20:16:10+00:00 machine gtk-status-bar[1210]: 2026-07-13T20:16:10.329147Z  INFO gtk_status_bar::network: Network reachability probe completed target=198.51.100.1 success=false elapsed_ms=14
2026-07-13T20:16:10+00:00 machine gtk-status-bar[1210]: 2026-07-13T20:16:10.329219Z DEBUG gtk_status_bar::network: Sent network update label="\u{f091f} 28% \u{f0ac}"
2026-07-13T20:16:10+00:00 machine gtk-status-bar[1210]: 2026-07-13T20:16:10.329400Z DEBUG gtk_status_bar::widgets: Updating network label: 󰤟 28% 
2026-07-13T20:16:11+00:00 machine gtk-status-bar[1210]: 2026-07-13T20:16:11.001184Z DEBUG gtk_status_bar::widgets: Updating time label:  8:16 PM
2026-07-13T20:16:11+00:00 machine gtk-status-bar[1210]: 2026-07-13T20:16:11.743901Z  INFO gtk_status_bar::network: Network reachability probe completed target=192.0.2.1 success=true elapsed_ms=13
2026-07-13T20:16:11+00:00 machine gtk-status-bar[1210]: 2026-07-13T20:16:11.743959Z DEBUG gtk_status_bar::network: Sent network update label="\u{f091f} 28% \u{f0ac}"
2026-07-13T20:16:11+00:00 machine gtk-status-bar[1210]: 2026-07-13T20:16:11.744197Z DEBUG gtk_status_bar::widgets: Updating network label: 󰤟 28% 
2026-07-13T20:16:12+00:00 machine gtk-status-bar[1210]: 2026-07-13T20:16:12.000957Z DEBUG gtk_status_bar::widgets: Updating time label:  8:16 PM
2026-07-13T20:16:12+00:00 machine gtk-status-bar[1210]: 2026-07-13T20:16:12.318878Z  INFO gtk_status_bar::network: Network reachability probe completed target=198.51.100.1 success=false elapsed_ms=9
2026-07-13T20:16:12+00:00 machine gtk-status-bar[1210]: 2026-07-13T20:16:12.318926Z DEBUG gtk_status_bar::network: Sent network update label="\u{f091f} 28% \u{f0ac}"
2026-07-13T20:16:12+00:00 machine gtk-status-bar[1210]: 2026-07-13T20:16:12.319089Z DEBUG gtk_status_bar::widgets: Updating network label: 󰤟 28% 
2026-07-13T20:16:12+00:00 machine gtk-status-bar[1210]: 2026-07-13T20:16:12.335858Z DEBUG gtk_status_bar::hypr: Handling title change event
2026-07-13T20:16:12+00:00 machine gtk-status-bar[1210]: 2026-07-13T20:16:12.339492Z DEBUG gtk_status_bar::hypr: No active client matches the title change event
2026-07-13T20:16:12+00:00 machine gtk-status-bar[1210]: 2026-07-13T20:16:12.375001Z DEBUG gtk_status_bar::hypr: Handling active window change event
2026-07-13T20:16:12+00:00 machine gtk-status-bar[1210]: 2026-07-13T20:16:12.375036Z DEBUG gtk_status_bar::hypr: Window data - class: 'kitty', title: '01234567890123456789012345678901234567890123456789012345678901234567890123456789', address: '0x5947a4552620'
2026-07-13T20:16:12+00:00 machine gtk-status-bar[1210]: 2026-07-13T20:16:12.375061Z DEBUG gtk_status_bar::hypr: Active window changed title="0123456789012345678901234567890…89012345678901234567890123456789" class="kitty"
2026-07-13T20:16:12+00:00 machine gtk-status-bar[1210]: 2026-07-13T20:16:12.392848Z DEBUG gtk_status_bar::widgets: Updating title widget title="0123456789012345678901234567890…89012345678901234567890123456789" class="kitty"
2026-07-13T20:16:13+00:00 machine gtk-status-bar[1210]: 2026-07-13T20:16:13.001933Z DEBUG gtk_status_bar::widgets: Updating time label:  8:16 PM
2026-07-13T20:16:14+00:00 machine gtk-status-bar[1210]: 2026-07-13T20:16:14.002979Z DEBUG gtk_status_bar::widgets: Updating time label:  8:16 PM
2026-07-13T20:16:14+00:00 machine gtk-status-bar[1210]: 2026-07-13T20:16:14.253912Z  INFO gtk_status_bar::network: Network reachability probe completed target=198.51.100.1 success=false elapsed_ms=16
2026-07-13T20:16:14+00:00 machine gtk-status-bar[1210]: 2026-07-13T20:16:14.253974Z DEBUG gtk_status_bar::network: Sent network update label="\u{f091f} 28% \u{f0ac}"
2026-07-13T20:16:14+00:00 machine gtk-status-bar[1210]: 2026-07-13T20:16:14.254262Z DEBUG gtk_status_bar::widgets: Updating network label: 󰤟 28% 
2026-07-13T20:16:15+00:00 machine gtk-status-bar[1210]: 2026-07-13T20:16:15.002160Z DEBUG gtk_status_bar::widgets: Updating time label:  8:16 PM
2026-07-13T20:16:15+00:00 machine gtk-status-bar[1210]: 2026-07-13T20:16:15.926471Z  INFO gtk_status_bar::network: Network reachability probe completed target=192.0.2.1 success=true elapsed_ms=11
2026-07-13T20:16:15+00:00 machine gtk-status-bar[1210]: 2026-07-13T20:16:15.926539Z DEBUG gtk_status_bar::network: Sent network update label="\u{f091f} 28% \u{f0ac}"
2026-07-13T20:16:15+00:00 machine gtk-status-bar[1210]: 2026-07-13T20:16:15.926746Z DEBUG gtk_status_bar::widgets: Updating network label: 󰤟 28% 
2026-07-13T20:16:16+00:00 machine gtk-status-bar[1210]: 2026-07-13T20:16:16.000600Z DEBUG gtk_status_bar::widgets: Updating time label:  8:16 PM
2026-07-13T20:16:16+00:00 machine gtk-status-bar[1210]: 2026-07-13T20:16:16.558116Z DEBUG gtk_status_bar::hypr: Handling title change event
2026-07-13T20:16:16+00:00 machine gtk-status-bar[1210]: 2026-07-13T20:16:16.558546Z DEBUG gtk_status_bar::hypr: No active client matches the title change event
2026-07-13T20:16:16+00:00 machine gtk-status-bar[1210]: 2026-07-13T20:16:16.619896Z DEBUG gtk_status_bar::hypr: Handling active window change event
2026-07-13T20:16:16+00:00 machine gtk-status-bar[1210]: 2026-07-13T20:16:16.619931Z DEBUG gtk_status_bar::hypr: Window data - class: 'kitty', title: '界🙂界🙂界🙂界🙂界🙂界🙂界🙂界🙂界🙂界🙂界🙂界🙂界🙂界🙂界🙂界🙂界🙂界🙂界🙂界🙂界🙂界🙂界🙂界🙂界🙂界🙂界🙂界🙂界🙂界🙂界🙂界🙂界🙂界🙂界🙂界🙂界🙂界🙂界🙂界🙂', address: '0x5947a58aa530'
2026-07-13T20:16:16+00:00 machine gtk-status-bar[1210]: 2026-07-13T20:16:16.619952Z DEBUG gtk_status_bar::hypr: Active window changed title="界🙂界🙂界🙂界🙂界🙂界🙂界🙂界🙂界🙂界🙂界🙂界🙂界🙂界🙂界🙂界…界🙂界🙂界🙂界🙂界🙂界🙂界🙂界🙂界🙂界🙂界🙂界🙂界🙂界🙂界🙂界🙂" class="kitty"
2026-07-13T20:16:16+00:00 machine gtk-status-bar[1210]: 2026-07-13T20:16:16.621095Z DEBUG gtk_status_bar::widgets: Updating title widget title="界🙂界🙂界🙂界🙂界🙂界🙂界🙂界🙂界🙂界🙂界🙂界🙂界🙂界🙂界🙂界…界🙂界🙂界🙂界🙂界🙂界🙂界🙂界🙂界🙂界🙂界🙂界🙂界🙂界🙂界🙂界🙂" class="kitty"
2026-07-13T20:16:16+00:00 machine gtk-status-bar[1210]: 2026-07-13T20:16:16.625172Z  INFO gtk_status_bar::network: Network reachability probe completed target=198.51.100.1 success=false elapsed_ms=18
2026-07-13T20:16:16+00:00 machine gtk-status-bar[1210]: 2026-07-13T20:16:16.625213Z DEBUG gtk_status_bar::network: Sent network update label="\u{f091f} 28% \u{f0ac}"
2026-07-13T20:16:16+00:00 machine gtk-status-bar[1210]: 2026-07-13T20:16:16.679606Z DEBUG gtk_status_bar::widgets: Updating network label: 󰤟 28% 
2026-07-13T20:16:17+00:00 machine gtk-status-bar[1210]: 2026-07-13T20:16:17.001262Z DEBUG gtk_status_bar::widgets: Updating time label:  8:16 PM
2026-07-13T20:16:18+00:00 machine gtk-status-bar[1210]: 2026-07-13T20:16:18.001983Z DEBUG gtk_status_bar::widgets: Updating time label:  8:16 PM
2026-07-13T20:16:18+00:00 machine gtk-status-bar[1210]: 2026-07-13T20:16:18.594786Z  INFO gtk_status_bar::network: Network reachability probe completed target=192.0.2.1 success=true elapsed_ms=13
2026-07-13T20:16:18+00:00 machine gtk-status-bar[1210]: 2026-07-13T20:16:18.594854Z DEBUG gtk_status_bar::network: Sent network update label="\u{f091f} 28% \u{f0ac}"
2026-07-13T20:16:18+00:00 machine gtk-status-bar[1210]: 2026-07-13T20:16:18.595257Z DEBUG gtk_status_bar::widgets: Updating network label: 󰤟 28% 
2026-07-13T20:16:19+00:00 machine gtk-status-bar[1210]: 2026-07-13T20:16:19.001841Z DEBUG gtk_status_bar::widgets: Updating time label:  8:16 PM
2026-07-13T20:16:19+00:00 machine gtk-status-bar[1210]: 2026-07-13T20:16:19.839302Z  INFO gtk_status_bar::network: Network reachability probe completed target=198.51.100.1 success=false elapsed_ms=11
2026-07-13T20:16:19+00:00 machine gtk-status-bar[1210]: 2026-07-13T20:16:19.839363Z DEBUG gtk_status_bar::network: Sent network update label="\u{f091f} 28% \u{f0ac}"
2026-07-13T20:16:19+00:00 machine gtk-status-bar[1210]: 2026-07-13T20:16:19.839550Z DEBUG gtk_status_bar::widgets: Updating network label: 󰤟 28% 
2026-07-13T20:16:20+00:00 machine gtk-status-bar[1210]: 2026-07-13T20:16:20.001431Z DEBUG gtk_status_bar::widgets: Updating time label:  8:16 PM
2026-07-13T20:16:20+00:00 machine gtk-status-bar[1210]: 2026-07-13T20:16:20.128293Z DEBUG gtk_status_bar::hypr: Handling active window change event
2026-07-13T20:16:20+00:00 machine gtk-status-bar[1210]: 2026-07-13T20:16:20.128329Z DEBUG gtk_status_bar::hypr: No active window (window_data is None)
2026-07-13T20:16:20+00:00 machine gtk-status-bar[1210]: 2026-07-13T20:16:20.128345Z DEBUG gtk_status_bar::hypr: Active window changed title="" class=""
2026-07-13T20:16:20+00:00 machine gtk-status-bar[1210]: 2026-07-13T20:16:20.128377Z DEBUG gtk_status_bar::hypr: Handling workspace change event
2026-07-13T20:16:20+00:00 machine gtk-status-bar[1210]: 2026-07-13T20:16:20.128413Z DEBUG gtk_status_bar::hypr: Workspace changed to: Workspace u
2026-07-13T20:16:20+00:00 machine gtk-status-bar[1210]: 2026-07-13T20:16:20.131181Z DEBUG gtk_status_bar::widgets: Updating workspace - label: 'Workspace u', color for workspace: 1
2026-07-13T20:16:20+00:00 machine gtk-status-bar[1210]: 2026-07-13T20:16:20.131333Z DEBUG gtk_status_bar::widgets: Updated title widget color to: rgba(122, 162, 247, 0.5) for workspace: 1
2026-07-13T20:16:20+00:00 machine gtk-status-bar[1210]: 2026-07-13T20:16:20.131389Z DEBUG gtk_status_bar::widgets: Updating title widget title="" class=""
2026-07-13T20:16:20+00:00 machine gtk-status-bar[1210]: 2026-07-13T20:16:20.591255Z DEBUG gtk_status_bar::dbus: Got an event in event stream: Msg { type: Signal, serial: 77, sender: UniqueName(":1.6"), path: ObjectPath("/org/bluez/hci0"), iface: InterfaceName("org.freedesktop.DBus.Properties"), member: MemberName("PropertiesChanged"), body: Structure(Dynamic { fields: [Str, Dict { key: Dynamic { child: Str }, value: Dynamic { child: Variant } }, Array(Dynamic { child: Str })] }), fds: [] }
2026-07-13T20:16:20+00:00 machine gtk-status-bar[1210]: 2026-07-13T20:16:20.591368Z DEBUG gtk_status_bar::dbus: Dbus monitor: Received D-Bus message from path: Some(ObjectPath("/org/bluez/hci0")), interface: Some(InterfaceName("org.freedesktop.DBus.Properties")), member: Some(MemberName("PropertiesChanged"))
2026-07-13T20:16:20+00:00 machine gtk-status-bar[1210]: 2026-07-13T20:16:20.591416Z  INFO gtk_status_bar::dbus: Dbus monitor: Received signal
2026-07-13T20:16:20+00:00 machine gtk-status-bar[1210]: 2026-07-13T20:16:20.591459Z  INFO gtk_status_bar::dbus: Dbus monitor: Received PropertiesChanged signal
2026-07-13T20:16:20+00:00 machine gtk-status-bar[1210]: 2026-07-13T20:16:20.591556Z DEBUG gtk_status_bar::dbus: Dbus monitor: Ignored PropertiesChanged for interface: "org.bluez.Adapter1"
2026-07-13T20:16:21+00:00 machine gtk-status-bar[1210]: 2026-07-13T20:16:21.001672Z DEBUG gtk_status_bar::widgets: Updating time label:  8:16 PM
2026-07-13T20:16:21+00:00 machine gtk-status-bar[1210]: 2026-07-13T20:16:21.010590Z  INFO gtk_status_bar::network: Network reachability probe completed target=192.0.2.1 success=true elapsed_ms=12
2026-07-13T20:16:21+00:00 machine gtk-status-bar[1210]: 2026-07-13T20:16:21.010636Z DEBUG gtk_status_bar::network: Sent network update label="\u{f091f} 28% \u{f0ac}"
2026-07-13T20:16:21+00:00 machine gtk-status-bar[1210]: 2026-07-13T20:16:21.010836Z DEBUG gtk_status_bar::widgets: Updating network label: 󰤟 28% 
2026-07-13T20:16:21+00:00 machine gtk-status-bar[1210]: 2026-07-13T20:16:21.582015Z  INFO gtk_status_bar::network: Network reachability probe completed target=192.0.2.1 success=true elapsed_ms=15
2026-07-13T20:16:21+00:00 machine gtk-status-bar[1210]: 2026-07-13T20:16:21.582058Z DEBUG gtk_status_bar::network: Sent network update label="\u{f091f} 28% \u{f0ac}"
2026-07-13T20:16:21+00:00 machine gtk-status-bar[1210]: 2026-07-13T20:16:21.582563Z DEBUG gtk_status_bar::widgets: Updating network label: 󰤟 28% 
2026-07-13T20:16:22+00:00 machine gtk-status-bar[1210]: 2026-07-13T20:16:22.001912Z DEBUG gtk_status_bar::widgets: Updating time label:  8:16 PM
2026-07-13T20:16:22+00:00 machine gtk-status-bar[1210]: 2026-07-13T20:16:22.027904Z  INFO gtk_status_bar::network: Network reachability probe completed target=198.51.100.1 success=false elapsed_ms=13
2026-07-13T20:16:22+00:00 machine gtk-status-bar[1210]: 2026-07-13T20:16:22.027955Z DEBUG gtk_status_bar::network: Sent network update label="\u{f091f} 28% \u{f0ac}"
2026-07-13T20:16:22+00:00 machine gtk-status-bar[1210]: 2026-07-13T20:16:22.028139Z DEBUG gtk_status_bar::widgets: Updating network label: 󰤟 28% 
2026-07-13T20:16:22+00:00 machine gtk-status-bar[1210]: 2026-07-13T20:16:22.164001Z  INFO gtk_status_bar::network: Network reachability probe completed target=198.51.100.1 success=false elapsed_ms=12
2026-07-13T20:16:22+00:00 machine gtk-status-bar[1210]: 2026-07-13T20:16:22.164056Z DEBUG gtk_status_bar::network: Sent network update label="\u{f091f} 28% \u{f0ac}"
2026-07-13T20:16:22+00:00 machine gtk-status-bar[1210]: 2026-07-13T20:16:22.164208Z DEBUG gtk_status_bar::widgets: Updating network label: 󰤟 28% 
2026-07-13T20:16:22+00:00 machine gtk-status-bar[1210]: 2026-07-13T20:16:22.579885Z DEBUG gtk_status_bar::hypr: Handling active window change event
2026-07-13T20:16:22+00:00 machine gtk-status-bar[1210]: 2026-07-13T20:16:22.579924Z DEBUG gtk_status_bar::hypr: Window data - class: 'kitty', title: '界🙂界🙂界🙂界🙂界🙂界🙂界🙂界🙂界🙂界🙂界🙂界🙂界🙂界🙂界🙂界🙂界🙂界🙂界🙂界🙂界🙂界🙂界🙂界🙂界🙂界🙂界🙂界🙂界🙂界🙂界🙂界🙂界🙂界🙂界🙂界🙂界🙂界🙂界🙂界🙂', address: '0x5947a58aa530'
2026-07-13T20:16:22+00:00 machine gtk-status-bar[1210]: 2026-07-13T20:16:22.579975Z DEBUG gtk_status_bar::hypr: Handling workspace change event
2026-07-13T20:16:22+00:00 machine gtk-status-bar[1210]: 2026-07-13T20:16:22.579947Z DEBUG gtk_status_bar::hypr: Active window changed title="界🙂界🙂界🙂界🙂界🙂界🙂界🙂界🙂界🙂界🙂界🙂界🙂界🙂界🙂界🙂界…界🙂界🙂界🙂界🙂界🙂界🙂界🙂界🙂界🙂界🙂界🙂界🙂界🙂界🙂界🙂界🙂" class="kitty"
2026-07-13T20:16:22+00:00 machine gtk-status-bar[1210]: 2026-07-13T20:16:22.580005Z DEBUG gtk_status_bar::hypr: Workspace changed to: Workspace i
2026-07-13T20:16:22+00:00 machine gtk-status-bar[1210]: 2026-07-13T20:16:22.580168Z DEBUG gtk_status_bar::widgets: Updating workspace - label: 'Workspace i', color for workspace: 2
2026-07-13T20:16:22+00:00 machine gtk-status-bar[1210]: 2026-07-13T20:16:22.648490Z DEBUG gtk_status_bar::widgets: Updated title widget color to: rgba(125, 207, 255, 0.5) for workspace: 2
2026-07-13T20:16:22+00:00 machine gtk-status-bar[1210]: 2026-07-13T20:16:22.648594Z DEBUG gtk_status_bar::widgets: Updating title widget title="界🙂界🙂界🙂界🙂界🙂界🙂界🙂界🙂界🙂界🙂界🙂界🙂界🙂界🙂界🙂界…界🙂界🙂界🙂界🙂界🙂界🙂界🙂界🙂界🙂界🙂界🙂界🙂界🙂界🙂界🙂界🙂" class="kitty"
2026-07-13T20:16:22+00:00 machine gtk-status-bar[1210]: 2026-07-13T20:16:22.700065Z DEBUG gtk_status_bar::widgets: Resolved title icon from desktop application metadata class="kitty"
2026-07-13T20:16:23+00:00 machine gtk-status-bar[1210]: 2026-07-13T20:16:23.001613Z DEBUG gtk_status_bar::widgets: Updating time label:  8:16 PM
2026-07-13T20:16:23+00:00 machine gtk-status-bar[1210]: 2026-07-13T20:16:23.442940Z  INFO gtk_status_bar::network: Network reachability probe completed target=192.0.2.1 success=true elapsed_ms=15
2026-07-13T20:16:23+00:00 machine gtk-status-bar[1210]: 2026-07-13T20:16:23.443003Z DEBUG gtk_status_bar::network: Sent network update label="\u{f091f} 28% \u{f0ac}"
2026-07-13T20:16:23+00:00 machine gtk-status-bar[1210]: 2026-07-13T20:16:23.443217Z DEBUG gtk_status_bar::widgets: Updating network label: 󰤟 28% 
2026-07-13T20:16:24+00:00 machine gtk-status-bar[1210]: 2026-07-13T20:16:24.001796Z DEBUG gtk_status_bar::widgets: Updating time label:  8:16 PM
2026-07-13T20:16:24+00:00 machine gtk-status-bar[1210]: 2026-07-13T20:16:24.354059Z  INFO gtk_status_bar::network: Network reachability probe completed target=198.51.100.1 success=false elapsed_ms=20
2026-07-13T20:16:24+00:00 machine gtk-status-bar[1210]: 2026-07-13T20:16:24.354122Z DEBUG gtk_status_bar::network: Sent network update label="\u{f091f} 28% \u{f0ac}"
2026-07-13T20:16:24+00:00 machine gtk-status-bar[1210]: 2026-07-13T20:16:24.354533Z DEBUG gtk_status_bar::widgets: Updating network label: 󰤟 28% 
2026-07-13T20:16:24+00:00 machine gtk-status-bar[1210]: 2026-07-13T20:16:24.879875Z  INFO gtk_status_bar::network: Network reachability probe completed target=192.0.2.1 success=true elapsed_ms=11
2026-07-13T20:16:24+00:00 machine gtk-status-bar[1210]: 2026-07-13T20:16:24.879929Z DEBUG gtk_status_bar::network: Sent network update label="\u{f091f} 28% \u{f0ac}"
2026-07-13T20:16:24+00:00 machine gtk-status-bar[1210]: 2026-07-13T20:16:24.880092Z DEBUG gtk_status_bar::widgets: Updating network label: 󰤟 28% 
2026-07-13T20:16:25+00:00 machine gtk-status-bar[1210]: 2026-07-13T20:16:25.001458Z DEBUG gtk_status_bar::widgets: Updating time label:  8:16 PM
2026-07-13T20:16:25+00:00 machine gtk-status-bar[1210]: 2026-07-13T20:16:25.719351Z  INFO gtk_status_bar::network: Network reachability probe completed target=198.51.100.1 success=false elapsed_ms=14
2026-07-13T20:16:25+00:00 machine gtk-status-bar[1210]: 2026-07-13T20:16:25.719404Z DEBUG gtk_status_bar::network: Sent network update label="\u{f091f} 28% \u{f0ac}"
2026-07-13T20:16:25+00:00 machine gtk-status-bar[1210]: 2026-07-13T20:16:25.720000Z DEBUG gtk_status_bar::widgets: Updating network label: 󰤟 28% 
2026-07-13T20:16:25+00:00 machine gtk-status-bar[1210]: 2026-07-13T20:16:25.972081Z  INFO gtk_status_bar::network: Network reachability probe completed target=192.0.2.1 success=true elapsed_ms=11
2026-07-13T20:16:25+00:00 machine gtk-status-bar[1210]: 2026-07-13T20:16:25.972151Z DEBUG gtk_status_bar::network: Sent network update label="\u{f091f} 28% \u{f0ac}"
2026-07-13T20:16:25+00:00 machine gtk-status-bar[1210]: 2026-07-13T20:16:25.972625Z DEBUG gtk_status_bar::widgets: Updating network label: 󰤟 28% 
2026-07-13T20:16:26+00:00 machine gtk-status-bar[1210]: 2026-07-13T20:16:26.001008Z DEBUG gtk_status_bar::widgets: Updating time label:  8:16 PM
2026-07-13T20:16:27+00:00 machine gtk-status-bar[1210]: 2026-07-13T20:16:27.001944Z DEBUG gtk_status_bar::widgets: Updating time label:  8:16 PM
2026-07-13T20:16:27+00:00 machine gtk-status-bar[1210]: 2026-07-13T20:16:27.837751Z  INFO gtk_status_bar::network: Network reachability probe completed target=192.0.2.1 success=true elapsed_ms=47
2026-07-13T20:16:27+00:00 machine gtk-status-bar[1210]: 2026-07-13T20:16:27.837811Z DEBUG gtk_status_bar::network: Sent network update label="\u{f091f} 28% \u{f0ac}"
2026-07-13T20:16:27+00:00 machine gtk-status-bar[1210]: 2026-07-13T20:16:27.838105Z DEBUG gtk_status_bar::widgets: Updating network label: 󰤟 28% 
2026-07-13T20:16:28+00:00 machine gtk-status-bar[1210]: 2026-07-13T20:16:28.001454Z DEBUG gtk_status_bar::widgets: Updating time label:  8:16 PM
2026-07-13T20:16:28+00:00 machine gtk-status-bar[1210]: 2026-07-13T20:16:28.286644Z DEBUG gtk_status_bar::hypr: Handling title change event
2026-07-13T20:16:28+00:00 machine gtk-status-bar[1210]: 2026-07-13T20:16:28.291020Z DEBUG gtk_status_bar::hypr: No active client matches the title change event
2026-07-13T20:16:28+00:00 machine gtk-status-bar[1210]: 2026-07-13T20:16:28.435389Z DEBUG gtk_status_bar::hypr: Handling active window change event
2026-07-13T20:16:28+00:00 machine gtk-status-bar[1210]: 2026-07-13T20:16:28.435429Z DEBUG gtk_status_bar::hypr: Window data - class: 'kitty', title: 'Focus Left', address: '0x5947a3fa26a0'
2026-07-13T20:16:28+00:00 machine gtk-status-bar[1210]: 2026-07-13T20:16:28.435449Z DEBUG gtk_status_bar::hypr: Active window changed title="Focus Left" class="kitty"
2026-07-13T20:16:28+00:00 machine gtk-status-bar[1210]: 2026-07-13T20:16:28.462825Z DEBUG gtk_status_bar::widgets: Updating title widget title="Focus Left" class="kitty"
2026-07-13T20:16:29+00:00 machine gtk-status-bar[1210]: 2026-07-13T20:16:29.001843Z DEBUG gtk_status_bar::widgets: Updating time label:  8:16 PM
2026-07-13T20:16:29+00:00 machine gtk-status-bar[1210]: 2026-07-13T20:16:29.443804Z  INFO gtk_status_bar::network: Network reachability probe completed target=198.51.100.1 success=false elapsed_ms=13
2026-07-13T20:16:29+00:00 machine gtk-status-bar[1210]: 2026-07-13T20:16:29.443861Z DEBUG gtk_status_bar::network: Sent network update label="\u{f091f} 28% \u{f0ac}"
2026-07-13T20:16:29+00:00 machine gtk-status-bar[1210]: 2026-07-13T20:16:29.444057Z DEBUG gtk_status_bar::widgets: Updating network label: 󰤟 28% 
2026-07-13T20:16:29+00:00 machine gtk-status-bar[1210]: 2026-07-13T20:16:29.887334Z  INFO gtk_status_bar::network: Network reachability probe completed target=198.51.100.1 success=false elapsed_ms=14
2026-07-13T20:16:29+00:00 machine gtk-status-bar[1210]: 2026-07-13T20:16:29.887391Z DEBUG gtk_status_bar::network: Sent network update label="\u{f091f} 28% \u{f0ac}"
2026-07-13T20:16:29+00:00 machine gtk-status-bar[1210]: 2026-07-13T20:16:29.887593Z DEBUG gtk_status_bar::widgets: Updating network label: 󰤟 28% 
2026-07-13T20:16:30+00:00 machine gtk-status-bar[1210]: 2026-07-13T20:16:30.001318Z DEBUG gtk_status_bar::widgets: Updating time label:  8:16 PM
2026-07-13T20:16:30+00:00 machine gtk-status-bar[1210]: 2026-07-13T20:16:30.119827Z DEBUG gtk_status_bar::hypr: Handling title change event
2026-07-13T20:16:30+00:00 machine gtk-status-bar[1210]: 2026-07-13T20:16:30.124651Z DEBUG gtk_status_bar::hypr: No active client matches the title change event
2026-07-13T20:16:30+00:00 machine gtk-status-bar[1210]: 2026-07-13T20:16:30.169464Z DEBUG gtk_status_bar::hypr: Handling active window change event
2026-07-13T20:16:30+00:00 machine gtk-status-bar[1210]: 2026-07-13T20:16:30.169506Z DEBUG gtk_status_bar::hypr: Window data - class: 'kitty', title: 'Focus Right', address: '0x5947a45cb780'
2026-07-13T20:16:30+00:00 machine gtk-status-bar[1210]: 2026-07-13T20:16:30.169528Z DEBUG gtk_status_bar::hypr: Active window changed title="Focus Right" class="kitty"
2026-07-13T20:16:30+00:00 machine gtk-status-bar[1210]: 2026-07-13T20:16:30.169804Z DEBUG gtk_status_bar::widgets: Updating title widget title="Focus Right" class="kitty"
2026-07-13T20:16:30+00:00 machine gtk-status-bar[1210]: 2026-07-13T20:16:30.548228Z  INFO gtk_status_bar::network: Network reachability probe completed target=192.0.2.1 success=true elapsed_ms=18
2026-07-13T20:16:30+00:00 machine gtk-status-bar[1210]: 2026-07-13T20:16:30.549819Z DEBUG gtk_status_bar::network: Sent network update label="\u{f091f} 28% \u{f0ac}"
2026-07-13T20:16:30+00:00 machine gtk-status-bar[1210]: 2026-07-13T20:16:30.557012Z DEBUG gtk_status_bar::widgets: Updating network label: 󰤟 28% 
2026-07-13T20:16:31+00:00 machine gtk-status-bar[1210]: 2026-07-13T20:16:31.001004Z DEBUG gtk_status_bar::widgets: Updating time label:  8:16 PM
2026-07-13T20:16:31+00:00 machine gtk-status-bar[1210]: 2026-07-13T20:16:31.278845Z DEBUG gtk_status_bar::hypr: Handling active window change event
2026-07-13T20:16:31+00:00 machine gtk-status-bar[1210]: 2026-07-13T20:16:31.278888Z DEBUG gtk_status_bar::hypr: Window data - class: 'kitty', title: 'Focus Left', address: '0x5947a3fa26a0'
2026-07-13T20:16:31+00:00 machine gtk-status-bar[1210]: 2026-07-13T20:16:31.278906Z DEBUG gtk_status_bar::hypr: Active window changed title="Focus Left" class="kitty"
2026-07-13T20:16:31+00:00 machine gtk-status-bar[1210]: 2026-07-13T20:16:31.279165Z DEBUG gtk_status_bar::widgets: Updating title widget title="Focus Left" class="kitty"
2026-07-13T20:16:31+00:00 machine gtk-status-bar[1210]: 2026-07-13T20:16:31.460656Z  INFO gtk_status_bar::network: Network reachability probe completed target=192.0.2.1 success=true elapsed_ms=12
2026-07-13T20:16:31+00:00 machine gtk-status-bar[1210]: 2026-07-13T20:16:31.460770Z DEBUG gtk_status_bar::network: Sent network update label="\u{f091f} 28% \u{f0ac}"
2026-07-13T20:16:31+00:00 machine gtk-status-bar[1210]: 2026-07-13T20:16:31.460909Z DEBUG gtk_status_bar::widgets: Updating network label: 󰤟 28% 
2026-07-13T20:16:32+00:00 machine gtk-status-bar[1210]: 2026-07-13T20:16:32.001950Z DEBUG gtk_status_bar::widgets: Updating time label:  8:16 PM
2026-07-13T20:16:32+00:00 machine gtk-status-bar[1210]: 2026-07-13T20:16:32.634866Z  INFO gtk_status_bar::network: Network reachability probe completed target=198.51.100.1 success=false elapsed_ms=20
2026-07-13T20:16:32+00:00 machine gtk-status-bar[1210]: 2026-07-13T20:16:32.634935Z DEBUG gtk_status_bar::network: Sent network update label="\u{f091f} 28% \u{f0ac}"
2026-07-13T20:16:32+00:00 machine gtk-status-bar[1210]: 2026-07-13T20:16:32.645554Z DEBUG gtk_status_bar::widgets: Updating network label: 󰤟 28% 
2026-07-13T20:16:33+00:00 machine gtk-status-bar[1210]: 2026-07-13T20:16:33.001873Z DEBUG gtk_status_bar::widgets: Updating time label:  8:16 PM
2026-07-13T20:16:33+00:00 machine gtk-status-bar[1210]: 2026-07-13T20:16:33.904039Z DEBUG gtk_status_bar::hypr: Handling active window change event
2026-07-13T20:16:33+00:00 machine gtk-status-bar[1210]: 2026-07-13T20:16:33.904090Z DEBUG gtk_status_bar::hypr: Window data - class: 'kitty', title: 'Focus Right', address: '0x5947a45cb780'
2026-07-13T20:16:33+00:00 machine gtk-status-bar[1210]: 2026-07-13T20:16:33.904109Z DEBUG gtk_status_bar::hypr: Active window changed title="Focus Right" class="kitty"
2026-07-13T20:16:33+00:00 machine gtk-status-bar[1210]: 2026-07-13T20:16:33.904378Z DEBUG gtk_status_bar::widgets: Updating title widget title="Focus Right" class="kitty"
2026-07-13T20:16:34+00:00 machine gtk-status-bar[1210]: 2026-07-13T20:16:34.001471Z DEBUG gtk_status_bar::widgets: Updating time label:  8:16 PM
2026-07-13T20:16:34+00:00 machine gtk-status-bar[1210]: 2026-07-13T20:16:34.147095Z  INFO gtk_status_bar::network: Network reachability probe completed target=198.51.100.1 success=false elapsed_ms=15
2026-07-13T20:16:34+00:00 machine gtk-status-bar[1210]: 2026-07-13T20:16:34.147138Z DEBUG gtk_status_bar::network: Sent network update label="\u{f091f} 28% \u{f0ac}"
2026-07-13T20:16:34+00:00 machine gtk-status-bar[1210]: 2026-07-13T20:16:34.147324Z DEBUG gtk_status_bar::widgets: Updating network label: 󰤟 28% 
2026-07-13T20:16:34+00:00 machine gtk-status-bar[1210]: 2026-07-13T20:16:34.891879Z  INFO gtk_status_bar::network: Network reachability probe completed target=192.0.2.1 success=true elapsed_ms=13
2026-07-13T20:16:34+00:00 machine gtk-status-bar[1210]: 2026-07-13T20:16:34.891934Z DEBUG gtk_status_bar::network: Sent network update label="\u{f091f} 28% \u{f0ac}"
2026-07-13T20:16:34+00:00 machine gtk-status-bar[1210]: 2026-07-13T20:16:34.892130Z DEBUG gtk_status_bar::widgets: Updating network label: 󰤟 28% 
2026-07-13T20:16:35+00:00 machine gtk-status-bar[1210]: 2026-07-13T20:16:35.000994Z DEBUG gtk_status_bar::widgets: Updating time label:  8:16 PM
2026-07-13T20:16:36+00:00 machine gtk-status-bar[1210]: 2026-07-13T20:16:36.001947Z DEBUG gtk_status_bar::widgets: Updating time label:  8:16 PM
2026-07-13T20:16:36+00:00 machine gtk-status-bar[1210]: 2026-07-13T20:16:36.176028Z  INFO gtk_status_bar::network: Network reachability probe completed target=198.51.100.1 success=false elapsed_ms=9
2026-07-13T20:16:36+00:00 machine gtk-status-bar[1210]: 2026-07-13T20:16:36.176085Z DEBUG gtk_status_bar::network: Sent network update label="\u{f091f} 28% \u{f0ac}"
2026-07-13T20:16:36+00:00 machine gtk-status-bar[1210]: 2026-07-13T20:16:36.176259Z DEBUG gtk_status_bar::widgets: Updating network label: 󰤟 28% 
2026-07-13T20:16:37+00:00 machine gtk-status-bar[1210]: 2026-07-13T20:16:37.002033Z DEBUG gtk_status_bar::widgets: Updating time label:  8:16 PM
2026-07-13T20:16:37+00:00 machine gtk-status-bar[1210]: 2026-07-13T20:16:37.239122Z  INFO gtk_status_bar::network: Network reachability probe completed target=192.0.2.1 success=true elapsed_ms=11
2026-07-13T20:16:37+00:00 machine gtk-status-bar[1210]: 2026-07-13T20:16:37.239174Z DEBUG gtk_status_bar::network: Sent network update label="\u{f091f} 28% \u{f0ac}"
2026-07-13T20:16:37+00:00 machine gtk-status-bar[1210]: 2026-07-13T20:16:37.239368Z DEBUG gtk_status_bar::widgets: Updating network label: 󰤟 28% 
2026-07-13T20:16:37+00:00 machine gtk-status-bar[1210]: 2026-07-13T20:16:37.747920Z  INFO gtk_status_bar::network: Network reachability probe completed target=192.0.2.1 success=true elapsed_ms=15
2026-07-13T20:16:37+00:00 machine gtk-status-bar[1210]: 2026-07-13T20:16:37.747968Z DEBUG gtk_status_bar::network: Sent network update label="\u{f091f} 28% \u{f0ac}"
2026-07-13T20:16:37+00:00 machine gtk-status-bar[1210]: 2026-07-13T20:16:37.748179Z DEBUG gtk_status_bar::widgets: Updating network label: 󰤟 28% 
2026-07-13T20:16:38+00:00 machine gtk-status-bar[1210]: 2026-07-13T20:16:38.001615Z DEBUG gtk_status_bar::widgets: Updating time label:  8:16 PM
2026-07-13T20:16:38+00:00 machine gtk-status-bar[1210]: 2026-07-13T20:16:38.351992Z DEBUG gtk_status_bar::hypr: Handling active window change event
2026-07-13T20:16:38+00:00 machine gtk-status-bar[1210]: 2026-07-13T20:16:38.352027Z DEBUG gtk_status_bar::hypr: Window data - class: 'kitty', title: 'Close OS window', address: '0x5947a452b960'
2026-07-13T20:16:38+00:00 machine gtk-status-bar[1210]: 2026-07-13T20:16:38.352044Z DEBUG gtk_status_bar::hypr: Active window changed title="Close OS window" class="kitty"
2026-07-13T20:16:38+00:00 machine gtk-status-bar[1210]: 2026-07-13T20:16:38.352271Z DEBUG gtk_status_bar::widgets: Updating title widget title="Close OS window" class="kitty"
2026-07-13T20:16:39+00:00 machine gtk-status-bar[1210]: 2026-07-13T20:16:39.001767Z DEBUG gtk_status_bar::widgets: Updating time label:  8:16 PM
2026-07-13T20:16:39+00:00 machine gtk-status-bar[1210]: 2026-07-13T20:16:39.176572Z  INFO gtk_status_bar::network: Network reachability probe completed target=198.51.100.1 success=false elapsed_ms=25
2026-07-13T20:16:39+00:00 machine gtk-status-bar[1210]: 2026-07-13T20:16:39.176636Z DEBUG gtk_status_bar::network: Sent network update label="\u{f091f} 28% \u{f0ac}"
2026-07-13T20:16:39+00:00 machine gtk-status-bar[1210]: 2026-07-13T20:16:39.177133Z DEBUG gtk_status_bar::widgets: Updating network label: 󰤟 28% 
2026-07-13T20:16:40+00:00 machine gtk-status-bar[1210]: 2026-07-13T20:16:40.002165Z DEBUG gtk_status_bar::widgets: Updating time label:  8:16 PM
2026-07-13T20:16:40+00:00 machine gtk-status-bar[1210]: 2026-07-13T20:16:40.470870Z  INFO gtk_status_bar::network: Network reachability probe completed target=192.0.2.1 success=true elapsed_ms=13
2026-07-13T20:16:40+00:00 machine gtk-status-bar[1210]: 2026-07-13T20:16:40.470921Z DEBUG gtk_status_bar::network: Sent network update label="\u{f091f} 28% \u{f0ac}"
2026-07-13T20:16:40+00:00 machine gtk-status-bar[1210]: 2026-07-13T20:16:40.471093Z DEBUG gtk_status_bar::widgets: Updating network label: 󰤟 28% 
2026-07-13T20:16:40+00:00 machine gtk-status-bar[1210]: 2026-07-13T20:16:40.610071Z DEBUG gtk_status_bar::dbus: Got an event in event stream: Msg { type: Signal, serial: 95, sender: UniqueName(":1.6"), path: ObjectPath("/org/bluez/hci0"), iface: InterfaceName("org.freedesktop.DBus.Properties"), member: MemberName("PropertiesChanged"), body: Structure(Dynamic { fields: [Str, Dict { key: Dynamic { child: Str }, value: Dynamic { child: Variant } }, Array(Dynamic { child: Str })] }), fds: [] }
2026-07-13T20:16:40+00:00 machine gtk-status-bar[1210]: 2026-07-13T20:16:40.610134Z DEBUG gtk_status_bar::dbus: Dbus monitor: Received D-Bus message from path: Some(ObjectPath("/org/bluez/hci0")), interface: Some(InterfaceName("org.freedesktop.DBus.Properties")), member: Some(MemberName("PropertiesChanged"))
2026-07-13T20:16:40+00:00 machine gtk-status-bar[1210]: 2026-07-13T20:16:40.610545Z  INFO gtk_status_bar::dbus: Dbus monitor: Received signal
2026-07-13T20:16:40+00:00 machine gtk-status-bar[1210]: 2026-07-13T20:16:40.610566Z  INFO gtk_status_bar::dbus: Dbus monitor: Received PropertiesChanged signal
2026-07-13T20:16:40+00:00 machine gtk-status-bar[1210]: 2026-07-13T20:16:40.610631Z DEBUG gtk_status_bar::dbus: Dbus monitor: Ignored PropertiesChanged for interface: "org.bluez.Adapter1"
2026-07-13T20:16:40+00:00 machine gtk-status-bar[1210]: 2026-07-13T20:16:40.678296Z  INFO gtk_status_bar::network: Network reachability probe completed target=198.51.100.1 success=false elapsed_ms=9
2026-07-13T20:16:40+00:00 machine gtk-status-bar[1210]: 2026-07-13T20:16:40.678341Z DEBUG gtk_status_bar::network: Sent network update label="\u{f091f} 28% \u{f0ac}"
2026-07-13T20:16:40+00:00 machine gtk-status-bar[1210]: 2026-07-13T20:16:40.689796Z DEBUG gtk_status_bar::widgets: Updating network label: 󰤟 28% 
2026-07-13T20:16:41+00:00 machine gtk-status-bar[1210]: 2026-07-13T20:16:41.000826Z DEBUG gtk_status_bar::widgets: Updating time label:  8:16 PM
2026-07-13T20:16:41+00:00 machine gtk-status-bar[1210]: 2026-07-13T20:16:41.141806Z DEBUG gtk_status_bar::dbus: Got an event in event stream: Msg { type: Signal, serial: 13, sender: UniqueName(":1.5"), path: ObjectPath("/org/freedesktop/UPower/devices/battery_BAT0"), iface: InterfaceName("org.freedesktop.DBus.Properties"), member: MemberName("PropertiesChanged"), body: Structure(Dynamic { fields: [Str, Dict { key: Dynamic { child: Str }, value: Dynamic { child: Variant } }, Array(Dynamic { child: Str })] }), fds: [] }
2026-07-13T20:16:41+00:00 machine gtk-status-bar[1210]: 2026-07-13T20:16:41.141871Z DEBUG gtk_status_bar::dbus: Dbus monitor: Received D-Bus message from path: Some(ObjectPath("/org/freedesktop/UPower/devices/battery_BAT0")), interface: Some(InterfaceName("org.freedesktop.DBus.Properties")), member: Some(MemberName("PropertiesChanged"))
2026-07-13T20:16:41+00:00 machine gtk-status-bar[1210]: 2026-07-13T20:16:41.141896Z  INFO gtk_status_bar::dbus: Dbus monitor: Received signal
2026-07-13T20:16:41+00:00 machine gtk-status-bar[1210]: 2026-07-13T20:16:41.141919Z  INFO gtk_status_bar::dbus: Dbus monitor: Received PropertiesChanged signal
2026-07-13T20:16:41+00:00 machine gtk-status-bar[1210]: 2026-07-13T20:16:41.141978Z DEBUG gtk_status_bar::dbus: Battery device properties contain no State property
2026-07-13T20:16:41+00:00 machine gtk-status-bar[1210]: 2026-07-13T20:16:41.142003Z  INFO gtk_status_bar::dbus: Battery percentage changed to 42.0%
2026-07-13T20:16:41+00:00 machine gtk-status-bar[1210]: 2026-07-13T20:16:41.142056Z DEBUG gtk_status_bar::dbus: Got an event in event stream: Msg { type: Signal, serial: 14, sender: UniqueName(":1.5"), path: ObjectPath("/org/freedesktop/UPower/devices/battery_BAT0"), iface: InterfaceName("org.freedesktop.DBus.Properties"), member: MemberName("PropertiesChanged"), body: Structure(Dynamic { fields: [Str, Dict { key: Dynamic { child: Str }, value: Dynamic { child: Variant } }, Array(Dynamic { child: Str })] }), fds: [] }
2026-07-13T20:16:41+00:00 machine gtk-status-bar[1210]: 2026-07-13T20:16:41.142086Z DEBUG gtk_status_bar::dbus: Dbus monitor: Received D-Bus message from path: Some(ObjectPath("/org/freedesktop/UPower/devices/battery_BAT0")), interface: Some(InterfaceName("org.freedesktop.DBus.Properties")), member: Some(MemberName("PropertiesChanged"))
2026-07-13T20:16:41+00:00 machine gtk-status-bar[1210]: 2026-07-13T20:16:41.142112Z  INFO gtk_status_bar::dbus: Dbus monitor: Received signal
2026-07-13T20:16:41+00:00 machine gtk-status-bar[1210]: 2026-07-13T20:16:41.142138Z  INFO gtk_status_bar::dbus: Dbus monitor: Received PropertiesChanged signal
2026-07-13T20:16:41+00:00 machine gtk-status-bar[1210]: 2026-07-13T20:16:41.142182Z  INFO gtk_status_bar::dbus: Battery is discharging (state: 2)
2026-07-13T20:16:41+00:00 machine gtk-status-bar[1210]: 2026-07-13T20:16:41.142205Z DEBUG gtk_status_bar::dbus: Battery device properties contain no Percentage property
2026-07-13T20:16:41+00:00 machine gtk-status-bar[1210]: 2026-07-13T20:16:41.142210Z DEBUG gtk_status_bar::widgets: Updating battery label: 🔋 42%
2026-07-13T20:16:41+00:00 machine gtk-status-bar[1210]: 2026-07-13T20:16:41.142309Z DEBUG gtk_status_bar::widgets: 👁️  SHOWING battery widget - data: 🔋 42%
2026-07-13T20:16:41+00:00 machine gtk-status-bar[1210]: 2026-07-13T20:16:41.142328Z DEBUG gtk_status_bar::widgets: Updating battery label: 🔋 42%
2026-07-13T20:16:41+00:00 machine gtk-status-bar[1210]: 2026-07-13T20:16:41.142347Z DEBUG gtk_status_bar::widgets: 👁️  SHOWING battery widget - data: 🔋 42%
2026-07-13T20:16:42+00:00 machine gtk-status-bar[1210]: 2026-07-13T20:16:42.002093Z DEBUG gtk_status_bar::widgets: Updating time label:  8:16 PM
2026-07-13T20:16:42+00:00 machine gtk-status-bar[1210]: 2026-07-13T20:16:42.159229Z  INFO gtk_status_bar::network: Network reachability probe completed target=192.0.2.1 success=true elapsed_ms=13
2026-07-13T20:16:42+00:00 machine gtk-status-bar[1210]: 2026-07-13T20:16:42.159310Z DEBUG gtk_status_bar::network: Sent network update label="\u{f091f} 28% \u{f0ac}"
2026-07-13T20:16:42+00:00 machine gtk-status-bar[1210]: 2026-07-13T20:16:42.159877Z DEBUG gtk_status_bar::widgets: Updating network label: 󰤟 28% 
2026-07-13T20:16:42+00:00 machine gtk-status-bar[1210]: 2026-07-13T20:16:42.424109Z  INFO gtk_status_bar::network: Network reachability probe completed target=198.51.100.1 success=false elapsed_ms=26
2026-07-13T20:16:42+00:00 machine gtk-status-bar[1210]: 2026-07-13T20:16:42.424158Z DEBUG gtk_status_bar::network: Sent network update label="\u{f091f} 28% \u{f0ac}"
2026-07-13T20:16:42+00:00 machine gtk-status-bar[1210]: 2026-07-13T20:16:42.424340Z DEBUG gtk_status_bar::widgets: Updating network label: 󰤟 28% 
2026-07-13T20:16:43+00:00 machine gtk-status-bar[1210]: 2026-07-13T20:16:43.002197Z DEBUG gtk_status_bar::widgets: Updating time label:  8:16 PM
2026-07-13T20:16:43+00:00 machine gtk-status-bar[1210]: 2026-07-13T20:16:43.354432Z  INFO gtk_status_bar::network: Network reachability probe completed target=198.51.100.1 success=false elapsed_ms=27
2026-07-13T20:16:43+00:00 machine gtk-status-bar[1210]: 2026-07-13T20:16:43.354483Z DEBUG gtk_status_bar::network: Sent network update label="\u{f091f} 28% \u{f0ac}"
2026-07-13T20:16:43+00:00 machine gtk-status-bar[1210]: 2026-07-13T20:16:43.354990Z DEBUG gtk_status_bar::widgets: Updating network label: 󰤟 28% 
2026-07-13T20:16:43+00:00 machine gtk-status-bar[1210]: 2026-07-13T20:16:43.905321Z DEBUG gtk_status_bar::dbus: Got an event in event stream: Msg { type: Signal, serial: 18, sender: UniqueName(":1.5"), path: ObjectPath("/org/freedesktop/UPower/devices/battery_BAT0"), iface: InterfaceName("org.freedesktop.DBus.Properties"), member: MemberName("PropertiesChanged"), body: Structure(Dynamic { fields: [Str, Dict { key: Dynamic { child: Str }, value: Dynamic { child: Variant } }, Array(Dynamic { child: Str })] }), fds: [] }
2026-07-13T20:16:43+00:00 machine gtk-status-bar[1210]: 2026-07-13T20:16:43.905366Z DEBUG gtk_status_bar::dbus: Dbus monitor: Received D-Bus message from path: Some(ObjectPath("/org/freedesktop/UPower/devices/battery_BAT0")), interface: Some(InterfaceName("org.freedesktop.DBus.Properties")), member: Some(MemberName("PropertiesChanged"))
2026-07-13T20:16:43+00:00 machine gtk-status-bar[1210]: 2026-07-13T20:16:43.905384Z  INFO gtk_status_bar::dbus: Dbus monitor: Received signal
2026-07-13T20:16:43+00:00 machine gtk-status-bar[1210]: 2026-07-13T20:16:43.905400Z  INFO gtk_status_bar::dbus: Dbus monitor: Received PropertiesChanged signal
2026-07-13T20:16:43+00:00 machine gtk-status-bar[1210]: 2026-07-13T20:16:43.905433Z  INFO gtk_status_bar::dbus: Battery is charging (state: 1)
2026-07-13T20:16:43+00:00 machine gtk-status-bar[1210]: 2026-07-13T20:16:43.905449Z DEBUG gtk_status_bar::dbus: Battery device properties contain no Percentage property
2026-07-13T20:16:43+00:00 machine gtk-status-bar[1210]: 2026-07-13T20:16:43.905663Z DEBUG gtk_status_bar::widgets: Updating battery label: ⚡ 42%
2026-07-13T20:16:43+00:00 machine gtk-status-bar[1210]: 2026-07-13T20:16:43.905827Z DEBUG gtk_status_bar::widgets: 👁️  SHOWING battery widget - data: ⚡ 42%
2026-07-13T20:16:44+00:00 machine gtk-status-bar[1210]: 2026-07-13T20:16:44.000651Z DEBUG gtk_status_bar::widgets: Updating time label:  8:16 PM
2026-07-13T20:16:44+00:00 machine gtk-status-bar[1210]: 2026-07-13T20:16:44.965098Z  INFO gtk_status_bar::network: Network reachability probe completed target=192.0.2.1 success=true elapsed_ms=13
2026-07-13T20:16:44+00:00 machine gtk-status-bar[1210]: 2026-07-13T20:16:44.965147Z DEBUG gtk_status_bar::network: Sent network update label="\u{f091f} 28% \u{f0ac}"
2026-07-13T20:16:44+00:00 machine gtk-status-bar[1210]: 2026-07-13T20:16:44.965299Z DEBUG gtk_status_bar::widgets: Updating network label: 󰤟 28% 
2026-07-13T20:16:45+00:00 machine gtk-status-bar[1210]: 2026-07-13T20:16:45.001274Z DEBUG gtk_status_bar::widgets: Updating time label:  8:16 PM
2026-07-13T20:16:46+00:00 machine gtk-status-bar[1210]: 2026-07-13T20:16:46.001944Z DEBUG gtk_status_bar::widgets: Updating time label:  8:16 PM
2026-07-13T20:16:46+00:00 machine gtk-status-bar[1210]: 2026-07-13T20:16:46.195022Z  INFO gtk_status_bar::network: Network reachability probe completed target=192.0.2.1 success=true elapsed_ms=13
2026-07-13T20:16:46+00:00 machine gtk-status-bar[1210]: 2026-07-13T20:16:46.195072Z DEBUG gtk_status_bar::network: Sent network update label="\u{f091f} 28% \u{f0ac}"
2026-07-13T20:16:46+00:00 machine gtk-status-bar[1210]: 2026-07-13T20:16:46.195265Z DEBUG gtk_status_bar::widgets: Updating network label: 󰤟 28% 
2026-07-13T20:16:46+00:00 machine gtk-status-bar[1210]: 2026-07-13T20:16:46.256783Z  INFO gtk_status_bar::network: Network reachability probe completed target=198.51.100.1 success=false elapsed_ms=10
2026-07-13T20:16:46+00:00 machine gtk-status-bar[1210]: 2026-07-13T20:16:46.256834Z DEBUG gtk_status_bar::network: Sent network update label="\u{f091f} 28% \u{f0ac}"
2026-07-13T20:16:46+00:00 machine gtk-status-bar[1210]: 2026-07-13T20:16:46.257002Z DEBUG gtk_status_bar::widgets: Updating network label: 󰤟 28% 
2026-07-13T20:16:46+00:00 machine gtk-status-bar[1210]: 2026-07-13T20:16:46.391413Z  INFO gtk_status_bar::network: Network reachability probe completed target=198.51.100.1 success=false elapsed_ms=11
2026-07-13T20:16:46+00:00 machine gtk-status-bar[1210]: 2026-07-13T20:16:46.391479Z DEBUG gtk_status_bar::network: Sent network update label="\u{f091f} 28% \u{f0ac}"
2026-07-13T20:16:46+00:00 machine gtk-status-bar[1210]: 2026-07-13T20:16:46.391652Z DEBUG gtk_status_bar::widgets: Updating network label: 󰤟 28% 
2026-07-13T20:16:46+00:00 machine gtk-status-bar[1210]: 2026-07-13T20:16:46.657379Z DEBUG gtk_status_bar::dbus: Got an event in event stream: Msg { type: Signal, serial: 22, sender: UniqueName(":1.5"), path: ObjectPath("/org/freedesktop/UPower/devices/battery_BAT0"), iface: InterfaceName("org.freedesktop.DBus.Properties"), member: MemberName("PropertiesChanged"), body: Structure(Dynamic { fields: [Str, Dict { key: Dynamic { child: Str }, value: Dynamic { child: Variant } }, Array(Dynamic { child: Str })] }), fds: [] }
2026-07-13T20:16:46+00:00 machine gtk-status-bar[1210]: 2026-07-13T20:16:46.657514Z DEBUG gtk_status_bar::dbus: Dbus monitor: Received D-Bus message from path: Some(ObjectPath("/org/freedesktop/UPower/devices/battery_BAT0")), interface: Some(InterfaceName("org.freedesktop.DBus.Properties")), member: Some(MemberName("PropertiesChanged"))
2026-07-13T20:16:46+00:00 machine gtk-status-bar[1210]: 2026-07-13T20:16:46.657536Z  INFO gtk_status_bar::dbus: Dbus monitor: Received signal
2026-07-13T20:16:46+00:00 machine gtk-status-bar[1210]: 2026-07-13T20:16:46.657555Z  INFO gtk_status_bar::dbus: Dbus monitor: Received PropertiesChanged signal
2026-07-13T20:16:46+00:00 machine gtk-status-bar[1210]: 2026-07-13T20:16:46.657599Z DEBUG gtk_status_bar::dbus: Battery device properties contain no State property
2026-07-13T20:16:46+00:00 machine gtk-status-bar[1210]: 2026-07-13T20:16:46.657620Z  INFO gtk_status_bar::dbus: Battery percentage changed to 20.0%
2026-07-13T20:16:46+00:00 machine gtk-status-bar[1210]: 2026-07-13T20:16:46.657761Z DEBUG gtk_status_bar::dbus: Got an event in event stream: Msg { type: Signal, serial: 23, sender: UniqueName(":1.5"), path: ObjectPath("/org/freedesktop/UPower/devices/battery_BAT0"), iface: InterfaceName("org.freedesktop.DBus.Properties"), member: MemberName("PropertiesChanged"), body: Structure(Dynamic { fields: [Str, Dict { key: Dynamic { child: Str }, value: Dynamic { child: Variant } }, Array(Dynamic { child: Str })] }), fds: [] }
2026-07-13T20:16:46+00:00 machine gtk-status-bar[1210]: 2026-07-13T20:16:46.657788Z DEBUG gtk_status_bar::dbus: Dbus monitor: Received D-Bus message from path: Some(ObjectPath("/org/freedesktop/UPower/devices/battery_BAT0")), interface: Some(InterfaceName("org.freedesktop.DBus.Properties")), member: Some(MemberName("PropertiesChanged"))
2026-07-13T20:16:46+00:00 machine gtk-status-bar[1210]: 2026-07-13T20:16:46.657809Z  INFO gtk_status_bar::dbus: Dbus monitor: Received signal
2026-07-13T20:16:46+00:00 machine gtk-status-bar[1210]: 2026-07-13T20:16:46.657827Z  INFO gtk_status_bar::dbus: Dbus monitor: Received PropertiesChanged signal
2026-07-13T20:16:46+00:00 machine gtk-status-bar[1210]: 2026-07-13T20:16:46.657852Z  INFO gtk_status_bar::dbus: Battery is discharging (state: 2)
2026-07-13T20:16:46+00:00 machine gtk-status-bar[1210]: 2026-07-13T20:16:46.657869Z DEBUG gtk_status_bar::dbus: Battery device properties contain no Percentage property
2026-07-13T20:16:46+00:00 machine gtk-status-bar[1210]: 2026-07-13T20:16:46.658955Z DEBUG gtk_status_bar::widgets: Updating battery label: ⚡ 20%
2026-07-13T20:16:46+00:00 machine gtk-status-bar[1210]: 2026-07-13T20:16:46.659071Z DEBUG gtk_status_bar::widgets: 👁️  SHOWING battery widget - data: ⚡ 20%
2026-07-13T20:16:46+00:00 machine gtk-status-bar[1210]: 2026-07-13T20:16:46.659093Z DEBUG gtk_status_bar::widgets: Updating battery label: 🪫 20%
2026-07-13T20:16:46+00:00 machine gtk-status-bar[1210]: 2026-07-13T20:16:46.659120Z DEBUG gtk_status_bar::widgets: 👁️  SHOWING battery widget - data: 🪫 20%
2026-07-13T20:16:47+00:00 machine gtk-status-bar[1210]: 2026-07-13T20:16:47.001842Z DEBUG gtk_status_bar::widgets: Updating time label:  8:16 PM
2026-07-13T20:16:48+00:00 machine gtk-status-bar[1210]: 2026-07-13T20:16:48.002251Z DEBUG gtk_status_bar::widgets: Updating time label:  8:16 PM
2026-07-13T20:16:48+00:00 machine gtk-status-bar[1210]: 2026-07-13T20:16:48.117017Z  INFO gtk_status_bar::network: Network reachability probe completed target=192.0.2.1 success=true elapsed_ms=18
2026-07-13T20:16:48+00:00 machine gtk-status-bar[1210]: 2026-07-13T20:16:48.117066Z DEBUG gtk_status_bar::network: Sent network update label="\u{f091f} 28% \u{f0ac}"
2026-07-13T20:16:48+00:00 machine gtk-status-bar[1210]: 2026-07-13T20:16:48.117230Z DEBUG gtk_status_bar::widgets: Updating network label: 󰤟 28% 
2026-07-13T20:16:48+00:00 machine gtk-status-bar[1210]: 2026-07-13T20:16:48.327938Z  INFO gtk_status_bar::network: Network reachability probe completed target=192.0.2.1 success=true elapsed_ms=16
2026-07-13T20:16:48+00:00 machine gtk-status-bar[1210]: 2026-07-13T20:16:48.328002Z DEBUG gtk_status_bar::network: Sent network update label="\u{f091f} 28% \u{f0ac}"
2026-07-13T20:16:48+00:00 machine gtk-status-bar[1210]: 2026-07-13T20:16:48.328196Z DEBUG gtk_status_bar::widgets: Updating network label: 󰤟 28% 
2026-07-13T20:16:49+00:00 machine gtk-status-bar[1210]: 2026-07-13T20:16:49.000892Z DEBUG gtk_status_bar::widgets: Updating time label:  8:16 PM
2026-07-13T20:16:49+00:00 machine gtk-status-bar[1210]: 2026-07-13T20:16:49.387404Z DEBUG gtk_status_bar::dbus: Got an event in event stream: Msg { type: Signal, serial: 27, sender: UniqueName(":1.5"), path: ObjectPath("/org/freedesktop/UPower/devices/battery_BAT0"), iface: InterfaceName("org.freedesktop.DBus.Properties"), member: MemberName("PropertiesChanged"), body: Structure(Dynamic { fields: [Str, Dict { key: Dynamic { child: Str }, value: Dynamic { child: Variant } }, Array(Dynamic { child: Str })] }), fds: [] }
2026-07-13T20:16:49+00:00 machine gtk-status-bar[1210]: 2026-07-13T20:16:49.387459Z DEBUG gtk_status_bar::dbus: Dbus monitor: Received D-Bus message from path: Some(ObjectPath("/org/freedesktop/UPower/devices/battery_BAT0")), interface: Some(InterfaceName("org.freedesktop.DBus.Properties")), member: Some(MemberName("PropertiesChanged"))
2026-07-13T20:16:49+00:00 machine gtk-status-bar[1210]: 2026-07-13T20:16:49.387483Z  INFO gtk_status_bar::dbus: Dbus monitor: Received signal
2026-07-13T20:16:49+00:00 machine gtk-status-bar[1210]: 2026-07-13T20:16:49.387513Z  INFO gtk_status_bar::dbus: Dbus monitor: Received PropertiesChanged signal
2026-07-13T20:16:49+00:00 machine gtk-status-bar[1210]: 2026-07-13T20:16:49.387551Z DEBUG gtk_status_bar::dbus: Battery device properties contain no State property
2026-07-13T20:16:49+00:00 machine gtk-status-bar[1210]: 2026-07-13T20:16:49.387569Z  INFO gtk_status_bar::dbus: Battery percentage changed to 100.0%
2026-07-13T20:16:49+00:00 machine gtk-status-bar[1210]: 2026-07-13T20:16:49.387610Z DEBUG gtk_status_bar::dbus: Got an event in event stream: Msg { type: Signal, serial: 28, sender: UniqueName(":1.5"), path: ObjectPath("/org/freedesktop/UPower/devices/battery_BAT0"), iface: InterfaceName("org.freedesktop.DBus.Properties"), member: MemberName("PropertiesChanged"), body: Structure(Dynamic { fields: [Str, Dict { key: Dynamic { child: Str }, value: Dynamic { child: Variant } }, Array(Dynamic { child: Str })] }), fds: [] }
2026-07-13T20:16:49+00:00 machine gtk-status-bar[1210]: 2026-07-13T20:16:49.387633Z DEBUG gtk_status_bar::dbus: Dbus monitor: Received D-Bus message from path: Some(ObjectPath("/org/freedesktop/UPower/devices/battery_BAT0")), interface: Some(InterfaceName("org.freedesktop.DBus.Properties")), member: Some(MemberName("PropertiesChanged"))
2026-07-13T20:16:49+00:00 machine gtk-status-bar[1210]: 2026-07-13T20:16:49.387650Z  INFO gtk_status_bar::dbus: Dbus monitor: Received signal
2026-07-13T20:16:49+00:00 machine gtk-status-bar[1210]: 2026-07-13T20:16:49.387665Z  INFO gtk_status_bar::dbus: Dbus monitor: Received PropertiesChanged signal
2026-07-13T20:16:49+00:00 machine gtk-status-bar[1210]: 2026-07-13T20:16:49.387742Z  INFO gtk_status_bar::dbus: Battery is fully charged (state: 4)
2026-07-13T20:16:49+00:00 machine gtk-status-bar[1210]: 2026-07-13T20:16:49.387769Z DEBUG gtk_status_bar::dbus: Battery device properties contain no Percentage property
2026-07-13T20:16:49+00:00 machine gtk-status-bar[1210]: 2026-07-13T20:16:49.387823Z DEBUG gtk_status_bar::widgets: Updating battery label: 🔋 100%
2026-07-13T20:16:49+00:00 machine gtk-status-bar[1210]: 2026-07-13T20:16:49.387920Z DEBUG gtk_status_bar::widgets: 👁️  SHOWING battery widget - data: 🔋 100%
2026-07-13T20:16:49+00:00 machine gtk-status-bar[1210]: 2026-07-13T20:16:49.387940Z DEBUG gtk_status_bar::widgets: Updating battery label: 🔌 100%
2026-07-13T20:16:49+00:00 machine gtk-status-bar[1210]: 2026-07-13T20:16:49.387982Z DEBUG gtk_status_bar::widgets: 👁️  SHOWING battery widget - data: 🔌 100%
2026-07-13T20:16:49+00:00 machine gtk-status-bar[1210]: 2026-07-13T20:16:49.483802Z  INFO gtk_status_bar::network: Network reachability probe completed target=198.51.100.1 success=false elapsed_ms=72
2026-07-13T20:16:49+00:00 machine gtk-status-bar[1210]: 2026-07-13T20:16:49.483856Z DEBUG gtk_status_bar::network: Sent network update label="\u{f091f} 28% \u{f0ac}"
2026-07-13T20:16:49+00:00 machine gtk-status-bar[1210]: 2026-07-13T20:16:49.486829Z DEBUG gtk_status_bar::widgets: Updating network label: 󰤟 28% 
2026-07-13T20:16:50+00:00 machine gtk-status-bar[1210]: 2026-07-13T20:16:50.001921Z DEBUG gtk_status_bar::widgets: Updating time label:  8:16 PM
2026-07-13T20:16:50+00:00 machine gtk-status-bar[1210]: 2026-07-13T20:16:50.687161Z  INFO gtk_status_bar::network: Network reachability probe completed target=198.51.100.1 success=false elapsed_ms=15
2026-07-13T20:16:50+00:00 machine gtk-status-bar[1210]: 2026-07-13T20:16:50.687244Z DEBUG gtk_status_bar::network: Sent network update label="\u{f091f} 28% \u{f0ac}"
2026-07-13T20:16:50+00:00 machine gtk-status-bar[1210]: 2026-07-13T20:16:50.687921Z DEBUG gtk_status_bar::widgets: Updating network label: 󰤟 28% 
2026-07-13T20:16:51+00:00 machine gtk-status-bar[1210]: 2026-07-13T20:16:51.001674Z DEBUG gtk_status_bar::widgets: Updating time label:  8:16 PM
2026-07-13T20:16:52+00:00 machine gtk-status-bar[1210]: 2026-07-13T20:16:52.002671Z DEBUG gtk_status_bar::widgets: Updating time label:  8:16 PM
2026-07-13T20:16:52+00:00 machine gtk-status-bar[1210]: 2026-07-13T20:16:52.145736Z  INFO gtk_status_bar::network: Network reachability probe completed target=192.0.2.1 success=true elapsed_ms=12
2026-07-13T20:16:52+00:00 machine gtk-status-bar[1210]: 2026-07-13T20:16:52.145780Z DEBUG gtk_status_bar::network: Sent network update label="\u{f091f} 28% \u{f0ac}"
2026-07-13T20:16:52+00:00 machine gtk-status-bar[1210]: 2026-07-13T20:16:52.145960Z DEBUG gtk_status_bar::widgets: Updating network label: 󰤟 28% 
2026-07-13T20:16:52+00:00 machine gtk-status-bar[1210]: 2026-07-13T20:16:52.178921Z DEBUG gtk_status_bar::dbus: Got an event in event stream: Msg { type: Signal, serial: 32, sender: UniqueName(":1.5"), path: ObjectPath("/org/freedesktop/UPower/devices/battery_BAT0"), iface: InterfaceName("org.freedesktop.DBus.Properties"), member: MemberName("PropertiesChanged"), body: Structure(Dynamic { fields: [Str, Dict { key: Dynamic { child: Str }, value: Dynamic { child: Variant } }, Array(Dynamic { child: Str })] }), fds: [] }
2026-07-13T20:16:52+00:00 machine gtk-status-bar[1210]: 2026-07-13T20:16:52.178968Z DEBUG gtk_status_bar::dbus: Dbus monitor: Received D-Bus message from path: Some(ObjectPath("/org/freedesktop/UPower/devices/battery_BAT0")), interface: Some(InterfaceName("org.freedesktop.DBus.Properties")), member: Some(MemberName("PropertiesChanged"))
2026-07-13T20:16:52+00:00 machine gtk-status-bar[1210]: 2026-07-13T20:16:52.178994Z  INFO gtk_status_bar::dbus: Dbus monitor: Received signal
2026-07-13T20:16:52+00:00 machine gtk-status-bar[1210]: 2026-07-13T20:16:52.179014Z  INFO gtk_status_bar::dbus: Dbus monitor: Received PropertiesChanged signal
2026-07-13T20:16:52+00:00 machine gtk-status-bar[1210]: 2026-07-13T20:16:52.179047Z DEBUG gtk_status_bar::dbus: Battery device properties contain no State property
2026-07-13T20:16:52+00:00 machine gtk-status-bar[1210]: 2026-07-13T20:16:52.179063Z  INFO gtk_status_bar::dbus: Battery percentage changed to 79.5%
2026-07-13T20:16:52+00:00 machine gtk-status-bar[1210]: 2026-07-13T20:16:52.179096Z DEBUG gtk_status_bar::dbus: Got an event in event stream: Msg { type: Signal, serial: 33, sender: UniqueName(":1.5"), path: ObjectPath("/org/freedesktop/UPower/devices/battery_BAT0"), iface: InterfaceName("org.freedesktop.DBus.Properties"), member: MemberName("PropertiesChanged"), body: Structure(Dynamic { fields: [Str, Dict { key: Dynamic { child: Str }, value: Dynamic { child: Variant } }, Array(Dynamic { child: Str })] }), fds: [] }
2026-07-13T20:16:52+00:00 machine gtk-status-bar[1210]: 2026-07-13T20:16:52.179123Z DEBUG gtk_status_bar::dbus: Dbus monitor: Received D-Bus message from path: Some(ObjectPath("/org/freedesktop/UPower/devices/battery_BAT0")), interface: Some(InterfaceName("org.freedesktop.DBus.Properties")), member: Some(MemberName("PropertiesChanged"))
2026-07-13T20:16:52+00:00 machine gtk-status-bar[1210]: 2026-07-13T20:16:52.179143Z  INFO gtk_status_bar::dbus: Dbus monitor: Received signal
2026-07-13T20:16:52+00:00 machine gtk-status-bar[1210]: 2026-07-13T20:16:52.179161Z  INFO gtk_status_bar::dbus: Dbus monitor: Received PropertiesChanged signal
2026-07-13T20:16:52+00:00 machine gtk-status-bar[1210]: 2026-07-13T20:16:52.179193Z  INFO gtk_status_bar::dbus: Battery is discharging (state: 2)
2026-07-13T20:16:52+00:00 machine gtk-status-bar[1210]: 2026-07-13T20:16:52.179211Z DEBUG gtk_status_bar::dbus: Battery device properties contain no Percentage property
2026-07-13T20:16:52+00:00 machine gtk-status-bar[1210]: 2026-07-13T20:16:52.239384Z DEBUG gtk_status_bar::widgets: Updating battery label: 🔌 80%
2026-07-13T20:16:52+00:00 machine gtk-status-bar[1210]: 2026-07-13T20:16:52.239541Z DEBUG gtk_status_bar::widgets: 👁️  SHOWING battery widget - data: 🔌 80%
2026-07-13T20:16:52+00:00 machine gtk-status-bar[1210]: 2026-07-13T20:16:52.239562Z DEBUG gtk_status_bar::widgets: Updating battery label: 🔋 80%
2026-07-13T20:16:52+00:00 machine gtk-status-bar[1210]: 2026-07-13T20:16:52.239587Z DEBUG gtk_status_bar::widgets: 👁️  SHOWING battery widget - data: 🔋 80%
2026-07-13T20:16:52+00:00 machine gtk-status-bar[1210]: 2026-07-13T20:16:52.267228Z  INFO gtk_status_bar::network: Network reachability probe completed target=198.51.100.1 success=false elapsed_ms=27
2026-07-13T20:16:52+00:00 machine gtk-status-bar[1210]: 2026-07-13T20:16:52.267284Z DEBUG gtk_status_bar::network: Sent network update label="\u{f091f} 28% \u{f0ac}"
2026-07-13T20:16:52+00:00 machine gtk-status-bar[1210]: 2026-07-13T20:16:52.267443Z DEBUG gtk_status_bar::widgets: Updating network label: 󰤟 28% 
2026-07-13T20:16:53+00:00 machine gtk-status-bar[1210]: 2026-07-13T20:16:53.001925Z DEBUG gtk_status_bar::widgets: Updating time label:  8:16 PM
2026-07-13T20:16:54+00:00 machine gtk-status-bar[1210]: 2026-07-13T20:16:54.002385Z DEBUG gtk_status_bar::widgets: Updating time label:  8:16 PM
2026-07-13T20:16:54+00:00 machine gtk-status-bar[1210]: 2026-07-13T20:16:54.210187Z  INFO gtk_status_bar::network: Network reachability probe completed target=192.0.2.1 success=true elapsed_ms=22
2026-07-13T20:16:54+00:00 machine gtk-status-bar[1210]: 2026-07-13T20:16:54.210243Z DEBUG gtk_status_bar::network: Sent network update label="\u{f091f} 28% \u{f0ac}"
2026-07-13T20:16:54+00:00 machine gtk-status-bar[1210]: 2026-07-13T20:16:54.210469Z DEBUG gtk_status_bar::widgets: Updating network label: 󰤟 28% 
2026-07-13T20:16:55+00:00 machine gtk-status-bar[1210]: 2026-07-13T20:16:55.001603Z DEBUG gtk_status_bar::widgets: Updating time label:  8:16 PM
2026-07-13T20:16:55+00:00 machine gtk-status-bar[1210]: 2026-07-13T20:16:55.684226Z  INFO gtk_status_bar::network: Network reachability probe completed target=192.0.2.1 success=true elapsed_ms=22
2026-07-13T20:16:55+00:00 machine gtk-status-bar[1210]: 2026-07-13T20:16:55.684316Z DEBUG gtk_status_bar::network: Sent network update label="\u{f091f} 28% \u{f0ac}"
2026-07-13T20:16:55+00:00 machine gtk-status-bar[1210]: 2026-07-13T20:16:55.684887Z DEBUG gtk_status_bar::widgets: Updating network label: 󰤟 28% 
2026-07-13T20:16:56+00:00 machine gtk-status-bar[1210]: 2026-07-13T20:16:56.001433Z DEBUG gtk_status_bar::widgets: Updating time label:  8:16 PM
2026-07-13T20:16:57+00:00 machine gtk-status-bar[1210]: 2026-07-13T20:16:57.002256Z DEBUG gtk_status_bar::widgets: Updating time label:  8:16 PM
2026-07-13T20:16:57+00:00 machine gtk-status-bar[1210]: 2026-07-13T20:16:57.116202Z  INFO gtk_status_bar::network: Network reachability probe completed target=198.51.100.1 success=false elapsed_ms=11
2026-07-13T20:16:57+00:00 machine gtk-status-bar[1210]: 2026-07-13T20:16:57.116256Z DEBUG gtk_status_bar::network: Sent network update label="\u{f091f} 28% \u{f0ac}"
2026-07-13T20:16:57+00:00 machine gtk-status-bar[1210]: 2026-07-13T20:16:57.125873Z DEBUG gtk_status_bar::widgets: Updating network label: 󰤟 28% 
2026-07-13T20:16:57+00:00 machine gtk-status-bar[1210]: 2026-07-13T20:16:57.530462Z DEBUG gtk_status_bar::dbus: Got an event in event stream: Msg { type: Signal, serial: 108, sender: UniqueName(":1.6"), path: ObjectPath("/"), iface: InterfaceName("org.freedesktop.DBus.ObjectManager"), member: MemberName("InterfacesAdded"), body: Structure(Dynamic { fields: [ObjectPath, Dict { key: Dynamic { child: Str }, value: Dynamic { child: Dict { key: Dynamic { child: Str }, value: Dynamic { child: Variant } } } }] }), fds: [] }
2026-07-13T20:16:57+00:00 machine gtk-status-bar[1210]: 2026-07-13T20:16:57.530526Z DEBUG gtk_status_bar::dbus: Dbus monitor: Received D-Bus message from path: Some(ObjectPath("/")), interface: Some(InterfaceName("org.freedesktop.DBus.ObjectManager")), member: Some(MemberName("InterfacesAdded"))
2026-07-13T20:16:57+00:00 machine gtk-status-bar[1210]: 2026-07-13T20:16:57.530547Z  INFO gtk_status_bar::dbus: Dbus monitor: Received signal
2026-07-13T20:16:57+00:00 machine gtk-status-bar[1210]: 2026-07-13T20:16:57.530565Z  INFO gtk_status_bar::dbus: Dbus monitor: Received InterfacesAdded signal from ObjectManager
2026-07-13T20:16:57+00:00 machine gtk-status-bar[1210]: 2026-07-13T20:16:57.530639Z DEBUG gtk_status_bar::dbus: Available interfaces in InterfacesAdded: [Str("org.bluez.Device1")]
2026-07-13T20:16:57+00:00 machine gtk-status-bar[1210]: 2026-07-13T20:16:57.530776Z DEBUG gtk_status_bar::dbus: Found Device1 interface properties: Dict { map: {Str("Adapter"): Value(ObjectPath(ObjectPath("/org/bluez/hci0"))), Str("Address"): Value(Str("AA:BB:CC:DD:EE:03")), Str("AddressType"): Value(Str("public")), Str("AdvertisingData"): Value(Array(Array { elements: [], signature: Array(Dynamic { child: Dict { key: Dynamic { child: U8 }, value: Dynamic { child: Variant } } }) })), Str("AdvertisingFlags"): Value(Array(Array { elements: [], signature: Array(Dynamic { child: Array(Dynamic { child: U8 }) }) })), Str("Alias"): Value(Str("🎧 Sony")), Str("Appearance"): Value(U16(0)), Str("Blocked"): Value(Bool(false)), Str("Class"): Value(U32(5898764)), Str("Connected"): Value(Bool(false)), Str("Icon"): Value(Str("phone")), Str("LegacyPairing"): Value(Bool(false)), Str("ManufacturerData"): Value(Array(Array { elements: [], signature: Array(Dynamic { child: Dict { key: Dynamic { child: U16 }, value: Dynamic { child: Variant } } }) })), Str("Modalias"): Value(Str("bluetooth:v000Fp1200d1436")), Str("Name"): Value(Str("🎧 Sony")), Str("Paired"): Value(Bool(false)), Str("RSSI"): Value(I16(-79)), Str("ServiceData"): Value(Array(Array { elements: [], signature: Array(Dynamic { child: Dict { key: Dynamic { child: Str }, value: Dynamic { child: Variant } } }) })), Str("ServicesResolved"): Value(Bool(false)), Str("Trusted"): Value(Bool(false)), Str("TxPower"): Value(I16(0)), Str("UUIDs"): Value(Array(Array { elements: [], signature: Array(Dynamic { child: Str }) })), Str("WakeAllowed"): Value(Bool(false))}, signature: Dict { key: Dynamic { child: Str }, value: Dynamic { child: Variant } } }
2026-07-13T20:16:57+00:00 machine gtk-status-bar[1210]: 2026-07-13T20:16:57.530819Z DEBUG gtk_status_bar::dbus: Found Bluetooth device name: 🎧 Sony
2026-07-13T20:16:57+00:00 machine gtk-status-bar[1210]: 2026-07-13T20:16:57.535201Z  INFO gtk_status_bar::dbus: Created new device /org/bluez/hci0/dev_AA_BB_CC_DD_EE_03 with name: Some("🎧 Sony")
2026-07-13T20:16:57+00:00 machine gtk-status-bar[1210]: 2026-07-13T20:16:57.535244Z DEBUG gtk_status_bar::dbus: Not a device with org.bluez.Battery1 interface
2026-07-13T20:16:57+00:00 machine gtk-status-bar[1210]: 2026-07-13T20:16:57.536909Z DEBUG gtk_status_bar::widgets: Updating Bluetooth battery label: P80
2026-07-13T20:16:57+00:00 machine gtk-status-bar[1210]: 2026-07-13T20:16:57.536951Z DEBUG gtk_status_bar::widgets: 👁️  SHOWING Bluetooth widget - data: P80
2026-07-13T20:16:58+00:00 machine gtk-status-bar[1210]: 2026-07-13T20:16:58.001026Z DEBUG gtk_status_bar::widgets: Updating time label:  8:16 PM
2026-07-13T20:16:58+00:00 machine gtk-status-bar[2837]: 2026-07-13T20:16:58.264218Z  INFO gtk_status_bar: Starting GTK status bar application
2026-07-13T20:16:58+00:00 machine gtk-status-bar[2837]: 2026-07-13T20:16:58.265414Z  INFO gtk_status_bar: Running GTK application
2026-07-13T20:16:59+00:00 machine gtk-status-bar[2837]: 2026-07-13T20:16:59.971441Z  INFO gtk_status_bar: Activating GTK application
2026-07-13T20:16:59+00:00 machine gtk-status-bar[2837]: 2026-07-13T20:16:59.972453Z DEBUG gtk_status_bar::widgets: Loading CSS styles
2026-07-13T20:16:59+00:00 machine gtk-status-bar[2837]: 2026-07-13T20:16:59.973064Z  INFO gtk_status_bar::widgets: CSS styles loaded successfully
2026-07-13T20:16:59+00:00 machine gtk-status-bar[2837]: 2026-07-13T20:16:59.973089Z DEBUG gtk_status_bar::widgets: Configuring layer shell
2026-07-13T20:16:59+00:00 machine gtk-status-bar[2837]: 2026-07-13T20:16:59.976235Z  INFO gtk_status_bar::widgets: Layer shell configured successfully
2026-07-13T20:16:59+00:00 machine gtk-status-bar[2837]: 2026-07-13T20:16:59.976272Z DEBUG gtk_status_bar::widgets: Creating experimental bar
2026-07-13T20:16:59+00:00 machine gtk-status-bar[2837]: 2026-07-13T20:16:59.976405Z DEBUG gtk_status_bar::widgets: Creating left group
2026-07-13T20:16:59+00:00 machine gtk-status-bar[2837]: 2026-07-13T20:16:59.976511Z DEBUG gtk_status_bar::widgets: Creating workspace widget
2026-07-13T20:16:59+00:00 machine gtk-status-bar[2837]: 2026-07-13T20:16:59.976992Z DEBUG gtk_status_bar::widgets: Creating title widget
2026-07-13T20:16:59+00:00 machine gtk-status-bar[2837]: 2026-07-13T20:16:59.977201Z DEBUG gtk_status_bar::widgets: Creating right group
2026-07-13T20:16:59+00:00 machine gtk-status-bar[2837]: 2026-07-13T20:16:59.977248Z DEBUG gtk_status_bar::widgets: Creating system tray widget
2026-07-13T20:16:59+00:00 machine gtk-status-bar[2837]: 2026-07-13T20:16:59.977286Z DEBUG gtk_status_bar::widgets: Creating bluetooth widget
2026-07-13T20:16:59+00:00 machine gtk-status-bar[2837]: 2026-07-13T20:16:59.977340Z DEBUG gtk_status_bar::widgets: Creating volume widget
2026-07-13T20:16:59+00:00 machine gtk-status-bar[2837]: 2026-07-13T20:16:59.977399Z DEBUG gtk_status_bar::widgets: Creating network widget
2026-07-13T20:16:59+00:00 machine gtk-status-bar[2837]: 2026-07-13T20:16:59.977457Z DEBUG gtk_status_bar::widgets: Creating battery widget
2026-07-13T20:16:59+00:00 machine gtk-status-bar[2837]: 2026-07-13T20:16:59.977531Z DEBUG gtk_status_bar::widgets: Creating time widget
2026-07-13T20:17:00+00:00 machine gtk-status-bar[2837]: 2026-07-13T20:17:00.592785Z DEBUG gtk_status_bar::widgets: Setting up time widget updates
2026-07-13T20:17:00+00:00 machine gtk-status-bar[2837]: 2026-07-13T20:17:00.592860Z DEBUG gtk_status_bar::widgets: Updating time label:  8:17 PM
2026-07-13T20:17:00+00:00 machine gtk-status-bar[2837]: 2026-07-13T20:17:00.592919Z DEBUG gtk_status_bar::widgets: Setting up system tray updates
2026-07-13T20:17:00+00:00 machine gtk-status-bar[2837]: 2026-07-13T20:17:00.592976Z DEBUG gtk_status_bar::widgets: Setting up workspace updates
2026-07-13T20:17:00+00:00 machine gtk-status-bar[2837]: 2026-07-13T20:17:00.593020Z DEBUG gtk_status_bar::widgets: Setting up title updates
2026-07-13T20:17:00+00:00 machine gtk-status-bar[2837]: 2026-07-13T20:17:00.593060Z DEBUG gtk_status_bar::widgets: Setting up battery updates
2026-07-13T20:17:00+00:00 machine gtk-status-bar[2837]: 2026-07-13T20:17:00.593103Z DEBUG gtk_status_bar::widgets: Setting up Bluetooth battery updates
2026-07-13T20:17:00+00:00 machine gtk-status-bar[2837]: 2026-07-13T20:17:00.593147Z DEBUG gtk_status_bar::widgets: Setting up network updates
2026-07-13T20:17:00+00:00 machine gtk-status-bar[2837]: 2026-07-13T20:17:00.593187Z DEBUG gtk_status_bar::widgets: Setting up volume updates with tokio async channels
2026-07-13T20:17:00+00:00 machine gtk-status-bar[2837]: 2026-07-13T20:17:00.593406Z  INFO gtk_status_bar: Application activated successfully
2026-07-13T20:17:00+00:00 machine gtk-status-bar[2837]: 2026-07-13T20:17:00.593942Z  INFO gtk_status_bar::hypr: 🔌 Starting workspace event listener
2026-07-13T20:17:00+00:00 machine gtk-status-bar[2837]: 2026-07-13T20:17:00.593995Z DEBUG gtk_status_bar::hypr: Setting up workspace event listener
2026-07-13T20:17:00+00:00 machine gtk-status-bar[2837]: 2026-07-13T20:17:00.594019Z DEBUG gtk_status_bar::widgets: 🚀 Starting async volume update loop...
2026-07-13T20:17:00+00:00 machine gtk-status-bar[2837]: 2026-07-13T20:17:00.594349Z  INFO gtk_status_bar::hypr: 🔌 Starting title event listener
2026-07-13T20:17:00+00:00 machine gtk-status-bar[2837]: 2026-07-13T20:17:00.594401Z DEBUG gtk_status_bar::hypr: Setting up title event listener
2026-07-13T20:17:00+00:00 machine gtk-status-bar[2837]: 2026-07-13T20:17:00.594441Z DEBUG gtk_status_bar::hypr: Fetching initial title state
2026-07-13T20:17:00+00:00 machine gtk-status-bar[2837]: 2026-07-13T20:17:00.594635Z  INFO gtk_status_bar::dbus: 🔌 Starting D-Bus monitor
2026-07-13T20:17:00+00:00 machine gtk-status-bar[2837]: 2026-07-13T20:17:00.594811Z  INFO gtk_status_bar::dbus: Starting D-Bus monitoring task
2026-07-13T20:17:00+00:00 machine gtk-status-bar[2837]: 2026-07-13T20:17:00.594946Z DEBUG gtk_status_bar::pw: 🔧 Initializing PipeWire on dedicated thread...
2026-07-13T20:17:00+00:00 machine gtk-status-bar[2837]: 2026-07-13T20:17:00.595014Z DEBUG gtk_status_bar::pw: 📋 Created device tracking HashMap for (node_name, description, volume, channel, mute)
2026-07-13T20:17:00+00:00 machine gtk-status-bar[2837]: 2026-07-13T20:17:00.596896Z  INFO gtk_status_bar::tray: 🔌 Starting system tray backend
2026-07-13T20:17:00+00:00 machine gtk-status-bar[2837]: 2026-07-13T20:17:00.596972Z DEBUG gtk_status_bar::hypr: Initial title state title="Close OS window" class="kitty"
2026-07-13T20:17:00+00:00 machine gtk-status-bar[2837]: 2026-07-13T20:17:00.597024Z  INFO gtk_status_bar::hypr: Starting title event listener
2026-07-13T20:17:00+00:00 machine gtk-status-bar[2837]: 2026-07-13T20:17:00.597134Z  INFO gtk_status_bar::hypr: Starting workspace event listener
2026-07-13T20:17:00+00:00 machine gtk-status-bar[2837]: 2026-07-13T20:17:00.597274Z  INFO gtk_status_bar::network: Starting network monitor
2026-07-13T20:17:00+00:00 machine gtk-status-bar[2837]: 2026-07-13T20:17:00.604166Z  INFO gtk_status_bar: Starting tray IPC server
2026-07-13T20:17:00+00:00 machine gtk-status-bar[2837]: 2026-07-13T20:17:00.604463Z DEBUG gtk_status_bar::pw: ✅ PipeWire initialized
2026-07-13T20:17:00+00:00 machine gtk-status-bar[2837]: 2026-07-13T20:17:00.604537Z DEBUG gtk_status_bar::pw: ✅ ThreadLoop created
2026-07-13T20:17:00+00:00 machine gtk-status-bar[2837]: 2026-07-13T20:17:00.609834Z  INFO tray_ipc: Tray IPC server is listening path=/run/user/1000/gtk-status-bar/tray.sock
2026-07-13T20:17:00+00:00 machine gtk-status-bar[2837]: 2026-07-13T20:17:00.612331Z DEBUG gtk_status_bar::dbus: 🔌 Registered battery match rule
2026-07-13T20:17:00+00:00 machine gtk-status-bar[2837]: 2026-07-13T20:17:00.613858Z  INFO gtk_status_bar::tray: Serving StatusNotifierWatcher for tray applications
2026-07-13T20:17:00+00:00 machine gtk-status-bar[2837]: 2026-07-13T20:17:00.621043Z DEBUG gtk_status_bar::network: Sent network update label="\u{f091f} 28% ?"
2026-07-13T20:17:00+00:00 machine gtk-status-bar[2837]: 2026-07-13T20:17:00.621131Z DEBUG gtk_status_bar::dbus: 🔌 Registered bluez PropertiesChanged match rule
2026-07-13T20:17:00+00:00 machine gtk-status-bar[2837]: 2026-07-13T20:17:00.625008Z DEBUG gtk_status_bar::dbus: 🔌 Registered bluez InterfacesAdded match rule
2026-07-13T20:17:00+00:00 machine gtk-status-bar[2837]: 2026-07-13T20:17:00.625758Z DEBUG gtk_status_bar::dbus: 🔌 Registered bluez InterfacesRemoved match rule
2026-07-13T20:17:00+00:00 machine gtk-status-bar[2837]: 2026-07-13T20:17:00.625309Z DEBUG gtk_status_bar::widgets: Pinning bar height to font-derived line height char_height=18 multiplier=1.4 pinned=25
2026-07-13T20:17:00+00:00 machine gtk-status-bar[2837]: 2026-07-13T20:17:00.630214Z  INFO gtk_status_bar::dbus: No battery detected initially (likely desktop system): org.freedesktop.DBus.Error.UnknownMethod: Method "Get" with signature "ss" on interface "org.freedesktop.DBus.Properties" doesn't exist
2026-07-13T20:17:00+00:00 machine gtk-status-bar[2837]: 2026-07-13T20:17:00.635858Z  INFO gtk_status_bar::dbus: No battery state detected initially (likely desktop system): org.freedesktop.DBus.Error.UnknownMethod: Method "Get" with signature "ss" on interface "org.freedesktop.DBus.Properties" doesn't exist
2026-07-13T20:17:00+00:00 machine gtk-status-bar[2837]: 2026-07-13T20:17:00.635898Z DEBUG gtk_status_bar::dbus: Using empty battery text
2026-07-13T20:17:00+00:00 machine gtk-status-bar[2837]: 2026-07-13T20:17:00.642649Z  INFO gtk_status_bar::dbus: Found 5 Bluetooth objects
2026-07-13T20:17:00+00:00 machine gtk-status-bar[2837]: 2026-07-13T20:17:00.642745Z  INFO gtk_status_bar::dbus: Found Bluetooth device with battery at: /org/bluez/hci0/dev_AA_BB_CC_DD_EE_03
2026-07-13T20:17:00+00:00 machine gtk-status-bar[2837]: 2026-07-13T20:17:00.642765Z  INFO gtk_status_bar::dbus: Bluetooth device battery at 55%
2026-07-13T20:17:00+00:00 machine gtk-status-bar[2837]: 2026-07-13T20:17:00.642785Z DEBUG gtk_status_bar::dbus: Added device /org/bluez/hci0/dev_AA_BB_CC_DD_EE_03 to HashMap (has_battery: true, has_media: false)
2026-07-13T20:17:00+00:00 machine gtk-status-bar[2837]: 2026-07-13T20:17:00.642808Z  INFO gtk_status_bar::dbus: Found Bluetooth device with battery at: /org/bluez/hci0/dev_AA_BB_CC_DD_EE_02
2026-07-13T20:17:00+00:00 machine gtk-status-bar[2837]: 2026-07-13T20:17:00.642825Z  INFO gtk_status_bar::dbus: Bluetooth device battery at 42%
2026-07-13T20:17:00+00:00 machine gtk-status-bar[2837]: 2026-07-13T20:17:00.642846Z DEBUG gtk_status_bar::dbus: Added device /org/bluez/hci0/dev_AA_BB_CC_DD_EE_02 to HashMap (has_battery: true, has_media: false)
2026-07-13T20:17:00+00:00 machine gtk-status-bar[2837]: 2026-07-13T20:17:00.642870Z  INFO gtk_status_bar::dbus: Found Bluetooth device with battery at: /org/bluez/hci0/dev_AA_BB_CC_DD_EE_01
2026-07-13T20:17:00+00:00 machine gtk-status-bar[2837]: 2026-07-13T20:17:00.642887Z  INFO gtk_status_bar::dbus: Bluetooth device battery at 80%
2026-07-13T20:17:00+00:00 machine gtk-status-bar[2837]: 2026-07-13T20:17:00.642910Z DEBUG gtk_status_bar::dbus: Added device /org/bluez/hci0/dev_AA_BB_CC_DD_EE_01 to HashMap (has_battery: true, has_media: false)
2026-07-13T20:17:00+00:00 machine gtk-status-bar[2837]: 2026-07-13T20:17:00.642929Z DEBUG gtk_status_bar::dbus: Initial bluetooth devices: {"/org/bluez/hci0/dev_AA_BB_CC_DD_EE_01": BluetoothDevice { has_battery: true, has_media: false, battery_percentage: Some(80), device_name: Some("Pixel Buds") }, "/org/bluez/hci0/dev_AA_BB_CC_DD_EE_02": BluetoothDevice { has_battery: true, has_media: false, battery_percentage: Some(42), device_name: None }, "/org/bluez/hci0/dev_AA_BB_CC_DD_EE_03": BluetoothDevice { has_battery: true, has_media: false, battery_percentage: Some(55), device_name: Some("🎧 Sony") }}
2026-07-13T20:17:00+00:00 machine gtk-status-bar[2837]: 2026-07-13T20:17:00.642972Z  INFO gtk_status_bar::dbus: Sent initial Bluetooth display: P80 D42 🎧55
2026-07-13T20:17:00+00:00 machine gtk-status-bar[2837]: 2026-07-13T20:17:00.642993Z  INFO gtk_status_bar::dbus: Dbus monitor: Starting to listen for D-Bus messages
2026-07-13T20:17:00+00:00 machine gtk-status-bar[2837]: 2026-07-13T20:17:00.643011Z DEBUG gtk_status_bar::dbus: Got an event in event stream: Msg { type: MethodReturn, serial: 4294967295, sender: UniqueName("org.freedesktop.DBus"), reply-serial: 44, fds: [] }
2026-07-13T20:17:00+00:00 machine gtk-status-bar[2837]: 2026-07-13T20:17:00.643032Z DEBUG gtk_status_bar::dbus: Dbus monitor: Received D-Bus message from path: None, interface: None, member: None
2026-07-13T20:17:00+00:00 machine gtk-status-bar[2837]: 2026-07-13T20:17:00.643040Z DEBUG gtk_status_bar::pw: ✅ Context created
2026-07-13T20:17:00+00:00 machine gtk-status-bar[2837]: 2026-07-13T20:17:00.643051Z ERROR gtk_status_bar::dbus: Dbus monitor: Received message with no path, ignoring
2026-07-13T20:17:00+00:00 machine gtk-status-bar[2837]: 2026-07-13T20:17:00.643071Z DEBUG gtk_status_bar::dbus: Got an event in event stream: Msg { type: Error, serial: 39, sender: UniqueName(":1.5"), reply-serial: 45, body: Str, fds: [] }
2026-07-13T20:17:00+00:00 machine gtk-status-bar[2837]: 2026-07-13T20:17:00.643095Z DEBUG gtk_status_bar::dbus: Dbus monitor: Received D-Bus message from path: None, interface: None, member: None
2026-07-13T20:17:00+00:00 machine gtk-status-bar[2837]: 2026-07-13T20:17:00.643111Z ERROR gtk_status_bar::dbus: Dbus monitor: Received message with no path, ignoring
2026-07-13T20:17:00+00:00 machine gtk-status-bar[2837]: 2026-07-13T20:17:00.643134Z DEBUG gtk_status_bar::dbus: Got an event in event stream: Msg { type: Error, serial: 40, sender: UniqueName(":1.5"), reply-serial: 46, body: Str, fds: [] }
2026-07-13T20:17:00+00:00 machine gtk-status-bar[2837]: 2026-07-13T20:17:00.643153Z DEBUG gtk_status_bar::dbus: Dbus monitor: Received D-Bus message from path: None, interface: None, member: None
2026-07-13T20:17:00+00:00 machine gtk-status-bar[2837]: 2026-07-13T20:17:00.643169Z ERROR gtk_status_bar::dbus: Dbus monitor: Received message with no path, ignoring
2026-07-13T20:17:00+00:00 machine gtk-status-bar[2837]: 2026-07-13T20:17:00.643189Z DEBUG gtk_status_bar::pw: ✅ Core connected
2026-07-13T20:17:00+00:00 machine gtk-status-bar[2837]: 2026-07-13T20:17:00.643188Z DEBUG gtk_status_bar::dbus: Got an event in event stream: Msg { type: MethodReturn, serial: 113, sender: UniqueName(":1.6"), reply-serial: 47, body: Dict { key: Dynamic { child: ObjectPath }, value: Dynamic { child: Dict { key: Dynamic { child: Str }, value: Dynamic { child: Dict { key: Dynamic { child: Str }, value: Dynamic { child: Variant } } } } } }, fds: [] }
2026-07-13T20:17:00+00:00 machine gtk-status-bar[2837]: 2026-07-13T20:17:00.643208Z DEBUG gtk_status_bar::pw: ✅ Registry obtained
2026-07-13T20:17:00+00:00 machine gtk-status-bar[2837]: 2026-07-13T20:17:00.643211Z DEBUG gtk_status_bar::dbus: Dbus monitor: Received D-Bus message from path: None, interface: None, member: None
2026-07-13T20:17:00+00:00 machine gtk-status-bar[2837]: 2026-07-13T20:17:00.643224Z DEBUG gtk_status_bar::pw: 🎵 PipeWire ThreadLoop started - monitoring volume changes with default sink filtering
2026-07-13T20:17:00+00:00 machine gtk-status-bar[2837]: 2026-07-13T20:17:00.643229Z ERROR gtk_status_bar::dbus: Dbus monitor: Received message with no path, ignoring
2026-07-13T20:17:00+00:00 machine gtk-status-bar[2837]: 2026-07-13T20:17:00.643384Z DEBUG gtk_status_bar::pw: ✅ ThreadLoop started successfully
2026-07-13T20:17:00+00:00 machine gtk-status-bar[2837]: 2026-07-13T20:17:00.643403Z DEBUG gtk_status_bar::pw: 🔄 PipeWire thread running - async event delivery active...
2026-07-13T20:17:00+00:00 machine gtk-status-bar[2837]: 2026-07-13T20:17:00.645013Z DEBUG gtk_status_bar::pw: 📡 PipeWire connected: pipewire-0
2026-07-13T20:17:00+00:00 machine gtk-status-bar[2837]: 2026-07-13T20:17:00.645070Z DEBUG gtk_status_bar::pw: 🚫 Skipping metadata '' (props: Some(DictRef { flags: Flags(0x0), entries: {"object.serial": "0", "core.name": "pipewire-0"} }))
2026-07-13T20:17:00+00:00 machine gtk-status-bar[2837]: 2026-07-13T20:17:00.645097Z DEBUG gtk_status_bar::pw: 🚫 Skipping metadata '' (props: Some(DictRef { flags: Flags(0x0), entries: {"object.serial": "1", "module.name": "libpipewire-module-rt"} }))
2026-07-13T20:17:00+00:00 machine gtk-status-bar[2837]: 2026-07-13T20:17:00.645120Z DEBUG gtk_status_bar::pw: 🚫 Skipping metadata '' (props: Some(DictRef { flags: Flags(0x0), entries: {"object.serial": "3"} }))
2026-07-13T20:17:00+00:00 machine gtk-status-bar[2837]: 2026-07-13T20:17:00.645141Z DEBUG gtk_status_bar::pw: 🚫 Skipping metadata '' (props: Some(DictRef { flags: Flags(0x0), entries: {"object.serial": "2", "module.name": "libpipewire-module-protocol-native"} }))
2026-07-13T20:17:00+00:00 machine gtk-status-bar[2837]: 2026-07-13T20:17:00.645163Z DEBUG gtk_status_bar::pw: 🚫 Skipping metadata '' (props: Some(DictRef { flags: Flags(0x0), entries: {"object.serial": "5"} }))
2026-07-13T20:17:00+00:00 machine gtk-status-bar[2837]: 2026-07-13T20:17:00.645183Z DEBUG gtk_status_bar::pw: 🚫 Skipping metadata '' (props: Some(DictRef { flags: Flags(0x0), entries: {"object.serial": "4", "module.name": "libpipewire-module-profiler"} }))
2026-07-13T20:17:00+00:00 machine gtk-status-bar[2837]: 2026-07-13T20:17:00.645205Z DEBUG gtk_status_bar::pw: 🚫 Skipping metadata '' (props: Some(DictRef { flags: Flags(0x0), entries: {"object.serial": "6", "module.name": "libpipewire-module-metadata"} }))
2026-07-13T20:17:00+00:00 machine gtk-status-bar[2837]: 2026-07-13T20:17:00.645226Z DEBUG gtk_status_bar::pw: 🚫 Skipping metadata '' (props: Some(DictRef { flags: Flags(0x0), entries: {"object.serial": "7", "module.id": "6", "factory.name": "metadata", "factory.type.name": "PipeWire:Interface:Metadata", "factory.type.version": "3"} }))
2026-07-13T20:17:00+00:00 machine gtk-status-bar[2837]: 2026-07-13T20:17:00.645249Z DEBUG gtk_status_bar::pw: 🚫 Skipping metadata '' (props: Some(DictRef { flags: Flags(0x0), entries: {"object.serial": "8", "module.name": "libpipewire-module-spa-device-factory"} }))
2026-07-13T20:17:00+00:00 machine gtk-status-bar[2837]: 2026-07-13T20:17:00.645271Z DEBUG gtk_status_bar::pw: 🚫 Skipping metadata '' (props: Some(DictRef { flags: Flags(0x0), entries: {"object.serial": "9", "module.id": "8", "factory.name": "spa-device-factory", "factory.type.name": "PipeWire:Interface:Device", "factory.type.version": "3"} }))
2026-07-13T20:17:00+00:00 machine gtk-status-bar[2837]: 2026-07-13T20:17:00.645298Z DEBUG gtk_status_bar::pw: 🚫 Skipping metadata '' (props: Some(DictRef { flags: Flags(0x0), entries: {"object.serial": "10", "module.name": "libpipewire-module-spa-node-factory"} }))
2026-07-13T20:17:00+00:00 machine gtk-status-bar[2837]: 2026-07-13T20:17:00.645320Z DEBUG gtk_status_bar::pw: 🚫 Skipping metadata '' (props: Some(DictRef { flags: Flags(0x0), entries: {"object.serial": "11", "module.id": "10", "factory.name": "spa-node-factory", "factory.type.name": "PipeWire:Interface:Node", "factory.type.version": "3"} }))
2026-07-13T20:17:00+00:00 machine gtk-status-bar[2837]: 2026-07-13T20:17:00.645343Z DEBUG gtk_status_bar::pw: 🚫 Skipping metadata '' (props: Some(DictRef { flags: Flags(0x0), entries: {"object.serial": "12", "module.name": "libpipewire-module-client-node"} }))
2026-07-13T20:17:00+00:00 machine gtk-status-bar[2837]: 2026-07-13T20:17:00.645365Z DEBUG gtk_status_bar::pw: 🚫 Skipping metadata '' (props: Some(DictRef { flags: Flags(0x0), entries: {"object.serial": "13", "module.id": "12", "factory.name": "client-node", "factory.type.name": "PipeWire:Interface:ClientNode", "factory.type.version": "6"} }))
2026-07-13T20:17:00+00:00 machine gtk-status-bar[2837]: 2026-07-13T20:17:00.645388Z DEBUG gtk_status_bar::pw: 🚫 Skipping metadata '' (props: Some(DictRef { flags: Flags(0x0), entries: {"object.serial": "14", "module.name": "libpipewire-module-client-device"} }))
2026-07-13T20:17:00+00:00 machine gtk-status-bar[2837]: 2026-07-13T20:17:00.645411Z DEBUG gtk_status_bar::pw: 🚫 Skipping metadata '' (props: Some(DictRef { flags: Flags(0x0), entries: {"object.serial": "15", "module.id": "14", "factory.name": "client-device", "factory.type.name": "Spa:Pointer:Interface:Device", "factory.type.version": "0"} }))
2026-07-13T20:17:00+00:00 machine gtk-status-bar[2837]: 2026-07-13T20:17:00.645433Z DEBUG gtk_status_bar::pw: 🚫 Skipping metadata '' (props: Some(DictRef { flags: Flags(0x0), entries: {"object.serial": "16", "module.name": "libpipewire-module-portal"} }))
2026-07-13T20:17:00+00:00 machine gtk-status-bar[2837]: 2026-07-13T20:17:00.645454Z DEBUG gtk_status_bar::pw: 🚫 Skipping metadata '' (props: Some(DictRef { flags: Flags(0x0), entries: {"object.serial": "17", "module.name": "libpipewire-module-access"} }))
2026-07-13T20:17:00+00:00 machine gtk-status-bar[2837]: 2026-07-13T20:17:00.645476Z DEBUG gtk_status_bar::pw: 🚫 Skipping metadata '' (props: Some(DictRef { flags: Flags(0x0), entries: {"object.serial": "18", "module.name": "libpipewire-module-adapter"} }))
2026-07-13T20:17:00+00:00 machine gtk-status-bar[2837]: 2026-07-13T20:17:00.645506Z DEBUG gtk_status_bar::pw: 🚫 Skipping metadata '' (props: Some(DictRef { flags: Flags(0x0), entries: {"object.serial": "19", "module.id": "18", "factory.name": "adapter", "factory.type.name": "PipeWire:Interface:Node", "factory.type.version": "3"} }))
2026-07-13T20:17:00+00:00 machine gtk-status-bar[2837]: 2026-07-13T20:17:00.645529Z DEBUG gtk_status_bar::pw: 🚫 Skipping metadata '' (props: Some(DictRef { flags: Flags(0x0), entries: {"object.serial": "20", "module.name": "libpipewire-module-link-factory"} }))
2026-07-13T20:17:00+00:00 machine gtk-status-bar[2837]: 2026-07-13T20:17:00.645551Z DEBUG gtk_status_bar::pw: 🚫 Skipping metadata '' (props: Some(DictRef { flags: Flags(0x0), entries: {"object.serial": "21", "module.id": "20", "factory.name": "link-factory", "factory.type.name": "PipeWire:Interface:Link", "factory.type.version": "3"} }))
2026-07-13T20:17:00+00:00 machine gtk-status-bar[2837]: 2026-07-13T20:17:00.645573Z DEBUG gtk_status_bar::pw: 🚫 Skipping metadata '' (props: Some(DictRef { flags: Flags(0x0), entries: {"object.serial": "22", "module.name": "libpipewire-module-session-manager"} }))
2026-07-13T20:17:00+00:00 machine gtk-status-bar[2837]: 2026-07-13T20:17:00.645599Z DEBUG gtk_status_bar::pw: 🚫 Skipping metadata '' (props: Some(DictRef { flags: Flags(0x0), entries: {"object.serial": "23", "module.id": "22", "factory.name": "client-endpoint", "factory.type.name": "PipeWire:Interface:ClientEndpoint", "factory.type.version": "0"} }))
2026-07-13T20:17:00+00:00 machine gtk-status-bar[2837]: 2026-07-13T20:17:00.645621Z DEBUG gtk_status_bar::pw: 🚫 Skipping metadata '' (props: Some(DictRef { flags: Flags(0x0), entries: {"object.serial": "24", "module.id": "22", "factory.name": "client-session", "factory.type.name": "PipeWire:Interface:ClientSession", "factory.type.version": "0"} }))
2026-07-13T20:17:00+00:00 machine gtk-status-bar[2837]: 2026-07-13T20:17:00.645643Z DEBUG gtk_status_bar::pw: 🚫 Skipping metadata '' (props: Some(DictRef { flags: Flags(0x0), entries: {"object.serial": "25", "module.id": "22", "factory.name": "session", "factory.type.name": "PipeWire:Interface:Session", "factory.type.version": "0"} }))
2026-07-13T20:17:01+00:00 machine gtk-status-bar[2837]: 2026-07-13T20:17:00.645668Z DEBUG gtk_status_bar::pw: 🚫 Skipping metadata '' (props: Some(DictRef { flags: Flags(0x0), entries: {"object.serial": "26", "module.id": "22", "factory.name": "endpoint", "factory.type.name": "PipeWire:Interface:Endpoint", "factory.type.version": "0"} }))
2026-07-13T20:17:01+00:00 machine gtk-status-bar[2837]: 2026-07-13T20:17:00.645760Z DEBUG gtk_status_bar::pw: 🚫 Skipping metadata '' (props: Some(DictRef { flags: Flags(0x0), entries: {"object.serial": "27", "module.id": "22", "factory.name": "endpoint-stream", "factory.type.name": "PipeWire:Interface:EndpointStream", "factory.type.version": "0"} }))
2026-07-13T20:17:01+00:00 machine gtk-status-bar[2837]: 2026-07-13T20:17:00.645783Z DEBUG gtk_status_bar::pw: 🚫 Skipping metadata '' (props: Some(DictRef { flags: Flags(0x0), entries: {"object.serial": "28", "module.id": "22", "factory.name": "endpoint-link", "factory.type.name": "PipeWire:Interface:EndpointLink", "factory.type.version": "0"} }))
2026-07-13T20:17:01+00:00 machine gtk-status-bar[2837]: 2026-07-13T20:17:00.645805Z DEBUG gtk_status_bar::pw: 🚫 Skipping metadata '' (props: Some(DictRef { flags: Flags(0x0), entries: {"object.serial": "29", "module.name": "libpipewire-module-x11-bell"} }))
2026-07-13T20:17:01+00:00 machine gtk-status-bar[2837]: 2026-07-13T20:17:00.645826Z DEBUG gtk_status_bar::pw: 🚫 Skipping metadata '' (props: Some(DictRef { flags: Flags(0x0), entries: {"object.serial": "30", "module.name": "libpipewire-module-jackdbus-detect"} }))
2026-07-13T20:17:01+00:00 machine gtk-status-bar[2837]: 2026-07-13T20:17:00.645847Z DEBUG gtk_status_bar::pw: 🚫 Skipping metadata '' (props: Some(DictRef { flags: Flags(0x0), entries: {"object.serial": "31", "factory.id": "11", "priority.driver": "200000", "node.name": "Dummy-Driver"} }))
2026-07-13T20:17:01+00:00 machine gtk-status-bar[2837]: 2026-07-13T20:17:00.645868Z DEBUG gtk_status_bar::pw: 🔍 Checking node - media.class: None
2026-07-13T20:17:01+00:00 machine gtk-status-bar[2837]: 2026-07-13T20:17:00.645886Z DEBUG gtk_status_bar::pw: 🔍 Node filter result: false for media.class: None
2026-07-13T20:17:01+00:00 machine gtk-status-bar[2837]: 2026-07-13T20:17:00.645906Z DEBUG gtk_status_bar::pw: 🚫 Skipping metadata '' (props: Some(DictRef { flags: Flags(0x0), entries: {"object.serial": "32", "factory.id": "11", "priority.driver": "190000", "node.name": "Freewheel-Driver"} }))
2026-07-13T20:17:01+00:00 machine gtk-status-bar[2837]: 2026-07-13T20:17:00.645926Z DEBUG gtk_status_bar::pw: 🔍 Checking node - media.class: None
2026-07-13T20:17:01+00:00 machine gtk-status-bar[2837]: 2026-07-13T20:17:00.645944Z DEBUG gtk_status_bar::pw: 🔍 Node filter result: false for media.class: None
2026-07-13T20:17:01+00:00 machine gtk-status-bar[2837]: 2026-07-13T20:17:00.645964Z DEBUG gtk_status_bar::pw: 🚫 Skipping metadata 'settings' (props: Some(DictRef { flags: Flags(0x0), entries: {"object.serial": "33", "metadata.name": "settings"} }))
2026-07-13T20:17:01+00:00 machine gtk-status-bar[2837]: 2026-07-13T20:17:00.645986Z DEBUG gtk_status_bar::pw: 🚫 Skipping metadata '' (props: Some(DictRef { flags: Flags(0x0), entries: {"object.serial": "34", "module.id": "2", "pipewire.protocol": "protocol-native", "pipewire.sec.pid": "1287", "pipewire.sec.uid": "1000", "pipewire.sec.gid": "100", "pipewire.sec.socket": "pipewire-0", "application.name": ".xdg-desktop-portal-wrapped", "pipewire.access": "unrestricted"} }))
2026-07-13T20:17:01+00:00 machine gtk-status-bar[2837]: 2026-07-13T20:17:00.646009Z DEBUG gtk_status_bar::pw: 🚫 Skipping metadata '' (props: Some(DictRef { flags: Flags(0x0), entries: {"object.serial": "35", "module.id": "2", "pipewire.protocol": "protocol-native", "pipewire.sec.pid": "1363", "pipewire.sec.uid": "1000", "pipewire.sec.gid": "100", "pipewire.sec.socket": "pipewire-0-manager", "application.name": "WirePlumber", "pipewire.access": "unrestricted"} }))
2026-07-13T20:17:01+00:00 machine gtk-status-bar[2837]: 2026-07-13T20:17:00.646032Z DEBUG gtk_status_bar::pw: 🚫 Skipping metadata 'schema-sm-settings' (props: Some(DictRef { flags: Flags(0x0), entries: {"metadata.name": "schema-sm-settings", "factory.id": "7", "module.id": "6", "client.id": "35", "object.serial": "36"} }))
2026-07-13T20:17:01+00:00 machine gtk-status-bar[2837]: 2026-07-13T20:17:00.646054Z DEBUG gtk_status_bar::pw: 🚫 Skipping metadata 'persistent-sm-settings' (props: Some(DictRef { flags: Flags(0x0), entries: {"metadata.name": "persistent-sm-settings", "factory.id": "7", "module.id": "6", "client.id": "35", "object.serial": "37"} }))
2026-07-13T20:17:01+00:00 machine gtk-status-bar[2837]: 2026-07-13T20:17:00.646078Z DEBUG gtk_status_bar::pw: 🚫 Skipping metadata 'sm-settings' (props: Some(DictRef { flags: Flags(0x0), entries: {"metadata.name": "sm-settings", "factory.id": "7", "module.id": "6", "client.id": "35", "object.serial": "38"} }))
2026-07-13T20:17:01+00:00 machine gtk-status-bar[2837]: 2026-07-13T20:17:00.646104Z DEBUG gtk_status_bar::pw: 🚫 Skipping metadata 'sm-objects' (props: Some(DictRef { flags: Flags(0x0), entries: {"metadata.name": "sm-objects", "factory.id": "7", "module.id": "6", "client.id": "35", "object.serial": "39"} }))
2026-07-13T20:17:01+00:00 machine gtk-status-bar[2837]: 2026-07-13T20:17:00.646126Z DEBUG gtk_status_bar::pw: 🚫 Skipping metadata 'default-profile' (props: Some(DictRef { flags: Flags(0x0), entries: {"wireplumber.state": "true", "metadata.name": "default-profile", "factory.id": "7", "module.id": "6", "client.id": "35", "object.serial": "40"} }))
2026-07-13T20:17:01+00:00 machine gtk-status-bar[2837]: 2026-07-13T20:17:00.646148Z DEBUG gtk_status_bar::pw: ✅ Processing metadata.name == default
2026-07-13T20:17:01+00:00 machine gtk-status-bar[2837]: 2026-07-13T20:17:00.646166Z DEBUG gtk_status_bar::pw: 📋 Found metadata object: Some(DictRef { flags: Flags(0x0), entries: {"metadata.name": "default", "factory.id": "7", "module.id": "6", "client.id": "35", "object.serial": "41"} })
2026-07-13T20:17:01+00:00 machine gtk-status-bar[2837]: 2026-07-13T20:17:00.646203Z DEBUG gtk_status_bar::pw: 📋 Bound 'default' Metadata (id=3)
2026-07-13T20:17:01+00:00 machine gtk-status-bar[2837]: 2026-07-13T20:17:00.646234Z DEBUG gtk_status_bar::pw: 🚫 Skipping metadata 'filters' (props: Some(DictRef { flags: Flags(0x0), entries: {"metadata.name": "filters", "factory.id": "7", "module.id": "6", "client.id": "35", "object.serial": "43"} }))
2026-07-13T20:17:01+00:00 machine gtk-status-bar[2837]: 2026-07-13T20:17:00.646256Z DEBUG gtk_status_bar::pw: 🚫 Skipping metadata 'route-settings' (props: Some(DictRef { flags: Flags(0x0), entries: {"metadata.name": "route-settings", "factory.id": "7", "module.id": "6", "client.id": "35", "object.serial": "44"} }))
2026-07-13T20:17:01+00:00 machine gtk-status-bar[2837]: 2026-07-13T20:17:00.646279Z DEBUG gtk_status_bar::pw: 🚫 Skipping metadata '' (props: Some(DictRef { flags: Flags(0x0), entries: {"object.serial": "45", "module.id": "2", "pipewire.protocol": "protocol-native", "pipewire.sec.pid": "1363", "pipewire.sec.uid": "1000", "pipewire.sec.gid": "100", "pipewire.sec.socket": "pipewire-0-manager", "application.name": "WirePlumber [export]", "pipewire.access": "unrestricted"} }))
2026-07-13T20:17:01+00:00 machine gtk-status-bar[2837]: 2026-07-13T20:17:00.646302Z DEBUG gtk_status_bar::pw: 🚫 Skipping metadata '' (props: Some(DictRef { flags: Flags(0x0), entries: {"object.serial": "46", "factory.id": "11", "client.id": "45", "priority.session": "100", "priority.driver": "1", "node.name": "Midi-Bridge", "media.class": "Midi/Bridge"} }))
2026-07-13T20:17:01+00:00 machine gtk-status-bar[2837]: 2026-07-13T20:17:00.646323Z DEBUG gtk_status_bar::pw: 🔍 Checking node - media.class: Some("Midi/Bridge")
2026-07-13T20:17:01+00:00 machine gtk-status-bar[2837]: 2026-07-13T20:17:00.646342Z DEBUG gtk_status_bar::pw: 🔍 Node filter result: false for media.class: Some("Midi/Bridge")
2026-07-13T20:17:01+00:00 machine gtk-status-bar[2837]: 2026-07-13T20:17:00.646363Z DEBUG gtk_status_bar::pw: 🚫 Skipping metadata '' (props: Some(DictRef { flags: Flags(0x0), entries: {"object.serial": "47", "object.path": "alsa:seq:default:client_14:playback_0", "format.dsp": "8 bit raw midi", "node.id": "46", "port.id": "0", "port.name": "Midi Through: Port-0 (playback)", "port.direction": "in", "port.physical": "true", "port.terminal": "true", "port.alias": "Midi Through:Midi Through Port-0", "port.group": "client_14"} }))
2026-07-13T20:17:01+00:00 machine gtk-status-bar[2837]: 2026-07-13T20:17:00.646387Z DEBUG gtk_status_bar::pw: 🚫 Skipping metadata '' (props: Some(DictRef { flags: Flags(0x0), entries: {"object.serial": "48", "object.path": "alsa:seq:default:client_14:capture_0", "format.dsp": "8 bit raw midi", "node.id": "46", "port.id": "0", "port.name": "Midi Through: Port-0 (capture)", "port.direction": "out", "port.physical": "true", "port.terminal": "true", "port.alias": "Midi Through:Midi Through Port-0", "port.group": "client_14"} }))
2026-07-13T20:17:01+00:00 machine gtk-status-bar[2837]: 2026-07-13T20:17:00.646411Z DEBUG gtk_status_bar::pw: 🚫 Skipping metadata '' (props: Some(DictRef { flags: Flags(0x0), entries: {"object.serial": "42", "module.id": "2", "pipewire.protocol": "protocol-native", "pipewire.sec.pid": "1373", "pipewire.sec.uid": "1000", "pipewire.sec.gid": "100", "pipewire.sec.socket": "pipewire-0", "application.name": ".xdg-desktop-portal-hyprland-wrapped", "pipewire.access": "unrestricted"} }))
2026-07-13T20:17:01+00:00 machine gtk-status-bar[2837]: 2026-07-13T20:17:00.646434Z DEBUG gtk_status_bar::pw: 🚫 Skipping metadata '' (props: Some(DictRef { flags: Flags(0x0), entries: {"object.serial": "49", "factory.id": "14", "client.id": "45", "node.description": "BLE MIDI 1", "node.name": "bluez_midi.server", "media.class": "Midi/Bridge"} }))
2026-07-13T20:17:01+00:00 machine gtk-status-bar[2837]: 2026-07-13T20:17:00.646458Z DEBUG gtk_status_bar::pw: 🔍 Checking node - media.class: Some("Midi/Bridge")
2026-07-13T20:17:01+00:00 machine gtk-status-bar[2837]: 2026-07-13T20:17:00.646476Z DEBUG gtk_status_bar::pw: 🔍 Node filter result: false for media.class: Some("Midi/Bridge")
2026-07-13T20:17:01+00:00 machine gtk-status-bar[2837]: 2026-07-13T20:17:00.646506Z DEBUG gtk_status_bar::pw: 🚫 Skipping metadata '' (props: Some(DictRef { flags: Flags(0x0), entries: {"object.serial": "50", "object.path": "bluez_midi.server:input_0", "format.dsp": "8 bit raw midi", "node.id": "49", "port.id": "0", "port.name": "in", "port.direction": "in", "port.physical": "true", "port.terminal": "true", "port.alias": "in", "port.group": "group.0"} }))
2026-07-13T20:17:01+00:00 machine gtk-status-bar[2837]: 2026-07-13T20:17:00.646531Z DEBUG gtk_status_bar::pw: 🚫 Skipping metadata '' (props: Some(DictRef { flags: Flags(0x0), entries: {"object.serial": "51", "object.path": "bluez_midi.server:output_0", "format.dsp": "8 bit raw midi", "node.id": "49", "port.id": "0", "port.name": "out", "port.direction": "out", "port.physical": "true", "port.terminal": "true", "port.alias": "out", "port.group": "group.0"} }))
2026-07-13T20:17:01+00:00 machine gtk-status-bar[2837]: 2026-07-13T20:17:00.646555Z DEBUG gtk_status_bar::pw: 🚫 Skipping metadata '' (props: Some(DictRef { flags: Flags(0x0), entries: {"object.serial": "52", "module.id": "2", "pipewire.protocol": "protocol-native", "pipewire.sec.pid": "1425", "pipewire.sec.uid": "1000", "pipewire.sec.gid": "100", "pipewire.sec.socket": "pipewire-0", "application.name": "pipewire", "pipewire.access": "unrestricted"} }))
2026-07-13T20:17:01+00:00 machine gtk-status-bar[2837]: 2026-07-13T20:17:00.646578Z DEBUG gtk_status_bar::pw: 🚫 Skipping metadata '' (props: Some(DictRef { flags: Flags(0x0), entries: {"object.serial": "53", "module.id": "2", "pipewire.protocol": "protocol-native", "pipewire.sec.pid": "1425", "pipewire.sec.uid": "1000", "pipewire.sec.gid": "100", "pipewire.sec.socket": "pipewire-0", "application.name": "Blueman", "pipewire.access": "unrestricted"} }))
2026-07-13T20:17:01+00:00 machine gtk-status-bar[2837]: 2026-07-13T20:17:00.646601Z DEBUG gtk_status_bar::pw: 🚫 Skipping metadata '' (props: Some(DictRef { flags: Flags(0x0), entries: {"object.serial": "54", "factory.id": "19", "client.id": "52", "node.description": "Dummy Output", "node.name": "auto_null", "media.class": "Audio/Sink"} }))
2026-07-13T20:17:01+00:00 machine gtk-status-bar[2837]: 2026-07-13T20:17:00.646626Z DEBUG gtk_status_bar::pw: 🔍 Checking node - media.class: Some("Audio/Sink")
2026-07-13T20:17:01+00:00 machine gtk-status-bar[2837]: 2026-07-13T20:17:00.646644Z DEBUG gtk_status_bar::pw: 🔍 Node filter result: true for media.class: Some("Audio/Sink")
2026-07-13T20:17:01+00:00 machine gtk-status-bar[2837]: 2026-07-13T20:17:00.646668Z DEBUG gtk_status_bar::pw: 📱 Monitoring audio node: Dummy Output (4) [node.name: auto_null]
2026-07-13T20:17:01+00:00 machine gtk-status-bar[2837]: 2026-07-13T20:17:00.646762Z DEBUG gtk_status_bar::pw: 🔗 ADDING NODE LISTENER for node.name: auto_null
2026-07-13T20:17:01+00:00 machine gtk-status-bar[2837]: 2026-07-13T20:17:00.646783Z DEBUG gtk_status_bar::pw: 📝 Added device to HashMap: 4 -> (auto_null, Dummy Output, no volume yet)
2026-07-13T20:17:01+00:00 machine gtk-status-bar[2837]: 2026-07-13T20:17:00.646801Z DEBUG gtk_status_bar::pw: 🗂️ Current device map size: 1
2026-07-13T20:17:01+00:00 machine gtk-status-bar[2837]: 2026-07-13T20:17:00.646825Z DEBUG gtk_status_bar::pw: 🚫 Skipping metadata '' (props: Some(DictRef { flags: Flags(0x0), entries: {"object.serial": "55", "object.path": "auto_null:playback_0", "format.dsp": "32 bit float mono audio", "node.id": "54", "audio.channel": "FL", "port.id": "0", "port.name": "playback_FL", "port.direction": "in", "port.alias": "Dummy Output:playback_FL", "port.group": "stream.0"} }))
2026-07-13T20:17:01+00:00 machine gtk-status-bar[2837]: 2026-07-13T20:17:00.646848Z DEBUG gtk_status_bar::pw: 🚫 Skipping metadata '' (props: Some(DictRef { flags: Flags(0x0), entries: {"object.serial": "56", "object.path": "auto_null:playback_1", "format.dsp": "32 bit float mono audio", "node.id": "54", "audio.channel": "FR", "port.id": "1", "port.name": "playback_FR", "port.direction": "in", "port.alias": "Dummy Output:playback_FR", "port.group": "stream.0"} }))
2026-07-13T20:17:01+00:00 machine gtk-status-bar[2837]: 2026-07-13T20:17:00.646873Z DEBUG gtk_status_bar::pw: 🚫 Skipping metadata '' (props: Some(DictRef { flags: Flags(0x0), entries: {"object.serial": "57", "object.path": "auto_null:monitor_0", "format.dsp": "32 bit float mono audio", "node.id": "54", "audio.channel": "FL", "port.id": "0", "port.name": "monitor_FL", "port.direction": "out", "port.monitor": "true", "port.alias": "Dummy Output:monitor_FL", "port.group": "stream.0"} }))
2026-07-13T20:17:01+00:00 machine gtk-status-bar[2837]: 2026-07-13T20:17:00.646899Z DEBUG gtk_status_bar::pw: 🚫 Skipping metadata '' (props: Some(DictRef { flags: Flags(0x0), entries: {"object.serial": "58", "object.path": "auto_null:monitor_1", "format.dsp": "32 bit float mono audio", "node.id": "54", "audio.channel": "FR", "port.id": "1", "port.name": "monitor_FR", "port.direction": "out", "port.monitor": "true", "port.alias": "Dummy Output:monitor_FR", "port.group": "stream.0"} }))
2026-07-13T20:17:01+00:00 machine gtk-status-bar[2837]: 2026-07-13T20:17:00.646923Z DEBUG gtk_status_bar::pw: 🚫 Skipping metadata '' (props: Some(DictRef { flags: Flags(0x0), entries: {"object.serial": "60", "module.id": "2", "pipewire.protocol": "protocol-native", "pipewire.sec.pid": "2837", "pipewire.sec.uid": "1000", "pipewire.sec.gid": "100", "pipewire.sec.socket": "pipewire-0", "application.name": ".gtk-status-bar-wrapped", "pipewire.access": "unrestricted"} }))
2026-07-13T20:17:01+00:00 machine gtk-status-bar[2837]: 2026-07-13T20:17:00.647408Z DEBUG gtk_status_bar::pw: 📝 metadata.property subject=0 key=Some("default.audio.sink") value=Some("{\"name\":\"auto_null\"}")
2026-07-13T20:17:01+00:00 machine gtk-status-bar[2837]: 2026-07-13T20:17:00.647431Z DEBUG gtk_status_bar::pw: 🔍 Processing metadata property: default.audio.sink={"name":"auto_null"}
2026-07-13T20:17:01+00:00 machine gtk-status-bar[2837]: 2026-07-13T20:17:00.647453Z  INFO gtk_status_bar::pw: 🔄 Default sink -> auto_null
2026-07-13T20:17:01+00:00 machine gtk-status-bar[2837]: 2026-07-13T20:17:00.647471Z DEBUG gtk_status_bar::pw: 🎯 SINK CHANGE: None -> auto_null (should trigger volume fetch)
2026-07-13T20:17:01+00:00 machine gtk-status-bar[2837]: 2026-07-13T20:17:00.647489Z DEBUG gtk_status_bar::pw: 🗂️ Searching device map for default sink 'auto_null'
2026-07-13T20:17:01+00:00 machine gtk-status-bar[2837]: 2026-07-13T20:17:00.647519Z DEBUG gtk_status_bar::pw: 🗂️ Current device map contents: {4: ("auto_null", "Dummy Output", None, None, None)}
2026-07-13T20:17:01+00:00 machine gtk-status-bar[2837]: 2026-07-13T20:17:00.647539Z DEBUG gtk_status_bar::pw: 🔍 Checking device 4: node_name='auto_null', description='Dummy Output' against default sink 'auto_null'
2026-07-13T20:17:01+00:00 machine gtk-status-bar[2837]: 2026-07-13T20:17:00.647557Z DEBUG gtk_status_bar::pw: 🎯 MATCH! Found device 4 with node_name 'auto_null' matching default sink
2026-07-13T20:17:01+00:00 machine gtk-status-bar[2837]: 2026-07-13T20:17:00.647574Z DEBUG gtk_status_bar::pw: 🎨 Updating GUI label to: 'Dummy Output' with cached volume data
2026-07-13T20:17:01+00:00 machine gtk-status-bar[2837]: 2026-07-13T20:17:00.647592Z DEBUG gtk_status_bar::pw: 💾 Cached volume data: Vol: None%, Ch: None%, Mute: None
2026-07-13T20:17:01+00:00 machine gtk-status-bar[2837]: 2026-07-13T20:17:00.647615Z DEBUG gtk_status_bar::pw: ✅ Sent REAL volume data to GUI: 'Dummy Output' Vol: None%, Ch: None%, Mute: None
2026-07-13T20:17:01+00:00 machine gtk-status-bar[2837]: 2026-07-13T20:17:00.647641Z DEBUG gtk_status_bar::pw: 🎛️  NODE PARAM CALLBACK: Dummy Output (4) received Props param
2026-07-13T20:17:01+00:00 machine gtk-status-bar[2837]: 2026-07-13T20:17:00.647669Z DEBUG gtk_status_bar::pw: 🔊 Node 4: Dummy Output - Vol: Some(100)% | Ch: Some(100)% | Mute: Some(false) [CACHING]
2026-07-13T20:17:01+00:00 machine gtk-status-bar[2837]: 2026-07-13T20:17:00.647741Z DEBUG gtk_status_bar::pw: 📝 Updated volume cache for device 4: Dummy Output -> Vol: Some(100)%, Ch: Some(100)%, Mute: Some(false)
2026-07-13T20:17:01+00:00 machine gtk-status-bar[2837]: 2026-07-13T20:17:00.647764Z DEBUG gtk_status_bar::pw: 🎯 Checking if device 4 is default: current_default=Some("auto_null"), node_name=auto_null, is_default=true
2026-07-13T20:17:01+00:00 machine gtk-status-bar[2837]: 2026-07-13T20:17:00.647783Z DEBUG gtk_status_bar::pw: 📤 SENDING VOLUME UPDATE to GUI for default sink (node id=4)
2026-07-13T20:17:01+00:00 machine gtk-status-bar[2837]: 2026-07-13T20:17:00.647809Z ERROR gtk_status_bar::pw: ❌ PipeWire error id:4 seq:5 res:-2: enum params id:13 (Spa:Enum:ParamId:Route) failed
2026-07-13T20:17:01+00:00 machine gtk-status-bar[2837]: 2026-07-13T20:17:00.653863Z DEBUG gtk_status_bar::widgets: Updating workspace - label: 'Workspace i', color for workspace: 2
2026-07-13T20:17:01+00:00 machine gtk-status-bar[2837]: 2026-07-13T20:17:00.653977Z DEBUG gtk_status_bar::widgets: Updated title widget color to: rgba(125, 207, 255, 0.5) for workspace: 2
2026-07-13T20:17:01+00:00 machine gtk-status-bar[2837]: 2026-07-13T20:17:00.654041Z DEBUG gtk_status_bar::widgets: Updating title widget title="Close OS window" class="kitty"
2026-07-13T20:17:01+00:00 machine gtk-status-bar[2837]: 2026-07-13T20:17:00.654545Z  INFO gtk_status_bar::network: Network reachability probe completed target=192.0.2.1 success=true elapsed_ms=31
2026-07-13T20:17:01+00:00 machine gtk-status-bar[2837]: 2026-07-13T20:17:00.654590Z DEBUG gtk_status_bar::network: Sent network update label="\u{f091f} 28% \u{f0ac}"
2026-07-13T20:17:01+00:00 machine gtk-status-bar[2837]: 2026-07-13T20:17:00.734934Z DEBUG gtk_status_bar::widgets: Resolved title icon from desktop application metadata class="kitty"
2026-07-13T20:17:01+00:00 machine gtk-status-bar[2837]: 2026-07-13T20:17:00.735026Z DEBUG gtk_status_bar::widgets: Updating network label: 󰤟 28% ?
2026-07-13T20:17:01+00:00 machine gtk-status-bar[2837]: 2026-07-13T20:17:00.735060Z DEBUG gtk_status_bar::widgets: Updating network label: 󰤟 28% 
2026-07-13T20:17:01+00:00 machine gtk-status-bar[2837]: 2026-07-13T20:17:00.735275Z DEBUG gtk_status_bar::widgets: Updating battery label:
2026-07-13T20:17:01+00:00 machine gtk-status-bar[2837]: 2026-07-13T20:17:00.735296Z DEBUG gtk_status_bar::widgets: 🙈 HIDING battery widget with set_visible(false)
2026-07-13T20:17:01+00:00 machine gtk-status-bar[2837]: 2026-07-13T20:17:00.735350Z DEBUG gtk_status_bar::widgets: Updating Bluetooth battery label: P80 D42 🎧55
2026-07-13T20:17:01+00:00 machine gtk-status-bar[2837]: 2026-07-13T20:17:00.735372Z DEBUG gtk_status_bar::widgets: 👁️  SHOWING Bluetooth widget - data: P80 D42 🎧55
2026-07-13T20:17:01+00:00 machine gtk-status-bar[2837]: 2026-07-13T20:17:00.735430Z DEBUG gtk_status_bar::widgets: 📺 Skipping GUI update - no volume data available
2026-07-13T20:17:01+00:00 machine gtk-status-bar[2837]: 2026-07-13T20:17:00.735460Z DEBUG gtk_status_bar::widgets: 📺 GTK UI updated via ASYNC: 🔊D100
2026-07-13T20:17:01+00:00 machine gtk-status-bar[2837]: 2026-07-13T20:17:01.001822Z DEBUG gtk_status_bar::widgets: Updating time label:  8:17 PM
2026-07-13T20:17:01+00:00 machine gtk-status-bar[2837]: 2026-07-13T20:17:01.015059Z  INFO gtk_status_bar::tray: Status notifier item registered item=":1.69/StatusNotifierItem"
2026-07-13T20:17:01+00:00 machine gtk-status-bar[2837]: 2026-07-13T20:17:01.023022Z  INFO gtk_status_bar::widgets: Added system tray item item=":1.69/StatusNotifierItem"
2026-07-13T20:17:02+00:00 machine gtk-status-bar[2837]: 2026-07-13T20:17:02.001957Z DEBUG gtk_status_bar::widgets: Updating time label:  8:17 PM
2026-07-13T20:17:02+00:00 machine gtk-status-bar[2837]: 2026-07-13T20:17:02.284834Z  INFO gtk_status_bar::network: Network reachability probe completed target=198.51.100.1 success=false elapsed_ms=13
2026-07-13T20:17:02+00:00 machine gtk-status-bar[2837]: 2026-07-13T20:17:02.284885Z DEBUG gtk_status_bar::network: Sent network update label="\u{f091f} 28% \u{f0ac}"
2026-07-13T20:17:02+00:00 machine gtk-status-bar[2837]: 2026-07-13T20:17:02.285048Z DEBUG gtk_status_bar::widgets: Updating network label: 󰤟 28% 
2026-07-13T20:17:02+00:00 machine gtk-status-bar[2837]: 2026-07-13T20:17:02.495362Z  INFO gtk_status_bar::tray: Status notifier item registered item=":1.70/org/blueman/sni"
2026-07-13T20:17:02+00:00 machine gtk-status-bar[2837]: 2026-07-13T20:17:02.520888Z DEBUG gtk_status_bar::tray: Tray item property is unavailable property="IconPixmap" error=org.freedesktop.DBus.Error.InvalidArgs: No such property “IconPixmap”
2026-07-13T20:17:02+00:00 machine gtk-status-bar[2837]: 2026-07-13T20:17:02.529961Z DEBUG gtk_status_bar::tray: Tray item property is unavailable property="IconThemePath" error=org.freedesktop.DBus.Error.InvalidArgs: No such property “IconThemePath”
2026-07-13T20:17:02+00:00 machine gtk-status-bar[2837]: 2026-07-13T20:17:02.537155Z  INFO gtk_status_bar::widgets: Added system tray item item=":1.70/org/blueman/sni"
2026-07-13T20:17:03+00:00 machine gtk-status-bar[2837]: 2026-07-13T20:17:03.001860Z DEBUG gtk_status_bar::widgets: Updating time label:  8:17 PM
2026-07-13T20:17:03+00:00 machine gtk-status-bar[2837]: 2026-07-13T20:17:03.044772Z DEBUG gtk_status_bar::dbus: Got an event in event stream: Msg { type: Signal, serial: 115, sender: UniqueName(":1.6"), path: ObjectPath("/org/bluez/hci0/dev_AA_BB_CC_DD_EE_01"), iface: InterfaceName("org.freedesktop.DBus.Properties"), member: MemberName("PropertiesChanged"), body: Structure(Dynamic { fields: [Str, Dict { key: Dynamic { child: Str }, value: Dynamic { child: Variant } }, Array(Dynamic { child: Str })] }), fds: [] }
2026-07-13T20:17:03+00:00 machine gtk-status-bar[2837]: 2026-07-13T20:17:03.046090Z DEBUG gtk_status_bar::dbus: Dbus monitor: Received D-Bus message from path: Some(ObjectPath("/org/bluez/hci0/dev_AA_BB_CC_DD_EE_01")), interface: Some(InterfaceName("org.freedesktop.DBus.Properties")), member: Some(MemberName("PropertiesChanged"))
2026-07-13T20:17:03+00:00 machine gtk-status-bar[2837]: 2026-07-13T20:17:03.046135Z  INFO gtk_status_bar::dbus: Dbus monitor: Received signal
2026-07-13T20:17:03+00:00 machine gtk-status-bar[2837]: 2026-07-13T20:17:03.046158Z  INFO gtk_status_bar::dbus: Dbus monitor: Received PropertiesChanged signal
2026-07-13T20:17:03+00:00 machine gtk-status-bar[2837]: 2026-07-13T20:17:03.046200Z  INFO gtk_status_bar::dbus: Bluetooth device battery at 65%
2026-07-13T20:17:03+00:00 machine gtk-status-bar[2837]: 2026-07-13T20:17:03.046218Z  INFO gtk_status_bar::dbus: Updated device /org/bluez/hci0/dev_AA_BB_CC_DD_EE_01 battery via PropertiesChanged: Some(65)%
2026-07-13T20:17:03+00:00 machine gtk-status-bar[2837]: 2026-07-13T20:17:03.046438Z DEBUG gtk_status_bar::widgets: Updating Bluetooth battery label: P65 D42 🎧55
2026-07-13T20:17:03+00:00 machine gtk-status-bar[2837]: 2026-07-13T20:17:03.046602Z DEBUG gtk_status_bar::widgets: 👁️  SHOWING Bluetooth widget - data: P65 D42 🎧55
2026-07-13T20:17:03+00:00 machine gtk-status-bar[2837]: 2026-07-13T20:17:03.053252Z DEBUG gtk_status_bar::tray: Tray item property is unavailable property="IconPixmap" error=org.freedesktop.DBus.Error.InvalidArgs: No such property “IconPixmap”
2026-07-13T20:17:03+00:00 machine gtk-status-bar[2837]: 2026-07-13T20:17:03.054610Z DEBUG gtk_status_bar::tray: Tray item property is unavailable property="IconThemePath" error=org.freedesktop.DBus.Error.InvalidArgs: No such property “IconThemePath”
2026-07-13T20:17:03+00:00 machine gtk-status-bar[2837]: 2026-07-13T20:17:03.132358Z DEBUG gtk_status_bar::tray: Tray item property is unavailable property="IconPixmap" error=org.freedesktop.DBus.Error.InvalidArgs: No such property “IconPixmap”
2026-07-13T20:17:03+00:00 machine gtk-status-bar[2837]: 2026-07-13T20:17:03.138664Z DEBUG gtk_status_bar::tray: Tray item property is unavailable property="IconThemePath" error=org.freedesktop.DBus.Error.InvalidArgs: No such property “IconThemePath”
2026-07-13T20:17:04+00:00 machine gtk-status-bar[2837]: 2026-07-13T20:17:04.002062Z DEBUG gtk_status_bar::widgets: Updating time label:  8:17 PM
2026-07-13T20:17:04+00:00 machine gtk-status-bar[2837]: 2026-07-13T20:17:04.232514Z  INFO gtk_status_bar::network: Network reachability probe completed target=192.0.2.1 success=true elapsed_ms=13
2026-07-13T20:17:04+00:00 machine gtk-status-bar[2837]: 2026-07-13T20:17:04.232569Z DEBUG gtk_status_bar::network: Sent network update label="\u{f091f} 28% \u{f0ac}"
2026-07-13T20:17:04+00:00 machine gtk-status-bar[2837]: 2026-07-13T20:17:04.232783Z DEBUG gtk_status_bar::widgets: Updating network label: 󰤟 28% 
2026-07-13T20:17:05+00:00 machine gtk-status-bar[2837]: 2026-07-13T20:17:05.002295Z DEBUG gtk_status_bar::widgets: Updating time label:  8:17 PM
2026-07-13T20:17:05+00:00 machine gtk-status-bar[2837]: 2026-07-13T20:17:05.909454Z  INFO gtk_status_bar::network: Network reachability probe completed target=198.51.100.1 success=false elapsed_ms=12
2026-07-13T20:17:05+00:00 machine gtk-status-bar[2837]: 2026-07-13T20:17:05.909526Z DEBUG gtk_status_bar::network: Sent network update label="\u{f091f} 28% \u{f0ac}"
2026-07-13T20:17:05+00:00 machine gtk-status-bar[2837]: 2026-07-13T20:17:05.909812Z DEBUG gtk_status_bar::widgets: Updating network label: 󰤟 28% 
2026-07-13T20:17:06+00:00 machine gtk-status-bar[2837]: 2026-07-13T20:17:06.000931Z DEBUG gtk_status_bar::widgets: Updating time label:  8:17 PM
2026-07-13T20:17:06+00:00 machine gtk-status-bar[2837]: 2026-07-13T20:17:06.385832Z  INFO gtk_status_bar::network: Network reachability probe completed target=192.0.2.1 success=true elapsed_ms=11
2026-07-13T20:17:06+00:00 machine gtk-status-bar[2837]: 2026-07-13T20:17:06.385900Z DEBUG gtk_status_bar::network: Sent network update label="\u{f091f} 28% \u{f0ac}"
2026-07-13T20:17:06+00:00 machine gtk-status-bar[2837]: 2026-07-13T20:17:06.389061Z DEBUG gtk_status_bar::widgets: Updating network label: 󰤟 28% 
2026-07-13T20:17:06+00:00 machine gtk-status-bar[2837]: 2026-07-13T20:17:06.745787Z DEBUG gtk_status_bar::dbus: Got an event in event stream: Msg { type: Signal, serial: 119, sender: UniqueName(":1.6"), path: ObjectPath("/"), iface: InterfaceName("org.freedesktop.DBus.ObjectManager"), member: MemberName("InterfacesRemoved"), body: Structure(Dynamic { fields: [ObjectPath, Array(Dynamic { child: Str })] }), fds: [] }
2026-07-13T20:17:06+00:00 machine gtk-status-bar[2837]: 2026-07-13T20:17:06.745831Z DEBUG gtk_status_bar::dbus: Dbus monitor: Received D-Bus message from path: Some(ObjectPath("/")), interface: Some(InterfaceName("org.freedesktop.DBus.ObjectManager")), member: Some(MemberName("InterfacesRemoved"))
2026-07-13T20:17:06+00:00 machine gtk-status-bar[2837]: 2026-07-13T20:17:06.745849Z  INFO gtk_status_bar::dbus: Dbus monitor: Received signal
2026-07-13T20:17:06+00:00 machine gtk-status-bar[2837]: 2026-07-13T20:17:06.746162Z  INFO gtk_status_bar::dbus: Dbus monitor: Received InterfacesRemoved signal from ObjectManager
2026-07-13T20:17:06+00:00 machine gtk-status-bar[2837]: 2026-07-13T20:17:06.746418Z DEBUG gtk_status_bar::dbus: Dbus monitor: Interfaces removed from /org/bluez/hci0/dev_AA_BB_CC_DD_EE_01: Array { elements: [Str("org.bluez.Device1")], signature: Array(Dynamic { child: Str }) }
2026-07-13T20:17:06+00:00 machine gtk-status-bar[2837]: 2026-07-13T20:17:06.746443Z  INFO gtk_status_bar::dbus: Dbus monitor: Bluetooth Device1 interface removed from /org/bluez/hci0/dev_AA_BB_CC_DD_EE_01
2026-07-13T20:17:06+00:00 machine gtk-status-bar[2837]: 2026-07-13T20:17:06.746463Z  INFO gtk_status_bar::dbus: Removed device /org/bluez/hci0/dev_AA_BB_CC_DD_EE_01 from HashMap (Device1 gone)
2026-07-13T20:17:06+00:00 machine gtk-status-bar[2837]: 2026-07-13T20:17:06.750086Z DEBUG gtk_status_bar::widgets: Updating Bluetooth battery label: D42 🎧55
2026-07-13T20:17:06+00:00 machine gtk-status-bar[2837]: 2026-07-13T20:17:06.750240Z DEBUG gtk_status_bar::widgets: 👁️  SHOWING Bluetooth widget - data: D42 🎧55
2026-07-13T20:17:07+00:00 machine gtk-status-bar[2837]: 2026-07-13T20:17:07.001643Z DEBUG gtk_status_bar::widgets: Updating time label:  8:17 PM
2026-07-13T20:17:07+00:00 machine gtk-status-bar[2837]: 2026-07-13T20:17:07.159381Z  INFO gtk_status_bar::network: Network reachability probe completed target=198.51.100.1 success=false elapsed_ms=19
2026-07-13T20:17:07+00:00 machine gtk-status-bar[2837]: 2026-07-13T20:17:07.159491Z DEBUG gtk_status_bar::network: Sent network update label="\u{f091f} 28% \u{f0ac}"
2026-07-13T20:17:07+00:00 machine gtk-status-bar[2837]: 2026-07-13T20:17:07.159665Z DEBUG gtk_status_bar::widgets: Updating network label: 󰤟 28% 
2026-07-13T20:17:07+00:00 machine gtk-status-bar[2837]: 2026-07-13T20:17:07.661884Z  INFO gtk_status_bar::network: Network reachability probe completed target=192.0.2.1 success=true elapsed_ms=13
2026-07-13T20:17:07+00:00 machine gtk-status-bar[2837]: 2026-07-13T20:17:07.661938Z DEBUG gtk_status_bar::network: Sent network update label="\u{f091f} 28% \u{f0ac}"
2026-07-13T20:17:07+00:00 machine gtk-status-bar[2837]: 2026-07-13T20:17:07.662080Z DEBUG gtk_status_bar::widgets: Updating network label: 󰤟 28% 
2026-07-13T20:17:07+00:00 machine gtk-status-bar[2837]: 2026-07-13T20:17:07.733441Z  INFO gtk_status_bar::network: Network reachability probe completed target=198.51.100.1 success=false elapsed_ms=20
2026-07-13T20:17:07+00:00 machine gtk-status-bar[2837]: 2026-07-13T20:17:07.733533Z DEBUG gtk_status_bar::network: Sent network update label="\u{f091f} 28% \u{f0ac}"
2026-07-13T20:17:07+00:00 machine gtk-status-bar[2837]: 2026-07-13T20:17:07.733783Z DEBUG gtk_status_bar::widgets: Updating network label: 󰤟 28% 
2026-07-13T20:17:07+00:00 machine gtk-status-bar[2837]: 2026-07-13T20:17:07.960153Z  INFO gtk_status_bar::network: Network reachability probe completed target=192.0.2.1 success=true elapsed_ms=17
2026-07-13T20:17:07+00:00 machine gtk-status-bar[2837]: 2026-07-13T20:17:07.960210Z DEBUG gtk_status_bar::network: Sent network update label="\u{f091f} 28% \u{f0ac}"
2026-07-13T20:17:07+00:00 machine gtk-status-bar[2837]: 2026-07-13T20:17:07.960380Z DEBUG gtk_status_bar::widgets: Updating network label: 󰤟 28% 
2026-07-13T20:17:08+00:00 machine gtk-status-bar[2837]: 2026-07-13T20:17:08.001448Z DEBUG gtk_status_bar::widgets: Updating time label:  8:17 PM
2026-07-13T20:17:08+00:00 machine gtk-status-bar[2837]: 2026-07-13T20:17:08.439920Z  INFO gtk_status_bar::network: Network reachability probe completed target=198.51.100.1 success=false elapsed_ms=11
2026-07-13T20:17:08+00:00 machine gtk-status-bar[2837]: 2026-07-13T20:17:08.439965Z DEBUG gtk_status_bar::network: Sent network update label="\u{f091f} 28% \u{f0ac}"
2026-07-13T20:17:08+00:00 machine gtk-status-bar[2837]: 2026-07-13T20:17:08.440182Z DEBUG gtk_status_bar::widgets: Updating network label: 󰤟 28% 
2026-07-13T20:17:09+00:00 machine gtk-status-bar[2837]: 2026-07-13T20:17:09.001348Z DEBUG gtk_status_bar::widgets: Updating time label:  8:17 PM
2026-07-13T20:17:09+00:00 machine gtk-status-bar[2837]: 2026-07-13T20:17:09.450557Z DEBUG gtk_status_bar::dbus: Got an event in event stream: Msg { type: Signal, serial: 123, sender: UniqueName(":1.6"), path: ObjectPath("/"), iface: InterfaceName("org.freedesktop.DBus.ObjectManager"), member: MemberName("InterfacesRemoved"), body: Structure(Dynamic { fields: [ObjectPath, Array(Dynamic { child: Str })] }), fds: [] }
2026-07-13T20:17:09+00:00 machine gtk-status-bar[2837]: 2026-07-13T20:17:09.452796Z DEBUG gtk_status_bar::dbus: Dbus monitor: Received D-Bus message from path: Some(ObjectPath("/")), interface: Some(InterfaceName("org.freedesktop.DBus.ObjectManager")), member: Some(MemberName("InterfacesRemoved"))
2026-07-13T20:17:09+00:00 machine gtk-status-bar[2837]: 2026-07-13T20:17:09.452835Z  INFO gtk_status_bar::dbus: Dbus monitor: Received signal
2026-07-13T20:17:09+00:00 machine gtk-status-bar[2837]: 2026-07-13T20:17:09.452852Z  INFO gtk_status_bar::dbus: Dbus monitor: Received InterfacesRemoved signal from ObjectManager
2026-07-13T20:17:09+00:00 machine gtk-status-bar[2837]: 2026-07-13T20:17:09.452880Z DEBUG gtk_status_bar::dbus: Dbus monitor: Interfaces removed from /org/bluez/hci0/dev_AA_BB_CC_DD_EE_02: Array { elements: [Str("org.bluez.Device1")], signature: Array(Dynamic { child: Str }) }
2026-07-13T20:17:09+00:00 machine gtk-status-bar[2837]: 2026-07-13T20:17:09.452899Z  INFO gtk_status_bar::dbus: Dbus monitor: Bluetooth Device1 interface removed from /org/bluez/hci0/dev_AA_BB_CC_DD_EE_02
2026-07-13T20:17:09+00:00 machine gtk-status-bar[2837]: 2026-07-13T20:17:09.452916Z  INFO gtk_status_bar::dbus: Removed device /org/bluez/hci0/dev_AA_BB_CC_DD_EE_02 from HashMap (Device1 gone)
2026-07-13T20:17:09+00:00 machine gtk-status-bar[2837]: 2026-07-13T20:17:09.453103Z DEBUG gtk_status_bar::widgets: Updating Bluetooth battery label: 🎧55
2026-07-13T20:17:09+00:00 machine gtk-status-bar[2837]: 2026-07-13T20:17:09.453185Z DEBUG gtk_status_bar::widgets: 👁️  SHOWING Bluetooth widget - data: 🎧55
2026-07-13T20:17:09+00:00 machine gtk-status-bar[2837]: 2026-07-13T20:17:09.690178Z DEBUG gtk_status_bar::dbus: Got an event in event stream: Msg { type: Signal, serial: 127, sender: UniqueName(":1.6"), path: ObjectPath("/"), iface: InterfaceName("org.freedesktop.DBus.ObjectManager"), member: MemberName("InterfacesRemoved"), body: Structure(Dynamic { fields: [ObjectPath, Array(Dynamic { child: Str })] }), fds: [] }
2026-07-13T20:17:09+00:00 machine gtk-status-bar[2837]: 2026-07-13T20:17:09.690231Z DEBUG gtk_status_bar::dbus: Dbus monitor: Received D-Bus message from path: Some(ObjectPath("/")), interface: Some(InterfaceName("org.freedesktop.DBus.ObjectManager")), member: Some(MemberName("InterfacesRemoved"))
2026-07-13T20:17:09+00:00 machine gtk-status-bar[2837]: 2026-07-13T20:17:09.690258Z  INFO gtk_status_bar::dbus: Dbus monitor: Received signal
2026-07-13T20:17:09+00:00 machine gtk-status-bar[2837]: 2026-07-13T20:17:09.690280Z  INFO gtk_status_bar::dbus: Dbus monitor: Received InterfacesRemoved signal from ObjectManager
2026-07-13T20:17:09+00:00 machine gtk-status-bar[2837]: 2026-07-13T20:17:09.690312Z DEBUG gtk_status_bar::dbus: Dbus monitor: Interfaces removed from /org/bluez/hci0/dev_AA_BB_CC_DD_EE_03: Array { elements: [Str("org.bluez.Device1")], signature: Array(Dynamic { child: Str }) }
2026-07-13T20:17:09+00:00 machine gtk-status-bar[2837]: 2026-07-13T20:17:09.690333Z  INFO gtk_status_bar::dbus: Dbus monitor: Bluetooth Device1 interface removed from /org/bluez/hci0/dev_AA_BB_CC_DD_EE_03
2026-07-13T20:17:09+00:00 machine gtk-status-bar[2837]: 2026-07-13T20:17:09.690355Z  INFO gtk_status_bar::dbus: Removed device /org/bluez/hci0/dev_AA_BB_CC_DD_EE_03 from HashMap (Device1 gone)
2026-07-13T20:17:09+00:00 machine gtk-status-bar[2837]: 2026-07-13T20:17:09.690563Z DEBUG gtk_status_bar::widgets: Updating Bluetooth battery label:
2026-07-13T20:17:09+00:00 machine gtk-status-bar[2837]: 2026-07-13T20:17:09.690659Z DEBUG gtk_status_bar::widgets: 🙈 HIDING Bluetooth widget - no devices
2026-07-13T20:17:09+00:00 machine gtk-status-bar[2837]: 2026-07-13T20:17:09.945483Z  INFO gtk_status_bar::network: Network reachability probe completed target=192.0.2.1 success=true elapsed_ms=18
2026-07-13T20:17:09+00:00 machine gtk-status-bar[2837]: 2026-07-13T20:17:09.945548Z DEBUG gtk_status_bar::network: Sent network update label="\u{f091f} 28% \u{f0ac}"
2026-07-13T20:17:09+00:00 machine gtk-status-bar[2837]: 2026-07-13T20:17:09.946085Z DEBUG gtk_status_bar::widgets: Updating network label: 󰤟 28% 
2026-07-13T20:17:10+00:00 machine gtk-status-bar[2837]: 2026-07-13T20:17:10.001208Z DEBUG gtk_status_bar::widgets: Updating time label:  8:17 PM
2026-07-13T20:17:10+00:00 machine gtk-status-bar[2837]: 2026-07-13T20:17:10.760204Z  INFO gtk_status_bar::network: Network reachability probe completed target=198.51.100.1 success=false elapsed_ms=13
2026-07-13T20:17:10+00:00 machine gtk-status-bar[2837]: 2026-07-13T20:17:10.760250Z DEBUG gtk_status_bar::network: Sent network update label="\u{f091f} 28% \u{f0ac}"
2026-07-13T20:17:10+00:00 machine gtk-status-bar[2837]: 2026-07-13T20:17:10.760442Z DEBUG gtk_status_bar::widgets: Updating network label: 󰤟 28% 
2026-07-13T20:17:11+00:00 machine gtk-status-bar[2837]: 2026-07-13T20:17:11.001027Z DEBUG gtk_status_bar::widgets: Updating time label:  8:17 PM
2026-07-13T20:17:11+00:00 machine gtk-status-bar[2837]: 2026-07-13T20:17:11.333054Z  INFO gtk_status_bar::network: Network reachability probe completed target=198.51.100.1 success=false elapsed_ms=19
2026-07-13T20:17:11+00:00 machine gtk-status-bar[2837]: 2026-07-13T20:17:11.333098Z DEBUG gtk_status_bar::network: Sent network update label="\u{f091f} 28% \u{f0ac}"
2026-07-13T20:17:11+00:00 machine gtk-status-bar[2837]: 2026-07-13T20:17:11.333386Z DEBUG gtk_status_bar::widgets: Updating network label: 󰤟 28% 
2026-07-13T20:17:11+00:00 machine gtk-status-bar[2837]: 2026-07-13T20:17:11.477587Z  INFO gtk_status_bar::network: Network reachability probe completed target=192.0.2.1 success=true elapsed_ms=18
2026-07-13T20:17:11+00:00 machine gtk-status-bar[2837]: 2026-07-13T20:17:11.477631Z DEBUG gtk_status_bar::network: Sent network update label="\u{f091f} 28% \u{f0ac}"
2026-07-13T20:17:11+00:00 machine gtk-status-bar[2837]: 2026-07-13T20:17:11.477856Z DEBUG gtk_status_bar::widgets: Updating network label: 󰤟 28% 
2026-07-13T20:17:11+00:00 machine gtk-status-bar[2837]: 2026-07-13T20:17:11.587912Z  INFO gtk_status_bar::network: Network reachability probe completed target=198.51.100.1 success=false elapsed_ms=19
2026-07-13T20:17:11+00:00 machine gtk-status-bar[2837]: 2026-07-13T20:17:11.587979Z DEBUG gtk_status_bar::network: Sent network update label="\u{f091f} 28% \u{f0ac}"
2026-07-13T20:17:11+00:00 machine gtk-status-bar[2837]: 2026-07-13T20:17:11.588251Z DEBUG gtk_status_bar::widgets: Updating network label: 󰤟 28% 
2026-07-13T20:17:11+00:00 machine gtk-status-bar[2837]: 2026-07-13T20:17:11.891044Z  INFO gtk_status_bar::network: Network reachability probe completed target=192.0.2.1 success=true elapsed_ms=14
2026-07-13T20:17:11+00:00 machine gtk-status-bar[2837]: 2026-07-13T20:17:11.891099Z DEBUG gtk_status_bar::network: Sent network update label="\u{f091f} 28% \u{f0ac}"
2026-07-13T20:17:11+00:00 machine gtk-status-bar[2837]: 2026-07-13T20:17:11.891341Z DEBUG gtk_status_bar::widgets: Updating network label: 󰤟 28% 
2026-07-13T20:17:12+00:00 machine gtk-status-bar[2837]: 2026-07-13T20:17:12.001514Z DEBUG gtk_status_bar::widgets: Updating time label:  8:17 PM
2026-07-13T20:17:12+00:00 machine gtk-status-bar[2837]: 2026-07-13T20:17:12.282617Z DEBUG gtk_status_bar::pw: 🚫 Skipping metadata '' (props: Some(DictRef { flags: Flags(0x0), entries: {"object.serial": "61", "module.id": "2", "pipewire.protocol": "protocol-native", "pipewire.sec.pid": "1425", "pipewire.sec.uid": "1000", "pipewire.sec.gid": "100", "pipewire.sec.socket": "pipewire-0", "application.name": "pactl", "pipewire.access": "unrestricted"} }))
2026-07-13T20:17:12+00:00 machine gtk-status-bar[2837]: 2026-07-13T20:17:12.291782Z DEBUG gtk_status_bar::pw: 🚫 Skipping metadata '' (props: Some(DictRef { flags: Flags(0x0), entries: {"object.serial": "62", "module.id": "2", "pipewire.protocol": "protocol-native", "pipewire.sec.pid": "1425", "pipewire.sec.uid": "1000", "pipewire.sec.gid": "100", "pipewire.sec.socket": "pipewire-0", "application.name": "pipewire", "pipewire.access": "unrestricted"} }))
2026-07-13T20:17:12+00:00 machine gtk-status-bar[2837]: 2026-07-13T20:17:12.291836Z DEBUG gtk_status_bar::pw: 🚫 Skipping metadata '' (props: Some(DictRef { flags: Flags(0x0), entries: {"object.serial": "63", "factory.id": "19", "client.id": "61", "node.description": "Alpha", "node.name": "Alpha", "media.class": "Audio/Sink"} }))
2026-07-13T20:17:12+00:00 machine gtk-status-bar[2837]: 2026-07-13T20:17:12.291865Z DEBUG gtk_status_bar::pw: 🔍 Checking node - media.class: Some("Audio/Sink")
2026-07-13T20:17:12+00:00 machine gtk-status-bar[2837]: 2026-07-13T20:17:12.291887Z DEBUG gtk_status_bar::pw: 🔍 Node filter result: true for media.class: Some("Audio/Sink")
2026-07-13T20:17:12+00:00 machine gtk-status-bar[2837]: 2026-07-13T20:17:12.291928Z DEBUG gtk_status_bar::pw: 📱 Monitoring audio node: Alpha (5) [node.name: Alpha]
2026-07-13T20:17:12+00:00 machine gtk-status-bar[2837]: 2026-07-13T20:17:12.291948Z DEBUG gtk_status_bar::pw: 🔗 ADDING NODE LISTENER for node.name: Alpha
2026-07-13T20:17:12+00:00 machine gtk-status-bar[2837]: 2026-07-13T20:17:12.291971Z DEBUG gtk_status_bar::pw: 📝 Added device to HashMap: 5 -> (Alpha, Alpha, no volume yet)
2026-07-13T20:17:12+00:00 machine gtk-status-bar[2837]: 2026-07-13T20:17:12.291988Z DEBUG gtk_status_bar::pw: 🗂️ Current device map size: 2
2026-07-13T20:17:12+00:00 machine gtk-status-bar[2837]: 2026-07-13T20:17:12.294286Z DEBUG gtk_status_bar::pw: 🗑️ Node 4 removed, cleaning up
2026-07-13T20:17:12+00:00 machine gtk-status-bar[2837]: 2026-07-13T20:17:12.294314Z DEBUG gtk_status_bar::pw: ✅ Removed device from HashMap: 4 -> (auto_null, Dummy Output)
2026-07-13T20:17:12+00:00 machine gtk-status-bar[2837]: 2026-07-13T20:17:12.294336Z DEBUG gtk_status_bar::pw: 🗂️ Device map size after removal: 1
2026-07-13T20:17:12+00:00 machine gtk-status-bar[2837]: 2026-07-13T20:17:12.296062Z DEBUG gtk_status_bar::pw: 🎛️  NODE PARAM CALLBACK: Alpha (5) received Props param
2026-07-13T20:17:12+00:00 machine gtk-status-bar[2837]: 2026-07-13T20:17:12.296104Z DEBUG gtk_status_bar::pw: 🔊 Node 5: Alpha - Vol: Some(100)% | Ch: Some(100)% | Mute: Some(false) [CACHING]
2026-07-13T20:17:12+00:00 machine gtk-status-bar[2837]: 2026-07-13T20:17:12.296129Z DEBUG gtk_status_bar::pw: 📝 Updated volume cache for device 5: Alpha -> Vol: Some(100)%, Ch: Some(100)%, Mute: Some(false)
2026-07-13T20:17:12+00:00 machine gtk-status-bar[2837]: 2026-07-13T20:17:12.296145Z DEBUG gtk_status_bar::pw: 🎯 Checking if device 5 is default: current_default=Some("auto_null"), node_name=Alpha, is_default=false
2026-07-13T20:17:12+00:00 machine gtk-status-bar[2837]: 2026-07-13T20:17:12.296165Z DEBUG gtk_status_bar::pw: 📊 Cached volume for non-default device 5 (Alpha)
2026-07-13T20:17:12+00:00 machine gtk-status-bar[2837]: 2026-07-13T20:17:12.296184Z ERROR gtk_status_bar::pw: ❌ PipeWire error id:5 seq:7 res:-2: enum params id:13 (Spa:Enum:ParamId:Route) failed
2026-07-13T20:17:12+00:00 machine gtk-status-bar[2837]: 2026-07-13T20:17:12.301842Z DEBUG gtk_status_bar::pw: 📝 metadata.property subject=0 key=Some("default.audio.sink") value=None
2026-07-13T20:17:12+00:00 machine gtk-status-bar[2837]: 2026-07-13T20:17:12.301888Z DEBUG gtk_status_bar::pw: 🚫 Skipping metadata property: value is None for key Some("default.audio.sink")
2026-07-13T20:17:12+00:00 machine gtk-status-bar[2837]: 2026-07-13T20:17:12.316168Z DEBUG gtk_status_bar::pw: 🎛️  NODE PARAM CALLBACK: Alpha (5) received Props param
2026-07-13T20:17:12+00:00 machine gtk-status-bar[2837]: 2026-07-13T20:17:12.316198Z DEBUG gtk_status_bar::pw: 🔊 Node 5: Alpha - Vol: Some(100)% | Ch: Some(100)% | Mute: Some(false) [CACHING]
2026-07-13T20:17:12+00:00 machine gtk-status-bar[2837]: 2026-07-13T20:17:12.316216Z DEBUG gtk_status_bar::pw: 📝 Updated volume cache for device 5: Alpha -> Vol: Some(100)%, Ch: Some(100)%, Mute: Some(false)
2026-07-13T20:17:12+00:00 machine gtk-status-bar[2837]: 2026-07-13T20:17:12.316232Z DEBUG gtk_status_bar::pw: 🎯 Checking if device 5 is default: current_default=Some("auto_null"), node_name=Alpha, is_default=false
2026-07-13T20:17:12+00:00 machine gtk-status-bar[2837]: 2026-07-13T20:17:12.316248Z DEBUG gtk_status_bar::pw: 📊 Cached volume for non-default device 5 (Alpha)
2026-07-13T20:17:12+00:00 machine gtk-status-bar[2837]: 2026-07-13T20:17:12.316265Z DEBUG gtk_status_bar::pw: 🎛️  NODE PARAM CALLBACK: Alpha (5) received Props param
2026-07-13T20:17:12+00:00 machine gtk-status-bar[2837]: 2026-07-13T20:17:12.316282Z DEBUG gtk_status_bar::pw: 🔊 Node 5: Alpha - Vol: Some(100)% | Ch: Some(100)% | Mute: Some(false) [CACHING]
2026-07-13T20:17:12+00:00 machine gtk-status-bar[2837]: 2026-07-13T20:17:12.316300Z DEBUG gtk_status_bar::pw: 📝 Updated volume cache for device 5: Alpha -> Vol: Some(100)%, Ch: Some(100)%, Mute: Some(false)
2026-07-13T20:17:12+00:00 machine gtk-status-bar[2837]: 2026-07-13T20:17:12.316317Z DEBUG gtk_status_bar::pw: 🎯 Checking if device 5 is default: current_default=Some("auto_null"), node_name=Alpha, is_default=false
2026-07-13T20:17:12+00:00 machine gtk-status-bar[2837]: 2026-07-13T20:17:12.316335Z DEBUG gtk_status_bar::pw: 📊 Cached volume for non-default device 5 (Alpha)
2026-07-13T20:17:12+00:00 machine gtk-status-bar[2837]: 2026-07-13T20:17:12.316359Z DEBUG gtk_status_bar::pw: 🚫 Skipping metadata '' (props: Some(DictRef { flags: Flags(0x0), entries: {"object.serial": "64", "object.path": "Alpha:playback_0", "format.dsp": "32 bit float mono audio", "node.id": "62", "audio.channel": "FL", "port.id": "0", "port.name": "playback_FL", "port.direction": "in", "port.alias": "Alpha:playback_FL", "port.group": "stream.0"} }))
2026-07-13T20:17:12+00:00 machine gtk-status-bar[2837]: 2026-07-13T20:17:12.316386Z DEBUG gtk_status_bar::pw: 🚫 Skipping metadata '' (props: Some(DictRef { flags: Flags(0x0), entries: {"object.serial": "65", "object.path": "Alpha:playback_1", "format.dsp": "32 bit float mono audio", "node.id": "62", "audio.channel": "FR", "port.id": "1", "port.name": "playback_FR", "port.direction": "in", "port.alias": "Alpha:playback_FR", "port.group": "stream.0"} }))
2026-07-13T20:17:12+00:00 machine gtk-status-bar[2837]: 2026-07-13T20:17:12.316411Z DEBUG gtk_status_bar::pw: 🚫 Skipping metadata '' (props: Some(DictRef { flags: Flags(0x0), entries: {"object.serial": "66", "object.path": "Alpha:monitor_0", "format.dsp": "32 bit float mono audio", "node.id": "62", "audio.channel": "FL", "port.id": "0", "port.name": "monitor_FL", "port.direction": "out", "port.monitor": "true", "port.alias": "Alpha:monitor_FL", "port.group": "stream.0"} }))
2026-07-13T20:17:12+00:00 machine gtk-status-bar[2837]: 2026-07-13T20:17:12.316436Z DEBUG gtk_status_bar::pw: 🚫 Skipping metadata '' (props: Some(DictRef { flags: Flags(0x0), entries: {"object.serial": "67", "object.path": "Alpha:monitor_1", "format.dsp": "32 bit float mono audio", "node.id": "62", "audio.channel": "FR", "port.id": "1", "port.name": "monitor_FR", "port.direction": "out", "port.monitor": "true", "port.alias": "Alpha:monitor_FR", "port.group": "stream.0"} }))
2026-07-13T20:17:12+00:00 machine gtk-status-bar[2837]: 2026-07-13T20:17:12.316462Z DEBUG gtk_status_bar::pw: 🎛️  NODE PARAM CALLBACK: Alpha (5) received Props param
2026-07-13T20:17:12+00:00 machine gtk-status-bar[2837]: 2026-07-13T20:17:12.316482Z DEBUG gtk_status_bar::pw: 🔊 Node 5: Alpha - Vol: Some(100)% | Ch: Some(100)% | Mute: Some(false) [CACHING]
2026-07-13T20:17:12+00:00 machine gtk-status-bar[2837]: 2026-07-13T20:17:12.316509Z DEBUG gtk_status_bar::pw: 📝 Updated volume cache for device 5: Alpha -> Vol: Some(100)%, Ch: Some(100)%, Mute: Some(false)
2026-07-13T20:17:12+00:00 machine gtk-status-bar[2837]: 2026-07-13T20:17:12.316526Z DEBUG gtk_status_bar::pw: 🎯 Checking if device 5 is default: current_default=Some("auto_null"), node_name=Alpha, is_default=false
2026-07-13T20:17:12+00:00 machine gtk-status-bar[2837]: 2026-07-13T20:17:12.316544Z DEBUG gtk_status_bar::pw: 📊 Cached volume for non-default device 5 (Alpha)
2026-07-13T20:17:12+00:00 machine gtk-status-bar[2837]: 2026-07-13T20:17:12.322969Z DEBUG gtk_status_bar::pw: 🎛️  NODE PARAM CALLBACK: Alpha (5) received Props param
2026-07-13T20:17:12+00:00 machine gtk-status-bar[2837]: 2026-07-13T20:17:12.323012Z DEBUG gtk_status_bar::pw: 🔊 Node 5: Alpha - Vol: Some(100)% | Ch: Some(100)% | Mute: Some(false) [CACHING]
2026-07-13T20:17:12+00:00 machine gtk-status-bar[2837]: 2026-07-13T20:17:12.323032Z DEBUG gtk_status_bar::pw: 📝 Updated volume cache for device 5: Alpha -> Vol: Some(100)%, Ch: Some(100)%, Mute: Some(false)
2026-07-13T20:17:12+00:00 machine gtk-status-bar[2837]: 2026-07-13T20:17:12.323050Z DEBUG gtk_status_bar::pw: 🎯 Checking if device 5 is default: current_default=Some("auto_null"), node_name=Alpha, is_default=false
2026-07-13T20:17:12+00:00 machine gtk-status-bar[2837]: 2026-07-13T20:17:12.323069Z DEBUG gtk_status_bar::pw: 📊 Cached volume for non-default device 5 (Alpha)
2026-07-13T20:17:12+00:00 machine gtk-status-bar[2837]: 2026-07-13T20:17:12.331131Z DEBUG gtk_status_bar::pw: 📝 metadata.property subject=0 key=Some("default.audio.sink") value=Some("{\"name\":\"Alpha\"}")
2026-07-13T20:17:12+00:00 machine gtk-status-bar[2837]: 2026-07-13T20:17:12.331168Z DEBUG gtk_status_bar::pw: 🔍 Processing metadata property: default.audio.sink={"name":"Alpha"}
2026-07-13T20:17:12+00:00 machine gtk-status-bar[2837]: 2026-07-13T20:17:12.331196Z  INFO gtk_status_bar::pw: 🔄 Default sink -> Alpha
2026-07-13T20:17:12+00:00 machine gtk-status-bar[2837]: 2026-07-13T20:17:12.331216Z DEBUG gtk_status_bar::pw: 🎯 SINK CHANGE: Some("auto_null") -> Alpha (should trigger volume fetch)
2026-07-13T20:17:12+00:00 machine gtk-status-bar[2837]: 2026-07-13T20:17:12.331237Z DEBUG gtk_status_bar::pw: 🗂️ Searching device map for default sink 'Alpha'
2026-07-13T20:17:12+00:00 machine gtk-status-bar[2837]: 2026-07-13T20:17:12.331255Z DEBUG gtk_status_bar::pw: 🗂️ Current device map contents: {5: ("Alpha", "Alpha", Some(100), Some(100), Some(false))}
2026-07-13T20:17:12+00:00 machine gtk-status-bar[2837]: 2026-07-13T20:17:12.331278Z DEBUG gtk_status_bar::pw: 🔍 Checking device 5: node_name='Alpha', description='Alpha' against default sink 'Alpha'
2026-07-13T20:17:12+00:00 machine gtk-status-bar[2837]: 2026-07-13T20:17:12.331297Z DEBUG gtk_status_bar::pw: 🎯 MATCH! Found device 5 with node_name 'Alpha' matching default sink
2026-07-13T20:17:12+00:00 machine gtk-status-bar[2837]: 2026-07-13T20:17:12.331316Z DEBUG gtk_status_bar::pw: 🎨 Updating GUI label to: 'Alpha' with cached volume data
2026-07-13T20:17:12+00:00 machine gtk-status-bar[2837]: 2026-07-13T20:17:12.331343Z DEBUG gtk_status_bar::pw: 💾 Cached volume data: Vol: Some(100)%, Ch: Some(100)%, Mute: Some(false)
2026-07-13T20:17:12+00:00 machine gtk-status-bar[2837]: 2026-07-13T20:17:12.331381Z DEBUG gtk_status_bar::pw: ✅ Sent REAL volume data to GUI: 'Alpha' Vol: Some(100)%, Ch: Some(100)%, Mute: Some(false)
2026-07-13T20:17:12+00:00 machine gtk-status-bar[2837]: 2026-07-13T20:17:12.544118Z DEBUG gtk_status_bar::widgets: 📺 GTK UI updated via ASYNC: 🔊A100
2026-07-13T20:17:12+00:00 machine gtk-status-bar[2837]: 2026-07-13T20:17:12.644079Z  INFO gtk_status_bar::network: Network reachability probe completed target=198.51.100.1 success=false elapsed_ms=12
2026-07-13T20:17:12+00:00 machine gtk-status-bar[2837]: 2026-07-13T20:17:12.644138Z DEBUG gtk_status_bar::network: Sent network update label="\u{f091f} 28% \u{f0ac}"
2026-07-13T20:17:12+00:00 machine gtk-status-bar[2837]: 2026-07-13T20:17:12.656410Z DEBUG gtk_status_bar::widgets: Updating network label: 󰤟 28% 
2026-07-13T20:17:12+00:00 machine gtk-status-bar[2837]: 2026-07-13T20:17:12.710656Z DEBUG gtk_status_bar::pw: 🚫 Skipping metadata '' (props: Some(DictRef { flags: Flags(0x0), entries: {"object.serial": "68", "module.id": "2", "pipewire.protocol": "protocol-native", "pipewire.sec.pid": "1425", "pipewire.sec.uid": "1000", "pipewire.sec.gid": "100", "pipewire.sec.socket": "pipewire-0", "application.name": "pactl", "pipewire.access": "unrestricted"} }))
2026-07-13T20:17:12+00:00 machine gtk-status-bar[2837]: 2026-07-13T20:17:12.720944Z DEBUG gtk_status_bar::pw: 📝 metadata.property subject=0 key=Some("default.configured.audio.sink") value=Some("{ \"name\": \"Alpha\" }")
2026-07-13T20:17:12+00:00 machine gtk-status-bar[2837]: 2026-07-13T20:17:12.720977Z DEBUG gtk_status_bar::pw: 🔍 Processing metadata property: default.configured.audio.sink={ "name": "Alpha" }
2026-07-13T20:17:12+00:00 machine gtk-status-bar[2837]: 2026-07-13T20:17:12.720994Z DEBUG gtk_status_bar::pw: 🔧 Other metadata property: default.configured.audio.sink (ignored)
2026-07-13T20:17:12+00:00 machine gtk-status-bar[2837]: 2026-07-13T20:17:12.885513Z DEBUG gtk_status_bar::pw: 🚫 Skipping metadata '' (props: Some(DictRef { flags: Flags(0x0), entries: {"object.serial": "69", "module.id": "2", "pipewire.protocol": "protocol-native", "pipewire.sec.pid": "1425", "pipewire.sec.uid": "1000", "pipewire.sec.gid": "100", "pipewire.sec.socket": "pipewire-0", "application.name": "pactl", "pipewire.access": "unrestricted"} }))
2026-07-13T20:17:12+00:00 machine gtk-status-bar[2837]: 2026-07-13T20:17:12.896240Z DEBUG gtk_status_bar::pw: 🎛️  NODE PARAM CALLBACK: Alpha (5) received Props param
2026-07-13T20:17:12+00:00 machine gtk-status-bar[2837]: 2026-07-13T20:17:12.896277Z DEBUG gtk_status_bar::pw: 🔊 Node 5: Alpha - Vol: Some(100)% | Ch: Some(50)% | Mute: Some(false) [CACHING]
2026-07-13T20:17:12+00:00 machine gtk-status-bar[2837]: 2026-07-13T20:17:12.896296Z DEBUG gtk_status_bar::pw: 📝 Updated volume cache for device 5: Alpha -> Vol: Some(100)%, Ch: Some(50)%, Mute: Some(false)
2026-07-13T20:17:12+00:00 machine gtk-status-bar[2837]: 2026-07-13T20:17:12.896317Z DEBUG gtk_status_bar::pw: 🎯 Checking if device 5 is default: current_default=Some("Alpha"), node_name=Alpha, is_default=true
2026-07-13T20:17:12+00:00 machine gtk-status-bar[2837]: 2026-07-13T20:17:12.896333Z DEBUG gtk_status_bar::pw: 📤 SENDING VOLUME UPDATE to GUI for default sink (node id=5)
2026-07-13T20:17:12+00:00 machine gtk-status-bar[2837]: 2026-07-13T20:17:12.896585Z DEBUG gtk_status_bar::widgets: 📺 GTK UI updated via ASYNC: 🔊A50
2026-07-13T20:17:13+00:00 machine gtk-status-bar[2837]: 2026-07-13T20:17:13.000965Z DEBUG gtk_status_bar::widgets: Updating time label:  8:17 PM
2026-07-13T20:17:14+00:00 machine gtk-status-bar[2837]: 2026-07-13T20:17:14.002405Z DEBUG gtk_status_bar::widgets: Updating time label:  8:17 PM
2026-07-13T20:17:14+00:00 machine gtk-status-bar[2837]: 2026-07-13T20:17:14.042438Z  INFO gtk_status_bar::network: Network reachability probe completed target=192.0.2.1 success=true elapsed_ms=14
2026-07-13T20:17:14+00:00 machine gtk-status-bar[2837]: 2026-07-13T20:17:14.042501Z DEBUG gtk_status_bar::network: Sent network update label="\u{f091f} 28% \u{f0ac}"
2026-07-13T20:17:14+00:00 machine gtk-status-bar[2837]: 2026-07-13T20:17:14.042737Z DEBUG gtk_status_bar::widgets: Updating network label: 󰤟 28% 
2026-07-13T20:17:14+00:00 machine gtk-status-bar[2837]: 2026-07-13T20:17:14.231648Z  INFO gtk_status_bar::network: Network reachability probe completed target=192.0.2.1 success=true elapsed_ms=18
2026-07-13T20:17:14+00:00 machine gtk-status-bar[2837]: 2026-07-13T20:17:14.231806Z DEBUG gtk_status_bar::network: Sent network update label="\u{f091f} 28% \u{f0ac}"
2026-07-13T20:17:14+00:00 machine gtk-status-bar[2837]: 2026-07-13T20:17:14.232013Z DEBUG gtk_status_bar::widgets: Updating network label: 󰤟 28% 
2026-07-13T20:17:15+00:00 machine gtk-status-bar[2837]: 2026-07-13T20:17:15.001990Z DEBUG gtk_status_bar::widgets: Updating time label:  8:17 PM
2026-07-13T20:17:15+00:00 machine gtk-status-bar[2837]: 2026-07-13T20:17:15.989621Z  INFO gtk_status_bar::network: Network reachability probe completed target=198.51.100.1 success=false elapsed_ms=16
2026-07-13T20:17:15+00:00 machine gtk-status-bar[2837]: 2026-07-13T20:17:15.989687Z DEBUG gtk_status_bar::network: Sent network update label="\u{f091f} 28% \u{f0ac}"
2026-07-13T20:17:16+00:00 machine gtk-status-bar[2837]: 2026-07-13T20:17:15.989938Z DEBUG gtk_status_bar::widgets: Updating network label: 󰤟 28% 
2026-07-13T20:17:16+00:00 machine gtk-status-bar[2837]: 2026-07-13T20:17:16.001943Z DEBUG gtk_status_bar::widgets: Updating time label:  8:17 PM
2026-07-13T20:17:16+00:00 machine gtk-status-bar[2837]: 2026-07-13T20:17:16.559777Z DEBUG gtk_status_bar::pw: 🚫 Skipping metadata '' (props: Some(DictRef { flags: Flags(0x0), entries: {"object.serial": "70", "module.id": "2", "pipewire.protocol": "protocol-native", "pipewire.sec.pid": "1425", "pipewire.sec.uid": "1000", "pipewire.sec.gid": "100", "pipewire.sec.socket": "pipewire-0", "application.name": "pactl", "pipewire.access": "unrestricted"} }))
2026-07-13T20:17:16+00:00 machine gtk-status-bar[2837]: 2026-07-13T20:17:16.563071Z DEBUG gtk_status_bar::pw: 🎛️  NODE PARAM CALLBACK: Alpha (5) received Props param
2026-07-13T20:17:16+00:00 machine gtk-status-bar[2837]: 2026-07-13T20:17:16.563106Z DEBUG gtk_status_bar::pw: 🔊 Node 5: Alpha - Vol: Some(100)% | Ch: Some(75)% | Mute: Some(false) [CACHING]
2026-07-13T20:17:16+00:00 machine gtk-status-bar[2837]: 2026-07-13T20:17:16.563125Z DEBUG gtk_status_bar::pw: 📝 Updated volume cache for device 5: Alpha -> Vol: Some(100)%, Ch: Some(75)%, Mute: Some(false)
2026-07-13T20:17:16+00:00 machine gtk-status-bar[2837]: 2026-07-13T20:17:16.563143Z DEBUG gtk_status_bar::pw: 🎯 Checking if device 5 is default: current_default=Some("Alpha"), node_name=Alpha, is_default=true
2026-07-13T20:17:16+00:00 machine gtk-status-bar[2837]: 2026-07-13T20:17:16.563160Z DEBUG gtk_status_bar::pw: 📤 SENDING VOLUME UPDATE to GUI for default sink (node id=5)
2026-07-13T20:17:16+00:00 machine gtk-status-bar[2837]: 2026-07-13T20:17:16.563422Z DEBUG gtk_status_bar::widgets: 📺 GTK UI updated via ASYNC: 🔊A75
2026-07-13T20:17:17+00:00 machine gtk-status-bar[2837]: 2026-07-13T20:17:17.001936Z DEBUG gtk_status_bar::widgets: Updating time label:  8:17 PM
2026-07-13T20:17:17+00:00 machine gtk-status-bar[2837]: 2026-07-13T20:17:17.058205Z  INFO gtk_status_bar::network: Network reachability probe completed target=192.0.2.1 success=true elapsed_ms=16
2026-07-13T20:17:17+00:00 machine gtk-status-bar[2837]: 2026-07-13T20:17:17.058255Z DEBUG gtk_status_bar::network: Sent network update label="\u{f091f} 28% \u{f0ac}"
2026-07-13T20:17:17+00:00 machine gtk-status-bar[2837]: 2026-07-13T20:17:17.058424Z DEBUG gtk_status_bar::widgets: Updating network label: 󰤟 28% 
2026-07-13T20:17:18+00:00 machine gtk-status-bar[2837]: 2026-07-13T20:17:18.002189Z DEBUG gtk_status_bar::widgets: Updating time label:  8:17 PM
2026-07-13T20:17:18+00:00 machine gtk-status-bar[2837]: 2026-07-13T20:17:18.283615Z  INFO gtk_status_bar::network: Network reachability probe completed target=198.51.100.1 success=false elapsed_ms=16
2026-07-13T20:17:18+00:00 machine gtk-status-bar[2837]: 2026-07-13T20:17:18.283810Z DEBUG gtk_status_bar::network: Sent network update label="\u{f091f} 28% \u{f0ac}"
2026-07-13T20:17:18+00:00 machine gtk-status-bar[2837]: 2026-07-13T20:17:18.283950Z DEBUG gtk_status_bar::widgets: Updating network label: 󰤟 28% 
2026-07-13T20:17:19+00:00 machine gtk-status-bar[2837]: 2026-07-13T20:17:19.001289Z DEBUG gtk_status_bar::widgets: Updating time label:  8:17 PM
2026-07-13T20:17:19+00:00 machine gtk-status-bar[2837]: 2026-07-13T20:17:19.488806Z  INFO gtk_status_bar::network: Network reachability probe completed target=198.51.100.1 success=false elapsed_ms=16
2026-07-13T20:17:19+00:00 machine gtk-status-bar[2837]: 2026-07-13T20:17:19.488872Z DEBUG gtk_status_bar::network: Sent network update label="\u{f091f} 28% \u{f0ac}"
2026-07-13T20:17:19+00:00 machine gtk-status-bar[2837]: 2026-07-13T20:17:19.489042Z DEBUG gtk_status_bar::widgets: Updating network label: 󰤟 28% 
2026-07-13T20:17:20+00:00 machine gtk-status-bar[2837]: 2026-07-13T20:17:20.000941Z DEBUG gtk_status_bar::widgets: Updating time label:  8:17 PM
2026-07-13T20:17:20+00:00 machine gtk-status-bar[2837]: 2026-07-13T20:17:20.147985Z DEBUG gtk_status_bar::pw: 🚫 Skipping metadata '' (props: Some(DictRef { flags: Flags(0x0), entries: {"object.serial": "71", "module.id": "2", "pipewire.protocol": "protocol-native", "pipewire.sec.pid": "1425", "pipewire.sec.uid": "1000", "pipewire.sec.gid": "100", "pipewire.sec.socket": "pipewire-0", "application.name": "pactl", "pipewire.access": "unrestricted"} }))
2026-07-13T20:17:20+00:00 machine gtk-status-bar[2837]: 2026-07-13T20:17:20.151260Z DEBUG gtk_status_bar::pw: 🎛️  NODE PARAM CALLBACK: Alpha (5) received Props param
2026-07-13T20:17:20+00:00 machine gtk-status-bar[2837]: 2026-07-13T20:17:20.151295Z DEBUG gtk_status_bar::pw: 🔊 Node 5: Alpha - Vol: Some(100)% | Ch: Some(75)% | Mute: Some(true) [CACHING]
2026-07-13T20:17:20+00:00 machine gtk-status-bar[2837]: 2026-07-13T20:17:20.151316Z DEBUG gtk_status_bar::pw: 📝 Updated volume cache for device 5: Alpha -> Vol: Some(100)%, Ch: Some(75)%, Mute: Some(true)
2026-07-13T20:17:20+00:00 machine gtk-status-bar[2837]: 2026-07-13T20:17:20.151334Z DEBUG gtk_status_bar::pw: 🎯 Checking if device 5 is default: current_default=Some("Alpha"), node_name=Alpha, is_default=true
2026-07-13T20:17:20+00:00 machine gtk-status-bar[2837]: 2026-07-13T20:17:20.151353Z DEBUG gtk_status_bar::pw: 📤 SENDING VOLUME UPDATE to GUI for default sink (node id=5)
2026-07-13T20:17:20+00:00 machine gtk-status-bar[2837]: 2026-07-13T20:17:20.151602Z DEBUG gtk_status_bar::widgets: 📺 GTK UI updated via ASYNC: 🔇A75
2026-07-13T20:17:20+00:00 machine gtk-status-bar[2837]: 2026-07-13T20:17:20.591783Z DEBUG gtk_status_bar::dbus: Got an event in event stream: Msg { type: Signal, serial: 130, sender: UniqueName(":1.6"), path: ObjectPath("/org/bluez/hci0"), iface: InterfaceName("org.freedesktop.DBus.Properties"), member: MemberName("PropertiesChanged"), body: Structure(Dynamic { fields: [Str, Dict { key: Dynamic { child: Str }, value: Dynamic { child: Variant } }, Array(Dynamic { child: Str })] }), fds: [] }
2026-07-13T20:17:20+00:00 machine gtk-status-bar[2837]: 2026-07-13T20:17:20.591850Z DEBUG gtk_status_bar::dbus: Dbus monitor: Received D-Bus message from path: Some(ObjectPath("/org/bluez/hci0")), interface: Some(InterfaceName("org.freedesktop.DBus.Properties")), member: Some(MemberName("PropertiesChanged"))
2026-07-13T20:17:20+00:00 machine gtk-status-bar[2837]: 2026-07-13T20:17:20.591878Z  INFO gtk_status_bar::dbus: Dbus monitor: Received signal
2026-07-13T20:17:20+00:00 machine gtk-status-bar[2837]: 2026-07-13T20:17:20.591903Z  INFO gtk_status_bar::dbus: Dbus monitor: Received PropertiesChanged signal
2026-07-13T20:17:20+00:00 machine gtk-status-bar[2837]: 2026-07-13T20:17:20.591953Z DEBUG gtk_status_bar::dbus: Dbus monitor: Ignored PropertiesChanged for interface: "org.bluez.Adapter1"
2026-07-13T20:17:21+00:00 machine gtk-status-bar[2837]: 2026-07-13T20:17:21.002310Z DEBUG gtk_status_bar::widgets: Updating time label:  8:17 PM
2026-07-13T20:17:21+00:00 machine gtk-status-bar[2837]: 2026-07-13T20:17:21.228344Z  INFO gtk_status_bar::network: Network reachability probe completed target=192.0.2.1 success=true elapsed_ms=24
2026-07-13T20:17:21+00:00 machine gtk-status-bar[2837]: 2026-07-13T20:17:21.228436Z DEBUG gtk_status_bar::network: Sent network update label="\u{f091f} 28% \u{f0ac}"
2026-07-13T20:17:21+00:00 machine gtk-status-bar[2837]: 2026-07-13T20:17:21.228624Z DEBUG gtk_status_bar::widgets: Updating network label: 󰤟 28% 
2026-07-13T20:17:22+00:00 machine gtk-status-bar[2837]: 2026-07-13T20:17:22.001458Z DEBUG gtk_status_bar::widgets: Updating time label:  8:17 PM
2026-07-13T20:17:22+00:00 machine gtk-status-bar[2837]: 2026-07-13T20:17:22.651539Z  INFO gtk_status_bar::network: Network reachability probe completed target=198.51.100.1 success=false elapsed_ms=19
2026-07-13T20:17:22+00:00 machine gtk-status-bar[2837]: 2026-07-13T20:17:22.651596Z DEBUG gtk_status_bar::network: Sent network update label="\u{f091f} 28% \u{f0ac}"
2026-07-13T20:17:22+00:00 machine gtk-status-bar[2837]: 2026-07-13T20:17:22.651989Z DEBUG gtk_status_bar::widgets: Updating network label: 󰤟 28% 
2026-07-13T20:17:22+00:00 machine gtk-status-bar[2837]: 2026-07-13T20:17:22.912603Z  INFO gtk_status_bar::network: Network reachability probe completed target=192.0.2.1 success=true elapsed_ms=17
2026-07-13T20:17:22+00:00 machine gtk-status-bar[2837]: 2026-07-13T20:17:22.912651Z DEBUG gtk_status_bar::network: Sent network update label="\u{f091f} 28% \u{f0ac}"
2026-07-13T20:17:22+00:00 machine gtk-status-bar[2837]: 2026-07-13T20:17:22.912888Z DEBUG gtk_status_bar::widgets: Updating network label: 󰤟 28% 
2026-07-13T20:17:23+00:00 machine gtk-status-bar[2837]: 2026-07-13T20:17:23.000972Z DEBUG gtk_status_bar::widgets: Updating time label:  8:17 PM
2026-07-13T20:17:23+00:00 machine gtk-status-bar[2837]: 2026-07-13T20:17:23.698010Z  INFO gtk_status_bar::network: Network reachability probe completed target=198.51.100.1 success=false elapsed_ms=10
2026-07-13T20:17:23+00:00 machine gtk-status-bar[2837]: 2026-07-13T20:17:23.698064Z DEBUG gtk_status_bar::network: Sent network update label="\u{f091f} 28% \u{f0ac}"
2026-07-13T20:17:23+00:00 machine gtk-status-bar[2837]: 2026-07-13T20:17:23.698217Z DEBUG gtk_status_bar::widgets: Updating network label: 󰤟 28% 
2026-07-13T20:17:23+00:00 machine gtk-status-bar[2837]: 2026-07-13T20:17:23.714369Z DEBUG gtk_status_bar::pw: 🚫 Skipping metadata '' (props: Some(DictRef { flags: Flags(0x0), entries: {"object.serial": "72", "module.id": "2", "pipewire.protocol": "protocol-native", "pipewire.sec.pid": "1425", "pipewire.sec.uid": "1000", "pipewire.sec.gid": "100", "pipewire.sec.socket": "pipewire-0", "application.name": "pactl", "pipewire.access": "unrestricted"} }))
2026-07-13T20:17:23+00:00 machine gtk-status-bar[2837]: 2026-07-13T20:17:23.735356Z DEBUG gtk_status_bar::pw: 🎛️  NODE PARAM CALLBACK: Alpha (5) received Props param
2026-07-13T20:17:23+00:00 machine gtk-status-bar[2837]: 2026-07-13T20:17:23.735394Z DEBUG gtk_status_bar::pw: 🔊 Node 5: Alpha - Vol: Some(100)% | Ch: Some(75)% | Mute: Some(false) [CACHING]
2026-07-13T20:17:23+00:00 machine gtk-status-bar[2837]: 2026-07-13T20:17:23.735417Z DEBUG gtk_status_bar::pw: 📝 Updated volume cache for device 5: Alpha -> Vol: Some(100)%, Ch: Some(75)%, Mute: Some(false)
2026-07-13T20:17:23+00:00 machine gtk-status-bar[2837]: 2026-07-13T20:17:23.735435Z DEBUG gtk_status_bar::pw: 🎯 Checking if device 5 is default: current_default=Some("Alpha"), node_name=Alpha, is_default=true
2026-07-13T20:17:23+00:00 machine gtk-status-bar[2837]: 2026-07-13T20:17:23.735453Z DEBUG gtk_status_bar::pw: 📤 SENDING VOLUME UPDATE to GUI for default sink (node id=5)
2026-07-13T20:17:23+00:00 machine gtk-status-bar[2837]: 2026-07-13T20:17:23.736042Z DEBUG gtk_status_bar::widgets: 📺 GTK UI updated via ASYNC: 🔊A75
2026-07-13T20:17:23+00:00 machine gtk-status-bar[2837]: 2026-07-13T20:17:23.922335Z DEBUG gtk_status_bar::pw: 🚫 Skipping metadata '' (props: Some(DictRef { flags: Flags(0x0), entries: {"object.serial": "73", "module.id": "2", "pipewire.protocol": "protocol-native", "pipewire.sec.pid": "1425", "pipewire.sec.uid": "1000", "pipewire.sec.gid": "100", "pipewire.sec.socket": "pipewire-0", "application.name": "pactl", "pipewire.access": "unrestricted"} }))
2026-07-13T20:17:23+00:00 machine gtk-status-bar[2837]: 2026-07-13T20:17:23.935390Z DEBUG gtk_status_bar::pw: 🎛️  NODE PARAM CALLBACK: Alpha (5) received Props param
2026-07-13T20:17:23+00:00 machine gtk-status-bar[2837]: 2026-07-13T20:17:23.935425Z DEBUG gtk_status_bar::pw: 🔊 Node 5: Alpha - Vol: Some(100)% | Ch: Some(0)% | Mute: Some(false) [CACHING]
2026-07-13T20:17:23+00:00 machine gtk-status-bar[2837]: 2026-07-13T20:17:23.935443Z DEBUG gtk_status_bar::pw: 📝 Updated volume cache for device 5: Alpha -> Vol: Some(100)%, Ch: Some(0)%, Mute: Some(false)
2026-07-13T20:17:23+00:00 machine gtk-status-bar[2837]: 2026-07-13T20:17:23.935459Z DEBUG gtk_status_bar::pw: 🎯 Checking if device 5 is default: current_default=Some("Alpha"), node_name=Alpha, is_default=true
2026-07-13T20:17:23+00:00 machine gtk-status-bar[2837]: 2026-07-13T20:17:23.935475Z DEBUG gtk_status_bar::pw: 📤 SENDING VOLUME UPDATE to GUI for default sink (node id=5)
2026-07-13T20:17:23+00:00 machine gtk-status-bar[2837]: 2026-07-13T20:17:23.935809Z DEBUG gtk_status_bar::widgets: 📺 GTK UI updated via ASYNC: 🔊A0
2026-07-13T20:17:24+00:00 machine gtk-status-bar[2837]: 2026-07-13T20:17:24.001386Z DEBUG gtk_status_bar::widgets: Updating time label:  8:17 PM
2026-07-13T20:17:25+00:00 machine gtk-status-bar[2837]: 2026-07-13T20:17:25.001895Z DEBUG gtk_status_bar::widgets: Updating time label:  8:17 PM
2026-07-13T20:17:25+00:00 machine gtk-status-bar[2837]: 2026-07-13T20:17:25.081915Z  INFO gtk_status_bar::network: Network reachability probe completed target=192.0.2.1 success=true elapsed_ms=13
2026-07-13T20:17:25+00:00 machine gtk-status-bar[2837]: 2026-07-13T20:17:25.082007Z DEBUG gtk_status_bar::network: Sent network update label="\u{f091f} 28% \u{f0ac}"
2026-07-13T20:17:25+00:00 machine gtk-status-bar[2837]: 2026-07-13T20:17:25.082153Z DEBUG gtk_status_bar::widgets: Updating network label: 󰤟 28% 
2026-07-13T20:17:26+00:00 machine gtk-status-bar[2837]: 2026-07-13T20:17:26.002657Z DEBUG gtk_status_bar::widgets: Updating time label:  8:17 PM
2026-07-13T20:17:26+00:00 machine gtk-status-bar[2837]: 2026-07-13T20:17:26.188954Z  INFO gtk_status_bar::network: Network reachability probe completed target=198.51.100.1 success=false elapsed_ms=11
2026-07-13T20:17:26+00:00 machine gtk-status-bar[2837]: 2026-07-13T20:17:26.188997Z DEBUG gtk_status_bar::network: Sent network update label="\u{f091f} 28% \u{f0ac}"
2026-07-13T20:17:26+00:00 machine gtk-status-bar[2837]: 2026-07-13T20:17:26.189175Z DEBUG gtk_status_bar::widgets: Updating network label: 󰤟 28% 
2026-07-13T20:17:27+00:00 machine gtk-status-bar[2837]: 2026-07-13T20:17:27.002089Z DEBUG gtk_status_bar::widgets: Updating time label:  8:17 PM
2026-07-13T20:17:27+00:00 machine gtk-status-bar[2837]: 2026-07-13T20:17:27.491852Z  INFO gtk_status_bar::network: Network reachability probe completed target=192.0.2.1 success=true elapsed_ms=10
2026-07-13T20:17:27+00:00 machine gtk-status-bar[2837]: 2026-07-13T20:17:27.491907Z DEBUG gtk_status_bar::network: Sent network update label="\u{f091f} 28% \u{f0ac}"
2026-07-13T20:17:27+00:00 machine gtk-status-bar[2837]: 2026-07-13T20:17:27.492088Z DEBUG gtk_status_bar::widgets: Updating network label: 󰤟 28% 
2026-07-13T20:17:27+00:00 machine gtk-status-bar[2837]: 2026-07-13T20:17:27.496994Z DEBUG gtk_status_bar::pw: 🚫 Skipping metadata '' (props: Some(DictRef { flags: Flags(0x0), entries: {"object.serial": "74", "module.id": "2", "pipewire.protocol": "protocol-native", "pipewire.sec.pid": "1425", "pipewire.sec.uid": "1000", "pipewire.sec.gid": "100", "pipewire.sec.socket": "pipewire-0", "application.name": "pactl", "pipewire.access": "unrestricted"} }))
2026-07-13T20:17:27+00:00 machine gtk-status-bar[2837]: 2026-07-13T20:17:27.499273Z DEBUG gtk_status_bar::pw: 🎛️  NODE PARAM CALLBACK: Alpha (5) received Props param
2026-07-13T20:17:27+00:00 machine gtk-status-bar[2837]: 2026-07-13T20:17:27.499298Z DEBUG gtk_status_bar::pw: 🔊 Node 5: Alpha - Vol: Some(100)% | Ch: Some(100)% | Mute: Some(false) [CACHING]
2026-07-13T20:17:27+00:00 machine gtk-status-bar[2837]: 2026-07-13T20:17:27.499314Z DEBUG gtk_status_bar::pw: 📝 Updated volume cache for device 5: Alpha -> Vol: Some(100)%, Ch: Some(100)%, Mute: Some(false)
2026-07-13T20:17:27+00:00 machine gtk-status-bar[2837]: 2026-07-13T20:17:27.499330Z DEBUG gtk_status_bar::pw: 🎯 Checking if device 5 is default: current_default=Some("Alpha"), node_name=Alpha, is_default=true
2026-07-13T20:17:27+00:00 machine gtk-status-bar[2837]: 2026-07-13T20:17:27.499345Z DEBUG gtk_status_bar::pw: 📤 SENDING VOLUME UPDATE to GUI for default sink (node id=5)
2026-07-13T20:17:27+00:00 machine gtk-status-bar[2837]: 2026-07-13T20:17:27.499915Z DEBUG gtk_status_bar::widgets: 📺 GTK UI updated via ASYNC: 🔊A100
2026-07-13T20:17:28+00:00 machine gtk-status-bar[2837]: 2026-07-13T20:17:28.001346Z DEBUG gtk_status_bar::widgets: Updating time label:  8:17 PM
2026-07-13T20:17:28+00:00 machine gtk-status-bar[2837]: 2026-07-13T20:17:28.818643Z  INFO gtk_status_bar::network: Network reachability probe completed target=192.0.2.1 success=true elapsed_ms=19
2026-07-13T20:17:28+00:00 machine gtk-status-bar[2837]: 2026-07-13T20:17:28.818840Z DEBUG gtk_status_bar::network: Sent network update label="\u{f091f} 28% \u{f0ac}"
2026-07-13T20:17:28+00:00 machine gtk-status-bar[2837]: 2026-07-13T20:17:28.819229Z DEBUG gtk_status_bar::widgets: Updating network label: 󰤟 28% 
2026-07-13T20:17:29+00:00 machine gtk-status-bar[2837]: 2026-07-13T20:17:29.001007Z DEBUG gtk_status_bar::widgets: Updating time label:  8:17 PM
2026-07-13T20:17:29+00:00 machine gtk-status-bar[2837]: 2026-07-13T20:17:29.819836Z  INFO gtk_status_bar::network: Network reachability probe completed target=198.51.100.1 success=false elapsed_ms=19
2026-07-13T20:17:29+00:00 machine gtk-status-bar[2837]: 2026-07-13T20:17:29.819897Z DEBUG gtk_status_bar::network: Sent network update label="\u{f091f} 28% \u{f0ac}"
2026-07-13T20:17:29+00:00 machine gtk-status-bar[2837]: 2026-07-13T20:17:29.820445Z DEBUG gtk_status_bar::widgets: Updating network label: 󰤟 28% 
2026-07-13T20:17:30+00:00 machine gtk-status-bar[2837]: 2026-07-13T20:17:30.001853Z DEBUG gtk_status_bar::widgets: Updating time label:  8:17 PM
2026-07-13T20:17:31+00:00 machine gtk-status-bar[2837]: 2026-07-13T20:17:31.001985Z DEBUG gtk_status_bar::widgets: Updating time label:  8:17 PM
2026-07-13T20:17:31+00:00 machine gtk-status-bar[2837]: 2026-07-13T20:17:31.111845Z DEBUG gtk_status_bar::pw: 🚫 Skipping metadata '' (props: Some(DictRef { flags: Flags(0x0), entries: {"object.serial": "75", "module.id": "2", "pipewire.protocol": "protocol-native", "pipewire.sec.pid": "1425", "pipewire.sec.uid": "1000", "pipewire.sec.gid": "100", "pipewire.sec.socket": "pipewire-0", "application.name": "pactl", "pipewire.access": "unrestricted"} }))
2026-07-13T20:17:31+00:00 machine gtk-status-bar[2837]: 2026-07-13T20:17:31.123562Z DEBUG gtk_status_bar::pw: 🚫 Skipping metadata '' (props: Some(DictRef { flags: Flags(0x0), entries: {"object.serial": "76", "module.id": "2", "pipewire.protocol": "protocol-native", "pipewire.sec.pid": "1425", "pipewire.sec.uid": "1000", "pipewire.sec.gid": "100", "pipewire.sec.socket": "pipewire-0", "application.name": "pipewire", "pipewire.access": "unrestricted"} }))
2026-07-13T20:17:31+00:00 machine gtk-status-bar[2837]: 2026-07-13T20:17:31.123600Z DEBUG gtk_status_bar::pw: 🚫 Skipping metadata '' (props: Some(DictRef { flags: Flags(0x0), entries: {"object.serial": "77", "factory.id": "19", "client.id": "55", "node.description": "Bravo", "node.name": "Bravo", "media.class": "Audio/Sink"} }))
2026-07-13T20:17:31+00:00 machine gtk-status-bar[2837]: 2026-07-13T20:17:31.123618Z DEBUG gtk_status_bar::pw: 🔍 Checking node - media.class: Some("Audio/Sink")
2026-07-13T20:17:31+00:00 machine gtk-status-bar[2837]: 2026-07-13T20:17:31.123634Z DEBUG gtk_status_bar::pw: 🔍 Node filter result: true for media.class: Some("Audio/Sink")
2026-07-13T20:17:31+00:00 machine gtk-status-bar[2837]: 2026-07-13T20:17:31.123662Z DEBUG gtk_status_bar::pw: 📱 Monitoring audio node: Bravo (4) [node.name: Bravo]
2026-07-13T20:17:31+00:00 machine gtk-status-bar[2837]: 2026-07-13T20:17:31.123740Z DEBUG gtk_status_bar::pw: 🔗 ADDING NODE LISTENER for node.name: Bravo
2026-07-13T20:17:31+00:00 machine gtk-status-bar[2837]: 2026-07-13T20:17:31.123766Z DEBUG gtk_status_bar::pw: 📝 Added device to HashMap: 4 -> (Bravo, Bravo, no volume yet)
2026-07-13T20:17:31+00:00 machine gtk-status-bar[2837]: 2026-07-13T20:17:31.123784Z DEBUG gtk_status_bar::pw: 🗂️ Current device map size: 2
2026-07-13T20:17:31+00:00 machine gtk-status-bar[2837]: 2026-07-13T20:17:31.123984Z DEBUG gtk_status_bar::pw: 🎛️  NODE PARAM CALLBACK: Bravo (4) received Props param
2026-07-13T20:17:31+00:00 machine gtk-status-bar[2837]: 2026-07-13T20:17:31.124010Z DEBUG gtk_status_bar::pw: 🔊 Node 4: Bravo - Vol: Some(100)% | Ch: Some(100)% | Mute: Some(false) [CACHING]
2026-07-13T20:17:31+00:00 machine gtk-status-bar[2837]: 2026-07-13T20:17:31.124029Z DEBUG gtk_status_bar::pw: 📝 Updated volume cache for device 4: Bravo -> Vol: Some(100)%, Ch: Some(100)%, Mute: Some(false)
2026-07-13T20:17:31+00:00 machine gtk-status-bar[2837]: 2026-07-13T20:17:31.124047Z DEBUG gtk_status_bar::pw: 🎯 Checking if device 4 is default: current_default=Some("Alpha"), node_name=Bravo, is_default=false
2026-07-13T20:17:31+00:00 machine gtk-status-bar[2837]: 2026-07-13T20:17:31.124065Z DEBUG gtk_status_bar::pw: 📊 Cached volume for non-default device 4 (Bravo)
2026-07-13T20:17:31+00:00 machine gtk-status-bar[2837]: 2026-07-13T20:17:31.124084Z ERROR gtk_status_bar::pw: ❌ PipeWire error id:4 seq:9 res:-2: enum params id:13 (Spa:Enum:ParamId:Route) failed
2026-07-13T20:17:31+00:00 machine gtk-status-bar[2837]: 2026-07-13T20:17:31.204230Z DEBUG gtk_status_bar::pw: 🎛️  NODE PARAM CALLBACK: Bravo (4) received Props param
2026-07-13T20:17:31+00:00 machine gtk-status-bar[2837]: 2026-07-13T20:17:31.204267Z DEBUG gtk_status_bar::pw: 🔊 Node 4: Bravo - Vol: Some(100)% | Ch: Some(100)% | Mute: Some(false) [CACHING]
2026-07-13T20:17:31+00:00 machine gtk-status-bar[2837]: 2026-07-13T20:17:31.204285Z DEBUG gtk_status_bar::pw: 📝 Updated volume cache for device 4: Bravo -> Vol: Some(100)%, Ch: Some(100)%, Mute: Some(false)
2026-07-13T20:17:31+00:00 machine gtk-status-bar[2837]: 2026-07-13T20:17:31.205208Z DEBUG gtk_status_bar::pw: 🎯 Checking if device 4 is default: current_default=Some("Alpha"), node_name=Bravo, is_default=false
2026-07-13T20:17:31+00:00 machine gtk-status-bar[2837]: 2026-07-13T20:17:31.205249Z DEBUG gtk_status_bar::pw: 📊 Cached volume for non-default device 4 (Bravo)
2026-07-13T20:17:31+00:00 machine gtk-status-bar[2837]: 2026-07-13T20:17:31.205272Z DEBUG gtk_status_bar::pw: 🎛️  NODE PARAM CALLBACK: Bravo (4) received Props param
2026-07-13T20:17:31+00:00 machine gtk-status-bar[2837]: 2026-07-13T20:17:31.205295Z DEBUG gtk_status_bar::pw: 🔊 Node 4: Bravo - Vol: Some(100)% | Ch: Some(100)% | Mute: Some(false) [CACHING]
2026-07-13T20:17:31+00:00 machine gtk-status-bar[2837]: 2026-07-13T20:17:31.205316Z DEBUG gtk_status_bar::pw: 📝 Updated volume cache for device 4: Bravo -> Vol: Some(100)%, Ch: Some(100)%, Mute: Some(false)
2026-07-13T20:17:31+00:00 machine gtk-status-bar[2837]: 2026-07-13T20:17:31.205347Z DEBUG gtk_status_bar::pw: 🎯 Checking if device 4 is default: current_default=Some("Alpha"), node_name=Bravo, is_default=false
2026-07-13T20:17:31+00:00 machine gtk-status-bar[2837]: 2026-07-13T20:17:31.205368Z DEBUG gtk_status_bar::pw: 📊 Cached volume for non-default device 4 (Bravo)
2026-07-13T20:17:31+00:00 machine gtk-status-bar[2837]: 2026-07-13T20:17:31.205393Z DEBUG gtk_status_bar::pw: 🚫 Skipping metadata '' (props: Some(DictRef { flags: Flags(0x0), entries: {"object.serial": "78", "object.path": "Bravo:playback_0", "format.dsp": "32 bit float mono audio", "node.id": "63", "audio.channel": "FL", "port.id": "0", "port.name": "playback_FL", "port.direction": "in", "port.alias": "Bravo:playback_FL", "port.group": "stream.0"} }))
2026-07-13T20:17:31+00:00 machine gtk-status-bar[2837]: 2026-07-13T20:17:31.205421Z DEBUG gtk_status_bar::pw: 🚫 Skipping metadata '' (props: Some(DictRef { flags: Flags(0x0), entries: {"object.serial": "79", "object.path": "Bravo:playback_1", "format.dsp": "32 bit float mono audio", "node.id": "63", "audio.channel": "FR", "port.id": "1", "port.name": "playback_FR", "port.direction": "in", "port.alias": "Bravo:playback_FR", "port.group": "stream.0"} }))
2026-07-13T20:17:31+00:00 machine gtk-status-bar[2837]: 2026-07-13T20:17:31.205447Z DEBUG gtk_status_bar::pw: 🚫 Skipping metadata '' (props: Some(DictRef { flags: Flags(0x0), entries: {"object.serial": "80", "object.path": "Bravo:monitor_0", "format.dsp": "32 bit float mono audio", "node.id": "63", "audio.channel": "FL", "port.id": "0", "port.name": "monitor_FL", "port.direction": "out", "port.monitor": "true", "port.alias": "Bravo:monitor_FL", "port.group": "stream.0"} }))
2026-07-13T20:17:31+00:00 machine gtk-status-bar[2837]: 2026-07-13T20:17:31.205487Z DEBUG gtk_status_bar::pw: 🚫 Skipping metadata '' (props: Some(DictRef { flags: Flags(0x0), entries: {"object.serial": "81", "object.path": "Bravo:monitor_1", "format.dsp": "32 bit float mono audio", "node.id": "63", "audio.channel": "FR", "port.id": "1", "port.name": "monitor_FR", "port.direction": "out", "port.monitor": "true", "port.alias": "Bravo:monitor_FR", "port.group": "stream.0"} }))
2026-07-13T20:17:31+00:00 machine gtk-status-bar[2837]: 2026-07-13T20:17:31.205529Z DEBUG gtk_status_bar::pw: 🎛️  NODE PARAM CALLBACK: Bravo (4) received Props param
2026-07-13T20:17:31+00:00 machine gtk-status-bar[2837]: 2026-07-13T20:17:31.205551Z DEBUG gtk_status_bar::pw: 🔊 Node 4: Bravo - Vol: Some(100)% | Ch: Some(100)% | Mute: Some(false) [CACHING]
2026-07-13T20:17:31+00:00 machine gtk-status-bar[2837]: 2026-07-13T20:17:31.205570Z DEBUG gtk_status_bar::pw: 📝 Updated volume cache for device 4: Bravo -> Vol: Some(100)%, Ch: Some(100)%, Mute: Some(false)
2026-07-13T20:17:31+00:00 machine gtk-status-bar[2837]: 2026-07-13T20:17:31.205589Z DEBUG gtk_status_bar::pw: 🎯 Checking if device 4 is default: current_default=Some("Alpha"), node_name=Bravo, is_default=false
2026-07-13T20:17:31+00:00 machine gtk-status-bar[2837]: 2026-07-13T20:17:31.205607Z DEBUG gtk_status_bar::pw: 📊 Cached volume for non-default device 4 (Bravo)
2026-07-13T20:17:31+00:00 machine gtk-status-bar[2837]: 2026-07-13T20:17:31.344625Z DEBUG gtk_status_bar::pw: 🎛️  NODE PARAM CALLBACK: Bravo (4) received Props param
2026-07-13T20:17:31+00:00 machine gtk-status-bar[2837]: 2026-07-13T20:17:31.344762Z DEBUG gtk_status_bar::pw: 🔊 Node 4: Bravo - Vol: Some(100)% | Ch: Some(100)% | Mute: Some(false) [CACHING]
2026-07-13T20:17:31+00:00 machine gtk-status-bar[2837]: 2026-07-13T20:17:31.344782Z DEBUG gtk_status_bar::pw: 📝 Updated volume cache for device 4: Bravo -> Vol: Some(100)%, Ch: Some(100)%, Mute: Some(false)
2026-07-13T20:17:31+00:00 machine gtk-status-bar[2837]: 2026-07-13T20:17:31.344798Z DEBUG gtk_status_bar::pw: 🎯 Checking if device 4 is default: current_default=Some("Alpha"), node_name=Bravo, is_default=false
2026-07-13T20:17:31+00:00 machine gtk-status-bar[2837]: 2026-07-13T20:17:31.344814Z DEBUG gtk_status_bar::pw: 📊 Cached volume for non-default device 4 (Bravo)
2026-07-13T20:17:31+00:00 machine gtk-status-bar[2837]: 2026-07-13T20:17:31.382744Z DEBUG gtk_status_bar::pw: 🚫 Skipping metadata '' (props: Some(DictRef { flags: Flags(0x0), entries: {"object.serial": "82", "module.id": "2", "pipewire.protocol": "protocol-native", "pipewire.sec.pid": "1425", "pipewire.sec.uid": "1000", "pipewire.sec.gid": "100", "pipewire.sec.socket": "pipewire-0", "application.name": "pactl", "pipewire.access": "unrestricted"} }))
2026-07-13T20:17:31+00:00 machine gtk-status-bar[2837]: 2026-07-13T20:17:31.394835Z DEBUG gtk_status_bar::pw: 🎛️  NODE PARAM CALLBACK: Bravo (4) received Props param
2026-07-13T20:17:31+00:00 machine gtk-status-bar[2837]: 2026-07-13T20:17:31.394890Z DEBUG gtk_status_bar::pw: 🔊 Node 4: Bravo - Vol: Some(100)% | Ch: Some(60)% | Mute: Some(false) [CACHING]
2026-07-13T20:17:31+00:00 machine gtk-status-bar[2837]: 2026-07-13T20:17:31.394913Z DEBUG gtk_status_bar::pw: 📝 Updated volume cache for device 4: Bravo -> Vol: Some(100)%, Ch: Some(60)%, Mute: Some(false)
2026-07-13T20:17:31+00:00 machine gtk-status-bar[2837]: 2026-07-13T20:17:31.394932Z DEBUG gtk_status_bar::pw: 🎯 Checking if device 4 is default: current_default=Some("Alpha"), node_name=Bravo, is_default=false
2026-07-13T20:17:31+00:00 machine gtk-status-bar[2837]: 2026-07-13T20:17:31.394951Z DEBUG gtk_status_bar::pw: 📊 Cached volume for non-default device 4 (Bravo)
2026-07-13T20:17:31+00:00 machine gtk-status-bar[2837]: 2026-07-13T20:17:31.540911Z DEBUG gtk_status_bar::pw: 🚫 Skipping metadata '' (props: Some(DictRef { flags: Flags(0x0), entries: {"object.serial": "83", "module.id": "2", "pipewire.protocol": "protocol-native", "pipewire.sec.pid": "1425", "pipewire.sec.uid": "1000", "pipewire.sec.gid": "100", "pipewire.sec.socket": "pipewire-0", "application.name": "pactl", "pipewire.access": "unrestricted"} }))
2026-07-13T20:17:31+00:00 machine gtk-status-bar[2837]: 2026-07-13T20:17:31.545520Z DEBUG gtk_status_bar::pw: 📝 metadata.property subject=0 key=Some("default.configured.audio.sink") value=Some("{ \"name\": \"Bravo\" }")
2026-07-13T20:17:31+00:00 machine gtk-status-bar[2837]: 2026-07-13T20:17:31.545555Z DEBUG gtk_status_bar::pw: 🔍 Processing metadata property: default.configured.audio.sink={ "name": "Bravo" }
2026-07-13T20:17:31+00:00 machine gtk-status-bar[2837]: 2026-07-13T20:17:31.545575Z DEBUG gtk_status_bar::pw: 🔧 Other metadata property: default.configured.audio.sink (ignored)
2026-07-13T20:17:31+00:00 machine gtk-status-bar[2837]: 2026-07-13T20:17:31.550057Z DEBUG gtk_status_bar::pw: 📝 metadata.property subject=0 key=Some("default.audio.sink") value=Some("{\"name\":\"Bravo\"}")
2026-07-13T20:17:31+00:00 machine gtk-status-bar[2837]: 2026-07-13T20:17:31.550087Z DEBUG gtk_status_bar::pw: 🔍 Processing metadata property: default.audio.sink={"name":"Bravo"}
2026-07-13T20:17:31+00:00 machine gtk-status-bar[2837]: 2026-07-13T20:17:31.550113Z  INFO gtk_status_bar::pw: 🔄 Default sink -> Bravo
2026-07-13T20:17:31+00:00 machine gtk-status-bar[2837]: 2026-07-13T20:17:31.550200Z DEBUG gtk_status_bar::pw: 🎯 SINK CHANGE: Some("Alpha") -> Bravo (should trigger volume fetch)
2026-07-13T20:17:31+00:00 machine gtk-status-bar[2837]: 2026-07-13T20:17:31.550241Z DEBUG gtk_status_bar::pw: 🗂️ Searching device map for default sink 'Bravo'
2026-07-13T20:17:31+00:00 machine gtk-status-bar[2837]: 2026-07-13T20:17:31.550259Z DEBUG gtk_status_bar::pw: 🗂️ Current device map contents: {4: ("Bravo", "Bravo", Some(100), Some(60), Some(false)), 5: ("Alpha", "Alpha", Some(100), Some(100), Some(false))}
2026-07-13T20:17:31+00:00 machine gtk-status-bar[2837]: 2026-07-13T20:17:31.550280Z DEBUG gtk_status_bar::pw: 🔍 Checking device 4: node_name='Bravo', description='Bravo' against default sink 'Bravo'
2026-07-13T20:17:31+00:00 machine gtk-status-bar[2837]: 2026-07-13T20:17:31.550298Z DEBUG gtk_status_bar::pw: 🎯 MATCH! Found device 4 with node_name 'Bravo' matching default sink
2026-07-13T20:17:31+00:00 machine gtk-status-bar[2837]: 2026-07-13T20:17:31.550315Z DEBUG gtk_status_bar::pw: 🎨 Updating GUI label to: 'Bravo' with cached volume data
2026-07-13T20:17:31+00:00 machine gtk-status-bar[2837]: 2026-07-13T20:17:31.550332Z DEBUG gtk_status_bar::pw: 💾 Cached volume data: Vol: Some(100)%, Ch: Some(60)%, Mute: Some(false)
2026-07-13T20:17:31+00:00 machine gtk-status-bar[2837]: 2026-07-13T20:17:31.550361Z DEBUG gtk_status_bar::pw: ✅ Sent REAL volume data to GUI: 'Bravo' Vol: Some(100)%, Ch: Some(60)%, Mute: Some(false)
2026-07-13T20:17:31+00:00 machine gtk-status-bar[2837]: 2026-07-13T20:17:31.550572Z DEBUG gtk_status_bar::widgets: 📺 GTK UI updated via ASYNC: 🔊B60
2026-07-13T20:17:31+00:00 machine gtk-status-bar[2837]: 2026-07-13T20:17:31.805932Z  INFO gtk_status_bar::network: Network reachability probe completed target=192.0.2.1 success=true elapsed_ms=12
2026-07-13T20:17:31+00:00 machine gtk-status-bar[2837]: 2026-07-13T20:17:31.805983Z DEBUG gtk_status_bar::network: Sent network update label="\u{f091f} 28% \u{f0ac}"
2026-07-13T20:17:31+00:00 machine gtk-status-bar[2837]: 2026-07-13T20:17:31.806148Z DEBUG gtk_status_bar::widgets: Updating network label: 󰤟 28% 
2026-07-13T20:17:32+00:00 machine gtk-status-bar[2837]: 2026-07-13T20:17:32.001638Z DEBUG gtk_status_bar::widgets: Updating time label:  8:17 PM
2026-07-13T20:17:32+00:00 machine gtk-status-bar[2837]: 2026-07-13T20:17:32.121922Z  INFO gtk_status_bar::network: Network reachability probe completed target=198.51.100.1 success=false elapsed_ms=12
2026-07-13T20:17:32+00:00 machine gtk-status-bar[2837]: 2026-07-13T20:17:32.121975Z DEBUG gtk_status_bar::network: Sent network update label="\u{f091f} 28% \u{f0ac}"
2026-07-13T20:17:32+00:00 machine gtk-status-bar[2837]: 2026-07-13T20:17:32.122154Z DEBUG gtk_status_bar::widgets: Updating network label: 󰤟 28% 
2026-07-13T20:17:32+00:00 machine gtk-status-bar[2837]: 2026-07-13T20:17:32.328817Z  INFO gtk_status_bar::network: Network reachability probe completed target=198.51.100.1 success=false elapsed_ms=23
2026-07-13T20:17:32+00:00 machine gtk-status-bar[2837]: 2026-07-13T20:17:32.328881Z DEBUG gtk_status_bar::network: Sent network update label="\u{f091f} 28% \u{f0ac}"
2026-07-13T20:17:32+00:00 machine gtk-status-bar[2837]: 2026-07-13T20:17:32.329248Z DEBUG gtk_status_bar::widgets: Updating network label: 󰤟 28% 
2026-07-13T20:17:33+00:00 machine gtk-status-bar[2837]: 2026-07-13T20:17:33.002045Z DEBUG gtk_status_bar::widgets: Updating time label:  8:17 PM
2026-07-13T20:17:33+00:00 machine gtk-status-bar[2837]: 2026-07-13T20:17:33.744169Z  INFO gtk_status_bar::network: Network reachability probe completed target=192.0.2.1 success=true elapsed_ms=20
2026-07-13T20:17:33+00:00 machine gtk-status-bar[2837]: 2026-07-13T20:17:33.744257Z DEBUG gtk_status_bar::network: Sent network update label="\u{f091f} 28% \u{f0ac}"
2026-07-13T20:17:33+00:00 machine gtk-status-bar[2837]: 2026-07-13T20:17:33.744441Z DEBUG gtk_status_bar::widgets: Updating network label: 󰤟 28% 
2026-07-13T20:17:34+00:00 machine gtk-status-bar[2837]: 2026-07-13T20:17:34.001755Z DEBUG gtk_status_bar::widgets: Updating time label:  8:17 PM
2026-07-13T20:17:34+00:00 machine gtk-status-bar[2837]: 2026-07-13T20:17:34.528491Z  INFO gtk_status_bar::network: Network reachability probe completed target=192.0.2.1 success=true elapsed_ms=20
2026-07-13T20:17:34+00:00 machine gtk-status-bar[2837]: 2026-07-13T20:17:34.528568Z DEBUG gtk_status_bar::network: Sent network update label="\u{f091f} 28% \u{f0ac}"
2026-07-13T20:17:34+00:00 machine gtk-status-bar[2837]: 2026-07-13T20:17:34.529080Z DEBUG gtk_status_bar::widgets: Updating network label: 󰤟 28% 
2026-07-13T20:17:35+00:00 machine gtk-status-bar[2837]: 2026-07-13T20:17:35.001852Z DEBUG gtk_status_bar::widgets: Updating time label:  8:17 PM
2026-07-13T20:17:35+00:00 machine gtk-status-bar[2837]: 2026-07-13T20:17:35.785868Z  INFO gtk_status_bar::network: Network reachability probe completed target=198.51.100.1 success=false elapsed_ms=10
2026-07-13T20:17:35+00:00 machine gtk-status-bar[2837]: 2026-07-13T20:17:35.785928Z DEBUG gtk_status_bar::network: Sent network update label="\u{f091f} 28% \u{f0ac}"
2026-07-13T20:17:35+00:00 machine gtk-status-bar[2837]: 2026-07-13T20:17:35.786083Z DEBUG gtk_status_bar::widgets: Updating network label: 󰤟 28% 
2026-07-13T20:17:36+00:00 machine gtk-status-bar[2837]: 2026-07-13T20:17:36.001409Z DEBUG gtk_status_bar::widgets: Updating time label:  8:17 PM
2026-07-13T20:17:36+00:00 machine gtk-status-bar[2837]: 2026-07-13T20:17:36.150216Z  INFO gtk_status_bar::network: Network reachability probe completed target=198.51.100.1 success=false elapsed_ms=8
2026-07-13T20:17:36+00:00 machine gtk-status-bar[2837]: 2026-07-13T20:17:36.150266Z DEBUG gtk_status_bar::network: Sent network update label="\u{f091f} 28% \u{f0ac}"
2026-07-13T20:17:36+00:00 machine gtk-status-bar[2837]: 2026-07-13T20:17:36.150572Z DEBUG gtk_status_bar::widgets: Updating network label: 󰤟 28% 
2026-07-13T20:17:36+00:00 machine gtk-status-bar[2837]: 2026-07-13T20:17:36.170361Z DEBUG gtk_status_bar::pw: 🚫 Skipping metadata '' (props: Some(DictRef { flags: Flags(0x0), entries: {"object.serial": "84", "module.id": "2", "pipewire.protocol": "protocol-native", "pipewire.sec.pid": "1425", "pipewire.sec.uid": "1000", "pipewire.sec.gid": "100", "pipewire.sec.socket": "pipewire-0", "application.name": "pactl", "pipewire.access": "unrestricted"} }))
2026-07-13T20:17:36+00:00 machine gtk-status-bar[2837]: 2026-07-13T20:17:36.175246Z DEBUG gtk_status_bar::pw: 🗑️ Node 4 removed, cleaning up
2026-07-13T20:17:36+00:00 machine gtk-status-bar[2837]: 2026-07-13T20:17:36.175274Z DEBUG gtk_status_bar::pw: ✅ Removed device from HashMap: 4 -> (Bravo, Bravo)
2026-07-13T20:17:36+00:00 machine gtk-status-bar[2837]: 2026-07-13T20:17:36.175292Z DEBUG gtk_status_bar::pw: 🗂️ Device map size after removal: 1
2026-07-13T20:17:36+00:00 machine gtk-status-bar[2837]: 2026-07-13T20:17:36.182160Z DEBUG gtk_status_bar::pw: 📝 metadata.property subject=0 key=Some("default.audio.sink") value=Some("{\"name\":\"Alpha\"}")
2026-07-13T20:17:36+00:00 machine gtk-status-bar[2837]: 2026-07-13T20:17:36.182195Z DEBUG gtk_status_bar::pw: 🔍 Processing metadata property: default.audio.sink={"name":"Alpha"}
2026-07-13T20:17:36+00:00 machine gtk-status-bar[2837]: 2026-07-13T20:17:36.182223Z  INFO gtk_status_bar::pw: 🔄 Default sink -> Alpha
2026-07-13T20:17:36+00:00 machine gtk-status-bar[2837]: 2026-07-13T20:17:36.182242Z DEBUG gtk_status_bar::pw: 🎯 SINK CHANGE: Some("Bravo") -> Alpha (should trigger volume fetch)
2026-07-13T20:17:36+00:00 machine gtk-status-bar[2837]: 2026-07-13T20:17:36.182261Z DEBUG gtk_status_bar::pw: 🗂️ Searching device map for default sink 'Alpha'
2026-07-13T20:17:36+00:00 machine gtk-status-bar[2837]: 2026-07-13T20:17:36.182279Z DEBUG gtk_status_bar::pw: 🗂️ Current device map contents: {5: ("Alpha", "Alpha", Some(100), Some(100), Some(false))}
2026-07-13T20:17:36+00:00 machine gtk-status-bar[2837]: 2026-07-13T20:17:36.182302Z DEBUG gtk_status_bar::pw: 🔍 Checking device 5: node_name='Alpha', description='Alpha' against default sink 'Alpha'
2026-07-13T20:17:36+00:00 machine gtk-status-bar[2837]: 2026-07-13T20:17:36.182321Z DEBUG gtk_status_bar::pw: 🎯 MATCH! Found device 5 with node_name 'Alpha' matching default sink
2026-07-13T20:17:36+00:00 machine gtk-status-bar[2837]: 2026-07-13T20:17:36.182340Z DEBUG gtk_status_bar::pw: 🎨 Updating GUI label to: 'Alpha' with cached volume data
2026-07-13T20:17:36+00:00 machine gtk-status-bar[2837]: 2026-07-13T20:17:36.182358Z DEBUG gtk_status_bar::pw: 💾 Cached volume data: Vol: Some(100)%, Ch: Some(100)%, Mute: Some(false)
2026-07-13T20:17:36+00:00 machine gtk-status-bar[2837]: 2026-07-13T20:17:36.182389Z DEBUG gtk_status_bar::pw: ✅ Sent REAL volume data to GUI: 'Alpha' Vol: Some(100)%, Ch: Some(100)%, Mute: Some(false)
2026-07-13T20:17:36+00:00 machine gtk-status-bar[2837]: 2026-07-13T20:17:36.182650Z DEBUG gtk_status_bar::widgets: 📺 GTK UI updated via ASYNC: 🔊A100
2026-07-13T20:17:37+00:00 machine gtk-status-bar[2837]: 2026-07-13T20:17:37.001667Z DEBUG gtk_status_bar::widgets: Updating time label:  8:17 PM
2026-07-13T20:17:37+00:00 machine gtk-status-bar[2837]: 2026-07-13T20:17:37.967478Z  INFO gtk_status_bar::network: Network reachability probe completed target=192.0.2.1 success=true elapsed_ms=10
2026-07-13T20:17:37+00:00 machine gtk-status-bar[2837]: 2026-07-13T20:17:37.967533Z DEBUG gtk_status_bar::network: Sent network update label="\u{f091f} 28% \u{f0ac}"
2026-07-13T20:17:37+00:00 machine gtk-status-bar[2837]: 2026-07-13T20:17:37.967737Z DEBUG gtk_status_bar::widgets: Updating network label: 󰤟 28% 
2026-07-13T20:17:38+00:00 machine gtk-status-bar[2837]: 2026-07-13T20:17:38.001116Z DEBUG gtk_status_bar::widgets: Updating time label:  8:17 PM
2026-07-13T20:17:38+00:00 machine gtk-status-bar[2837]: 2026-07-13T20:17:38.083014Z  INFO gtk_status_bar::network: Network reachability probe completed target=198.51.100.1 success=false elapsed_ms=15
2026-07-13T20:17:38+00:00 machine gtk-status-bar[2837]: 2026-07-13T20:17:38.083086Z DEBUG gtk_status_bar::network: Sent network update label="\u{f091f} 28% \u{f0ac}"
2026-07-13T20:17:38+00:00 machine gtk-status-bar[2837]: 2026-07-13T20:17:38.083290Z DEBUG gtk_status_bar::widgets: Updating network label: 󰤟 28% 
2026-07-13T20:17:39+00:00 machine gtk-status-bar[2837]: 2026-07-13T20:17:39.001576Z DEBUG gtk_status_bar::widgets: Updating time label:  8:17 PM
2026-07-13T20:17:39+00:00 machine gtk-status-bar[2837]: 2026-07-13T20:17:39.164053Z  INFO gtk_status_bar::network: Network reachability probe completed target=192.0.2.1 success=true elapsed_ms=14
2026-07-13T20:17:39+00:00 machine gtk-status-bar[2837]: 2026-07-13T20:17:39.164103Z DEBUG gtk_status_bar::network: Sent network update label="\u{f091f} 28% \u{f0ac}"
2026-07-13T20:17:39+00:00 machine gtk-status-bar[2837]: 2026-07-13T20:17:39.164633Z DEBUG gtk_status_bar::widgets: Updating network label: 󰤟 28% 
2026-07-13T20:17:39+00:00 machine gtk-status-bar[2837]: 2026-07-13T20:17:39.754599Z DEBUG gtk_status_bar::pw: 🚫 Skipping metadata '' (props: Some(DictRef { flags: Flags(0x0), entries: {"object.serial": "85", "module.id": "2", "pipewire.protocol": "protocol-native", "pipewire.sec.pid": "1425", "pipewire.sec.uid": "1000", "pipewire.sec.gid": "100", "pipewire.sec.socket": "pipewire-0", "application.name": "pactl", "pipewire.access": "unrestricted"} }))
2026-07-13T20:17:39+00:00 machine gtk-status-bar[2837]: 2026-07-13T20:17:39.764612Z DEBUG gtk_status_bar::pw: 🗑️ Node 5 removed, cleaning up
2026-07-13T20:17:39+00:00 machine gtk-status-bar[2837]: 2026-07-13T20:17:39.764649Z DEBUG gtk_status_bar::pw: ✅ Removed device from HashMap: 5 -> (Alpha, Alpha)
2026-07-13T20:17:39+00:00 machine gtk-status-bar[2837]: 2026-07-13T20:17:39.764667Z DEBUG gtk_status_bar::pw: 🗂️ Device map size after removal: 0
2026-07-13T20:17:39+00:00 machine gtk-status-bar[2837]: 2026-07-13T20:17:39.766269Z DEBUG gtk_status_bar::pw: 🚫 Skipping metadata '' (props: Some(DictRef { flags: Flags(0x0), entries: {"object.serial": "86", "factory.id": "19", "client.id": "52", "node.description": "Dummy Output", "node.name": "auto_null", "media.class": "Audio/Sink"} }))
2026-07-13T20:17:39+00:00 machine gtk-status-bar[2837]: 2026-07-13T20:17:39.766302Z DEBUG gtk_status_bar::pw: 🔍 Checking node - media.class: Some("Audio/Sink")
2026-07-13T20:17:39+00:00 machine gtk-status-bar[2837]: 2026-07-13T20:17:39.766320Z DEBUG gtk_status_bar::pw: 🔍 Node filter result: true for media.class: Some("Audio/Sink")
2026-07-13T20:17:39+00:00 machine gtk-status-bar[2837]: 2026-07-13T20:17:39.766351Z DEBUG gtk_status_bar::pw: 📱 Monitoring audio node: Dummy Output (5) [node.name: auto_null]
2026-07-13T20:17:39+00:00 machine gtk-status-bar[2837]: 2026-07-13T20:17:39.766370Z DEBUG gtk_status_bar::pw: 🔗 ADDING NODE LISTENER for node.name: auto_null
2026-07-13T20:17:39+00:00 machine gtk-status-bar[2837]: 2026-07-13T20:17:39.766389Z DEBUG gtk_status_bar::pw: 📝 Added device to HashMap: 5 -> (auto_null, Dummy Output, no volume yet)
2026-07-13T20:17:39+00:00 machine gtk-status-bar[2837]: 2026-07-13T20:17:39.766406Z DEBUG gtk_status_bar::pw: 🗂️ Current device map size: 1
2026-07-13T20:17:39+00:00 machine gtk-status-bar[2837]: 2026-07-13T20:17:39.766870Z DEBUG gtk_status_bar::pw: 🎛️  NODE PARAM CALLBACK: Dummy Output (5) received Props param
2026-07-13T20:17:39+00:00 machine gtk-status-bar[2837]: 2026-07-13T20:17:39.766893Z DEBUG gtk_status_bar::pw: 🔊 Node 5: Dummy Output - Vol: Some(100)% | Ch: Some(100)% | Mute: Some(false) [CACHING]
2026-07-13T20:17:39+00:00 machine gtk-status-bar[2837]: 2026-07-13T20:17:39.766909Z DEBUG gtk_status_bar::pw: 📝 Updated volume cache for device 5: Dummy Output -> Vol: Some(100)%, Ch: Some(100)%, Mute: Some(false)
2026-07-13T20:17:39+00:00 machine gtk-status-bar[2837]: 2026-07-13T20:17:39.766924Z DEBUG gtk_status_bar::pw: 🎯 Checking if device 5 is default: current_default=Some("Alpha"), node_name=auto_null, is_default=false
2026-07-13T20:17:39+00:00 machine gtk-status-bar[2837]: 2026-07-13T20:17:39.766940Z DEBUG gtk_status_bar::pw: 📊 Cached volume for non-default device 5 (Dummy Output)
2026-07-13T20:17:39+00:00 machine gtk-status-bar[2837]: 2026-07-13T20:17:39.766957Z ERROR gtk_status_bar::pw: ❌ PipeWire error id:5 seq:11 res:-2: enum params id:13 (Spa:Enum:ParamId:Route) failed
2026-07-13T20:17:39+00:00 machine gtk-status-bar[2837]: 2026-07-13T20:17:39.771511Z DEBUG gtk_status_bar::pw: 📝 metadata.property subject=0 key=Some("default.audio.sink") value=None
2026-07-13T20:17:39+00:00 machine gtk-status-bar[2837]: 2026-07-13T20:17:39.771545Z DEBUG gtk_status_bar::pw: 🚫 Skipping metadata property: value is None for key Some("default.audio.sink")
2026-07-13T20:17:39+00:00 machine gtk-status-bar[2837]: 2026-07-13T20:17:39.783984Z DEBUG gtk_status_bar::pw: 🎛️  NODE PARAM CALLBACK: Dummy Output (5) received Props param
2026-07-13T20:17:39+00:00 machine gtk-status-bar[2837]: 2026-07-13T20:17:39.784021Z DEBUG gtk_status_bar::pw: 🔊 Node 5: Dummy Output - Vol: Some(100)% | Ch: Some(100)% | Mute: Some(false) [CACHING]
2026-07-13T20:17:39+00:00 machine gtk-status-bar[2837]: 2026-07-13T20:17:39.784041Z DEBUG gtk_status_bar::pw: 📝 Updated volume cache for device 5: Dummy Output -> Vol: Some(100)%, Ch: Some(100)%, Mute: Some(false)
2026-07-13T20:17:39+00:00 machine gtk-status-bar[2837]: 2026-07-13T20:17:39.784062Z DEBUG gtk_status_bar::pw: 🎯 Checking if device 5 is default: current_default=Some("Alpha"), node_name=auto_null, is_default=false
2026-07-13T20:17:39+00:00 machine gtk-status-bar[2837]: 2026-07-13T20:17:39.784083Z DEBUG gtk_status_bar::pw: 📊 Cached volume for non-default device 5 (Dummy Output)
2026-07-13T20:17:39+00:00 machine gtk-status-bar[2837]: 2026-07-13T20:17:39.784103Z DEBUG gtk_status_bar::pw: 🎛️  NODE PARAM CALLBACK: Dummy Output (5) received Props param
2026-07-13T20:17:39+00:00 machine gtk-status-bar[2837]: 2026-07-13T20:17:39.784123Z DEBUG gtk_status_bar::pw: 🔊 Node 5: Dummy Output - Vol: Some(100)% | Ch: Some(100)% | Mute: Some(false) [CACHING]
2026-07-13T20:17:39+00:00 machine gtk-status-bar[2837]: 2026-07-13T20:17:39.784144Z DEBUG gtk_status_bar::pw: 📝 Updated volume cache for device 5: Dummy Output -> Vol: Some(100)%, Ch: Some(100)%, Mute: Some(false)
2026-07-13T20:17:39+00:00 machine gtk-status-bar[2837]: 2026-07-13T20:17:39.784163Z DEBUG gtk_status_bar::pw: 🎯 Checking if device 5 is default: current_default=Some("Alpha"), node_name=auto_null, is_default=false
2026-07-13T20:17:39+00:00 machine gtk-status-bar[2837]: 2026-07-13T20:17:39.784182Z DEBUG gtk_status_bar::pw: 📊 Cached volume for non-default device 5 (Dummy Output)
2026-07-13T20:17:39+00:00 machine gtk-status-bar[2837]: 2026-07-13T20:17:39.784207Z DEBUG gtk_status_bar::pw: 🚫 Skipping metadata '' (props: Some(DictRef { flags: Flags(0x0), entries: {"object.serial": "87", "object.path": "auto_null:playback_0", "format.dsp": "32 bit float mono audio", "node.id": "61", "audio.channel": "FL", "port.id": "0", "port.name": "playback_FL", "port.direction": "in", "port.alias": "Dummy Output:playback_FL", "port.group": "stream.0"} }))
2026-07-13T20:17:39+00:00 machine gtk-status-bar[2837]: 2026-07-13T20:17:39.784235Z DEBUG gtk_status_bar::pw: 🚫 Skipping metadata '' (props: Some(DictRef { flags: Flags(0x0), entries: {"object.serial": "88", "object.path": "auto_null:playback_1", "format.dsp": "32 bit float mono audio", "node.id": "61", "audio.channel": "FR", "port.id": "1", "port.name": "playback_FR", "port.direction": "in", "port.alias": "Dummy Output:playback_FR", "port.group": "stream.0"} }))
2026-07-13T20:17:39+00:00 machine gtk-status-bar[2837]: 2026-07-13T20:17:39.784261Z DEBUG gtk_status_bar::pw: 🚫 Skipping metadata '' (props: Some(DictRef { flags: Flags(0x0), entries: {"object.serial": "89", "object.path": "auto_null:monitor_0", "format.dsp": "32 bit float mono audio", "node.id": "61", "audio.channel": "FL", "port.id": "0", "port.name": "monitor_FL", "port.direction": "out", "port.monitor": "true", "port.alias": "Dummy Output:monitor_FL", "port.group": "stream.0"} }))
2026-07-13T20:17:39+00:00 machine gtk-status-bar[2837]: 2026-07-13T20:17:39.784287Z DEBUG gtk_status_bar::pw: 🚫 Skipping metadata '' (props: Some(DictRef { flags: Flags(0x0), entries: {"object.serial": "90", "object.path": "auto_null:monitor_1", "format.dsp": "32 bit float mono audio", "node.id": "61", "audio.channel": "FR", "port.id": "1", "port.name": "monitor_FR", "port.direction": "out", "port.monitor": "true", "port.alias": "Dummy Output:monitor_FR", "port.group": "stream.0"} }))
2026-07-13T20:17:39+00:00 machine gtk-status-bar[2837]: 2026-07-13T20:17:39.784312Z DEBUG gtk_status_bar::pw: 🎛️  NODE PARAM CALLBACK: Dummy Output (5) received Props param
2026-07-13T20:17:39+00:00 machine gtk-status-bar[2837]: 2026-07-13T20:17:39.784334Z DEBUG gtk_status_bar::pw: 🔊 Node 5: Dummy Output - Vol: Some(100)% | Ch: Some(100)% | Mute: Some(false) [CACHING]
2026-07-13T20:17:39+00:00 machine gtk-status-bar[2837]: 2026-07-13T20:17:39.784354Z DEBUG gtk_status_bar::pw: 📝 Updated volume cache for device 5: Dummy Output -> Vol: Some(100)%, Ch: Some(100)%, Mute: Some(false)
2026-07-13T20:17:39+00:00 machine gtk-status-bar[2837]: 2026-07-13T20:17:39.784372Z DEBUG gtk_status_bar::pw: 🎯 Checking if device 5 is default: current_default=Some("Alpha"), node_name=auto_null, is_default=false
2026-07-13T20:17:39+00:00 machine gtk-status-bar[2837]: 2026-07-13T20:17:39.784391Z DEBUG gtk_status_bar::pw: 📊 Cached volume for non-default device 5 (Dummy Output)
2026-07-13T20:17:39+00:00 machine gtk-status-bar[2837]: 2026-07-13T20:17:39.790925Z DEBUG gtk_status_bar::pw: 🎛️  NODE PARAM CALLBACK: Dummy Output (5) received Props param
2026-07-13T20:17:39+00:00 machine gtk-status-bar[2837]: 2026-07-13T20:17:39.790962Z DEBUG gtk_status_bar::pw: 🔊 Node 5: Dummy Output - Vol: Some(100)% | Ch: Some(100)% | Mute: Some(false) [CACHING]
2026-07-13T20:17:39+00:00 machine gtk-status-bar[2837]: 2026-07-13T20:17:39.790982Z DEBUG gtk_status_bar::pw: 📝 Updated volume cache for device 5: Dummy Output -> Vol: Some(100)%, Ch: Some(100)%, Mute: Some(false)
2026-07-13T20:17:39+00:00 machine gtk-status-bar[2837]: 2026-07-13T20:17:39.791002Z DEBUG gtk_status_bar::pw: 🎯 Checking if device 5 is default: current_default=Some("Alpha"), node_name=auto_null, is_default=false
2026-07-13T20:17:39+00:00 machine gtk-status-bar[2837]: 2026-07-13T20:17:39.791021Z DEBUG gtk_status_bar::pw: 📊 Cached volume for non-default device 5 (Dummy Output)
2026-07-13T20:17:39+00:00 machine gtk-status-bar[2837]: 2026-07-13T20:17:39.805294Z DEBUG gtk_status_bar::pw: 📝 metadata.property subject=0 key=Some("default.audio.sink") value=Some("{\"name\":\"auto_null\"}")
2026-07-13T20:17:39+00:00 machine gtk-status-bar[2837]: 2026-07-13T20:17:39.805446Z DEBUG gtk_status_bar::pw: 🔍 Processing metadata property: default.audio.sink={"name":"auto_null"}
2026-07-13T20:17:39+00:00 machine gtk-status-bar[2837]: 2026-07-13T20:17:39.805471Z  INFO gtk_status_bar::pw: 🔄 Default sink -> auto_null
2026-07-13T20:17:39+00:00 machine gtk-status-bar[2837]: 2026-07-13T20:17:39.805487Z DEBUG gtk_status_bar::pw: 🎯 SINK CHANGE: Some("Alpha") -> auto_null (should trigger volume fetch)
2026-07-13T20:17:39+00:00 machine gtk-status-bar[2837]: 2026-07-13T20:17:39.805515Z DEBUG gtk_status_bar::pw: 🗂️ Searching device map for default sink 'auto_null'
2026-07-13T20:17:39+00:00 machine gtk-status-bar[2837]: 2026-07-13T20:17:39.805534Z DEBUG gtk_status_bar::pw: 🗂️ Current device map contents: {5: ("auto_null", "Dummy Output", Some(100), Some(100), Some(false))}
2026-07-13T20:17:39+00:00 machine gtk-status-bar[2837]: 2026-07-13T20:17:39.805553Z DEBUG gtk_status_bar::pw: 🔍 Checking device 5: node_name='auto_null', description='Dummy Output' against default sink 'auto_null'
2026-07-13T20:17:39+00:00 machine gtk-status-bar[2837]: 2026-07-13T20:17:39.805570Z DEBUG gtk_status_bar::pw: 🎯 MATCH! Found device 5 with node_name 'auto_null' matching default sink
2026-07-13T20:17:39+00:00 machine gtk-status-bar[2837]: 2026-07-13T20:17:39.805587Z DEBUG gtk_status_bar::pw: 🎨 Updating GUI label to: 'Dummy Output' with cached volume data
2026-07-13T20:17:39+00:00 machine gtk-status-bar[2837]: 2026-07-13T20:17:39.805607Z DEBUG gtk_status_bar::pw: 💾 Cached volume data: Vol: Some(100)%, Ch: Some(100)%, Mute: Some(false)
2026-07-13T20:17:39+00:00 machine gtk-status-bar[2837]: 2026-07-13T20:17:39.805640Z DEBUG gtk_status_bar::pw: ✅ Sent REAL volume data to GUI: 'Dummy Output' Vol: Some(100)%, Ch: Some(100)%, Mute: Some(false)
2026-07-13T20:17:39+00:00 machine gtk-status-bar[2837]: 2026-07-13T20:17:39.805940Z DEBUG gtk_status_bar::widgets: 📺 GTK UI updated via ASYNC: 🔊D100
2026-07-13T20:17:40+00:00 machine gtk-status-bar[2837]: 2026-07-13T20:17:40.000899Z DEBUG gtk_status_bar::widgets: Updating time label:  8:17 PM
2026-07-13T20:17:40+00:00 machine gtk-status-bar[2837]: 2026-07-13T20:17:40.064750Z DEBUG gtk_status_bar::tray: Tray item property is unavailable property="IconPixmap" error=org.freedesktop.DBus.Error.InvalidArgs: No such property “IconPixmap”
2026-07-13T20:17:40+00:00 machine gtk-status-bar[2837]: 2026-07-13T20:17:40.066767Z DEBUG gtk_status_bar::tray: Tray item property is unavailable property="IconThemePath" error=org.freedesktop.DBus.Error.InvalidArgs: No such property “IconThemePath”
2026-07-13T20:17:40+00:00 machine gtk-status-bar[2837]: 2026-07-13T20:17:40.093656Z DEBUG gtk_status_bar::tray: Tray item property is unavailable property="IconPixmap" error=org.freedesktop.DBus.Error.InvalidArgs: No such property “IconPixmap”
2026-07-13T20:17:40+00:00 machine gtk-status-bar[2837]: 2026-07-13T20:17:40.094621Z DEBUG gtk_status_bar::tray: Tray item property is unavailable property="IconThemePath" error=org.freedesktop.DBus.Error.InvalidArgs: No such property “IconThemePath”
2026-07-13T20:17:40+00:00 machine gtk-status-bar[2837]: 2026-07-13T20:17:40.099819Z DEBUG gtk_status_bar::tray: Tray item property is unavailable property="IconPixmap" error=org.freedesktop.DBus.Error.InvalidArgs: No such property “IconPixmap”
2026-07-13T20:17:40+00:00 machine gtk-status-bar[2837]: 2026-07-13T20:17:40.123066Z DEBUG gtk_status_bar::tray: Tray item property is unavailable property="IconThemePath" error=org.freedesktop.DBus.Error.InvalidArgs: No such property “IconThemePath”
2026-07-13T20:17:40+00:00 machine gtk-status-bar[2837]: 2026-07-13T20:17:40.139812Z DEBUG gtk_status_bar::tray: Tray item property is unavailable property="IconPixmap" error=org.freedesktop.DBus.Error.InvalidArgs: No such property “IconPixmap”
2026-07-13T20:17:40+00:00 machine gtk-status-bar[2837]: 2026-07-13T20:17:40.141018Z DEBUG gtk_status_bar::tray: Tray item property is unavailable property="IconThemePath" error=org.freedesktop.DBus.Error.InvalidArgs: No such property “IconThemePath”
2026-07-13T20:17:40+00:00 machine gtk-status-bar[2837]: 2026-07-13T20:17:40.170504Z DEBUG gtk_status_bar::tray: Tray item property is unavailable property="IconPixmap" error=org.freedesktop.DBus.Error.InvalidArgs: No such property “IconPixmap”
2026-07-13T20:17:40+00:00 machine gtk-status-bar[2837]: 2026-07-13T20:17:40.171398Z DEBUG gtk_status_bar::tray: Tray item property is unavailable property="IconThemePath" error=org.freedesktop.DBus.Error.InvalidArgs: No such property “IconThemePath”
2026-07-13T20:17:40+00:00 machine gtk-status-bar[2837]: 2026-07-13T20:17:40.176925Z DEBUG gtk_status_bar::tray: Tray item property is unavailable property="IconPixmap" error=org.freedesktop.DBus.Error.InvalidArgs: No such property “IconPixmap”
2026-07-13T20:17:40+00:00 machine gtk-status-bar[2837]: 2026-07-13T20:17:40.179245Z DEBUG gtk_status_bar::tray: Tray item property is unavailable property="IconThemePath" error=org.freedesktop.DBus.Error.InvalidArgs: No such property “IconThemePath”
2026-07-13T20:17:40+00:00 machine gtk-status-bar[2837]: 2026-07-13T20:17:40.637985Z DEBUG gtk_status_bar::tray: Tray item property is unavailable property="IconPixmap" error=org.freedesktop.DBus.Error.InvalidArgs: No such property “IconPixmap”
2026-07-13T20:17:40+00:00 machine gtk-status-bar[2837]: 2026-07-13T20:17:40.638837Z DEBUG gtk_status_bar::tray: Tray item property is unavailable property="IconThemePath" error=org.freedesktop.DBus.Error.InvalidArgs: No such property “IconThemePath”
2026-07-13T20:17:40+00:00 machine gtk-status-bar[2837]: 2026-07-13T20:17:40.710226Z DEBUG gtk_status_bar::dbus: Got an event in event stream: Msg { type: Signal, serial: 18, sender: UniqueName(":1.62"), path: ObjectPath("/"), iface: InterfaceName("org.freedesktop.DBus.ObjectManager"), member: MemberName("InterfacesAdded"), body: Structure(Dynamic { fields: [ObjectPath, Dict { key: Dynamic { child: Str }, value: Dynamic { child: Dict { key: Dynamic { child: Str }, value: Dynamic { child: Variant } } } }] }), fds: [] }
2026-07-13T20:17:40+00:00 machine gtk-status-bar[2837]: 2026-07-13T20:17:40.710283Z DEBUG gtk_status_bar::dbus: Dbus monitor: Received D-Bus message from path: Some(ObjectPath("/")), interface: Some(InterfaceName("org.freedesktop.DBus.ObjectManager")), member: Some(MemberName("InterfacesAdded"))
2026-07-13T20:17:40+00:00 machine gtk-status-bar[2837]: 2026-07-13T20:17:40.710305Z  INFO gtk_status_bar::dbus: Dbus monitor: Received signal
2026-07-13T20:17:40+00:00 machine gtk-status-bar[2837]: 2026-07-13T20:17:40.710326Z  INFO gtk_status_bar::dbus: Dbus monitor: Received InterfacesAdded signal from ObjectManager
2026-07-13T20:17:40+00:00 machine gtk-status-bar[2837]: 2026-07-13T20:17:40.710384Z DEBUG gtk_status_bar::dbus: Available interfaces in InterfacesAdded: [Str("org.bluez.Adapter1")]
2026-07-13T20:17:40+00:00 machine gtk-status-bar[2837]: 2026-07-13T20:17:40.710402Z DEBUG gtk_status_bar::dbus: Device1 interface not found in interfaces
2026-07-13T20:17:40+00:00 machine gtk-status-bar[2837]: 2026-07-13T20:17:40.710420Z DEBUG gtk_status_bar::dbus: Not a device with org.bluez.Battery1 interface
2026-07-13T20:17:40+00:00 machine gtk-status-bar[2837]: 2026-07-13T20:17:40.714602Z DEBUG gtk_status_bar::dbus: Got an event in event stream: Msg { type: Signal, serial: 20, sender: UniqueName(":1.62"), path: ObjectPath("/org/bluez/hci0"), iface: InterfaceName("org.freedesktop.DBus.Properties"), member: MemberName("PropertiesChanged"), body: Structure(Dynamic { fields: [Str, Dict { key: Dynamic { child: Str }, value: Dynamic { child: Variant } }, Array(Dynamic { child: Str })] }), fds: [] }
2026-07-13T20:17:40+00:00 machine gtk-status-bar[2837]: 2026-07-13T20:17:40.714637Z DEBUG gtk_status_bar::dbus: Dbus monitor: Received D-Bus message from path: Some(ObjectPath("/org/bluez/hci0")), interface: Some(InterfaceName("org.freedesktop.DBus.Properties")), member: Some(MemberName("PropertiesChanged"))
2026-07-13T20:17:40+00:00 machine gtk-status-bar[2837]: 2026-07-13T20:17:40.714655Z  INFO gtk_status_bar::dbus: Dbus monitor: Received signal
2026-07-13T20:17:40+00:00 machine gtk-status-bar[2837]: 2026-07-13T20:17:40.714671Z  INFO gtk_status_bar::dbus: Dbus monitor: Received PropertiesChanged signal
2026-07-13T20:17:40+00:00 machine gtk-status-bar[2837]: 2026-07-13T20:17:40.714763Z DEBUG gtk_status_bar::dbus: Dbus monitor: Ignored PropertiesChanged for interface: "org.bluez.Adapter1"
2026-07-13T20:17:40+00:00 machine gtk-status-bar[2837]: 2026-07-13T20:17:40.722930Z DEBUG gtk_status_bar::tray: Tray item property is unavailable property="IconPixmap" error=org.freedesktop.DBus.Error.InvalidArgs: No such property “IconPixmap”
2026-07-13T20:17:40+00:00 machine gtk-status-bar[2837]: 2026-07-13T20:17:40.723896Z DEBUG gtk_status_bar::tray: Tray item property is unavailable property="IconThemePath" error=org.freedesktop.DBus.Error.InvalidArgs: No such property “IconThemePath”
2026-07-13T20:17:40+00:00 machine gtk-status-bar[2837]: 2026-07-13T20:17:40.759012Z DEBUG gtk_status_bar::tray: Tray item property is unavailable property="IconPixmap" error=org.freedesktop.DBus.Error.InvalidArgs: No such property “IconPixmap”
2026-07-13T20:17:40+00:00 machine gtk-status-bar[2837]: 2026-07-13T20:17:40.762747Z DEBUG gtk_status_bar::tray: Tray item property is unavailable property="IconThemePath" error=org.freedesktop.DBus.Error.InvalidArgs: No such property “IconThemePath”
2026-07-13T20:17:40+00:00 machine gtk-status-bar[2837]: 2026-07-13T20:17:40.766947Z DEBUG gtk_status_bar::tray: Tray item property is unavailable property="IconPixmap" error=org.freedesktop.DBus.Error.InvalidArgs: No such property “IconPixmap”
2026-07-13T20:17:40+00:00 machine gtk-status-bar[2837]: 2026-07-13T20:17:40.767858Z DEBUG gtk_status_bar::tray: Tray item property is unavailable property="IconThemePath" error=org.freedesktop.DBus.Error.InvalidArgs: No such property “IconThemePath”
2026-07-13T20:17:40+00:00 machine gtk-status-bar[2837]: 2026-07-13T20:17:40.831092Z DEBUG gtk_status_bar::dbus: Got an event in event stream: Msg { type: Signal, serial: 27, sender: UniqueName(":1.62"), path: ObjectPath("/"), iface: InterfaceName("org.freedesktop.DBus.ObjectManager"), member: MemberName("InterfacesAdded"), body: Structure(Dynamic { fields: [ObjectPath, Dict { key: Dynamic { child: Str }, value: Dynamic { child: Dict { key: Dynamic { child: Str }, value: Dynamic { child: Variant } } } }] }), fds: [] }
2026-07-13T20:17:40+00:00 machine gtk-status-bar[2837]: 2026-07-13T20:17:40.831139Z DEBUG gtk_status_bar::dbus: Dbus monitor: Received D-Bus message from path: Some(ObjectPath("/")), interface: Some(InterfaceName("org.freedesktop.DBus.ObjectManager")), member: Some(MemberName("InterfacesAdded"))
2026-07-13T20:17:40+00:00 machine gtk-status-bar[2837]: 2026-07-13T20:17:40.831161Z  INFO gtk_status_bar::dbus: Dbus monitor: Received signal
2026-07-13T20:17:40+00:00 machine gtk-status-bar[2837]: 2026-07-13T20:17:40.831180Z  INFO gtk_status_bar::dbus: Dbus monitor: Received InterfacesAdded signal from ObjectManager
2026-07-13T20:17:40+00:00 machine gtk-status-bar[2837]: 2026-07-13T20:17:40.831251Z DEBUG gtk_status_bar::dbus: Available interfaces in InterfacesAdded: [Str("org.bluez.Device1")]
2026-07-13T20:17:40+00:00 machine gtk-status-bar[2837]: 2026-07-13T20:17:40.831312Z DEBUG gtk_status_bar::dbus: Found Device1 interface properties: Dict { map: {Str("Adapter"): Value(ObjectPath(ObjectPath("/org/bluez/hci0"))), Str("Address"): Value(Str("AA:BB:CC:DD:EE:09")), Str("AddressType"): Value(Str("public")), Str("AdvertisingData"): Value(Array(Array { elements: [], signature: Array(Dynamic { child: Dict { key: Dynamic { child: U8 }, value: Dynamic { child: Variant } } }) })), Str("AdvertisingFlags"): Value(Array(Array { elements: [], signature: Array(Dynamic { child: Array(Dynamic { child: U8 }) }) })), Str("Alias"): Value(Str("Recovery Buds")), Str("Appearance"): Value(U16(0)), Str("Blocked"): Value(Bool(false)), Str("Class"): Value(U32(5898764)), Str("Connected"): Value(Bool(false)), Str("Icon"): Value(Str("phone")), Str("LegacyPairing"): Value(Bool(false)), Str("ManufacturerData"): Value(Array(Array { elements: [], signature: Array(Dynamic { child: Dict { key: Dynamic { child: U16 }, value: Dynamic { child: Variant } } }) })), Str("Modalias"): Value(Str("bluetooth:v000Fp1200d1436")), Str("Name"): Value(Str("Recovery Buds")), Str("Paired"): Value(Bool(false)), Str("RSSI"): Value(I16(-79)), Str("ServiceData"): Value(Array(Array { elements: [], signature: Array(Dynamic { child: Dict { key: Dynamic { child: Str }, value: Dynamic { child: Variant } } }) })), Str("ServicesResolved"): Value(Bool(false)), Str("Trusted"): Value(Bool(false)), Str("TxPower"): Value(I16(0)), Str("UUIDs"): Value(Array(Array { elements: [], signature: Array(Dynamic { child: Str }) })), Str("WakeAllowed"): Value(Bool(false))}, signature: Dict { key: Dynamic { child: Str }, value: Dynamic { child: Variant } } }
2026-07-13T20:17:40+00:00 machine gtk-status-bar[2837]: 2026-07-13T20:17:40.831357Z DEBUG gtk_status_bar::dbus: Found Bluetooth device name: Recovery Buds
2026-07-13T20:17:40+00:00 machine gtk-status-bar[2837]: 2026-07-13T20:17:40.831382Z  INFO gtk_status_bar::dbus: Created new device /org/bluez/hci0/dev_AA_BB_CC_DD_EE_09 with name: Some("Recovery Buds")
2026-07-13T20:17:40+00:00 machine gtk-status-bar[2837]: 2026-07-13T20:17:40.831406Z DEBUG gtk_status_bar::dbus: Not a device with org.bluez.Battery1 interface
2026-07-13T20:17:40+00:00 machine gtk-status-bar[2837]: 2026-07-13T20:17:40.831596Z DEBUG gtk_status_bar::widgets: Updating Bluetooth battery label:
2026-07-13T20:17:40+00:00 machine gtk-status-bar[2837]: 2026-07-13T20:17:40.831621Z DEBUG gtk_status_bar::widgets: 🙈 HIDING Bluetooth widget - no devices
2026-07-13T20:17:40+00:00 machine gtk-status-bar[2837]: 2026-07-13T20:17:40.930190Z  INFO gtk_status_bar::network: Network reachability probe completed target=198.51.100.1 success=false elapsed_ms=52
2026-07-13T20:17:40+00:00 machine gtk-status-bar[2837]: 2026-07-13T20:17:40.930239Z DEBUG gtk_status_bar::network: Sent network update label="\u{f091f} 28% \u{f0ac}"
2026-07-13T20:17:40+00:00 machine gtk-status-bar[2837]: 2026-07-13T20:17:40.930417Z DEBUG gtk_status_bar::widgets: Updating network label: 󰤟 28% 
2026-07-13T20:17:41+00:00 machine gtk-status-bar[2837]: 2026-07-13T20:17:41.001974Z DEBUG gtk_status_bar::widgets: Updating time label:  8:17 PM
2026-07-13T20:17:41+00:00 machine gtk-status-bar[3220]: 2026-07-13T20:17:41.399096Z  INFO gtk_status_bar: Starting GTK status bar application
2026-07-13T20:17:41+00:00 machine gtk-status-bar[3220]: 2026-07-13T20:17:41.401767Z  INFO gtk_status_bar: Running GTK application
2026-07-13T20:17:43+00:00 machine gtk-status-bar[3220]: 2026-07-13T20:17:43.181824Z  INFO gtk_status_bar: Activating GTK application
2026-07-13T20:17:43+00:00 machine gtk-status-bar[3220]: 2026-07-13T20:17:43.185978Z DEBUG gtk_status_bar::widgets: Loading CSS styles
2026-07-13T20:17:43+00:00 machine gtk-status-bar[3220]: 2026-07-13T20:17:43.189849Z  INFO gtk_status_bar::widgets: CSS styles loaded successfully
2026-07-13T20:17:43+00:00 machine gtk-status-bar[3220]: 2026-07-13T20:17:43.189887Z DEBUG gtk_status_bar::widgets: Configuring layer shell
2026-07-13T20:17:43+00:00 machine gtk-status-bar[3220]: 2026-07-13T20:17:43.198948Z  INFO gtk_status_bar::widgets: Layer shell configured successfully
2026-07-13T20:17:43+00:00 machine gtk-status-bar[3220]: 2026-07-13T20:17:43.198986Z DEBUG gtk_status_bar::widgets: Creating experimental bar
2026-07-13T20:17:43+00:00 machine gtk-status-bar[3220]: 2026-07-13T20:17:43.199127Z DEBUG gtk_status_bar::widgets: Creating left group
2026-07-13T20:17:43+00:00 machine gtk-status-bar[3220]: 2026-07-13T20:17:43.209666Z DEBUG gtk_status_bar::widgets: Creating workspace widget
2026-07-13T20:17:43+00:00 machine gtk-status-bar[3220]: 2026-07-13T20:17:43.210159Z DEBUG gtk_status_bar::widgets: Creating title widget
2026-07-13T20:17:43+00:00 machine gtk-status-bar[3220]: 2026-07-13T20:17:43.210351Z DEBUG gtk_status_bar::widgets: Creating right group
2026-07-13T20:17:43+00:00 machine gtk-status-bar[3220]: 2026-07-13T20:17:43.210385Z DEBUG gtk_status_bar::widgets: Creating system tray widget
2026-07-13T20:17:43+00:00 machine gtk-status-bar[3220]: 2026-07-13T20:17:43.210412Z DEBUG gtk_status_bar::widgets: Creating bluetooth widget
2026-07-13T20:17:43+00:00 machine gtk-status-bar[3220]: 2026-07-13T20:17:43.210452Z DEBUG gtk_status_bar::widgets: Creating volume widget
2026-07-13T20:17:43+00:00 machine gtk-status-bar[3220]: 2026-07-13T20:17:43.210506Z DEBUG gtk_status_bar::widgets: Creating network widget
2026-07-13T20:17:43+00:00 machine gtk-status-bar[3220]: 2026-07-13T20:17:43.210550Z DEBUG gtk_status_bar::widgets: Creating battery widget
2026-07-13T20:17:43+00:00 machine gtk-status-bar[3220]: 2026-07-13T20:17:43.210592Z DEBUG gtk_status_bar::widgets: Creating time widget
2026-07-13T20:17:43+00:00 machine gtk-status-bar[3220]: 2026-07-13T20:17:43.890385Z DEBUG gtk_status_bar::widgets: Setting up time widget updates
2026-07-13T20:17:43+00:00 machine gtk-status-bar[3220]: 2026-07-13T20:17:43.890461Z DEBUG gtk_status_bar::widgets: Updating time label:  8:17 PM
2026-07-13T20:17:43+00:00 machine gtk-status-bar[3220]: 2026-07-13T20:17:43.890523Z DEBUG gtk_status_bar::widgets: Setting up system tray updates
2026-07-13T20:17:43+00:00 machine gtk-status-bar[3220]: 2026-07-13T20:17:43.890573Z DEBUG gtk_status_bar::widgets: Setting up workspace updates
2026-07-13T20:17:43+00:00 machine gtk-status-bar[3220]: 2026-07-13T20:17:43.890615Z DEBUG gtk_status_bar::widgets: Setting up title updates
2026-07-13T20:17:43+00:00 machine gtk-status-bar[3220]: 2026-07-13T20:17:43.890658Z DEBUG gtk_status_bar::widgets: Setting up battery updates
2026-07-13T20:17:43+00:00 machine gtk-status-bar[3220]: 2026-07-13T20:17:43.890773Z DEBUG gtk_status_bar::widgets: Setting up Bluetooth battery updates
2026-07-13T20:17:43+00:00 machine gtk-status-bar[3220]: 2026-07-13T20:17:43.890817Z DEBUG gtk_status_bar::widgets: Setting up network updates
2026-07-13T20:17:43+00:00 machine gtk-status-bar[3220]: 2026-07-13T20:17:43.890857Z DEBUG gtk_status_bar::widgets: Setting up volume updates with tokio async channels
2026-07-13T20:17:43+00:00 machine gtk-status-bar[3220]: 2026-07-13T20:17:43.891056Z  INFO gtk_status_bar: Application activated successfully
2026-07-13T20:17:43+00:00 machine gtk-status-bar[3220]: 2026-07-13T20:17:43.891135Z  INFO gtk_status_bar::hypr: 🔌 Starting workspace event listener
2026-07-13T20:17:43+00:00 machine gtk-status-bar[3220]: 2026-07-13T20:17:43.891158Z DEBUG gtk_status_bar::hypr: Setting up workspace event listener
2026-07-13T20:17:43+00:00 machine gtk-status-bar[3220]: 2026-07-13T20:17:43.891247Z  INFO gtk_status_bar::hypr: 🔌 Starting title event listener
2026-07-13T20:17:43+00:00 machine gtk-status-bar[3220]: 2026-07-13T20:17:43.891268Z DEBUG gtk_status_bar::hypr: Setting up title event listener
2026-07-13T20:17:43+00:00 machine gtk-status-bar[3220]: 2026-07-13T20:17:43.891283Z DEBUG gtk_status_bar::hypr: Fetching initial title state
2026-07-13T20:17:43+00:00 machine gtk-status-bar[3220]: 2026-07-13T20:17:43.891326Z  INFO gtk_status_bar::dbus: 🔌 Starting D-Bus monitor
2026-07-13T20:17:43+00:00 machine gtk-status-bar[3220]: 2026-07-13T20:17:43.891344Z  INFO gtk_status_bar::dbus: Starting D-Bus monitoring task
2026-07-13T20:17:43+00:00 machine gtk-status-bar[3220]: 2026-07-13T20:17:43.891572Z  INFO gtk_status_bar::network: Starting network monitor
2026-07-13T20:17:43+00:00 machine gtk-status-bar[3220]: 2026-07-13T20:17:43.891624Z DEBUG gtk_status_bar::widgets: 🚀 Starting async volume update loop...
2026-07-13T20:17:43+00:00 machine gtk-status-bar[3220]: 2026-07-13T20:17:43.891753Z  INFO gtk_status_bar: Starting tray IPC server
2026-07-13T20:17:43+00:00 machine gtk-status-bar[3220]: 2026-07-13T20:17:43.891627Z  INFO gtk_status_bar::tray: 🔌 Starting system tray backend
2026-07-13T20:17:43+00:00 machine gtk-status-bar[3220]: 2026-07-13T20:17:43.893828Z DEBUG gtk_status_bar::hypr: Initial title state title="Close OS window" class="kitty"
2026-07-13T20:17:43+00:00 machine gtk-status-bar[3220]: 2026-07-13T20:17:43.893873Z  INFO gtk_status_bar::hypr: Starting title event listener
2026-07-13T20:17:43+00:00 machine gtk-status-bar[3220]: 2026-07-13T20:17:43.893949Z  INFO gtk_status_bar::hypr: Starting workspace event listener
2026-07-13T20:17:43+00:00 machine gtk-status-bar[3220]: 2026-07-13T20:17:43.909001Z DEBUG gtk_status_bar::pw: 🔧 Initializing PipeWire on dedicated thread...
2026-07-13T20:17:43+00:00 machine gtk-status-bar[3220]: 2026-07-13T20:17:43.909040Z DEBUG gtk_status_bar::pw: 📋 Created device tracking HashMap for (node_name, description, volume, channel, mute)
2026-07-13T20:17:43+00:00 machine gtk-status-bar[3220]: 2026-07-13T20:17:43.919392Z  INFO tray_ipc: Tray IPC server is listening path=/run/user/1000/gtk-status-bar/tray.sock
2026-07-13T20:17:43+00:00 machine gtk-status-bar[3220]: 2026-07-13T20:17:43.923376Z DEBUG gtk_status_bar::pw: ✅ PipeWire initialized
2026-07-13T20:17:43+00:00 machine gtk-status-bar[3220]: 2026-07-13T20:17:43.923445Z DEBUG gtk_status_bar::pw: ✅ ThreadLoop created
2026-07-13T20:17:43+00:00 machine gtk-status-bar[3220]: 2026-07-13T20:17:43.933516Z DEBUG gtk_status_bar::widgets: Updating workspace - label: 'Workspace i', color for workspace: 2
2026-07-13T20:17:43+00:00 machine gtk-status-bar[3220]: 2026-07-13T20:17:43.933620Z DEBUG gtk_status_bar::widgets: Updated title widget color to: rgba(125, 207, 255, 0.5) for workspace: 2
2026-07-13T20:17:43+00:00 machine gtk-status-bar[3220]: 2026-07-13T20:17:43.933756Z DEBUG gtk_status_bar::widgets: Updating title widget title="Close OS window" class="kitty"
2026-07-13T20:17:43+00:00 machine gtk-status-bar[3220]: 2026-07-13T20:17:43.947552Z  INFO gtk_status_bar::tray: Serving StatusNotifierWatcher for tray applications
2026-07-13T20:17:43+00:00 machine gtk-status-bar[3220]: 2026-07-13T20:17:43.952165Z DEBUG gtk_status_bar::dbus: 🔌 Registered battery match rule
2026-07-13T20:17:43+00:00 machine gtk-status-bar[3220]: 2026-07-13T20:17:43.952606Z DEBUG gtk_status_bar::dbus: 🔌 Registered bluez PropertiesChanged match rule
2026-07-13T20:17:43+00:00 machine gtk-status-bar[3220]: 2026-07-13T20:17:43.952889Z DEBUG gtk_status_bar::dbus: 🔌 Registered bluez InterfacesAdded match rule
2026-07-13T20:17:43+00:00 machine gtk-status-bar[3220]: 2026-07-13T20:17:43.953149Z DEBUG gtk_status_bar::dbus: 🔌 Registered bluez InterfacesRemoved match rule
2026-07-13T20:17:43+00:00 machine gtk-status-bar[3220]: 2026-07-13T20:17:43.954991Z  INFO gtk_status_bar::dbus: Battery is discharging (state: 2)
2026-07-13T20:17:43+00:00 machine gtk-status-bar[3220]: 2026-07-13T20:17:43.955020Z  INFO gtk_status_bar::dbus: Battery is at 55.0%
2026-07-13T20:17:43+00:00 machine gtk-status-bar[3220]: 2026-07-13T20:17:43.958115Z  INFO gtk_status_bar::dbus: Found 3 Bluetooth objects
2026-07-13T20:17:43+00:00 machine gtk-status-bar[3220]: 2026-07-13T20:17:43.958154Z  INFO gtk_status_bar::dbus: Found Bluetooth device with battery at: /org/bluez/hci0/dev_AA_BB_CC_DD_EE_09
2026-07-13T20:17:43+00:00 machine gtk-status-bar[3220]: 2026-07-13T20:17:43.958259Z  INFO gtk_status_bar::dbus: Bluetooth device battery at 65%
2026-07-13T20:17:43+00:00 machine gtk-status-bar[3220]: 2026-07-13T20:17:43.958280Z DEBUG gtk_status_bar::dbus: Added device /org/bluez/hci0/dev_AA_BB_CC_DD_EE_09 to HashMap (has_battery: true, has_media: false)
2026-07-13T20:17:43+00:00 machine gtk-status-bar[3220]: 2026-07-13T20:17:43.958311Z DEBUG gtk_status_bar::dbus: Initial bluetooth devices: {"/org/bluez/hci0/dev_AA_BB_CC_DD_EE_09": BluetoothDevice { has_battery: true, has_media: false, battery_percentage: Some(65), device_name: Some("Recovery Buds") }}
2026-07-13T20:17:43+00:00 machine gtk-status-bar[3220]: 2026-07-13T20:17:43.958342Z  INFO gtk_status_bar::dbus: Sent initial Bluetooth display: R65
2026-07-13T20:17:43+00:00 machine gtk-status-bar[3220]: 2026-07-13T20:17:43.958361Z  INFO gtk_status_bar::dbus: Dbus monitor: Starting to listen for D-Bus messages
2026-07-13T20:17:43+00:00 machine gtk-status-bar[3220]: 2026-07-13T20:17:43.958380Z DEBUG gtk_status_bar::dbus: Got an event in event stream: Msg { type: MethodReturn, serial: 9, sender: UniqueName(":1.61"), reply-serial: 26, body: Variant, fds: [] }
2026-07-13T20:17:43+00:00 machine gtk-status-bar[3220]: 2026-07-13T20:17:43.958402Z DEBUG gtk_status_bar::dbus: Dbus monitor: Received D-Bus message from path: None, interface: None, member: None
2026-07-13T20:17:43+00:00 machine gtk-status-bar[3220]: 2026-07-13T20:17:43.958427Z ERROR gtk_status_bar::dbus: Dbus monitor: Received message with no path, ignoring
2026-07-13T20:17:43+00:00 machine gtk-status-bar[3220]: 2026-07-13T20:17:43.958446Z DEBUG gtk_status_bar::dbus: Got an event in event stream: Msg { type: MethodReturn, serial: 10, sender: UniqueName(":1.61"), reply-serial: 27, body: Variant, fds: [] }
2026-07-13T20:17:44+00:00 machine gtk-status-bar[3220]: 2026-07-13T20:17:43.958466Z DEBUG gtk_status_bar::dbus: Dbus monitor: Received D-Bus message from path: None, interface: None, member: None
2026-07-13T20:17:44+00:00 machine gtk-status-bar[3220]: 2026-07-13T20:17:43.958483Z ERROR gtk_status_bar::dbus: Dbus monitor: Received message with no path, ignoring
2026-07-13T20:17:44+00:00 machine gtk-status-bar[3220]: 2026-07-13T20:17:43.958521Z DEBUG gtk_status_bar::dbus: Got an event in event stream: Msg { type: MethodReturn, serial: 33, sender: UniqueName(":1.62"), reply-serial: 28, body: Dict { key: Dynamic { child: ObjectPath }, value: Dynamic { child: Dict { key: Dynamic { child: Str }, value: Dynamic { child: Dict { key: Dynamic { child: Str }, value: Dynamic { child: Variant } } } } } }, fds: [] }
2026-07-13T20:17:44+00:00 machine gtk-status-bar[3220]: 2026-07-13T20:17:43.958543Z DEBUG gtk_status_bar::dbus: Dbus monitor: Received D-Bus message from path: None, interface: None, member: None
2026-07-13T20:17:44+00:00 machine gtk-status-bar[3220]: 2026-07-13T20:17:43.958560Z ERROR gtk_status_bar::dbus: Dbus monitor: Received message with no path, ignoring
2026-07-13T20:17:44+00:00 machine gtk-status-bar[3220]: 2026-07-13T20:17:43.977560Z DEBUG gtk_status_bar::network: Sent network update label="\u{f091f} 28% ?"
2026-07-13T20:17:44+00:00 machine gtk-status-bar[3220]: 2026-07-13T20:17:43.986343Z DEBUG gtk_status_bar::pw: ✅ Context created
2026-07-13T20:17:44+00:00 machine gtk-status-bar[3220]: 2026-07-13T20:17:43.986580Z DEBUG gtk_status_bar::pw: ✅ Core connected
2026-07-13T20:17:44+00:00 machine gtk-status-bar[3220]: 2026-07-13T20:17:43.986600Z DEBUG gtk_status_bar::pw: ✅ Registry obtained
2026-07-13T20:17:44+00:00 machine gtk-status-bar[3220]: 2026-07-13T20:17:43.986619Z DEBUG gtk_status_bar::pw: 🎵 PipeWire ThreadLoop started - monitoring volume changes with default sink filtering
2026-07-13T20:17:44+00:00 machine gtk-status-bar[3220]: 2026-07-13T20:17:43.986817Z DEBUG gtk_status_bar::pw: ✅ ThreadLoop started successfully
2026-07-13T20:17:44+00:00 machine gtk-status-bar[3220]: 2026-07-13T20:17:43.986834Z DEBUG gtk_status_bar::pw: 🔄 PipeWire thread running - async event delivery active...
2026-07-13T20:17:44+00:00 machine gtk-status-bar[3220]: 2026-07-13T20:17:43.987663Z DEBUG gtk_status_bar::pw: 📡 PipeWire connected: pipewire-0
2026-07-13T20:17:44+00:00 machine gtk-status-bar[3220]: 2026-07-13T20:17:43.987780Z DEBUG gtk_status_bar::pw: 🚫 Skipping metadata '' (props: Some(DictRef { flags: Flags(0x0), entries: {"object.serial": "0", "core.name": "pipewire-0"} }))
2026-07-13T20:17:44+00:00 machine gtk-status-bar[3220]: 2026-07-13T20:17:43.987806Z DEBUG gtk_status_bar::pw: 🚫 Skipping metadata '' (props: Some(DictRef { flags: Flags(0x0), entries: {"object.serial": "1", "module.name": "libpipewire-module-rt"} }))
2026-07-13T20:17:44+00:00 machine gtk-status-bar[3220]: 2026-07-13T20:17:43.987828Z DEBUG gtk_status_bar::pw: 🚫 Skipping metadata '' (props: Some(DictRef { flags: Flags(0x0), entries: {"object.serial": "3"} }))
2026-07-13T20:17:44+00:00 machine gtk-status-bar[3220]: 2026-07-13T20:17:43.987849Z DEBUG gtk_status_bar::pw: 🚫 Skipping metadata '' (props: Some(DictRef { flags: Flags(0x0), entries: {"object.serial": "2", "module.name": "libpipewire-module-protocol-native"} }))
2026-07-13T20:17:44+00:00 machine gtk-status-bar[3220]: 2026-07-13T20:17:43.987872Z DEBUG gtk_status_bar::pw: 🚫 Skipping metadata '' (props: Some(DictRef { flags: Flags(0x0), entries: {"object.serial": "5"} }))
2026-07-13T20:17:44+00:00 machine gtk-status-bar[3220]: 2026-07-13T20:17:43.987892Z DEBUG gtk_status_bar::pw: 🚫 Skipping metadata '' (props: Some(DictRef { flags: Flags(0x0), entries: {"object.serial": "4", "module.name": "libpipewire-module-profiler"} }))
2026-07-13T20:17:44+00:00 machine gtk-status-bar[3220]: 2026-07-13T20:17:43.987914Z DEBUG gtk_status_bar::pw: 🚫 Skipping metadata '' (props: Some(DictRef { flags: Flags(0x0), entries: {"object.serial": "6", "module.name": "libpipewire-module-metadata"} }))
2026-07-13T20:17:44+00:00 machine gtk-status-bar[3220]: 2026-07-13T20:17:43.987936Z DEBUG gtk_status_bar::pw: 🚫 Skipping metadata '' (props: Some(DictRef { flags: Flags(0x0), entries: {"object.serial": "7", "module.id": "6", "factory.name": "metadata", "factory.type.name": "PipeWire:Interface:Metadata", "factory.type.version": "3"} }))
2026-07-13T20:17:44+00:00 machine gtk-status-bar[3220]: 2026-07-13T20:17:43.987959Z DEBUG gtk_status_bar::pw: 🚫 Skipping metadata '' (props: Some(DictRef { flags: Flags(0x0), entries: {"object.serial": "8", "module.name": "libpipewire-module-spa-device-factory"} }))
2026-07-13T20:17:44+00:00 machine gtk-status-bar[3220]: 2026-07-13T20:17:43.987980Z DEBUG gtk_status_bar::pw: 🚫 Skipping metadata '' (props: Some(DictRef { flags: Flags(0x0), entries: {"object.serial": "9", "module.id": "8", "factory.name": "spa-device-factory", "factory.type.name": "PipeWire:Interface:Device", "factory.type.version": "3"} }))
2026-07-13T20:17:44+00:00 machine gtk-status-bar[3220]: 2026-07-13T20:17:43.988002Z DEBUG gtk_status_bar::pw: 🚫 Skipping metadata '' (props: Some(DictRef { flags: Flags(0x0), entries: {"object.serial": "10", "module.name": "libpipewire-module-spa-node-factory"} }))
2026-07-13T20:17:44+00:00 machine gtk-status-bar[3220]: 2026-07-13T20:17:43.988024Z DEBUG gtk_status_bar::pw: 🚫 Skipping metadata '' (props: Some(DictRef { flags: Flags(0x0), entries: {"object.serial": "11", "module.id": "10", "factory.name": "spa-node-factory", "factory.type.name": "PipeWire:Interface:Node", "factory.type.version": "3"} }))
2026-07-13T20:17:44+00:00 machine gtk-status-bar[3220]: 2026-07-13T20:17:43.988045Z DEBUG gtk_status_bar::pw: 🚫 Skipping metadata '' (props: Some(DictRef { flags: Flags(0x0), entries: {"object.serial": "12", "module.name": "libpipewire-module-client-node"} }))
2026-07-13T20:17:44+00:00 machine gtk-status-bar[3220]: 2026-07-13T20:17:43.988067Z DEBUG gtk_status_bar::pw: 🚫 Skipping metadata '' (props: Some(DictRef { flags: Flags(0x0), entries: {"object.serial": "13", "module.id": "12", "factory.name": "client-node", "factory.type.name": "PipeWire:Interface:ClientNode", "factory.type.version": "6"} }))
2026-07-13T20:17:44+00:00 machine gtk-status-bar[3220]: 2026-07-13T20:17:43.988089Z DEBUG gtk_status_bar::pw: 🚫 Skipping metadata '' (props: Some(DictRef { flags: Flags(0x0), entries: {"object.serial": "14", "module.name": "libpipewire-module-client-device"} }))
2026-07-13T20:17:44+00:00 machine gtk-status-bar[3220]: 2026-07-13T20:17:43.988110Z DEBUG gtk_status_bar::pw: 🚫 Skipping metadata '' (props: Some(DictRef { flags: Flags(0x0), entries: {"object.serial": "15", "module.id": "14", "factory.name": "client-device", "factory.type.name": "Spa:Pointer:Interface:Device", "factory.type.version": "0"} }))
2026-07-13T20:17:44+00:00 machine gtk-status-bar[3220]: 2026-07-13T20:17:43.988132Z DEBUG gtk_status_bar::pw: 🚫 Skipping metadata '' (props: Some(DictRef { flags: Flags(0x0), entries: {"object.serial": "16", "module.name": "libpipewire-module-portal"} }))
2026-07-13T20:17:44+00:00 machine gtk-status-bar[3220]: 2026-07-13T20:17:43.988153Z DEBUG gtk_status_bar::pw: 🚫 Skipping metadata '' (props: Some(DictRef { flags: Flags(0x0), entries: {"object.serial": "17", "module.name": "libpipewire-module-access"} }))
2026-07-13T20:17:44+00:00 machine gtk-status-bar[3220]: 2026-07-13T20:17:43.988174Z DEBUG gtk_status_bar::pw: 🚫 Skipping metadata '' (props: Some(DictRef { flags: Flags(0x0), entries: {"object.serial": "18", "module.name": "libpipewire-module-adapter"} }))
2026-07-13T20:17:44+00:00 machine gtk-status-bar[3220]: 2026-07-13T20:17:43.988197Z DEBUG gtk_status_bar::pw: 🚫 Skipping metadata '' (props: Some(DictRef { flags: Flags(0x0), entries: {"object.serial": "19", "module.id": "18", "factory.name": "adapter", "factory.type.name": "PipeWire:Interface:Node", "factory.type.version": "3"} }))
2026-07-13T20:17:44+00:00 machine gtk-status-bar[3220]: 2026-07-13T20:17:43.988217Z DEBUG gtk_status_bar::pw: 🚫 Skipping metadata '' (props: Some(DictRef { flags: Flags(0x0), entries: {"object.serial": "20", "module.name": "libpipewire-module-link-factory"} }))
2026-07-13T20:17:44+00:00 machine gtk-status-bar[3220]: 2026-07-13T20:17:43.988236Z DEBUG gtk_status_bar::pw: 🚫 Skipping metadata '' (props: Some(DictRef { flags: Flags(0x0), entries: {"object.serial": "21", "module.id": "20", "factory.name": "link-factory", "factory.type.name": "PipeWire:Interface:Link", "factory.type.version": "3"} }))
2026-07-13T20:17:44+00:00 machine gtk-status-bar[3220]: 2026-07-13T20:17:43.988256Z DEBUG gtk_status_bar::pw: 🚫 Skipping metadata '' (props: Some(DictRef { flags: Flags(0x0), entries: {"object.serial": "22", "module.name": "libpipewire-module-session-manager"} }))
2026-07-13T20:17:44+00:00 machine gtk-status-bar[3220]: 2026-07-13T20:17:43.988276Z DEBUG gtk_status_bar::pw: 🚫 Skipping metadata '' (props: Some(DictRef { flags: Flags(0x0), entries: {"object.serial": "23", "module.id": "22", "factory.name": "client-endpoint", "factory.type.name": "PipeWire:Interface:ClientEndpoint", "factory.type.version": "0"} }))
2026-07-13T20:17:44+00:00 machine gtk-status-bar[3220]: 2026-07-13T20:17:43.988299Z DEBUG gtk_status_bar::pw: 🚫 Skipping metadata '' (props: Some(DictRef { flags: Flags(0x0), entries: {"object.serial": "24", "module.id": "22", "factory.name": "client-session", "factory.type.name": "PipeWire:Interface:ClientSession", "factory.type.version": "0"} }))
2026-07-13T20:17:44+00:00 machine gtk-status-bar[3220]: 2026-07-13T20:17:43.988320Z DEBUG gtk_status_bar::pw: 🚫 Skipping metadata '' (props: Some(DictRef { flags: Flags(0x0), entries: {"object.serial": "25", "module.id": "22", "factory.name": "session", "factory.type.name": "PipeWire:Interface:Session", "factory.type.version": "0"} }))
2026-07-13T20:17:44+00:00 machine gtk-status-bar[3220]: 2026-07-13T20:17:43.988342Z DEBUG gtk_status_bar::pw: 🚫 Skipping metadata '' (props: Some(DictRef { flags: Flags(0x0), entries: {"object.serial": "26", "module.id": "22", "factory.name": "endpoint", "factory.type.name": "PipeWire:Interface:Endpoint", "factory.type.version": "0"} }))
2026-07-13T20:17:44+00:00 machine gtk-status-bar[3220]: 2026-07-13T20:17:43.988366Z DEBUG gtk_status_bar::pw: 🚫 Skipping metadata '' (props: Some(DictRef { flags: Flags(0x0), entries: {"object.serial": "27", "module.id": "22", "factory.name": "endpoint-stream", "factory.type.name": "PipeWire:Interface:EndpointStream", "factory.type.version": "0"} }))
2026-07-13T20:17:44+00:00 machine gtk-status-bar[3220]: 2026-07-13T20:17:43.988388Z DEBUG gtk_status_bar::pw: 🚫 Skipping metadata '' (props: Some(DictRef { flags: Flags(0x0), entries: {"object.serial": "28", "module.id": "22", "factory.name": "endpoint-link", "factory.type.name": "PipeWire:Interface:EndpointLink", "factory.type.version": "0"} }))
2026-07-13T20:17:44+00:00 machine gtk-status-bar[3220]: 2026-07-13T20:17:43.988409Z DEBUG gtk_status_bar::pw: 🚫 Skipping metadata '' (props: Some(DictRef { flags: Flags(0x0), entries: {"object.serial": "29", "module.name": "libpipewire-module-x11-bell"} }))
2026-07-13T20:17:44+00:00 machine gtk-status-bar[3220]: 2026-07-13T20:17:43.988429Z DEBUG gtk_status_bar::pw: 🚫 Skipping metadata '' (props: Some(DictRef { flags: Flags(0x0), entries: {"object.serial": "30", "module.name": "libpipewire-module-jackdbus-detect"} }))
2026-07-13T20:17:44+00:00 machine gtk-status-bar[3220]: 2026-07-13T20:17:43.988450Z DEBUG gtk_status_bar::pw: 🚫 Skipping metadata '' (props: Some(DictRef { flags: Flags(0x0), entries: {"object.serial": "31", "factory.id": "11", "priority.driver": "200000", "node.name": "Dummy-Driver"} }))
2026-07-13T20:17:44+00:00 machine gtk-status-bar[3220]: 2026-07-13T20:17:43.988471Z DEBUG gtk_status_bar::pw: 🔍 Checking node - media.class: None
2026-07-13T20:17:44+00:00 machine gtk-status-bar[3220]: 2026-07-13T20:17:43.988489Z DEBUG gtk_status_bar::pw: 🔍 Node filter result: false for media.class: None
2026-07-13T20:17:44+00:00 machine gtk-status-bar[3220]: 2026-07-13T20:17:43.988519Z DEBUG gtk_status_bar::pw: 🚫 Skipping metadata '' (props: Some(DictRef { flags: Flags(0x0), entries: {"object.serial": "32", "factory.id": "11", "priority.driver": "190000", "node.name": "Freewheel-Driver"} }))
2026-07-13T20:17:44+00:00 machine gtk-status-bar[3220]: 2026-07-13T20:17:43.988539Z DEBUG gtk_status_bar::pw: 🔍 Checking node - media.class: None
2026-07-13T20:17:44+00:00 machine gtk-status-bar[3220]: 2026-07-13T20:17:43.988557Z DEBUG gtk_status_bar::pw: 🔍 Node filter result: false for media.class: None
2026-07-13T20:17:44+00:00 machine gtk-status-bar[3220]: 2026-07-13T20:17:43.988576Z DEBUG gtk_status_bar::pw: 🚫 Skipping metadata 'settings' (props: Some(DictRef { flags: Flags(0x0), entries: {"object.serial": "33", "metadata.name": "settings"} }))
2026-07-13T20:17:44+00:00 machine gtk-status-bar[3220]: 2026-07-13T20:17:43.988597Z DEBUG gtk_status_bar::pw: 🚫 Skipping metadata '' (props: Some(DictRef { flags: Flags(0x0), entries: {"object.serial": "34", "module.id": "2", "pipewire.protocol": "protocol-native", "pipewire.sec.pid": "1287", "pipewire.sec.uid": "1000", "pipewire.sec.gid": "100", "pipewire.sec.socket": "pipewire-0", "application.name": ".xdg-desktop-portal-wrapped", "pipewire.access": "unrestricted"} }))
2026-07-13T20:17:44+00:00 machine gtk-status-bar[3220]: 2026-07-13T20:17:43.988620Z DEBUG gtk_status_bar::pw: 🚫 Skipping metadata '' (props: Some(DictRef { flags: Flags(0x0), entries: {"object.serial": "35", "module.id": "2", "pipewire.protocol": "protocol-native", "pipewire.sec.pid": "1363", "pipewire.sec.uid": "1000", "pipewire.sec.gid": "100", "pipewire.sec.socket": "pipewire-0-manager", "application.name": "WirePlumber", "pipewire.access": "unrestricted"} }))
2026-07-13T20:17:44+00:00 machine gtk-status-bar[3220]: 2026-07-13T20:17:43.988645Z DEBUG gtk_status_bar::pw: 🚫 Skipping metadata 'schema-sm-settings' (props: Some(DictRef { flags: Flags(0x0), entries: {"metadata.name": "schema-sm-settings", "factory.id": "7", "module.id": "6", "client.id": "35", "object.serial": "36"} }))
2026-07-13T20:17:44+00:00 machine gtk-status-bar[3220]: 2026-07-13T20:17:43.988666Z DEBUG gtk_status_bar::pw: 🚫 Skipping metadata 'persistent-sm-settings' (props: Some(DictRef { flags: Flags(0x0), entries: {"metadata.name": "persistent-sm-settings", "factory.id": "7", "module.id": "6", "client.id": "35", "object.serial": "37"} }))
2026-07-13T20:17:44+00:00 machine gtk-status-bar[3220]: 2026-07-13T20:17:43.988733Z DEBUG gtk_status_bar::pw: 🚫 Skipping metadata 'sm-settings' (props: Some(DictRef { flags: Flags(0x0), entries: {"metadata.name": "sm-settings", "factory.id": "7", "module.id": "6", "client.id": "35", "object.serial": "38"} }))
2026-07-13T20:17:44+00:00 machine gtk-status-bar[3220]: 2026-07-13T20:17:43.988753Z DEBUG gtk_status_bar::pw: 🚫 Skipping metadata 'sm-objects' (props: Some(DictRef { flags: Flags(0x0), entries: {"metadata.name": "sm-objects", "factory.id": "7", "module.id": "6", "client.id": "35", "object.serial": "39"} }))
2026-07-13T20:17:44+00:00 machine gtk-status-bar[3220]: 2026-07-13T20:17:43.988772Z DEBUG gtk_status_bar::pw: 🚫 Skipping metadata 'default-profile' (props: Some(DictRef { flags: Flags(0x0), entries: {"wireplumber.state": "true", "metadata.name": "default-profile", "factory.id": "7", "module.id": "6", "client.id": "35", "object.serial": "40"} }))
2026-07-13T20:17:44+00:00 machine gtk-status-bar[3220]: 2026-07-13T20:17:43.988790Z DEBUG gtk_status_bar::pw: ✅ Processing metadata.name == default
2026-07-13T20:17:44+00:00 machine gtk-status-bar[3220]: 2026-07-13T20:17:43.988807Z DEBUG gtk_status_bar::pw: 📋 Found metadata object: Some(DictRef { flags: Flags(0x0), entries: {"metadata.name": "default", "factory.id": "7", "module.id": "6", "client.id": "35", "object.serial": "41"} })
2026-07-13T20:17:44+00:00 machine gtk-status-bar[3220]: 2026-07-13T20:17:43.988852Z DEBUG gtk_status_bar::pw: 📋 Bound 'default' Metadata (id=3)
2026-07-13T20:17:44+00:00 machine gtk-status-bar[3220]: 2026-07-13T20:17:43.988885Z DEBUG gtk_status_bar::pw: 🚫 Skipping metadata 'filters' (props: Some(DictRef { flags: Flags(0x0), entries: {"metadata.name": "filters", "factory.id": "7", "module.id": "6", "client.id": "35", "object.serial": "43"} }))
2026-07-13T20:17:44+00:00 machine gtk-status-bar[3220]: 2026-07-13T20:17:43.988905Z DEBUG gtk_status_bar::pw: 🚫 Skipping metadata 'route-settings' (props: Some(DictRef { flags: Flags(0x0), entries: {"metadata.name": "route-settings", "factory.id": "7", "module.id": "6", "client.id": "35", "object.serial": "44"} }))
2026-07-13T20:17:44+00:00 machine gtk-status-bar[3220]: 2026-07-13T20:17:43.988924Z DEBUG gtk_status_bar::pw: 🚫 Skipping metadata '' (props: Some(DictRef { flags: Flags(0x0), entries: {"object.serial": "45", "module.id": "2", "pipewire.protocol": "protocol-native", "pipewire.sec.pid": "1363", "pipewire.sec.uid": "1000", "pipewire.sec.gid": "100", "pipewire.sec.socket": "pipewire-0-manager", "application.name": "WirePlumber [export]", "pipewire.access": "unrestricted"} }))
2026-07-13T20:17:44+00:00 machine gtk-status-bar[3220]: 2026-07-13T20:17:43.988943Z DEBUG gtk_status_bar::pw: 🚫 Skipping metadata '' (props: Some(DictRef { flags: Flags(0x0), entries: {"object.serial": "46", "factory.id": "11", "client.id": "45", "priority.session": "100", "priority.driver": "1", "node.name": "Midi-Bridge", "media.class": "Midi/Bridge"} }))
2026-07-13T20:17:44+00:00 machine gtk-status-bar[3220]: 2026-07-13T20:17:43.988962Z DEBUG gtk_status_bar::pw: 🔍 Checking node - media.class: Some("Midi/Bridge")
2026-07-13T20:17:44+00:00 machine gtk-status-bar[3220]: 2026-07-13T20:17:43.988980Z DEBUG gtk_status_bar::pw: 🔍 Node filter result: false for media.class: Some("Midi/Bridge")
2026-07-13T20:17:44+00:00 machine gtk-status-bar[3220]: 2026-07-13T20:17:43.989002Z DEBUG gtk_status_bar::pw: 🚫 Skipping metadata '' (props: Some(DictRef { flags: Flags(0x0), entries: {"object.serial": "47", "object.path": "alsa:seq:default:client_14:playback_0", "format.dsp": "8 bit raw midi", "node.id": "46", "port.id": "0", "port.name": "Midi Through: Port-0 (playback)", "port.direction": "in", "port.physical": "true", "port.terminal": "true", "port.alias": "Midi Through:Midi Through Port-0", "port.group": "client_14"} }))
2026-07-13T20:17:44+00:00 machine gtk-status-bar[3220]: 2026-07-13T20:17:43.989027Z DEBUG gtk_status_bar::pw: 🚫 Skipping metadata '' (props: Some(DictRef { flags: Flags(0x0), entries: {"object.serial": "48", "object.path": "alsa:seq:default:client_14:capture_0", "format.dsp": "8 bit raw midi", "node.id": "46", "port.id": "0", "port.name": "Midi Through: Port-0 (capture)", "port.direction": "out", "port.physical": "true", "port.terminal": "true", "port.alias": "Midi Through:Midi Through Port-0", "port.group": "client_14"} }))
2026-07-13T20:17:44+00:00 machine gtk-status-bar[3220]: 2026-07-13T20:17:43.989051Z DEBUG gtk_status_bar::pw: 🚫 Skipping metadata '' (props: Some(DictRef { flags: Flags(0x0), entries: {"object.serial": "42", "module.id": "2", "pipewire.protocol": "protocol-native", "pipewire.sec.pid": "1373", "pipewire.sec.uid": "1000", "pipewire.sec.gid": "100", "pipewire.sec.socket": "pipewire-0", "application.name": ".xdg-desktop-portal-hyprland-wrapped", "pipewire.access": "unrestricted"} }))
2026-07-13T20:17:44+00:00 machine gtk-status-bar[3220]: 2026-07-13T20:17:43.989074Z DEBUG gtk_status_bar::pw: 🚫 Skipping metadata '' (props: Some(DictRef { flags: Flags(0x0), entries: {"object.serial": "49", "factory.id": "14", "client.id": "45", "node.description": "BLE MIDI 1", "node.name": "bluez_midi.server", "media.class": "Midi/Bridge"} }))
2026-07-13T20:17:44+00:00 machine gtk-status-bar[3220]: 2026-07-13T20:17:43.989095Z DEBUG gtk_status_bar::pw: 🔍 Checking node - media.class: Some("Midi/Bridge")
2026-07-13T20:17:44+00:00 machine gtk-status-bar[3220]: 2026-07-13T20:17:43.989112Z DEBUG gtk_status_bar::pw: 🔍 Node filter result: false for media.class: Some("Midi/Bridge")
2026-07-13T20:17:44+00:00 machine gtk-status-bar[3220]: 2026-07-13T20:17:43.989131Z DEBUG gtk_status_bar::pw: 🚫 Skipping metadata '' (props: Some(DictRef { flags: Flags(0x0), entries: {"object.serial": "50", "object.path": "bluez_midi.server:input_0", "format.dsp": "8 bit raw midi", "node.id": "49", "port.id": "0", "port.name": "in", "port.direction": "in", "port.physical": "true", "port.terminal": "true", "port.alias": "in", "port.group": "group.0"} }))
2026-07-13T20:17:44+00:00 machine gtk-status-bar[3220]: 2026-07-13T20:17:43.989154Z DEBUG gtk_status_bar::pw: 🚫 Skipping metadata '' (props: Some(DictRef { flags: Flags(0x0), entries: {"object.serial": "51", "object.path": "bluez_midi.server:output_0", "format.dsp": "8 bit raw midi", "node.id": "49", "port.id": "0", "port.name": "out", "port.direction": "out", "port.physical": "true", "port.terminal": "true", "port.alias": "out", "port.group": "group.0"} }))
2026-07-13T20:17:44+00:00 machine gtk-status-bar[3220]: 2026-07-13T20:17:43.989178Z DEBUG gtk_status_bar::pw: 🚫 Skipping metadata '' (props: Some(DictRef { flags: Flags(0x0), entries: {"object.serial": "52", "module.id": "2", "pipewire.protocol": "protocol-native", "pipewire.sec.pid": "1425", "pipewire.sec.uid": "1000", "pipewire.sec.gid": "100", "pipewire.sec.socket": "pipewire-0", "application.name": "pipewire", "pipewire.access": "unrestricted"} }))
2026-07-13T20:17:44+00:00 machine gtk-status-bar[3220]: 2026-07-13T20:17:43.989202Z DEBUG gtk_status_bar::pw: 🚫 Skipping metadata '' (props: Some(DictRef { flags: Flags(0x0), entries: {"object.serial": "53", "module.id": "2", "pipewire.protocol": "protocol-native", "pipewire.sec.pid": "1425", "pipewire.sec.uid": "1000", "pipewire.sec.gid": "100", "pipewire.sec.socket": "pipewire-0", "application.name": "Blueman", "pipewire.access": "unrestricted"} }))
2026-07-13T20:17:44+00:00 machine gtk-status-bar[3220]: 2026-07-13T20:17:43.989226Z DEBUG gtk_status_bar::pw: 🚫 Skipping metadata '' (props: Some(DictRef { flags: Flags(0x0), entries: {"object.serial": "86", "factory.id": "19", "client.id": "52", "node.description": "Dummy Output", "node.name": "auto_null", "media.class": "Audio/Sink"} }))
2026-07-13T20:17:44+00:00 machine gtk-status-bar[3220]: 2026-07-13T20:17:43.989247Z DEBUG gtk_status_bar::pw: 🔍 Checking node - media.class: Some("Audio/Sink")
2026-07-13T20:17:44+00:00 machine gtk-status-bar[3220]: 2026-07-13T20:17:43.989265Z DEBUG gtk_status_bar::pw: 🔍 Node filter result: true for media.class: Some("Audio/Sink")
2026-07-13T20:17:44+00:00 machine gtk-status-bar[3220]: 2026-07-13T20:17:43.989288Z DEBUG gtk_status_bar::pw: 📱 Monitoring audio node: Dummy Output (4) [node.name: auto_null]
2026-07-13T20:17:44+00:00 machine gtk-status-bar[3220]: 2026-07-13T20:17:43.989306Z DEBUG gtk_status_bar::pw: 🔗 ADDING NODE LISTENER for node.name: auto_null
2026-07-13T20:17:44+00:00 machine gtk-status-bar[3220]: 2026-07-13T20:17:43.989325Z DEBUG gtk_status_bar::pw: 📝 Added device to HashMap: 4 -> (auto_null, Dummy Output, no volume yet)
2026-07-13T20:17:44+00:00 machine gtk-status-bar[3220]: 2026-07-13T20:17:43.989342Z DEBUG gtk_status_bar::pw: 🗂️ Current device map size: 1
2026-07-13T20:17:44+00:00 machine gtk-status-bar[3220]: 2026-07-13T20:17:43.989368Z DEBUG gtk_status_bar::pw: 🚫 Skipping metadata '' (props: Some(DictRef { flags: Flags(0x0), entries: {"object.serial": "87", "object.path": "auto_null:playback_0", "format.dsp": "32 bit float mono audio", "node.id": "61", "audio.channel": "FL", "port.id": "0", "port.name": "playback_FL", "port.direction": "in", "port.alias": "Dummy Output:playback_FL", "port.group": "stream.0"} }))
2026-07-13T20:17:44+00:00 machine gtk-status-bar[3220]: 2026-07-13T20:17:43.989391Z DEBUG gtk_status_bar::pw: 🚫 Skipping metadata '' (props: Some(DictRef { flags: Flags(0x0), entries: {"object.serial": "88", "object.path": "auto_null:playback_1", "format.dsp": "32 bit float mono audio", "node.id": "61", "audio.channel": "FR", "port.id": "1", "port.name": "playback_FR", "port.direction": "in", "port.alias": "Dummy Output:playback_FR", "port.group": "stream.0"} }))
2026-07-13T20:17:44+00:00 machine gtk-status-bar[3220]: 2026-07-13T20:17:43.989414Z DEBUG gtk_status_bar::pw: 🚫 Skipping metadata '' (props: Some(DictRef { flags: Flags(0x0), entries: {"object.serial": "89", "object.path": "auto_null:monitor_0", "format.dsp": "32 bit float mono audio", "node.id": "61", "audio.channel": "FL", "port.id": "0", "port.name": "monitor_FL", "port.direction": "out", "port.monitor": "true", "port.alias": "Dummy Output:monitor_FL", "port.group": "stream.0"} }))
2026-07-13T20:17:44+00:00 machine gtk-status-bar[3220]: 2026-07-13T20:17:43.989439Z DEBUG gtk_status_bar::pw: 🚫 Skipping metadata '' (props: Some(DictRef { flags: Flags(0x0), entries: {"object.serial": "90", "object.path": "auto_null:monitor_1", "format.dsp": "32 bit float mono audio", "node.id": "61", "audio.channel": "FR", "port.id": "1", "port.name": "monitor_FR", "port.direction": "out", "port.monitor": "true", "port.alias": "Dummy Output:monitor_FR", "port.group": "stream.0"} }))
2026-07-13T20:17:44+00:00 machine gtk-status-bar[3220]: 2026-07-13T20:17:43.989469Z DEBUG gtk_status_bar::pw: 🚫 Skipping metadata '' (props: Some(DictRef { flags: Flags(0x0), entries: {"object.serial": "91", "module.id": "2", "pipewire.protocol": "protocol-native", "pipewire.sec.pid": "3220", "pipewire.sec.uid": "1000", "pipewire.sec.gid": "100", "pipewire.sec.socket": "pipewire-0", "application.name": ".gtk-status-bar-wrapped", "pipewire.access": "unrestricted"} }))
2026-07-13T20:17:44+00:00 machine gtk-status-bar[3220]: 2026-07-13T20:17:43.990631Z DEBUG gtk_status_bar::pw: 📝 metadata.property subject=0 key=Some("default.configured.audio.sink") value=Some("{ \"name\": \"Bravo\" }")
2026-07-13T20:17:44+00:00 machine gtk-status-bar[3220]: 2026-07-13T20:17:43.990661Z DEBUG gtk_status_bar::pw: 🔍 Processing metadata property: default.configured.audio.sink={ "name": "Bravo" }
2026-07-13T20:17:44+00:00 machine gtk-status-bar[3220]: 2026-07-13T20:17:43.990752Z DEBUG gtk_status_bar::pw: 🔧 Other metadata property: default.configured.audio.sink (ignored)
2026-07-13T20:17:44+00:00 machine gtk-status-bar[3220]: 2026-07-13T20:17:43.990775Z DEBUG gtk_status_bar::pw: 📝 metadata.property subject=0 key=Some("default.audio.sink") value=Some("{\"name\":\"auto_null\"}")
2026-07-13T20:17:44+00:00 machine gtk-status-bar[3220]: 2026-07-13T20:17:43.990795Z DEBUG gtk_status_bar::pw: 🔍 Processing metadata property: default.audio.sink={"name":"auto_null"}
2026-07-13T20:17:44+00:00 machine gtk-status-bar[3220]: 2026-07-13T20:17:43.990823Z  INFO gtk_status_bar::pw: 🔄 Default sink -> auto_null
2026-07-13T20:17:44+00:00 machine gtk-status-bar[3220]: 2026-07-13T20:17:43.990844Z DEBUG gtk_status_bar::pw: 🎯 SINK CHANGE: None -> auto_null (should trigger volume fetch)
2026-07-13T20:17:44+00:00 machine gtk-status-bar[3220]: 2026-07-13T20:17:43.990862Z DEBUG gtk_status_bar::pw: 🗂️ Searching device map for default sink 'auto_null'
2026-07-13T20:17:44+00:00 machine gtk-status-bar[3220]: 2026-07-13T20:17:43.990879Z DEBUG gtk_status_bar::pw: 🗂️ Current device map contents: {4: ("auto_null", "Dummy Output", None, None, None)}
2026-07-13T20:17:44+00:00 machine gtk-status-bar[3220]: 2026-07-13T20:17:43.990900Z DEBUG gtk_status_bar::pw: 🔍 Checking device 4: node_name='auto_null', description='Dummy Output' against default sink 'auto_null'
2026-07-13T20:17:44+00:00 machine gtk-status-bar[3220]: 2026-07-13T20:17:43.990918Z DEBUG gtk_status_bar::pw: 🎯 MATCH! Found device 4 with node_name 'auto_null' matching default sink
2026-07-13T20:17:44+00:00 machine gtk-status-bar[3220]: 2026-07-13T20:17:43.990935Z DEBUG gtk_status_bar::pw: 🎨 Updating GUI label to: 'Dummy Output' with cached volume data
2026-07-13T20:17:44+00:00 machine gtk-status-bar[3220]: 2026-07-13T20:17:43.990952Z DEBUG gtk_status_bar::pw: 💾 Cached volume data: Vol: None%, Ch: None%, Mute: None
2026-07-13T20:17:44+00:00 machine gtk-status-bar[3220]: 2026-07-13T20:17:43.990976Z DEBUG gtk_status_bar::pw: ✅ Sent REAL volume data to GUI: 'Dummy Output' Vol: None%, Ch: None%, Mute: None
2026-07-13T20:17:44+00:00 machine gtk-status-bar[3220]: 2026-07-13T20:17:43.991005Z DEBUG gtk_status_bar::pw: 🎛️  NODE PARAM CALLBACK: Dummy Output (4) received Props param
2026-07-13T20:17:44+00:00 machine gtk-status-bar[3220]: 2026-07-13T20:17:43.991029Z DEBUG gtk_status_bar::pw: 🔊 Node 4: Dummy Output - Vol: Some(100)% | Ch: Some(100)% | Mute: Some(false) [CACHING]
2026-07-13T20:17:44+00:00 machine gtk-status-bar[3220]: 2026-07-13T20:17:43.991050Z DEBUG gtk_status_bar::pw: 📝 Updated volume cache for device 4: Dummy Output -> Vol: Some(100)%, Ch: Some(100)%, Mute: Some(false)
2026-07-13T20:17:44+00:00 machine gtk-status-bar[3220]: 2026-07-13T20:17:43.991070Z DEBUG gtk_status_bar::pw: 🎯 Checking if device 4 is default: current_default=Some("auto_null"), node_name=auto_null, is_default=true
2026-07-13T20:17:44+00:00 machine gtk-status-bar[3220]: 2026-07-13T20:17:43.991090Z DEBUG gtk_status_bar::pw: 📤 SENDING VOLUME UPDATE to GUI for default sink (node id=4)
2026-07-13T20:17:44+00:00 machine gtk-status-bar[3220]: 2026-07-13T20:17:43.991112Z ERROR gtk_status_bar::pw: ❌ PipeWire error id:4 seq:5 res:-2: enum params id:13 (Spa:Enum:ParamId:Route) failed
2026-07-13T20:17:44+00:00 machine gtk-status-bar[3220]: 2026-07-13T20:17:44.012351Z DEBUG gtk_status_bar::widgets: Resolved title icon from desktop application metadata class="kitty"
2026-07-13T20:17:44+00:00 machine gtk-status-bar[3220]: 2026-07-13T20:17:44.012600Z DEBUG gtk_status_bar::widgets: Updating time label:  8:17 PM
2026-07-13T20:17:44+00:00 machine gtk-status-bar[3220]: 2026-07-13T20:17:44.012750Z DEBUG gtk_status_bar::widgets: Updating battery label: 🔋 55%
2026-07-13T20:17:44+00:00 machine gtk-status-bar[3220]: 2026-07-13T20:17:44.012787Z DEBUG gtk_status_bar::widgets: 👁️  SHOWING battery widget - data: 🔋 55%
2026-07-13T20:17:44+00:00 machine gtk-status-bar[3220]: 2026-07-13T20:17:44.012844Z DEBUG gtk_status_bar::widgets: Updating Bluetooth battery label: R65
2026-07-13T20:17:44+00:00 machine gtk-status-bar[3220]: 2026-07-13T20:17:44.012868Z DEBUG gtk_status_bar::widgets: 👁️  SHOWING Bluetooth widget - data: R65
2026-07-13T20:17:44+00:00 machine gtk-status-bar[3220]: 2026-07-13T20:17:44.012924Z DEBUG gtk_status_bar::widgets: Updating network label: 󰤟 28% ?
2026-07-13T20:17:44+00:00 machine gtk-status-bar[3220]: 2026-07-13T20:17:44.012990Z DEBUG gtk_status_bar::widgets: 📺 Skipping GUI update - no volume data available
2026-07-13T20:17:44+00:00 machine gtk-status-bar[3220]: 2026-07-13T20:17:44.013016Z DEBUG gtk_status_bar::widgets: 📺 GTK UI updated via ASYNC: 🔊D100
2026-07-13T20:17:44+00:00 machine gtk-status-bar[3220]: 2026-07-13T20:17:44.049217Z DEBUG gtk_status_bar::widgets: Pinning bar height to font-derived line height char_height=18 multiplier=1.4 pinned=25
2026-07-13T20:17:44+00:00 machine gtk-status-bar[3220]: 2026-07-13T20:17:44.434237Z  INFO gtk_status_bar::tray: Status notifier item registered item=":1.76/StatusNotifierItem"
2026-07-13T20:17:44+00:00 machine gtk-status-bar[3220]: 2026-07-13T20:17:44.438518Z  INFO gtk_status_bar::widgets: Added system tray item item=":1.76/StatusNotifierItem"
2026-07-13T20:17:44+00:00 machine gtk-status-bar[3220]: 2026-07-13T20:17:44.936752Z  INFO gtk_status_bar::network: Network reachability probe completed target=198.51.100.1 success=false elapsed_ms=957
2026-07-13T20:17:44+00:00 machine gtk-status-bar[3220]: 2026-07-13T20:17:44.936832Z DEBUG gtk_status_bar::network: Sent network update label="\u{f091f} 28% ?"
2026-07-13T20:17:44+00:00 machine gtk-status-bar[3220]: 2026-07-13T20:17:44.937103Z DEBUG gtk_status_bar::widgets: Updating network label: 󰤟 28% ?
2026-07-13T20:17:45+00:00 machine gtk-status-bar[3220]: 2026-07-13T20:17:45.001155Z DEBUG gtk_status_bar::widgets: Updating time label:  8:17 PM
2026-07-13T20:17:45+00:00 machine gtk-status-bar[3220]: 2026-07-13T20:17:45.109277Z  INFO gtk_status_bar::tray: Status notifier item registered item=":1.77/org/blueman/sni"
2026-07-13T20:17:45+00:00 machine gtk-status-bar[3220]: 2026-07-13T20:17:45.134266Z DEBUG gtk_status_bar::tray: Tray item property is unavailable property="IconPixmap" error=org.freedesktop.DBus.Error.InvalidArgs: No such property “IconPixmap”
2026-07-13T20:17:45+00:00 machine gtk-status-bar[3220]: 2026-07-13T20:17:45.135089Z DEBUG gtk_status_bar::tray: Tray item property is unavailable property="IconThemePath" error=org.freedesktop.DBus.Error.InvalidArgs: No such property “IconThemePath”
2026-07-13T20:17:45+00:00 machine gtk-status-bar[3220]: 2026-07-13T20:17:45.141987Z  INFO gtk_status_bar::widgets: Added system tray item item=":1.77/org/blueman/sni"
2026-07-13T20:17:46+00:00 machine gtk-status-bar[3220]: 2026-07-13T20:17:46.001501Z DEBUG gtk_status_bar::widgets: Updating time label:  8:17 PM
2026-07-13T20:17:46+00:00 machine gtk-status-bar[3220]: 2026-07-13T20:17:46.927945Z  INFO gtk_status_bar::network: Network reachability probe completed target=192.0.2.1 success=true elapsed_ms=15
2026-07-13T20:17:46+00:00 machine gtk-status-bar[3220]: 2026-07-13T20:17:46.928017Z DEBUG gtk_status_bar::network: Sent network update label="\u{f091f} 28% \u{f0ac}"
2026-07-13T20:17:46+00:00 machine gtk-status-bar[3220]: 2026-07-13T20:17:46.928171Z DEBUG gtk_status_bar::widgets: Updating network label: 󰤟 28% 
2026-07-13T20:17:47+00:00 machine gtk-status-bar[3220]: 2026-07-13T20:17:47.000910Z DEBUG gtk_status_bar::widgets: Updating time label:  8:17 PM
2026-07-13T20:17:48+00:00 machine gtk-status-bar[3220]: 2026-07-13T20:17:48.002633Z DEBUG gtk_status_bar::widgets: Updating time label:  8:17 PM
2026-07-13T20:17:48+00:00 machine gtk-status-bar[3220]: 2026-07-13T20:17:48.362400Z DEBUG gtk_status_bar::tray: Tray item property is unavailable property="IconPixmap" error=org.freedesktop.DBus.Error.InvalidArgs: No such property “IconPixmap”
2026-07-13T20:17:48+00:00 machine gtk-status-bar[3220]: 2026-07-13T20:17:48.375451Z DEBUG gtk_status_bar::tray: Tray item property is unavailable property="IconThemePath" error=org.freedesktop.DBus.Error.InvalidArgs: No such property “IconThemePath”
2026-07-13T20:17:48+00:00 machine gtk-status-bar[3220]: 2026-07-13T20:17:48.401635Z DEBUG gtk_status_bar::tray: Tray item property is unavailable property="IconPixmap" error=org.freedesktop.DBus.Error.InvalidArgs: No such property “IconPixmap”
2026-07-13T20:17:48+00:00 machine gtk-status-bar[3220]: 2026-07-13T20:17:48.403628Z DEBUG gtk_status_bar::tray: Tray item property is unavailable property="IconThemePath" error=org.freedesktop.DBus.Error.InvalidArgs: No such property “IconThemePath”
2026-07-13T20:17:48+00:00 machine gtk-status-bar[3220]: 2026-07-13T20:17:48.413568Z DEBUG gtk_status_bar::tray: Tray item property is unavailable property="IconPixmap" error=org.freedesktop.DBus.Error.InvalidArgs: No such property “IconPixmap”
2026-07-13T20:17:48+00:00 machine gtk-status-bar[3220]: 2026-07-13T20:17:48.415449Z DEBUG gtk_status_bar::tray: Tray item property is unavailable property="IconThemePath" error=org.freedesktop.DBus.Error.InvalidArgs: No such property “IconThemePath”
2026-07-13T20:17:48+00:00 machine gtk-status-bar[3220]: 2026-07-13T20:17:48.423524Z DEBUG gtk_status_bar::tray: Tray item property is unavailable property="IconPixmap" error=org.freedesktop.DBus.Error.InvalidArgs: No such property “IconPixmap”
2026-07-13T20:17:48+00:00 machine gtk-status-bar[3220]: 2026-07-13T20:17:48.424925Z DEBUG gtk_status_bar::tray: Tray item property is unavailable property="IconThemePath" error=org.freedesktop.DBus.Error.InvalidArgs: No such property “IconThemePath”
2026-07-13T20:17:48+00:00 machine gtk-status-bar[3220]: 2026-07-13T20:17:48.436994Z DEBUG gtk_status_bar::tray: Tray item property is unavailable property="IconPixmap" error=org.freedesktop.DBus.Error.InvalidArgs: No such property “IconPixmap”
2026-07-13T20:17:48+00:00 machine gtk-status-bar[3220]: 2026-07-13T20:17:48.438123Z DEBUG gtk_status_bar::tray: Tray item property is unavailable property="IconThemePath" error=org.freedesktop.DBus.Error.InvalidArgs: No such property “IconThemePath”
2026-07-13T20:17:48+00:00 machine gtk-status-bar[3220]: 2026-07-13T20:17:48.441013Z DEBUG gtk_status_bar::tray: Tray item property is unavailable property="IconPixmap" error=org.freedesktop.DBus.Error.InvalidArgs: No such property “IconPixmap”
2026-07-13T20:17:48+00:00 machine gtk-status-bar[3220]: 2026-07-13T20:17:48.441903Z DEBUG gtk_status_bar::tray: Tray item property is unavailable property="IconThemePath" error=org.freedesktop.DBus.Error.InvalidArgs: No such property “IconThemePath”
2026-07-13T20:17:48+00:00 machine gtk-status-bar[3220]: 2026-07-13T20:17:48.493746Z  INFO gtk_status_bar::network: Network reachability probe completed target=192.0.2.1 success=true elapsed_ms=14
2026-07-13T20:17:48+00:00 machine gtk-status-bar[3220]: 2026-07-13T20:17:48.493801Z DEBUG gtk_status_bar::network: Sent network update label="\u{f091f} 28% \u{f0ac}"
2026-07-13T20:17:48+00:00 machine gtk-status-bar[3220]: 2026-07-13T20:17:48.493946Z DEBUG gtk_status_bar::widgets: Updating network label: 󰤟 28% 
2026-07-13T20:17:49+00:00 machine gtk-status-bar[3220]: 2026-07-13T20:17:49.001795Z DEBUG gtk_status_bar::widgets: Updating time label:  8:17 PM
2026-07-13T20:17:50+00:00 machine gtk-status-bar[3220]: 2026-07-13T20:17:50.002595Z DEBUG gtk_status_bar::widgets: Updating time label:  8:17 PM
2026-07-13T20:17:50+00:00 machine gtk-status-bar[3220]: 2026-07-13T20:17:50.426154Z  INFO gtk_status_bar::network: Network reachability probe completed target=198.51.100.1 success=false elapsed_ms=12
2026-07-13T20:17:50+00:00 machine gtk-status-bar[3220]: 2026-07-13T20:17:50.426209Z DEBUG gtk_status_bar::network: Sent network update label="\u{f091f} 28% \u{f0ac}"
2026-07-13T20:17:50+00:00 machine gtk-status-bar[3220]: 2026-07-13T20:17:50.426382Z DEBUG gtk_status_bar::widgets: Updating network label: 󰤟 28% 
2026-07-13T20:17:50+00:00 machine gtk-status-bar[3220]: 2026-07-13T20:17:50.792817Z  INFO gtk_status_bar::network: Network reachability probe completed target=198.51.100.1 success=false elapsed_ms=17
2026-07-13T20:17:50+00:00 machine gtk-status-bar[3220]: 2026-07-13T20:17:50.792875Z DEBUG gtk_status_bar::network: Sent network update label="\u{f091f} 28% \u{f0ac}"
2026-07-13T20:17:50+00:00 machine gtk-status-bar[3220]: 2026-07-13T20:17:50.793285Z DEBUG gtk_status_bar::widgets: Updating network label: 󰤟 28% 
2026-07-13T20:17:51+00:00 machine gtk-status-bar[3220]: 2026-07-13T20:17:51.001464Z DEBUG gtk_status_bar::widgets: Updating time label:  8:17 PM
2026-07-13T20:17:51+00:00 machine gtk-status-bar[3220]: 2026-07-13T20:17:51.680755Z  INFO gtk_status_bar::network: Network reachability probe completed target=192.0.2.1 success=true elapsed_ms=9
2026-07-13T20:17:51+00:00 machine gtk-status-bar[3220]: 2026-07-13T20:17:51.680802Z DEBUG gtk_status_bar::network: Sent network update label="\u{f091f} 28% \u{f0ac}"
2026-07-13T20:17:51+00:00 machine gtk-status-bar[3220]: 2026-07-13T20:17:51.680960Z DEBUG gtk_status_bar::widgets: Updating network label: 󰤟 28% 
2026-07-13T20:17:52+00:00 machine gtk-status-bar[3220]: 2026-07-13T20:17:52.001006Z DEBUG gtk_status_bar::widgets: Updating time label:  8:17 PM
2026-07-13T20:17:52+00:00 machine gtk-status-bar[3220]: 2026-07-13T20:17:52.311803Z  INFO gtk_status_bar::network: Network reachability probe completed target=192.0.2.1 success=true elapsed_ms=10
2026-07-13T20:17:52+00:00 machine gtk-status-bar[3220]: 2026-07-13T20:17:52.311855Z DEBUG gtk_status_bar::network: Sent network update label="\u{f091f} 28% \u{f0ac}"
2026-07-13T20:17:52+00:00 machine gtk-status-bar[3220]: 2026-07-13T20:17:52.312021Z DEBUG gtk_status_bar::widgets: Updating network label: 󰤟 28% 
2026-07-13T20:17:52+00:00 machine gtk-status-bar[3220]: 2026-07-13T20:17:52.445906Z DEBUG gtk_status_bar::tray: Tray item property is unavailable property="IconPixmap" error=org.freedesktop.DBus.Error.InvalidArgs: No such property “IconPixmap”
2026-07-13T20:17:52+00:00 machine gtk-status-bar[3220]: 2026-07-13T20:17:52.448088Z DEBUG gtk_status_bar::tray: Tray item property is unavailable property="IconThemePath" error=org.freedesktop.DBus.Error.InvalidArgs: No such property “IconThemePath”
2026-07-13T20:17:52+00:00 machine gtk-status-bar[3220]: 2026-07-13T20:17:52.459237Z DEBUG gtk_status_bar::dbus: Got an event in event stream: Msg { type: Signal, serial: 15, sender: UniqueName(":1.69"), path: ObjectPath("/"), iface: InterfaceName("org.freedesktop.DBus.ObjectManager"), member: MemberName("InterfacesAdded"), body: Structure(Dynamic { fields: [ObjectPath, Dict { key: Dynamic { child: Str }, value: Dynamic { child: Dict { key: Dynamic { child: Str }, value: Dynamic { child: Variant } } } }] }), fds: [] }
2026-07-13T20:17:52+00:00 machine gtk-status-bar[3220]: 2026-07-13T20:17:52.460919Z DEBUG gtk_status_bar::dbus: Dbus monitor: Received D-Bus message from path: Some(ObjectPath("/")), interface: Some(InterfaceName("org.freedesktop.DBus.ObjectManager")), member: Some(MemberName("InterfacesAdded"))
2026-07-13T20:17:52+00:00 machine gtk-status-bar[3220]: 2026-07-13T20:17:52.460957Z  INFO gtk_status_bar::dbus: Dbus monitor: Received signal
2026-07-13T20:17:52+00:00 machine gtk-status-bar[3220]: 2026-07-13T20:17:52.460977Z  INFO gtk_status_bar::dbus: Dbus monitor: Received InterfacesAdded signal from ObjectManager
2026-07-13T20:17:52+00:00 machine gtk-status-bar[3220]: 2026-07-13T20:17:52.461039Z DEBUG gtk_status_bar::dbus: Available interfaces in InterfacesAdded: [Str("org.bluez.Adapter1")]
2026-07-13T20:17:52+00:00 machine gtk-status-bar[3220]: 2026-07-13T20:17:52.461061Z DEBUG gtk_status_bar::dbus: Device1 interface not found in interfaces
2026-07-13T20:17:52+00:00 machine gtk-status-bar[3220]: 2026-07-13T20:17:52.461081Z DEBUG gtk_status_bar::dbus: Not a device with org.bluez.Battery1 interface
2026-07-13T20:17:52+00:00 machine gtk-status-bar[3220]: 2026-07-13T20:17:52.462912Z DEBUG gtk_status_bar::dbus: Got an event in event stream: Msg { type: Signal, serial: 18, sender: UniqueName(":1.69"), path: ObjectPath("/"), iface: InterfaceName("org.freedesktop.DBus.ObjectManager"), member: MemberName("InterfacesAdded"), body: Structure(Dynamic { fields: [ObjectPath, Dict { key: Dynamic { child: Str }, value: Dynamic { child: Dict { key: Dynamic { child: Str }, value: Dynamic { child: Variant } } } }] }), fds: [] }
2026-07-13T20:17:52+00:00 machine gtk-status-bar[3220]: 2026-07-13T20:17:52.462946Z DEBUG gtk_status_bar::dbus: Dbus monitor: Received D-Bus message from path: Some(ObjectPath("/")), interface: Some(InterfaceName("org.freedesktop.DBus.ObjectManager")), member: Some(MemberName("InterfacesAdded"))
2026-07-13T20:17:52+00:00 machine gtk-status-bar[3220]: 2026-07-13T20:17:52.462968Z  INFO gtk_status_bar::dbus: Dbus monitor: Received signal
2026-07-13T20:17:52+00:00 machine gtk-status-bar[3220]: 2026-07-13T20:17:52.462987Z  INFO gtk_status_bar::dbus: Dbus monitor: Received InterfacesAdded signal from ObjectManager
2026-07-13T20:17:52+00:00 machine gtk-status-bar[3220]: 2026-07-13T20:17:52.463055Z DEBUG gtk_status_bar::dbus: Available interfaces in InterfacesAdded: [Str("org.bluez.Device1")]
2026-07-13T20:17:52+00:00 machine gtk-status-bar[3220]: 2026-07-13T20:17:52.463110Z DEBUG gtk_status_bar::dbus: Found Device1 interface properties: Dict { map: {Str("Adapter"): Value(ObjectPath(ObjectPath("/org/bluez/hci0"))), Str("Address"): Value(Str("AA:BB:CC:DD:EE:10")), Str("AddressType"): Value(Str("public")), Str("AdvertisingData"): Value(Array(Array { elements: [], signature: Array(Dynamic { child: Dict { key: Dynamic { child: U8 }, value: Dynamic { child: Variant } } }) })), Str("AdvertisingFlags"): Value(Array(Array { elements: [], signature: Array(Dynamic { child: Array(Dynamic { child: U8 }) }) })), Str("Alias"): Value(Str("Post Recovery Buds")), Str("Appearance"): Value(U16(0)), Str("Blocked"): Value(Bool(false)), Str("Class"): Value(U32(5898764)), Str("Connected"): Value(Bool(false)), Str("Icon"): Value(Str("phone")), Str("LegacyPairing"): Value(Bool(false)), Str("ManufacturerData"): Value(Array(Array { elements: [], signature: Array(Dynamic { child: Dict { key: Dynamic { child: U16 }, value: Dynamic { child: Variant } } }) })), Str("Modalias"): Value(Str("bluetooth:v000Fp1200d1436")), Str("Name"): Value(Str("Post Recovery Buds")), Str("Paired"): Value(Bool(false)), Str("RSSI"): Value(I16(-79)), Str("ServiceData"): Value(Array(Array { elements: [], signature: Array(Dynamic { child: Dict { key: Dynamic { child: Str }, value: Dynamic { child: Variant } } }) })), Str("ServicesResolved"): Value(Bool(false)), Str("Trusted"): Value(Bool(false)), Str("TxPower"): Value(I16(0)), Str("UUIDs"): Value(Array(Array { elements: [], signature: Array(Dynamic { child: Str }) })), Str("WakeAllowed"): Value(Bool(false))}, signature: Dict { key: Dynamic { child: Str }, value: Dynamic { child: Variant } } }
2026-07-13T20:17:52+00:00 machine gtk-status-bar[3220]: 2026-07-13T20:17:52.463149Z DEBUG gtk_status_bar::dbus: Found Bluetooth device name: Post Recovery Buds
2026-07-13T20:17:52+00:00 machine gtk-status-bar[3220]: 2026-07-13T20:17:52.463170Z  INFO gtk_status_bar::dbus: Created new device /org/bluez/hci0/dev_AA_BB_CC_DD_EE_10 with name: Some("Post Recovery Buds")
2026-07-13T20:17:52+00:00 machine gtk-status-bar[3220]: 2026-07-13T20:17:52.463194Z DEBUG gtk_status_bar::dbus: Not a device with org.bluez.Battery1 interface
2026-07-13T20:17:52+00:00 machine gtk-status-bar[3220]: 2026-07-13T20:17:52.466363Z DEBUG gtk_status_bar::widgets: Updating Bluetooth battery label: R65
2026-07-13T20:17:52+00:00 machine gtk-status-bar[3220]: 2026-07-13T20:17:52.466397Z DEBUG gtk_status_bar::widgets: 👁️  SHOWING Bluetooth widget - data: R65
2026-07-13T20:17:52+00:00 machine gtk-status-bar[3220]: 2026-07-13T20:17:52.622844Z DEBUG gtk_status_bar::tray: Tray item property is unavailable property="IconPixmap" error=org.freedesktop.DBus.Error.InvalidArgs: No such property “IconPixmap”
2026-07-13T20:17:52+00:00 machine gtk-status-bar[3220]: 2026-07-13T20:17:52.623960Z DEBUG gtk_status_bar::tray: Tray item property is unavailable property="IconThemePath" error=org.freedesktop.DBus.Error.InvalidArgs: No such property “IconThemePath”
2026-07-13T20:17:52+00:00 machine gtk-status-bar[3220]: 2026-07-13T20:17:52.625780Z DEBUG gtk_status_bar::dbus: Got an event in event stream: Msg { type: Signal, serial: 25, sender: UniqueName(":1.69"), path: ObjectPath("/org/bluez/hci0"), iface: InterfaceName("org.freedesktop.DBus.Properties"), member: MemberName("PropertiesChanged"), body: Structure(Dynamic { fields: [Str, Dict { key: Dynamic { child: Str }, value: Dynamic { child: Variant } }, Array(Dynamic { child: Str })] }), fds: [] }
2026-07-13T20:17:52+00:00 machine gtk-status-bar[3220]: 2026-07-13T20:17:52.625811Z DEBUG gtk_status_bar::dbus: Dbus monitor: Received D-Bus message from path: Some(ObjectPath("/org/bluez/hci0")), interface: Some(InterfaceName("org.freedesktop.DBus.Properties")), member: Some(MemberName("PropertiesChanged"))
2026-07-13T20:17:52+00:00 machine gtk-status-bar[3220]: 2026-07-13T20:17:52.625830Z  INFO gtk_status_bar::dbus: Dbus monitor: Received signal
2026-07-13T20:17:52+00:00 machine gtk-status-bar[3220]: 2026-07-13T20:17:52.625847Z  INFO gtk_status_bar::dbus: Dbus monitor: Received PropertiesChanged signal
2026-07-13T20:17:52+00:00 machine gtk-status-bar[3220]: 2026-07-13T20:17:52.625878Z DEBUG gtk_status_bar::dbus: Dbus monitor: Ignored PropertiesChanged for interface: "org.bluez.Adapter1"
2026-07-13T20:17:52+00:00 machine gtk-status-bar[3220]: 2026-07-13T20:17:52.652272Z  INFO gtk_status_bar::network: Network reachability probe completed target=198.51.100.1 success=false elapsed_ms=31
2026-07-13T20:17:52+00:00 machine gtk-status-bar[3220]: 2026-07-13T20:17:52.652321Z DEBUG gtk_status_bar::network: Sent network update label="\u{f091f} 28% \u{f0ac}"
2026-07-13T20:17:52+00:00 machine gtk-status-bar[3220]: 2026-07-13T20:17:52.652596Z DEBUG gtk_status_bar::widgets: Updating network label: 󰤟 28% 
2026-07-13T20:17:52+00:00 machine gtk-status-bar[3220]: 2026-07-13T20:17:52.706977Z DEBUG gtk_status_bar::tray: Tray item property is unavailable property="IconPixmap" error=org.freedesktop.DBus.Error.InvalidArgs: No such property “IconPixmap”
2026-07-13T20:17:52+00:00 machine gtk-status-bar[3220]: 2026-07-13T20:17:52.709236Z DEBUG gtk_status_bar::tray: Tray item property is unavailable property="IconThemePath" error=org.freedesktop.DBus.Error.InvalidArgs: No such property “IconThemePath”
2026-07-13T20:17:52+00:00 machine gtk-status-bar[3220]: 2026-07-13T20:17:52.714655Z DEBUG gtk_status_bar::tray: Tray item property is unavailable property="IconPixmap" error=org.freedesktop.DBus.Error.InvalidArgs: No such property “IconPixmap”
2026-07-13T20:17:52+00:00 machine gtk-status-bar[3220]: 2026-07-13T20:17:52.715922Z DEBUG gtk_status_bar::tray: Tray item property is unavailable property="IconThemePath" error=org.freedesktop.DBus.Error.InvalidArgs: No such property “IconThemePath”
2026-07-13T20:17:52+00:00 machine gtk-status-bar[3220]: 2026-07-13T20:17:52.891838Z DEBUG gtk_status_bar::dbus: Got an event in event stream: Msg { type: Signal, serial: 11, sender: UniqueName(":1.68"), path: ObjectPath("/org/freedesktop/UPower/devices/battery_BAT0"), iface: InterfaceName("org.freedesktop.DBus.Properties"), member: MemberName("PropertiesChanged"), body: Structure(Dynamic { fields: [Str, Dict { key: Dynamic { child: Str }, value: Dynamic { child: Variant } }, Array(Dynamic { child: Str })] }), fds: [] }
2026-07-13T20:17:52+00:00 machine gtk-status-bar[3220]: 2026-07-13T20:17:52.893778Z DEBUG gtk_status_bar::dbus: Dbus monitor: Received D-Bus message from path: Some(ObjectPath("/org/freedesktop/UPower/devices/battery_BAT0")), interface: Some(InterfaceName("org.freedesktop.DBus.Properties")), member: Some(MemberName("PropertiesChanged"))
2026-07-13T20:17:52+00:00 machine gtk-status-bar[3220]: 2026-07-13T20:17:52.893806Z  INFO gtk_status_bar::dbus: Dbus monitor: Received signal
2026-07-13T20:17:52+00:00 machine gtk-status-bar[3220]: 2026-07-13T20:17:52.893826Z  INFO gtk_status_bar::dbus: Dbus monitor: Received PropertiesChanged signal
2026-07-13T20:17:52+00:00 machine gtk-status-bar[3220]: 2026-07-13T20:17:52.893865Z DEBUG gtk_status_bar::dbus: Battery device properties contain no State property
2026-07-13T20:17:52+00:00 machine gtk-status-bar[3220]: 2026-07-13T20:17:52.893885Z  INFO gtk_status_bar::dbus: Battery percentage changed to 33.0%
2026-07-13T20:17:52+00:00 machine gtk-status-bar[3220]: 2026-07-13T20:17:52.893928Z DEBUG gtk_status_bar::dbus: Got an event in event stream: Msg { type: Signal, serial: 12, sender: UniqueName(":1.68"), path: ObjectPath("/org/freedesktop/UPower/devices/battery_BAT0"), iface: InterfaceName("org.freedesktop.DBus.Properties"), member: MemberName("PropertiesChanged"), body: Structure(Dynamic { fields: [Str, Dict { key: Dynamic { child: Str }, value: Dynamic { child: Variant } }, Array(Dynamic { child: Str })] }), fds: [] }
2026-07-13T20:17:52+00:00 machine gtk-status-bar[3220]: 2026-07-13T20:17:52.893963Z DEBUG gtk_status_bar::dbus: Dbus monitor: Received D-Bus message from path: Some(ObjectPath("/org/freedesktop/UPower/devices/battery_BAT0")), interface: Some(InterfaceName("org.freedesktop.DBus.Properties")), member: Some(MemberName("PropertiesChanged"))
2026-07-13T20:17:52+00:00 machine gtk-status-bar[3220]: 2026-07-13T20:17:52.893990Z  INFO gtk_status_bar::dbus: Dbus monitor: Received signal
2026-07-13T20:17:52+00:00 machine gtk-status-bar[3220]: 2026-07-13T20:17:52.894017Z  INFO gtk_status_bar::dbus: Dbus monitor: Received PropertiesChanged signal
2026-07-13T20:17:52+00:00 machine gtk-status-bar[3220]: 2026-07-13T20:17:52.894054Z  INFO gtk_status_bar::dbus: Battery is discharging (state: 2)
2026-07-13T20:17:52+00:00 machine gtk-status-bar[3220]: 2026-07-13T20:17:52.894072Z DEBUG gtk_status_bar::dbus: Battery device properties contain no Percentage property
2026-07-13T20:17:52+00:00 machine gtk-status-bar[3220]: 2026-07-13T20:17:52.894273Z DEBUG gtk_status_bar::widgets: Updating battery label: 🔋 33%
2026-07-13T20:17:52+00:00 machine gtk-status-bar[3220]: 2026-07-13T20:17:52.894399Z DEBUG gtk_status_bar::widgets: 👁️  SHOWING battery widget - data: 🔋 33%
2026-07-13T20:17:52+00:00 machine gtk-status-bar[3220]: 2026-07-13T20:17:52.894419Z DEBUG gtk_status_bar::widgets: Updating battery label: 🔋 33%
2026-07-13T20:17:52+00:00 machine gtk-status-bar[3220]: 2026-07-13T20:17:52.894438Z DEBUG gtk_status_bar::widgets: 👁️  SHOWING battery widget - data: 🔋 33%
2026-07-13T20:17:53+00:00 machine gtk-status-bar[3220]: 2026-07-13T20:17:53.001444Z DEBUG gtk_status_bar::widgets: Updating time label:  8:17 PM
2026-07-13T20:17:53+00:00 machine gtk-status-bar[3220]: 2026-07-13T20:17:53.562438Z  INFO gtk_status_bar::network: Network reachability probe completed target=192.0.2.1 success=true elapsed_ms=9
2026-07-13T20:17:53+00:00 machine gtk-status-bar[3220]: 2026-07-13T20:17:53.562483Z DEBUG gtk_status_bar::network: Sent network update label="\u{f091f} 28% \u{f0ac}"
2026-07-13T20:17:53+00:00 machine gtk-status-bar[3220]: 2026-07-13T20:17:53.562683Z DEBUG gtk_status_bar::widgets: Updating network label: 󰤟 28% 
2026-07-13T20:17:53+00:00 machine gtk-status-bar[3220]: 2026-07-13T20:17:53.863965Z  INFO gtk_status_bar::network: Network reachability probe completed target=198.51.100.1 success=false elapsed_ms=10
2026-07-13T20:17:53+00:00 machine gtk-status-bar[3220]: 2026-07-13T20:17:53.864021Z DEBUG gtk_status_bar::network: Sent network update label="\u{f091f} 28% \u{f0ac}"
2026-07-13T20:17:53+00:00 machine gtk-status-bar[3220]: 2026-07-13T20:17:53.864264Z DEBUG gtk_status_bar::widgets: Updating network label: 󰤟 28% 
2026-07-13T20:17:54+00:00 machine gtk-status-bar[3220]: 2026-07-13T20:17:54.000935Z DEBUG gtk_status_bar::widgets: Updating time label:  8:17 PM
2026-07-13T20:17:54+00:00 machine gtk-status-bar[3220]: 2026-07-13T20:17:54.522358Z  INFO gtk_status_bar::tray: Status notifier item disappeared item=":1.77/org/blueman/sni"
2026-07-13T20:17:54+00:00 machine gtk-status-bar[3220]: 2026-07-13T20:17:54.523552Z  INFO gtk_status_bar::widgets: Removed system tray item item=":1.77/org/blueman/sni"
2026-07-13T20:17:55+00:00 machine gtk-status-bar[3220]: 2026-07-13T20:17:55.001948Z DEBUG gtk_status_bar::widgets: Updating time label:  8:17 PM
2026-07-13T20:17:55+00:00 machine gtk-status-bar[3220]: 2026-07-13T20:17:55.448578Z  INFO gtk_status_bar::tray: Status notifier item registered item=":1.80/org/blueman/sni"
2026-07-13T20:17:55+00:00 machine gtk-status-bar[3220]: 2026-07-13T20:17:55.469521Z DEBUG gtk_status_bar::tray: Tray item property is unavailable property="IconPixmap" error=org.freedesktop.DBus.Error.InvalidArgs: No such property “IconPixmap”
2026-07-13T20:17:55+00:00 machine gtk-status-bar[3220]: 2026-07-13T20:17:55.470730Z DEBUG gtk_status_bar::tray: Tray item property is unavailable property="IconThemePath" error=org.freedesktop.DBus.Error.InvalidArgs: No such property “IconThemePath”
2026-07-13T20:17:55+00:00 machine gtk-status-bar[3220]: 2026-07-13T20:17:55.474852Z  INFO gtk_status_bar::widgets: Added system tray item item=":1.80/org/blueman/sni"
2026-07-13T20:17:55+00:00 machine gtk-status-bar[3220]: 2026-07-13T20:17:55.602162Z  INFO gtk_status_bar::network: Network reachability probe completed target=198.51.100.1 success=false elapsed_ms=15
2026-07-13T20:17:55+00:00 machine gtk-status-bar[3220]: 2026-07-13T20:17:55.602229Z DEBUG gtk_status_bar::network: Sent network update label="\u{f091f} 28% \u{f0ac}"
2026-07-13T20:17:55+00:00 machine gtk-status-bar[3220]: 2026-07-13T20:17:55.602666Z DEBUG gtk_status_bar::widgets: Updating network label: 󰤟 28% 
2026-07-13T20:17:56+00:00 machine gtk-status-bar[3220]: 2026-07-13T20:17:56.001834Z DEBUG gtk_status_bar::widgets: Updating time label:  8:17 PM
2026-07-13T20:17:56+00:00 machine gtk-status-bar[3220]: 2026-07-13T20:17:56.880053Z  INFO gtk_status_bar::network: Network reachability probe completed target=192.0.2.1 success=true elapsed_ms=13
2026-07-13T20:17:56+00:00 machine gtk-status-bar[3220]: 2026-07-13T20:17:56.880112Z DEBUG gtk_status_bar::network: Sent network update label="\u{f091f} 28% \u{f0ac}"
2026-07-13T20:17:56+00:00 machine gtk-status-bar[3220]: 2026-07-13T20:17:56.880301Z DEBUG gtk_status_bar::widgets: Updating network label: 󰤟 28% 
2026-07-13T20:17:57+00:00 machine gtk-status-bar[3220]: 2026-07-13T20:17:57.001311Z DEBUG gtk_status_bar::widgets: Updating time label:  8:17 PM
2026-07-13T20:17:59+00:00 machine gtk-status-bar[3427]: 2026-07-13T20:17:59.378635Z  INFO gtk_status_bar: Starting GTK status bar application
2026-07-13T20:17:59+00:00 machine gtk-status-bar[3427]: 2026-07-13T20:17:59.380013Z  INFO gtk_status_bar: Running GTK application
2026-07-13T20:18:00+00:00 machine gtk-status-bar[3427]: 2026-07-13T20:18:00.968627Z  INFO gtk_status_bar: Activating GTK application
2026-07-13T20:18:00+00:00 machine gtk-status-bar[3427]: 2026-07-13T20:18:00.969354Z DEBUG gtk_status_bar::widgets: Loading CSS styles
2026-07-13T20:18:00+00:00 machine gtk-status-bar[3427]: 2026-07-13T20:18:00.969861Z  INFO gtk_status_bar::widgets: CSS styles loaded successfully
2026-07-13T20:18:00+00:00 machine gtk-status-bar[3427]: 2026-07-13T20:18:00.969888Z DEBUG gtk_status_bar::widgets: Configuring layer shell
2026-07-13T20:18:00+00:00 machine gtk-status-bar[3427]: 2026-07-13T20:18:00.985436Z  INFO gtk_status_bar::widgets: Layer shell configured successfully
2026-07-13T20:18:00+00:00 machine gtk-status-bar[3427]: 2026-07-13T20:18:00.985475Z DEBUG gtk_status_bar::widgets: Creating experimental bar
2026-07-13T20:18:00+00:00 machine gtk-status-bar[3427]: 2026-07-13T20:18:00.985630Z DEBUG gtk_status_bar::widgets: Creating left group
2026-07-13T20:18:00+00:00 machine gtk-status-bar[3427]: 2026-07-13T20:18:00.985785Z DEBUG gtk_status_bar::widgets: Creating workspace widget
2026-07-13T20:18:00+00:00 machine gtk-status-bar[3427]: 2026-07-13T20:18:00.986237Z DEBUG gtk_status_bar::widgets: Creating title widget
2026-07-13T20:18:00+00:00 machine gtk-status-bar[3427]: 2026-07-13T20:18:00.986422Z DEBUG gtk_status_bar::widgets: Creating right group
2026-07-13T20:18:00+00:00 machine gtk-status-bar[3427]: 2026-07-13T20:18:00.986457Z DEBUG gtk_status_bar::widgets: Creating system tray widget
2026-07-13T20:18:00+00:00 machine gtk-status-bar[3427]: 2026-07-13T20:18:00.986485Z DEBUG gtk_status_bar::widgets: Creating bluetooth widget
2026-07-13T20:18:00+00:00 machine gtk-status-bar[3427]: 2026-07-13T20:18:00.986536Z DEBUG gtk_status_bar::widgets: Creating volume widget
2026-07-13T20:18:00+00:00 machine gtk-status-bar[3427]: 2026-07-13T20:18:00.986579Z DEBUG gtk_status_bar::widgets: Creating network widget
2026-07-13T20:18:00+00:00 machine gtk-status-bar[3427]: 2026-07-13T20:18:00.986622Z DEBUG gtk_status_bar::widgets: Creating battery widget
2026-07-13T20:18:00+00:00 machine gtk-status-bar[3427]: 2026-07-13T20:18:00.986664Z DEBUG gtk_status_bar::widgets: Creating time widget
2026-07-13T20:18:01+00:00 machine gtk-status-bar[3427]: 2026-07-13T20:18:01.714304Z DEBUG gtk_status_bar::widgets: Setting up time widget updates
2026-07-13T20:18:01+00:00 machine gtk-status-bar[3427]: 2026-07-13T20:18:01.714376Z DEBUG gtk_status_bar::widgets: Updating time label:  8:18 PM
2026-07-13T20:18:01+00:00 machine gtk-status-bar[3427]: 2026-07-13T20:18:01.714428Z DEBUG gtk_status_bar::widgets: Setting up system tray updates
2026-07-13T20:18:01+00:00 machine gtk-status-bar[3427]: 2026-07-13T20:18:01.714477Z DEBUG gtk_status_bar::widgets: Setting up workspace updates
2026-07-13T20:18:01+00:00 machine gtk-status-bar[3427]: 2026-07-13T20:18:01.714533Z DEBUG gtk_status_bar::widgets: Setting up title updates
2026-07-13T20:18:01+00:00 machine gtk-status-bar[3427]: 2026-07-13T20:18:01.714577Z DEBUG gtk_status_bar::widgets: Setting up battery updates
2026-07-13T20:18:01+00:00 machine gtk-status-bar[3427]: 2026-07-13T20:18:01.714620Z DEBUG gtk_status_bar::widgets: Setting up Bluetooth battery updates
2026-07-13T20:18:01+00:00 machine gtk-status-bar[3427]: 2026-07-13T20:18:01.714665Z DEBUG gtk_status_bar::widgets: Setting up network updates
2026-07-13T20:18:01+00:00 machine gtk-status-bar[3427]: 2026-07-13T20:18:01.714771Z DEBUG gtk_status_bar::widgets: Setting up volume updates with tokio async channels
2026-07-13T20:18:01+00:00 machine gtk-status-bar[3427]: 2026-07-13T20:18:01.714974Z  INFO gtk_status_bar: Application activated successfully
2026-07-13T20:18:01+00:00 machine gtk-status-bar[3427]: 2026-07-13T20:18:01.715008Z DEBUG gtk_status_bar::pw: 🔧 Initializing PipeWire on dedicated thread...
2026-07-13T20:18:01+00:00 machine gtk-status-bar[3427]: 2026-07-13T20:18:01.715037Z DEBUG gtk_status_bar::pw: 📋 Created device tracking HashMap for (node_name, description, volume, channel, mute)
2026-07-13T20:18:01+00:00 machine gtk-status-bar[3427]: 2026-07-13T20:18:01.715957Z  INFO gtk_status_bar::hypr: 🔌 Starting workspace event listener
2026-07-13T20:18:01+00:00 machine gtk-status-bar[3427]: 2026-07-13T20:18:01.715984Z DEBUG gtk_status_bar::hypr: Setting up workspace event listener
2026-07-13T20:18:01+00:00 machine gtk-status-bar[3427]: 2026-07-13T20:18:01.716110Z  INFO gtk_status_bar::hypr: 🔌 Starting title event listener
2026-07-13T20:18:01+00:00 machine gtk-status-bar[3427]: 2026-07-13T20:18:01.716139Z DEBUG gtk_status_bar::hypr: Setting up title event listener
2026-07-13T20:18:01+00:00 machine gtk-status-bar[3427]: 2026-07-13T20:18:01.716158Z DEBUG gtk_status_bar::hypr: Fetching initial title state
2026-07-13T20:18:01+00:00 machine gtk-status-bar[3427]: 2026-07-13T20:18:01.716209Z  INFO gtk_status_bar::dbus: 🔌 Starting D-Bus monitor
2026-07-13T20:18:01+00:00 machine gtk-status-bar[3427]: 2026-07-13T20:18:01.716229Z  INFO gtk_status_bar::dbus: Starting D-Bus monitoring task
2026-07-13T20:18:01+00:00 machine gtk-status-bar[3427]: 2026-07-13T20:18:01.716459Z  INFO gtk_status_bar::network: Starting network monitor
2026-07-13T20:18:01+00:00 machine gtk-status-bar[3427]: 2026-07-13T20:18:01.716530Z  INFO gtk_status_bar::tray: 🔌 Starting system tray backend
2026-07-13T20:18:01+00:00 machine gtk-status-bar[3427]: 2026-07-13T20:18:01.716593Z  INFO gtk_status_bar: Starting tray IPC server
2026-07-13T20:18:01+00:00 machine gtk-status-bar[3427]: 2026-07-13T20:18:01.719159Z DEBUG gtk_status_bar::widgets: 🚀 Starting async volume update loop...
2026-07-13T20:18:01+00:00 machine gtk-status-bar[3427]: 2026-07-13T20:18:01.719833Z DEBUG gtk_status_bar::pw: ✅ PipeWire initialized
2026-07-13T20:18:01+00:00 machine gtk-status-bar[3427]: 2026-07-13T20:18:01.719903Z DEBUG gtk_status_bar::pw: ✅ ThreadLoop created
2026-07-13T20:18:01+00:00 machine gtk-status-bar[3427]: 2026-07-13T20:18:01.728785Z DEBUG gtk_status_bar::dbus: 🔌 Registered battery match rule
2026-07-13T20:18:01+00:00 machine gtk-status-bar[3427]: 2026-07-13T20:18:01.729617Z DEBUG gtk_status_bar::dbus: 🔌 Registered bluez PropertiesChanged match rule
2026-07-13T20:18:01+00:00 machine gtk-status-bar[3427]: 2026-07-13T20:18:01.733116Z DEBUG gtk_status_bar::dbus: 🔌 Registered bluez InterfacesAdded match rule
2026-07-13T20:18:01+00:00 machine gtk-status-bar[3427]: 2026-07-13T20:18:01.733402Z  INFO tray_ipc: Tray IPC server is listening path=/run/user/1000/gtk-status-bar/tray.sock
2026-07-13T20:18:01+00:00 machine gtk-status-bar[3427]: 2026-07-13T20:18:01.734552Z DEBUG gtk_status_bar::dbus: 🔌 Registered bluez InterfacesRemoved match rule
2026-07-13T20:18:01+00:00 machine gtk-status-bar[3427]: 2026-07-13T20:18:01.741469Z  INFO gtk_status_bar::dbus: Battery is discharging (state: 2)
2026-07-13T20:18:01+00:00 machine gtk-status-bar[3427]: 2026-07-13T20:18:01.741509Z  INFO gtk_status_bar::dbus: Battery is at 33.0%
2026-07-13T20:18:01+00:00 machine gtk-status-bar[3427]: 2026-07-13T20:18:01.745269Z  INFO gtk_status_bar::dbus: Found 3 Bluetooth objects
2026-07-13T20:18:01+00:00 machine gtk-status-bar[3427]: 2026-07-13T20:18:01.745304Z  INFO gtk_status_bar::dbus: Found Bluetooth device with battery at: /org/bluez/hci0/dev_AA_BB_CC_DD_EE_10
2026-07-13T20:18:01+00:00 machine gtk-status-bar[3427]: 2026-07-13T20:18:01.745322Z  INFO gtk_status_bar::dbus: Bluetooth device battery at 77%
2026-07-13T20:18:01+00:00 machine gtk-status-bar[3427]: 2026-07-13T20:18:01.745342Z DEBUG gtk_status_bar::dbus: Added device /org/bluez/hci0/dev_AA_BB_CC_DD_EE_10 to HashMap (has_battery: true, has_media: false)
2026-07-13T20:18:01+00:00 machine gtk-status-bar[3427]: 2026-07-13T20:18:01.745369Z DEBUG gtk_status_bar::dbus: Initial bluetooth devices: {"/org/bluez/hci0/dev_AA_BB_CC_DD_EE_10": BluetoothDevice { has_battery: true, has_media: false, battery_percentage: Some(77), device_name: Some("Post Recovery Buds") }}
2026-07-13T20:18:01+00:00 machine gtk-status-bar[3427]: 2026-07-13T20:18:01.745397Z  INFO gtk_status_bar::dbus: Sent initial Bluetooth display: P77
2026-07-13T20:18:01+00:00 machine gtk-status-bar[3427]: 2026-07-13T20:18:01.745416Z  INFO gtk_status_bar::dbus: Dbus monitor: Starting to listen for D-Bus messages
2026-07-13T20:18:01+00:00 machine gtk-status-bar[3427]: 2026-07-13T20:18:01.745434Z DEBUG gtk_status_bar::dbus: Got an event in event stream: Msg { type: MethodReturn, serial: 14, sender: UniqueName(":1.68"), reply-serial: 12, body: Variant, fds: [] }
2026-07-13T20:18:01+00:00 machine gtk-status-bar[3427]: 2026-07-13T20:18:01.745456Z DEBUG gtk_status_bar::dbus: Dbus monitor: Received D-Bus message from path: None, interface: None, member: None
2026-07-13T20:18:01+00:00 machine gtk-status-bar[3427]: 2026-07-13T20:18:01.745474Z ERROR gtk_status_bar::dbus: Dbus monitor: Received message with no path, ignoring
2026-07-13T20:18:01+00:00 machine gtk-status-bar[3427]: 2026-07-13T20:18:01.745505Z DEBUG gtk_status_bar::dbus: Got an event in event stream: Msg { type: MethodReturn, serial: 15, sender: UniqueName(":1.68"), reply-serial: 15, body: Variant, fds: [] }
2026-07-13T20:18:01+00:00 machine gtk-status-bar[3427]: 2026-07-13T20:18:01.745526Z DEBUG gtk_status_bar::dbus: Dbus monitor: Received D-Bus message from path: None, interface: None, member: None
2026-07-13T20:18:01+00:00 machine gtk-status-bar[3427]: 2026-07-13T20:18:01.745543Z ERROR gtk_status_bar::dbus: Dbus monitor: Received message with no path, ignoring
2030-01-02T03:04:58+00:00 machine gtk-status-bar[3427]: 2026-07-13T20:18:01.745561Z DEBUG gtk_status_bar::dbus: Got an event in event stream: Msg { type: MethodReturn, serial: 33, sender: UniqueName(":1.69"), reply-serial: 16, body: Dict { key: Dynamic { child: ObjectPath }, value: Dynamic { child: Dict { key: Dynamic { child: Str }, value: Dynamic { child: Dict { key: Dynamic { child: Str }, value: Dynamic { child: Variant } } } } } }, fds: [] }
2030-01-02T03:04:58+00:00 machine gtk-status-bar[3427]: 2026-07-13T20:18:01.745584Z DEBUG gtk_status_bar::dbus: Dbus monitor: Received D-Bus message from path: None, interface: None, member: None
2030-01-02T03:04:58+00:00 machine gtk-status-bar[3427]: 2026-07-13T20:18:01.745601Z ERROR gtk_status_bar::dbus: Dbus monitor: Received message with no path, ignoring
2030-01-02T03:04:58+00:00 machine gtk-status-bar[3427]: 2026-07-13T20:18:01.754139Z  INFO gtk_status_bar::tray: Serving StatusNotifierWatcher for tray applications
2030-01-02T03:04:58+00:00 machine gtk-status-bar[3427]: 2026-07-13T20:18:01.755347Z DEBUG gtk_status_bar::network: Sent network update label="\u{f091f} 28% ?"
2030-01-02T03:04:58+00:00 machine gtk-status-bar[3427]: 2026-07-13T20:18:01.756164Z DEBUG gtk_status_bar::pw: ✅ Context created
2030-01-02T03:04:58+00:00 machine gtk-status-bar[3427]: 2026-07-13T20:18:01.756338Z DEBUG gtk_status_bar::pw: ✅ Core connected
2030-01-02T03:04:58+00:00 machine gtk-status-bar[3427]: 2026-07-13T20:18:01.756361Z DEBUG gtk_status_bar::pw: ✅ Registry obtained
2030-01-02T03:04:58+00:00 machine gtk-status-bar[3427]: 2026-07-13T20:18:01.756381Z DEBUG gtk_status_bar::pw: 🎵 PipeWire ThreadLoop started - monitoring volume changes with default sink filtering
2030-01-02T03:04:58+00:00 machine gtk-status-bar[3427]: 2026-07-13T20:18:01.756525Z DEBUG gtk_status_bar::pw: ✅ ThreadLoop started successfully
2030-01-02T03:04:58+00:00 machine gtk-status-bar[3427]: 2026-07-13T20:18:01.756545Z DEBUG gtk_status_bar::pw: 🔄 PipeWire thread running - async event delivery active...
2030-01-02T03:04:58+00:00 machine gtk-status-bar[3427]: 2026-07-13T20:18:01.757546Z DEBUG gtk_status_bar::pw: 📡 PipeWire connected: pipewire-0
2030-01-02T03:04:58+00:00 machine gtk-status-bar[3427]: 2026-07-13T20:18:01.757614Z DEBUG gtk_status_bar::pw: 🚫 Skipping metadata '' (props: Some(DictRef { flags: Flags(0x0), entries: {"object.serial": "0", "core.name": "pipewire-0"} }))
2030-01-02T03:04:58+00:00 machine gtk-status-bar[3427]: 2026-07-13T20:18:01.757639Z DEBUG gtk_status_bar::pw: 🚫 Skipping metadata '' (props: Some(DictRef { flags: Flags(0x0), entries: {"object.serial": "1", "module.name": "libpipewire-module-rt"} }))
2030-01-02T03:04:58+00:00 machine gtk-status-bar[3427]: 2026-07-13T20:18:01.757660Z DEBUG gtk_status_bar::pw: 🚫 Skipping metadata '' (props: Some(DictRef { flags: Flags(0x0), entries: {"object.serial": "3"} }))
2030-01-02T03:04:58+00:00 machine gtk-status-bar[3427]: 2026-07-13T20:18:01.757740Z DEBUG gtk_status_bar::pw: 🚫 Skipping metadata '' (props: Some(DictRef { flags: Flags(0x0), entries: {"object.serial": "2", "module.name": "libpipewire-module-protocol-native"} }))
2030-01-02T03:04:58+00:00 machine gtk-status-bar[3427]: 2026-07-13T20:18:01.757762Z DEBUG gtk_status_bar::pw: 🚫 Skipping metadata '' (props: Some(DictRef { flags: Flags(0x0), entries: {"object.serial": "5"} }))
2030-01-02T03:04:58+00:00 machine gtk-status-bar[3427]: 2026-07-13T20:18:01.757782Z DEBUG gtk_status_bar::pw: 🚫 Skipping metadata '' (props: Some(DictRef { flags: Flags(0x0), entries: {"object.serial": "4", "module.name": "libpipewire-module-profiler"} }))
2030-01-02T03:04:58+00:00 machine gtk-status-bar[3427]: 2026-07-13T20:18:01.757803Z DEBUG gtk_status_bar::pw: 🚫 Skipping metadata '' (props: Some(DictRef { flags: Flags(0x0), entries: {"object.serial": "6", "module.name": "libpipewire-module-metadata"} }))
2030-01-02T03:04:58+00:00 machine gtk-status-bar[3427]: 2026-07-13T20:18:01.757824Z DEBUG gtk_status_bar::pw: 🚫 Skipping metadata '' (props: Some(DictRef { flags: Flags(0x0), entries: {"object.serial": "7", "module.id": "6", "factory.name": "metadata", "factory.type.name": "PipeWire:Interface:Metadata", "factory.type.version": "3"} }))
2030-01-02T03:04:58+00:00 machine gtk-status-bar[3427]: 2026-07-13T20:18:01.757846Z DEBUG gtk_status_bar::pw: 🚫 Skipping metadata '' (props: Some(DictRef { flags: Flags(0x0), entries: {"object.serial": "8", "module.name": "libpipewire-module-spa-device-factory"} }))
2030-01-02T03:04:58+00:00 machine gtk-status-bar[3427]: 2026-07-13T20:18:01.757867Z DEBUG gtk_status_bar::pw: 🚫 Skipping metadata '' (props: Some(DictRef { flags: Flags(0x0), entries: {"object.serial": "9", "module.id": "8", "factory.name": "spa-device-factory", "factory.type.name": "PipeWire:Interface:Device", "factory.type.version": "3"} }))
2030-01-02T03:04:58+00:00 machine gtk-status-bar[3427]: 2026-07-13T20:18:01.757890Z DEBUG gtk_status_bar::pw: 🚫 Skipping metadata '' (props: Some(DictRef { flags: Flags(0x0), entries: {"object.serial": "10", "module.name": "libpipewire-module-spa-node-factory"} }))
2030-01-02T03:04:58+00:00 machine gtk-status-bar[3427]: 2026-07-13T20:18:01.757912Z DEBUG gtk_status_bar::pw: 🚫 Skipping metadata '' (props: Some(DictRef { flags: Flags(0x0), entries: {"object.serial": "11", "module.id": "10", "factory.name": "spa-node-factory", "factory.type.name": "PipeWire:Interface:Node", "factory.type.version": "3"} }))
2030-01-02T03:04:58+00:00 machine gtk-status-bar[3427]: 2026-07-13T20:18:01.757933Z DEBUG gtk_status_bar::pw: 🚫 Skipping metadata '' (props: Some(DictRef { flags: Flags(0x0), entries: {"object.serial": "12", "module.name": "libpipewire-module-client-node"} }))
2030-01-02T03:04:58+00:00 machine gtk-status-bar[3427]: 2026-07-13T20:18:01.757954Z DEBUG gtk_status_bar::pw: 🚫 Skipping metadata '' (props: Some(DictRef { flags: Flags(0x0), entries: {"object.serial": "13", "module.id": "12", "factory.name": "client-node", "factory.type.name": "PipeWire:Interface:ClientNode", "factory.type.version": "6"} }))
2030-01-02T03:04:58+00:00 machine gtk-status-bar[3427]: 2026-07-13T20:18:01.757977Z DEBUG gtk_status_bar::pw: 🚫 Skipping metadata '' (props: Some(DictRef { flags: Flags(0x0), entries: {"object.serial": "14", "module.name": "libpipewire-module-client-device"} }))
2030-01-02T03:04:58+00:00 machine gtk-status-bar[3427]: 2026-07-13T20:18:01.757997Z DEBUG gtk_status_bar::pw: 🚫 Skipping metadata '' (props: Some(DictRef { flags: Flags(0x0), entries: {"object.serial": "15", "module.id": "14", "factory.name": "client-device", "factory.type.name": "Spa:Pointer:Interface:Device", "factory.type.version": "0"} }))
2030-01-02T03:04:58+00:00 machine gtk-status-bar[3427]: 2026-07-13T20:18:01.758018Z DEBUG gtk_status_bar::pw: 🚫 Skipping metadata '' (props: Some(DictRef { flags: Flags(0x0), entries: {"object.serial": "16", "module.name": "libpipewire-module-portal"} }))
2030-01-02T03:04:58+00:00 machine gtk-status-bar[3427]: 2026-07-13T20:18:01.758038Z DEBUG gtk_status_bar::pw: 🚫 Skipping metadata '' (props: Some(DictRef { flags: Flags(0x0), entries: {"object.serial": "17", "module.name": "libpipewire-module-access"} }))
2030-01-02T03:04:58+00:00 machine gtk-status-bar[3427]: 2026-07-13T20:18:01.758058Z DEBUG gtk_status_bar::pw: 🚫 Skipping metadata '' (props: Some(DictRef { flags: Flags(0x0), entries: {"object.serial": "18", "module.name": "libpipewire-module-adapter"} }))
2030-01-02T03:04:58+00:00 machine gtk-status-bar[3427]: 2026-07-13T20:18:01.758079Z DEBUG gtk_status_bar::pw: 🚫 Skipping metadata '' (props: Some(DictRef { flags: Flags(0x0), entries: {"object.serial": "19", "module.id": "18", "factory.name": "adapter", "factory.type.name": "PipeWire:Interface:Node", "factory.type.version": "3"} }))
2030-01-02T03:04:58+00:00 machine gtk-status-bar[3427]: 2026-07-13T20:18:01.758099Z DEBUG gtk_status_bar::pw: 🚫 Skipping metadata '' (props: Some(DictRef { flags: Flags(0x0), entries: {"object.serial": "20", "module.name": "libpipewire-module-link-factory"} }))
2030-01-02T03:04:58+00:00 machine gtk-status-bar[3427]: 2026-07-13T20:18:01.758119Z DEBUG gtk_status_bar::pw: 🚫 Skipping metadata '' (props: Some(DictRef { flags: Flags(0x0), entries: {"object.serial": "21", "module.id": "20", "factory.name": "link-factory", "factory.type.name": "PipeWire:Interface:Link", "factory.type.version": "3"} }))
2030-01-02T03:04:58+00:00 machine gtk-status-bar[3427]: 2026-07-13T20:18:01.758140Z DEBUG gtk_status_bar::pw: 🚫 Skipping metadata '' (props: Some(DictRef { flags: Flags(0x0), entries: {"object.serial": "22", "module.name": "libpipewire-module-session-manager"} }))
2030-01-02T03:04:58+00:00 machine gtk-status-bar[3427]: 2026-07-13T20:18:01.758160Z DEBUG gtk_status_bar::pw: 🚫 Skipping metadata '' (props: Some(DictRef { flags: Flags(0x0), entries: {"object.serial": "23", "module.id": "22", "factory.name": "client-endpoint", "factory.type.name": "PipeWire:Interface:ClientEndpoint", "factory.type.version": "0"} }))
2030-01-02T03:04:58+00:00 machine gtk-status-bar[3427]: 2026-07-13T20:18:01.758181Z DEBUG gtk_status_bar::pw: 🚫 Skipping metadata '' (props: Some(DictRef { flags: Flags(0x0), entries: {"object.serial": "24", "module.id": "22", "factory.name": "client-session", "factory.type.name": "PipeWire:Interface:ClientSession", "factory.type.version": "0"} }))
2030-01-02T03:04:58+00:00 machine gtk-status-bar[3427]: 2026-07-13T20:18:01.758202Z DEBUG gtk_status_bar::pw: 🚫 Skipping metadata '' (props: Some(DictRef { flags: Flags(0x0), entries: {"object.serial": "25", "module.id": "22", "factory.name": "session", "factory.type.name": "PipeWire:Interface:Session", "factory.type.version": "0"} }))
2030-01-02T03:04:58+00:00 machine gtk-status-bar[3427]: 2026-07-13T20:18:01.758222Z DEBUG gtk_status_bar::pw: 🚫 Skipping metadata '' (props: Some(DictRef { flags: Flags(0x0), entries: {"object.serial": "26", "module.id": "22", "factory.name": "endpoint", "factory.type.name": "PipeWire:Interface:Endpoint", "factory.type.version": "0"} }))
2030-01-02T03:04:58+00:00 machine gtk-status-bar[3427]: 2026-07-13T20:18:01.758244Z DEBUG gtk_status_bar::pw: 🚫 Skipping metadata '' (props: Some(DictRef { flags: Flags(0x0), entries: {"object.serial": "27", "module.id": "22", "factory.name": "endpoint-stream", "factory.type.name": "PipeWire:Interface:EndpointStream", "factory.type.version": "0"} }))
2030-01-02T03:04:58+00:00 machine gtk-status-bar[3427]: 2026-07-13T20:18:01.758266Z DEBUG gtk_status_bar::pw: 🚫 Skipping metadata '' (props: Some(DictRef { flags: Flags(0x0), entries: {"object.serial": "28", "module.id": "22", "factory.name": "endpoint-link", "factory.type.name": "PipeWire:Interface:EndpointLink", "factory.type.version": "0"} }))
2030-01-02T03:04:58+00:00 machine gtk-status-bar[3427]: 2026-07-13T20:18:01.758286Z DEBUG gtk_status_bar::pw: 🚫 Skipping metadata '' (props: Some(DictRef { flags: Flags(0x0), entries: {"object.serial": "29", "module.name": "libpipewire-module-x11-bell"} }))
2030-01-02T03:04:58+00:00 machine gtk-status-bar[3427]: 2026-07-13T20:18:01.758307Z DEBUG gtk_status_bar::pw: 🚫 Skipping metadata '' (props: Some(DictRef { flags: Flags(0x0), entries: {"object.serial": "30", "module.name": "libpipewire-module-jackdbus-detect"} }))
2030-01-02T03:04:58+00:00 machine gtk-status-bar[3427]: 2026-07-13T20:18:01.758327Z DEBUG gtk_status_bar::pw: 🚫 Skipping metadata '' (props: Some(DictRef { flags: Flags(0x0), entries: {"object.serial": "31", "factory.id": "11", "priority.driver": "200000", "node.name": "Dummy-Driver"} }))
2030-01-02T03:04:58+00:00 machine gtk-status-bar[3427]: 2026-07-13T20:18:01.758348Z DEBUG gtk_status_bar::pw: 🔍 Checking node - media.class: None
2030-01-02T03:04:58+00:00 machine gtk-status-bar[3427]: 2026-07-13T20:18:01.758365Z DEBUG gtk_status_bar::pw: 🔍 Node filter result: false for media.class: None
2030-01-02T03:04:58+00:00 machine gtk-status-bar[3427]: 2026-07-13T20:18:01.758384Z DEBUG gtk_status_bar::pw: 🚫 Skipping metadata '' (props: Some(DictRef { flags: Flags(0x0), entries: {"object.serial": "32", "factory.id": "11", "priority.driver": "190000", "node.name": "Freewheel-Driver"} }))
2030-01-02T03:04:58+00:00 machine gtk-status-bar[3427]: 2026-07-13T20:18:01.758403Z DEBUG gtk_status_bar::pw: 🔍 Checking node - media.class: None
2030-01-02T03:04:58+00:00 machine gtk-status-bar[3427]: 2026-07-13T20:18:01.758420Z DEBUG gtk_status_bar::pw: 🔍 Node filter result: false for media.class: None
2030-01-02T03:04:58+00:00 machine gtk-status-bar[3427]: 2026-07-13T20:18:01.758439Z DEBUG gtk_status_bar::pw: 🚫 Skipping metadata 'settings' (props: Some(DictRef { flags: Flags(0x0), entries: {"object.serial": "33", "metadata.name": "settings"} }))
2030-01-02T03:04:58+00:00 machine gtk-status-bar[3427]: 2026-07-13T20:18:01.758460Z DEBUG gtk_status_bar::pw: 🚫 Skipping metadata '' (props: Some(DictRef { flags: Flags(0x0), entries: {"object.serial": "34", "module.id": "2", "pipewire.protocol": "protocol-native", "pipewire.sec.pid": "1287", "pipewire.sec.uid": "1000", "pipewire.sec.gid": "100", "pipewire.sec.socket": "pipewire-0", "application.name": ".xdg-desktop-portal-wrapped", "pipewire.access": "unrestricted"} }))
2030-01-02T03:04:58+00:00 machine gtk-status-bar[3427]: 2026-07-13T20:18:01.758482Z DEBUG gtk_status_bar::pw: 🚫 Skipping metadata '' (props: Some(DictRef { flags: Flags(0x0), entries: {"object.serial": "35", "module.id": "2", "pipewire.protocol": "protocol-native", "pipewire.sec.pid": "1363", "pipewire.sec.uid": "1000", "pipewire.sec.gid": "100", "pipewire.sec.socket": "pipewire-0-manager", "application.name": "WirePlumber", "pipewire.access": "unrestricted"} }))
2030-01-02T03:04:58+00:00 machine gtk-status-bar[3427]: 2026-07-13T20:18:01.758514Z DEBUG gtk_status_bar::pw: 🚫 Skipping metadata 'schema-sm-settings' (props: Some(DictRef { flags: Flags(0x0), entries: {"metadata.name": "schema-sm-settings", "factory.id": "7", "module.id": "6", "client.id": "35", "object.serial": "36"} }))
2030-01-02T03:04:58+00:00 machine gtk-status-bar[3427]: 2026-07-13T20:18:01.758536Z DEBUG gtk_status_bar::pw: 🚫 Skipping metadata 'persistent-sm-settings' (props: Some(DictRef { flags: Flags(0x0), entries: {"metadata.name": "persistent-sm-settings", "factory.id": "7", "module.id": "6", "client.id": "35", "object.serial": "37"} }))
2030-01-02T03:04:58+00:00 machine gtk-status-bar[3427]: 2026-07-13T20:18:01.758557Z DEBUG gtk_status_bar::pw: 🚫 Skipping metadata 'sm-settings' (props: Some(DictRef { flags: Flags(0x0), entries: {"metadata.name": "sm-settings", "factory.id": "7", "module.id": "6", "client.id": "35", "object.serial": "38"} }))
2030-01-02T03:04:58+00:00 machine gtk-status-bar[3427]: 2026-07-13T20:18:01.758578Z DEBUG gtk_status_bar::pw: 🚫 Skipping metadata 'sm-objects' (props: Some(DictRef { flags: Flags(0x0), entries: {"metadata.name": "sm-objects", "factory.id": "7", "module.id": "6", "client.id": "35", "object.serial": "39"} }))
2030-01-02T03:04:58+00:00 machine gtk-status-bar[3427]: 2026-07-13T20:18:01.758599Z DEBUG gtk_status_bar::pw: 🚫 Skipping metadata 'default-profile' (props: Some(DictRef { flags: Flags(0x0), entries: {"wireplumber.state": "true", "metadata.name": "default-profile", "factory.id": "7", "module.id": "6", "client.id": "35", "object.serial": "40"} }))
2030-01-02T03:04:58+00:00 machine gtk-status-bar[3427]: 2026-07-13T20:18:01.758620Z DEBUG gtk_status_bar::pw: ✅ Processing metadata.name == default
2030-01-02T03:04:58+00:00 machine gtk-status-bar[3427]: 2026-07-13T20:18:01.758639Z DEBUG gtk_status_bar::pw: 📋 Found metadata object: Some(DictRef { flags: Flags(0x0), entries: {"metadata.name": "default", "factory.id": "7", "module.id": "6", "client.id": "35", "object.serial": "41"} })
2030-01-02T03:04:58+00:00 machine gtk-status-bar[3427]: 2026-07-13T20:18:01.758673Z DEBUG gtk_status_bar::pw: 📋 Bound 'default' Metadata (id=3)
2030-01-02T03:04:58+00:00 machine gtk-status-bar[3427]: 2026-07-13T20:18:01.762268Z DEBUG gtk_status_bar::pw: 🚫 Skipping metadata 'filters' (props: Some(DictRef { flags: Flags(0x0), entries: {"metadata.name": "filters", "factory.id": "7", "module.id": "6", "client.id": "35", "object.serial": "43"} }))
2030-01-02T03:04:58+00:00 machine gtk-status-bar[3427]: 2026-07-13T20:18:01.762300Z DEBUG gtk_status_bar::pw: 🚫 Skipping metadata 'route-settings' (props: Some(DictRef { flags: Flags(0x0), entries: {"metadata.name": "route-settings", "factory.id": "7", "module.id": "6", "client.id": "35", "object.serial": "44"} }))
2030-01-02T03:04:58+00:00 machine gtk-status-bar[3427]: 2026-07-13T20:18:01.762323Z DEBUG gtk_status_bar::pw: 🚫 Skipping metadata '' (props: Some(DictRef { flags: Flags(0x0), entries: {"object.serial": "45", "module.id": "2", "pipewire.protocol": "protocol-native", "pipewire.sec.pid": "1363", "pipewire.sec.uid": "1000", "pipewire.sec.gid": "100", "pipewire.sec.socket": "pipewire-0-manager", "application.name": "WirePlumber [export]", "pipewire.access": "unrestricted"} }))
2030-01-02T03:04:58+00:00 machine gtk-status-bar[3427]: 2026-07-13T20:18:01.762919Z DEBUG gtk_status_bar::pw: 🚫 Skipping metadata '' (props: Some(DictRef { flags: Flags(0x0), entries: {"object.serial": "46", "factory.id": "11", "client.id": "45", "priority.session": "100", "priority.driver": "1", "node.name": "Midi-Bridge", "media.class": "Midi/Bridge"} }))
2030-01-02T03:04:58+00:00 machine gtk-status-bar[3427]: 2026-07-13T20:18:01.762947Z DEBUG gtk_status_bar::pw: 🔍 Checking node - media.class: Some("Midi/Bridge")
2030-01-02T03:04:58+00:00 machine gtk-status-bar[3427]: 2026-07-13T20:18:01.762966Z DEBUG gtk_status_bar::pw: 🔍 Node filter result: false for media.class: Some("Midi/Bridge")
2030-01-02T03:04:58+00:00 machine gtk-status-bar[3427]: 2026-07-13T20:18:01.762988Z DEBUG gtk_status_bar::pw: 🚫 Skipping metadata '' (props: Some(DictRef { flags: Flags(0x0), entries: {"object.serial": "47", "object.path": "alsa:seq:default:client_14:playback_0", "format.dsp": "8 bit raw midi", "node.id": "46", "port.id": "0", "port.name": "Midi Through: Port-0 (playback)", "port.direction": "in", "port.physical": "true", "port.terminal": "true", "port.alias": "Midi Through:Midi Through Port-0", "port.group": "client_14"} }))
2030-01-02T03:04:58+00:00 machine gtk-status-bar[3427]: 2026-07-13T20:18:01.763012Z DEBUG gtk_status_bar::pw: 🚫 Skipping metadata '' (props: Some(DictRef { flags: Flags(0x0), entries: {"object.serial": "48", "object.path": "alsa:seq:default:client_14:capture_0", "format.dsp": "8 bit raw midi", "node.id": "46", "port.id": "0", "port.name": "Midi Through: Port-0 (capture)", "port.direction": "out", "port.physical": "true", "port.terminal": "true", "port.alias": "Midi Through:Midi Through Port-0", "port.group": "client_14"} }))
2030-01-02T03:04:58+00:00 machine gtk-status-bar[3427]: 2026-07-13T20:18:01.763037Z DEBUG gtk_status_bar::pw: 🚫 Skipping metadata '' (props: Some(DictRef { flags: Flags(0x0), entries: {"object.serial": "42", "module.id": "2", "pipewire.protocol": "protocol-native", "pipewire.sec.pid": "1373", "pipewire.sec.uid": "1000", "pipewire.sec.gid": "100", "pipewire.sec.socket": "pipewire-0", "application.name": ".xdg-desktop-portal-hyprland-wrapped", "pipewire.access": "unrestricted"} }))
2030-01-02T03:04:58+00:00 machine gtk-status-bar[3427]: 2026-07-13T20:18:01.763060Z DEBUG gtk_status_bar::pw: 🚫 Skipping metadata '' (props: Some(DictRef { flags: Flags(0x0), entries: {"object.serial": "49", "factory.id": "14", "client.id": "45", "node.description": "BLE MIDI 1", "node.name": "bluez_midi.server", "media.class": "Midi/Bridge"} }))
2030-01-02T03:04:58+00:00 machine gtk-status-bar[3427]: 2026-07-13T20:18:01.763081Z DEBUG gtk_status_bar::pw: 🔍 Checking node - media.class: Some("Midi/Bridge")
2030-01-02T03:04:58+00:00 machine gtk-status-bar[3427]: 2026-07-13T20:18:01.763098Z DEBUG gtk_status_bar::pw: 🔍 Node filter result: false for media.class: Some("Midi/Bridge")
2030-01-02T03:04:58+00:00 machine gtk-status-bar[3427]: 2026-07-13T20:18:01.763117Z DEBUG gtk_status_bar::pw: 🚫 Skipping metadata '' (props: Some(DictRef { flags: Flags(0x0), entries: {"object.serial": "50", "object.path": "bluez_midi.server:input_0", "format.dsp": "8 bit raw midi", "node.id": "49", "port.id": "0", "port.name": "in", "port.direction": "in", "port.physical": "true", "port.terminal": "true", "port.alias": "in", "port.group": "group.0"} }))
2030-01-02T03:04:58+00:00 machine gtk-status-bar[3427]: 2026-07-13T20:18:01.763141Z DEBUG gtk_status_bar::pw: 🚫 Skipping metadata '' (props: Some(DictRef { flags: Flags(0x0), entries: {"object.serial": "51", "object.path": "bluez_midi.server:output_0", "format.dsp": "8 bit raw midi", "node.id": "49", "port.id": "0", "port.name": "out", "port.direction": "out", "port.physical": "true", "port.terminal": "true", "port.alias": "out", "port.group": "group.0"} }))
2030-01-02T03:04:58+00:00 machine gtk-status-bar[3427]: 2026-07-13T20:18:01.763165Z DEBUG gtk_status_bar::pw: 🚫 Skipping metadata '' (props: Some(DictRef { flags: Flags(0x0), entries: {"object.serial": "52", "module.id": "2", "pipewire.protocol": "protocol-native", "pipewire.sec.pid": "1425", "pipewire.sec.uid": "1000", "pipewire.sec.gid": "100", "pipewire.sec.socket": "pipewire-0", "application.name": "pipewire", "pipewire.access": "unrestricted"} }))
2030-01-02T03:04:58+00:00 machine gtk-status-bar[3427]: 2026-07-13T20:18:01.763187Z DEBUG gtk_status_bar::pw: 🚫 Skipping metadata '' (props: Some(DictRef { flags: Flags(0x0), entries: {"object.serial": "53", "module.id": "2", "pipewire.protocol": "protocol-native", "pipewire.sec.pid": "1425", "pipewire.sec.uid": "1000", "pipewire.sec.gid": "100", "pipewire.sec.socket": "pipewire-0", "application.name": "Blueman", "pipewire.access": "unrestricted"} }))
2030-01-02T03:04:58+00:00 machine gtk-status-bar[3427]: 2026-07-13T20:18:01.763210Z DEBUG gtk_status_bar::pw: 🚫 Skipping metadata '' (props: Some(DictRef { flags: Flags(0x0), entries: {"object.serial": "86", "factory.id": "19", "client.id": "52", "node.description": "Dummy Output", "node.name": "auto_null", "media.class": "Audio/Sink"} }))
2030-01-02T03:04:58+00:00 machine gtk-status-bar[3427]: 2026-07-13T20:18:01.763230Z DEBUG gtk_status_bar::pw: 🔍 Checking node - media.class: Some("Audio/Sink")
2030-01-02T03:04:58+00:00 machine gtk-status-bar[3427]: 2026-07-13T20:18:01.763247Z DEBUG gtk_status_bar::pw: 🔍 Node filter result: true for media.class: Some("Audio/Sink")
2030-01-02T03:04:58+00:00 machine gtk-status-bar[3427]: 2026-07-13T20:18:01.763277Z DEBUG gtk_status_bar::pw: 📱 Monitoring audio node: Dummy Output (4) [node.name: auto_null]
2030-01-02T03:04:58+00:00 machine gtk-status-bar[3427]: 2026-07-13T20:18:01.763294Z DEBUG gtk_status_bar::pw: 🔗 ADDING NODE LISTENER for node.name: auto_null
2030-01-02T03:04:58+00:00 machine gtk-status-bar[3427]: 2026-07-13T20:18:01.763313Z DEBUG gtk_status_bar::pw: 📝 Added device to HashMap: 4 -> (auto_null, Dummy Output, no volume yet)
2030-01-02T03:04:58+00:00 machine gtk-status-bar[3427]: 2026-07-13T20:18:01.763330Z DEBUG gtk_status_bar::pw: 🗂️ Current device map size: 1
2030-01-02T03:04:58+00:00 machine gtk-status-bar[3427]: 2026-07-13T20:18:01.763355Z DEBUG gtk_status_bar::pw: 🚫 Skipping metadata '' (props: Some(DictRef { flags: Flags(0x0), entries: {"object.serial": "87", "object.path": "auto_null:playback_0", "format.dsp": "32 bit float mono audio", "node.id": "61", "audio.channel": "FL", "port.id": "0", "port.name": "playback_FL", "port.direction": "in", "port.alias": "Dummy Output:playback_FL", "port.group": "stream.0"} }))
2030-01-02T03:04:58+00:00 machine gtk-status-bar[3427]: 2026-07-13T20:18:01.763378Z DEBUG gtk_status_bar::pw: 🚫 Skipping metadata '' (props: Some(DictRef { flags: Flags(0x0), entries: {"object.serial": "88", "object.path": "auto_null:playback_1", "format.dsp": "32 bit float mono audio", "node.id": "61", "audio.channel": "FR", "port.id": "1", "port.name": "playback_FR", "port.direction": "in", "port.alias": "Dummy Output:playback_FR", "port.group": "stream.0"} }))
2030-01-02T03:04:58+00:00 machine gtk-status-bar[3427]: 2026-07-13T20:18:01.763507Z DEBUG gtk_status_bar::pw: 🚫 Skipping metadata '' (props: Some(DictRef { flags: Flags(0x0), entries: {"object.serial": "89", "object.path": "auto_null:monitor_0", "format.dsp": "32 bit float mono audio", "node.id": "61", "audio.channel": "FL", "port.id": "0", "port.name": "monitor_FL", "port.direction": "out", "port.monitor": "true", "port.alias": "Dummy Output:monitor_FL", "port.group": "stream.0"} }))
2030-01-02T03:04:58+00:00 machine gtk-status-bar[3427]: 2026-07-13T20:18:01.765126Z DEBUG gtk_status_bar::pw: 🚫 Skipping metadata '' (props: Some(DictRef { flags: Flags(0x0), entries: {"object.serial": "90", "object.path": "auto_null:monitor_1", "format.dsp": "32 bit float mono audio", "node.id": "61", "audio.channel": "FR", "port.id": "1", "port.name": "monitor_FR", "port.direction": "out", "port.monitor": "true", "port.alias": "Dummy Output:monitor_FR", "port.group": "stream.0"} }))
2030-01-02T03:04:58+00:00 machine gtk-status-bar[3427]: 2026-07-13T20:18:01.765179Z DEBUG gtk_status_bar::pw: 🚫 Skipping metadata '' (props: Some(DictRef { flags: Flags(0x0), entries: {"object.serial": "92", "module.id": "2", "pipewire.protocol": "protocol-native", "pipewire.sec.pid": "3427", "pipewire.sec.uid": "1000", "pipewire.sec.gid": "100", "pipewire.sec.socket": "pipewire-0", "application.name": ".gtk-status-bar-wrapped", "pipewire.access": "unrestricted"} }))
2030-01-02T03:04:58+00:00 machine gtk-status-bar[3427]: 2026-07-13T20:18:01.769296Z DEBUG gtk_status_bar::pw: 📝 metadata.property subject=0 key=Some("default.configured.audio.sink") value=Some("{ \"name\": \"Bravo\" }")
2030-01-02T03:04:58+00:00 machine gtk-status-bar[3427]: 2026-07-13T20:18:01.769323Z DEBUG gtk_status_bar::pw: 🔍 Processing metadata property: default.configured.audio.sink={ "name": "Bravo" }
2030-01-02T03:04:58+00:00 machine gtk-status-bar[3427]: 2026-07-13T20:18:01.769342Z DEBUG gtk_status_bar::pw: 🔧 Other metadata property: default.configured.audio.sink (ignored)
2030-01-02T03:04:58+00:00 machine gtk-status-bar[3427]: 2026-07-13T20:18:01.769360Z DEBUG gtk_status_bar::pw: 📝 metadata.property subject=0 key=Some("default.audio.sink") value=Some("{\"name\":\"auto_null\"}")
2030-01-02T03:04:58+00:00 machine gtk-status-bar[3427]: 2026-07-13T20:18:01.769378Z DEBUG gtk_status_bar::pw: 🔍 Processing metadata property: default.audio.sink={"name":"auto_null"}
2030-01-02T03:04:58+00:00 machine gtk-status-bar[3427]: 2026-07-13T20:18:01.769871Z  INFO gtk_status_bar::pw: 🔄 Default sink -> auto_null
2030-01-02T03:04:58+00:00 machine gtk-status-bar[3427]: 2026-07-13T20:18:01.769888Z DEBUG gtk_status_bar::pw: 🎯 SINK CHANGE: None -> auto_null (should trigger volume fetch)
2030-01-02T03:04:58+00:00 machine gtk-status-bar[3427]: 2026-07-13T20:18:01.769906Z DEBUG gtk_status_bar::pw: 🗂️ Searching device map for default sink 'auto_null'
2030-01-02T03:04:58+00:00 machine gtk-status-bar[3427]: 2026-07-13T20:18:01.769922Z DEBUG gtk_status_bar::pw: 🗂️ Current device map contents: {4: ("auto_null", "Dummy Output", None, None, None)}
2030-01-02T03:04:58+00:00 machine gtk-status-bar[3427]: 2026-07-13T20:18:01.769947Z DEBUG gtk_status_bar::pw: 🔍 Checking device 4: node_name='auto_null', description='Dummy Output' against default sink 'auto_null'
2030-01-02T03:04:58+00:00 machine gtk-status-bar[3427]: 2026-07-13T20:18:01.769965Z DEBUG gtk_status_bar::pw: 🎯 MATCH! Found device 4 with node_name 'auto_null' matching default sink
2030-01-02T03:04:58+00:00 machine gtk-status-bar[3427]: 2026-07-13T20:18:01.769982Z DEBUG gtk_status_bar::pw: 🎨 Updating GUI label to: 'Dummy Output' with cached volume data
2030-01-02T03:04:58+00:00 machine gtk-status-bar[3427]: 2026-07-13T20:18:01.769998Z DEBUG gtk_status_bar::pw: 💾 Cached volume data: Vol: None%, Ch: None%, Mute: None
2030-01-02T03:04:58+00:00 machine gtk-status-bar[3427]: 2026-07-13T20:18:01.770020Z DEBUG gtk_status_bar::pw: ✅ Sent REAL volume data to GUI: 'Dummy Output' Vol: None%, Ch: None%, Mute: None
2030-01-02T03:04:58+00:00 machine gtk-status-bar[3427]: 2026-07-13T20:18:01.770047Z DEBUG gtk_status_bar::pw: 🎛️  NODE PARAM CALLBACK: Dummy Output (4) received Props param
2030-01-02T03:04:58+00:00 machine gtk-status-bar[3427]: 2026-07-13T20:18:01.770069Z DEBUG gtk_status_bar::pw: 🔊 Node 4: Dummy Output - Vol: Some(100)% | Ch: Some(100)% | Mute: Some(false) [CACHING]
2030-01-02T03:04:58+00:00 machine gtk-status-bar[3427]: 2026-07-13T20:18:01.770087Z DEBUG gtk_status_bar::pw: 📝 Updated volume cache for device 4: Dummy Output -> Vol: Some(100)%, Ch: Some(100)%, Mute: Some(false)
2030-01-02T03:04:58+00:00 machine gtk-status-bar[3427]: 2026-07-13T20:18:01.770105Z DEBUG gtk_status_bar::pw: 🎯 Checking if device 4 is default: current_default=Some("auto_null"), node_name=auto_null, is_default=true
2030-01-02T03:04:59+00:00 machine gtk-status-bar[3427]: 2026-07-13T20:18:01.770123Z DEBUG gtk_status_bar::pw: 📤 SENDING VOLUME UPDATE to GUI for default sink (node id=4)
2030-01-02T03:04:59+00:00 machine gtk-status-bar[3427]: 2026-07-13T20:18:01.770144Z ERROR gtk_status_bar::pw: ❌ PipeWire error id:4 seq:5 res:-2: enum params id:13 (Spa:Enum:ParamId:Route) failed
2030-01-02T03:04:59+00:00 machine gtk-status-bar[3427]: 2026-07-13T20:18:01.774654Z  INFO gtk_status_bar::hypr: Starting workspace event listener
2030-01-02T03:04:59+00:00 machine gtk-status-bar[3427]: 2026-07-13T20:18:01.774950Z DEBUG gtk_status_bar::widgets: Updating workspace - label: 'Workspace i', color for workspace: 2
2030-01-02T03:04:59+00:00 machine gtk-status-bar[3427]: 2026-07-13T20:18:01.775046Z DEBUG gtk_status_bar::widgets: Updated title widget color to: rgba(125, 207, 255, 0.5) for workspace: 2
2030-01-02T03:04:59+00:00 machine gtk-status-bar[3427]: 2026-07-13T20:18:01.775125Z DEBUG gtk_status_bar::widgets: Updating battery label: 🔋 33%
2030-01-02T03:04:59+00:00 machine gtk-status-bar[3427]: 2026-07-13T20:18:01.775157Z DEBUG gtk_status_bar::widgets: 👁️  SHOWING battery widget - data: 🔋 33%
2030-01-02T03:04:59+00:00 machine gtk-status-bar[3427]: 2026-07-13T20:18:01.775212Z DEBUG gtk_status_bar::widgets: Updating Bluetooth battery label: P77
2030-01-02T03:04:59+00:00 machine gtk-status-bar[3427]: 2026-07-13T20:18:01.775236Z DEBUG gtk_status_bar::widgets: 👁️  SHOWING Bluetooth widget - data: P77
2030-01-02T03:04:59+00:00 machine gtk-status-bar[3427]: 2026-07-13T20:18:01.775289Z DEBUG gtk_status_bar::widgets: Updating network label: 󰤟 28% ?
2030-01-02T03:04:59+00:00 machine gtk-status-bar[3427]: 2026-07-13T20:18:01.775350Z DEBUG gtk_status_bar::widgets: 📺 Skipping GUI update - no volume data available
2030-01-02T03:04:59+00:00 machine gtk-status-bar[3427]: 2026-07-13T20:18:01.775374Z DEBUG gtk_status_bar::widgets: 📺 GTK UI updated via ASYNC: 🔊D100
2030-01-02T03:04:59+00:00 machine gtk-status-bar[3427]: 2026-07-13T20:18:01.775859Z  INFO gtk_status_bar::network: Network reachability probe completed target=192.0.2.1 success=true elapsed_ms=19
2030-01-02T03:04:59+00:00 machine gtk-status-bar[3427]: 2026-07-13T20:18:01.775885Z DEBUG gtk_status_bar::network: Sent network update label="\u{f091f} 28% \u{f0ac}"
2030-01-02T03:04:59+00:00 machine gtk-status-bar[3427]: 2026-07-13T20:18:01.778933Z DEBUG gtk_status_bar::hypr: Initial title state title="Close OS window" class="kitty"
2030-01-02T03:04:59+00:00 machine gtk-status-bar[3427]: 2026-07-13T20:18:01.778963Z  INFO gtk_status_bar::hypr: Starting title event listener
2030-01-02T03:04:59+00:00 machine gtk-status-bar[3427]: 2026-07-13T20:18:01.791173Z DEBUG gtk_status_bar::widgets: Updating title widget title="Close OS window" class="kitty"
2030-01-02T03:04:59+00:00 machine gtk-status-bar[3427]: 2026-07-13T20:18:01.905107Z DEBUG gtk_status_bar::widgets: Resolved title icon from desktop application metadata class="kitty"
2030-01-02T03:04:59+00:00 machine gtk-status-bar[3427]: 2026-07-13T20:18:01.905440Z DEBUG gtk_status_bar::widgets: Updating network label: 󰤟 28% 
2030-01-02T03:04:59+00:00 machine gtk-status-bar[3427]: 2026-07-13T20:18:01.935032Z DEBUG gtk_status_bar::widgets: Pinning bar height to font-derived line height char_height=18 multiplier=1.4 pinned=25
2030-01-02T03:04:59+00:00 machine gtk-status-bar[3427]: 2030-01-02T03:04:58.220152Z DEBUG gtk_status_bar::widgets: Updating time label:  3:04 AM
2030-01-02T03:04:59+00:00 machine gtk-status-bar[3427]: 2030-01-02T03:04:58.236486Z  INFO gtk_status_bar::network: Network reachability probe completed target=198.51.100.1 success=false elapsed_ms=41
2030-01-02T03:04:59+00:00 machine gtk-status-bar[3427]: 2030-01-02T03:04:58.236564Z DEBUG gtk_status_bar::network: Sent network update label="\u{f091f} 28% \u{f0ac}"
2030-01-02T03:04:59+00:00 machine gtk-status-bar[3427]: 2030-01-02T03:04:58.245326Z DEBUG gtk_status_bar::widgets: Updating network label: 󰤟 28% 
2030-01-02T03:04:59+00:00 machine gtk-status-bar[3427]: 2030-01-02T03:04:58.322023Z  INFO gtk_status_bar::network: Network reachability probe completed target=198.51.100.1 success=false elapsed_ms=33
2030-01-02T03:04:59+00:00 machine gtk-status-bar[3427]: 2030-01-02T03:04:58.322217Z DEBUG gtk_status_bar::network: Sent network update label="\u{f091f} 28% \u{f0ac}"
2030-01-02T03:04:59+00:00 machine gtk-status-bar[3427]: 2030-01-02T03:04:58.322572Z DEBUG gtk_status_bar::widgets: Updating network label: 󰤟 28% 
2030-01-02T03:04:59+00:00 machine gtk-status-bar[3427]: 2030-01-02T03:04:58.484067Z  INFO gtk_status_bar::tray: Status notifier item registered item=":1.88/StatusNotifierItem"
2030-01-02T03:04:59+00:00 machine gtk-status-bar[3427]: 2030-01-02T03:04:58.489575Z  INFO gtk_status_bar::widgets: Added system tray item item=":1.88/StatusNotifierItem"
2030-01-02T03:04:59+00:00 machine gtk-status-bar[3427]: 2030-01-02T03:04:59.001036Z DEBUG gtk_status_bar::widgets: Updating time label:  3:04 AM
2030-01-02T03:04:59+00:00 machine gtk-status-bar[3427]: 2030-01-02T03:04:59.134671Z  INFO gtk_status_bar::network: Network reachability probe completed target=192.0.2.1 success=true elapsed_ms=15
2030-01-02T03:04:59+00:00 machine gtk-status-bar[3427]: 2030-01-02T03:04:59.134737Z DEBUG gtk_status_bar::network: Sent network update label="\u{f091f} 28% \u{f0ac}"
2030-01-02T03:04:59+00:00 machine gtk-status-bar[3427]: 2030-01-02T03:04:59.179022Z DEBUG gtk_status_bar::widgets: Updating network label: 󰤟 28% 
2030-01-02T03:04:59+00:00 machine gtk-status-bar[3427]: 2030-01-02T03:04:59.866030Z  INFO gtk_status_bar::tray: Status notifier item registered item=":1.89/org/blueman/sni"
2030-01-02T03:04:59+00:00 machine gtk-status-bar[3427]: 2030-01-02T03:04:59.891714Z DEBUG gtk_status_bar::tray: Tray item property is unavailable property="IconPixmap" error=org.freedesktop.DBus.Error.InvalidArgs: No such property “IconPixmap”
2030-01-02T03:04:59+00:00 machine gtk-status-bar[3427]: 2030-01-02T03:04:59.901125Z DEBUG gtk_status_bar::tray: Tray item property is unavailable property="IconThemePath" error=org.freedesktop.DBus.Error.InvalidArgs: No such property “IconThemePath”
2030-01-02T03:04:59+00:00 machine gtk-status-bar[3427]: 2030-01-02T03:04:59.914165Z  INFO gtk_status_bar::widgets: Added system tray item item=":1.89/org/blueman/sni"
2030-01-02T03:05:00+00:00 machine gtk-status-bar[3427]: 2030-01-02T03:05:00.001488Z DEBUG gtk_status_bar::widgets: Updating time label:  3:05 AM
2030-01-02T03:05:00+00:00 machine gtk-status-bar[3427]: 2030-01-02T03:05:00.835144Z  INFO gtk_status_bar::network: Network reachability probe completed target=198.51.100.1 success=false elapsed_ms=13
2030-01-02T03:05:00+00:00 machine gtk-status-bar[3427]: 2030-01-02T03:05:00.835250Z DEBUG gtk_status_bar::network: Sent network update label="\u{f091f} 28% \u{f0ac}"
2030-01-02T03:05:00+00:00 machine gtk-status-bar[3427]: 2030-01-02T03:05:00.835419Z DEBUG gtk_status_bar::widgets: Updating network label: 󰤟 28% 
2030-01-02T03:05:01+00:00 machine gtk-status-bar[3427]: 2030-01-02T03:05:01.001125Z DEBUG gtk_status_bar::widgets: Updating time label:  3:05 AM
2030-01-02T11:58:30+00:00 machine gtk-status-bar[3427]: 2030-01-02T11:58:30.256468Z  INFO gtk_status_bar::network: Network reachability probe completed target=192.0.2.1 success=true elapsed_ms=13
2030-01-02T11:58:30+00:00 machine gtk-status-bar[3427]: 2030-01-02T11:58:30.256576Z DEBUG gtk_status_bar::network: Sent network update label="\u{f091f} 28% \u{f0ac}"
2030-01-02T11:58:30+00:00 machine gtk-status-bar[3427]: 2030-01-02T11:58:30.256801Z DEBUG gtk_status_bar::widgets: Updating network label: 󰤟 28% 
2030-01-02T11:58:30+00:00 machine gtk-status-bar[3427]: 2030-01-02T11:58:30.401488Z  INFO gtk_status_bar::network: Network reachability probe completed target=198.51.100.1 success=false elapsed_ms=16
2030-01-02T11:58:30+00:00 machine gtk-status-bar[3427]: 2030-01-02T11:58:30.401804Z DEBUG gtk_status_bar::network: Sent network update label="\u{f091f} 28% \u{f0ac}"
2030-01-02T11:58:30+00:00 machine gtk-status-bar[3427]: 2030-01-02T11:58:30.402230Z DEBUG gtk_status_bar::widgets: Updating network label: 󰤟 28% 
2030-01-02T11:58:30+00:00 machine gtk-status-bar[3427]: 2030-01-02T11:58:30.651667Z DEBUG gtk_status_bar::widgets: Updating time label: 11:58 AM
2030-01-02T11:58:31+00:00 machine gtk-status-bar[3427]: 2030-01-02T11:58:31.001705Z DEBUG gtk_status_bar::widgets: Updating time label: 11:58 AM
2030-01-02T11:58:31+00:00 machine gtk-status-bar[3427]: 2030-01-02T11:58:31.598966Z  INFO gtk_status_bar::network: Network reachability probe completed target=192.0.2.1 success=true elapsed_ms=11
2030-01-02T11:58:31+00:00 machine gtk-status-bar[3427]: 2030-01-02T11:58:31.599008Z DEBUG gtk_status_bar::network: Sent network update label="\u{f091f} 28% \u{f0ac}"
2030-01-02T11:58:31+00:00 machine gtk-status-bar[3427]: 2030-01-02T11:58:31.599184Z DEBUG gtk_status_bar::widgets: Updating network label: 󰤟 28% 
2030-01-02T11:58:32+00:00 machine gtk-status-bar[3427]: 2030-01-02T11:58:32.001751Z DEBUG gtk_status_bar::widgets: Updating time label: 11:58 AM
2030-01-02T11:58:32+00:00 machine gtk-status-bar[3427]: 2030-01-02T11:58:32.205959Z  INFO gtk_status_bar::tray: Status notifier item registered item=":1.91/StatusNotifierItem"
2030-01-02T11:58:32+00:00 machine gtk-status-bar[3427]: 2030-01-02T11:58:32.233099Z  INFO gtk_status_bar::widgets: Added system tray item item=":1.91/StatusNotifierItem"
2030-01-02T11:58:33+00:00 machine gtk-status-bar[3427]: 2030-01-02T11:58:33.001818Z DEBUG gtk_status_bar::widgets: Updating time label: 11:58 AM
2030-01-02T11:58:33+00:00 machine gtk-status-bar[3427]: 2030-01-02T11:58:33.144439Z  INFO gtk_status_bar::network: Network reachability probe completed target=198.51.100.1 success=false elapsed_ms=17
2030-01-02T11:58:33+00:00 machine gtk-status-bar[3427]: 2030-01-02T11:58:33.144492Z DEBUG gtk_status_bar::network: Sent network update label="\u{f091f} 28% \u{f0ac}"
2030-01-02T11:58:33+00:00 machine gtk-status-bar[3427]: 2030-01-02T11:58:33.144753Z DEBUG gtk_status_bar::widgets: Updating network label: 󰤟 28% 
2030-01-02T11:58:34+00:00 machine gtk-status-bar[3427]: 2030-01-02T11:58:34.001754Z DEBUG gtk_status_bar::widgets: Updating time label: 11:58 AM
2030-01-02T11:58:34+00:00 machine gtk-status-bar[3427]: 2030-01-02T11:58:34.799506Z  INFO gtk_status_bar::network: Network reachability probe completed target=192.0.2.1 success=true elapsed_ms=13
2030-01-02T11:58:34+00:00 machine gtk-status-bar[3427]: 2030-01-02T11:58:34.799609Z DEBUG gtk_status_bar::network: Sent network update label="\u{f091f} 28% \u{f0ac}"
2030-01-02T11:58:34+00:00 machine gtk-status-bar[3427]: 2030-01-02T11:58:34.799890Z DEBUG gtk_status_bar::widgets: Updating network label: 󰤟 28% 
2030-01-02T11:58:35+00:00 machine gtk-status-bar[3427]: 2030-01-02T11:58:35.001367Z DEBUG gtk_status_bar::widgets: Updating time label: 11:58 AM
2030-01-02T11:58:35+00:00 machine gtk-status-bar[3427]: 2030-01-02T11:58:35.155346Z  INFO gtk_status_bar::network: Network reachability probe completed target=192.0.2.1 success=true elapsed_ms=14
2030-01-02T11:58:35+00:00 machine gtk-status-bar[3427]: 2030-01-02T11:58:35.155415Z DEBUG gtk_status_bar::network: Sent network update label="\u{f091f} 28% \u{f0ac}"
2030-01-02T11:58:35+00:00 machine gtk-status-bar[3427]: 2030-01-02T11:58:35.155665Z DEBUG gtk_status_bar::widgets: Updating network label: 󰤟 28% 
2030-01-02T11:58:35+00:00 machine gtk-status-bar[3427]: 2030-01-02T11:58:35.435705Z  INFO gtk_status_bar::network: Network reachability probe completed target=198.51.100.1 success=false elapsed_ms=12
2030-01-02T11:58:35+00:00 machine gtk-status-bar[3427]: 2030-01-02T11:58:35.435757Z DEBUG gtk_status_bar::network: Sent network update label="\u{f091f} 28% \u{f0ac}"
2030-01-02T11:58:35+00:00 machine gtk-status-bar[3427]: 2030-01-02T11:58:35.435920Z DEBUG gtk_status_bar::widgets: Updating network label: 󰤟 28% 
2030-01-02T11:58:35+00:00 machine gtk-status-bar[3427]: 2030-01-02T11:58:35.476056Z DEBUG gtk_status_bar::dbus: Got an event in event stream: Msg { type: Signal, serial: 43, sender: UniqueName(":1.69"), path: ObjectPath("/org/bluez/hci0"), iface: InterfaceName("org.freedesktop.DBus.Properties"), member: MemberName("PropertiesChanged"), body: Structure(Dynamic { fields: [Str, Dict { key: Dynamic { child: Str }, value: Dynamic { child: Variant } }, Array(Dynamic { child: Str })] }), fds: [] }
2030-01-02T11:58:35+00:00 machine gtk-status-bar[3427]: 2030-01-02T11:58:35.476115Z DEBUG gtk_status_bar::dbus: Dbus monitor: Received D-Bus message from path: Some(ObjectPath("/org/bluez/hci0")), interface: Some(InterfaceName("org.freedesktop.DBus.Properties")), member: Some(MemberName("PropertiesChanged"))
2030-01-02T11:58:35+00:00 machine gtk-status-bar[3427]: 2030-01-02T11:58:35.476141Z  INFO gtk_status_bar::dbus: Dbus monitor: Received signal
2030-01-02T11:58:35+00:00 machine gtk-status-bar[3427]: 2030-01-02T11:58:35.476166Z  INFO gtk_status_bar::dbus: Dbus monitor: Received PropertiesChanged signal
2030-01-02T11:58:35+00:00 machine gtk-status-bar[3427]: 2030-01-02T11:58:35.476216Z DEBUG gtk_status_bar::dbus: Dbus monitor: Ignored PropertiesChanged for interface: "org.bluez.Adapter1"
2030-01-02T11:58:35+00:00 machine gtk-status-bar[3427]: 2030-01-02T11:58:35.681701Z DEBUG gtk_status_bar::pw: 🚫 Skipping metadata '' (props: Some(DictRef { flags: Flags(0x0), entries: {"object.serial": "93", "module.id": "2", "pipewire.protocol": "protocol-native", "pipewire.sec.pid": "1425", "pipewire.sec.uid": "1000", "pipewire.sec.gid": "100", "pipewire.sec.socket": "pipewire-0", "application.name": "Blueman", "pipewire.access": "unrestricted"} }))
2030-01-02T11:58:36+00:00 machine gtk-status-bar[3427]: 2030-01-02T11:58:36.000876Z DEBUG gtk_status_bar::widgets: Updating time label: 11:58 AM
2030-01-02T11:58:36+00:00 machine gtk-status-bar[3427]: 2030-01-02T11:58:36.036776Z  INFO gtk_status_bar::network: Network reachability probe completed target=192.0.2.1 success=true elapsed_ms=11
2030-01-02T11:58:36+00:00 machine gtk-status-bar[3427]: 2030-01-02T11:58:36.036828Z DEBUG gtk_status_bar::network: Sent network update label="\u{f091f} 28% \u{f0ac}"
2030-01-02T11:58:36+00:00 machine gtk-status-bar[3427]: 2030-01-02T11:58:36.036976Z DEBUG gtk_status_bar::widgets: Updating network label: 󰤟 28% 
2030-01-02T11:58:36+00:00 machine gtk-status-bar[3427]: 2030-01-02T11:58:36.566401Z  INFO gtk_status_bar::network: Network reachability probe completed target=198.51.100.1 success=false elapsed_ms=11
2030-01-02T11:58:36+00:00 machine gtk-status-bar[3427]: 2030-01-02T11:58:36.566454Z DEBUG gtk_status_bar::network: Sent network update label="\u{f091f} 28% \u{f0ac}"
2030-01-02T11:58:36+00:00 machine gtk-status-bar[3427]: 2030-01-02T11:58:36.566679Z DEBUG gtk_status_bar::widgets: Updating network label: 󰤟 28% 
2030-01-02T11:58:37+00:00 machine gtk-status-bar[3427]: 2030-01-02T11:58:37.001748Z DEBUG gtk_status_bar::widgets: Updating time label: 11:58 AM
2030-01-02T11:58:38+00:00 machine gtk-status-bar[3427]: 2030-01-02T11:58:38.002078Z DEBUG gtk_status_bar::widgets: Updating time label: 11:58 AM
2030-01-02T11:58:38+00:00 machine gtk-status-bar[3427]: 2030-01-02T11:58:38.354489Z  INFO gtk_status_bar::network: Network reachability probe completed target=198.51.100.1 success=false elapsed_ms=13
2030-01-02T11:58:38+00:00 machine gtk-status-bar[3427]: 2030-01-02T11:58:38.354593Z DEBUG gtk_status_bar::network: Sent network update label="\u{f091f} 28% \u{f0ac}"
2030-01-02T11:58:38+00:00 machine gtk-status-bar[3427]: 2030-01-02T11:58:38.354752Z DEBUG gtk_status_bar::widgets: Updating network label: 󰤟 28% 
2030-01-02T11:58:39+00:00 machine gtk-status-bar[3427]: 2030-01-02T11:58:39.000765Z DEBUG gtk_status_bar::widgets: Updating time label: 11:58 AM
2030-01-02T11:58:39+00:00 machine gtk-status-bar[3427]: 2030-01-02T11:58:39.762038Z  INFO gtk_status_bar::network: Network reachability probe completed target=192.0.2.1 success=true elapsed_ms=18
2030-01-02T11:58:39+00:00 machine gtk-status-bar[3427]: 2030-01-02T11:58:39.762094Z DEBUG gtk_status_bar::network: Sent network update label="\u{f091f} 28% \u{f0ac}"
2030-01-02T11:58:39+00:00 machine gtk-status-bar[3427]: 2030-01-02T11:58:39.762300Z DEBUG gtk_status_bar::widgets: Updating network label: 󰤟 28% 
2030-01-02T11:58:40+00:00 machine gtk-status-bar[3427]: 2030-01-02T11:58:40.001376Z DEBUG gtk_status_bar::widgets: Updating time label: 11:58 AM
2030-01-02T11:58:41+00:00 machine gtk-status-bar[3427]: 2030-01-02T11:58:41.000759Z DEBUG gtk_status_bar::widgets: Updating time label: 11:58 AM
2030-01-02T11:58:41+00:00 machine gtk-status-bar[3427]: 2030-01-02T11:58:41.381607Z  INFO gtk_status_bar::network: Network reachability probe completed target=198.51.100.1 success=false elapsed_ms=13
2030-01-02T11:58:41+00:00 machine gtk-status-bar[3427]: 2030-01-02T11:58:41.381667Z DEBUG gtk_status_bar::network: Sent network update label="\u{f091f} 28% \u{f0ac}"
2030-01-02T11:58:41+00:00 machine gtk-status-bar[3427]: 2030-01-02T11:58:41.382046Z DEBUG gtk_status_bar::widgets: Updating network label: 󰤟 28% 
2030-01-02T11:58:41+00:00 machine gtk-status-bar[3427]: 2030-01-02T11:58:41.808005Z  INFO gtk_status_bar::network: Network reachability probe completed target=192.0.2.1 success=true elapsed_ms=12
2030-01-02T11:58:41+00:00 machine gtk-status-bar[3427]: 2030-01-02T11:58:41.808071Z DEBUG gtk_status_bar::network: Sent network update label="\u{f091f} 28% \u{f0ac}"
2030-01-02T11:58:41+00:00 machine gtk-status-bar[3427]: 2030-01-02T11:58:41.808232Z DEBUG gtk_status_bar::widgets: Updating network label: 󰤟 28% 
2030-01-02T11:58:42+00:00 machine gtk-status-bar[3427]: 2030-01-02T11:58:42.001222Z DEBUG gtk_status_bar::widgets: Updating time label: 11:58 AM
2030-01-02T11:58:42+00:00 machine gtk-status-bar[3427]: 2030-01-02T11:58:42.251893Z DEBUG gtk_status_bar::tray: Tray backend received command item=":1.88/StatusNotifierItem" action=ContextMenu { request_id: 1, keyboard_grab: false } x=1347 y=11
2030-01-02T11:58:42+00:00 machine gtk-status-bar[3427]: 2030-01-02T11:58:42.268202Z DEBUG gtk_status_bar::tray: dbusmenu GetLayout reply decoded item=":1.88/StatusNotifierItem" fields=2
2030-01-02T11:58:42+00:00 machine gtk-status-bar[3427]: 2030-01-02T11:58:42.268239Z DEBUG gtk_status_bar::tray: dbusmenu layout parsed item=":1.88/StatusNotifierItem" count=5
2030-01-02T11:58:42+00:00 machine gtk-status-bar[3427]: 2030-01-02T11:58:42.281070Z DEBUG gtk_status_bar::widgets: Tray menu entry labels item=":1.88/StatusNotifierItem" labels=[Some("Keyboard - English (US)"), None, Some("Restart"), Some("Input Method Settings"), Some("Exit")]
2030-01-02T11:58:42+00:00 machine gtk-status-bar[3427]: 2030-01-02T11:58:42.290249Z DEBUG gtk_status_bar::widgets: Presenting tray menu item=":1.88/StatusNotifierItem" entries=5 keyboard_grab=false
2030-01-02T11:58:42+00:00 machine gtk-status-bar[3427]: 2030-01-02T11:58:42.665903Z DEBUG gtk_status_bar::hypr: Handling title change event
2030-01-02T11:58:42+00:00 machine gtk-status-bar[3427]: 2030-01-02T11:58:42.670256Z DEBUG gtk_status_bar::hypr: No active client matches the title change event
2030-01-02T11:58:43+00:00 machine gtk-status-bar[3427]: 2030-01-02T11:58:43.000787Z DEBUG gtk_status_bar::widgets: Updating time label: 11:58 AM
2030-01-02T11:58:43+00:00 machine gtk-status-bar[3427]: 2030-01-02T11:58:43.032004Z  INFO gtk_status_bar::network: Network reachability probe completed target=198.51.100.1 success=false elapsed_ms=18
2030-01-02T11:58:43+00:00 machine gtk-status-bar[3427]: 2030-01-02T11:58:43.042217Z DEBUG gtk_status_bar::widgets: Updating network label: 󰤟 28% 
2030-01-02T11:58:43+00:00 machine gtk-status-bar[3427]: 2030-01-02T11:58:43.047378Z DEBUG gtk_status_bar::network: Sent network update label="\u{f091f} 28% \u{f0ac}"
2030-01-02T11:58:43+00:00 machine gtk-status-bar[3427]: 2030-01-02T11:58:43.119110Z  INFO gtk_status_bar::tray: Status notifier item registered item=":1.96/StatusNotifierItem"
2030-01-02T11:58:43+00:00 machine gtk-status-bar[3427]: 2030-01-02T11:58:43.218229Z DEBUG gtk_status_bar::tray: Tray item property is unavailable property="IconName" error=org.freedesktop.DBus.Error.Failed: error occurred in Get
2030-01-02T11:58:43+00:00 machine gtk-status-bar[3427]: 2030-01-02T11:58:43.366568Z DEBUG gtk_status_bar::tray: Tray item property is unavailable property="IconThemePath" error=org.freedesktop.DBus.Error.Failed: error occurred in Get
2030-01-02T11:58:43+00:00 machine gtk-status-bar[3427]: 2030-01-02T11:58:43.370159Z  INFO gtk_status_bar::widgets: Added system tray item item=":1.96/StatusNotifierItem"
2030-01-02T11:58:43+00:00 machine gtk-status-bar[3427]: 2030-01-02T11:58:43.693766Z DEBUG gtk_status_bar::hypr: Handling active window change event
2030-01-02T11:58:43+00:00 machine gtk-status-bar[3427]: 2030-01-02T11:58:43.693806Z DEBUG gtk_status_bar::hypr: Window data - class: 'claude-desktop', title: 'Claude', address: '0x5947a3f82770'
2030-01-02T11:58:43+00:00 machine gtk-status-bar[3427]: 2030-01-02T11:58:43.693826Z DEBUG gtk_status_bar::hypr: Active window changed title="Claude" class="claude-desktop"
2030-01-02T11:58:43+00:00 machine gtk-status-bar[3427]: 2030-01-02T11:58:43.694088Z DEBUG gtk_status_bar::widgets: Updating title widget title="Claude" class="claude-desktop"
2030-01-02T11:58:43+00:00 machine gtk-status-bar[3427]: 2030-01-02T11:58:43.808365Z  INFO gtk_status_bar::network: Network reachability probe completed target=192.0.2.1 success=true elapsed_ms=21
2030-01-02T11:58:43+00:00 machine gtk-status-bar[3427]: 2030-01-02T11:58:43.808419Z DEBUG gtk_status_bar::network: Sent network update label="\u{f091f} 28% \u{f0ac}"
2030-01-02T11:58:43+00:00 machine gtk-status-bar[3427]: 2030-01-02T11:58:43.839029Z DEBUG gtk_status_bar::widgets: Resolved title icon from desktop application metadata class="claude-desktop"
2030-01-02T11:58:43+00:00 machine gtk-status-bar[3427]: 2030-01-02T11:58:43.844743Z DEBUG gtk_status_bar::widgets: Updating network label: 󰤟 28% 
2030-01-02T11:58:44+00:00 machine gtk-status-bar[3427]: 2030-01-02T11:58:44.003788Z DEBUG gtk_status_bar::widgets: Updating time label: 11:58 AM
2030-01-02T11:58:44+00:00 machine gtk-status-bar[3427]: 2030-01-02T11:58:44.962021Z  INFO gtk_status_bar::network: Network reachability probe completed target=198.51.100.1 success=false elapsed_ms=13
2030-01-02T11:58:44+00:00 machine gtk-status-bar[3427]: 2030-01-02T11:58:44.962079Z DEBUG gtk_status_bar::network: Sent network update label="\u{f091f} 28% \u{f0ac}"
2030-01-02T11:58:44+00:00 machine gtk-status-bar[3427]: 2030-01-02T11:58:44.962226Z DEBUG gtk_status_bar::widgets: Updating network label: 󰤟 28% 
2030-01-02T11:58:45+00:00 machine gtk-status-bar[3427]: 2030-01-02T11:58:45.001138Z DEBUG gtk_status_bar::widgets: Updating time label: 11:58 AM
2030-01-02T11:58:45+00:00 machine gtk-status-bar[3427]: 2030-01-02T11:58:45.469642Z  INFO gtk_status_bar::network: Network reachability probe completed target=192.0.2.1 success=true elapsed_ms=16
2030-01-02T11:58:45+00:00 machine gtk-status-bar[3427]: 2030-01-02T11:58:45.469689Z DEBUG gtk_status_bar::network: Sent network update label="\u{f091f} 28% \u{f0ac}"
2030-01-02T11:58:45+00:00 machine gtk-status-bar[3427]: 2030-01-02T11:58:45.469913Z DEBUG gtk_status_bar::widgets: Updating network label: 󰤟 28% 
2030-01-02T11:58:46+00:00 machine gtk-status-bar[3427]: 2030-01-02T11:58:46.001169Z DEBUG gtk_status_bar::widgets: Updating time label: 11:58 AM
2030-01-02T11:58:46+00:00 machine gtk-status-bar[3427]: 2030-01-02T11:58:46.305918Z  INFO gtk_status_bar::network: Network reachability probe completed target=198.51.100.1 success=false elapsed_ms=21
2030-01-02T11:58:46+00:00 machine gtk-status-bar[3427]: 2030-01-02T11:58:46.305969Z DEBUG gtk_status_bar::network: Sent network update label="\u{f091f} 28% \u{f0ac}"
2030-01-02T11:58:46+00:00 machine gtk-status-bar[3427]: 2030-01-02T11:58:46.306380Z DEBUG gtk_status_bar::widgets: Updating network label: 󰤟 28% 
2030-01-02T11:58:47+00:00 machine gtk-status-bar[3427]: 2030-01-02T11:58:47.001902Z DEBUG gtk_status_bar::widgets: Updating time label: 11:58 AM
2030-01-02T11:58:47+00:00 machine gtk-status-bar[3427]: 2030-01-02T11:58:47.970068Z  INFO gtk_status_bar::network: Network reachability probe completed target=192.0.2.1 success=true elapsed_ms=10
2030-01-02T11:58:47+00:00 machine gtk-status-bar[3427]: 2030-01-02T11:58:47.970117Z DEBUG gtk_status_bar::network: Sent network update label="\u{f091f} 28% \u{f0ac}"
2030-01-02T11:58:47+00:00 machine gtk-status-bar[3427]: 2030-01-02T11:58:47.970280Z DEBUG gtk_status_bar::widgets: Updating network label: 󰤟 28% 
2030-01-02T11:58:48+00:00 machine gtk-status-bar[3427]: 2030-01-02T11:58:48.001467Z DEBUG gtk_status_bar::widgets: Updating time label: 11:58 AM
2030-01-02T11:58:49+00:00 machine gtk-status-bar[3427]: 2030-01-02T11:58:49.001919Z DEBUG gtk_status_bar::widgets: Updating time label: 11:58 AM
2030-01-02T11:58:49+00:00 machine gtk-status-bar[3427]: 2030-01-02T11:58:49.310624Z  INFO gtk_status_bar::network: Network reachability probe completed target=192.0.2.1 success=true elapsed_ms=16
2030-01-02T11:58:49+00:00 machine gtk-status-bar[3427]: 2030-01-02T11:58:49.310679Z DEBUG gtk_status_bar::network: Sent network update label="\u{f091f} 28% \u{f0ac}"
2030-01-02T11:58:49+00:00 machine gtk-status-bar[3427]: 2030-01-02T11:58:49.310987Z DEBUG gtk_status_bar::widgets: Updating network label: 󰤟 28% 
2030-01-02T11:58:50+00:00 machine gtk-status-bar[3427]: 2030-01-02T11:58:50.002119Z DEBUG gtk_status_bar::widgets: Updating time label: 11:58 AM
2030-01-02T11:58:50+00:00 machine gtk-status-bar[3427]: 2030-01-02T11:58:50.171165Z  INFO gtk_status_bar::network: Network reachability probe completed target=198.51.100.1 success=false elapsed_ms=10
2030-01-02T11:58:50+00:00 machine gtk-status-bar[3427]: 2030-01-02T11:58:50.171216Z DEBUG gtk_status_bar::network: Sent network update label="\u{f091f} 28% \u{f0ac}"
2030-01-02T11:58:50+00:00 machine gtk-status-bar[3427]: 2030-01-02T11:58:50.180672Z DEBUG gtk_status_bar::widgets: Updating network label: 󰤟 28% 
2030-01-02T11:58:50+00:00 machine gtk-status-bar[3427]: 2030-01-02T11:58:50.346411Z  INFO gtk_status_bar::network: Network reachability probe completed target=192.0.2.1 success=true elapsed_ms=14
2030-01-02T11:58:50+00:00 machine gtk-status-bar[3427]: 2030-01-02T11:58:50.346462Z DEBUG gtk_status_bar::network: Sent network update label="\u{f091f} 28% \u{f0ac}"
2030-01-02T11:58:50+00:00 machine gtk-status-bar[3427]: 2030-01-02T11:58:50.346706Z DEBUG gtk_status_bar::widgets: Updating network label: 󰤟 28% 
2030-01-02T11:58:50+00:00 machine gtk-status-bar[3427]: 2030-01-02T11:58:50.507367Z  INFO gtk_status_bar::network: Network reachability probe completed target=198.51.100.1 success=false elapsed_ms=30
2030-01-02T11:58:50+00:00 machine gtk-status-bar[3427]: 2030-01-02T11:58:50.507423Z DEBUG gtk_status_bar::network: Sent network update label="\u{f091f} 28% \u{f0ac}"
2030-01-02T11:58:50+00:00 machine gtk-status-bar[3427]: 2030-01-02T11:58:50.530804Z DEBUG gtk_status_bar::widgets: Updating network label: 󰤟 28% 
2030-01-02T11:58:51+00:00 machine gtk-status-bar[3427]: 2030-01-02T11:58:51.001015Z DEBUG gtk_status_bar::widgets: Updating time label: 11:58 AM
2030-01-02T11:58:51+00:00 machine gtk-status-bar[3427]: 2030-01-02T11:58:51.984177Z  INFO gtk_status_bar::network: Network reachability probe completed target=192.0.2.1 success=true elapsed_ms=15
2030-01-02T11:58:51+00:00 machine gtk-status-bar[3427]: 2030-01-02T11:58:51.984229Z DEBUG gtk_status_bar::network: Sent network update label="\u{f091f} 28% \u{f0ac}"
2030-01-02T11:58:51+00:00 machine gtk-status-bar[3427]: 2030-01-02T11:58:51.984439Z DEBUG gtk_status_bar::widgets: Updating network label: 󰤟 28% 
2030-01-02T11:58:52+00:00 machine gtk-status-bar[3427]: 2030-01-02T11:58:52.001492Z DEBUG gtk_status_bar::widgets: Updating time label: 11:58 AM
2030-01-02T11:58:53+00:00 machine gtk-status-bar[3427]: 2030-01-02T11:58:53.006193Z DEBUG gtk_status_bar::widgets: Updating time label: 11:58 AM
2030-01-02T11:58:53+00:00 machine gtk-status-bar[3427]: 2030-01-02T11:58:53.112803Z DEBUG gtk_status_bar::tray: Tray backend received command item=":1.88/StatusNotifierItem" action=ContextMenu { request_id: 3, keyboard_grab: false } x=1322 y=11
2030-01-02T11:58:53+00:00 machine gtk-status-bar[3427]: 2030-01-02T11:58:53.114258Z DEBUG gtk_status_bar::tray: dbusmenu GetLayout reply decoded item=":1.88/StatusNotifierItem" fields=2
2030-01-02T11:58:53+00:00 machine gtk-status-bar[3427]: 2030-01-02T11:58:53.114293Z DEBUG gtk_status_bar::tray: dbusmenu layout parsed item=":1.88/StatusNotifierItem" count=5
2030-01-02T11:58:53+00:00 machine gtk-status-bar[3427]: 2030-01-02T11:58:53.114796Z DEBUG gtk_status_bar::widgets: Tray menu entry labels item=":1.88/StatusNotifierItem" labels=[Some("Keyboard - English (US)"), None, Some("Restart"), Some("Input Method Settings"), Some("Exit")]
2030-01-02T11:58:53+00:00 machine gtk-status-bar[3427]: 2030-01-02T11:58:53.115065Z DEBUG gtk_status_bar::widgets: Presenting tray menu item=":1.88/StatusNotifierItem" entries=5 keyboard_grab=false
2030-01-02T11:58:53+00:00 machine gtk-status-bar[3427]: 2030-01-02T11:58:53.528924Z  INFO gtk_status_bar::network: Network reachability probe completed target=198.51.100.1 success=false elapsed_ms=12
2030-01-02T11:58:53+00:00 machine gtk-status-bar[3427]: 2030-01-02T11:58:53.528971Z DEBUG gtk_status_bar::network: Sent network update label="\u{f091f} 28% \u{f0ac}"
2030-01-02T11:58:53+00:00 machine gtk-status-bar[3427]: 2030-01-02T11:58:53.529178Z DEBUG gtk_status_bar::widgets: Updating network label: 󰤟 28% 
2030-01-02T11:58:54+00:00 machine gtk-status-bar[3427]: 2030-01-02T11:58:54.001069Z DEBUG gtk_status_bar::widgets: Updating time label: 11:58 AM
2030-01-02T11:58:54+00:00 machine gtk-status-bar[3427]: 2030-01-02T11:58:54.496733Z DEBUG gtk_status_bar::tray: Tray backend received command item=":1.88/StatusNotifierItem" action=ContextMenu { request_id: 5, keyboard_grab: false } x=1322 y=11
2030-01-02T11:58:54+00:00 machine gtk-status-bar[3427]: 2030-01-02T11:58:54.507107Z DEBUG gtk_status_bar::tray: dbusmenu GetLayout reply decoded item=":1.88/StatusNotifierItem" fields=2
2030-01-02T11:58:54+00:00 machine gtk-status-bar[3427]: 2030-01-02T11:58:54.507144Z DEBUG gtk_status_bar::tray: dbusmenu layout parsed item=":1.88/StatusNotifierItem" count=5
2030-01-02T11:58:54+00:00 machine gtk-status-bar[3427]: 2030-01-02T11:58:54.507635Z DEBUG gtk_status_bar::widgets: Tray menu entry labels item=":1.88/StatusNotifierItem" labels=[Some("Keyboard - English (US)"), None, Some("Restart"), Some("Input Method Settings"), Some("Exit")]
2030-01-02T11:58:54+00:00 machine gtk-status-bar[3427]: 2030-01-02T11:58:54.507928Z DEBUG gtk_status_bar::widgets: Presenting tray menu item=":1.88/StatusNotifierItem" entries=5 keyboard_grab=false
2030-01-02T11:58:55+00:00 machine gtk-status-bar[3427]: 2030-01-02T11:58:55.000995Z DEBUG gtk_status_bar::widgets: Updating time label: 11:58 AM
2030-01-02T11:58:55+00:00 machine gtk-status-bar[3427]: 2030-01-02T11:58:55.160016Z  INFO gtk_status_bar::network: Network reachability probe completed target=192.0.2.1 success=true elapsed_ms=12
2030-01-02T11:58:55+00:00 machine gtk-status-bar[3427]: 2030-01-02T11:58:55.160057Z DEBUG gtk_status_bar::network: Sent network update label="\u{f091f} 28% \u{f0ac}"
2030-01-02T11:58:55+00:00 machine gtk-status-bar[3427]: 2030-01-02T11:58:55.160222Z DEBUG gtk_status_bar::widgets: Updating network label: 󰤟 28% 
2030-01-02T11:58:55+00:00 machine gtk-status-bar[3427]: 2030-01-02T11:58:55.852682Z DEBUG gtk_status_bar::tray: Tray backend received command item=":1.88/StatusNotifierItem" action=ContextMenu { request_id: 7, keyboard_grab: false } x=1322 y=11
2030-01-02T11:58:55+00:00 machine gtk-status-bar[3427]: 2030-01-02T11:58:55.864945Z DEBUG gtk_status_bar::tray: dbusmenu GetLayout reply decoded item=":1.88/StatusNotifierItem" fields=2
2030-01-02T11:58:55+00:00 machine gtk-status-bar[3427]: 2030-01-02T11:58:55.864988Z DEBUG gtk_status_bar::tray: dbusmenu layout parsed item=":1.88/StatusNotifierItem" count=5
2030-01-02T11:58:55+00:00 machine gtk-status-bar[3427]: 2030-01-02T11:58:55.865585Z DEBUG gtk_status_bar::widgets: Tray menu entry labels item=":1.88/StatusNotifierItem" labels=[Some("Keyboard - English (US)"), None, Some("Restart"), Some("Input Method Settings"), Some("Exit")]
2030-01-02T11:58:55+00:00 machine gtk-status-bar[3427]: 2030-01-02T11:58:55.865981Z DEBUG gtk_status_bar::widgets: Presenting tray menu item=":1.88/StatusNotifierItem" entries=5 keyboard_grab=false
2030-01-02T11:58:56+00:00 machine gtk-status-bar[3427]: 2030-01-02T11:58:56.001642Z DEBUG gtk_status_bar::widgets: Updating time label: 11:58 AM
2030-01-02T11:58:56+00:00 machine gtk-status-bar[3427]: 2030-01-02T11:58:56.824964Z  INFO gtk_status_bar::network: Network reachability probe completed target=198.51.100.1 success=false elapsed_ms=23
2030-01-02T11:58:56+00:00 machine gtk-status-bar[3427]: 2030-01-02T11:58:56.825027Z DEBUG gtk_status_bar::network: Sent network update label="\u{f091f} 28% \u{f0ac}"
2030-01-02T11:58:56+00:00 machine gtk-status-bar[3427]: 2030-01-02T11:58:56.825517Z DEBUG gtk_status_bar::widgets: Updating network label: 󰤟 28% 
2030-01-02T11:58:57+00:00 machine gtk-status-bar[3427]: 2030-01-02T11:58:57.001177Z DEBUG gtk_status_bar::widgets: Updating time label: 11:58 AM
2030-01-02T11:58:57+00:00 machine gtk-status-bar[3427]: 2030-01-02T11:58:57.169392Z DEBUG gtk_status_bar::tray: Tray backend received command item=":1.88/StatusNotifierItem" action=MenuEvent(100) x=1322 y=11
2030-01-02T11:58:57+00:00 machine gtk-status-bar[3427]: 2030-01-02T11:58:57.204113Z  INFO gtk_status_bar::network: Network reachability probe completed target=192.0.2.1 success=true elapsed_ms=14
2030-01-02T11:58:57+00:00 machine gtk-status-bar[3427]: 2030-01-02T11:58:57.204161Z DEBUG gtk_status_bar::network: Sent network update label="\u{f091f} 28% \u{f0ac}"
2030-01-02T11:58:57+00:00 machine gtk-status-bar[3427]: 2030-01-02T11:58:57.220677Z DEBUG gtk_status_bar::widgets: Updating network label: 󰤟 28% 
2030-01-02T11:58:58+00:00 machine gtk-status-bar[3427]: 2030-01-02T11:58:58.001453Z DEBUG gtk_status_bar::widgets: Updating time label: 11:58 AM
2030-01-02T11:58:58+00:00 machine gtk-status-bar[3427]: 2030-01-02T11:58:58.064298Z  INFO gtk_status_bar::network: Network reachability probe completed target=198.51.100.1 success=false elapsed_ms=23
2030-01-02T11:58:58+00:00 machine gtk-status-bar[3427]: 2030-01-02T11:58:58.064367Z DEBUG gtk_status_bar::network: Sent network update label="\u{f091f} 28% \u{f0ac}"
2030-01-02T11:58:58+00:00 machine gtk-status-bar[3427]: 2030-01-02T11:58:58.064588Z DEBUG gtk_status_bar::widgets: Updating network label: 󰤟 28% 
2030-01-02T11:58:58+00:00 machine gtk-status-bar[3427]: 2030-01-02T11:58:58.278208Z  INFO gtk_status_bar::network: Network reachability probe completed target=198.51.100.1 success=false elapsed_ms=16
2030-01-02T11:58:58+00:00 machine gtk-status-bar[3427]: 2030-01-02T11:58:58.278292Z DEBUG gtk_status_bar::network: Sent network update label="\u{f091f} 28% \u{f0ac}"
2030-01-02T11:58:58+00:00 machine gtk-status-bar[3427]: 2030-01-02T11:58:58.300485Z DEBUG gtk_status_bar::widgets: Updating network label: 󰤟 28% 
2030-01-02T11:58:59+00:00 machine gtk-status-bar[3427]: 2030-01-02T11:58:59.010645Z DEBUG gtk_status_bar::widgets: Updating time label: 11:58 AM
2030-01-02T11:58:59+00:00 machine gtk-status-bar[3427]: 2030-01-02T11:58:59.702015Z DEBUG gtk_status_bar::tray: Tray backend received command item=":1.88/StatusNotifierItem" action=ContextMenu { request_id: 8, keyboard_grab: false } x=1322 y=11
2030-01-02T11:58:59+00:00 machine gtk-status-bar[3427]: 2030-01-02T11:58:59.703054Z DEBUG gtk_status_bar::tray: dbusmenu GetLayout reply decoded item=":1.88/StatusNotifierItem" fields=2
2030-01-02T11:58:59+00:00 machine gtk-status-bar[3427]: 2030-01-02T11:58:59.703082Z DEBUG gtk_status_bar::tray: dbusmenu layout parsed item=":1.88/StatusNotifierItem" count=5
2030-01-02T11:58:59+00:00 machine gtk-status-bar[3427]: 2030-01-02T11:58:59.703457Z DEBUG gtk_status_bar::widgets: Tray menu entry labels item=":1.88/StatusNotifierItem" labels=[Some("Keyboard - English (US)"), None, Some("Restart"), Some("Input Method Settings"), Some("Exit")]
2030-01-02T11:58:59+00:00 machine gtk-status-bar[3427]: 2030-01-02T11:58:59.703900Z DEBUG gtk_status_bar::widgets: Presenting tray menu item=":1.88/StatusNotifierItem" entries=5 keyboard_grab=false
2030-01-02T11:58:59+00:00 machine gtk-status-bar[3427]: 2030-01-02T11:58:59.970680Z  INFO gtk_status_bar::network: Network reachability probe completed target=192.0.2.1 success=true elapsed_ms=27
2030-01-02T11:58:59+00:00 machine gtk-status-bar[3427]: 2030-01-02T11:58:59.970784Z DEBUG gtk_status_bar::network: Sent network update label="\u{f091f} 28% \u{f0ac}"
2030-01-02T11:58:59+00:00 machine gtk-status-bar[3427]: 2030-01-02T11:58:59.971008Z DEBUG gtk_status_bar::widgets: Updating network label: 󰤟 28% 
2030-01-02T11:59:00+00:00 machine gtk-status-bar[3427]: 2030-01-02T11:59:00.001071Z DEBUG gtk_status_bar::widgets: Updating time label: 11:59 AM
2030-01-02T11:59:00+00:00 machine gtk-status-bar[3427]: 2030-01-02T11:59:00.123185Z  INFO gtk_status_bar::network: Network reachability probe completed target=198.51.100.1 success=false elapsed_ms=13
2030-01-02T11:59:00+00:00 machine gtk-status-bar[3427]: 2030-01-02T11:59:00.123237Z DEBUG gtk_status_bar::network: Sent network update label="\u{f091f} 28% \u{f0ac}"
2030-01-02T11:59:00+00:00 machine gtk-status-bar[3427]: 2030-01-02T11:59:00.123912Z DEBUG gtk_status_bar::widgets: Updating network label: 󰤟 28% 
2030-01-02T11:59:01+00:00 machine gtk-status-bar[3427]: 2030-01-02T11:59:01.002058Z DEBUG gtk_status_bar::widgets: Updating time label: 11:59 AM
2030-01-02T11:59:01+00:00 machine gtk-status-bar[3427]: 2030-01-02T11:59:01.364349Z  INFO gtk_status_bar::network: Network reachability probe completed target=192.0.2.1 success=true elapsed_ms=16
2030-01-02T11:59:01+00:00 machine gtk-status-bar[3427]: 2030-01-02T11:59:01.364396Z DEBUG gtk_status_bar::network: Sent network update label="\u{f091f} 28% \u{f0ac}"
2030-01-02T11:59:01+00:00 machine gtk-status-bar[3427]: 2030-01-02T11:59:01.364631Z DEBUG gtk_status_bar::widgets: Updating network label: 󰤟 28% 
2030-01-02T11:59:02+00:00 machine gtk-status-bar[3427]: 2030-01-02T11:59:02.001508Z DEBUG gtk_status_bar::widgets: Updating time label: 11:59 AM
2030-01-02T11:59:02+00:00 machine gtk-status-bar[3427]: 2030-01-02T11:59:02.055498Z  INFO gtk_status_bar::network: Network reachability probe completed target=198.51.100.1 success=false elapsed_ms=10
2030-01-02T11:59:02+00:00 machine gtk-status-bar[3427]: 2030-01-02T11:59:02.055617Z DEBUG gtk_status_bar::network: Sent network update label="\u{f091f} 28% \u{f0ac}"
2030-01-02T11:59:02+00:00 machine gtk-status-bar[3427]: 2030-01-02T11:59:02.055817Z DEBUG gtk_status_bar::widgets: Updating network label: 󰤟 28% 
2030-01-02T11:59:02+00:00 machine gtk-status-bar[3427]: 2030-01-02T11:59:02.511662Z DEBUG gtk_status_bar::tray: Tray backend received command item=":1.88/StatusNotifierItem" action=MenuEvent(4) x=1322 y=11
2030-01-02T11:59:03+00:00 machine gtk-status-bar[3427]: 2030-01-02T11:59:03.001405Z DEBUG gtk_status_bar::widgets: Updating time label: 11:59 AM
2030-01-02T11:59:03+00:00 machine gtk-status-bar[3427]: 2030-01-02T11:59:03.737078Z  INFO gtk_status_bar::network: Network reachability probe completed target=192.0.2.1 success=true elapsed_ms=10
2030-01-02T11:59:03+00:00 machine gtk-status-bar[3427]: 2030-01-02T11:59:03.737129Z DEBUG gtk_status_bar::network: Sent network update label="\u{f091f} 28% \u{f0ac}"
2030-01-02T11:59:03+00:00 machine gtk-status-bar[3427]: 2030-01-02T11:59:03.737285Z DEBUG gtk_status_bar::widgets: Updating network label: 󰤟 28% 
2030-01-02T11:59:04+00:00 machine gtk-status-bar[3427]: 2030-01-02T11:59:04.000762Z DEBUG gtk_status_bar::widgets: Updating time label: 11:59 AM
2030-01-02T11:59:05+00:00 machine gtk-status-bar[3427]: 2030-01-02T11:59:05.003066Z DEBUG gtk_status_bar::widgets: Updating time label: 11:59 AM
2030-01-02T11:59:05+00:00 machine gtk-status-bar[3427]: 2030-01-02T11:59:05.015626Z  INFO gtk_status_bar::network: Network reachability probe completed target=192.0.2.1 success=true elapsed_ms=22
2030-01-02T11:59:05+00:00 machine gtk-status-bar[3427]: 2030-01-02T11:59:05.015672Z DEBUG gtk_status_bar::network: Sent network update label="\u{f091f} 28% \u{f0ac}"
2030-01-02T11:59:05+00:00 machine gtk-status-bar[3427]: 2030-01-02T11:59:05.015848Z DEBUG gtk_status_bar::widgets: Updating network label: 󰤟 28% 
2030-01-02T11:59:05+00:00 machine gtk-status-bar[3427]: 2030-01-02T11:59:05.257604Z DEBUG gtk_status_bar::tray: Tray backend received command item=":1.88/StatusNotifierItem" action=ContextMenu { request_id: 9, keyboard_grab: false } x=1322 y=11
2030-01-02T11:59:05+00:00 machine gtk-status-bar[3427]: 2030-01-02T11:59:05.258570Z DEBUG gtk_status_bar::tray: dbusmenu GetLayout reply decoded item=":1.88/StatusNotifierItem" fields=2
2030-01-02T11:59:05+00:00 machine gtk-status-bar[3427]: 2030-01-02T11:59:05.258599Z DEBUG gtk_status_bar::tray: dbusmenu layout parsed item=":1.88/StatusNotifierItem" count=5
2030-01-02T11:59:05+00:00 machine gtk-status-bar[3427]: 2030-01-02T11:59:05.258893Z DEBUG gtk_status_bar::widgets: Tray menu entry labels item=":1.88/StatusNotifierItem" labels=[Some("Keyboard - English (US)"), None, Some("Restart"), Some("Input Method Settings"), Some("Exit")]
2030-01-02T11:59:05+00:00 machine gtk-status-bar[3427]: 2030-01-02T11:59:05.259127Z DEBUG gtk_status_bar::widgets: Presenting tray menu item=":1.88/StatusNotifierItem" entries=5 keyboard_grab=false
2030-01-02T11:59:05+00:00 machine gtk-status-bar[3427]: 2030-01-02T11:59:05.655778Z  INFO gtk_status_bar::network: Network reachability probe completed target=198.51.100.1 success=false elapsed_ms=10
2030-01-02T11:59:05+00:00 machine gtk-status-bar[3427]: 2030-01-02T11:59:05.655833Z DEBUG gtk_status_bar::network: Sent network update label="\u{f091f} 28% \u{f0ac}"
2030-01-02T11:59:05+00:00 machine gtk-status-bar[3427]: 2030-01-02T11:59:05.655998Z DEBUG gtk_status_bar::widgets: Updating network label: 󰤟 28% 
2030-01-02T11:59:06+00:00 machine gtk-status-bar[3427]: 2030-01-02T11:59:06.001735Z DEBUG gtk_status_bar::widgets: Updating time label: 11:59 AM
2030-01-02T11:59:07+00:00 machine gtk-status-bar[3427]: 2030-01-02T11:59:07.002485Z DEBUG gtk_status_bar::widgets: Updating time label: 11:59 AM
2030-01-02T11:59:07+00:00 machine gtk-status-bar[3427]: 2030-01-02T11:59:07.663182Z  INFO gtk_status_bar::network: Network reachability probe completed target=198.51.100.1 success=false elapsed_ms=18
2030-01-02T11:59:07+00:00 machine gtk-status-bar[3427]: 2030-01-02T11:59:07.663242Z DEBUG gtk_status_bar::network: Sent network update label="\u{f091f} 28% \u{f0ac}"
2030-01-02T11:59:07+00:00 machine gtk-status-bar[3427]: 2030-01-02T11:59:07.663989Z DEBUG gtk_status_bar::widgets: Updating network label: 󰤟 28% 
2030-01-02T11:59:08+00:00 machine gtk-status-bar[3427]: 2030-01-02T11:59:08.001150Z DEBUG gtk_status_bar::widgets: Updating time label: 11:59 AM
2030-01-02T11:59:08+00:00 machine gtk-status-bar[3427]: 2030-01-02T11:59:08.648339Z DEBUG gtk_status_bar::hypr: Handling title change event
2030-01-02T11:59:08+00:00 machine gtk-status-bar[3427]: 2030-01-02T11:59:08.648755Z DEBUG gtk_status_bar::hypr: No active client matches the title change event
2030-01-02T11:59:08+00:00 machine gtk-status-bar[3427]: 2030-01-02T11:59:08.683051Z DEBUG gtk_status_bar::hypr: Handling active window change event
2030-01-02T11:59:08+00:00 machine gtk-status-bar[3427]: 2030-01-02T11:59:08.683087Z DEBUG gtk_status_bar::hypr: Window data - class: 'kitty', title: 'KeyboardFocusEvidence', address: '0x5947a42b3410'
2030-01-02T11:59:08+00:00 machine gtk-status-bar[3427]: 2030-01-02T11:59:08.683106Z DEBUG gtk_status_bar::hypr: Active window changed title="KeyboardFocusEvidence" class="kitty"
2030-01-02T11:59:08+00:00 machine gtk-status-bar[3427]: 2030-01-02T11:59:08.683300Z DEBUG gtk_status_bar::widgets: Updating title widget title="KeyboardFocusEvidence" class="kitty"
2030-01-02T11:59:08+00:00 machine gtk-status-bar[3427]: 2030-01-02T11:59:08.732911Z DEBUG gtk_status_bar::widgets: Resolved title icon from desktop application metadata class="kitty"
2030-01-02T11:59:09+00:00 machine gtk-status-bar[3427]: 2030-01-02T11:59:09.000876Z DEBUG gtk_status_bar::widgets: Updating time label: 11:59 AM
2030-01-02T11:59:09+00:00 machine gtk-status-bar[3427]: 2030-01-02T11:59:09.343746Z  INFO gtk_status_bar::network: Network reachability probe completed target=192.0.2.1 success=true elapsed_ms=10
2030-01-02T11:59:09+00:00 machine gtk-status-bar[3427]: 2030-01-02T11:59:09.343793Z DEBUG gtk_status_bar::network: Sent network update label="\u{f091f} 28% \u{f0ac}"
2030-01-02T11:59:09+00:00 machine gtk-status-bar[3427]: 2030-01-02T11:59:09.343964Z DEBUG gtk_status_bar::widgets: Updating network label: 󰤟 28% 
2030-01-02T11:59:10+00:00 machine gtk-status-bar[3427]: 2030-01-02T11:59:10.029981Z DEBUG gtk_status_bar::widgets: Updating time label: 11:59 AM
2030-01-02T11:59:10+00:00 machine gtk-status-bar[3427]: 2030-01-02T11:59:10.290374Z  INFO gtk_status_bar::network: Network reachability probe completed target=198.51.100.1 success=false elapsed_ms=11
2030-01-02T11:59:10+00:00 machine gtk-status-bar[3427]: 2030-01-02T11:59:10.290438Z DEBUG gtk_status_bar::network: Sent network update label="\u{f091f} 28% \u{f0ac}"
2030-01-02T11:59:10+00:00 machine gtk-status-bar[3427]: 2030-01-02T11:59:10.290673Z DEBUG gtk_status_bar::widgets: Updating network label: 󰤟 28% 
2030-01-02T11:59:10+00:00 machine gtk-status-bar[3427]: 2030-01-02T11:59:10.870913Z  INFO gtk_status_bar::network: Network reachability probe completed target=192.0.2.1 success=true elapsed_ms=12
2030-01-02T11:59:10+00:00 machine gtk-status-bar[3427]: 2030-01-02T11:59:10.870982Z DEBUG gtk_status_bar::network: Sent network update label="\u{f091f} 28% \u{f0ac}"
2030-01-02T11:59:10+00:00 machine gtk-status-bar[3427]: 2030-01-02T11:59:10.871137Z DEBUG gtk_status_bar::widgets: Updating network label: 󰤟 28% 
2030-01-02T11:59:11+00:00 machine gtk-status-bar[3427]: 2030-01-02T11:59:11.001413Z DEBUG gtk_status_bar::widgets: Updating time label: 11:59 AM
2030-01-02T11:59:11+00:00 machine gtk-status-bar[3427]: 2030-01-02T11:59:11.152997Z  INFO gtk_status_bar::widgets: Tray menu acquired exclusive keyboard focus request_id=11
2030-01-02T11:59:11+00:00 machine gtk-status-bar[3427]: 2030-01-02T11:59:11.153182Z DEBUG gtk_status_bar::tray: Tray backend received command item=":1.88/StatusNotifierItem" action=ContextMenu { request_id: 12, keyboard_grab: true } x=1322 y=11
2030-01-02T11:59:11+00:00 machine gtk-status-bar[3427]: 2030-01-02T11:59:11.155288Z DEBUG gtk_status_bar::tray: dbusmenu GetLayout reply decoded item=":1.88/StatusNotifierItem" fields=2
2030-01-02T11:59:11+00:00 machine gtk-status-bar[3427]: 2030-01-02T11:59:11.155346Z DEBUG gtk_status_bar::tray: dbusmenu layout parsed item=":1.88/StatusNotifierItem" count=5
2030-01-02T11:59:11+00:00 machine gtk-status-bar[3427]: 2030-01-02T11:59:11.155873Z DEBUG gtk_status_bar::widgets: Tray menu entry labels item=":1.88/StatusNotifierItem" labels=[Some("Keyboard - English (US)"), None, Some("Restart"), Some("Input Method Settings"), Some("Exit")]
2030-01-02T11:59:11+00:00 machine gtk-status-bar[3427]: 2030-01-02T11:59:11.156300Z DEBUG gtk_status_bar::widgets: Presenting tray menu item=":1.88/StatusNotifierItem" entries=5 keyboard_grab=true
2030-01-02T11:59:11+00:00 machine gtk-status-bar[3427]: 2030-01-02T11:59:11.278251Z DEBUG gtk_status_bar::widgets: Tray dropdown opened at level 0 item=":1.88/StatusNotifierItem"
2030-01-02T11:59:11+00:00 machine gtk-status-bar[3427]: 2030-01-02T11:59:11.630817Z  INFO gtk_status_bar::network: Network reachability probe completed target=192.0.2.1 success=true elapsed_ms=20
2030-01-02T11:59:11+00:00 machine gtk-status-bar[3427]: 2030-01-02T11:59:11.630869Z DEBUG gtk_status_bar::network: Sent network update label="\u{f091f} 28% \u{f0ac}"
2030-01-02T11:59:11+00:00 machine gtk-status-bar[3427]: 2030-01-02T11:59:11.631179Z DEBUG gtk_status_bar::widgets: Updating network label: 󰤟 28% 
2030-01-02T11:59:12+00:00 machine gtk-status-bar[3427]: 2030-01-02T11:59:12.000803Z DEBUG gtk_status_bar::widgets: Updating time label: 11:59 AM
2030-01-02T11:59:12+00:00 machine gtk-status-bar[3427]: 2030-01-02T11:59:12.089246Z  INFO gtk_status_bar::network: Network reachability probe completed target=198.51.100.1 success=false elapsed_ms=25
2030-01-02T11:59:12+00:00 machine gtk-status-bar[3427]: 2030-01-02T11:59:12.089630Z DEBUG gtk_status_bar::network: Sent network update label="\u{f091f} 28% \u{f0ac}"
2030-01-02T11:59:12+00:00 machine gtk-status-bar[3427]: 2030-01-02T11:59:12.090188Z DEBUG gtk_status_bar::widgets: Updating network label: 󰤟 28% 
2030-01-02T11:59:13+00:00 machine gtk-status-bar[3427]: 2030-01-02T11:59:13.002806Z DEBUG gtk_status_bar::widgets: Updating time label: 11:59 AM
2030-01-02T11:59:14+00:00 machine gtk-status-bar[3427]: 2030-01-02T11:59:14.001238Z DEBUG gtk_status_bar::widgets: Updating time label: 11:59 AM
2030-01-02T11:59:14+00:00 machine gtk-status-bar[3427]: 2030-01-02T11:59:14.016173Z  INFO gtk_status_bar::network: Network reachability probe completed target=198.51.100.1 success=false elapsed_ms=34
2030-01-02T11:59:14+00:00 machine gtk-status-bar[3427]: 2030-01-02T11:59:14.019300Z DEBUG gtk_status_bar::network: Sent network update label="\u{f091f} 28% \u{f0ac}"
2030-01-02T11:59:14+00:00 machine gtk-status-bar[3427]: 2030-01-02T11:59:14.021939Z DEBUG gtk_status_bar::widgets: Updating network label: 󰤟 28% 
2030-01-02T11:59:14+00:00 machine gtk-status-bar[3427]: 2030-01-02T11:59:14.299740Z DEBUG gtk_status_bar::widgets: Tray nav key item=":1.88/StatusNotifierItem" cmd=Right
2030-01-02T11:59:14+00:00 machine gtk-status-bar[3427]: 2030-01-02T11:59:14.304438Z DEBUG gtk_status_bar::tray: Tray backend received command item=":1.89/org/blueman/sni" action=ContextMenu { request_id: 13, keyboard_grab: true } x=1347 y=11
2030-01-02T11:59:14+00:00 machine gtk-status-bar[3427]: 2030-01-02T11:59:14.321497Z DEBUG gtk_status_bar::tray: dbusmenu GetLayout reply decoded item=":1.89/org/blueman/sni" fields=2
2030-01-02T11:59:14+00:00 machine gtk-status-bar[3427]: 2030-01-02T11:59:14.323664Z DEBUG gtk_status_bar::tray: dbusmenu layout parsed item=":1.89/org/blueman/sni" count=15
2030-01-02T11:59:14+00:00 machine gtk-status-bar[3427]: 2030-01-02T11:59:14.324967Z DEBUG gtk_status_bar::widgets: Tray menu entry labels item=":1.89/org/blueman/sni" labels=[Some("Turn Bluetooth Off"), Some("Make Discoverable"), None, None, Some("Send Files to Device…"), None, Some("Reconnect to…"), None, Some("Devices…"), Some("Adapters…"), Some("Local Services…"), None, Some("Plugins"), Some("Help"), Some("Exit")]
2030-01-02T11:59:14+00:00 machine gtk-status-bar[3427]: 2030-01-02T11:59:14.325977Z DEBUG gtk_status_bar::widgets: Presenting tray menu item=":1.89/org/blueman/sni" entries=15 keyboard_grab=true
2030-01-02T11:59:14+00:00 machine gtk-status-bar[3427]: 2030-01-02T11:59:14.441287Z DEBUG gtk_status_bar::widgets: Tray dropdown opened at level 0 item=":1.89/org/blueman/sni"
2030-01-02T11:59:14+00:00 machine gtk-status-bar[3427]: 2030-01-02T11:59:14.717698Z  INFO gtk_status_bar::network: Network reachability probe completed target=192.0.2.1 success=true elapsed_ms=23
2030-01-02T11:59:14+00:00 machine gtk-status-bar[3427]: 2030-01-02T11:59:14.719718Z DEBUG gtk_status_bar::widgets: Updating network label: 󰤟 28% 
2030-01-02T11:59:14+00:00 machine gtk-status-bar[3427]: 2030-01-02T11:59:14.719509Z DEBUG gtk_status_bar::network: Sent network update label="\u{f091f} 28% \u{f0ac}"
2030-01-02T11:59:15+00:00 machine gtk-status-bar[3427]: 2030-01-02T11:59:15.003571Z DEBUG gtk_status_bar::widgets: Updating time label: 11:59 AM
2030-01-02T11:59:15+00:00 machine gtk-status-bar[3427]: 2030-01-02T11:59:15.463784Z DEBUG gtk_status_bar::dbus: Got an event in event stream: Msg { type: Signal, serial: 59, sender: UniqueName(":1.69"), path: ObjectPath("/org/bluez/hci0"), iface: InterfaceName("org.freedesktop.DBus.Properties"), member: MemberName("PropertiesChanged"), body: Structure(Dynamic { fields: [Str, Dict { key: Dynamic { child: Str }, value: Dynamic { child: Variant } }, Array(Dynamic { child: Str })] }), fds: [] }
2030-01-02T11:59:15+00:00 machine gtk-status-bar[3427]: 2030-01-02T11:59:15.463835Z DEBUG gtk_status_bar::dbus: Dbus monitor: Received D-Bus message from path: Some(ObjectPath("/org/bluez/hci0")), interface: Some(InterfaceName("org.freedesktop.DBus.Properties")), member: Some(MemberName("PropertiesChanged"))
2030-01-02T11:59:15+00:00 machine gtk-status-bar[3427]: 2030-01-02T11:59:15.463853Z  INFO gtk_status_bar::dbus: Dbus monitor: Received signal
2030-01-02T11:59:15+00:00 machine gtk-status-bar[3427]: 2030-01-02T11:59:15.463870Z  INFO gtk_status_bar::dbus: Dbus monitor: Received PropertiesChanged signal
2030-01-02T11:59:15+00:00 machine gtk-status-bar[3427]: 2030-01-02T11:59:15.463905Z DEBUG gtk_status_bar::dbus: Dbus monitor: Ignored PropertiesChanged for interface: "org.bluez.Adapter1"
2030-01-02T11:59:15+00:00 machine gtk-status-bar[3427]: 2030-01-02T11:59:15.600833Z  INFO gtk_status_bar::network: Network reachability probe completed target=198.51.100.1 success=false elapsed_ms=24
2030-01-02T11:59:15+00:00 machine gtk-status-bar[3427]: 2030-01-02T11:59:15.600881Z DEBUG gtk_status_bar::network: Sent network update label="\u{f091f} 28% \u{f0ac}"
2030-01-02T11:59:15+00:00 machine gtk-status-bar[3427]: 2030-01-02T11:59:15.603811Z DEBUG gtk_status_bar::widgets: Updating network label: 󰤟 28% 
2030-01-02T11:59:16+00:00 machine gtk-status-bar[3427]: 2030-01-02T11:59:16.004832Z DEBUG gtk_status_bar::widgets: Updating time label: 11:59 AM
2030-01-02T11:59:16+00:00 machine gtk-status-bar[3427]: 2030-01-02T11:59:16.149639Z DEBUG gtk_status_bar::widgets: Tray nav key item=":1.89/org/blueman/sni" cmd=Left
2030-01-02T11:59:16+00:00 machine gtk-status-bar[3427]: 2030-01-02T11:59:16.156062Z DEBUG gtk_status_bar::tray: Tray backend received command item=":1.88/StatusNotifierItem" action=ContextMenu { request_id: 14, keyboard_grab: true } x=1322 y=11
2030-01-02T11:59:16+00:00 machine gtk-status-bar[3427]: 2030-01-02T11:59:16.158258Z DEBUG gtk_status_bar::tray: dbusmenu GetLayout reply decoded item=":1.88/StatusNotifierItem" fields=2
2030-01-02T11:59:16+00:00 machine gtk-status-bar[3427]: 2030-01-02T11:59:16.158302Z DEBUG gtk_status_bar::tray: dbusmenu layout parsed item=":1.88/StatusNotifierItem" count=5
2030-01-02T11:59:16+00:00 machine gtk-status-bar[3427]: 2030-01-02T11:59:16.160162Z DEBUG gtk_status_bar::widgets: Tray menu entry labels item=":1.88/StatusNotifierItem" labels=[Some("Keyboard - English (US)"), None, Some("Restart"), Some("Input Method Settings"), Some("Exit")]
2030-01-02T11:59:16+00:00 machine gtk-status-bar[3427]: 2030-01-02T11:59:16.160795Z DEBUG gtk_status_bar::widgets: Presenting tray menu item=":1.88/StatusNotifierItem" entries=5 keyboard_grab=true
2030-01-02T11:59:16+00:00 machine gtk-status-bar[3427]: 2030-01-02T11:59:16.278772Z DEBUG gtk_status_bar::widgets: Tray dropdown opened at level 0 item=":1.88/StatusNotifierItem"
2030-01-02T11:59:16+00:00 machine gtk-status-bar[3427]: 2030-01-02T11:59:16.692696Z  INFO gtk_status_bar::network: Network reachability probe completed target=192.0.2.1 success=true elapsed_ms=18
2030-01-02T11:59:16+00:00 machine gtk-status-bar[3427]: 2030-01-02T11:59:16.692753Z DEBUG gtk_status_bar::network: Sent network update label="\u{f091f} 28% \u{f0ac}"
2030-01-02T11:59:16+00:00 machine gtk-status-bar[3427]: 2030-01-02T11:59:16.692987Z DEBUG gtk_status_bar::widgets: Updating network label: 󰤟 28% 
2030-01-02T11:59:17+00:00 machine gtk-status-bar[3427]: 2030-01-02T11:59:17.001754Z DEBUG gtk_status_bar::widgets: Updating time label: 11:59 AM
2030-01-02T11:59:17+00:00 machine gtk-status-bar[3427]: 2030-01-02T11:59:17.837690Z DEBUG gtk_status_bar::widgets: Tray nav key item=":1.88/StatusNotifierItem" cmd=Right
2030-01-02T11:59:17+00:00 machine gtk-status-bar[3427]: 2030-01-02T11:59:17.845645Z DEBUG gtk_status_bar::tray: Tray backend received command item=":1.89/org/blueman/sni" action=ContextMenu { request_id: 15, keyboard_grab: true } x=1347 y=11
2030-01-02T11:59:17+00:00 machine gtk-status-bar[3427]: 2030-01-02T11:59:17.858302Z DEBUG gtk_status_bar::tray: dbusmenu GetLayout reply decoded item=":1.89/org/blueman/sni" fields=2
2030-01-02T11:59:17+00:00 machine gtk-status-bar[3427]: 2030-01-02T11:59:17.859891Z DEBUG gtk_status_bar::tray: dbusmenu layout parsed item=":1.89/org/blueman/sni" count=15
2030-01-02T11:59:17+00:00 machine gtk-status-bar[3427]: 2030-01-02T11:59:17.870433Z DEBUG gtk_status_bar::widgets: Tray menu entry labels item=":1.89/org/blueman/sni" labels=[Some("Turn Bluetooth Off"), Some("Make Discoverable"), None, None, Some("Send Files to Device…"), None, Some("Reconnect to…"), None, Some("Devices…"), Some("Adapters…"), Some("Local Services…"), None, Some("Plugins"), Some("Help"), Some("Exit")]
2030-01-02T11:59:17+00:00 machine gtk-status-bar[3427]: 2030-01-02T11:59:17.871391Z DEBUG gtk_status_bar::widgets: Presenting tray menu item=":1.89/org/blueman/sni" entries=15 keyboard_grab=true
2030-01-02T11:59:17+00:00 machine gtk-status-bar[3427]: 2030-01-02T11:59:17.977297Z DEBUG gtk_status_bar::widgets: Tray dropdown opened at level 0 item=":1.89/org/blueman/sni"
2030-01-02T11:59:18+00:00 machine gtk-status-bar[3427]: 2030-01-02T11:59:18.001747Z DEBUG gtk_status_bar::widgets: Updating time label: 11:59 AM
2030-01-02T11:59:18+00:00 machine gtk-status-bar[3427]: 2030-01-02T11:59:18.225655Z  INFO gtk_status_bar::network: Network reachability probe completed target=192.0.2.1 success=true elapsed_ms=23
2030-01-02T11:59:18+00:00 machine gtk-status-bar[3427]: 2030-01-02T11:59:18.227048Z DEBUG gtk_status_bar::network: Sent network update label="\u{f091f} 28% \u{f0ac}"
2030-01-02T11:59:18+00:00 machine gtk-status-bar[3427]: 2030-01-02T11:59:18.227849Z DEBUG gtk_status_bar::widgets: Updating network label: 󰤟 28% 
2030-01-02T11:59:18+00:00 machine gtk-status-bar[3427]: 2030-01-02T11:59:18.920567Z DEBUG gtk_status_bar::widgets: Tray nav key item=":1.89/org/blueman/sni" cmd=Left
2030-01-02T11:59:18+00:00 machine gtk-status-bar[3427]: 2030-01-02T11:59:18.928674Z DEBUG gtk_status_bar::tray: Tray backend received command item=":1.88/StatusNotifierItem" action=ContextMenu { request_id: 16, keyboard_grab: true } x=1322 y=11
2030-01-02T11:59:18+00:00 machine gtk-status-bar[3427]: 2030-01-02T11:59:18.929864Z DEBUG gtk_status_bar::tray: dbusmenu GetLayout reply decoded item=":1.88/StatusNotifierItem" fields=2
2030-01-02T11:59:18+00:00 machine gtk-status-bar[3427]: 2030-01-02T11:59:18.929897Z DEBUG gtk_status_bar::tray: dbusmenu layout parsed item=":1.88/StatusNotifierItem" count=5
2030-01-02T11:59:18+00:00 machine gtk-status-bar[3427]: 2030-01-02T11:59:18.958429Z DEBUG gtk_status_bar::widgets: Tray menu entry labels item=":1.88/StatusNotifierItem" labels=[Some("Keyboard - English (US)"), None, Some("Restart"), Some("Input Method Settings"), Some("Exit")]
2030-01-02T11:59:18+00:00 machine gtk-status-bar[3427]: 2030-01-02T11:59:18.958796Z DEBUG gtk_status_bar::widgets: Presenting tray menu item=":1.88/StatusNotifierItem" entries=5 keyboard_grab=true
2030-01-02T11:59:19+00:00 machine gtk-status-bar[3427]: 2030-01-02T11:59:19.000990Z DEBUG gtk_status_bar::widgets: Updating time label: 11:59 AM
2030-01-02T11:59:19+00:00 machine gtk-status-bar[3427]: 2030-01-02T11:59:19.091791Z DEBUG gtk_status_bar::widgets: Tray dropdown opened at level 0 item=":1.88/StatusNotifierItem"
2030-01-02T11:59:19+00:00 machine gtk-status-bar[3427]: 2030-01-02T11:59:19.695290Z  INFO gtk_status_bar::network: Network reachability probe completed target=198.51.100.1 success=false elapsed_ms=26
2030-01-02T11:59:19+00:00 machine gtk-status-bar[3427]: 2030-01-02T11:59:19.696296Z DEBUG gtk_status_bar::network: Sent network update label="\u{f091f} 28% \u{f0ac}"
2030-01-02T11:59:19+00:00 machine gtk-status-bar[3427]: 2030-01-02T11:59:19.696732Z DEBUG gtk_status_bar::widgets: Updating network label: 󰤟 28% 
2030-01-02T11:59:20+00:00 machine gtk-status-bar[3427]: 2030-01-02T11:59:20.002818Z DEBUG gtk_status_bar::widgets: Updating time label: 11:59 AM
2030-01-02T11:59:20+00:00 machine gtk-status-bar[3427]: 2030-01-02T11:59:20.757974Z DEBUG gtk_status_bar::widgets: Tray nav key item=":1.88/StatusNotifierItem" cmd=Last
2030-01-02T11:59:20+00:00 machine gtk-status-bar[3427]: 2030-01-02T11:59:20.758938Z DEBUG gtk_status_bar::tray: Tray backend received command item=":1.96/StatusNotifierItem" action=ContextMenu { request_id: 17, keyboard_grab: true } x=1397 y=11
2030-01-02T11:59:20+00:00 machine gtk-status-bar[3427]: 2030-01-02T11:59:20.776251Z  INFO gtk_status_bar::network: Network reachability probe completed target=192.0.2.1 success=true elapsed_ms=23
2030-01-02T11:59:20+00:00 machine gtk-status-bar[3427]: 2030-01-02T11:59:20.776315Z DEBUG gtk_status_bar::network: Sent network update label="\u{f091f} 28% \u{f0ac}"
2030-01-02T11:59:20+00:00 machine gtk-status-bar[3427]: 2030-01-02T11:59:20.776710Z DEBUG gtk_status_bar::widgets: Updating network label: 󰤟 28% 
2030-01-02T11:59:20+00:00 machine gtk-status-bar[3427]: 2030-01-02T11:59:20.797663Z DEBUG gtk_status_bar::tray: dbusmenu GetLayout reply decoded item=":1.96/StatusNotifierItem" fields=2
2030-01-02T11:59:20+00:00 machine gtk-status-bar[3427]: 2030-01-02T11:59:20.797811Z DEBUG gtk_status_bar::tray: dbusmenu layout parsed item=":1.96/StatusNotifierItem" count=4
2030-01-02T11:59:20+00:00 machine gtk-status-bar[3427]: 2030-01-02T11:59:20.800901Z DEBUG gtk_status_bar::widgets: Tray menu entry labels item=":1.96/StatusNotifierItem" labels=[Some("Show App"), Some("Open Quick Entry"), None, Some("Quit")]
2030-01-02T11:59:20+00:00 machine gtk-status-bar[3427]: 2030-01-02T11:59:20.801402Z DEBUG gtk_status_bar::widgets: Presenting tray menu item=":1.96/StatusNotifierItem" entries=4 keyboard_grab=true
2030-01-02T11:59:20+00:00 machine gtk-status-bar[3427]: 2030-01-02T11:59:20.904583Z DEBUG gtk_status_bar::widgets: Tray dropdown opened at level 0 item=":1.96/StatusNotifierItem"
2030-01-02T11:59:21+00:00 machine gtk-status-bar[3427]: 2030-01-02T11:59:21.001177Z DEBUG gtk_status_bar::widgets: Updating time label: 11:59 AM
2030-01-02T11:59:21+00:00 machine gtk-status-bar[3427]: 2030-01-02T11:59:21.058217Z  INFO gtk_status_bar::network: Network reachability probe completed target=198.51.100.1 success=false elapsed_ms=23
2030-01-02T11:59:21+00:00 machine gtk-status-bar[3427]: 2030-01-02T11:59:21.058273Z DEBUG gtk_status_bar::network: Sent network update label="\u{f091f} 28% \u{f0ac}"
2030-01-02T11:59:21+00:00 machine gtk-status-bar[3427]: 2030-01-02T11:59:21.058440Z DEBUG gtk_status_bar::widgets: Updating network label: 󰤟 28% 
2030-01-02T11:59:21+00:00 machine gtk-status-bar[3427]: 2030-01-02T11:59:21.736881Z  INFO gtk_status_bar::network: Network reachability probe completed target=192.0.2.1 success=true elapsed_ms=11
2030-01-02T11:59:21+00:00 machine gtk-status-bar[3427]: 2030-01-02T11:59:21.736933Z DEBUG gtk_status_bar::network: Sent network update label="\u{f091f} 28% \u{f0ac}"
2030-01-02T11:59:21+00:00 machine gtk-status-bar[3427]: 2030-01-02T11:59:21.752023Z DEBUG gtk_status_bar::widgets: Updating network label: 󰤟 28% 
2030-01-02T11:59:22+00:00 machine gtk-status-bar[3427]: 2030-01-02T11:59:22.000814Z DEBUG gtk_status_bar::widgets: Updating time label: 11:59 AM
2030-01-02T11:59:22+00:00 machine gtk-status-bar[3427]: 2030-01-02T11:59:22.481175Z DEBUG gtk_status_bar::tray: Tray backend received command item=":1.88/StatusNotifierItem" action=ContextMenu { request_id: 18, keyboard_grab: true } x=1322 y=11
2030-01-02T11:59:22+00:00 machine gtk-status-bar[3427]: 2030-01-02T11:59:22.483684Z DEBUG gtk_status_bar::tray: dbusmenu GetLayout reply decoded item=":1.88/StatusNotifierItem" fields=2
2030-01-02T11:59:22+00:00 machine gtk-status-bar[3427]: 2030-01-02T11:59:22.483720Z DEBUG gtk_status_bar::tray: dbusmenu layout parsed item=":1.88/StatusNotifierItem" count=5
2030-01-02T11:59:22+00:00 machine gtk-status-bar[3427]: 2030-01-02T11:59:22.484194Z DEBUG gtk_status_bar::widgets: Tray menu entry labels item=":1.88/StatusNotifierItem" labels=[Some("Keyboard - English (US)"), None, Some("Restart"), Some("Input Method Settings"), Some("Exit")]
2030-01-02T11:59:22+00:00 machine gtk-status-bar[3427]: 2030-01-02T11:59:22.484627Z DEBUG gtk_status_bar::widgets: Presenting tray menu item=":1.88/StatusNotifierItem" entries=5 keyboard_grab=true
2030-01-02T11:59:22+00:00 machine gtk-status-bar[3427]: 2030-01-02T11:59:22.599232Z DEBUG gtk_status_bar::widgets: Tray dropdown opened at level 0 item=":1.88/StatusNotifierItem"
2030-01-02T11:59:23+00:00 machine gtk-status-bar[3427]: 2030-01-02T11:59:23.002766Z DEBUG gtk_status_bar::widgets: Updating time label: 11:59 AM
2030-01-02T11:59:23+00:00 machine gtk-status-bar[3427]: 2030-01-02T11:59:23.175819Z  INFO gtk_status_bar::network: Network reachability probe completed target=198.51.100.1 success=false elapsed_ms=28
2030-01-02T11:59:23+00:00 machine gtk-status-bar[3427]: 2030-01-02T11:59:23.175874Z DEBUG gtk_status_bar::network: Sent network update label="\u{f091f} 28% \u{f0ac}"
2030-01-02T11:59:23+00:00 machine gtk-status-bar[3427]: 2030-01-02T11:59:23.176305Z DEBUG gtk_status_bar::widgets: Updating network label: 󰤟 28% 
2030-01-02T11:59:23+00:00 machine gtk-status-bar[3427]: 2030-01-02T11:59:23.710163Z  INFO gtk_status_bar::network: Network reachability probe completed target=192.0.2.1 success=true elapsed_ms=14
2030-01-02T11:59:23+00:00 machine gtk-status-bar[3427]: 2030-01-02T11:59:23.710214Z DEBUG gtk_status_bar::network: Sent network update label="\u{f091f} 28% \u{f0ac}"
2030-01-02T11:59:23+00:00 machine gtk-status-bar[3427]: 2030-01-02T11:59:23.710641Z DEBUG gtk_status_bar::widgets: Updating network label: 󰤟 28% 
2030-01-02T11:59:24+00:00 machine gtk-status-bar[3427]: 2030-01-02T11:59:24.001136Z DEBUG gtk_status_bar::widgets: Updating time label: 11:59 AM
2030-01-02T11:59:24+00:00 machine gtk-status-bar[3427]: 2030-01-02T11:59:24.188470Z  INFO gtk_status_bar::network: Network reachability probe completed target=198.51.100.1 success=false elapsed_ms=18
2030-01-02T11:59:24+00:00 machine gtk-status-bar[3427]: 2030-01-02T11:59:24.189739Z DEBUG gtk_status_bar::network: Sent network update label="\u{f091f} 28% \u{f0ac}"
2030-01-02T11:59:24+00:00 machine gtk-status-bar[3427]: 2030-01-02T11:59:24.190018Z DEBUG gtk_status_bar::widgets: Updating network label: 󰤟 28% 
2030-01-02T11:59:24+00:00 machine gtk-status-bar[3427]: 2030-01-02T11:59:24.560357Z DEBUG gtk_status_bar::tray: Tray backend received command item=":1.88/StatusNotifierItem" action=ContextMenu { request_id: 19, keyboard_grab: true } x=1322 y=11
2030-01-02T11:59:24+00:00 machine gtk-status-bar[3427]: 2030-01-02T11:59:24.564456Z DEBUG gtk_status_bar::tray: dbusmenu GetLayout reply decoded item=":1.88/StatusNotifierItem" fields=2
2030-01-02T11:59:24+00:00 machine gtk-status-bar[3427]: 2030-01-02T11:59:24.566044Z DEBUG gtk_status_bar::tray: dbusmenu layout parsed item=":1.88/StatusNotifierItem" count=5
2030-01-02T11:59:24+00:00 machine gtk-status-bar[3427]: 2030-01-02T11:59:24.589781Z DEBUG gtk_status_bar::widgets: Tray menu entry labels item=":1.88/StatusNotifierItem" labels=[Some("Keyboard - English (US)"), None, Some("Restart"), Some("Input Method Settings"), Some("Exit")]
2030-01-02T11:59:24+00:00 machine gtk-status-bar[3427]: 2030-01-02T11:59:24.590131Z DEBUG gtk_status_bar::widgets: Presenting tray menu item=":1.88/StatusNotifierItem" entries=5 keyboard_grab=true
2030-01-02T11:59:24+00:00 machine gtk-status-bar[3427]: 2030-01-02T11:59:24.698615Z DEBUG gtk_status_bar::widgets: Tray dropdown opened at level 0 item=":1.88/StatusNotifierItem"
2030-01-02T11:59:24+00:00 machine gtk-status-bar[3427]: 2030-01-02T11:59:24.859012Z DEBUG gtk_status_bar::widgets: Tray nav key item=":1.88/StatusNotifierItem" cmd=Down
2030-01-02T11:59:25+00:00 machine gtk-status-bar[3427]: 2030-01-02T11:59:25.001771Z DEBUG gtk_status_bar::widgets: Updating time label: 11:59 AM
2030-01-02T11:59:26+00:00 machine gtk-status-bar[3427]: 2030-01-02T11:59:26.001113Z DEBUG gtk_status_bar::widgets: Updating time label: 11:59 AM
2030-01-02T11:59:26+00:00 machine gtk-status-bar[3427]: 2030-01-02T11:59:26.140696Z  INFO gtk_status_bar::network: Network reachability probe completed target=198.51.100.1 success=false elapsed_ms=17
2030-01-02T11:59:26+00:00 machine gtk-status-bar[3427]: 2030-01-02T11:59:26.140749Z DEBUG gtk_status_bar::network: Sent network update label="\u{f091f} 28% \u{f0ac}"
2030-01-02T11:59:26+00:00 machine gtk-status-bar[3427]: 2030-01-02T11:59:26.142753Z DEBUG gtk_status_bar::widgets: Updating network label: 󰤟 28% 
2030-01-02T11:59:26+00:00 machine gtk-status-bar[3427]: 2030-01-02T11:59:26.676878Z DEBUG gtk_status_bar::widgets: Tray nav key item=":1.88/StatusNotifierItem" cmd=Up
2030-01-02T11:59:27+00:00 machine gtk-status-bar[3427]: 2030-01-02T11:59:27.001928Z DEBUG gtk_status_bar::widgets: Updating time label: 11:59 AM
2030-01-02T11:59:27+00:00 machine gtk-status-bar[3427]: 2030-01-02T11:59:27.526702Z  INFO gtk_status_bar::network: Network reachability probe completed target=192.0.2.1 success=true elapsed_ms=15
2030-01-02T11:59:27+00:00 machine gtk-status-bar[3427]: 2030-01-02T11:59:27.528253Z DEBUG gtk_status_bar::network: Sent network update label="\u{f091f} 28% \u{f0ac}"
2030-01-02T11:59:27+00:00 machine gtk-status-bar[3427]: 2030-01-02T11:59:27.535088Z DEBUG gtk_status_bar::widgets: Updating network label: 󰤟 28% 
2030-01-02T11:59:28+00:00 machine gtk-status-bar[3427]: 2030-01-02T11:59:28.001272Z DEBUG gtk_status_bar::widgets: Updating time label: 11:59 AM
2030-01-02T11:59:29+00:00 machine gtk-status-bar[3427]: 2030-01-02T11:59:29.001010Z DEBUG gtk_status_bar::widgets: Updating time label: 11:59 AM
2030-01-02T11:59:29+00:00 machine gtk-status-bar[3427]: 2030-01-02T11:59:29.366744Z  INFO gtk_status_bar::network: Network reachability probe completed target=192.0.2.1 success=true elapsed_ms=43
2030-01-02T11:59:29+00:00 machine gtk-status-bar[3427]: 2030-01-02T11:59:29.366817Z DEBUG gtk_status_bar::network: Sent network update label="\u{f091f} 28% \u{f0ac}"
2030-01-02T11:59:29+00:00 machine gtk-status-bar[3427]: 2030-01-02T11:59:29.367060Z DEBUG gtk_status_bar::widgets: Updating network label: 󰤟 28% 
2030-01-02T11:59:29+00:00 machine gtk-status-bar[3427]: 2030-01-02T11:59:29.734090Z  INFO gtk_status_bar::network: Network reachability probe completed target=198.51.100.1 success=false elapsed_ms=24
2030-01-02T11:59:29+00:00 machine gtk-status-bar[3427]: 2030-01-02T11:59:29.736633Z DEBUG gtk_status_bar::network: Sent network update label="\u{f091f} 28% \u{f0ac}"
2030-01-02T11:59:29+00:00 machine gtk-status-bar[3427]: 2030-01-02T11:59:29.739739Z DEBUG gtk_status_bar::widgets: Updating network label: 󰤟 28% 
2030-01-02T11:59:30+00:00 machine gtk-status-bar[3427]: 2030-01-02T11:59:30.003780Z DEBUG gtk_status_bar::widgets: Updating time label: 11:59 AM
2030-01-02T11:59:30+00:00 machine gtk-status-bar[3427]: 2030-01-02T11:59:30.158058Z DEBUG gtk_status_bar::widgets: Tray nav key item=":1.88/StatusNotifierItem" cmd=Last
2030-01-02T11:59:31+00:00 machine gtk-status-bar[3427]: 2030-01-02T11:59:31.005239Z DEBUG gtk_status_bar::widgets: Updating time label: 11:59 AM
2030-01-02T11:59:31+00:00 machine gtk-status-bar[3427]: 2030-01-02T11:59:31.015894Z  INFO gtk_status_bar::network: Network reachability probe completed target=198.51.100.1 success=false elapsed_ms=23
2030-01-02T11:59:31+00:00 machine gtk-status-bar[3427]: 2030-01-02T11:59:31.017888Z DEBUG gtk_status_bar::network: Sent network update label="\u{f091f} 28% \u{f0ac}"
2030-01-02T11:59:31+00:00 machine gtk-status-bar[3427]: 2030-01-02T11:59:31.018660Z DEBUG gtk_status_bar::widgets: Updating network label: 󰤟 28% 
2030-01-02T11:59:31+00:00 machine gtk-status-bar[3427]: 2030-01-02T11:59:31.345047Z  INFO gtk_status_bar::network: Network reachability probe completed target=192.0.2.1 success=true elapsed_ms=23
2030-01-02T11:59:31+00:00 machine gtk-status-bar[3427]: 2030-01-02T11:59:31.345102Z DEBUG gtk_status_bar::network: Sent network update label="\u{f091f} 28% \u{f0ac}"
2030-01-02T11:59:31+00:00 machine gtk-status-bar[3427]: 2030-01-02T11:59:31.345451Z DEBUG gtk_status_bar::widgets: Updating network label: 󰤟 28% 
2030-01-02T11:59:31+00:00 machine gtk-status-bar[3427]: 2030-01-02T11:59:31.841601Z DEBUG gtk_status_bar::widgets: Tray nav key item=":1.88/StatusNotifierItem" cmd=Escape
2030-01-02T11:59:32+00:00 machine gtk-status-bar[3427]: 2030-01-02T11:59:32.000740Z DEBUG gtk_status_bar::widgets: Updating time label: 11:59 AM
2030-01-02T11:59:33+00:00 machine gtk-status-bar[3427]: 2030-01-02T11:59:33.001772Z DEBUG gtk_status_bar::widgets: Updating time label: 11:59 AM
2030-01-02T11:59:33+00:00 machine gtk-status-bar[3427]: 2030-01-02T11:59:33.278370Z  INFO gtk_status_bar::network: Network reachability probe completed target=192.0.2.1 success=true elapsed_ms=26
2030-01-02T11:59:33+00:00 machine gtk-status-bar[3427]: 2030-01-02T11:59:33.278472Z DEBUG gtk_status_bar::network: Sent network update label="\u{f091f} 28% \u{f0ac}"
2030-01-02T11:59:33+00:00 machine gtk-status-bar[3427]: 2030-01-02T11:59:33.278712Z DEBUG gtk_status_bar::widgets: Updating network label: 󰤟 28% 
2030-01-02T11:59:33+00:00 machine gtk-status-bar[3427]: 2030-01-02T11:59:33.490127Z  INFO gtk_status_bar::network: Network reachability probe completed target=198.51.100.1 success=false elapsed_ms=33
2030-01-02T11:59:33+00:00 machine gtk-status-bar[3427]: 2030-01-02T11:59:33.490177Z DEBUG gtk_status_bar::network: Sent network update label="\u{f091f} 28% \u{f0ac}"
2030-01-02T11:59:33+00:00 machine gtk-status-bar[3427]: 2030-01-02T11:59:33.490755Z DEBUG gtk_status_bar::widgets: Updating network label: 󰤟 28% 
2030-01-02T11:59:33+00:00 machine gtk-status-bar[3427]: 2030-01-02T11:59:33.721493Z DEBUG gtk_status_bar::widgets: Tray nav key item=":1.88/StatusNotifierItem" cmd=Escape
2030-01-02T11:59:33+00:00 machine gtk-status-bar[3427]: 2030-01-02T11:59:33.722519Z  INFO gtk_status_bar::widgets: Tray menu released keyboard focus request_id=11
2030-01-02T11:59:33+00:00 machine gtk-status-bar[3427]: 2030-01-02T11:59:33.722650Z DEBUG gtk_status_bar::widgets: Tray keyboard navigation ended
2030-01-02T11:59:34+00:00 machine gtk-status-bar[3427]: 2030-01-02T11:59:34.002222Z DEBUG gtk_status_bar::widgets: Updating time label: 11:59 AM
2030-01-02T11:59:35+00:00 machine gtk-status-bar[3427]: 2030-01-02T11:59:35.001720Z DEBUG gtk_status_bar::widgets: Updating time label: 11:59 AM
2030-01-02T11:59:35+00:00 machine gtk-status-bar[3427]: 2030-01-02T11:59:35.321467Z  INFO gtk_status_bar::network: Network reachability probe completed target=198.51.100.1 success=false elapsed_ms=11
2030-01-02T11:59:35+00:00 machine gtk-status-bar[3427]: 2030-01-02T11:59:35.321570Z DEBUG gtk_status_bar::network: Sent network update label="\u{f091f} 28% \u{f0ac}"
2030-01-02T11:59:35+00:00 machine gtk-status-bar[3427]: 2030-01-02T11:59:35.335700Z DEBUG gtk_status_bar::widgets: Updating network label: 󰤟 28% 
2030-01-02T11:59:35+00:00 machine gtk-status-bar[3427]: 2030-01-02T11:59:35.482287Z DEBUG gtk_status_bar::dbus: Got an event in event stream: Msg { type: Signal, serial: 77, sender: UniqueName(":1.69"), path: ObjectPath("/org/bluez/hci0"), iface: InterfaceName("org.freedesktop.DBus.Properties"), member: MemberName("PropertiesChanged"), body: Structure(Dynamic { fields: [Str, Dict { key: Dynamic { child: Str }, value: Dynamic { child: Variant } }, Array(Dynamic { child: Str })] }), fds: [] }
2030-01-02T11:59:35+00:00 machine gtk-status-bar[3427]: 2030-01-02T11:59:35.482352Z DEBUG gtk_status_bar::dbus: Dbus monitor: Received D-Bus message from path: Some(ObjectPath("/org/bluez/hci0")), interface: Some(InterfaceName("org.freedesktop.DBus.Properties")), member: Some(MemberName("PropertiesChanged"))
2030-01-02T11:59:35+00:00 machine gtk-status-bar[3427]: 2030-01-02T11:59:35.482374Z  INFO gtk_status_bar::dbus: Dbus monitor: Received signal
2030-01-02T11:59:35+00:00 machine gtk-status-bar[3427]: 2030-01-02T11:59:35.482392Z  INFO gtk_status_bar::dbus: Dbus monitor: Received PropertiesChanged signal
2030-01-02T11:59:35+00:00 machine gtk-status-bar[3427]: 2030-01-02T11:59:35.482443Z DEBUG gtk_status_bar::dbus: Dbus monitor: Ignored PropertiesChanged for interface: "org.bluez.Adapter1"
2030-01-02T11:59:35+00:00 machine gtk-status-bar[3427]: 2030-01-02T11:59:35.907396Z  INFO gtk_status_bar::widgets: Tray menu acquired exclusive keyboard focus request_id=21
2030-01-02T11:59:35+00:00 machine gtk-status-bar[3427]: 2030-01-02T11:59:35.907819Z DEBUG gtk_status_bar::tray: Tray backend received command item=":1.88/StatusNotifierItem" action=ContextMenu { request_id: 22, keyboard_grab: true } x=1322 y=11
2030-01-02T11:59:35+00:00 machine gtk-status-bar[3427]: 2030-01-02T11:59:35.909851Z DEBUG gtk_status_bar::tray: dbusmenu GetLayout reply decoded item=":1.88/StatusNotifierItem" fields=2
2030-01-02T11:59:35+00:00 machine gtk-status-bar[3427]: 2030-01-02T11:59:35.909891Z DEBUG gtk_status_bar::tray: dbusmenu layout parsed item=":1.88/StatusNotifierItem" count=5
2030-01-02T11:59:35+00:00 machine gtk-status-bar[3427]: 2030-01-02T11:59:35.940258Z DEBUG gtk_status_bar::widgets: Tray menu entry labels item=":1.88/StatusNotifierItem" labels=[Some("Keyboard - English (US)"), None, Some("Restart"), Some("Input Method Settings"), Some("Exit")]
2030-01-02T11:59:35+00:00 machine gtk-status-bar[3427]: 2030-01-02T11:59:35.940671Z DEBUG gtk_status_bar::widgets: Presenting tray menu item=":1.88/StatusNotifierItem" entries=5 keyboard_grab=true
2030-01-02T11:59:36+00:00 machine gtk-status-bar[3427]: 2030-01-02T11:59:36.001082Z DEBUG gtk_status_bar::widgets: Updating time label: 11:59 AM
2030-01-02T11:59:36+00:00 machine gtk-status-bar[3427]: 2030-01-02T11:59:36.050442Z DEBUG gtk_status_bar::widgets: Tray dropdown opened at level 0 item=":1.88/StatusNotifierItem"
2030-01-02T11:59:36+00:00 machine gtk-status-bar[3427]: 2030-01-02T11:59:36.134108Z  INFO gtk_status_bar::network: Network reachability probe completed target=192.0.2.1 success=true elapsed_ms=17
2030-01-02T11:59:36+00:00 machine gtk-status-bar[3427]: 2030-01-02T11:59:36.134163Z DEBUG gtk_status_bar::network: Sent network update label="\u{f091f} 28% \u{f0ac}"
2030-01-02T11:59:36+00:00 machine gtk-status-bar[3427]: 2030-01-02T11:59:36.134713Z DEBUG gtk_status_bar::widgets: Updating network label: 󰤟 28% 
2030-01-02T11:59:36+00:00 machine gtk-status-bar[3427]: 2030-01-02T11:59:36.231275Z DEBUG gtk_status_bar::widgets: Tray nav key item=":1.88/StatusNotifierItem" cmd=Up
2030-01-02T11:59:37+00:00 machine gtk-status-bar[3427]: 2030-01-02T11:59:37.002781Z DEBUG gtk_status_bar::widgets: Updating time label: 11:59 AM
2030-01-02T11:59:37+00:00 machine gtk-status-bar[3427]: 2030-01-02T11:59:37.298136Z DEBUG gtk_status_bar::widgets: Tray nav key item=":1.88/StatusNotifierItem" cmd=Escape
2030-01-02T11:59:38+00:00 machine gtk-status-bar[3427]: 2030-01-02T11:59:38.003889Z DEBUG gtk_status_bar::widgets: Updating time label: 11:59 AM
2030-01-02T11:59:38+00:00 machine gtk-status-bar[3427]: 2030-01-02T11:59:38.055436Z  INFO gtk_status_bar::network: Network reachability probe completed target=192.0.2.1 success=true elapsed_ms=12
2030-01-02T11:59:38+00:00 machine gtk-status-bar[3427]: 2030-01-02T11:59:38.055493Z DEBUG gtk_status_bar::network: Sent network update label="\u{f091f} 28% \u{f0ac}"
2030-01-02T11:59:38+00:00 machine gtk-status-bar[3427]: 2030-01-02T11:59:38.055725Z DEBUG gtk_status_bar::widgets: Updating network label: 󰤟 28% 
2030-01-02T11:59:39+00:00 machine gtk-status-bar[3427]: 2030-01-02T11:59:39.001238Z DEBUG gtk_status_bar::widgets: Updating time label: 11:59 AM
2030-01-02T11:59:39+00:00 machine gtk-status-bar[3427]: 2030-01-02T11:59:39.097692Z DEBUG gtk_status_bar::widgets: Tray nav key item=":1.88/StatusNotifierItem" cmd=Escape
2030-01-02T11:59:39+00:00 machine gtk-status-bar[3427]: 2030-01-02T11:59:39.105297Z  INFO gtk_status_bar::widgets: Tray menu released keyboard focus request_id=21
2030-01-02T11:59:39+00:00 machine gtk-status-bar[3427]: 2030-01-02T11:59:39.105419Z DEBUG gtk_status_bar::widgets: Tray keyboard navigation ended
2030-01-02T11:59:39+00:00 machine gtk-status-bar[3427]: 2030-01-02T11:59:39.930297Z  INFO gtk_status_bar::network: Network reachability probe completed target=198.51.100.1 success=false elapsed_ms=11
2030-01-02T11:59:39+00:00 machine gtk-status-bar[3427]: 2030-01-02T11:59:39.930357Z DEBUG gtk_status_bar::network: Sent network update label="\u{f091f} 28% \u{f0ac}"
2030-01-02T11:59:39+00:00 machine gtk-status-bar[3427]: 2030-01-02T11:59:39.930650Z DEBUG gtk_status_bar::widgets: Updating network label: 󰤟 28% 
2030-01-02T11:59:40+00:00 machine gtk-status-bar[3427]: 2030-01-02T11:59:40.000790Z DEBUG gtk_status_bar::widgets: Updating time label: 11:59 AM
2030-01-02T11:59:40+00:00 machine gtk-status-bar[3427]: 2030-01-02T11:59:40.196401Z  INFO gtk_status_bar::network: Network reachability probe completed target=198.51.100.1 success=false elapsed_ms=11
2030-01-02T11:59:40+00:00 machine gtk-status-bar[3427]: 2030-01-02T11:59:40.196457Z DEBUG gtk_status_bar::network: Sent network update label="\u{f091f} 28% \u{f0ac}"
2030-01-02T11:59:40+00:00 machine gtk-status-bar[3427]: 2030-01-02T11:59:40.196724Z DEBUG gtk_status_bar::widgets: Updating network label: 󰤟 28% 
2030-01-02T11:59:40+00:00 machine gtk-status-bar[3427]: 2030-01-02T11:59:40.904910Z  INFO gtk_status_bar::network: Network reachability probe completed target=192.0.2.1 success=true elapsed_ms=16
2030-01-02T11:59:40+00:00 machine gtk-status-bar[3427]: 2030-01-02T11:59:40.904973Z DEBUG gtk_status_bar::network: Sent network update label="\u{f091f} 28% \u{f0ac}"
2030-01-02T11:59:40+00:00 machine gtk-status-bar[3427]: 2030-01-02T11:59:40.905243Z DEBUG gtk_status_bar::widgets: Updating network label: 󰤟 28% 
2030-01-02T11:59:41+00:00 machine gtk-status-bar[3427]: 2030-01-02T11:59:41.001279Z DEBUG gtk_status_bar::widgets: Updating time label: 11:59 AM
2030-01-02T11:59:41+00:00 machine gtk-status-bar[3427]: 2030-01-02T11:59:41.036672Z  INFO gtk_status_bar::widgets: Tray menu acquired exclusive keyboard focus request_id=24
2030-01-02T11:59:41+00:00 machine gtk-status-bar[3427]: 2030-01-02T11:59:41.036878Z DEBUG gtk_status_bar::tray: Tray backend received command item=":1.88/StatusNotifierItem" action=ContextMenu { request_id: 25, keyboard_grab: true } x=1322 y=11
2030-01-02T11:59:41+00:00 machine gtk-status-bar[3427]: 2030-01-02T11:59:41.039629Z DEBUG gtk_status_bar::tray: dbusmenu GetLayout reply decoded item=":1.88/StatusNotifierItem" fields=2
2030-01-02T11:59:41+00:00 machine gtk-status-bar[3427]: 2030-01-02T11:59:41.039670Z DEBUG gtk_status_bar::tray: dbusmenu layout parsed item=":1.88/StatusNotifierItem" count=5
2030-01-02T11:59:41+00:00 machine gtk-status-bar[3427]: 2030-01-02T11:59:41.040299Z DEBUG gtk_status_bar::widgets: Tray menu entry labels item=":1.88/StatusNotifierItem" labels=[Some("Keyboard - English (US)"), None, Some("Restart"), Some("Input Method Settings"), Some("Exit")]
2030-01-02T11:59:41+00:00 machine gtk-status-bar[3427]: 2030-01-02T11:59:41.040780Z DEBUG gtk_status_bar::widgets: Presenting tray menu item=":1.88/StatusNotifierItem" entries=5 keyboard_grab=true
2030-01-02T11:59:41+00:00 machine gtk-status-bar[3427]: 2030-01-02T11:59:41.172870Z DEBUG gtk_status_bar::widgets: Tray dropdown opened at level 0 item=":1.88/StatusNotifierItem"
2030-01-02T11:59:41+00:00 machine gtk-status-bar[3427]: 2030-01-02T11:59:41.575045Z  INFO gtk_status_bar::widgets: Tray menu released keyboard focus request_id=24
2030-01-02T11:59:41+00:00 machine gtk-status-bar[3427]: 2030-01-02T11:59:41.577004Z DEBUG gtk_status_bar::widgets: Tray keyboard navigation ended
2030-01-02T11:59:41+00:00 machine gtk-status-bar[3427]: 2030-01-02T11:59:41.985476Z  INFO gtk_status_bar::network: Network reachability probe completed target=198.51.100.1 success=false elapsed_ms=17
2030-01-02T11:59:41+00:00 machine gtk-status-bar[3427]: 2030-01-02T11:59:41.985588Z DEBUG gtk_status_bar::network: Sent network update label="\u{f091f} 28% \u{f0ac}"
2030-01-02T11:59:41+00:00 machine gtk-status-bar[3427]: 2030-01-02T11:59:41.985758Z DEBUG gtk_status_bar::widgets: Updating network label: 󰤟 28% 
2030-01-02T11:59:42+00:00 machine gtk-status-bar[3427]: 2030-01-02T11:59:42.000663Z DEBUG gtk_status_bar::widgets: Updating time label: 11:59 AM
2030-01-02T11:59:43+00:00 machine gtk-status-bar[3427]: 2030-01-02T11:59:43.002039Z DEBUG gtk_status_bar::widgets: Updating time label: 11:59 AM
2030-01-02T11:59:43+00:00 machine gtk-status-bar[3427]: 2030-01-02T11:59:43.304290Z  INFO gtk_status_bar::network: Network reachability probe completed target=192.0.2.1 success=true elapsed_ms=12
2030-01-02T11:59:43+00:00 machine gtk-status-bar[3427]: 2030-01-02T11:59:43.304338Z DEBUG gtk_status_bar::network: Sent network update label="\u{f091f} 28% \u{f0ac}"
2030-01-02T11:59:43+00:00 machine gtk-status-bar[3427]: 2030-01-02T11:59:43.304514Z DEBUG gtk_status_bar::widgets: Updating network label: 󰤟 28% 
2030-01-02T11:59:43+00:00 machine gtk-status-bar[3427]: 2030-01-02T11:59:43.442802Z  INFO gtk_status_bar::network: Network reachability probe completed target=192.0.2.1 success=true elapsed_ms=12
2030-01-02T11:59:43+00:00 machine gtk-status-bar[3427]: 2030-01-02T11:59:43.442852Z DEBUG gtk_status_bar::network: Sent network update label="\u{f091f} 28% \u{f0ac}"
2030-01-02T11:59:43+00:00 machine gtk-status-bar[3427]: 2030-01-02T11:59:43.443016Z DEBUG gtk_status_bar::widgets: Updating network label: 󰤟 28% 
2030-01-02T11:59:43+00:00 machine gtk-status-bar[3427]: 2030-01-02T11:59:43.561039Z  INFO gtk_status_bar::widgets: Tray menu acquired exclusive keyboard focus request_id=28
2030-01-02T11:59:43+00:00 machine gtk-status-bar[3427]: 2030-01-02T11:59:43.561242Z DEBUG gtk_status_bar::tray: Tray backend received command item=":1.88/StatusNotifierItem" action=ContextMenu { request_id: 29, keyboard_grab: true } x=1322 y=11
2030-01-02T11:59:43+00:00 machine gtk-status-bar[3427]: 2030-01-02T11:59:43.566765Z DEBUG gtk_status_bar::tray: dbusmenu GetLayout reply decoded item=":1.88/StatusNotifierItem" fields=2
2030-01-02T11:59:43+00:00 machine gtk-status-bar[3427]: 2030-01-02T11:59:43.566799Z DEBUG gtk_status_bar::tray: dbusmenu layout parsed item=":1.88/StatusNotifierItem" count=5
2030-01-02T11:59:43+00:00 machine gtk-status-bar[3427]: 2030-01-02T11:59:43.567064Z DEBUG gtk_status_bar::widgets: Tray menu entry labels item=":1.88/StatusNotifierItem" labels=[Some("Keyboard - English (US)"), None, Some("Restart"), Some("Input Method Settings"), Some("Exit")]
2030-01-02T11:59:43+00:00 machine gtk-status-bar[3427]: 2030-01-02T11:59:43.567329Z DEBUG gtk_status_bar::widgets: Presenting tray menu item=":1.88/StatusNotifierItem" entries=5 keyboard_grab=true
2030-01-02T11:59:43+00:00 machine gtk-status-bar[3427]: 2030-01-02T11:59:43.686846Z DEBUG gtk_status_bar::widgets: Tray dropdown opened at level 0 item=":1.88/StatusNotifierItem"
2030-01-02T11:59:43+00:00 machine gtk-status-bar[3427]: 2030-01-02T11:59:43.749724Z DEBUG gtk_status_bar::hypr: Handling active window change event
2030-01-02T11:59:43+00:00 machine gtk-status-bar[3427]: 2030-01-02T11:59:43.750216Z DEBUG gtk_status_bar::hypr: Window data - class: 'kitty', title: '界🙂界🙂界🙂界🙂界🙂界🙂界🙂界🙂界🙂界🙂界🙂界🙂界🙂界🙂界🙂界🙂界🙂界🙂界🙂界🙂界🙂界🙂界🙂界🙂界🙂界🙂界🙂界🙂界🙂界🙂界🙂界🙂界🙂界🙂界🙂界🙂界🙂界🙂界🙂界🙂', address: '0x5947a58aa530'
2030-01-02T11:59:43+00:00 machine gtk-status-bar[3427]: 2030-01-02T11:59:43.750243Z DEBUG gtk_status_bar::hypr: Active window changed title="界🙂界🙂界🙂界🙂界🙂界🙂界🙂界🙂界🙂界🙂界🙂界🙂界🙂界🙂界🙂界…界🙂界🙂界🙂界🙂界🙂界🙂界🙂界🙂界🙂界🙂界🙂界🙂界🙂界🙂界🙂界🙂" class="kitty"
2030-01-02T11:59:43+00:00 machine gtk-status-bar[3427]: 2030-01-02T11:59:43.752146Z DEBUG gtk_status_bar::hypr: Handling active window change event
2030-01-02T11:59:43+00:00 machine gtk-status-bar[3427]: 2030-01-02T11:59:43.752177Z DEBUG gtk_status_bar::hypr: Window data - class: 'kitty', title: 'Focus Left', address: '0x5947a3fa26a0'
2030-01-02T11:59:43+00:00 machine gtk-status-bar[3427]: 2030-01-02T11:59:43.752196Z DEBUG gtk_status_bar::hypr: Active window changed title="Focus Left" class="kitty"
2030-01-02T11:59:43+00:00 machine gtk-status-bar[3427]: 2030-01-02T11:59:43.773025Z DEBUG gtk_status_bar::hypr: Handling active window change event
2030-01-02T11:59:43+00:00 machine gtk-status-bar[3427]: 2030-01-02T11:59:43.774957Z DEBUG gtk_status_bar::hypr: Window data - class: 'kitty', title: 'Close OS window', address: '0x5947a452b960'
2030-01-02T11:59:43+00:00 machine gtk-status-bar[3427]: 2030-01-02T11:59:43.777624Z DEBUG gtk_status_bar::hypr: Active window changed title="Close OS window" class="kitty"
2030-01-02T11:59:43+00:00 machine gtk-status-bar[3427]: 2030-01-02T11:59:43.777709Z DEBUG gtk_status_bar::hypr: Handling active window change event
2030-01-02T11:59:43+00:00 machine gtk-status-bar[3427]: 2030-01-02T11:59:43.777729Z DEBUG gtk_status_bar::hypr: Window data - class: 'kitty', title: 'KeyboardFocusEvidence', address: '0x5947a42b3410'
2030-01-02T11:59:43+00:00 machine gtk-status-bar[3427]: 2030-01-02T11:59:43.777749Z DEBUG gtk_status_bar::hypr: Active window changed title="KeyboardFocusEvidence" class="kitty"
2030-01-02T11:59:43+00:00 machine gtk-status-bar[3427]: 2030-01-02T11:59:43.827700Z DEBUG gtk_status_bar::widgets: Updating title widget title="界🙂界🙂界🙂界🙂界🙂界🙂界🙂界🙂界🙂界🙂界🙂界🙂界🙂界🙂界🙂界…界🙂界🙂界🙂界🙂界🙂界🙂界🙂界🙂界🙂界🙂界🙂界🙂界🙂界🙂界🙂界🙂" class="kitty"
2030-01-02T11:59:43+00:00 machine gtk-status-bar[3427]: 2030-01-02T11:59:43.844319Z DEBUG gtk_status_bar::widgets: Updating title widget title="Focus Left" class="kitty"
2030-01-02T11:59:43+00:00 machine gtk-status-bar[3427]: 2030-01-02T11:59:43.844412Z DEBUG gtk_status_bar::widgets: Updating title widget title="Close OS window" class="kitty"
2030-01-02T11:59:43+00:00 machine gtk-status-bar[3427]: 2030-01-02T11:59:43.844440Z DEBUG gtk_status_bar::widgets: Updating title widget title="KeyboardFocusEvidence" class="kitty"
2030-01-02T11:59:44+00:00 machine gtk-status-bar[3427]: 2030-01-02T11:59:44.001674Z DEBUG gtk_status_bar::widgets: Updating time label: 11:59 AM
2030-01-02T11:59:44+00:00 machine gtk-status-bar[3427]: 2030-01-02T11:59:44.898257Z  INFO gtk_status_bar::network: Network reachability probe completed target=198.51.100.1 success=false elapsed_ms=12
2030-01-02T11:59:44+00:00 machine gtk-status-bar[3427]: 2030-01-02T11:59:44.898314Z DEBUG gtk_status_bar::network: Sent network update label="\u{f091f} 28% \u{f0ac}"
2030-01-02T11:59:44+00:00 machine gtk-status-bar[3427]: 2030-01-02T11:59:44.898761Z DEBUG gtk_status_bar::widgets: Updating network label: 󰤟 28% 
2030-01-02T11:59:45+00:00 machine gtk-status-bar[3427]: 2030-01-02T11:59:45.001151Z DEBUG gtk_status_bar::widgets: Updating time label: 11:59 AM
2030-01-02T11:59:45+00:00 machine gtk-status-bar[3427]: 2030-01-02T11:59:45.054352Z  INFO gtk_status_bar::widgets: Tray menu released keyboard focus request_id=28
2030-01-02T11:59:45+00:00 machine gtk-status-bar[3427]: 2030-01-02T11:59:45.054703Z DEBUG gtk_status_bar::widgets: Tray keyboard navigation ended
2030-01-02T11:59:45+00:00 machine gtk-status-bar[3427]: 2030-01-02T11:59:45.301926Z  INFO gtk_status_bar::network: Network reachability probe completed target=198.51.100.1 success=false elapsed_ms=13
2030-01-02T11:59:45+00:00 machine gtk-status-bar[3427]: 2030-01-02T11:59:45.301983Z DEBUG gtk_status_bar::network: Sent network update label="\u{f091f} 28% \u{f0ac}"
2030-01-02T11:59:45+00:00 machine gtk-status-bar[3427]: 2030-01-02T11:59:45.302151Z DEBUG gtk_status_bar::widgets: Updating network label: 󰤟 28% 
2030-01-02T11:59:46+00:00 machine gtk-status-bar[3427]: 2030-01-02T11:59:46.000757Z DEBUG gtk_status_bar::widgets: Updating time label: 11:59 AM
2030-01-02T11:59:46+00:00 machine gtk-status-bar[3427]: 2030-01-02T11:59:46.705507Z  INFO gtk_status_bar::network: Network reachability probe completed target=192.0.2.1 success=true elapsed_ms=17
2030-01-02T11:59:46+00:00 machine gtk-status-bar[3427]: 2030-01-02T11:59:46.706431Z DEBUG gtk_status_bar::network: Sent network update label="\u{f091f} 28% \u{f0ac}"
2030-01-02T11:59:46+00:00 machine gtk-status-bar[3427]: 2030-01-02T11:59:46.706770Z DEBUG gtk_status_bar::widgets: Updating network label: 󰤟 28% 
2030-01-02T11:59:46+00:00 machine gtk-status-bar[3427]: 2030-01-02T11:59:46.962819Z  INFO gtk_status_bar::widgets: Tray menu acquired exclusive keyboard focus request_id=31
2030-01-02T11:59:46+00:00 machine gtk-status-bar[3427]: 2030-01-02T11:59:46.963014Z DEBUG gtk_status_bar::tray: Tray backend received command item=":1.88/StatusNotifierItem" action=ContextMenu { request_id: 32, keyboard_grab: true } x=1322 y=11
2030-01-02T11:59:46+00:00 machine gtk-status-bar[3427]: 2030-01-02T11:59:46.965581Z DEBUG gtk_status_bar::tray: dbusmenu GetLayout reply decoded item=":1.88/StatusNotifierItem" fields=2
2030-01-02T11:59:46+00:00 machine gtk-status-bar[3427]: 2030-01-02T11:59:46.965613Z DEBUG gtk_status_bar::tray: dbusmenu layout parsed item=":1.88/StatusNotifierItem" count=5
2030-01-02T11:59:46+00:00 machine gtk-status-bar[3427]: 2030-01-02T11:59:46.997121Z DEBUG gtk_status_bar::widgets: Tray menu entry labels item=":1.88/StatusNotifierItem" labels=[Some("Keyboard - English (US)"), None, Some("Restart"), Some("Input Method Settings"), Some("Exit")]
2030-01-02T11:59:47+00:00 machine gtk-status-bar[3427]: 2030-01-02T11:59:47.009404Z DEBUG gtk_status_bar::widgets: Presenting tray menu item=":1.88/StatusNotifierItem" entries=5 keyboard_grab=true
2030-01-02T11:59:47+00:00 machine gtk-status-bar[3427]: 2030-01-02T11:59:47.023719Z DEBUG gtk_status_bar::widgets: Updating time label: 11:59 AM
2030-01-02T11:59:47+00:00 machine gtk-status-bar[3427]: 2030-01-02T11:59:47.134682Z DEBUG gtk_status_bar::widgets: Tray dropdown opened at level 0 item=":1.88/StatusNotifierItem"
2030-01-02T11:59:47+00:00 machine gtk-status-bar[3427]: 2030-01-02T11:59:47.245394Z DEBUG gtk_status_bar::widgets: Tray nav key item=":1.88/StatusNotifierItem" cmd=Activate
2030-01-02T11:59:47+00:00 machine gtk-status-bar[3427]: 2030-01-02T11:59:47.509840Z  INFO gtk_status_bar::network: Network reachability probe completed target=192.0.2.1 success=true elapsed_ms=11
2030-01-02T11:59:47+00:00 machine gtk-status-bar[3427]: 2030-01-02T11:59:47.509892Z DEBUG gtk_status_bar::network: Sent network update label="\u{f091f} 28% \u{f0ac}"
2030-01-02T11:59:47+00:00 machine gtk-status-bar[3427]: 2030-01-02T11:59:47.516751Z DEBUG gtk_status_bar::widgets: Updating network label: 󰤟 28% 
2030-01-02T11:59:48+00:00 machine gtk-status-bar[3427]: 2030-01-02T11:59:48.001740Z DEBUG gtk_status_bar::widgets: Updating time label: 11:59 AM
2030-01-02T11:59:48+00:00 machine gtk-status-bar[3427]: 2030-01-02T11:59:48.363832Z  INFO gtk_status_bar::network: Network reachability probe completed target=198.51.100.1 success=false elapsed_ms=23
2030-01-02T11:59:48+00:00 machine gtk-status-bar[3427]: 2030-01-02T11:59:48.371304Z DEBUG gtk_status_bar::network: Sent network update label="\u{f091f} 28% \u{f0ac}"
2030-01-02T11:59:48+00:00 machine gtk-status-bar[3427]: 2030-01-02T11:59:48.371720Z DEBUG gtk_status_bar::widgets: Updating network label: 󰤟 28% 
2030-01-02T11:59:48+00:00 machine gtk-status-bar[3427]: 2030-01-02T11:59:48.858828Z  INFO gtk_status_bar::network: Network reachability probe completed target=192.0.2.1 success=true elapsed_ms=26
2030-01-02T11:59:48+00:00 machine gtk-status-bar[3427]: 2030-01-02T11:59:48.858882Z DEBUG gtk_status_bar::network: Sent network update label="\u{f091f} 28% \u{f0ac}"
2030-01-02T11:59:48+00:00 machine gtk-status-bar[3427]: 2030-01-02T11:59:48.869737Z DEBUG gtk_status_bar::widgets: Updating network label: 󰤟 28% 
2030-01-02T11:59:49+00:00 machine gtk-status-bar[3427]: 2030-01-02T11:59:49.001219Z DEBUG gtk_status_bar::widgets: Updating time label: 11:59 AM
2030-01-02T11:59:49+00:00 machine gtk-status-bar[3427]: 2030-01-02T11:59:49.044320Z DEBUG gtk_status_bar::widgets: Tray nav key item=":1.88/StatusNotifierItem" cmd=Activate
2030-01-02T11:59:49+00:00 machine gtk-status-bar[3427]: 2030-01-02T11:59:49.044844Z DEBUG gtk_status_bar::tray: Tray backend received command item=":1.88/StatusNotifierItem" action=MenuEvent(100) x=0 y=0
2030-01-02T11:59:49+00:00 machine gtk-status-bar[3427]: 2030-01-02T11:59:49.059201Z  INFO gtk_status_bar::widgets: Tray menu released keyboard focus request_id=31
2030-01-02T11:59:49+00:00 machine gtk-status-bar[3427]: 2030-01-02T11:59:49.064697Z DEBUG gtk_status_bar::widgets: Tray keyboard navigation ended
2030-01-02T11:59:50+00:00 machine gtk-status-bar[3427]: 2030-01-02T11:59:50.000706Z DEBUG gtk_status_bar::widgets: Updating time label: 11:59 AM
2030-01-02T11:59:50+00:00 machine gtk-status-bar[3427]: 2030-01-02T11:59:50.424869Z  INFO gtk_status_bar::network: Network reachability probe completed target=198.51.100.1 success=false elapsed_ms=10
2030-01-02T11:59:50+00:00 machine gtk-status-bar[3427]: 2030-01-02T11:59:50.424920Z DEBUG gtk_status_bar::network: Sent network update label="\u{f091f} 28% \u{f0ac}"
2030-01-02T11:59:50+00:00 machine gtk-status-bar[3427]: 2030-01-02T11:59:50.425119Z DEBUG gtk_status_bar::widgets: Updating network label: 󰤟 28% 
2030-01-02T11:59:50+00:00 machine gtk-status-bar[3427]: 2030-01-02T11:59:50.490562Z  INFO gtk_status_bar::network: Network reachability probe completed target=192.0.2.1 success=true elapsed_ms=14
2030-01-02T11:59:50+00:00 machine gtk-status-bar[3427]: 2030-01-02T11:59:50.490614Z DEBUG gtk_status_bar::network: Sent network update label="\u{f091f} 28% \u{f0ac}"
2030-01-02T11:59:50+00:00 machine gtk-status-bar[3427]: 2030-01-02T11:59:50.490818Z DEBUG gtk_status_bar::widgets: Updating network label: 󰤟 28% 
2030-01-02T11:59:50+00:00 machine gtk-status-bar[3427]: 2030-01-02T11:59:50.848299Z  INFO gtk_status_bar::network: Network reachability probe completed target=198.51.100.1 success=false elapsed_ms=12
2030-01-02T11:59:50+00:00 machine gtk-status-bar[3427]: 2030-01-02T11:59:50.848368Z DEBUG gtk_status_bar::network: Sent network update label="\u{f091f} 28% \u{f0ac}"
2030-01-02T11:59:50+00:00 machine gtk-status-bar[3427]: 2030-01-02T11:59:50.848650Z DEBUG gtk_status_bar::widgets: Updating network label: 󰤟 28% 
2030-01-02T11:59:50+00:00 machine gtk-status-bar[3427]: 2030-01-02T11:59:50.911169Z  INFO gtk_status_bar::widgets: Tray menu acquired exclusive keyboard focus request_id=34
2030-01-02T11:59:50+00:00 machine gtk-status-bar[3427]: 2030-01-02T11:59:50.923749Z DEBUG gtk_status_bar::tray: Tray backend received command item=":1.88/StatusNotifierItem" action=ContextMenu { request_id: 35, keyboard_grab: true } x=1322 y=11
2030-01-02T11:59:50+00:00 machine gtk-status-bar[3427]: 2030-01-02T11:59:50.925905Z DEBUG gtk_status_bar::tray: dbusmenu GetLayout reply decoded item=":1.88/StatusNotifierItem" fields=2
2030-01-02T11:59:50+00:00 machine gtk-status-bar[3427]: 2030-01-02T11:59:50.925952Z DEBUG gtk_status_bar::tray: dbusmenu layout parsed item=":1.88/StatusNotifierItem" count=5
2030-01-02T11:59:50+00:00 machine gtk-status-bar[3427]: 2030-01-02T11:59:50.926385Z DEBUG gtk_status_bar::widgets: Tray menu entry labels item=":1.88/StatusNotifierItem" labels=[Some("Keyboard - English (US)"), None, Some("Restart"), Some("Input Method Settings"), Some("Exit")]
2030-01-02T11:59:50+00:00 machine gtk-status-bar[3427]: 2030-01-02T11:59:50.926856Z DEBUG gtk_status_bar::widgets: Presenting tray menu item=":1.88/StatusNotifierItem" entries=5 keyboard_grab=true
2030-01-02T11:59:51+00:00 machine gtk-status-bar[3427]: 2030-01-02T11:59:51.004810Z DEBUG gtk_status_bar::widgets: Updating time label: 11:59 AM
2030-01-02T11:59:51+00:00 machine gtk-status-bar[3427]: 2030-01-02T11:59:51.032382Z DEBUG gtk_status_bar::widgets: Tray dropdown opened at level 0 item=":1.88/StatusNotifierItem"
2030-01-02T11:59:51+00:00 machine gtk-status-bar[3427]: 2030-01-02T11:59:51.244805Z  INFO gtk_status_bar::widgets: Tray menu released keyboard focus request_id=34
2030-01-02T11:59:51+00:00 machine gtk-status-bar[3427]: 2030-01-02T11:59:51.244922Z DEBUG gtk_status_bar::widgets: Tray keyboard navigation ended
2030-01-02T11:59:52+00:00 machine gtk-status-bar[3427]: 2030-01-02T11:59:52.001640Z DEBUG gtk_status_bar::widgets: Updating time label: 11:59 AM
2030-01-02T11:59:52+00:00 machine gtk-status-bar[3427]: 2030-01-02T11:59:52.854699Z  INFO gtk_status_bar::network: Network reachability probe completed target=192.0.2.1 success=true elapsed_ms=13
2030-01-02T11:59:52+00:00 machine gtk-status-bar[3427]: 2030-01-02T11:59:52.854744Z DEBUG gtk_status_bar::network: Sent network update label="\u{f091f} 28% \u{f0ac}"
2030-01-02T11:59:52+00:00 machine gtk-status-bar[3427]: 2030-01-02T11:59:52.854902Z DEBUG gtk_status_bar::widgets: Updating network label: 󰤟 28% 
2030-01-02T11:59:52+00:00 machine gtk-status-bar[3427]: 2030-01-02T11:59:52.923317Z  INFO gtk_status_bar::network: Network reachability probe completed target=198.51.100.1 success=false elapsed_ms=18
2030-01-02T11:59:52+00:00 machine gtk-status-bar[3427]: 2030-01-02T11:59:52.932890Z DEBUG gtk_status_bar::network: Sent network update label="\u{f091f} 28% \u{f0ac}"
2030-01-02T11:59:52+00:00 machine gtk-status-bar[3427]: 2030-01-02T11:59:52.933067Z DEBUG gtk_status_bar::widgets: Updating network label: 󰤟 28% 
2030-01-02T11:59:53+00:00 machine gtk-status-bar[3427]: 2030-01-02T11:59:53.001122Z DEBUG gtk_status_bar::widgets: Updating time label: 11:59 AM
2030-01-02T11:59:54+00:00 machine gtk-status-bar[3427]: 2030-01-02T11:59:54.000606Z DEBUG gtk_status_bar::widgets: Updating time label: 11:59 AM
2030-01-02T11:59:54+00:00 machine gtk-status-bar[3427]: 2030-01-02T11:59:54.064144Z  INFO gtk_status_bar::network: Network reachability probe completed target=192.0.2.1 success=true elapsed_ms=11
2030-01-02T11:59:54+00:00 machine gtk-status-bar[3427]: 2030-01-02T11:59:54.064205Z DEBUG gtk_status_bar::network: Sent network update label="\u{f091f} 28% \u{f0ac}"
2030-01-02T11:59:54+00:00 machine gtk-status-bar[3427]: 2030-01-02T11:59:54.078579Z DEBUG gtk_status_bar::widgets: Updating network label: 󰤟 28% 
2030-01-02T11:59:55+00:00 machine gtk-status-bar[3427]: 2030-01-02T11:59:55.001920Z DEBUG gtk_status_bar::widgets: Updating time label: 11:59 AM
2030-01-02T11:59:55+00:00 machine gtk-status-bar[3427]: 2030-01-02T11:59:55.152887Z  INFO gtk_status_bar::network: Network reachability probe completed target=198.51.100.1 success=false elapsed_ms=17
2030-01-02T11:59:55+00:00 machine gtk-status-bar[3427]: 2030-01-02T11:59:55.152949Z DEBUG gtk_status_bar::network: Sent network update label="\u{f091f} 28% \u{f0ac}"
2030-01-02T11:59:55+00:00 machine gtk-status-bar[3427]: 2030-01-02T11:59:55.167280Z DEBUG gtk_status_bar::widgets: Updating network label: 󰤟 28% 
2030-01-02T11:59:56+00:00 machine gtk-status-bar[3427]: 2030-01-02T11:59:56.001758Z DEBUG gtk_status_bar::widgets: Updating time label: 11:59 AM
2030-01-02T11:59:56+00:00 machine gtk-status-bar[3427]: 2030-01-02T11:59:56.352175Z  INFO gtk_status_bar::tray: Status notifier item disappeared item=":1.91/StatusNotifierItem"
2030-01-02T11:59:56+00:00 machine gtk-status-bar[3427]: 2030-01-02T11:59:56.359966Z  INFO gtk_status_bar::widgets: Removed system tray item item=":1.91/StatusNotifierItem"
2030-01-02T11:59:56+00:00 machine gtk-status-bar[3427]: 2030-01-02T11:59:56.841467Z  INFO gtk_status_bar::network: Network reachability probe completed target=198.51.100.1 success=false elapsed_ms=12
2030-01-02T11:59:56+00:00 machine gtk-status-bar[3427]: 2030-01-02T11:59:56.841608Z DEBUG gtk_status_bar::network: Sent network update label="\u{f091f} 28% \u{f0ac}"
2030-01-02T11:59:56+00:00 machine gtk-status-bar[3427]: 2030-01-02T11:59:56.841734Z DEBUG gtk_status_bar::widgets: Updating network label: 󰤟 28% 
2030-01-02T11:59:57+00:00 machine gtk-status-bar[3427]: 2030-01-02T11:59:57.001293Z DEBUG gtk_status_bar::widgets: Updating time label: 11:59 AM
2030-01-02T11:59:58+00:00 machine gtk-status-bar[3427]: 2030-01-02T11:59:58.000851Z DEBUG gtk_status_bar::widgets: Updating time label: 11:59 AM
2030-01-02T11:59:58+00:00 machine gtk-status-bar[3427]: 2030-01-02T11:59:58.539811Z  INFO gtk_status_bar::network: Network reachability probe completed target=192.0.2.1 success=true elapsed_ms=13
2030-01-02T11:59:58+00:00 machine gtk-status-bar[3427]: 2030-01-02T11:59:58.539869Z DEBUG gtk_status_bar::network: Sent network update label="\u{f091f} 28% \u{f0ac}"
2030-01-02T11:59:58+00:00 machine gtk-status-bar[3427]: 2030-01-02T11:59:58.540071Z DEBUG gtk_status_bar::widgets: Updating network label: 󰤟 28% 
2030-01-02T11:59:59+00:00 machine gtk-status-bar[3427]: 2030-01-02T11:59:59.001725Z DEBUG gtk_status_bar::widgets: Updating time label: 11:59 AM
2030-01-02T12:00:00+00:00 machine gtk-status-bar[3427]: 2030-01-02T12:00:00.002145Z DEBUG gtk_status_bar::widgets: Updating time label: 12:00 PM
2030-01-02T12:00:00+00:00 machine gtk-status-bar[3427]: 2030-01-02T12:00:00.313007Z  INFO gtk_status_bar::network: Network reachability probe completed target=198.51.100.1 success=false elapsed_ms=11
2030-01-02T12:00:00+00:00 machine gtk-status-bar[3427]: 2030-01-02T12:00:00.313056Z DEBUG gtk_status_bar::network: Sent network update label="\u{f091f} 28% \u{f0ac}"
2030-01-02T12:00:00+00:00 machine gtk-status-bar[3427]: 2030-01-02T12:00:00.313226Z DEBUG gtk_status_bar::widgets: Updating network label: 󰤟 28% 
2030-01-02T12:00:00+00:00 machine gtk-status-bar[3427]: 2030-01-02T12:00:00.650698Z  INFO gtk_status_bar::network: Network reachability probe completed target=192.0.2.1 success=true elapsed_ms=14
2030-01-02T12:00:00+00:00 machine gtk-status-bar[3427]: 2030-01-02T12:00:00.650755Z DEBUG gtk_status_bar::network: Sent network update label="\u{f091f} 28% \u{f0ac}"
2030-01-02T12:00:00+00:00 machine gtk-status-bar[3427]: 2030-01-02T12:00:00.651078Z DEBUG gtk_status_bar::widgets: Updating network label: 󰤟 28% 
2030-01-02T12:00:01+00:00 machine gtk-status-bar[3427]: 2030-01-02T12:00:01.000769Z DEBUG gtk_status_bar::widgets: Updating time label: 12:00 PM
