2026-07-13T19:41:31+00:00 machine gtk-status-bar[1181]: 2026-07-13T19:41:31.918053Z  INFO gtk_status_bar: Starting GTK status bar application
2026-07-13T19:41:31+00:00 machine gtk-status-bar[1181]: 2026-07-13T19:41:31.939944Z  INFO gtk_status_bar: Running GTK application
2026-07-13T19:41:36+00:00 machine gtk-status-bar[1181]: 2026-07-13T19:41:36.005292Z  INFO gtk_status_bar: Activating GTK application
2026-07-13T19:41:36+00:00 machine gtk-status-bar[1181]: 2026-07-13T19:41:36.015552Z DEBUG gtk_status_bar::widgets: Loading CSS styles
2026-07-13T19:41:36+00:00 machine gtk-status-bar[1181]: 2026-07-13T19:41:36.017358Z  INFO gtk_status_bar::widgets: CSS styles loaded successfully
2026-07-13T19:41:36+00:00 machine gtk-status-bar[1181]: 2026-07-13T19:41:36.018176Z DEBUG gtk_status_bar::widgets: Configuring layer shell
2026-07-13T19:41:36+00:00 machine gtk-status-bar[1181]: 2026-07-13T19:41:36.031192Z  INFO gtk_status_bar::widgets: Layer shell configured successfully
2026-07-13T19:41:36+00:00 machine gtk-status-bar[1181]: 2026-07-13T19:41:36.031794Z DEBUG gtk_status_bar::widgets: Creating experimental bar
2026-07-13T19:41:36+00:00 machine gtk-status-bar[1181]: 2026-07-13T19:41:36.034030Z DEBUG gtk_status_bar::widgets: Creating left group
2026-07-13T19:41:36+00:00 machine gtk-status-bar[1181]: 2026-07-13T19:41:36.034091Z DEBUG gtk_status_bar::widgets: Creating workspace widget
2026-07-13T19:41:36+00:00 machine gtk-status-bar[1181]: 2026-07-13T19:41:36.039781Z DEBUG gtk_status_bar::widgets: Creating center group
2026-07-13T19:41:36+00:00 machine gtk-status-bar[1181]: 2026-07-13T19:41:36.039828Z DEBUG gtk_status_bar::widgets: Creating title widget
2026-07-13T19:41:36+00:00 machine gtk-status-bar[1181]: 2026-07-13T19:41:36.041561Z DEBUG gtk_status_bar::widgets: Creating right group
2026-07-13T19:41:36+00:00 machine gtk-status-bar[1181]: 2026-07-13T19:41:36.041607Z DEBUG gtk_status_bar::widgets: Creating system tray widget
2026-07-13T19:41:36+00:00 machine gtk-status-bar[1181]: 2026-07-13T19:41:36.041647Z DEBUG gtk_status_bar::widgets: Creating bluetooth widget
2026-07-13T19:41:36+00:00 machine gtk-status-bar[1181]: 2026-07-13T19:41:36.041744Z DEBUG gtk_status_bar::widgets: Creating volume widget
2026-07-13T19:41:36+00:00 machine gtk-status-bar[1181]: 2026-07-13T19:41:36.041921Z DEBUG gtk_status_bar::widgets: Creating network widget
2026-07-13T19:41:36+00:00 machine gtk-status-bar[1181]: 2026-07-13T19:41:36.041963Z DEBUG gtk_status_bar::widgets: Creating battery widget
2026-07-13T19:41:36+00:00 machine gtk-status-bar[1181]: 2026-07-13T19:41:36.042004Z DEBUG gtk_status_bar::widgets: Creating time widget
2026-07-13T19:41:37+00:00 machine gtk-status-bar[1181]: 2026-07-13T19:41:37.564842Z DEBUG gtk_status_bar::widgets: Setting up time widget updates
2026-07-13T19:41:37+00:00 machine gtk-status-bar[1181]: 2026-07-13T19:41:37.565216Z DEBUG gtk_status_bar::widgets: Updating time label:  7:41 PM
2026-07-13T19:41:37+00:00 machine gtk-status-bar[1181]: 2026-07-13T19:41:37.565532Z DEBUG gtk_status_bar::widgets: Setting up system tray updates
2026-07-13T19:41:37+00:00 machine gtk-status-bar[1181]: 2026-07-13T19:41:37.565873Z DEBUG gtk_status_bar::widgets: Setting up workspace updates
2026-07-13T19:41:37+00:00 machine gtk-status-bar[1181]: 2026-07-13T19:41:37.566238Z DEBUG gtk_status_bar::widgets: Setting up title updates
2026-07-13T19:41:37+00:00 machine gtk-status-bar[1181]: 2026-07-13T19:41:37.566279Z DEBUG gtk_status_bar::widgets: Setting up battery updates
2026-07-13T19:41:37+00:00 machine gtk-status-bar[1181]: 2026-07-13T19:41:37.566440Z DEBUG gtk_status_bar::widgets: Setting up Bluetooth battery updates
2026-07-13T19:41:37+00:00 machine gtk-status-bar[1181]: 2026-07-13T19:41:37.566476Z DEBUG gtk_status_bar::widgets: Setting up network updates
2026-07-13T19:41:37+00:00 machine gtk-status-bar[1181]: 2026-07-13T19:41:37.566520Z DEBUG gtk_status_bar::widgets: Setting up volume updates with tokio async channels
2026-07-13T19:41:37+00:00 machine gtk-status-bar[1181]: 2026-07-13T19:41:37.567584Z DEBUG gtk_status_bar::pw: 🔧 Initializing PipeWire on dedicated thread...
2026-07-13T19:41:37+00:00 machine gtk-status-bar[1181]: 2026-07-13T19:41:37.567908Z DEBUG gtk_status_bar::pw: 📋 Created device tracking HashMap for (node_name, description, volume, channel, mute)
2026-07-13T19:41:37+00:00 machine gtk-status-bar[1181]: 2026-07-13T19:41:37.568440Z  INFO gtk_status_bar: Application activated successfully
2026-07-13T19:41:37+00:00 machine gtk-status-bar[1181]: 2026-07-13T19:41:37.569283Z  INFO gtk_status_bar::tray: 🔌 Starting system tray backend
2026-07-13T19:41:37+00:00 machine gtk-status-bar[1181]: 2026-07-13T19:41:37.569436Z  INFO gtk_status_bar: Starting tray IPC server
2026-07-13T19:41:37+00:00 machine gtk-status-bar[1181]: 2026-07-13T19:41:37.569382Z  INFO gtk_status_bar::dbus: 🔌 Starting D-Bus monitor
2026-07-13T19:41:37+00:00 machine gtk-status-bar[1181]: 2026-07-13T19:41:37.569581Z  INFO gtk_status_bar::dbus: Starting D-Bus monitoring task
2026-07-13T19:41:37+00:00 machine gtk-status-bar[1181]: 2026-07-13T19:41:37.571293Z DEBUG gtk_status_bar::widgets: 🚀 Starting async volume update loop...
2026-07-13T19:41:37+00:00 machine gtk-status-bar[1181]: 2026-07-13T19:41:37.574359Z  INFO gtk_status_bar::hypr: 🔌 Starting workspace event listener
2026-07-13T19:41:37+00:00 machine gtk-status-bar[1181]: 2026-07-13T19:41:37.574598Z DEBUG gtk_status_bar::hypr: Setting up workspace event listener
2026-07-13T19:41:37+00:00 machine gtk-status-bar[1181]: 2026-07-13T19:41:37.575734Z  INFO gtk_status_bar::hypr: 🔌 Starting title event listener
2026-07-13T19:41:37+00:00 machine gtk-status-bar[1181]: 2026-07-13T19:41:37.575762Z DEBUG gtk_status_bar::hypr: Setting up title event listener
2026-07-13T19:41:37+00:00 machine gtk-status-bar[1181]: 2026-07-13T19:41:37.575873Z DEBUG gtk_status_bar::hypr: Fetching initial title state
2026-07-13T19:41:37+00:00 machine gtk-status-bar[1181]: 2026-07-13T19:41:37.576295Z  INFO gtk_status_bar::network: Starting network monitor
2026-07-13T19:41:37+00:00 machine gtk-status-bar[1181]: 2026-07-13T19:41:37.587771Z DEBUG gtk_status_bar::hypr: Initial title state title="" class=""
2026-07-13T19:41:37+00:00 machine gtk-status-bar[1181]: 2026-07-13T19:41:37.588616Z  INFO gtk_status_bar::hypr: Starting title event listener
2026-07-13T19:41:37+00:00 machine gtk-status-bar[1181]: 2026-07-13T19:41:37.594397Z DEBUG gtk_status_bar::pw: ✅ PipeWire initialized
2026-07-13T19:41:37+00:00 machine gtk-status-bar[1181]: 2026-07-13T19:41:37.594890Z DEBUG gtk_status_bar::pw: ✅ ThreadLoop created
2026-07-13T19:41:37+00:00 machine gtk-status-bar[1181]: 2026-07-13T19:41:37.596942Z  INFO tray_ipc: Tray IPC server is listening path=/run/user/1000/gtk-status-bar/tray.sock
2026-07-13T19:41:37+00:00 machine gtk-status-bar[1181]: 2026-07-13T19:41:37.599472Z  INFO gtk_status_bar::hypr: Starting workspace event listener
2026-07-13T19:41:37+00:00 machine gtk-status-bar[1181]: 2026-07-13T19:41:37.634978Z DEBUG gtk_status_bar::widgets: Pinning bar height to font-derived line height char_height=18 multiplier=1.4 pinned=25
2026-07-13T19:41:37+00:00 machine gtk-status-bar[1181]: 2026-07-13T19:41:37.651984Z DEBUG gtk_status_bar::dbus: 🔌 Registered battery match rule
2026-07-13T19:41:37+00:00 machine gtk-status-bar[1181]: 2026-07-13T19:41:37.653356Z DEBUG gtk_status_bar::dbus: 🔌 Registered bluez PropertiesChanged match rule
2026-07-13T19:41:37+00:00 machine gtk-status-bar[1181]: 2026-07-13T19:41:37.654396Z DEBUG gtk_status_bar::dbus: 🔌 Registered bluez InterfacesAdded match rule
2026-07-13T19:41:37+00:00 machine gtk-status-bar[1181]: 2026-07-13T19:41:37.655091Z DEBUG gtk_status_bar::dbus: 🔌 Registered bluez InterfacesRemoved match rule
2026-07-13T19:41:37+00:00 machine gtk-status-bar[1181]: 2026-07-13T19:41:37.658950Z  INFO gtk_status_bar::tray: Serving StatusNotifierWatcher for tray applications
2026-07-13T19:41:37+00:00 machine gtk-status-bar[1181]: 2026-07-13T19:41:37.663787Z  INFO gtk_status_bar::dbus: Battery is discharging (state: 2)
2026-07-13T19:41:37+00:00 machine gtk-status-bar[1181]: 2026-07-13T19:41:37.663815Z  INFO gtk_status_bar::dbus: Battery is at 73.0%
2026-07-13T19:41:37+00:00 machine gtk-status-bar[1181]: 2026-07-13T19:41:37.679012Z DEBUG gtk_status_bar::network: Sent network update label="\u{f0925} 73% ?"
2026-07-13T19:41:37+00:00 machine gtk-status-bar[1181]: 2026-07-13T19:41:37.681495Z  INFO gtk_status_bar::dbus: Found 3 Bluetooth objects
2026-07-13T19:41:37+00:00 machine gtk-status-bar[1181]: 2026-07-13T19:41:37.681527Z  INFO gtk_status_bar::dbus: Found Bluetooth device with battery at: /org/bluez/hci0/dev_AA_BB_CC_DD_EE_01
2026-07-13T19:41:37+00:00 machine gtk-status-bar[1181]: 2026-07-13T19:41:37.681544Z  INFO gtk_status_bar::dbus: Bluetooth device battery at 80%
2026-07-13T19:41:37+00:00 machine gtk-status-bar[1181]: 2026-07-13T19:41:37.681560Z DEBUG gtk_status_bar::dbus: Added device /org/bluez/hci0/dev_AA_BB_CC_DD_EE_01 to HashMap (has_battery: true, has_media: false)
2026-07-13T19:41:37+00:00 machine gtk-status-bar[1181]: 2026-07-13T19:41:37.682290Z DEBUG gtk_status_bar::dbus: Initial bluetooth devices: {"/org/bluez/hci0/dev_AA_BB_CC_DD_EE_01": BluetoothDevice { has_battery: true, has_media: false, battery_percentage: Some(80), device_name: Some("Pixel Buds") }}
2026-07-13T19:41:37+00:00 machine gtk-status-bar[1181]: 2026-07-13T19:41:37.682325Z  INFO gtk_status_bar::dbus: Sent initial Bluetooth display: P80
2026-07-13T19:41:37+00:00 machine gtk-status-bar[1181]: 2026-07-13T19:41:37.682348Z  INFO gtk_status_bar::dbus: Dbus monitor: Starting to listen for D-Bus messages
2026-07-13T19:41:37+00:00 machine gtk-status-bar[1181]: 2026-07-13T19:41:37.682364Z DEBUG gtk_status_bar::dbus: Got an event in event stream: Msg { type: MethodReturn, serial: 9, sender: UniqueName(":1.5"), reply-serial: 17, body: Variant, fds: [] }
2026-07-13T19:41:37+00:00 machine gtk-status-bar[1181]: 2026-07-13T19:41:37.682384Z DEBUG gtk_status_bar::dbus: Dbus monitor: Received D-Bus message from path: None, interface: None, member: None
2026-07-13T19:41:37+00:00 machine gtk-status-bar[1181]: 2026-07-13T19:41:37.682401Z ERROR gtk_status_bar::dbus: Dbus monitor: Received message with no path, ignoring
2026-07-13T19:41:37+00:00 machine gtk-status-bar[1181]: 2026-07-13T19:41:37.682442Z DEBUG gtk_status_bar::dbus: Got an event in event stream: Msg { type: MethodReturn, serial: 10, sender: UniqueName(":1.5"), reply-serial: 23, body: Variant, fds: [] }
2026-07-13T19:41:37+00:00 machine gtk-status-bar[1181]: 2026-07-13T19:41:37.682459Z DEBUG gtk_status_bar::dbus: Dbus monitor: Received D-Bus message from path: None, interface: None, member: None
2026-07-13T19:41:37+00:00 machine gtk-status-bar[1181]: 2026-07-13T19:41:37.682474Z ERROR gtk_status_bar::dbus: Dbus monitor: Received message with no path, ignoring
2026-07-13T19:41:37+00:00 machine gtk-status-bar[1181]: 2026-07-13T19:41:37.682502Z DEBUG gtk_status_bar::dbus: Got an event in event stream: Msg { type: MethodReturn, serial: 44, sender: UniqueName(":1.6"), reply-serial: 27, body: Dict { key: Dynamic { child: ObjectPath }, value: Dynamic { child: Dict { key: Dynamic { child: Str }, value: Dynamic { child: Dict { key: Dynamic { child: Str }, value: Dynamic { child: Variant } } } } } }, fds: [] }
2026-07-13T19:41:37+00:00 machine gtk-status-bar[1181]: 2026-07-13T19:41:37.682522Z DEBUG gtk_status_bar::dbus: Dbus monitor: Received D-Bus message from path: None, interface: None, member: None
2026-07-13T19:41:37+00:00 machine gtk-status-bar[1181]: 2026-07-13T19:41:37.682536Z ERROR gtk_status_bar::dbus: Dbus monitor: Received message with no path, ignoring
2026-07-13T19:41:37+00:00 machine gtk-status-bar[1181]: 2026-07-13T19:41:37.692369Z DEBUG gtk_status_bar::pw: ✅ Context created
2026-07-13T19:41:37+00:00 machine gtk-status-bar[1181]: 2026-07-13T19:41:37.695574Z DEBUG gtk_status_bar::pw: ✅ Core connected
2026-07-13T19:41:37+00:00 machine gtk-status-bar[1181]: 2026-07-13T19:41:37.695604Z DEBUG gtk_status_bar::pw: ✅ Registry obtained
2026-07-13T19:41:37+00:00 machine gtk-status-bar[1181]: 2026-07-13T19:41:37.695620Z DEBUG gtk_status_bar::pw: 🎵 PipeWire ThreadLoop started - monitoring volume changes with default sink filtering
2026-07-13T19:41:37+00:00 machine gtk-status-bar[1181]: 2026-07-13T19:41:37.695825Z DEBUG gtk_status_bar::pw: ✅ ThreadLoop started successfully
2026-07-13T19:41:37+00:00 machine gtk-status-bar[1181]: 2026-07-13T19:41:37.695842Z DEBUG gtk_status_bar::pw: 🔄 PipeWire thread running - async event delivery active...
2026-07-13T19:41:37+00:00 machine gtk-status-bar[1181]: 2026-07-13T19:41:37.697858Z DEBUG gtk_status_bar::widgets: Updating workspace - label: 'Workspace u', color for workspace: 1
2026-07-13T19:41:37+00:00 machine gtk-status-bar[1181]: 2026-07-13T19:41:37.698015Z DEBUG gtk_status_bar::widgets: Updated title widget color to: rgba(122, 162, 247, 0.5) for workspace: 1
2026-07-13T19:41:37+00:00 machine gtk-status-bar[1181]: 2026-07-13T19:41:37.698150Z DEBUG gtk_status_bar::widgets: Updating title widget title="" class=""
2026-07-13T19:41:37+00:00 machine gtk-status-bar[1181]: 2026-07-13T19:41:37.698463Z DEBUG gtk_status_bar::widgets: Updating battery label: 🔋 73%
2026-07-13T19:41:37+00:00 machine gtk-status-bar[1181]: 2026-07-13T19:41:37.698529Z DEBUG gtk_status_bar::widgets: 👁️  SHOWING battery widget - data: 🔋 73%
2026-07-13T19:41:37+00:00 machine gtk-status-bar[1181]: 2026-07-13T19:41:37.698562Z DEBUG gtk_status_bar::pw: 📡 PipeWire connected: pipewire-0
2026-07-13T19:41:37+00:00 machine gtk-status-bar[1181]: 2026-07-13T19:41:37.698586Z DEBUG gtk_status_bar::widgets: Updating Bluetooth battery label: P80
2026-07-13T19:41:37+00:00 machine gtk-status-bar[1181]: 2026-07-13T19:41:37.698661Z DEBUG gtk_status_bar::widgets: 👁️  SHOWING Bluetooth widget - data: P80
2026-07-13T19:41:37+00:00 machine gtk-status-bar[1181]: 2026-07-13T19:41:37.698787Z DEBUG gtk_status_bar::widgets: Updating network label: 󰤥 73% ?
2026-07-13T19:41:37+00:00 machine gtk-status-bar[1181]: 2026-07-13T19:41:37.699784Z DEBUG gtk_status_bar::pw: 🚫 Skipping metadata '' (props: Some(DictRef { flags: Flags(0x0), entries: {"object.serial": "0", "core.name": "pipewire-0"} }))
2026-07-13T19:41:37+00:00 machine gtk-status-bar[1181]: 2026-07-13T19:41:37.700775Z DEBUG gtk_status_bar::pw: 🚫 Skipping metadata '' (props: Some(DictRef { flags: Flags(0x0), entries: {"object.serial": "1", "module.name": "libpipewire-module-rt"} }))
2026-07-13T19:41:37+00:00 machine gtk-status-bar[1181]: 2026-07-13T19:41:37.700806Z DEBUG gtk_status_bar::pw: 🚫 Skipping metadata '' (props: Some(DictRef { flags: Flags(0x0), entries: {"object.serial": "3"} }))
2026-07-13T19:41:37+00:00 machine gtk-status-bar[1181]: 2026-07-13T19:41:37.700835Z DEBUG gtk_status_bar::pw: 🚫 Skipping metadata '' (props: Some(DictRef { flags: Flags(0x0), entries: {"object.serial": "2", "module.name": "libpipewire-module-protocol-native"} }))
2026-07-13T19:41:37+00:00 machine gtk-status-bar[1181]: 2026-07-13T19:41:37.700853Z DEBUG gtk_status_bar::pw: 🚫 Skipping metadata '' (props: Some(DictRef { flags: Flags(0x0), entries: {"object.serial": "5"} }))
2026-07-13T19:41:37+00:00 machine gtk-status-bar[1181]: 2026-07-13T19:41:37.700870Z DEBUG gtk_status_bar::pw: 🚫 Skipping metadata '' (props: Some(DictRef { flags: Flags(0x0), entries: {"object.serial": "4", "module.name": "libpipewire-module-profiler"} }))
2026-07-13T19:41:37+00:00 machine gtk-status-bar[1181]: 2026-07-13T19:41:37.700887Z DEBUG gtk_status_bar::pw: 🚫 Skipping metadata '' (props: Some(DictRef { flags: Flags(0x0), entries: {"object.serial": "6", "module.name": "libpipewire-module-metadata"} }))
2026-07-13T19:41:37+00:00 machine gtk-status-bar[1181]: 2026-07-13T19:41:37.700904Z DEBUG gtk_status_bar::pw: 🚫 Skipping metadata '' (props: Some(DictRef { flags: Flags(0x0), entries: {"object.serial": "7", "module.id": "6", "factory.name": "metadata", "factory.type.name": "PipeWire:Interface:Metadata", "factory.type.version": "3"} }))
2026-07-13T19:41:37+00:00 machine gtk-status-bar[1181]: 2026-07-13T19:41:37.700922Z DEBUG gtk_status_bar::pw: 🚫 Skipping metadata '' (props: Some(DictRef { flags: Flags(0x0), entries: {"object.serial": "8", "module.name": "libpipewire-module-spa-device-factory"} }))
2026-07-13T19:41:37+00:00 machine gtk-status-bar[1181]: 2026-07-13T19:41:37.700938Z DEBUG gtk_status_bar::pw: 🚫 Skipping metadata '' (props: Some(DictRef { flags: Flags(0x0), entries: {"object.serial": "9", "module.id": "8", "factory.name": "spa-device-factory", "factory.type.name": "PipeWire:Interface:Device", "factory.type.version": "3"} }))
2026-07-13T19:41:37+00:00 machine gtk-status-bar[1181]: 2026-07-13T19:41:37.700955Z DEBUG gtk_status_bar::pw: 🚫 Skipping metadata '' (props: Some(DictRef { flags: Flags(0x0), entries: {"object.serial": "10", "module.name": "libpipewire-module-spa-node-factory"} }))
2026-07-13T19:41:37+00:00 machine gtk-status-bar[1181]: 2026-07-13T19:41:37.700973Z DEBUG gtk_status_bar::pw: 🚫 Skipping metadata '' (props: Some(DictRef { flags: Flags(0x0), entries: {"object.serial": "11", "module.id": "10", "factory.name": "spa-node-factory", "factory.type.name": "PipeWire:Interface:Node", "factory.type.version": "3"} }))
2026-07-13T19:41:37+00:00 machine gtk-status-bar[1181]: 2026-07-13T19:41:37.700991Z DEBUG gtk_status_bar::pw: 🚫 Skipping metadata '' (props: Some(DictRef { flags: Flags(0x0), entries: {"object.serial": "12", "module.name": "libpipewire-module-client-node"} }))
2026-07-13T19:41:37+00:00 machine gtk-status-bar[1181]: 2026-07-13T19:41:37.701009Z DEBUG gtk_status_bar::pw: 🚫 Skipping metadata '' (props: Some(DictRef { flags: Flags(0x0), entries: {"object.serial": "13", "module.id": "12", "factory.name": "client-node", "factory.type.name": "PipeWire:Interface:ClientNode", "factory.type.version": "6"} }))
2026-07-13T19:41:37+00:00 machine gtk-status-bar[1181]: 2026-07-13T19:41:37.701031Z DEBUG gtk_status_bar::pw: 🚫 Skipping metadata '' (props: Some(DictRef { flags: Flags(0x0), entries: {"object.serial": "14", "module.name": "libpipewire-module-client-device"} }))
2026-07-13T19:41:37+00:00 machine gtk-status-bar[1181]: 2026-07-13T19:41:37.701049Z DEBUG gtk_status_bar::pw: 🚫 Skipping metadata '' (props: Some(DictRef { flags: Flags(0x0), entries: {"object.serial": "15", "module.id": "14", "factory.name": "client-device", "factory.type.name": "Spa:Pointer:Interface:Device", "factory.type.version": "0"} }))
2026-07-13T19:41:38+00:00 machine gtk-status-bar[1181]: 2026-07-13T19:41:37.701066Z DEBUG gtk_status_bar::pw: 🚫 Skipping metadata '' (props: Some(DictRef { flags: Flags(0x0), entries: {"object.serial": "16", "module.name": "libpipewire-module-portal"} }))
2026-07-13T19:41:38+00:00 machine gtk-status-bar[1181]: 2026-07-13T19:41:37.701083Z DEBUG gtk_status_bar::pw: 🚫 Skipping metadata '' (props: Some(DictRef { flags: Flags(0x0), entries: {"object.serial": "17", "module.name": "libpipewire-module-access"} }))
2026-07-13T19:41:38+00:00 machine gtk-status-bar[1181]: 2026-07-13T19:41:37.701099Z DEBUG gtk_status_bar::pw: 🚫 Skipping metadata '' (props: Some(DictRef { flags: Flags(0x0), entries: {"object.serial": "18", "module.name": "libpipewire-module-adapter"} }))
2026-07-13T19:41:38+00:00 machine gtk-status-bar[1181]: 2026-07-13T19:41:37.701116Z DEBUG gtk_status_bar::pw: 🚫 Skipping metadata '' (props: Some(DictRef { flags: Flags(0x0), entries: {"object.serial": "19", "module.id": "18", "factory.name": "adapter", "factory.type.name": "PipeWire:Interface:Node", "factory.type.version": "3"} }))
2026-07-13T19:41:38+00:00 machine gtk-status-bar[1181]: 2026-07-13T19:41:37.701133Z DEBUG gtk_status_bar::pw: 🚫 Skipping metadata '' (props: Some(DictRef { flags: Flags(0x0), entries: {"object.serial": "20", "module.name": "libpipewire-module-link-factory"} }))
2026-07-13T19:41:38+00:00 machine gtk-status-bar[1181]: 2026-07-13T19:41:37.701150Z DEBUG gtk_status_bar::pw: 🚫 Skipping metadata '' (props: Some(DictRef { flags: Flags(0x0), entries: {"object.serial": "21", "module.id": "20", "factory.name": "link-factory", "factory.type.name": "PipeWire:Interface:Link", "factory.type.version": "3"} }))
2026-07-13T19:41:38+00:00 machine gtk-status-bar[1181]: 2026-07-13T19:41:37.701168Z DEBUG gtk_status_bar::pw: 🚫 Skipping metadata '' (props: Some(DictRef { flags: Flags(0x0), entries: {"object.serial": "22", "module.name": "libpipewire-module-session-manager"} }))
2026-07-13T19:41:38+00:00 machine gtk-status-bar[1181]: 2026-07-13T19:41:37.701185Z DEBUG gtk_status_bar::pw: 🚫 Skipping metadata '' (props: Some(DictRef { flags: Flags(0x0), entries: {"object.serial": "23", "module.id": "22", "factory.name": "client-endpoint", "factory.type.name": "PipeWire:Interface:ClientEndpoint", "factory.type.version": "0"} }))
2026-07-13T19:41:38+00:00 machine gtk-status-bar[1181]: 2026-07-13T19:41:37.701202Z DEBUG gtk_status_bar::pw: 🚫 Skipping metadata '' (props: Some(DictRef { flags: Flags(0x0), entries: {"object.serial": "24", "module.id": "22", "factory.name": "client-session", "factory.type.name": "PipeWire:Interface:ClientSession", "factory.type.version": "0"} }))
2026-07-13T19:41:38+00:00 machine gtk-status-bar[1181]: 2026-07-13T19:41:37.701219Z DEBUG gtk_status_bar::pw: 🚫 Skipping metadata '' (props: Some(DictRef { flags: Flags(0x0), entries: {"object.serial": "25", "module.id": "22", "factory.name": "session", "factory.type.name": "PipeWire:Interface:Session", "factory.type.version": "0"} }))
2026-07-13T19:41:38+00:00 machine gtk-status-bar[1181]: 2026-07-13T19:41:37.701358Z DEBUG gtk_status_bar::pw: 🚫 Skipping metadata '' (props: Some(DictRef { flags: Flags(0x0), entries: {"object.serial": "26", "module.id": "22", "factory.name": "endpoint", "factory.type.name": "PipeWire:Interface:Endpoint", "factory.type.version": "0"} }))
2026-07-13T19:41:38+00:00 machine gtk-status-bar[1181]: 2026-07-13T19:41:37.701376Z DEBUG gtk_status_bar::pw: 🚫 Skipping metadata '' (props: Some(DictRef { flags: Flags(0x0), entries: {"object.serial": "27", "module.id": "22", "factory.name": "endpoint-stream", "factory.type.name": "PipeWire:Interface:EndpointStream", "factory.type.version": "0"} }))
2026-07-13T19:41:38+00:00 machine gtk-status-bar[1181]: 2026-07-13T19:41:37.701394Z DEBUG gtk_status_bar::pw: 🚫 Skipping metadata '' (props: Some(DictRef { flags: Flags(0x0), entries: {"object.serial": "28", "module.id": "22", "factory.name": "endpoint-link", "factory.type.name": "PipeWire:Interface:EndpointLink", "factory.type.version": "0"} }))
2026-07-13T19:41:38+00:00 machine gtk-status-bar[1181]: 2026-07-13T19:41:37.701410Z DEBUG gtk_status_bar::pw: 🚫 Skipping metadata '' (props: Some(DictRef { flags: Flags(0x0), entries: {"object.serial": "29", "module.name": "libpipewire-module-x11-bell"} }))
2026-07-13T19:41:38+00:00 machine gtk-status-bar[1181]: 2026-07-13T19:41:37.701433Z DEBUG gtk_status_bar::pw: 🚫 Skipping metadata '' (props: Some(DictRef { flags: Flags(0x0), entries: {"object.serial": "30", "module.name": "libpipewire-module-jackdbus-detect"} }))
2026-07-13T19:41:38+00:00 machine gtk-status-bar[1181]: 2026-07-13T19:41:37.701449Z DEBUG gtk_status_bar::pw: 🚫 Skipping metadata '' (props: Some(DictRef { flags: Flags(0x0), entries: {"object.serial": "31", "factory.id": "11", "priority.driver": "200000", "node.name": "Dummy-Driver"} }))
2026-07-13T19:41:38+00:00 machine gtk-status-bar[1181]: 2026-07-13T19:41:37.701467Z DEBUG gtk_status_bar::pw: 🔍 Checking node - media.class: None
2026-07-13T19:41:38+00:00 machine gtk-status-bar[1181]: 2026-07-13T19:41:37.701482Z DEBUG gtk_status_bar::pw: 🔍 Node filter result: false for media.class: None
2026-07-13T19:41:38+00:00 machine gtk-status-bar[1181]: 2026-07-13T19:41:37.701498Z DEBUG gtk_status_bar::pw: 🚫 Skipping metadata '' (props: Some(DictRef { flags: Flags(0x0), entries: {"object.serial": "32", "factory.id": "11", "priority.driver": "190000", "node.name": "Freewheel-Driver"} }))
2026-07-13T19:41:38+00:00 machine gtk-status-bar[1181]: 2026-07-13T19:41:37.701514Z DEBUG gtk_status_bar::pw: 🔍 Checking node - media.class: None
2026-07-13T19:41:38+00:00 machine gtk-status-bar[1181]: 2026-07-13T19:41:37.701528Z DEBUG gtk_status_bar::pw: 🔍 Node filter result: false for media.class: None
2026-07-13T19:41:38+00:00 machine gtk-status-bar[1181]: 2026-07-13T19:41:37.701542Z DEBUG gtk_status_bar::pw: 🚫 Skipping metadata 'settings' (props: Some(DictRef { flags: Flags(0x0), entries: {"object.serial": "33", "metadata.name": "settings"} }))
2026-07-13T19:41:38+00:00 machine gtk-status-bar[1181]: 2026-07-13T19:41:37.701559Z DEBUG gtk_status_bar::pw: 🚫 Skipping metadata '' (props: Some(DictRef { flags: Flags(0x0), entries: {"object.serial": "34", "module.id": "2", "pipewire.protocol": "protocol-native", "pipewire.sec.pid": "1253", "pipewire.sec.uid": "1000", "pipewire.sec.gid": "100", "pipewire.sec.socket": "pipewire-0", "application.name": ".xdg-desktop-portal-wrapped", "pipewire.access": "unrestricted"} }))
2026-07-13T19:41:38+00:00 machine gtk-status-bar[1181]: 2026-07-13T19:41:37.701578Z DEBUG gtk_status_bar::pw: 🚫 Skipping metadata '' (props: Some(DictRef { flags: Flags(0x0), entries: {"object.serial": "35", "module.id": "2", "pipewire.protocol": "protocol-native", "pipewire.sec.pid": "1327", "pipewire.sec.uid": "1000", "pipewire.sec.gid": "100", "pipewire.sec.socket": "pipewire-0-manager", "application.name": "WirePlumber", "pipewire.access": "unrestricted"} }))
2026-07-13T19:41:38+00:00 machine gtk-status-bar[1181]: 2026-07-13T19:41:37.701596Z DEBUG gtk_status_bar::pw: 🚫 Skipping metadata 'schema-sm-settings' (props: Some(DictRef { flags: Flags(0x0), entries: {"metadata.name": "schema-sm-settings", "factory.id": "7", "module.id": "6", "client.id": "35", "object.serial": "36"} }))
2026-07-13T19:41:38+00:00 machine gtk-status-bar[1181]: 2026-07-13T19:41:37.701613Z DEBUG gtk_status_bar::pw: 🚫 Skipping metadata 'persistent-sm-settings' (props: Some(DictRef { flags: Flags(0x0), entries: {"metadata.name": "persistent-sm-settings", "factory.id": "7", "module.id": "6", "client.id": "35", "object.serial": "37"} }))
2026-07-13T19:41:38+00:00 machine gtk-status-bar[1181]: 2026-07-13T19:41:37.701629Z DEBUG gtk_status_bar::pw: 🚫 Skipping metadata 'sm-settings' (props: Some(DictRef { flags: Flags(0x0), entries: {"metadata.name": "sm-settings", "factory.id": "7", "module.id": "6", "client.id": "35", "object.serial": "38"} }))
2026-07-13T19:41:38+00:00 machine gtk-status-bar[1181]: 2026-07-13T19:41:37.701658Z DEBUG gtk_status_bar::pw: 🚫 Skipping metadata 'sm-objects' (props: Some(DictRef { flags: Flags(0x0), entries: {"metadata.name": "sm-objects", "factory.id": "7", "module.id": "6", "client.id": "35", "object.serial": "39"} }))
2026-07-13T19:41:38+00:00 machine gtk-status-bar[1181]: 2026-07-13T19:41:37.701675Z DEBUG gtk_status_bar::pw: 🚫 Skipping metadata 'default-profile' (props: Some(DictRef { flags: Flags(0x0), entries: {"wireplumber.state": "true", "metadata.name": "default-profile", "factory.id": "7", "module.id": "6", "client.id": "35", "object.serial": "40"} }))
2026-07-13T19:41:38+00:00 machine gtk-status-bar[1181]: 2026-07-13T19:41:37.701745Z DEBUG gtk_status_bar::pw: ✅ Processing metadata.name == default
2026-07-13T19:41:38+00:00 machine gtk-status-bar[1181]: 2026-07-13T19:41:37.701763Z DEBUG gtk_status_bar::pw: 📋 Found metadata object: Some(DictRef { flags: Flags(0x0), entries: {"metadata.name": "default", "factory.id": "7", "module.id": "6", "client.id": "35", "object.serial": "42"} })
2026-07-13T19:41:38+00:00 machine gtk-status-bar[1181]: 2026-07-13T19:41:37.701801Z DEBUG gtk_status_bar::pw: 📋 Bound 'default' Metadata (id=3)
2026-07-13T19:41:38+00:00 machine gtk-status-bar[1181]: 2026-07-13T19:41:37.701856Z DEBUG gtk_status_bar::pw: 🚫 Skipping metadata 'filters' (props: Some(DictRef { flags: Flags(0x0), entries: {"metadata.name": "filters", "factory.id": "7", "module.id": "6", "client.id": "35", "object.serial": "43"} }))
2026-07-13T19:41:38+00:00 machine gtk-status-bar[1181]: 2026-07-13T19:41:37.701874Z DEBUG gtk_status_bar::pw: 🚫 Skipping metadata 'route-settings' (props: Some(DictRef { flags: Flags(0x0), entries: {"metadata.name": "route-settings", "factory.id": "7", "module.id": "6", "client.id": "35", "object.serial": "44"} }))
2026-07-13T19:41:38+00:00 machine gtk-status-bar[1181]: 2026-07-13T19:41:37.701891Z DEBUG gtk_status_bar::pw: 🚫 Skipping metadata '' (props: Some(DictRef { flags: Flags(0x0), entries: {"object.serial": "41", "module.id": "2", "pipewire.protocol": "protocol-native", "pipewire.sec.pid": "1337", "pipewire.sec.uid": "1000", "pipewire.sec.gid": "100", "pipewire.sec.socket": "pipewire-0", "application.name": ".xdg-desktop-portal-hyprland-wrapped", "pipewire.access": "unrestricted"} }))
2026-07-13T19:41:38+00:00 machine gtk-status-bar[1181]: 2026-07-13T19:41:37.701910Z DEBUG gtk_status_bar::pw: 🚫 Skipping metadata '' (props: Some(DictRef { flags: Flags(0x0), entries: {"object.serial": "45", "module.id": "2", "pipewire.protocol": "protocol-native", "pipewire.sec.pid": "1327", "pipewire.sec.uid": "1000", "pipewire.sec.gid": "100", "pipewire.sec.socket": "pipewire-0-manager", "application.name": "WirePlumber [export]", "pipewire.access": "unrestricted"} }))
2026-07-13T19:41:38+00:00 machine gtk-status-bar[1181]: 2026-07-13T19:41:37.701931Z DEBUG gtk_status_bar::pw: 🚫 Skipping metadata '' (props: Some(DictRef { flags: Flags(0x0), entries: {"object.serial": "46", "factory.id": "11", "client.id": "45", "priority.session": "100", "priority.driver": "1", "node.name": "Midi-Bridge", "media.class": "Midi/Bridge"} }))
2026-07-13T19:41:38+00:00 machine gtk-status-bar[1181]: 2026-07-13T19:41:37.701948Z DEBUG gtk_status_bar::pw: 🔍 Checking node - media.class: Some("Midi/Bridge")
2026-07-13T19:41:38+00:00 machine gtk-status-bar[1181]: 2026-07-13T19:41:37.701962Z DEBUG gtk_status_bar::pw: 🔍 Node filter result: false for media.class: Some("Midi/Bridge")
2026-07-13T19:41:38+00:00 machine gtk-status-bar[1181]: 2026-07-13T19:41:37.701979Z DEBUG gtk_status_bar::pw: 🚫 Skipping metadata '' (props: Some(DictRef { flags: Flags(0x0), entries: {"object.serial": "47", "object.path": "alsa:seq:default:client_14:playback_0", "format.dsp": "8 bit raw midi", "node.id": "46", "port.id": "0", "port.name": "Midi Through: Port-0 (playback)", "port.direction": "in", "port.physical": "true", "port.terminal": "true", "port.alias": "Midi Through:Midi Through Port-0", "port.group": "client_14"} }))
2026-07-13T19:41:38+00:00 machine gtk-status-bar[1181]: 2026-07-13T19:41:37.701997Z DEBUG gtk_status_bar::pw: 🚫 Skipping metadata '' (props: Some(DictRef { flags: Flags(0x0), entries: {"object.serial": "48", "object.path": "alsa:seq:default:client_14:capture_0", "format.dsp": "8 bit raw midi", "node.id": "46", "port.id": "0", "port.name": "Midi Through: Port-0 (capture)", "port.direction": "out", "port.physical": "true", "port.terminal": "true", "port.alias": "Midi Through:Midi Through Port-0", "port.group": "client_14"} }))
2026-07-13T19:41:38+00:00 machine gtk-status-bar[1181]: 2026-07-13T19:41:37.702026Z DEBUG gtk_status_bar::pw: 🚫 Skipping metadata '' (props: Some(DictRef { flags: Flags(0x0), entries: {"object.serial": "49", "factory.id": "14", "client.id": "45", "node.description": "BLE MIDI 1", "node.name": "bluez_midi.server", "media.class": "Midi/Bridge"} }))
2026-07-13T19:41:38+00:00 machine gtk-status-bar[1181]: 2026-07-13T19:41:37.702044Z DEBUG gtk_status_bar::pw: 🔍 Checking node - media.class: Some("Midi/Bridge")
2026-07-13T19:41:38+00:00 machine gtk-status-bar[1181]: 2026-07-13T19:41:37.702058Z DEBUG gtk_status_bar::pw: 🔍 Node filter result: false for media.class: Some("Midi/Bridge")
2026-07-13T19:41:38+00:00 machine gtk-status-bar[1181]: 2026-07-13T19:41:37.702074Z DEBUG gtk_status_bar::pw: 🚫 Skipping metadata '' (props: Some(DictRef { flags: Flags(0x0), entries: {"object.serial": "50", "object.path": "bluez_midi.server:input_0", "format.dsp": "8 bit raw midi", "node.id": "49", "port.id": "0", "port.name": "in", "port.direction": "in", "port.physical": "true", "port.terminal": "true", "port.alias": "in", "port.group": "group.0"} }))
2026-07-13T19:41:38+00:00 machine gtk-status-bar[1181]: 2026-07-13T19:41:37.702092Z DEBUG gtk_status_bar::pw: 🚫 Skipping metadata '' (props: Some(DictRef { flags: Flags(0x0), entries: {"object.serial": "51", "object.path": "bluez_midi.server:output_0", "format.dsp": "8 bit raw midi", "node.id": "49", "port.id": "0", "port.name": "out", "port.direction": "out", "port.physical": "true", "port.terminal": "true", "port.alias": "out", "port.group": "group.0"} }))
2026-07-13T19:41:38+00:00 machine gtk-status-bar[1181]: 2026-07-13T19:41:37.702112Z DEBUG gtk_status_bar::pw: 🚫 Skipping metadata '' (props: Some(DictRef { flags: Flags(0x0), entries: {"object.serial": "52", "module.id": "2", "pipewire.protocol": "protocol-native", "pipewire.sec.pid": "1181", "pipewire.sec.uid": "1000", "pipewire.sec.gid": "100", "pipewire.sec.socket": "pipewire-0", "application.name": ".gtk-status-bar-wrapped", "pipewire.access": "unrestricted"} }))
2026-07-13T19:41:38+00:00 machine gtk-status-bar[1181]: 2026-07-13T19:41:37.750116Z  INFO gtk_status_bar::network: Network reachability probe completed target=198.51.100.1 success=false elapsed_ms=68
2026-07-13T19:41:38+00:00 machine gtk-status-bar[1181]: 2026-07-13T19:41:37.750160Z DEBUG gtk_status_bar::network: Sent network update label="\u{f0925} 73% ?"
2026-07-13T19:41:38+00:00 machine gtk-status-bar[1181]: 2026-07-13T19:41:37.765918Z DEBUG gtk_status_bar::widgets: Updating network label: 󰤥 73% ?
2026-07-13T19:41:38+00:00 machine gtk-status-bar[1181]: 2026-07-13T19:41:38.002108Z DEBUG gtk_status_bar::widgets: Updating time label:  7:41 PM
2026-07-13T19:41:38+00:00 machine gtk-status-bar[1181]: 2026-07-13T19:41:38.051963Z  INFO gtk_status_bar::tray: Status notifier item registered item=":1.42/StatusNotifierItem"
2026-07-13T19:41:38+00:00 machine gtk-status-bar[1181]: 2026-07-13T19:41:38.280656Z  INFO gtk_status_bar::widgets: Added system tray item item=":1.42/StatusNotifierItem"
2026-07-13T19:41:38+00:00 machine gtk-status-bar[1181]: 2026-07-13T19:41:38.555831Z DEBUG gtk_status_bar::pw: 🚫 Skipping metadata '' (props: Some(DictRef { flags: Flags(0x0), entries: {"object.serial": "53", "module.id": "2", "pipewire.protocol": "protocol-native", "pipewire.sec.pid": "1392", "pipewire.sec.uid": "1000", "pipewire.sec.gid": "100", "pipewire.sec.socket": "pipewire-0", "application.name": "pipewire", "pipewire.access": "unrestricted"} }))
2026-07-13T19:41:38+00:00 machine gtk-status-bar[1181]: 2026-07-13T19:41:38.589830Z DEBUG gtk_status_bar::pw: 🚫 Skipping metadata '' (props: Some(DictRef { flags: Flags(0x0), entries: {"object.serial": "54", "factory.id": "19", "client.id": "53", "node.description": "Dummy Output", "node.name": "auto_null", "media.class": "Audio/Sink"} }))
2026-07-13T19:41:38+00:00 machine gtk-status-bar[1181]: 2026-07-13T19:41:38.591538Z DEBUG gtk_status_bar::pw: 🔍 Checking node - media.class: Some("Audio/Sink")
2026-07-13T19:41:38+00:00 machine gtk-status-bar[1181]: 2026-07-13T19:41:38.592851Z DEBUG gtk_status_bar::pw: 🔍 Node filter result: true for media.class: Some("Audio/Sink")
2026-07-13T19:41:38+00:00 machine gtk-status-bar[1181]: 2026-07-13T19:41:38.594370Z DEBUG gtk_status_bar::pw: 📱 Monitoring audio node: Dummy Output (4) [node.name: auto_null]
2026-07-13T19:41:38+00:00 machine gtk-status-bar[1181]: 2026-07-13T19:41:38.596751Z DEBUG gtk_status_bar::pw: 🔗 ADDING NODE LISTENER for node.name: auto_null
2026-07-13T19:41:38+00:00 machine gtk-status-bar[1181]: 2026-07-13T19:41:38.598265Z DEBUG gtk_status_bar::pw: 📝 Added device to HashMap: 4 -> (auto_null, Dummy Output, no volume yet)
2026-07-13T19:41:38+00:00 machine gtk-status-bar[1181]: 2026-07-13T19:41:38.599521Z DEBUG gtk_status_bar::pw: 🗂️ Current device map size: 1
2026-07-13T19:41:38+00:00 machine gtk-status-bar[1181]: 2026-07-13T19:41:38.599866Z DEBUG gtk_status_bar::pw: 🚫 Skipping metadata '' (props: Some(DictRef { flags: Flags(0x0), entries: {"object.serial": "55", "module.id": "2", "pipewire.protocol": "protocol-native", "pipewire.sec.pid": "1392", "pipewire.sec.uid": "1000", "pipewire.sec.gid": "100", "pipewire.sec.socket": "pipewire-0", "application.name": "Blueman", "pipewire.access": "unrestricted"} }))
2026-07-13T19:41:38+00:00 machine gtk-status-bar[1181]: 2026-07-13T19:41:38.600850Z DEBUG gtk_status_bar::pw: 🎛️  NODE PARAM CALLBACK: Dummy Output (4) received Props param
2026-07-13T19:41:38+00:00 machine gtk-status-bar[1181]: 2026-07-13T19:41:38.602175Z DEBUG gtk_status_bar::pw: 🔊 Node 4: Dummy Output - Vol: Some(100)% | Ch: Some(100)% | Mute: Some(false) [CACHING]
2026-07-13T19:41:38+00:00 machine gtk-status-bar[1181]: 2026-07-13T19:41:38.602193Z DEBUG gtk_status_bar::pw: 📝 Updated volume cache for device 4: Dummy Output -> Vol: Some(100)%, Ch: Some(100)%, Mute: Some(false)
2026-07-13T19:41:38+00:00 machine gtk-status-bar[1181]: 2026-07-13T19:41:38.602208Z DEBUG gtk_status_bar::pw: 🎯 Checking if device 4 is default: current_default=None, node_name=auto_null, is_default=false
2026-07-13T19:41:38+00:00 machine gtk-status-bar[1181]: 2026-07-13T19:41:38.602223Z DEBUG gtk_status_bar::pw: 📊 Cached volume for non-default device 4 (Dummy Output)
2026-07-13T19:41:38+00:00 machine gtk-status-bar[1181]: 2026-07-13T19:41:38.602240Z ERROR gtk_status_bar::pw: ❌ PipeWire error id:4 seq:5 res:-2: enum params id:13 (Spa:Enum:ParamId:Route) failed
2026-07-13T19:41:38+00:00 machine gtk-status-bar[1181]: 2026-07-13T19:41:38.613132Z DEBUG gtk_status_bar::pw: 🎛️  NODE PARAM CALLBACK: Dummy Output (4) received Props param
2026-07-13T19:41:38+00:00 machine gtk-status-bar[1181]: 2026-07-13T19:41:38.613163Z DEBUG gtk_status_bar::pw: 🔊 Node 4: Dummy Output - Vol: Some(100)% | Ch: Some(100)% | Mute: Some(false) [CACHING]
2026-07-13T19:41:38+00:00 machine gtk-status-bar[1181]: 2026-07-13T19:41:38.613180Z DEBUG gtk_status_bar::pw: 📝 Updated volume cache for device 4: Dummy Output -> Vol: Some(100)%, Ch: Some(100)%, Mute: Some(false)
2026-07-13T19:41:38+00:00 machine gtk-status-bar[1181]: 2026-07-13T19:41:38.613195Z DEBUG gtk_status_bar::pw: 🎯 Checking if device 4 is default: current_default=None, node_name=auto_null, is_default=false
2026-07-13T19:41:38+00:00 machine gtk-status-bar[1181]: 2026-07-13T19:41:38.613209Z DEBUG gtk_status_bar::pw: 📊 Cached volume for non-default device 4 (Dummy Output)
2026-07-13T19:41:38+00:00 machine gtk-status-bar[1181]: 2026-07-13T19:41:38.613225Z DEBUG gtk_status_bar::pw: 🎛️  NODE PARAM CALLBACK: Dummy Output (4) received Props param
2026-07-13T19:41:38+00:00 machine gtk-status-bar[1181]: 2026-07-13T19:41:38.613240Z DEBUG gtk_status_bar::pw: 🔊 Node 4: Dummy Output - Vol: Some(100)% | Ch: Some(100)% | Mute: Some(false) [CACHING]
2026-07-13T19:41:38+00:00 machine gtk-status-bar[1181]: 2026-07-13T19:41:38.613254Z DEBUG gtk_status_bar::pw: 📝 Updated volume cache for device 4: Dummy Output -> Vol: Some(100)%, Ch: Some(100)%, Mute: Some(false)
2026-07-13T19:41:38+00:00 machine gtk-status-bar[1181]: 2026-07-13T19:41:38.613269Z DEBUG gtk_status_bar::pw: 🎯 Checking if device 4 is default: current_default=None, node_name=auto_null, is_default=false
2026-07-13T19:41:38+00:00 machine gtk-status-bar[1181]: 2026-07-13T19:41:38.613282Z DEBUG gtk_status_bar::pw: 📊 Cached volume for non-default device 4 (Dummy Output)
2026-07-13T19:41:38+00:00 machine gtk-status-bar[1181]: 2026-07-13T19:41:38.613303Z DEBUG gtk_status_bar::pw: 🚫 Skipping metadata '' (props: Some(DictRef { flags: Flags(0x0), entries: {"object.serial": "56", "object.path": "auto_null:playback_0", "format.dsp": "32 bit float mono audio", "node.id": "54", "audio.channel": "FL", "port.id": "0", "port.name": "playback_FL", "port.direction": "in", "port.alias": "Dummy Output:playback_FL", "port.group": "stream.0"} }))
2026-07-13T19:41:38+00:00 machine gtk-status-bar[1181]: 2026-07-13T19:41:38.613325Z DEBUG gtk_status_bar::pw: 🚫 Skipping metadata '' (props: Some(DictRef { flags: Flags(0x0), entries: {"object.serial": "57", "object.path": "auto_null:playback_1", "format.dsp": "32 bit float mono audio", "node.id": "54", "audio.channel": "FR", "port.id": "1", "port.name": "playback_FR", "port.direction": "in", "port.alias": "Dummy Output:playback_FR", "port.group": "stream.0"} }))
2026-07-13T19:41:38+00:00 machine gtk-status-bar[1181]: 2026-07-13T19:41:38.613344Z DEBUG gtk_status_bar::pw: 🚫 Skipping metadata '' (props: Some(DictRef { flags: Flags(0x0), entries: {"object.serial": "58", "object.path": "auto_null:monitor_0", "format.dsp": "32 bit float mono audio", "node.id": "54", "audio.channel": "FL", "port.id": "0", "port.name": "monitor_FL", "port.direction": "out", "port.monitor": "true", "port.alias": "Dummy Output:monitor_FL", "port.group": "stream.0"} }))
2026-07-13T19:41:38+00:00 machine gtk-status-bar[1181]: 2026-07-13T19:41:38.613363Z DEBUG gtk_status_bar::pw: 🚫 Skipping metadata '' (props: Some(DictRef { flags: Flags(0x0), entries: {"object.serial": "59", "object.path": "auto_null:monitor_1", "format.dsp": "32 bit float mono audio", "node.id": "54", "audio.channel": "FR", "port.id": "1", "port.name": "monitor_FR", "port.direction": "out", "port.monitor": "true", "port.alias": "Dummy Output:monitor_FR", "port.group": "stream.0"} }))
2026-07-13T19:41:38+00:00 machine gtk-status-bar[1181]: 2026-07-13T19:41:38.613382Z DEBUG gtk_status_bar::pw: 🎛️  NODE PARAM CALLBACK: Dummy Output (4) received Props param
2026-07-13T19:41:38+00:00 machine gtk-status-bar[1181]: 2026-07-13T19:41:38.613397Z DEBUG gtk_status_bar::pw: 🔊 Node 4: Dummy Output - Vol: Some(100)% | Ch: Some(100)% | Mute: Some(false) [CACHING]
2026-07-13T19:41:38+00:00 machine gtk-status-bar[1181]: 2026-07-13T19:41:38.613411Z DEBUG gtk_status_bar::pw: 📝 Updated volume cache for device 4: Dummy Output -> Vol: Some(100)%, Ch: Some(100)%, Mute: Some(false)
2026-07-13T19:41:38+00:00 machine gtk-status-bar[1181]: 2026-07-13T19:41:38.613425Z DEBUG gtk_status_bar::pw: 🎯 Checking if device 4 is default: current_default=None, node_name=auto_null, is_default=false
2026-07-13T19:41:38+00:00 machine gtk-status-bar[1181]: 2026-07-13T19:41:38.613439Z DEBUG gtk_status_bar::pw: 📊 Cached volume for non-default device 4 (Dummy Output)
2026-07-13T19:41:38+00:00 machine gtk-status-bar[1181]: 2026-07-13T19:41:38.621956Z DEBUG gtk_status_bar::pw: 🎛️  NODE PARAM CALLBACK: Dummy Output (4) received Props param
2026-07-13T19:41:38+00:00 machine gtk-status-bar[1181]: 2026-07-13T19:41:38.621999Z DEBUG gtk_status_bar::pw: 🔊 Node 4: Dummy Output - Vol: Some(100)% | Ch: Some(100)% | Mute: Some(false) [CACHING]
2026-07-13T19:41:38+00:00 machine gtk-status-bar[1181]: 2026-07-13T19:41:38.622027Z DEBUG gtk_status_bar::pw: 📝 Updated volume cache for device 4: Dummy Output -> Vol: Some(100)%, Ch: Some(100)%, Mute: Some(false)
2026-07-13T19:41:38+00:00 machine gtk-status-bar[1181]: 2026-07-13T19:41:38.622053Z DEBUG gtk_status_bar::pw: 🎯 Checking if device 4 is default: current_default=None, node_name=auto_null, is_default=false
2026-07-13T19:41:38+00:00 machine gtk-status-bar[1181]: 2026-07-13T19:41:38.622078Z DEBUG gtk_status_bar::pw: 📊 Cached volume for non-default device 4 (Dummy Output)
2026-07-13T19:41:38+00:00 machine gtk-status-bar[1181]: 2026-07-13T19:41:38.632183Z DEBUG gtk_status_bar::pw: 📝 metadata.property subject=0 key=Some("default.audio.sink") value=Some("{\"name\":\"auto_null\"}")
2026-07-13T19:41:38+00:00 machine gtk-status-bar[1181]: 2026-07-13T19:41:38.632209Z DEBUG gtk_status_bar::pw: 🔍 Processing metadata property: default.audio.sink={"name":"auto_null"}
2026-07-13T19:41:38+00:00 machine gtk-status-bar[1181]: 2026-07-13T19:41:38.632230Z  INFO gtk_status_bar::pw: 🔄 Default sink -> auto_null
2026-07-13T19:41:38+00:00 machine gtk-status-bar[1181]: 2026-07-13T19:41:38.632244Z DEBUG gtk_status_bar::pw: 🎯 SINK CHANGE: None -> auto_null (should trigger volume fetch)
2026-07-13T19:41:38+00:00 machine gtk-status-bar[1181]: 2026-07-13T19:41:38.632259Z DEBUG gtk_status_bar::pw: 🗂️ Searching device map for default sink 'auto_null'
2026-07-13T19:41:38+00:00 machine gtk-status-bar[1181]: 2026-07-13T19:41:38.632273Z DEBUG gtk_status_bar::pw: 🗂️ Current device map contents: {4: ("auto_null", "Dummy Output", Some(100), Some(100), Some(false))}
2026-07-13T19:41:38+00:00 machine gtk-status-bar[1181]: 2026-07-13T19:41:38.632291Z DEBUG gtk_status_bar::pw: 🔍 Checking device 4: node_name='auto_null', description='Dummy Output' against default sink 'auto_null'
2026-07-13T19:41:38+00:00 machine gtk-status-bar[1181]: 2026-07-13T19:41:38.632305Z DEBUG gtk_status_bar::pw: 🎯 MATCH! Found device 4 with node_name 'auto_null' matching default sink
2026-07-13T19:41:38+00:00 machine gtk-status-bar[1181]: 2026-07-13T19:41:38.632320Z DEBUG gtk_status_bar::pw: 🎨 Updating GUI label to: 'Dummy Output' with cached volume data
2026-07-13T19:41:38+00:00 machine gtk-status-bar[1181]: 2026-07-13T19:41:38.632334Z DEBUG gtk_status_bar::pw: 💾 Cached volume data: Vol: Some(100)%, Ch: Some(100)%, Mute: Some(false)
2026-07-13T19:41:38+00:00 machine gtk-status-bar[1181]: 2026-07-13T19:41:38.632362Z DEBUG gtk_status_bar::pw: ✅ Sent REAL volume data to GUI: 'Dummy Output' Vol: Some(100)%, Ch: Some(100)%, Mute: Some(false)
2026-07-13T19:41:38+00:00 machine gtk-status-bar[1181]: 2026-07-13T19:41:38.632645Z DEBUG gtk_status_bar::widgets: 📺 GTK UI updated via ASYNC: 🔊D100
2026-07-13T19:41:39+00:00 machine gtk-status-bar[1181]: 2026-07-13T19:41:39.000919Z DEBUG gtk_status_bar::widgets: Updating time label:  7:41 PM
2026-07-13T19:41:39+00:00 machine gtk-status-bar[1181]: 2026-07-13T19:41:39.171536Z  INFO gtk_status_bar::network: Network reachability probe completed target=192.0.2.1 success=false elapsed_ms=22
2026-07-13T19:41:39+00:00 machine gtk-status-bar[1181]: 2026-07-13T19:41:39.171600Z DEBUG gtk_status_bar::network: Sent network update label="\u{f0925} 73% ?"
2026-07-13T19:41:39+00:00 machine gtk-status-bar[1181]: 2026-07-13T19:41:39.171833Z DEBUG gtk_status_bar::widgets: Updating network label: 󰤥 73% ?
2026-07-13T19:41:39+00:00 machine gtk-status-bar[1181]: 2026-07-13T19:41:39.876550Z  INFO gtk_status_bar::tray: Status notifier item registered item=":1.46/org/blueman/sni"
2026-07-13T19:41:39+00:00 machine gtk-status-bar[1181]: 2026-07-13T19:41:39.910095Z DEBUG gtk_status_bar::tray: Tray item property is unavailable property="IconPixmap" error=org.freedesktop.DBus.Error.InvalidArgs: No such property “IconPixmap”
2026-07-13T19:41:39+00:00 machine gtk-status-bar[1181]: 2026-07-13T19:41:39.911544Z DEBUG gtk_status_bar::tray: Tray item property is unavailable property="IconThemePath" error=org.freedesktop.DBus.Error.InvalidArgs: No such property “IconThemePath”
2026-07-13T19:41:39+00:00 machine gtk-status-bar[1181]: 2026-07-13T19:41:39.935457Z  INFO gtk_status_bar::widgets: Added system tray item item=":1.46/org/blueman/sni"
2026-07-13T19:41:40+00:00 machine gtk-status-bar[1181]: 2026-07-13T19:41:40.002609Z DEBUG gtk_status_bar::widgets: Updating time label:  7:41 PM
2026-07-13T19:41:40+00:00 machine gtk-status-bar[1181]: 2026-07-13T19:41:40.508670Z  INFO gtk_status_bar::network: Network reachability probe completed target=192.0.2.1 success=false elapsed_ms=15
2026-07-13T19:41:40+00:00 machine gtk-status-bar[1181]: 2026-07-13T19:41:40.508756Z DEBUG gtk_status_bar::network: Sent network update label="\u{f0925} 73% ?"
2026-07-13T19:41:40+00:00 machine gtk-status-bar[1181]: 2026-07-13T19:41:40.508908Z DEBUG gtk_status_bar::widgets: Updating network label: 󰤥 73% ?
2026-07-13T19:41:41+00:00 machine gtk-status-bar[1181]: 2026-07-13T19:41:41.001951Z DEBUG gtk_status_bar::widgets: Updating time label:  7:41 PM
2026-07-13T19:41:41+00:00 machine gtk-status-bar[1181]: 2026-07-13T19:41:41.901941Z  INFO gtk_status_bar::network: Network reachability probe completed target=198.51.100.1 success=false elapsed_ms=15
2026-07-13T19:41:41+00:00 machine gtk-status-bar[1181]: 2026-07-13T19:41:41.901989Z DEBUG gtk_status_bar::network: Sent network update label="\u{f0925} 73% ×"
2026-07-13T19:41:41+00:00 machine gtk-status-bar[1181]: 2026-07-13T19:41:41.902131Z DEBUG gtk_status_bar::widgets: Updating network label: 󰤥 73% ×
2026-07-13T19:41:42+00:00 machine gtk-status-bar[1181]: 2026-07-13T19:41:42.001385Z DEBUG gtk_status_bar::widgets: Updating time label:  7:41 PM
2026-07-13T19:41:42+00:00 machine gtk-status-bar[1181]: 2026-07-13T19:41:42.674883Z  INFO gtk_status_bar::network: Network reachability probe completed target=198.51.100.1 success=false elapsed_ms=15
2026-07-13T19:41:42+00:00 machine gtk-status-bar[1181]: 2026-07-13T19:41:42.674930Z DEBUG gtk_status_bar::network: Sent network update label="\u{f0925} 73% ×"
2026-07-13T19:41:42+00:00 machine gtk-status-bar[1181]: 2026-07-13T19:41:42.675065Z DEBUG gtk_status_bar::widgets: Updating network label: 󰤥 73% ×
2026-07-13T19:41:43+00:00 machine gtk-status-bar[1181]: 2026-07-13T19:41:43.000904Z DEBUG gtk_status_bar::widgets: Updating time label:  7:41 PM
2026-07-13T19:41:43+00:00 machine gtk-status-bar[1181]: 2026-07-13T19:41:43.754346Z  INFO gtk_status_bar::network: Network reachability probe completed target=192.0.2.1 success=false elapsed_ms=14
2026-07-13T19:41:43+00:00 machine gtk-status-bar[1181]: 2026-07-13T19:41:43.754393Z DEBUG gtk_status_bar::network: Sent network update label="\u{f0925} 73% ×"
2026-07-13T19:41:43+00:00 machine gtk-status-bar[1181]: 2026-07-13T19:41:43.754853Z DEBUG gtk_status_bar::widgets: Updating network label: 󰤥 73% ×
2026-07-13T19:41:43+00:00 machine gtk-status-bar[1181]: 2026-07-13T19:41:43.981066Z  INFO gtk_status_bar::network: Network reachability probe completed target=198.51.100.1 success=false elapsed_ms=21
2026-07-13T19:41:43+00:00 machine gtk-status-bar[1181]: 2026-07-13T19:41:43.981157Z DEBUG gtk_status_bar::network: Sent network update label="\u{f0925} 73% ×"
2026-07-13T19:41:43+00:00 machine gtk-status-bar[1181]: 2026-07-13T19:41:43.989048Z DEBUG gtk_status_bar::widgets: Updating network label: 󰤥 73% ×
2026-07-13T19:41:44+00:00 machine gtk-status-bar[1181]: 2026-07-13T19:41:44.002136Z DEBUG gtk_status_bar::widgets: Updating time label:  7:41 PM
2026-07-13T19:41:45+00:00 machine gtk-status-bar[1181]: 2026-07-13T19:41:45.000939Z DEBUG gtk_status_bar::widgets: Updating time label:  7:41 PM
2026-07-13T19:41:45+00:00 machine gtk-status-bar[1181]: 2026-07-13T19:41:45.514645Z  INFO gtk_status_bar::network: Network reachability probe completed target=192.0.2.1 success=true elapsed_ms=18
2026-07-13T19:41:45+00:00 machine gtk-status-bar[1181]: 2026-07-13T19:41:45.514744Z DEBUG gtk_status_bar::network: Sent network update label="\u{f0925} 73% \u{f0ac}"
2026-07-13T19:41:45+00:00 machine gtk-status-bar[1181]: 2026-07-13T19:41:45.515004Z DEBUG gtk_status_bar::widgets: Updating network label: 󰤥 73% 
2026-07-13T19:41:46+00:00 machine gtk-status-bar[1181]: 2026-07-13T19:41:46.002305Z DEBUG gtk_status_bar::widgets: Updating time label:  7:41 PM
2026-07-13T19:41:46+00:00 machine gtk-status-bar[1181]: 2026-07-13T19:41:46.295405Z  INFO gtk_status_bar::network: Network reachability probe completed target=192.0.2.1 success=true elapsed_ms=15
2026-07-13T19:41:46+00:00 machine gtk-status-bar[1181]: 2026-07-13T19:41:46.295504Z DEBUG gtk_status_bar::network: Sent network update label="\u{f0925} 73% \u{f0ac}"
2026-07-13T19:41:46+00:00 machine gtk-status-bar[1181]: 2026-07-13T19:41:46.295993Z DEBUG gtk_status_bar::widgets: Updating network label: 󰤥 73% 
2026-07-13T19:41:46+00:00 machine gtk-status-bar[1181]: 2026-07-13T19:41:46.763670Z DEBUG gtk_status_bar::network: Sent network update label="\u{f091f} 28% \u{f0ac}"
2026-07-13T19:41:46+00:00 machine gtk-status-bar[1181]: 2026-07-13T19:41:46.763946Z DEBUG gtk_status_bar::widgets: Updating network label: 󰤟 28% 
2026-07-13T19:41:47+00:00 machine gtk-status-bar[1181]: 2026-07-13T19:41:47.000972Z DEBUG gtk_status_bar::widgets: Updating time label:  7:41 PM
2026-07-13T19:41:47+00:00 machine gtk-status-bar[1181]: 2026-07-13T19:41:47.370011Z DEBUG gtk_status_bar::network: Sent network update label="\u{f0200} ?"
2026-07-13T19:41:47+00:00 machine gtk-status-bar[1181]: 2026-07-13T19:41:47.370884Z DEBUG gtk_status_bar::widgets: Updating network label: 󰈀 ?
2026-07-13T19:41:47+00:00 machine gtk-status-bar[1181]: 2026-07-13T19:41:47.383652Z  INFO gtk_status_bar::network: Network reachability probe completed target=198.51.100.1 success=false elapsed_ms=13
2026-07-13T19:41:47+00:00 machine gtk-status-bar[1181]: 2026-07-13T19:41:47.384911Z DEBUG gtk_status_bar::network: Sent network update label="\u{f0200} ?"
2026-07-13T19:41:47+00:00 machine gtk-status-bar[1181]: 2026-07-13T19:41:47.385049Z DEBUG gtk_status_bar::widgets: Updating network label: 󰈀 ?
2026-07-13T19:41:47+00:00 machine gtk-status-bar[1181]: 2026-07-13T19:41:47.686513Z  INFO gtk_status_bar::network: Network reachability probe completed target=192.0.2.1 success=true elapsed_ms=23
2026-07-13T19:41:47+00:00 machine gtk-status-bar[1181]: 2026-07-13T19:41:47.686607Z DEBUG gtk_status_bar::network: Sent network update label="\u{f0200} \u{f0ac}"
2026-07-13T19:41:47+00:00 machine gtk-status-bar[1181]: 2026-07-13T19:41:47.687298Z DEBUG gtk_status_bar::widgets: Updating network label: 󰈀 
2026-07-13T19:41:48+00:00 machine gtk-status-bar[1181]: 2026-07-13T19:41:48.002146Z DEBUG gtk_status_bar::widgets: Updating time label:  7:41 PM
2026-07-13T19:41:48+00:00 machine gtk-status-bar[1181]: 2026-07-13T19:41:48.345389Z  INFO gtk_status_bar::network: Network reachability probe completed target=198.51.100.1 success=false elapsed_ms=24
2026-07-13T19:41:48+00:00 machine gtk-status-bar[1181]: 2026-07-13T19:41:48.345442Z DEBUG gtk_status_bar::network: Sent network update label="\u{f0200} \u{f0ac}"
2026-07-13T19:41:48+00:00 machine gtk-status-bar[1181]: 2026-07-13T19:41:48.346010Z DEBUG gtk_status_bar::widgets: Updating network label: 󰈀 
2026-07-13T19:41:49+00:00 machine gtk-status-bar[1181]: 2026-07-13T19:41:49.002561Z DEBUG gtk_status_bar::widgets: Updating time label:  7:41 PM
2026-07-13T19:41:49+00:00 machine gtk-status-bar[1181]: 2026-07-13T19:41:49.040303Z DEBUG gtk_status_bar::network: Sent network update label="\u{f0c9b} ×"
2026-07-13T19:41:49+00:00 machine gtk-status-bar[1181]: 2026-07-13T19:41:49.040449Z DEBUG gtk_status_bar::widgets: Updating network label: 󰲛 ×
2026-07-13T19:41:49+00:00 machine gtk-status-bar[1181]: 2026-07-13T19:41:49.045505Z DEBUG gtk_status_bar::network: Sent network update label="\u{f0c9b} ×"
2026-07-13T19:41:49+00:00 machine gtk-status-bar[1181]: 2026-07-13T19:41:49.048187Z DEBUG gtk_status_bar::network: Sent network update label="\u{f0c9b} ×"
2026-07-13T19:41:49+00:00 machine gtk-status-bar[1181]: 2026-07-13T19:41:49.057591Z DEBUG gtk_status_bar::widgets: Updating network label: 󰲛 ×
2026-07-13T19:41:49+00:00 machine gtk-status-bar[1181]: 2026-07-13T19:41:49.057632Z DEBUG gtk_status_bar::widgets: Updating network label: 󰲛 ×
2026-07-13T19:41:49+00:00 machine gtk-status-bar[1181]: 2026-07-13T19:41:49.764515Z DEBUG gtk_status_bar::network: Sent network update label="\u{f0c9b} ×"
2026-07-13T19:41:49+00:00 machine gtk-status-bar[1181]: 2026-07-13T19:41:49.764907Z DEBUG gtk_status_bar::widgets: Updating network label: 󰲛 ×
2026-07-13T19:41:49+00:00 machine gtk-status-bar[1181]: 2026-07-13T19:41:49.775649Z DEBUG gtk_status_bar::network: Sent network update label="\u{f091f} 28% ?"
2026-07-13T19:41:49+00:00 machine gtk-status-bar[1181]: 2026-07-13T19:41:49.775851Z DEBUG gtk_status_bar::widgets: Updating network label: 󰤟 28% ?
2026-07-13T19:41:49+00:00 machine gtk-status-bar[1181]: 2026-07-13T19:41:49.781945Z DEBUG gtk_status_bar::network: Sent network update label="\u{f091f} 28% ?"
2026-07-13T19:41:49+00:00 machine gtk-status-bar[1181]: 2026-07-13T19:41:49.782123Z DEBUG gtk_status_bar::widgets: Updating network label: 󰤟 28% ?
2026-07-13T19:41:49+00:00 machine gtk-status-bar[1181]: 2026-07-13T19:41:49.797620Z  INFO gtk_status_bar::network: Network reachability probe completed target=198.51.100.1 success=false elapsed_ms=15
2026-07-13T19:41:49+00:00 machine gtk-status-bar[1181]: 2026-07-13T19:41:49.797675Z DEBUG gtk_status_bar::network: Sent network update label="\u{f091f} 28% ?"
2026-07-13T19:41:49+00:00 machine gtk-status-bar[1181]: 2026-07-13T19:41:49.797902Z DEBUG gtk_status_bar::widgets: Updating network label: 󰤟 28% ?
2026-07-13T19:41:49+00:00 machine gtk-status-bar[1181]: 2026-07-13T19:41:49.803088Z DEBUG gtk_status_bar::network: Sent network update label="\u{f091f} 28% ?"
2026-07-13T19:41:49+00:00 machine gtk-status-bar[1181]: 2026-07-13T19:41:49.803258Z DEBUG gtk_status_bar::widgets: Updating network label: 󰤟 28% ?
2026-07-13T19:41:50+00:00 machine gtk-status-bar[1181]: 2026-07-13T19:41:50.001181Z DEBUG gtk_status_bar::widgets: Updating time label:  7:41 PM
2026-07-13T19:41:50+00:00 machine gtk-status-bar[1181]: 2026-07-13T19:41:50.042411Z DEBUG gtk_status_bar::hypr: Handling workspace change event
2026-07-13T19:41:50+00:00 machine gtk-status-bar[1181]: 2026-07-13T19:41:50.042439Z DEBUG gtk_status_bar::hypr: Workspace changed to: Workspace i
2026-07-13T19:41:50+00:00 machine gtk-status-bar[1181]: 2026-07-13T19:41:50.042758Z DEBUG gtk_status_bar::widgets: Updating workspace - label: 'Workspace i', color for workspace: 2
2026-07-13T19:41:50+00:00 machine gtk-status-bar[1181]: 2026-07-13T19:41:50.042935Z DEBUG gtk_status_bar::widgets: Updated title widget color to: rgba(125, 207, 255, 0.5) for workspace: 2
2026-07-13T19:41:51+00:00 machine gtk-status-bar[1181]: 2026-07-13T19:41:51.001993Z DEBUG gtk_status_bar::widgets: Updating time label:  7:41 PM
2026-07-13T19:41:51+00:00 machine gtk-status-bar[1181]: 2026-07-13T19:41:51.749240Z  INFO gtk_status_bar::network: Network reachability probe completed target=192.0.2.1 success=true elapsed_ms=24
2026-07-13T19:41:51+00:00 machine gtk-status-bar[1181]: 2026-07-13T19:41:51.749341Z DEBUG gtk_status_bar::network: Sent network update label="\u{f091f} 28% \u{f0ac}"
2026-07-13T19:41:51+00:00 machine gtk-status-bar[1181]: 2026-07-13T19:41:51.750140Z DEBUG gtk_status_bar::widgets: Updating network label: 󰤟 28% 
2026-07-13T19:41:52+00:00 machine gtk-status-bar[1181]: 2026-07-13T19:41:52.002245Z DEBUG gtk_status_bar::widgets: Updating time label:  7:41 PM
2026-07-13T19:41:52+00:00 machine gtk-status-bar[1181]: 2026-07-13T19:41:52.457444Z  INFO gtk_status_bar::network: Network reachability probe completed target=192.0.2.1 success=true elapsed_ms=10
2026-07-13T19:41:52+00:00 machine gtk-status-bar[1181]: 2026-07-13T19:41:52.457506Z DEBUG gtk_status_bar::network: Sent network update label="\u{f091f} 28% \u{f0ac}"
2026-07-13T19:41:52+00:00 machine gtk-status-bar[1181]: 2026-07-13T19:41:52.457905Z DEBUG gtk_status_bar::widgets: Updating network label: 󰤟 28% 
2026-07-13T19:41:52+00:00 machine gtk-status-bar[1181]: 2026-07-13T19:41:52.641600Z DEBUG gtk_status_bar::hypr: Handling workspace change event
2026-07-13T19:41:52+00:00 machine gtk-status-bar[1181]: 2026-07-13T19:41:52.641643Z DEBUG gtk_status_bar::hypr: Workspace changed to: Workspace c
2026-07-13T19:41:52+00:00 machine gtk-status-bar[1181]: 2026-07-13T19:41:52.642818Z DEBUG gtk_status_bar::widgets: Updating workspace - label: 'Workspace c', color for workspace: 10
2026-07-13T19:41:52+00:00 machine gtk-status-bar[1181]: 2026-07-13T19:41:52.642979Z DEBUG gtk_status_bar::widgets: Updated title widget color to: rgba(13, 185, 215, 0.5) for workspace: 10
2026-07-13T19:41:53+00:00 machine gtk-status-bar[1181]: 2026-07-13T19:41:53.001254Z DEBUG gtk_status_bar::widgets: Updating time label:  7:41 PM
2026-07-13T19:41:54+00:00 machine gtk-status-bar[1181]: 2026-07-13T19:41:54.002401Z DEBUG gtk_status_bar::widgets: Updating time label:  7:41 PM
2026-07-13T19:41:54+00:00 machine gtk-status-bar[1181]: 2026-07-13T19:41:54.313556Z  INFO gtk_status_bar::network: Network reachability probe completed target=198.51.100.1 success=false elapsed_ms=18
2026-07-13T19:41:54+00:00 machine gtk-status-bar[1181]: 2026-07-13T19:41:54.313602Z DEBUG gtk_status_bar::network: Sent network update label="\u{f091f} 28% \u{f0ac}"
2026-07-13T19:41:54+00:00 machine gtk-status-bar[1181]: 2026-07-13T19:41:54.313809Z DEBUG gtk_status_bar::widgets: Updating network label: 󰤟 28% 
2026-07-13T19:41:55+00:00 machine gtk-status-bar[1181]: 2026-07-13T19:41:55.001337Z DEBUG gtk_status_bar::widgets: Updating time label:  7:41 PM
2026-07-13T19:41:55+00:00 machine gtk-status-bar[1181]: 2026-07-13T19:41:55.273101Z DEBUG gtk_status_bar::hypr: Handling workspace change event
2026-07-13T19:41:55+00:00 machine gtk-status-bar[1181]: 2026-07-13T19:41:55.273133Z DEBUG gtk_status_bar::hypr: Workspace changed to: Workspace 11
2026-07-13T19:41:55+00:00 machine gtk-status-bar[1181]: 2026-07-13T19:41:55.273674Z DEBUG gtk_status_bar::widgets: Updating workspace - label: 'Workspace 11', color for workspace: 11
2026-07-13T19:41:55+00:00 machine gtk-status-bar[1181]: 2026-07-13T19:41:55.274262Z DEBUG gtk_status_bar::widgets: Updated title widget color to: rgba(67, 233, 123, 0.5) for workspace: 11
2026-07-13T19:41:56+00:00 machine gtk-status-bar[1181]: 2026-07-13T19:41:56.001294Z DEBUG gtk_status_bar::widgets: Updating time label:  7:41 PM
2026-07-13T19:41:56+00:00 machine gtk-status-bar[1181]: 2026-07-13T19:41:56.223406Z  INFO gtk_status_bar::network: Network reachability probe completed target=192.0.2.1 success=true elapsed_ms=24
2026-07-13T19:41:56+00:00 machine gtk-status-bar[1181]: 2026-07-13T19:41:56.223503Z DEBUG gtk_status_bar::network: Sent network update label="\u{f091f} 28% \u{f0ac}"
2026-07-13T19:41:56+00:00 machine gtk-status-bar[1181]: 2026-07-13T19:41:56.224031Z DEBUG gtk_status_bar::widgets: Updating network label: 󰤟 28% 
2026-07-13T19:41:57+00:00 machine gtk-status-bar[1181]: 2026-07-13T19:41:57.002069Z DEBUG gtk_status_bar::widgets: Updating time label:  7:41 PM
2026-07-13T19:41:57+00:00 machine gtk-status-bar[1181]: 2026-07-13T19:41:57.867569Z DEBUG gtk_status_bar::widgets: Updating workspace - label: 'Special: evidence', color for workspace: -99
2026-07-13T19:41:57+00:00 machine gtk-status-bar[1181]: 2026-07-13T19:41:57.871756Z DEBUG gtk_status_bar::widgets: Updated title widget color to: rgba(67, 233, 123, 0.5) for workspace: -99
2026-07-13T19:41:58+00:00 machine gtk-status-bar[1181]: 2026-07-13T19:41:58.001584Z DEBUG gtk_status_bar::widgets: Updating time label:  7:41 PM
2026-07-13T19:41:58+00:00 machine gtk-status-bar[1181]: 2026-07-13T19:41:58.159241Z  INFO gtk_status_bar::network: Network reachability probe completed target=198.51.100.1 success=false elapsed_ms=24
2026-07-13T19:41:58+00:00 machine gtk-status-bar[1181]: 2026-07-13T19:41:58.159359Z DEBUG gtk_status_bar::network: Sent network update label="\u{f091f} 28% \u{f0ac}"
2026-07-13T19:41:58+00:00 machine gtk-status-bar[1181]: 2026-07-13T19:41:58.160012Z DEBUG gtk_status_bar::widgets: Updating network label: 󰤟 28% 
2026-07-13T19:41:59+00:00 machine gtk-status-bar[1181]: 2026-07-13T19:41:59.002306Z DEBUG gtk_status_bar::widgets: Updating time label:  7:41 PM
2026-07-13T19:41:59+00:00 machine gtk-status-bar[1181]: 2026-07-13T19:41:59.436207Z  INFO gtk_status_bar::network: Network reachability probe completed target=192.0.2.1 success=true elapsed_ms=23
2026-07-13T19:41:59+00:00 machine gtk-status-bar[1181]: 2026-07-13T19:41:59.436314Z DEBUG gtk_status_bar::network: Sent network update label="\u{f091f} 28% \u{f0ac}"
2026-07-13T19:41:59+00:00 machine gtk-status-bar[1181]: 2026-07-13T19:41:59.436991Z DEBUG gtk_status_bar::widgets: Updating network label: 󰤟 28% 
2026-07-13T19:41:59+00:00 machine gtk-status-bar[1181]: 2026-07-13T19:41:59.767693Z  INFO gtk_status_bar::network: Network reachability probe completed target=198.51.100.1 success=false elapsed_ms=21
2026-07-13T19:41:59+00:00 machine gtk-status-bar[1181]: 2026-07-13T19:41:59.767907Z DEBUG gtk_status_bar::network: Sent network update label="\u{f091f} 28% \u{f0ac}"
2026-07-13T19:41:59+00:00 machine gtk-status-bar[1181]: 2026-07-13T19:41:59.768274Z DEBUG gtk_status_bar::widgets: Updating network label: 󰤟 28% 
2026-07-13T19:42:00+00:00 machine gtk-status-bar[1181]: 2026-07-13T19:42:00.001332Z DEBUG gtk_status_bar::widgets: Updating time label:  7:42 PM
2026-07-13T19:42:00+00:00 machine gtk-status-bar[1181]: 2026-07-13T19:42:00.529845Z DEBUG gtk_status_bar::widgets: Updating workspace - label: 'Workspace 11', color for workspace: 11
2026-07-13T19:42:00+00:00 machine gtk-status-bar[1181]: 2026-07-13T19:42:00.530018Z DEBUG gtk_status_bar::widgets: Updated title widget color to: rgba(67, 233, 123, 0.5) for workspace: 11
2026-07-13T19:42:00+00:00 machine gtk-status-bar[1181]: 2026-07-13T19:42:00.699434Z DEBUG gtk_status_bar::widgets: Updating workspace - label: 'Special: special', color for workspace: -99
2026-07-13T19:42:00+00:00 machine gtk-status-bar[1181]: 2026-07-13T19:42:00.699621Z DEBUG gtk_status_bar::widgets: Updated title widget color to: rgba(67, 233, 123, 0.5) for workspace: -99
2026-07-13T19:42:00+00:00 machine gtk-status-bar[1181]: 2026-07-13T19:42:00.914081Z  INFO gtk_status_bar::network: Network reachability probe completed target=192.0.2.1 success=true elapsed_ms=18
2026-07-13T19:42:00+00:00 machine gtk-status-bar[1181]: 2026-07-13T19:42:00.914152Z DEBUG gtk_status_bar::network: Sent network update label="\u{f091f} 28% \u{f0ac}"
2026-07-13T19:42:00+00:00 machine gtk-status-bar[1181]: 2026-07-13T19:42:00.914554Z DEBUG gtk_status_bar::widgets: Updating network label: 󰤟 28% 
2026-07-13T19:42:01+00:00 machine gtk-status-bar[1181]: 2026-07-13T19:42:01.001099Z DEBUG gtk_status_bar::widgets: Updating time label:  7:42 PM
2026-07-13T19:42:01+00:00 machine gtk-status-bar[1181]: 2026-07-13T19:42:01.966485Z  INFO gtk_status_bar::network: Network reachability probe completed target=198.51.100.1 success=false elapsed_ms=25
2026-07-13T19:42:01+00:00 machine gtk-status-bar[1181]: 2026-07-13T19:42:01.966581Z DEBUG gtk_status_bar::network: Sent network update label="\u{f091f} 28% \u{f0ac}"
2026-07-13T19:42:01+00:00 machine gtk-status-bar[1181]: 2026-07-13T19:42:01.967168Z DEBUG gtk_status_bar::widgets: Updating network label: 󰤟 28% 
2026-07-13T19:42:02+00:00 machine gtk-status-bar[1181]: 2026-07-13T19:42:02.000928Z DEBUG gtk_status_bar::widgets: Updating time label:  7:42 PM
2026-07-13T19:42:03+00:00 machine gtk-status-bar[1181]: 2026-07-13T19:42:03.002005Z DEBUG gtk_status_bar::widgets: Updating time label:  7:42 PM
2026-07-13T19:42:03+00:00 machine gtk-status-bar[1181]: 2026-07-13T19:42:03.296430Z DEBUG gtk_status_bar::widgets: Updating workspace - label: 'Workspace 11', color for workspace: 11
2026-07-13T19:42:03+00:00 machine gtk-status-bar[1181]: 2026-07-13T19:42:03.296628Z DEBUG gtk_status_bar::widgets: Updated title widget color to: rgba(67, 233, 123, 0.5) for workspace: 11
2026-07-13T19:42:03+00:00 machine gtk-status-bar[1181]: 2026-07-13T19:42:03.369828Z  INFO gtk_status_bar::network: Network reachability probe completed target=198.51.100.1 success=false elapsed_ms=17
2026-07-13T19:42:03+00:00 machine gtk-status-bar[1181]: 2026-07-13T19:42:03.369871Z DEBUG gtk_status_bar::network: Sent network update label="\u{f091f} 28% \u{f0ac}"
2026-07-13T19:42:03+00:00 machine gtk-status-bar[1181]: 2026-07-13T19:42:03.370031Z DEBUG gtk_status_bar::widgets: Updating network label: 󰤟 28% 
2026-07-13T19:42:03+00:00 machine gtk-status-bar[1181]: 2026-07-13T19:42:03.466662Z DEBUG gtk_status_bar::hypr: Handling workspace change event
2026-07-13T19:42:03+00:00 machine gtk-status-bar[1181]: 2026-07-13T19:42:03.466736Z DEBUG gtk_status_bar::hypr: Workspace changed to: Workspace u
2026-07-13T19:42:03+00:00 machine gtk-status-bar[1181]: 2026-07-13T19:42:03.466923Z DEBUG gtk_status_bar::widgets: Updating workspace - label: 'Workspace u', color for workspace: 1
2026-07-13T19:42:03+00:00 machine gtk-status-bar[1181]: 2026-07-13T19:42:03.467115Z DEBUG gtk_status_bar::widgets: Updated title widget color to: rgba(122, 162, 247, 0.5) for workspace: 1
2026-07-13T19:42:03+00:00 machine gtk-status-bar[1181]: 2026-07-13T19:42:03.684469Z DEBUG gtk_status_bar::hypr: Handling workspace change event
2026-07-13T19:42:03+00:00 machine gtk-status-bar[1181]: 2026-07-13T19:42:03.684555Z DEBUG gtk_status_bar::hypr: Workspace changed to: Workspace i
2026-07-13T19:42:03+00:00 machine gtk-status-bar[1181]: 2026-07-13T19:42:03.685341Z DEBUG gtk_status_bar::widgets: Updating workspace - label: 'Workspace i', color for workspace: 2
2026-07-13T19:42:03+00:00 machine gtk-status-bar[1181]: 2026-07-13T19:42:03.685902Z DEBUG gtk_status_bar::widgets: Updated title widget color to: rgba(125, 207, 255, 0.5) for workspace: 2
2026-07-13T19:42:03+00:00 machine gtk-status-bar[1181]: 2026-07-13T19:42:03.713613Z DEBUG gtk_status_bar::dbus: Got an event in event stream: Msg { type: Signal, serial: 66, sender: UniqueName(":1.6"), path: ObjectPath("/org/bluez/hci0"), iface: InterfaceName("org.freedesktop.DBus.Properties"), member: MemberName("PropertiesChanged"), body: Structure(Dynamic { fields: [Str, Dict { key: Dynamic { child: Str }, value: Dynamic { child: Variant } }, Array(Dynamic { child: Str })] }), fds: [] }
2026-07-13T19:42:03+00:00 machine gtk-status-bar[1181]: 2026-07-13T19:42:03.713662Z DEBUG gtk_status_bar::dbus: Dbus monitor: Received D-Bus message from path: Some(ObjectPath("/org/bluez/hci0")), interface: Some(InterfaceName("org.freedesktop.DBus.Properties")), member: Some(MemberName("PropertiesChanged"))
2026-07-13T19:42:03+00:00 machine gtk-status-bar[1181]: 2026-07-13T19:42:03.713736Z  INFO gtk_status_bar::dbus: Dbus monitor: Received signal
2026-07-13T19:42:03+00:00 machine gtk-status-bar[1181]: 2026-07-13T19:42:03.713932Z  INFO gtk_status_bar::dbus: Dbus monitor: Received PropertiesChanged signal
2026-07-13T19:42:03+00:00 machine gtk-status-bar[1181]: 2026-07-13T19:42:03.713969Z DEBUG gtk_status_bar::dbus: Dbus monitor: Ignored PropertiesChanged for interface: "org.bluez.Adapter1"
2026-07-13T19:42:03+00:00 machine gtk-status-bar[1181]: 2026-07-13T19:42:03.968180Z DEBUG gtk_status_bar::hypr: Handling workspace change event
2026-07-13T19:42:03+00:00 machine gtk-status-bar[1181]: 2026-07-13T19:42:03.968260Z DEBUG gtk_status_bar::hypr: Workspace changed to: Workspace o
2026-07-13T19:42:03+00:00 machine gtk-status-bar[1181]: 2026-07-13T19:42:03.968604Z DEBUG gtk_status_bar::widgets: Updating workspace - label: 'Workspace o', color for workspace: 3
2026-07-13T19:42:03+00:00 machine gtk-status-bar[1181]: 2026-07-13T19:42:03.969093Z DEBUG gtk_status_bar::widgets: Updated title widget color to: rgba(158, 206, 106, 0.5) for workspace: 3
2026-07-13T19:42:04+00:00 machine gtk-status-bar[1181]: 2026-07-13T19:42:04.001442Z DEBUG gtk_status_bar::widgets: Updating time label:  7:42 PM
2026-07-13T19:42:04+00:00 machine gtk-status-bar[1181]: 2026-07-13T19:42:04.209269Z DEBUG gtk_status_bar::hypr: Handling workspace change event
2026-07-13T19:42:04+00:00 machine gtk-status-bar[1181]: 2026-07-13T19:42:04.209302Z DEBUG gtk_status_bar::hypr: Workspace changed to: Workspace p
2026-07-13T19:42:04+00:00 machine gtk-status-bar[1181]: 2026-07-13T19:42:04.209618Z DEBUG gtk_status_bar::widgets: Updating workspace - label: 'Workspace p', color for workspace: 4
2026-07-13T19:42:04+00:00 machine gtk-status-bar[1181]: 2026-07-13T19:42:04.209891Z DEBUG gtk_status_bar::widgets: Updated title widget color to: rgba(187, 154, 247, 0.5) for workspace: 4
2026-07-13T19:42:04+00:00 machine gtk-status-bar[1181]: 2026-07-13T19:42:04.404994Z DEBUG gtk_status_bar::hypr: Handling workspace change event
2026-07-13T19:42:04+00:00 machine gtk-status-bar[1181]: 2026-07-13T19:42:04.405031Z DEBUG gtk_status_bar::hypr: Workspace changed to: Workspace j
2026-07-13T19:42:04+00:00 machine gtk-status-bar[1181]: 2026-07-13T19:42:04.405504Z DEBUG gtk_status_bar::widgets: Updating workspace - label: 'Workspace j', color for workspace: 5
2026-07-13T19:42:04+00:00 machine gtk-status-bar[1181]: 2026-07-13T19:42:04.406016Z DEBUG gtk_status_bar::widgets: Updated title widget color to: rgba(247, 118, 142, 0.5) for workspace: 5
2026-07-13T19:42:04+00:00 machine gtk-status-bar[1181]: 2026-07-13T19:42:04.579864Z DEBUG gtk_status_bar::hypr: Handling workspace change event
2026-07-13T19:42:04+00:00 machine gtk-status-bar[1181]: 2026-07-13T19:42:04.579892Z DEBUG gtk_status_bar::hypr: Workspace changed to: Workspace u
2026-07-13T19:42:04+00:00 machine gtk-status-bar[1181]: 2026-07-13T19:42:04.580110Z DEBUG gtk_status_bar::widgets: Updating workspace - label: 'Workspace u', color for workspace: 1
2026-07-13T19:42:04+00:00 machine gtk-status-bar[1181]: 2026-07-13T19:42:04.580324Z DEBUG gtk_status_bar::widgets: Updated title widget color to: rgba(122, 162, 247, 0.5) for workspace: 1
2026-07-13T19:42:04+00:00 machine gtk-status-bar[1181]: 2026-07-13T19:42:04.772836Z  INFO gtk_status_bar::network: Network reachability probe completed target=192.0.2.1 success=true elapsed_ms=12
2026-07-13T19:42:04+00:00 machine gtk-status-bar[1181]: 2026-07-13T19:42:04.772880Z DEBUG gtk_status_bar::network: Sent network update label="\u{f091f} 28% \u{f0ac}"
2026-07-13T19:42:04+00:00 machine gtk-status-bar[1181]: 2026-07-13T19:42:04.773027Z DEBUG gtk_status_bar::widgets: Updating network label: 󰤟 28% 
2026-07-13T19:42:04+00:00 machine gtk-status-bar[1181]: 2026-07-13T19:42:04.793506Z DEBUG gtk_status_bar::hypr: Handling workspace change event
2026-07-13T19:42:04+00:00 machine gtk-status-bar[1181]: 2026-07-13T19:42:04.793537Z DEBUG gtk_status_bar::hypr: Workspace changed to: Workspace i
2026-07-13T19:42:04+00:00 machine gtk-status-bar[1181]: 2026-07-13T19:42:04.793902Z DEBUG gtk_status_bar::widgets: Updating workspace - label: 'Workspace i', color for workspace: 2
2026-07-13T19:42:04+00:00 machine gtk-status-bar[1181]: 2026-07-13T19:42:04.794097Z DEBUG gtk_status_bar::widgets: Updated title widget color to: rgba(125, 207, 255, 0.5) for workspace: 2
2026-07-13T19:42:04+00:00 machine gtk-status-bar[1181]: 2026-07-13T19:42:04.991319Z DEBUG gtk_status_bar::hypr: Handling workspace change event
2026-07-13T19:42:04+00:00 machine gtk-status-bar[1181]: 2026-07-13T19:42:04.991368Z DEBUG gtk_status_bar::hypr: Workspace changed to: Workspace o
2026-07-13T19:42:04+00:00 machine gtk-status-bar[1181]: 2026-07-13T19:42:04.991935Z DEBUG gtk_status_bar::widgets: Updating workspace - label: 'Workspace o', color for workspace: 3
2026-07-13T19:42:04+00:00 machine gtk-status-bar[1181]: 2026-07-13T19:42:04.992130Z DEBUG gtk_status_bar::widgets: Updated title widget color to: rgba(158, 206, 106, 0.5) for workspace: 3
2026-07-13T19:42:05+00:00 machine gtk-status-bar[1181]: 2026-07-13T19:42:05.001281Z DEBUG gtk_status_bar::widgets: Updating time label:  7:42 PM
2026-07-13T19:42:05+00:00 machine gtk-status-bar[1181]: 2026-07-13T19:42:05.169918Z DEBUG gtk_status_bar::hypr: Handling workspace change event
2026-07-13T19:42:05+00:00 machine gtk-status-bar[1181]: 2026-07-13T19:42:05.169949Z DEBUG gtk_status_bar::hypr: Workspace changed to: Workspace p
2026-07-13T19:42:05+00:00 machine gtk-status-bar[1181]: 2026-07-13T19:42:05.170255Z DEBUG gtk_status_bar::widgets: Updating workspace - label: 'Workspace p', color for workspace: 4
2026-07-13T19:42:05+00:00 machine gtk-status-bar[1181]: 2026-07-13T19:42:05.170435Z DEBUG gtk_status_bar::widgets: Updated title widget color to: rgba(187, 154, 247, 0.5) for workspace: 4
2026-07-13T19:42:05+00:00 machine gtk-status-bar[1181]: 2026-07-13T19:42:05.359306Z DEBUG gtk_status_bar::hypr: Handling workspace change event
2026-07-13T19:42:05+00:00 machine gtk-status-bar[1181]: 2026-07-13T19:42:05.359343Z DEBUG gtk_status_bar::hypr: Workspace changed to: Workspace j
2026-07-13T19:42:05+00:00 machine gtk-status-bar[1181]: 2026-07-13T19:42:05.359651Z DEBUG gtk_status_bar::widgets: Updating workspace - label: 'Workspace j', color for workspace: 5
2026-07-13T19:42:05+00:00 machine gtk-status-bar[1181]: 2026-07-13T19:42:05.359884Z DEBUG gtk_status_bar::widgets: Updated title widget color to: rgba(247, 118, 142, 0.5) for workspace: 5
2026-07-13T19:42:05+00:00 machine gtk-status-bar[1181]: 2026-07-13T19:42:05.549455Z DEBUG gtk_status_bar::hypr: Handling workspace change event
2026-07-13T19:42:05+00:00 machine gtk-status-bar[1181]: 2026-07-13T19:42:05.549489Z DEBUG gtk_status_bar::hypr: Workspace changed to: Workspace u
2026-07-13T19:42:05+00:00 machine gtk-status-bar[1181]: 2026-07-13T19:42:05.549740Z DEBUG gtk_status_bar::widgets: Updating workspace - label: 'Workspace u', color for workspace: 1
2026-07-13T19:42:05+00:00 machine gtk-status-bar[1181]: 2026-07-13T19:42:05.549922Z DEBUG gtk_status_bar::widgets: Updated title widget color to: rgba(122, 162, 247, 0.5) for workspace: 1
2026-07-13T19:42:05+00:00 machine gtk-status-bar[1181]: 2026-07-13T19:42:05.655612Z  INFO gtk_status_bar::network: Network reachability probe completed target=192.0.2.1 success=true elapsed_ms=9
2026-07-13T19:42:05+00:00 machine gtk-status-bar[1181]: 2026-07-13T19:42:05.655668Z DEBUG gtk_status_bar::network: Sent network update label="\u{f091f} 28% \u{f0ac}"
2026-07-13T19:42:05+00:00 machine gtk-status-bar[1181]: 2026-07-13T19:42:05.656098Z DEBUG gtk_status_bar::widgets: Updating network label: 󰤟 28% 
2026-07-13T19:42:05+00:00 machine gtk-status-bar[1181]: 2026-07-13T19:42:05.735465Z DEBUG gtk_status_bar::hypr: Handling workspace change event
2026-07-13T19:42:05+00:00 machine gtk-status-bar[1181]: 2026-07-13T19:42:05.735509Z DEBUG gtk_status_bar::hypr: Workspace changed to: Workspace i
2026-07-13T19:42:05+00:00 machine gtk-status-bar[1181]: 2026-07-13T19:42:05.735778Z DEBUG gtk_status_bar::widgets: Updating workspace - label: 'Workspace i', color for workspace: 2
2026-07-13T19:42:05+00:00 machine gtk-status-bar[1181]: 2026-07-13T19:42:05.735950Z DEBUG gtk_status_bar::widgets: Updated title widget color to: rgba(125, 207, 255, 0.5) for workspace: 2
2026-07-13T19:42:05+00:00 machine gtk-status-bar[1181]: 2026-07-13T19:42:05.949256Z DEBUG gtk_status_bar::hypr: Handling workspace change event
2026-07-13T19:42:05+00:00 machine gtk-status-bar[1181]: 2026-07-13T19:42:05.949301Z DEBUG gtk_status_bar::hypr: Workspace changed to: Workspace o
2026-07-13T19:42:05+00:00 machine gtk-status-bar[1181]: 2026-07-13T19:42:05.950214Z DEBUG gtk_status_bar::widgets: Updating workspace - label: 'Workspace o', color for workspace: 3
2026-07-13T19:42:05+00:00 machine gtk-status-bar[1181]: 2026-07-13T19:42:05.950463Z DEBUG gtk_status_bar::widgets: Updated title widget color to: rgba(158, 206, 106, 0.5) for workspace: 3
2026-07-13T19:42:06+00:00 machine gtk-status-bar[1181]: 2026-07-13T19:42:06.001035Z DEBUG gtk_status_bar::widgets: Updating time label:  7:42 PM
2026-07-13T19:42:06+00:00 machine gtk-status-bar[1181]: 2026-07-13T19:42:06.116680Z DEBUG gtk_status_bar::hypr: Handling workspace change event
2026-07-13T19:42:06+00:00 machine gtk-status-bar[1181]: 2026-07-13T19:42:06.116751Z DEBUG gtk_status_bar::hypr: Workspace changed to: Workspace p
2026-07-13T19:42:06+00:00 machine gtk-status-bar[1181]: 2026-07-13T19:42:06.117092Z DEBUG gtk_status_bar::widgets: Updating workspace - label: 'Workspace p', color for workspace: 4
2026-07-13T19:42:06+00:00 machine gtk-status-bar[1181]: 2026-07-13T19:42:06.117331Z DEBUG gtk_status_bar::widgets: Updated title widget color to: rgba(187, 154, 247, 0.5) for workspace: 4
2026-07-13T19:42:06+00:00 machine gtk-status-bar[1181]: 2026-07-13T19:42:06.301987Z DEBUG gtk_status_bar::hypr: Handling workspace change event
2026-07-13T19:42:06+00:00 machine gtk-status-bar[1181]: 2026-07-13T19:42:06.302029Z DEBUG gtk_status_bar::hypr: Workspace changed to: Workspace j
2026-07-13T19:42:06+00:00 machine gtk-status-bar[1181]: 2026-07-13T19:42:06.302962Z DEBUG gtk_status_bar::widgets: Updating workspace - label: 'Workspace j', color for workspace: 5
2026-07-13T19:42:06+00:00 machine gtk-status-bar[1181]: 2026-07-13T19:42:06.303179Z DEBUG gtk_status_bar::widgets: Updated title widget color to: rgba(247, 118, 142, 0.5) for workspace: 5
2026-07-13T19:42:06+00:00 machine gtk-status-bar[1181]: 2026-07-13T19:42:06.492574Z DEBUG gtk_status_bar::hypr: Handling workspace change event
2026-07-13T19:42:06+00:00 machine gtk-status-bar[1181]: 2026-07-13T19:42:06.492615Z DEBUG gtk_status_bar::hypr: Workspace changed to: Workspace u
2026-07-13T19:42:06+00:00 machine gtk-status-bar[1181]: 2026-07-13T19:42:06.492828Z DEBUG gtk_status_bar::widgets: Updating workspace - label: 'Workspace u', color for workspace: 1
2026-07-13T19:42:06+00:00 machine gtk-status-bar[1181]: 2026-07-13T19:42:06.493014Z DEBUG gtk_status_bar::widgets: Updated title widget color to: rgba(122, 162, 247, 0.5) for workspace: 1
2026-07-13T19:42:06+00:00 machine gtk-status-bar[1181]: 2026-07-13T19:42:06.666518Z DEBUG gtk_status_bar::hypr: Handling workspace change event
2026-07-13T19:42:06+00:00 machine gtk-status-bar[1181]: 2026-07-13T19:42:06.666550Z DEBUG gtk_status_bar::hypr: Workspace changed to: Workspace i
2026-07-13T19:42:06+00:00 machine gtk-status-bar[1181]: 2026-07-13T19:42:06.667171Z DEBUG gtk_status_bar::widgets: Updating workspace - label: 'Workspace i', color for workspace: 2
2026-07-13T19:42:06+00:00 machine gtk-status-bar[1181]: 2026-07-13T19:42:06.667339Z DEBUG gtk_status_bar::widgets: Updated title widget color to: rgba(125, 207, 255, 0.5) for workspace: 2
2026-07-13T19:42:06+00:00 machine gtk-status-bar[1181]: 2026-07-13T19:42:06.863491Z DEBUG gtk_status_bar::hypr: Handling workspace change event
2026-07-13T19:42:06+00:00 machine gtk-status-bar[1181]: 2026-07-13T19:42:06.863521Z DEBUG gtk_status_bar::hypr: Workspace changed to: Workspace o
2026-07-13T19:42:06+00:00 machine gtk-status-bar[1181]: 2026-07-13T19:42:06.863787Z DEBUG gtk_status_bar::widgets: Updating workspace - label: 'Workspace o', color for workspace: 3
2026-07-13T19:42:06+00:00 machine gtk-status-bar[1181]: 2026-07-13T19:42:06.863972Z DEBUG gtk_status_bar::widgets: Updated title widget color to: rgba(158, 206, 106, 0.5) for workspace: 3
2026-07-13T19:42:06+00:00 machine gtk-status-bar[1181]: 2026-07-13T19:42:06.979249Z  INFO gtk_status_bar::network: Network reachability probe completed target=198.51.100.1 success=false elapsed_ms=10
2026-07-13T19:42:06+00:00 machine gtk-status-bar[1181]: 2026-07-13T19:42:06.979297Z DEBUG gtk_status_bar::network: Sent network update label="\u{f091f} 28% \u{f0ac}"
2026-07-13T19:42:06+00:00 machine gtk-status-bar[1181]: 2026-07-13T19:42:06.979482Z DEBUG gtk_status_bar::widgets: Updating network label: 󰤟 28% 
2026-07-13T19:42:07+00:00 machine gtk-status-bar[1181]: 2026-07-13T19:42:07.001464Z DEBUG gtk_status_bar::widgets: Updating time label:  7:42 PM
2026-07-13T19:42:07+00:00 machine gtk-status-bar[1181]: 2026-07-13T19:42:07.067270Z DEBUG gtk_status_bar::hypr: Handling workspace change event
2026-07-13T19:42:07+00:00 machine gtk-status-bar[1181]: 2026-07-13T19:42:07.067333Z DEBUG gtk_status_bar::hypr: Workspace changed to: Workspace p
2026-07-13T19:42:07+00:00 machine gtk-status-bar[1181]: 2026-07-13T19:42:07.067877Z DEBUG gtk_status_bar::widgets: Updating workspace - label: 'Workspace p', color for workspace: 4
2026-07-13T19:42:07+00:00 machine gtk-status-bar[1181]: 2026-07-13T19:42:07.068083Z DEBUG gtk_status_bar::widgets: Updated title widget color to: rgba(187, 154, 247, 0.5) for workspace: 4
2026-07-13T19:42:07+00:00 machine gtk-status-bar[1181]: 2026-07-13T19:42:07.276949Z DEBUG gtk_status_bar::hypr: Handling workspace change event
2026-07-13T19:42:07+00:00 machine gtk-status-bar[1181]: 2026-07-13T19:42:07.276986Z DEBUG gtk_status_bar::hypr: Workspace changed to: Workspace j
2026-07-13T19:42:07+00:00 machine gtk-status-bar[1181]: 2026-07-13T19:42:07.277631Z DEBUG gtk_status_bar::widgets: Updating workspace - label: 'Workspace j', color for workspace: 5
2026-07-13T19:42:07+00:00 machine gtk-status-bar[1181]: 2026-07-13T19:42:07.277879Z DEBUG gtk_status_bar::widgets: Updated title widget color to: rgba(247, 118, 142, 0.5) for workspace: 5
2026-07-13T19:42:07+00:00 machine gtk-status-bar[1181]: 2026-07-13T19:42:07.473963Z DEBUG gtk_status_bar::hypr: Handling workspace change event
2026-07-13T19:42:07+00:00 machine gtk-status-bar[1181]: 2026-07-13T19:42:07.474003Z DEBUG gtk_status_bar::hypr: Workspace changed to: Workspace c
2026-07-13T19:42:07+00:00 machine gtk-status-bar[1181]: 2026-07-13T19:42:07.475093Z DEBUG gtk_status_bar::widgets: Updating workspace - label: 'Workspace c', color for workspace: 10
2026-07-13T19:42:07+00:00 machine gtk-status-bar[1181]: 2026-07-13T19:42:07.475423Z DEBUG gtk_status_bar::widgets: Updated title widget color to: rgba(13, 185, 215, 0.5) for workspace: 10
2026-07-13T19:42:07+00:00 machine gtk-status-bar[1181]: 2026-07-13T19:42:07.517979Z  INFO gtk_status_bar::network: Network reachability probe completed target=192.0.2.1 success=true elapsed_ms=9
2026-07-13T19:42:07+00:00 machine gtk-status-bar[1181]: 2026-07-13T19:42:07.518021Z DEBUG gtk_status_bar::network: Sent network update label="\u{f091f} 28% \u{f0ac}"
2026-07-13T19:42:07+00:00 machine gtk-status-bar[1181]: 2026-07-13T19:42:07.518168Z DEBUG gtk_status_bar::widgets: Updating network label: 󰤟 28% 
2026-07-13T19:42:08+00:00 machine gtk-status-bar[1181]: 2026-07-13T19:42:08.001876Z DEBUG gtk_status_bar::widgets: Updating time label:  7:42 PM
2026-07-13T19:42:08+00:00 machine gtk-status-bar[1181]: 2026-07-13T19:42:08.052499Z  INFO gtk_status_bar::network: Network reachability probe completed target=198.51.100.1 success=false elapsed_ms=14
2026-07-13T19:42:08+00:00 machine gtk-status-bar[1181]: 2026-07-13T19:42:08.052585Z DEBUG gtk_status_bar::network: Sent network update label="\u{f091f} 28% \u{f0ac}"
2026-07-13T19:42:08+00:00 machine gtk-status-bar[1181]: 2026-07-13T19:42:08.053185Z DEBUG gtk_status_bar::widgets: Updating network label: 󰤟 28% 
2026-07-13T19:42:09+00:00 machine gtk-status-bar[1181]: 2026-07-13T19:42:09.002595Z DEBUG gtk_status_bar::widgets: Updating time label:  7:42 PM
2026-07-13T19:42:09+00:00 machine gtk-status-bar[1181]: 2026-07-13T19:42:09.233335Z  INFO gtk_status_bar::network: Network reachability probe completed target=192.0.2.1 success=true elapsed_ms=24
2026-07-13T19:42:09+00:00 machine gtk-status-bar[1181]: 2026-07-13T19:42:09.233422Z DEBUG gtk_status_bar::network: Sent network update label="\u{f091f} 28% \u{f0ac}"
2026-07-13T19:42:09+00:00 machine gtk-status-bar[1181]: 2026-07-13T19:42:09.234056Z DEBUG gtk_status_bar::widgets: Updating network label: 󰤟 28% 
2026-07-13T19:42:09+00:00 machine gtk-status-bar[1181]: 2026-07-13T19:42:09.474885Z  INFO gtk_status_bar::network: Network reachability probe completed target=198.51.100.1 success=false elapsed_ms=26
2026-07-13T19:42:09+00:00 machine gtk-status-bar[1181]: 2026-07-13T19:42:09.474976Z DEBUG gtk_status_bar::network: Sent network update label="\u{f091f} 28% \u{f0ac}"
2026-07-13T19:42:09+00:00 machine gtk-status-bar[1181]: 2026-07-13T19:42:09.475533Z DEBUG gtk_status_bar::widgets: Updating network label: 󰤟 28% 
2026-07-13T19:42:10+00:00 machine gtk-status-bar[1181]: 2026-07-13T19:42:10.001673Z DEBUG gtk_status_bar::widgets: Updating time label:  7:42 PM
2026-07-13T19:42:10+00:00 machine gtk-status-bar[1181]: 2026-07-13T19:42:10.101212Z DEBUG gtk_status_bar::hypr: Handling workspace change event
2026-07-13T19:42:10+00:00 machine gtk-status-bar[1181]: 2026-07-13T19:42:10.101242Z DEBUG gtk_status_bar::hypr: Workspace changed to: Workspace i
2026-07-13T19:42:10+00:00 machine gtk-status-bar[1181]: 2026-07-13T19:42:10.102234Z DEBUG gtk_status_bar::widgets: Updating workspace - label: 'Workspace i', color for workspace: 2
2026-07-13T19:42:10+00:00 machine gtk-status-bar[1181]: 2026-07-13T19:42:10.102650Z DEBUG gtk_status_bar::widgets: Updated title widget color to: rgba(125, 207, 255, 0.5) for workspace: 2
2026-07-13T19:42:10+00:00 machine gtk-status-bar[1181]: 2026-07-13T19:42:10.912902Z  INFO gtk_status_bar::network: Network reachability probe completed target=192.0.2.1 success=true elapsed_ms=12
2026-07-13T19:42:10+00:00 machine gtk-status-bar[1181]: 2026-07-13T19:42:10.912946Z DEBUG gtk_status_bar::network: Sent network update label="\u{f091f} 28% \u{f0ac}"
2026-07-13T19:42:10+00:00 machine gtk-status-bar[1181]: 2026-07-13T19:42:10.930173Z DEBUG gtk_status_bar::widgets: Updating network label: 󰤟 28% 
2026-07-13T19:42:11+00:00 machine gtk-status-bar[1181]: 2026-07-13T19:42:11.006286Z DEBUG gtk_status_bar::widgets: Updating time label:  7:42 PM
2026-07-13T19:42:11+00:00 machine gtk-status-bar[1181]: 2026-07-13T19:42:11.104514Z DEBUG gtk_status_bar::hypr: Handling title change event
2026-07-13T19:42:11+00:00 machine gtk-status-bar[1181]: 2026-07-13T19:42:11.105569Z DEBUG gtk_status_bar::hypr: No active client matches the title change event
2026-07-13T19:42:11+00:00 machine gtk-status-bar[1181]: 2026-07-13T19:42:11.145294Z DEBUG gtk_status_bar::hypr: Handling active window change event
2026-07-13T19:42:11+00:00 machine gtk-status-bar[1181]: 2026-07-13T19:42:11.145325Z DEBUG gtk_status_bar::hypr: Window data - class: 'kitty', title: 'kitty', address: '0x5d2f8fffa750'
2026-07-13T19:42:11+00:00 machine gtk-status-bar[1181]: 2026-07-13T19:42:11.145342Z DEBUG gtk_status_bar::hypr: Active window changed title="kitty" class="kitty"
2026-07-13T19:42:11+00:00 machine gtk-status-bar[1181]: 2026-07-13T19:42:11.145559Z DEBUG gtk_status_bar::widgets: Updating title widget title="kitty" class="kitty"
2026-07-13T19:42:11+00:00 machine gtk-status-bar[1181]: 2026-07-13T19:42:11.255752Z DEBUG gtk_status_bar::widgets: Resolved title icon from desktop application metadata class="kitty"
2026-07-13T19:42:11+00:00 machine gtk-status-bar[1181]: 2026-07-13T19:42:11.426727Z  INFO gtk_status_bar::network: Network reachability probe completed target=198.51.100.1 success=false elapsed_ms=15
2026-07-13T19:42:11+00:00 machine gtk-status-bar[1181]: 2026-07-13T19:42:11.426765Z DEBUG gtk_status_bar::network: Sent network update label="\u{f091f} 28% \u{f0ac}"
2026-07-13T19:42:11+00:00 machine gtk-status-bar[1181]: 2026-07-13T19:42:11.427139Z DEBUG gtk_status_bar::widgets: Updating network label: 󰤟 28% 
2026-07-13T19:42:11+00:00 machine gtk-status-bar[1181]: 2026-07-13T19:42:11.690463Z  INFO gtk_status_bar::network: Network reachability probe completed target=198.51.100.1 success=false elapsed_ms=12
2026-07-13T19:42:11+00:00 machine gtk-status-bar[1181]: 2026-07-13T19:42:11.690556Z DEBUG gtk_status_bar::network: Sent network update label="\u{f091f} 28% \u{f0ac}"
2026-07-13T19:42:11+00:00 machine gtk-status-bar[1181]: 2026-07-13T19:42:11.690754Z DEBUG gtk_status_bar::widgets: Updating network label: 󰤟 28% 
2026-07-13T19:42:11+00:00 machine gtk-status-bar[1181]: 2026-07-13T19:42:11.861114Z  INFO gtk_status_bar::network: Network reachability probe completed target=192.0.2.1 success=true elapsed_ms=19
2026-07-13T19:42:11+00:00 machine gtk-status-bar[1181]: 2026-07-13T19:42:11.861157Z DEBUG gtk_status_bar::network: Sent network update label="\u{f091f} 28% \u{f0ac}"
2026-07-13T19:42:11+00:00 machine gtk-status-bar[1181]: 2026-07-13T19:42:11.861897Z DEBUG gtk_status_bar::widgets: Updating network label: 󰤟 28% 
2026-07-13T19:42:12+00:00 machine gtk-status-bar[1181]: 2026-07-13T19:42:12.000801Z DEBUG gtk_status_bar::widgets: Updating time label:  7:42 PM
2026-07-13T19:42:12+00:00 machine gtk-status-bar[1181]: 2026-07-13T19:42:12.734837Z DEBUG gtk_status_bar::hypr: Handling title change event
2026-07-13T19:42:12+00:00 machine gtk-status-bar[1181]: 2026-07-13T19:42:12.750598Z DEBUG gtk_status_bar::hypr: Title changed title="bash" class="kitty"
2026-07-13T19:42:12+00:00 machine gtk-status-bar[1181]: 2026-07-13T19:42:12.750765Z DEBUG gtk_status_bar::hypr: Handling active window change event
2026-07-13T19:42:12+00:00 machine gtk-status-bar[1181]: 2026-07-13T19:42:12.750795Z DEBUG gtk_status_bar::hypr: Window data - class: 'kitty', title: 'bash', address: '0x5d2f8fffa750'
2026-07-13T19:42:12+00:00 machine gtk-status-bar[1181]: 2026-07-13T19:42:12.750822Z DEBUG gtk_status_bar::hypr: Active window changed title="bash" class="kitty"
2026-07-13T19:42:12+00:00 machine gtk-status-bar[1181]: 2026-07-13T19:42:12.750848Z DEBUG gtk_status_bar::widgets: Updating title widget title="bash" class="kitty"
2026-07-13T19:42:12+00:00 machine gtk-status-bar[1181]: 2026-07-13T19:42:12.750961Z DEBUG gtk_status_bar::widgets: Updating title widget title="bash" class="kitty"
2026-07-13T19:42:12+00:00 machine gtk-status-bar[1181]: 2026-07-13T19:42:12.790379Z DEBUG gtk_status_bar::hypr: Handling title change event
2026-07-13T19:42:12+00:00 machine gtk-status-bar[1181]: 2026-07-13T19:42:12.791211Z DEBUG gtk_status_bar::hypr: Title changed title="admin@machine: ~" class="kitty"
2026-07-13T19:42:12+00:00 machine gtk-status-bar[1181]: 2026-07-13T19:42:12.791244Z DEBUG gtk_status_bar::hypr: Handling active window change event
2026-07-13T19:42:12+00:00 machine gtk-status-bar[1181]: 2026-07-13T19:42:12.791265Z DEBUG gtk_status_bar::hypr: Window data - class: 'kitty', title: 'admin@machine: ~', address: '0x5d2f8fffa750'
2026-07-13T19:42:12+00:00 machine gtk-status-bar[1181]: 2026-07-13T19:42:12.791284Z DEBUG gtk_status_bar::hypr: Active window changed title="admin@machine: ~" class="kitty"
2026-07-13T19:42:12+00:00 machine gtk-status-bar[1181]: 2026-07-13T19:42:12.791475Z DEBUG gtk_status_bar::widgets: Updating title widget title="admin@machine: ~" class="kitty"
2026-07-13T19:42:12+00:00 machine gtk-status-bar[1181]: 2026-07-13T19:42:12.791558Z DEBUG gtk_status_bar::widgets: Updating title widget title="admin@machine: ~" class="kitty"
2026-07-13T19:42:13+00:00 machine gtk-status-bar[1181]: 2026-07-13T19:42:13.001873Z DEBUG gtk_status_bar::widgets: Updating time label:  7:42 PM
2026-07-13T19:42:13+00:00 machine gtk-status-bar[1181]: 2026-07-13T19:42:13.628423Z  INFO gtk_status_bar::network: Network reachability probe completed target=198.51.100.1 success=false elapsed_ms=26
2026-07-13T19:42:13+00:00 machine gtk-status-bar[1181]: 2026-07-13T19:42:13.628508Z DEBUG gtk_status_bar::network: Sent network update label="\u{f091f} 28% \u{f0ac}"
2026-07-13T19:42:13+00:00 machine gtk-status-bar[1181]: 2026-07-13T19:42:13.628980Z DEBUG gtk_status_bar::widgets: Updating network label: 󰤟 28% 
2026-07-13T19:42:14+00:00 machine gtk-status-bar[1181]: 2026-07-13T19:42:14.002231Z DEBUG gtk_status_bar::widgets: Updating time label:  7:42 PM
2026-07-13T19:42:14+00:00 machine gtk-status-bar[1181]: 2026-07-13T19:42:14.933421Z  INFO gtk_status_bar::network: Network reachability probe completed target=192.0.2.1 success=true elapsed_ms=22
2026-07-13T19:42:14+00:00 machine gtk-status-bar[1181]: 2026-07-13T19:42:14.933502Z DEBUG gtk_status_bar::network: Sent network update label="\u{f091f} 28% \u{f0ac}"
2026-07-13T19:42:14+00:00 machine gtk-status-bar[1181]: 2026-07-13T19:42:14.934115Z DEBUG gtk_status_bar::widgets: Updating network label: 󰤟 28% 
2026-07-13T19:42:15+00:00 machine gtk-status-bar[1181]: 2026-07-13T19:42:15.000761Z DEBUG gtk_status_bar::widgets: Updating time label:  7:42 PM
2026-07-13T19:42:15+00:00 machine gtk-status-bar[1181]: 2026-07-13T19:42:15.555583Z DEBUG gtk_status_bar::hypr: Handling title change event
2026-07-13T19:42:15+00:00 machine gtk-status-bar[1181]: 2026-07-13T19:42:15.569364Z DEBUG gtk_status_bar::hypr: Title changed title="kitten" class="kitty"
2026-07-13T19:42:15+00:00 machine gtk-status-bar[1181]: 2026-07-13T19:42:15.569418Z DEBUG gtk_status_bar::hypr: Handling active window change event
2026-07-13T19:42:15+00:00 machine gtk-status-bar[1181]: 2026-07-13T19:42:15.569433Z DEBUG gtk_status_bar::hypr: Window data - class: 'kitty', title: 'kitten', address: '0x5d2f8fffa750'
2026-07-13T19:42:15+00:00 machine gtk-status-bar[1181]: 2026-07-13T19:42:15.569448Z DEBUG gtk_status_bar::hypr: Active window changed title="kitten" class="kitty"
2026-07-13T19:42:15+00:00 machine gtk-status-bar[1181]: 2026-07-13T19:42:15.569543Z DEBUG gtk_status_bar::widgets: Updating title widget title="kitten" class="kitty"
2026-07-13T19:42:15+00:00 machine gtk-status-bar[1181]: 2026-07-13T19:42:15.569644Z DEBUG gtk_status_bar::widgets: Updating title widget title="kitten" class="kitty"
2026-07-13T19:42:15+00:00 machine gtk-status-bar[1181]: 2026-07-13T19:42:15.569648Z DEBUG gtk_status_bar::hypr: Handling title change event
2026-07-13T19:42:15+00:00 machine gtk-status-bar[1181]: 2026-07-13T19:42:15.600989Z DEBUG gtk_status_bar::hypr: Title changed title="Close OS window" class="kitty"
2026-07-13T19:42:15+00:00 machine gtk-status-bar[1181]: 2026-07-13T19:42:15.601063Z DEBUG gtk_status_bar::hypr: Handling active window change event
2026-07-13T19:42:15+00:00 machine gtk-status-bar[1181]: 2026-07-13T19:42:15.601080Z DEBUG gtk_status_bar::hypr: Window data - class: 'kitty', title: 'Close OS window', address: '0x5d2f8fffa750'
2026-07-13T19:42:15+00:00 machine gtk-status-bar[1181]: 2026-07-13T19:42:15.601096Z DEBUG gtk_status_bar::hypr: Active window changed title="Close OS window" class="kitty"
2026-07-13T19:42:15+00:00 machine gtk-status-bar[1181]: 2026-07-13T19:42:15.601310Z DEBUG gtk_status_bar::widgets: Updating title widget title="Close OS window" class="kitty"
2026-07-13T19:42:15+00:00 machine gtk-status-bar[1181]: 2026-07-13T19:42:15.601400Z DEBUG gtk_status_bar::widgets: Updating title widget title="Close OS window" class="kitty"
2026-07-13T19:42:15+00:00 machine gtk-status-bar[1181]: 2026-07-13T19:42:15.825906Z  INFO gtk_status_bar::network: Network reachability probe completed target=198.51.100.1 success=false elapsed_ms=9
2026-07-13T19:42:15+00:00 machine gtk-status-bar[1181]: 2026-07-13T19:42:15.825961Z DEBUG gtk_status_bar::network: Sent network update label="\u{f091f} 28% \u{f0ac}"
2026-07-13T19:42:15+00:00 machine gtk-status-bar[1181]: 2026-07-13T19:42:15.826118Z DEBUG gtk_status_bar::widgets: Updating network label: 󰤟 28% 
2026-07-13T19:42:16+00:00 machine gtk-status-bar[1181]: 2026-07-13T19:42:16.001284Z DEBUG gtk_status_bar::widgets: Updating time label:  7:42 PM
2026-07-13T19:42:16+00:00 machine gtk-status-bar[1181]: 2026-07-13T19:42:16.141492Z DEBUG gtk_status_bar::hypr: Handling title change event
2026-07-13T19:42:16+00:00 machine gtk-status-bar[1181]: 2026-07-13T19:42:16.142421Z DEBUG gtk_status_bar::hypr: No active client matches the title change event
2026-07-13T19:42:16+00:00 machine gtk-status-bar[1181]: 2026-07-13T19:42:16.193878Z DEBUG gtk_status_bar::hypr: Handling active window change event
2026-07-13T19:42:16+00:00 machine gtk-status-bar[1181]: 2026-07-13T19:42:16.193914Z DEBUG gtk_status_bar::hypr: Window data - class: 'kitty', title: 'hello', address: '0x5d2f91622980'
2026-07-13T19:42:16+00:00 machine gtk-status-bar[1181]: 2026-07-13T19:42:16.193936Z DEBUG gtk_status_bar::hypr: Active window changed title="hello" class="kitty"
2026-07-13T19:42:16+00:00 machine gtk-status-bar[1181]: 2026-07-13T19:42:16.223065Z DEBUG gtk_status_bar::widgets: Updating title widget title="hello" class="kitty"
2026-07-13T19:42:17+00:00 machine gtk-status-bar[1181]: 2026-07-13T19:42:17.000889Z DEBUG gtk_status_bar::widgets: Updating time label:  7:42 PM
2026-07-13T19:42:17+00:00 machine gtk-status-bar[1181]: 2026-07-13T19:42:17.061607Z  INFO gtk_status_bar::network: Network reachability probe completed target=192.0.2.1 success=true elapsed_ms=22
2026-07-13T19:42:17+00:00 machine gtk-status-bar[1181]: 2026-07-13T19:42:17.061841Z DEBUG gtk_status_bar::network: Sent network update label="\u{f091f} 28% \u{f0ac}"
2026-07-13T19:42:17+00:00 machine gtk-status-bar[1181]: 2026-07-13T19:42:17.061990Z DEBUG gtk_status_bar::widgets: Updating network label: 󰤟 28% 
2026-07-13T19:42:17+00:00 machine gtk-status-bar[1181]: 2026-07-13T19:42:17.570776Z  INFO gtk_status_bar::network: Network reachability probe completed target=198.51.100.1 success=false elapsed_ms=18
2026-07-13T19:42:17+00:00 machine gtk-status-bar[1181]: 2026-07-13T19:42:17.570835Z DEBUG gtk_status_bar::network: Sent network update label="\u{f091f} 28% \u{f0ac}"
2026-07-13T19:42:17+00:00 machine gtk-status-bar[1181]: 2026-07-13T19:42:17.571014Z DEBUG gtk_status_bar::widgets: Updating network label: 󰤟 28% 
2026-07-13T19:42:18+00:00 machine gtk-status-bar[1181]: 2026-07-13T19:42:18.002254Z DEBUG gtk_status_bar::widgets: Updating time label:  7:42 PM
2026-07-13T19:42:18+00:00 machine gtk-status-bar[1181]: 2026-07-13T19:42:18.465376Z  INFO gtk_status_bar::network: Network reachability probe completed target=192.0.2.1 success=true elapsed_ms=25
2026-07-13T19:42:18+00:00 machine gtk-status-bar[1181]: 2026-07-13T19:42:18.465471Z DEBUG gtk_status_bar::network: Sent network update label="\u{f091f} 28% \u{f0ac}"
2026-07-13T19:42:18+00:00 machine gtk-status-bar[1181]: 2026-07-13T19:42:18.465952Z DEBUG gtk_status_bar::widgets: Updating network label: 󰤟 28% 
2026-07-13T19:42:18+00:00 machine gtk-status-bar[1181]: 2026-07-13T19:42:18.966227Z  INFO gtk_status_bar::network: Network reachability probe completed target=192.0.2.1 success=true elapsed_ms=24
2026-07-13T19:42:18+00:00 machine gtk-status-bar[1181]: 2026-07-13T19:42:18.966322Z DEBUG gtk_status_bar::network: Sent network update label="\u{f091f} 28% \u{f0ac}"
2026-07-13T19:42:18+00:00 machine gtk-status-bar[1181]: 2026-07-13T19:42:18.991865Z DEBUG gtk_status_bar::widgets: Updating network label: 󰤟 28% 
2026-07-13T19:42:19+00:00 machine gtk-status-bar[1181]: 2026-07-13T19:42:19.002502Z DEBUG gtk_status_bar::widgets: Updating time label:  7:42 PM
2026-07-13T19:42:19+00:00 machine gtk-status-bar[1181]: 2026-07-13T19:42:19.480897Z  INFO gtk_status_bar::network: Network reachability probe completed target=198.51.100.1 success=false elapsed_ms=20
2026-07-13T19:42:19+00:00 machine gtk-status-bar[1181]: 2026-07-13T19:42:19.486558Z DEBUG gtk_status_bar::network: Sent network update label="\u{f091f} 28% \u{f0ac}"
2026-07-13T19:42:19+00:00 machine gtk-status-bar[1181]: 2026-07-13T19:42:19.493905Z DEBUG gtk_status_bar::widgets: Updating network label: 󰤟 28% 
2026-07-13T19:42:20+00:00 machine gtk-status-bar[1181]: 2026-07-13T19:42:20.000878Z DEBUG gtk_status_bar::widgets: Updating time label:  7:42 PM
2026-07-13T19:42:20+00:00 machine gtk-status-bar[1181]: 2026-07-13T19:42:20.483352Z DEBUG gtk_status_bar::hypr: Handling title change event
2026-07-13T19:42:20+00:00 machine gtk-status-bar[1181]: 2026-07-13T19:42:20.492188Z DEBUG gtk_status_bar::hypr: No active client matches the title change event
2026-07-13T19:42:20+00:00 machine gtk-status-bar[1181]: 2026-07-13T19:42:20.521402Z DEBUG gtk_status_bar::hypr: Handling active window change event
2026-07-13T19:42:20+00:00 machine gtk-status-bar[1181]: 2026-07-13T19:42:20.521453Z DEBUG gtk_status_bar::hypr: Window data - class: 'kitty', title: 'AAAAAAAAAAAAAAAAAAAAAAAAAAAAAAAAAAAAAAAAAAAAAAAAAAAAAAAAAAAAAAAA', address: '0x5d2f8ffd7650'
2026-07-13T19:42:20+00:00 machine gtk-status-bar[1181]: 2026-07-13T19:42:20.521491Z DEBUG gtk_status_bar::hypr: Active window changed title="AAAAAAAAAAAAAAAAAAAAAAAAAAAAAAAAAAAAAAAAAAAAAAAAAAAAAAAAAAAAAAAA" class="kitty"
2026-07-13T19:42:20+00:00 machine gtk-status-bar[1181]: 2026-07-13T19:42:20.550881Z DEBUG gtk_status_bar::widgets: Updating title widget title="AAAAAAAAAAAAAAAAAAAAAAAAAAAAAAAAAAAAAAAAAAAAAAAAAAAAAAAAAAAAAAAA" class="kitty"
2026-07-13T19:42:21+00:00 machine gtk-status-bar[1181]: 2026-07-13T19:42:21.001800Z DEBUG gtk_status_bar::widgets: Updating time label:  7:42 PM
2026-07-13T19:42:21+00:00 machine gtk-status-bar[1181]: 2026-07-13T19:42:21.459202Z  INFO gtk_status_bar::network: Network reachability probe completed target=198.51.100.1 success=false elapsed_ms=23
2026-07-13T19:42:21+00:00 machine gtk-status-bar[1181]: 2026-07-13T19:42:21.459298Z DEBUG gtk_status_bar::network: Sent network update label="\u{f091f} 28% \u{f0ac}"
2026-07-13T19:42:21+00:00 machine gtk-status-bar[1181]: 2026-07-13T19:42:21.459936Z DEBUG gtk_status_bar::widgets: Updating network label: 󰤟 28% 
2026-07-13T19:42:22+00:00 machine gtk-status-bar[1181]: 2026-07-13T19:42:22.001866Z DEBUG gtk_status_bar::widgets: Updating time label:  7:42 PM
2026-07-13T19:42:22+00:00 machine gtk-status-bar[1181]: 2026-07-13T19:42:22.594214Z  INFO gtk_status_bar::network: Network reachability probe completed target=192.0.2.1 success=true elapsed_ms=21
2026-07-13T19:42:22+00:00 machine gtk-status-bar[1181]: 2026-07-13T19:42:22.594261Z DEBUG gtk_status_bar::network: Sent network update label="\u{f091f} 28% \u{f0ac}"
2026-07-13T19:42:22+00:00 machine gtk-status-bar[1181]: 2026-07-13T19:42:22.594459Z DEBUG gtk_status_bar::widgets: Updating network label: 󰤟 28% 
2026-07-13T19:42:23+00:00 machine gtk-status-bar[1181]: 2026-07-13T19:42:23.001644Z DEBUG gtk_status_bar::widgets: Updating time label:  7:42 PM
2026-07-13T19:42:24+00:00 machine gtk-status-bar[1181]: 2026-07-13T19:42:24.001966Z DEBUG gtk_status_bar::widgets: Updating time label:  7:42 PM
2026-07-13T19:42:24+00:00 machine gtk-status-bar[1181]: 2026-07-13T19:42:24.576279Z  INFO gtk_status_bar::network: Network reachability probe completed target=198.51.100.1 success=false elapsed_ms=15
2026-07-13T19:42:24+00:00 machine gtk-status-bar[1181]: 2026-07-13T19:42:24.576333Z DEBUG gtk_status_bar::network: Sent network update label="\u{f091f} 28% \u{f0ac}"
2026-07-13T19:42:24+00:00 machine gtk-status-bar[1181]: 2026-07-13T19:42:24.576493Z DEBUG gtk_status_bar::widgets: Updating network label: 󰤟 28% 
2026-07-13T19:42:24+00:00 machine gtk-status-bar[1181]: 2026-07-13T19:42:24.739019Z DEBUG gtk_status_bar::hypr: Handling title change event
2026-07-13T19:42:24+00:00 machine gtk-status-bar[1181]: 2026-07-13T19:42:24.739612Z DEBUG gtk_status_bar::hypr: No active client matches the title change event
2026-07-13T19:42:24+00:00 machine gtk-status-bar[1181]: 2026-07-13T19:42:24.780124Z DEBUG gtk_status_bar::hypr: Handling active window change event
2026-07-13T19:42:24+00:00 machine gtk-status-bar[1181]: 2026-07-13T19:42:24.780154Z DEBUG gtk_status_bar::hypr: Window data - class: 'kitty', title: '01234567890123456789012345678901234567890123456789012345678901234567890123456789', address: '0x5d2f911bae00'
2026-07-13T19:42:24+00:00 machine gtk-status-bar[1181]: 2026-07-13T19:42:24.780174Z DEBUG gtk_status_bar::hypr: Active window changed title="0123456789012345678901234567890…89012345678901234567890123456789" class="kitty"
2026-07-13T19:42:24+00:00 machine gtk-status-bar[1181]: 2026-07-13T19:42:24.780349Z DEBUG gtk_status_bar::widgets: Updating title widget title="0123456789012345678901234567890…89012345678901234567890123456789" class="kitty"
2026-07-13T19:42:25+00:00 machine gtk-status-bar[1181]: 2026-07-13T19:42:25.001571Z DEBUG gtk_status_bar::widgets: Updating time label:  7:42 PM
2026-07-13T19:42:25+00:00 machine gtk-status-bar[1181]: 2026-07-13T19:42:25.351298Z  INFO gtk_status_bar::network: Network reachability probe completed target=192.0.2.1 success=true elapsed_ms=15
2026-07-13T19:42:25+00:00 machine gtk-status-bar[1181]: 2026-07-13T19:42:25.351342Z DEBUG gtk_status_bar::network: Sent network update label="\u{f091f} 28% \u{f0ac}"
2026-07-13T19:42:25+00:00 machine gtk-status-bar[1181]: 2026-07-13T19:42:25.351525Z DEBUG gtk_status_bar::widgets: Updating network label: 󰤟 28% 
2026-07-13T19:42:26+00:00 machine gtk-status-bar[1181]: 2026-07-13T19:42:26.002060Z DEBUG gtk_status_bar::widgets: Updating time label:  7:42 PM
2026-07-13T19:42:27+00:00 machine gtk-status-bar[1181]: 2026-07-13T19:42:27.003028Z DEBUG gtk_status_bar::widgets: Updating time label:  7:42 PM
2026-07-13T19:42:27+00:00 machine gtk-status-bar[1181]: 2026-07-13T19:42:27.224188Z  INFO gtk_status_bar::network: Network reachability probe completed target=198.51.100.1 success=false elapsed_ms=22
2026-07-13T19:42:27+00:00 machine gtk-status-bar[1181]: 2026-07-13T19:42:27.224293Z DEBUG gtk_status_bar::network: Sent network update label="\u{f091f} 28% \u{f0ac}"
2026-07-13T19:42:27+00:00 machine gtk-status-bar[1181]: 2026-07-13T19:42:27.224488Z DEBUG gtk_status_bar::widgets: Updating network label: 󰤟 28% 
2026-07-13T19:42:28+00:00 machine gtk-status-bar[1181]: 2026-07-13T19:42:28.002149Z DEBUG gtk_status_bar::widgets: Updating time label:  7:42 PM
2026-07-13T19:42:28+00:00 machine gtk-status-bar[1181]: 2026-07-13T19:42:28.024544Z  INFO gtk_status_bar::network: Network reachability probe completed target=192.0.2.1 success=true elapsed_ms=10
2026-07-13T19:42:28+00:00 machine gtk-status-bar[1181]: 2026-07-13T19:42:28.024593Z DEBUG gtk_status_bar::network: Sent network update label="\u{f091f} 28% \u{f0ac}"
2026-07-13T19:42:28+00:00 machine gtk-status-bar[1181]: 2026-07-13T19:42:28.024896Z DEBUG gtk_status_bar::widgets: Updating network label: 󰤟 28% 
2026-07-13T19:42:28+00:00 machine gtk-status-bar[1181]: 2026-07-13T19:42:28.619842Z  INFO gtk_status_bar::network: Network reachability probe completed target=198.51.100.1 success=false elapsed_ms=11
2026-07-13T19:42:28+00:00 machine gtk-status-bar[1181]: 2026-07-13T19:42:28.619888Z DEBUG gtk_status_bar::network: Sent network update label="\u{f091f} 28% \u{f0ac}"
2026-07-13T19:42:28+00:00 machine gtk-status-bar[1181]: 2026-07-13T19:42:28.620065Z DEBUG gtk_status_bar::widgets: Updating network label: 󰤟 28% 
2026-07-13T19:42:28+00:00 machine gtk-status-bar[1181]: 2026-07-13T19:42:28.853366Z  INFO gtk_status_bar::network: Network reachability probe completed target=192.0.2.1 success=true elapsed_ms=12
2026-07-13T19:42:28+00:00 machine gtk-status-bar[1181]: 2026-07-13T19:42:28.853410Z DEBUG gtk_status_bar::network: Sent network update label="\u{f091f} 28% \u{f0ac}"
2026-07-13T19:42:28+00:00 machine gtk-status-bar[1181]: 2026-07-13T19:42:28.853530Z DEBUG gtk_status_bar::widgets: Updating network label: 󰤟 28% 
2026-07-13T19:42:28+00:00 machine gtk-status-bar[1181]: 2026-07-13T19:42:28.941852Z DEBUG gtk_status_bar::hypr: Handling title change event
2026-07-13T19:42:28+00:00 machine gtk-status-bar[1181]: 2026-07-13T19:42:28.942159Z DEBUG gtk_status_bar::hypr: No active client matches the title change event
2026-07-13T19:42:28+00:00 machine gtk-status-bar[1181]: 2026-07-13T19:42:28.983195Z DEBUG gtk_status_bar::hypr: Handling active window change event
2026-07-13T19:42:28+00:00 machine gtk-status-bar[1181]: 2026-07-13T19:42:28.983231Z DEBUG gtk_status_bar::hypr: Window data - class: 'kitty', title: '界🙂界🙂界🙂界🙂界🙂界🙂界🙂界🙂界🙂界🙂界🙂界🙂界🙂界🙂界🙂界🙂界🙂界🙂界🙂界🙂界🙂界🙂界🙂界🙂界🙂界🙂界🙂界🙂界🙂界🙂界🙂界🙂界🙂界🙂界🙂界🙂界🙂界🙂界🙂界🙂', address: '0x5d2f911b8b90'
2026-07-13T19:42:28+00:00 machine gtk-status-bar[1181]: 2026-07-13T19:42:28.983265Z DEBUG gtk_status_bar::hypr: Active window changed title="界🙂界🙂界🙂界🙂界🙂界🙂界🙂界🙂界🙂界🙂界🙂界🙂界🙂界🙂界🙂界…界🙂界🙂界🙂界🙂界🙂界🙂界🙂界🙂界🙂界🙂界🙂界🙂界🙂界🙂界🙂界🙂" class="kitty"
2026-07-13T19:42:29+00:00 machine gtk-status-bar[1181]: 2026-07-13T19:42:28.983841Z DEBUG gtk_status_bar::widgets: Updating title widget title="界🙂界🙂界🙂界🙂界🙂界🙂界🙂界🙂界🙂界🙂界🙂界🙂界🙂界🙂界🙂界…界🙂界🙂界🙂界🙂界🙂界🙂界🙂界🙂界🙂界🙂界🙂界🙂界🙂界🙂界🙂界🙂" class="kitty"
2026-07-13T19:42:29+00:00 machine gtk-status-bar[1181]: 2026-07-13T19:42:29.044746Z DEBUG gtk_status_bar::widgets: Updating time label:  7:42 PM
2026-07-13T19:42:30+00:00 machine gtk-status-bar[1181]: 2026-07-13T19:42:30.002279Z DEBUG gtk_status_bar::widgets: Updating time label:  7:42 PM
2026-07-13T19:42:30+00:00 machine gtk-status-bar[1181]: 2026-07-13T19:42:30.554901Z  INFO gtk_status_bar::network: Network reachability probe completed target=192.0.2.1 success=true elapsed_ms=23
2026-07-13T19:42:30+00:00 machine gtk-status-bar[1181]: 2026-07-13T19:42:30.554982Z DEBUG gtk_status_bar::network: Sent network update label="\u{f091f} 28% \u{f0ac}"
2026-07-13T19:42:30+00:00 machine gtk-status-bar[1181]: 2026-07-13T19:42:30.555359Z DEBUG gtk_status_bar::widgets: Updating network label: 󰤟 28% 
2026-07-13T19:42:31+00:00 machine gtk-status-bar[1181]: 2026-07-13T19:42:31.001902Z DEBUG gtk_status_bar::widgets: Updating time label:  7:42 PM
2026-07-13T19:42:31+00:00 machine gtk-status-bar[1181]: 2026-07-13T19:42:31.363044Z  INFO gtk_status_bar::network: Network reachability probe completed target=198.51.100.1 success=false elapsed_ms=25
2026-07-13T19:42:31+00:00 machine gtk-status-bar[1181]: 2026-07-13T19:42:31.363095Z DEBUG gtk_status_bar::network: Sent network update label="\u{f091f} 28% \u{f0ac}"
2026-07-13T19:42:31+00:00 machine gtk-status-bar[1181]: 2026-07-13T19:42:31.363289Z DEBUG gtk_status_bar::widgets: Updating network label: 󰤟 28% 
2026-07-13T19:42:32+00:00 machine gtk-status-bar[1181]: 2026-07-13T19:42:32.002192Z DEBUG gtk_status_bar::widgets: Updating time label:  7:42 PM
2026-07-13T19:42:32+00:00 machine gtk-status-bar[1181]: 2026-07-13T19:42:32.286355Z  INFO gtk_status_bar::network: Network reachability probe completed target=192.0.2.1 success=true elapsed_ms=9
2026-07-13T19:42:32+00:00 machine gtk-status-bar[1181]: 2026-07-13T19:42:32.286416Z DEBUG gtk_status_bar::network: Sent network update label="\u{f091f} 28% \u{f0ac}"
2026-07-13T19:42:32+00:00 machine gtk-status-bar[1181]: 2026-07-13T19:42:32.286592Z DEBUG gtk_status_bar::widgets: Updating network label: 󰤟 28% 
2026-07-13T19:42:32+00:00 machine gtk-status-bar[1181]: 2026-07-13T19:42:32.546589Z DEBUG gtk_status_bar::hypr: Handling workspace change event
2026-07-13T19:42:32+00:00 machine gtk-status-bar[1181]: 2026-07-13T19:42:32.546650Z DEBUG gtk_status_bar::hypr: Workspace changed to: Workspace u
2026-07-13T19:42:32+00:00 machine gtk-status-bar[1181]: 2026-07-13T19:42:32.546673Z DEBUG gtk_status_bar::hypr: Handling active window change event
2026-07-13T19:42:32+00:00 machine gtk-status-bar[1181]: 2026-07-13T19:42:32.546737Z DEBUG gtk_status_bar::hypr: No active window (window_data is None)
2026-07-13T19:42:32+00:00 machine gtk-status-bar[1181]: 2026-07-13T19:42:32.546763Z DEBUG gtk_status_bar::hypr: Active window changed title="" class=""
2026-07-13T19:42:32+00:00 machine gtk-status-bar[1181]: 2026-07-13T19:42:32.547049Z DEBUG gtk_status_bar::widgets: Updating workspace - label: 'Workspace u', color for workspace: 1
2026-07-13T19:42:32+00:00 machine gtk-status-bar[1181]: 2026-07-13T19:42:32.547184Z DEBUG gtk_status_bar::widgets: Updated title widget color to: rgba(122, 162, 247, 0.5) for workspace: 1
2026-07-13T19:42:32+00:00 machine gtk-status-bar[1181]: 2026-07-13T19:42:32.547238Z DEBUG gtk_status_bar::widgets: Updating title widget title="" class=""
2026-07-13T19:42:32+00:00 machine gtk-status-bar[1181]: 2026-07-13T19:42:32.883044Z  INFO gtk_status_bar::network: Network reachability probe completed target=198.51.100.1 success=false elapsed_ms=27
2026-07-13T19:42:32+00:00 machine gtk-status-bar[1181]: 2026-07-13T19:42:32.883122Z DEBUG gtk_status_bar::network: Sent network update label="\u{f091f} 28% \u{f0ac}"
2026-07-13T19:42:32+00:00 machine gtk-status-bar[1181]: 2026-07-13T19:42:32.883265Z DEBUG gtk_status_bar::widgets: Updating network label: 󰤟 28% 
2026-07-13T19:42:33+00:00 machine gtk-status-bar[1181]: 2026-07-13T19:42:33.001071Z DEBUG gtk_status_bar::widgets: Updating time label:  7:42 PM
2026-07-13T19:42:34+00:00 machine gtk-status-bar[1181]: 2026-07-13T19:42:34.003161Z DEBUG gtk_status_bar::widgets: Updating time label:  7:42 PM
2026-07-13T19:42:34+00:00 machine gtk-status-bar[1181]: 2026-07-13T19:42:34.678343Z  INFO gtk_status_bar::network: Network reachability probe completed target=192.0.2.1 success=true elapsed_ms=18
2026-07-13T19:42:34+00:00 machine gtk-status-bar[1181]: 2026-07-13T19:42:34.678387Z DEBUG gtk_status_bar::network: Sent network update label="\u{f091f} 28% \u{f0ac}"
2026-07-13T19:42:34+00:00 machine gtk-status-bar[1181]: 2026-07-13T19:42:34.678919Z DEBUG gtk_status_bar::widgets: Updating network label: 󰤟 28% 
2026-07-13T19:42:34+00:00 machine gtk-status-bar[1181]: 2026-07-13T19:42:34.951532Z DEBUG gtk_status_bar::hypr: Handling active window change event
2026-07-13T19:42:34+00:00 machine gtk-status-bar[1181]: 2026-07-13T19:42:34.951561Z DEBUG gtk_status_bar::hypr: Window data - class: 'kitty', title: '界🙂界🙂界🙂界🙂界🙂界🙂界🙂界🙂界🙂界🙂界🙂界🙂界🙂界🙂界🙂界🙂界🙂界🙂界🙂界🙂界🙂界🙂界🙂界🙂界🙂界🙂界🙂界🙂界🙂界🙂界🙂界🙂界🙂界🙂界🙂界🙂界🙂界🙂界🙂界🙂', address: '0x5d2f911b8b90'
2026-07-13T19:42:34+00:00 machine gtk-status-bar[1181]: 2026-07-13T19:42:34.951607Z DEBUG gtk_status_bar::hypr: Handling workspace change event
2026-07-13T19:42:34+00:00 machine gtk-status-bar[1181]: 2026-07-13T19:42:34.951629Z DEBUG gtk_status_bar::hypr: Workspace changed to: Workspace i
2026-07-13T19:42:34+00:00 machine gtk-status-bar[1181]: 2026-07-13T19:42:34.951588Z DEBUG gtk_status_bar::hypr: Active window changed title="界🙂界🙂界🙂界🙂界🙂界🙂界🙂界🙂界🙂界🙂界🙂界🙂界🙂界🙂界🙂界…界🙂界🙂界🙂界🙂界🙂界🙂界🙂界🙂界🙂界🙂界🙂界🙂界🙂界🙂界🙂界🙂" class="kitty"
2026-07-13T19:42:34+00:00 machine gtk-status-bar[1181]: 2026-07-13T19:42:34.952084Z DEBUG gtk_status_bar::widgets: Updating workspace - label: 'Workspace i', color for workspace: 2
2026-07-13T19:42:34+00:00 machine gtk-status-bar[1181]: 2026-07-13T19:42:34.952284Z DEBUG gtk_status_bar::widgets: Updated title widget color to: rgba(125, 207, 255, 0.5) for workspace: 2
2026-07-13T19:42:34+00:00 machine gtk-status-bar[1181]: 2026-07-13T19:42:34.952345Z DEBUG gtk_status_bar::widgets: Updating title widget title="界🙂界🙂界🙂界🙂界🙂界🙂界🙂界🙂界🙂界🙂界🙂界🙂界🙂界🙂界🙂界…界🙂界🙂界🙂界🙂界🙂界🙂界🙂界🙂界🙂界🙂界🙂界🙂界🙂界🙂界🙂界🙂" class="kitty"
2026-07-13T19:42:34+00:00 machine gtk-status-bar[1181]: 2026-07-13T19:42:34.990072Z DEBUG gtk_status_bar::widgets: Resolved title icon from desktop application metadata class="kitty"
2026-07-13T19:42:35+00:00 machine gtk-status-bar[1181]: 2026-07-13T19:42:35.001531Z DEBUG gtk_status_bar::widgets: Updating time label:  7:42 PM
2026-07-13T19:42:35+00:00 machine gtk-status-bar[1181]: 2026-07-13T19:42:35.626116Z  INFO gtk_status_bar::network: Network reachability probe completed target=198.51.100.1 success=false elapsed_ms=28
2026-07-13T19:42:35+00:00 machine gtk-status-bar[1181]: 2026-07-13T19:42:35.626227Z DEBUG gtk_status_bar::network: Sent network update label="\u{f091f} 28% \u{f0ac}"
2026-07-13T19:42:35+00:00 machine gtk-status-bar[1181]: 2026-07-13T19:42:35.626701Z DEBUG gtk_status_bar::widgets: Updating network label: 󰤟 28% 
2026-07-13T19:42:36+00:00 machine gtk-status-bar[1181]: 2026-07-13T19:42:36.001393Z DEBUG gtk_status_bar::widgets: Updating time label:  7:42 PM
2026-07-13T19:42:37+00:00 machine gtk-status-bar[1181]: 2026-07-13T19:42:37.001353Z DEBUG gtk_status_bar::widgets: Updating time label:  7:42 PM
2026-07-13T19:42:37+00:00 machine gtk-status-bar[1181]: 2026-07-13T19:42:37.237599Z  INFO gtk_status_bar::network: Network reachability probe completed target=192.0.2.1 success=true elapsed_ms=11
2026-07-13T19:42:37+00:00 machine gtk-status-bar[1181]: 2026-07-13T19:42:37.237908Z DEBUG gtk_status_bar::network: Sent network update label="\u{f091f} 28% \u{f0ac}"
2026-07-13T19:42:37+00:00 machine gtk-status-bar[1181]: 2026-07-13T19:42:37.238002Z DEBUG gtk_status_bar::widgets: Updating network label: 󰤟 28% 
2026-07-13T19:42:38+00:00 machine gtk-status-bar[1181]: 2026-07-13T19:42:38.001291Z DEBUG gtk_status_bar::widgets: Updating time label:  7:42 PM
2026-07-13T19:42:39+00:00 machine gtk-status-bar[1181]: 2026-07-13T19:42:39.002290Z DEBUG gtk_status_bar::widgets: Updating time label:  7:42 PM
2026-07-13T19:42:39+00:00 machine gtk-status-bar[1181]: 2026-07-13T19:42:39.018235Z  INFO gtk_status_bar::network: Network reachability probe completed target=198.51.100.1 success=false elapsed_ms=27
2026-07-13T19:42:39+00:00 machine gtk-status-bar[1181]: 2026-07-13T19:42:39.018332Z DEBUG gtk_status_bar::network: Sent network update label="\u{f091f} 28% \u{f0ac}"
2026-07-13T19:42:39+00:00 machine gtk-status-bar[1181]: 2026-07-13T19:42:39.018880Z DEBUG gtk_status_bar::widgets: Updating network label: 󰤟 28% 
2026-07-13T19:42:39+00:00 machine gtk-status-bar[1181]: 2026-07-13T19:42:39.871004Z DEBUG gtk_status_bar::hypr: Handling title change event
2026-07-13T19:42:39+00:00 machine gtk-status-bar[1181]: 2026-07-13T19:42:39.871352Z DEBUG gtk_status_bar::hypr: No active client matches the title change event
2026-07-13T19:42:39+00:00 machine gtk-status-bar[1181]: 2026-07-13T19:42:39.929233Z DEBUG gtk_status_bar::hypr: Handling active window change event
2026-07-13T19:42:39+00:00 machine gtk-status-bar[1181]: 2026-07-13T19:42:39.929259Z DEBUG gtk_status_bar::hypr: Window data - class: 'kitty', title: 'Focus Left', address: '0x5d2f911b8450'
2026-07-13T19:42:39+00:00 machine gtk-status-bar[1181]: 2026-07-13T19:42:39.929275Z DEBUG gtk_status_bar::hypr: Active window changed title="Focus Left" class="kitty"
2026-07-13T19:42:39+00:00 machine gtk-status-bar[1181]: 2026-07-13T19:42:39.929455Z DEBUG gtk_status_bar::widgets: Updating title widget title="Focus Left" class="kitty"
2026-07-13T19:42:40+00:00 machine gtk-status-bar[1181]: 2026-07-13T19:42:40.000765Z DEBUG gtk_status_bar::widgets: Updating time label:  7:42 PM
2026-07-13T19:42:40+00:00 machine gtk-status-bar[1181]: 2026-07-13T19:42:40.465603Z  INFO gtk_status_bar::network: Network reachability probe completed target=192.0.2.1 success=true elapsed_ms=27
2026-07-13T19:42:40+00:00 machine gtk-status-bar[1181]: 2026-07-13T19:42:40.465663Z DEBUG gtk_status_bar::network: Sent network update label="\u{f091f} 28% \u{f0ac}"
2026-07-13T19:42:40+00:00 machine gtk-status-bar[1181]: 2026-07-13T19:42:40.465868Z DEBUG gtk_status_bar::widgets: Updating network label: 󰤟 28% 
2026-07-13T19:42:40+00:00 machine gtk-status-bar[1181]: 2026-07-13T19:42:40.618308Z  INFO gtk_status_bar::network: Network reachability probe completed target=198.51.100.1 success=false elapsed_ms=21
2026-07-13T19:42:40+00:00 machine gtk-status-bar[1181]: 2026-07-13T19:42:40.618393Z DEBUG gtk_status_bar::network: Sent network update label="\u{f091f} 28% \u{f0ac}"
2026-07-13T19:42:40+00:00 machine gtk-status-bar[1181]: 2026-07-13T19:42:40.618530Z DEBUG gtk_status_bar::widgets: Updating network label: 󰤟 28% 
2026-07-13T19:42:40+00:00 machine gtk-status-bar[1181]: 2026-07-13T19:42:40.760574Z  INFO gtk_status_bar::network: Network reachability probe completed target=192.0.2.1 success=true elapsed_ms=11
2026-07-13T19:42:40+00:00 machine gtk-status-bar[1181]: 2026-07-13T19:42:40.760619Z DEBUG gtk_status_bar::network: Sent network update label="\u{f091f} 28% \u{f0ac}"
2026-07-13T19:42:40+00:00 machine gtk-status-bar[1181]: 2026-07-13T19:42:40.760893Z DEBUG gtk_status_bar::widgets: Updating network label: 󰤟 28% 
2026-07-13T19:42:41+00:00 machine gtk-status-bar[1181]: 2026-07-13T19:42:41.001351Z DEBUG gtk_status_bar::widgets: Updating time label:  7:42 PM
2026-07-13T19:42:41+00:00 machine gtk-status-bar[1181]: 2026-07-13T19:42:41.534679Z  INFO gtk_status_bar::network: Network reachability probe completed target=198.51.100.1 success=false elapsed_ms=24
2026-07-13T19:42:41+00:00 machine gtk-status-bar[1181]: 2026-07-13T19:42:41.534913Z DEBUG gtk_status_bar::network: Sent network update label="\u{f091f} 28% \u{f0ac}"
2026-07-13T19:42:41+00:00 machine gtk-status-bar[1181]: 2026-07-13T19:42:41.535079Z DEBUG gtk_status_bar::widgets: Updating network label: 󰤟 28% 
2026-07-13T19:42:41+00:00 machine gtk-status-bar[1181]: 2026-07-13T19:42:41.747261Z DEBUG gtk_status_bar::hypr: Handling title change event
2026-07-13T19:42:41+00:00 machine gtk-status-bar[1181]: 2026-07-13T19:42:41.751172Z DEBUG gtk_status_bar::hypr: No active client matches the title change event
2026-07-13T19:42:41+00:00 machine gtk-status-bar[1181]: 2026-07-13T19:42:41.781413Z DEBUG gtk_status_bar::hypr: Handling active window change event
2026-07-13T19:42:41+00:00 machine gtk-status-bar[1181]: 2026-07-13T19:42:41.781442Z DEBUG gtk_status_bar::hypr: Window data - class: 'kitty', title: 'Focus Right', address: '0x5d2f91356a20'
2026-07-13T19:42:41+00:00 machine gtk-status-bar[1181]: 2026-07-13T19:42:41.781458Z DEBUG gtk_status_bar::hypr: Active window changed title="Focus Right" class="kitty"
2026-07-13T19:42:41+00:00 machine gtk-status-bar[1181]: 2026-07-13T19:42:41.797602Z DEBUG gtk_status_bar::widgets: Updating title widget title="Focus Right" class="kitty"
2026-07-13T19:42:42+00:00 machine gtk-status-bar[1181]: 2026-07-13T19:42:42.001211Z DEBUG gtk_status_bar::widgets: Updating time label:  7:42 PM
2026-07-13T19:42:42+00:00 machine gtk-status-bar[1181]: 2026-07-13T19:42:42.870479Z  INFO gtk_status_bar::network: Network reachability probe completed target=192.0.2.1 success=true elapsed_ms=11
2026-07-13T19:42:42+00:00 machine gtk-status-bar[1181]: 2026-07-13T19:42:42.870527Z DEBUG gtk_status_bar::network: Sent network update label="\u{f091f} 28% \u{f0ac}"
2026-07-13T19:42:42+00:00 machine gtk-status-bar[1181]: 2026-07-13T19:42:42.870842Z DEBUG gtk_status_bar::widgets: Updating network label: 󰤟 28% 
2026-07-13T19:42:42+00:00 machine gtk-status-bar[1181]: 2026-07-13T19:42:42.942439Z DEBUG gtk_status_bar::hypr: Handling active window change event
2026-07-13T19:42:42+00:00 machine gtk-status-bar[1181]: 2026-07-13T19:42:42.942467Z DEBUG gtk_status_bar::hypr: Window data - class: 'kitty', title: 'Focus Left', address: '0x5d2f911b8450'
2026-07-13T19:42:42+00:00 machine gtk-status-bar[1181]: 2026-07-13T19:42:42.942482Z DEBUG gtk_status_bar::hypr: Active window changed title="Focus Left" class="kitty"
2026-07-13T19:42:42+00:00 machine gtk-status-bar[1181]: 2026-07-13T19:42:42.952427Z DEBUG gtk_status_bar::widgets: Updating title widget title="Focus Left" class="kitty"
2026-07-13T19:42:43+00:00 machine gtk-status-bar[1181]: 2026-07-13T19:42:43.000627Z DEBUG gtk_status_bar::widgets: Updating time label:  7:42 PM
2026-07-13T19:42:43+00:00 machine gtk-status-bar[1181]: 2026-07-13T19:42:43.675048Z DEBUG gtk_status_bar::dbus: Got an event in event stream: Msg { type: Signal, serial: 77, sender: UniqueName(":1.6"), path: ObjectPath("/org/bluez/hci0"), iface: InterfaceName("org.freedesktop.DBus.Properties"), member: MemberName("PropertiesChanged"), body: Structure(Dynamic { fields: [Str, Dict { key: Dynamic { child: Str }, value: Dynamic { child: Variant } }, Array(Dynamic { child: Str })] }), fds: [] }
2026-07-13T19:42:43+00:00 machine gtk-status-bar[1181]: 2026-07-13T19:42:43.675178Z DEBUG gtk_status_bar::dbus: Dbus monitor: Received D-Bus message from path: Some(ObjectPath("/org/bluez/hci0")), interface: Some(InterfaceName("org.freedesktop.DBus.Properties")), member: Some(MemberName("PropertiesChanged"))
2026-07-13T19:42:43+00:00 machine gtk-status-bar[1181]: 2026-07-13T19:42:43.675231Z  INFO gtk_status_bar::dbus: Dbus monitor: Received signal
2026-07-13T19:42:43+00:00 machine gtk-status-bar[1181]: 2026-07-13T19:42:43.675282Z  INFO gtk_status_bar::dbus: Dbus monitor: Received PropertiesChanged signal
2026-07-13T19:42:43+00:00 machine gtk-status-bar[1181]: 2026-07-13T19:42:43.675373Z DEBUG gtk_status_bar::dbus: Dbus monitor: Ignored PropertiesChanged for interface: "org.bluez.Adapter1"
2026-07-13T19:42:44+00:00 machine gtk-status-bar[1181]: 2026-07-13T19:42:44.002453Z DEBUG gtk_status_bar::widgets: Updating time label:  7:42 PM
2026-07-13T19:42:44+00:00 machine gtk-status-bar[1181]: 2026-07-13T19:42:44.876100Z  INFO gtk_status_bar::network: Network reachability probe completed target=198.51.100.1 success=false elapsed_ms=26
2026-07-13T19:42:44+00:00 machine gtk-status-bar[1181]: 2026-07-13T19:42:44.876162Z DEBUG gtk_status_bar::network: Sent network update label="\u{f091f} 28% \u{f0ac}"
2026-07-13T19:42:44+00:00 machine gtk-status-bar[1181]: 2026-07-13T19:42:44.900079Z DEBUG gtk_status_bar::widgets: Updating network label: 󰤟 28% 
2026-07-13T19:42:45+00:00 machine gtk-status-bar[1181]: 2026-07-13T19:42:45.009615Z DEBUG gtk_status_bar::widgets: Updating time label:  7:42 PM
2026-07-13T19:42:45+00:00 machine gtk-status-bar[1181]: 2026-07-13T19:42:45.542916Z DEBUG gtk_status_bar::hypr: Handling active window change event
2026-07-13T19:42:45+00:00 machine gtk-status-bar[1181]: 2026-07-13T19:42:45.542955Z DEBUG gtk_status_bar::hypr: Window data - class: 'kitty', title: 'Focus Right', address: '0x5d2f91356a20'
2026-07-13T19:42:45+00:00 machine gtk-status-bar[1181]: 2026-07-13T19:42:45.542976Z DEBUG gtk_status_bar::hypr: Active window changed title="Focus Right" class="kitty"
2026-07-13T19:42:45+00:00 machine gtk-status-bar[1181]: 2026-07-13T19:42:45.544561Z DEBUG gtk_status_bar::widgets: Updating title widget title="Focus Right" class="kitty"
2026-07-13T19:42:46+00:00 machine gtk-status-bar[1181]: 2026-07-13T19:42:46.002069Z DEBUG gtk_status_bar::widgets: Updating time label:  7:42 PM
2026-07-13T19:42:46+00:00 machine gtk-status-bar[1181]: 2026-07-13T19:42:46.837591Z  INFO gtk_status_bar::network: Network reachability probe completed target=198.51.100.1 success=false elapsed_ms=22
2026-07-13T19:42:46+00:00 machine gtk-status-bar[1181]: 2026-07-13T19:42:46.837817Z DEBUG gtk_status_bar::network: Sent network update label="\u{f091f} 28% \u{f0ac}"
2026-07-13T19:42:46+00:00 machine gtk-status-bar[1181]: 2026-07-13T19:42:46.838139Z DEBUG gtk_status_bar::widgets: Updating network label: 󰤟 28% 
2026-07-13T19:42:47+00:00 machine gtk-status-bar[1181]: 2026-07-13T19:42:47.001278Z DEBUG gtk_status_bar::widgets: Updating time label:  7:42 PM
2026-07-13T19:42:47+00:00 machine gtk-status-bar[1181]: 2026-07-13T19:42:47.207053Z  INFO gtk_status_bar::network: Network reachability probe completed target=192.0.2.1 success=true elapsed_ms=24
2026-07-13T19:42:47+00:00 machine gtk-status-bar[1181]: 2026-07-13T19:42:47.207175Z DEBUG gtk_status_bar::network: Sent network update label="\u{f091f} 28% \u{f0ac}"
2026-07-13T19:42:47+00:00 machine gtk-status-bar[1181]: 2026-07-13T19:42:47.207629Z DEBUG gtk_status_bar::widgets: Updating network label: 󰤟 28% 
2026-07-13T19:42:47+00:00 machine gtk-status-bar[1181]: 2026-07-13T19:42:47.344100Z  INFO gtk_status_bar::network: Network reachability probe completed target=198.51.100.1 success=false elapsed_ms=24
2026-07-13T19:42:47+00:00 machine gtk-status-bar[1181]: 2026-07-13T19:42:47.344196Z DEBUG gtk_status_bar::network: Sent network update label="\u{f091f} 28% \u{f0ac}"
2026-07-13T19:42:47+00:00 machine gtk-status-bar[1181]: 2026-07-13T19:42:47.344683Z DEBUG gtk_status_bar::widgets: Updating network label: 󰤟 28% 
2026-07-13T19:42:48+00:00 machine gtk-status-bar[1181]: 2026-07-13T19:42:48.001163Z DEBUG gtk_status_bar::widgets: Updating time label:  7:42 PM
2026-07-13T19:42:49+00:00 machine gtk-status-bar[1181]: 2026-07-13T19:42:49.002057Z DEBUG gtk_status_bar::widgets: Updating time label:  7:42 PM
2026-07-13T19:42:49+00:00 machine gtk-status-bar[1181]: 2026-07-13T19:42:49.127015Z  INFO gtk_status_bar::network: Network reachability probe completed target=192.0.2.1 success=true elapsed_ms=22
2026-07-13T19:42:49+00:00 machine gtk-status-bar[1181]: 2026-07-13T19:42:49.127110Z DEBUG gtk_status_bar::network: Sent network update label="\u{f091f} 28% \u{f0ac}"
2026-07-13T19:42:49+00:00 machine gtk-status-bar[1181]: 2026-07-13T19:42:49.127535Z DEBUG gtk_status_bar::widgets: Updating network label: 󰤟 28% 
2026-07-13T19:42:50+00:00 machine gtk-status-bar[1181]: 2026-07-13T19:42:50.002903Z DEBUG gtk_status_bar::widgets: Updating time label:  7:42 PM
2026-07-13T19:42:50+00:00 machine gtk-status-bar[1181]: 2026-07-13T19:42:50.120650Z DEBUG gtk_status_bar::hypr: Handling active window change event
2026-07-13T19:42:50+00:00 machine gtk-status-bar[1181]: 2026-07-13T19:42:50.120755Z DEBUG gtk_status_bar::hypr: Window data - class: 'kitty', title: 'Close OS window', address: '0x5d2f8fffa750'
2026-07-13T19:42:50+00:00 machine gtk-status-bar[1181]: 2026-07-13T19:42:50.120980Z DEBUG gtk_status_bar::hypr: Active window changed title="Close OS window" class="kitty"
2026-07-13T19:42:50+00:00 machine gtk-status-bar[1181]: 2026-07-13T19:42:50.123130Z DEBUG gtk_status_bar::widgets: Updating title widget title="Close OS window" class="kitty"
2026-07-13T19:42:50+00:00 machine gtk-status-bar[1181]: 2026-07-13T19:42:50.696413Z  INFO gtk_status_bar::network: Network reachability probe completed target=192.0.2.1 success=true elapsed_ms=21
2026-07-13T19:42:50+00:00 machine gtk-status-bar[1181]: 2026-07-13T19:42:50.696528Z DEBUG gtk_status_bar::network: Sent network update label="\u{f091f} 28% \u{f0ac}"
2026-07-13T19:42:50+00:00 machine gtk-status-bar[1181]: 2026-07-13T19:42:50.697193Z DEBUG gtk_status_bar::widgets: Updating network label: 󰤟 28% 
2026-07-13T19:42:51+00:00 machine gtk-status-bar[1181]: 2026-07-13T19:42:51.004080Z DEBUG gtk_status_bar::widgets: Updating time label:  7:42 PM
2026-07-13T19:42:51+00:00 machine gtk-status-bar[1181]: 2026-07-13T19:42:51.716299Z  INFO gtk_status_bar::network: Network reachability probe completed target=198.51.100.1 success=false elapsed_ms=24
2026-07-13T19:42:51+00:00 machine gtk-status-bar[1181]: 2026-07-13T19:42:51.716392Z DEBUG gtk_status_bar::network: Sent network update label="\u{f091f} 28% \u{f0ac}"
2026-07-13T19:42:51+00:00 machine gtk-status-bar[1181]: 2026-07-13T19:42:51.716901Z DEBUG gtk_status_bar::widgets: Updating network label: 󰤟 28% 
2026-07-13T19:42:52+00:00 machine gtk-status-bar[1181]: 2026-07-13T19:42:52.002174Z DEBUG gtk_status_bar::widgets: Updating time label:  7:42 PM
2026-07-13T19:42:52+00:00 machine gtk-status-bar[1181]: 2026-07-13T19:42:52.910036Z DEBUG gtk_status_bar::dbus: Got an event in event stream: Msg { type: Signal, serial: 13, sender: UniqueName(":1.5"), path: ObjectPath("/org/freedesktop/UPower/devices/battery_BAT0"), iface: InterfaceName("org.freedesktop.DBus.Properties"), member: MemberName("PropertiesChanged"), body: Structure(Dynamic { fields: [Str, Dict { key: Dynamic { child: Str }, value: Dynamic { child: Variant } }, Array(Dynamic { child: Str })] }), fds: [] }
2026-07-13T19:42:52+00:00 machine gtk-status-bar[1181]: 2026-07-13T19:42:52.910210Z DEBUG gtk_status_bar::dbus: Dbus monitor: Received D-Bus message from path: Some(ObjectPath("/org/freedesktop/UPower/devices/battery_BAT0")), interface: Some(InterfaceName("org.freedesktop.DBus.Properties")), member: Some(MemberName("PropertiesChanged"))
2026-07-13T19:42:52+00:00 machine gtk-status-bar[1181]: 2026-07-13T19:42:52.910230Z  INFO gtk_status_bar::dbus: Dbus monitor: Received signal
2026-07-13T19:42:52+00:00 machine gtk-status-bar[1181]: 2026-07-13T19:42:52.910247Z  INFO gtk_status_bar::dbus: Dbus monitor: Received PropertiesChanged signal
2026-07-13T19:42:52+00:00 machine gtk-status-bar[1181]: 2026-07-13T19:42:52.910283Z DEBUG gtk_status_bar::dbus: Battery device properties contain no State property
2026-07-13T19:42:52+00:00 machine gtk-status-bar[1181]: 2026-07-13T19:42:52.910301Z  INFO gtk_status_bar::dbus: Battery percentage changed to 42.0%
2026-07-13T19:42:52+00:00 machine gtk-status-bar[1181]: 2026-07-13T19:42:52.910337Z DEBUG gtk_status_bar::dbus: Got an event in event stream: Msg { type: Signal, serial: 14, sender: UniqueName(":1.5"), path: ObjectPath("/org/freedesktop/UPower/devices/battery_BAT0"), iface: InterfaceName("org.freedesktop.DBus.Properties"), member: MemberName("PropertiesChanged"), body: Structure(Dynamic { fields: [Str, Dict { key: Dynamic { child: Str }, value: Dynamic { child: Variant } }, Array(Dynamic { child: Str })] }), fds: [] }
2026-07-13T19:42:52+00:00 machine gtk-status-bar[1181]: 2026-07-13T19:42:52.910360Z DEBUG gtk_status_bar::dbus: Dbus monitor: Received D-Bus message from path: Some(ObjectPath("/org/freedesktop/UPower/devices/battery_BAT0")), interface: Some(InterfaceName("org.freedesktop.DBus.Properties")), member: Some(MemberName("PropertiesChanged"))
2026-07-13T19:42:52+00:00 machine gtk-status-bar[1181]: 2026-07-13T19:42:52.910378Z  INFO gtk_status_bar::dbus: Dbus monitor: Received signal
2026-07-13T19:42:52+00:00 machine gtk-status-bar[1181]: 2026-07-13T19:42:52.910394Z  INFO gtk_status_bar::dbus: Dbus monitor: Received PropertiesChanged signal
2026-07-13T19:42:52+00:00 machine gtk-status-bar[1181]: 2026-07-13T19:42:52.910419Z  INFO gtk_status_bar::dbus: Battery is discharging (state: 2)
2026-07-13T19:42:52+00:00 machine gtk-status-bar[1181]: 2026-07-13T19:42:52.910436Z DEBUG gtk_status_bar::dbus: Battery device properties contain no Percentage property
2026-07-13T19:42:52+00:00 machine gtk-status-bar[1181]: 2026-07-13T19:42:52.910680Z DEBUG gtk_status_bar::widgets: Updating battery label: 🔋 42%
2026-07-13T19:42:52+00:00 machine gtk-status-bar[1181]: 2026-07-13T19:42:52.910936Z DEBUG gtk_status_bar::widgets: 👁️  SHOWING battery widget - data: 🔋 42%
2026-07-13T19:42:52+00:00 machine gtk-status-bar[1181]: 2026-07-13T19:42:52.910975Z DEBUG gtk_status_bar::widgets: Updating battery label: 🔋 42%
2026-07-13T19:42:52+00:00 machine gtk-status-bar[1181]: 2026-07-13T19:42:52.911016Z DEBUG gtk_status_bar::widgets: 👁️  SHOWING battery widget - data: 🔋 42%
2026-07-13T19:42:53+00:00 machine gtk-status-bar[1181]: 2026-07-13T19:42:53.000608Z DEBUG gtk_status_bar::widgets: Updating time label:  7:42 PM
2026-07-13T19:42:53+00:00 machine gtk-status-bar[1181]: 2026-07-13T19:42:53.167615Z  INFO gtk_status_bar::network: Network reachability probe completed target=198.51.100.1 success=false elapsed_ms=19
2026-07-13T19:42:53+00:00 machine gtk-status-bar[1181]: 2026-07-13T19:42:53.167806Z DEBUG gtk_status_bar::network: Sent network update label="\u{f091f} 28% \u{f0ac}"
2026-07-13T19:42:53+00:00 machine gtk-status-bar[1181]: 2026-07-13T19:42:53.171152Z DEBUG gtk_status_bar::widgets: Updating network label: 󰤟 28% 
2026-07-13T19:42:54+00:00 machine gtk-status-bar[1181]: 2026-07-13T19:42:54.002316Z DEBUG gtk_status_bar::widgets: Updating time label:  7:42 PM
2026-07-13T19:42:54+00:00 machine gtk-status-bar[1181]: 2026-07-13T19:42:54.199160Z  INFO gtk_status_bar::network: Network reachability probe completed target=192.0.2.1 success=true elapsed_ms=18
2026-07-13T19:42:54+00:00 machine gtk-status-bar[1181]: 2026-07-13T19:42:54.199248Z DEBUG gtk_status_bar::network: Sent network update label="\u{f091f} 28% \u{f0ac}"
2026-07-13T19:42:54+00:00 machine gtk-status-bar[1181]: 2026-07-13T19:42:54.199457Z DEBUG gtk_status_bar::widgets: Updating network label: 󰤟 28% 
2026-07-13T19:42:55+00:00 machine gtk-status-bar[1181]: 2026-07-13T19:42:55.001947Z DEBUG gtk_status_bar::widgets: Updating time label:  7:42 PM
2026-07-13T19:42:55+00:00 machine gtk-status-bar[1181]: 2026-07-13T19:42:55.631065Z DEBUG gtk_status_bar::dbus: Got an event in event stream: Msg { type: Signal, serial: 18, sender: UniqueName(":1.5"), path: ObjectPath("/org/freedesktop/UPower/devices/battery_BAT0"), iface: InterfaceName("org.freedesktop.DBus.Properties"), member: MemberName("PropertiesChanged"), body: Structure(Dynamic { fields: [Str, Dict { key: Dynamic { child: Str }, value: Dynamic { child: Variant } }, Array(Dynamic { child: Str })] }), fds: [] }
2026-07-13T19:42:55+00:00 machine gtk-status-bar[1181]: 2026-07-13T19:42:55.631117Z DEBUG gtk_status_bar::dbus: Dbus monitor: Received D-Bus message from path: Some(ObjectPath("/org/freedesktop/UPower/devices/battery_BAT0")), interface: Some(InterfaceName("org.freedesktop.DBus.Properties")), member: Some(MemberName("PropertiesChanged"))
2026-07-13T19:42:55+00:00 machine gtk-status-bar[1181]: 2026-07-13T19:42:55.631141Z  INFO gtk_status_bar::dbus: Dbus monitor: Received signal
2026-07-13T19:42:55+00:00 machine gtk-status-bar[1181]: 2026-07-13T19:42:55.631182Z  INFO gtk_status_bar::dbus: Dbus monitor: Received PropertiesChanged signal
2026-07-13T19:42:55+00:00 machine gtk-status-bar[1181]: 2026-07-13T19:42:55.631356Z  INFO gtk_status_bar::dbus: Battery is charging (state: 1)
2026-07-13T19:42:55+00:00 machine gtk-status-bar[1181]: 2026-07-13T19:42:55.631373Z DEBUG gtk_status_bar::dbus: Battery device properties contain no Percentage property
2026-07-13T19:42:55+00:00 machine gtk-status-bar[1181]: 2026-07-13T19:42:55.631867Z DEBUG gtk_status_bar::widgets: Updating battery label: ⚡ 42%
2026-07-13T19:42:55+00:00 machine gtk-status-bar[1181]: 2026-07-13T19:42:55.632015Z DEBUG gtk_status_bar::widgets: 👁️  SHOWING battery widget - data: ⚡ 42%
2026-07-13T19:42:56+00:00 machine gtk-status-bar[1181]: 2026-07-13T19:42:56.002279Z DEBUG gtk_status_bar::widgets: Updating time label:  7:42 PM
2026-07-13T19:42:56+00:00 machine gtk-status-bar[1181]: 2026-07-13T19:42:56.103679Z  INFO gtk_status_bar::network: Network reachability probe completed target=198.51.100.1 success=false elapsed_ms=19
2026-07-13T19:42:56+00:00 machine gtk-status-bar[1181]: 2026-07-13T19:42:56.103868Z DEBUG gtk_status_bar::network: Sent network update label="\u{f091f} 28% \u{f0ac}"
2026-07-13T19:42:56+00:00 machine gtk-status-bar[1181]: 2026-07-13T19:42:56.104030Z DEBUG gtk_status_bar::widgets: Updating network label: 󰤟 28% 
2026-07-13T19:42:56+00:00 machine gtk-status-bar[1181]: 2026-07-13T19:42:56.809224Z  INFO gtk_status_bar::network: Network reachability probe completed target=192.0.2.1 success=true elapsed_ms=17
2026-07-13T19:42:56+00:00 machine gtk-status-bar[1181]: 2026-07-13T19:42:56.809302Z DEBUG gtk_status_bar::network: Sent network update label="\u{f091f} 28% \u{f0ac}"
2026-07-13T19:42:56+00:00 machine gtk-status-bar[1181]: 2026-07-13T19:42:56.809457Z DEBUG gtk_status_bar::widgets: Updating network label: 󰤟 28% 
2026-07-13T19:42:57+00:00 machine gtk-status-bar[1181]: 2026-07-13T19:42:57.000885Z DEBUG gtk_status_bar::widgets: Updating time label:  7:42 PM
2026-07-13T19:42:58+00:00 machine gtk-status-bar[1181]: 2026-07-13T19:42:58.001959Z DEBUG gtk_status_bar::widgets: Updating time label:  7:42 PM
2026-07-13T19:42:58+00:00 machine gtk-status-bar[1181]: 2026-07-13T19:42:58.031803Z  INFO gtk_status_bar::network: Network reachability probe completed target=192.0.2.1 success=true elapsed_ms=8
2026-07-13T19:42:58+00:00 machine gtk-status-bar[1181]: 2026-07-13T19:42:58.031874Z DEBUG gtk_status_bar::network: Sent network update label="\u{f091f} 28% \u{f0ac}"
2026-07-13T19:42:58+00:00 machine gtk-status-bar[1181]: 2026-07-13T19:42:58.053853Z DEBUG gtk_status_bar::widgets: Updating network label: 󰤟 28% 
2026-07-13T19:42:58+00:00 machine gtk-status-bar[1181]: 2026-07-13T19:42:58.360145Z DEBUG gtk_status_bar::dbus: Got an event in event stream: Msg { type: Signal, serial: 22, sender: UniqueName(":1.5"), path: ObjectPath("/org/freedesktop/UPower/devices/battery_BAT0"), iface: InterfaceName("org.freedesktop.DBus.Properties"), member: MemberName("PropertiesChanged"), body: Structure(Dynamic { fields: [Str, Dict { key: Dynamic { child: Str }, value: Dynamic { child: Variant } }, Array(Dynamic { child: Str })] }), fds: [] }
2026-07-13T19:42:58+00:00 machine gtk-status-bar[1181]: 2026-07-13T19:42:58.360220Z DEBUG gtk_status_bar::dbus: Dbus monitor: Received D-Bus message from path: Some(ObjectPath("/org/freedesktop/UPower/devices/battery_BAT0")), interface: Some(InterfaceName("org.freedesktop.DBus.Properties")), member: Some(MemberName("PropertiesChanged"))
2026-07-13T19:42:58+00:00 machine gtk-status-bar[1181]: 2026-07-13T19:42:58.360260Z  INFO gtk_status_bar::dbus: Dbus monitor: Received signal
2026-07-13T19:42:58+00:00 machine gtk-status-bar[1181]: 2026-07-13T19:42:58.360296Z  INFO gtk_status_bar::dbus: Dbus monitor: Received PropertiesChanged signal
2026-07-13T19:42:58+00:00 machine gtk-status-bar[1181]: 2026-07-13T19:42:58.360357Z DEBUG gtk_status_bar::dbus: Battery device properties contain no State property
2026-07-13T19:42:58+00:00 machine gtk-status-bar[1181]: 2026-07-13T19:42:58.360397Z  INFO gtk_status_bar::dbus: Battery percentage changed to 20.0%
2026-07-13T19:42:58+00:00 machine gtk-status-bar[1181]: 2026-07-13T19:42:58.360467Z DEBUG gtk_status_bar::dbus: Got an event in event stream: Msg { type: Signal, serial: 23, sender: UniqueName(":1.5"), path: ObjectPath("/org/freedesktop/UPower/devices/battery_BAT0"), iface: InterfaceName("org.freedesktop.DBus.Properties"), member: MemberName("PropertiesChanged"), body: Structure(Dynamic { fields: [Str, Dict { key: Dynamic { child: Str }, value: Dynamic { child: Variant } }, Array(Dynamic { child: Str })] }), fds: [] }
2026-07-13T19:42:58+00:00 machine gtk-status-bar[1181]: 2026-07-13T19:42:58.360524Z DEBUG gtk_status_bar::dbus: Dbus monitor: Received D-Bus message from path: Some(ObjectPath("/org/freedesktop/UPower/devices/battery_BAT0")), interface: Some(InterfaceName("org.freedesktop.DBus.Properties")), member: Some(MemberName("PropertiesChanged"))
2026-07-13T19:42:58+00:00 machine gtk-status-bar[1181]: 2026-07-13T19:42:58.360568Z  INFO gtk_status_bar::dbus: Dbus monitor: Received signal
2026-07-13T19:42:58+00:00 machine gtk-status-bar[1181]: 2026-07-13T19:42:58.360607Z  INFO gtk_status_bar::dbus: Dbus monitor: Received PropertiesChanged signal
2026-07-13T19:42:58+00:00 machine gtk-status-bar[1181]: 2026-07-13T19:42:58.360661Z DEBUG gtk_status_bar::widgets: Updating battery label: ⚡ 20%
2026-07-13T19:42:58+00:00 machine gtk-status-bar[1181]: 2026-07-13T19:42:58.360678Z  INFO gtk_status_bar::dbus: Battery is discharging (state: 2)
2026-07-13T19:42:58+00:00 machine gtk-status-bar[1181]: 2026-07-13T19:42:58.360831Z DEBUG gtk_status_bar::dbus: Battery device properties contain no Percentage property
2026-07-13T19:42:58+00:00 machine gtk-status-bar[1181]: 2026-07-13T19:42:58.360806Z DEBUG gtk_status_bar::widgets: 👁️  SHOWING battery widget - data: ⚡ 20%
2026-07-13T19:42:58+00:00 machine gtk-status-bar[1181]: 2026-07-13T19:42:58.360895Z DEBUG gtk_status_bar::widgets: Updating battery label: 🪫 20%
2026-07-13T19:42:58+00:00 machine gtk-status-bar[1181]: 2026-07-13T19:42:58.360921Z DEBUG gtk_status_bar::widgets: 👁️  SHOWING battery widget - data: 🪫 20%
2026-07-13T19:42:59+00:00 machine gtk-status-bar[1181]: 2026-07-13T19:42:59.002056Z DEBUG gtk_status_bar::widgets: Updating time label:  7:42 PM
2026-07-13T19:42:59+00:00 machine gtk-status-bar[1181]: 2026-07-13T19:42:59.802083Z  INFO gtk_status_bar::network: Network reachability probe completed target=198.51.100.1 success=false elapsed_ms=21
2026-07-13T19:42:59+00:00 machine gtk-status-bar[1181]: 2026-07-13T19:42:59.802127Z DEBUG gtk_status_bar::network: Sent network update label="\u{f091f} 28% \u{f0ac}"
2026-07-13T19:42:59+00:00 machine gtk-status-bar[1181]: 2026-07-13T19:42:59.802319Z DEBUG gtk_status_bar::widgets: Updating network label: 󰤟 28% 
2026-07-13T19:43:00+00:00 machine gtk-status-bar[1181]: 2026-07-13T19:43:00.002071Z DEBUG gtk_status_bar::widgets: Updating time label:  7:43 PM
2026-07-13T19:43:00+00:00 machine gtk-status-bar[1181]: 2026-07-13T19:43:00.008597Z  INFO gtk_status_bar::network: Network reachability probe completed target=192.0.2.1 success=true elapsed_ms=25
2026-07-13T19:43:00+00:00 machine gtk-status-bar[1181]: 2026-07-13T19:43:00.008660Z DEBUG gtk_status_bar::network: Sent network update label="\u{f091f} 28% \u{f0ac}"
2026-07-13T19:43:00+00:00 machine gtk-status-bar[1181]: 2026-07-13T19:43:00.008955Z DEBUG gtk_status_bar::widgets: Updating network label: 󰤟 28% 
2026-07-13T19:43:00+00:00 machine gtk-status-bar[1181]: 2026-07-13T19:43:00.715940Z  INFO gtk_status_bar::network: Network reachability probe completed target=198.51.100.1 success=false elapsed_ms=10
2026-07-13T19:43:00+00:00 machine gtk-status-bar[1181]: 2026-07-13T19:43:00.715986Z DEBUG gtk_status_bar::network: Sent network update label="\u{f091f} 28% \u{f0ac}"
2026-07-13T19:43:00+00:00 machine gtk-status-bar[1181]: 2026-07-13T19:43:00.716130Z DEBUG gtk_status_bar::widgets: Updating network label: 󰤟 28% 
2026-07-13T19:43:00+00:00 machine gtk-status-bar[1181]: 2026-07-13T19:43:00.908346Z  INFO gtk_status_bar::network: Network reachability probe completed target=198.51.100.1 success=false elapsed_ms=13
2026-07-13T19:43:00+00:00 machine gtk-status-bar[1181]: 2026-07-13T19:43:00.908396Z DEBUG gtk_status_bar::network: Sent network update label="\u{f091f} 28% \u{f0ac}"
2026-07-13T19:43:00+00:00 machine gtk-status-bar[1181]: 2026-07-13T19:43:00.908658Z DEBUG gtk_status_bar::widgets: Updating network label: 󰤟 28% 
2026-07-13T19:43:01+00:00 machine gtk-status-bar[1181]: 2026-07-13T19:43:01.001571Z DEBUG gtk_status_bar::widgets: Updating time label:  7:43 PM
2026-07-13T19:43:01+00:00 machine gtk-status-bar[1181]: 2026-07-13T19:43:01.024851Z  INFO gtk_status_bar::network: Network reachability probe completed target=192.0.2.1 success=true elapsed_ms=12
2026-07-13T19:43:01+00:00 machine gtk-status-bar[1181]: 2026-07-13T19:43:01.024892Z DEBUG gtk_status_bar::network: Sent network update label="\u{f091f} 28% \u{f0ac}"
2026-07-13T19:43:01+00:00 machine gtk-status-bar[1181]: 2026-07-13T19:43:01.025096Z DEBUG gtk_status_bar::widgets: Updating network label: 󰤟 28% 
2026-07-13T19:43:01+00:00 machine gtk-status-bar[1181]: 2026-07-13T19:43:01.156297Z DEBUG gtk_status_bar::dbus: Got an event in event stream: Msg { type: Signal, serial: 27, sender: UniqueName(":1.5"), path: ObjectPath("/org/freedesktop/UPower/devices/battery_BAT0"), iface: InterfaceName("org.freedesktop.DBus.Properties"), member: MemberName("PropertiesChanged"), body: Structure(Dynamic { fields: [Str, Dict { key: Dynamic { child: Str }, value: Dynamic { child: Variant } }, Array(Dynamic { child: Str })] }), fds: [] }
2026-07-13T19:43:01+00:00 machine gtk-status-bar[1181]: 2026-07-13T19:43:01.156348Z DEBUG gtk_status_bar::dbus: Dbus monitor: Received D-Bus message from path: Some(ObjectPath("/org/freedesktop/UPower/devices/battery_BAT0")), interface: Some(InterfaceName("org.freedesktop.DBus.Properties")), member: Some(MemberName("PropertiesChanged"))
2026-07-13T19:43:01+00:00 machine gtk-status-bar[1181]: 2026-07-13T19:43:01.156370Z  INFO gtk_status_bar::dbus: Dbus monitor: Received signal
2026-07-13T19:43:01+00:00 machine gtk-status-bar[1181]: 2026-07-13T19:43:01.156388Z  INFO gtk_status_bar::dbus: Dbus monitor: Received PropertiesChanged signal
2026-07-13T19:43:01+00:00 machine gtk-status-bar[1181]: 2026-07-13T19:43:01.156426Z DEBUG gtk_status_bar::dbus: Battery device properties contain no State property
2026-07-13T19:43:01+00:00 machine gtk-status-bar[1181]: 2026-07-13T19:43:01.156445Z  INFO gtk_status_bar::dbus: Battery percentage changed to 100.0%
2026-07-13T19:43:01+00:00 machine gtk-status-bar[1181]: 2026-07-13T19:43:01.156480Z DEBUG gtk_status_bar::dbus: Got an event in event stream: Msg { type: Signal, serial: 28, sender: UniqueName(":1.5"), path: ObjectPath("/org/freedesktop/UPower/devices/battery_BAT0"), iface: InterfaceName("org.freedesktop.DBus.Properties"), member: MemberName("PropertiesChanged"), body: Structure(Dynamic { fields: [Str, Dict { key: Dynamic { child: Str }, value: Dynamic { child: Variant } }, Array(Dynamic { child: Str })] }), fds: [] }
2026-07-13T19:43:01+00:00 machine gtk-status-bar[1181]: 2026-07-13T19:43:01.156502Z DEBUG gtk_status_bar::dbus: Dbus monitor: Received D-Bus message from path: Some(ObjectPath("/org/freedesktop/UPower/devices/battery_BAT0")), interface: Some(InterfaceName("org.freedesktop.DBus.Properties")), member: Some(MemberName("PropertiesChanged"))
2026-07-13T19:43:01+00:00 machine gtk-status-bar[1181]: 2026-07-13T19:43:01.156522Z  INFO gtk_status_bar::dbus: Dbus monitor: Received signal
2026-07-13T19:43:01+00:00 machine gtk-status-bar[1181]: 2026-07-13T19:43:01.156539Z  INFO gtk_status_bar::dbus: Dbus monitor: Received PropertiesChanged signal
2026-07-13T19:43:01+00:00 machine gtk-status-bar[1181]: 2026-07-13T19:43:01.156564Z  INFO gtk_status_bar::dbus: Battery is fully charged (state: 4)
2026-07-13T19:43:01+00:00 machine gtk-status-bar[1181]: 2026-07-13T19:43:01.156583Z DEBUG gtk_status_bar::dbus: Battery device properties contain no Percentage property
2026-07-13T19:43:01+00:00 machine gtk-status-bar[1181]: 2026-07-13T19:43:01.156760Z DEBUG gtk_status_bar::widgets: Updating battery label: 🔋 100%
2026-07-13T19:43:01+00:00 machine gtk-status-bar[1181]: 2026-07-13T19:43:01.156877Z DEBUG gtk_status_bar::widgets: 👁️  SHOWING battery widget - data: 🔋 100%
2026-07-13T19:43:01+00:00 machine gtk-status-bar[1181]: 2026-07-13T19:43:01.156900Z DEBUG gtk_status_bar::widgets: Updating battery label: 🔌 100%
2026-07-13T19:43:01+00:00 machine gtk-status-bar[1181]: 2026-07-13T19:43:01.156929Z DEBUG gtk_status_bar::widgets: 👁️  SHOWING battery widget - data: 🔌 100%
2026-07-13T19:43:02+00:00 machine gtk-status-bar[1181]: 2026-07-13T19:43:02.001886Z DEBUG gtk_status_bar::widgets: Updating time label:  7:43 PM
2026-07-13T19:43:02+00:00 machine gtk-status-bar[1181]: 2026-07-13T19:43:02.871249Z  INFO gtk_status_bar::network: Network reachability probe completed target=192.0.2.1 success=true elapsed_ms=20
2026-07-13T19:43:02+00:00 machine gtk-status-bar[1181]: 2026-07-13T19:43:02.871339Z DEBUG gtk_status_bar::network: Sent network update label="\u{f091f} 28% \u{f0ac}"
2026-07-13T19:43:02+00:00 machine gtk-status-bar[1181]: 2026-07-13T19:43:02.871855Z DEBUG gtk_status_bar::widgets: Updating network label: 󰤟 28% 
2026-07-13T19:43:03+00:00 machine gtk-status-bar[1181]: 2026-07-13T19:43:03.002064Z DEBUG gtk_status_bar::widgets: Updating time label:  7:43 PM
2026-07-13T19:43:03+00:00 machine gtk-status-bar[1181]: 2026-07-13T19:43:03.684839Z DEBUG gtk_status_bar::dbus: Got an event in event stream: Msg { type: Signal, serial: 95, sender: UniqueName(":1.6"), path: ObjectPath("/org/bluez/hci0"), iface: InterfaceName("org.freedesktop.DBus.Properties"), member: MemberName("PropertiesChanged"), body: Structure(Dynamic { fields: [Str, Dict { key: Dynamic { child: Str }, value: Dynamic { child: Variant } }, Array(Dynamic { child: Str })] }), fds: [] }
2026-07-13T19:43:03+00:00 machine gtk-status-bar[1181]: 2026-07-13T19:43:03.684872Z DEBUG gtk_status_bar::dbus: Dbus monitor: Received D-Bus message from path: Some(ObjectPath("/org/bluez/hci0")), interface: Some(InterfaceName("org.freedesktop.DBus.Properties")), member: Some(MemberName("PropertiesChanged"))
2026-07-13T19:43:03+00:00 machine gtk-status-bar[1181]: 2026-07-13T19:43:03.684889Z  INFO gtk_status_bar::dbus: Dbus monitor: Received signal
2026-07-13T19:43:03+00:00 machine gtk-status-bar[1181]: 2026-07-13T19:43:03.684903Z  INFO gtk_status_bar::dbus: Dbus monitor: Received PropertiesChanged signal
2026-07-13T19:43:03+00:00 machine gtk-status-bar[1181]: 2026-07-13T19:43:03.684933Z DEBUG gtk_status_bar::dbus: Dbus monitor: Ignored PropertiesChanged for interface: "org.bluez.Adapter1"
2026-07-13T19:43:03+00:00 machine gtk-status-bar[1181]: 2026-07-13T19:43:03.860295Z DEBUG gtk_status_bar::dbus: Got an event in event stream: Msg { type: Signal, serial: 32, sender: UniqueName(":1.5"), path: ObjectPath("/org/freedesktop/UPower/devices/battery_BAT0"), iface: InterfaceName("org.freedesktop.DBus.Properties"), member: MemberName("PropertiesChanged"), body: Structure(Dynamic { fields: [Str, Dict { key: Dynamic { child: Str }, value: Dynamic { child: Variant } }, Array(Dynamic { child: Str })] }), fds: [] }
2026-07-13T19:43:03+00:00 machine gtk-status-bar[1181]: 2026-07-13T19:43:03.860335Z DEBUG gtk_status_bar::dbus: Dbus monitor: Received D-Bus message from path: Some(ObjectPath("/org/freedesktop/UPower/devices/battery_BAT0")), interface: Some(InterfaceName("org.freedesktop.DBus.Properties")), member: Some(MemberName("PropertiesChanged"))
2026-07-13T19:43:03+00:00 machine gtk-status-bar[1181]: 2026-07-13T19:43:03.860355Z  INFO gtk_status_bar::dbus: Dbus monitor: Received signal
2026-07-13T19:43:03+00:00 machine gtk-status-bar[1181]: 2026-07-13T19:43:03.860372Z  INFO gtk_status_bar::dbus: Dbus monitor: Received PropertiesChanged signal
2026-07-13T19:43:03+00:00 machine gtk-status-bar[1181]: 2026-07-13T19:43:03.860403Z DEBUG gtk_status_bar::dbus: Battery device properties contain no State property
2026-07-13T19:43:03+00:00 machine gtk-status-bar[1181]: 2026-07-13T19:43:03.860422Z  INFO gtk_status_bar::dbus: Battery percentage changed to 79.5%
2026-07-13T19:43:03+00:00 machine gtk-status-bar[1181]: 2026-07-13T19:43:03.860456Z DEBUG gtk_status_bar::dbus: Got an event in event stream: Msg { type: Signal, serial: 33, sender: UniqueName(":1.5"), path: ObjectPath("/org/freedesktop/UPower/devices/battery_BAT0"), iface: InterfaceName("org.freedesktop.DBus.Properties"), member: MemberName("PropertiesChanged"), body: Structure(Dynamic { fields: [Str, Dict { key: Dynamic { child: Str }, value: Dynamic { child: Variant } }, Array(Dynamic { child: Str })] }), fds: [] }
2026-07-13T19:43:03+00:00 machine gtk-status-bar[1181]: 2026-07-13T19:43:03.860477Z DEBUG gtk_status_bar::dbus: Dbus monitor: Received D-Bus message from path: Some(ObjectPath("/org/freedesktop/UPower/devices/battery_BAT0")), interface: Some(InterfaceName("org.freedesktop.DBus.Properties")), member: Some(MemberName("PropertiesChanged"))
2026-07-13T19:43:03+00:00 machine gtk-status-bar[1181]: 2026-07-13T19:43:03.860498Z  INFO gtk_status_bar::dbus: Dbus monitor: Received signal
2026-07-13T19:43:03+00:00 machine gtk-status-bar[1181]: 2026-07-13T19:43:03.860517Z  INFO gtk_status_bar::dbus: Dbus monitor: Received PropertiesChanged signal
2026-07-13T19:43:03+00:00 machine gtk-status-bar[1181]: 2026-07-13T19:43:03.860540Z  INFO gtk_status_bar::dbus: Battery is discharging (state: 2)
2026-07-13T19:43:03+00:00 machine gtk-status-bar[1181]: 2026-07-13T19:43:03.860556Z DEBUG gtk_status_bar::dbus: Battery device properties contain no Percentage property
2026-07-13T19:43:03+00:00 machine gtk-status-bar[1181]: 2026-07-13T19:43:03.860593Z DEBUG gtk_status_bar::widgets: Updating battery label: 🔌 80%
2026-07-13T19:43:03+00:00 machine gtk-status-bar[1181]: 2026-07-13T19:43:03.860688Z DEBUG gtk_status_bar::widgets: 👁️  SHOWING battery widget - data: 🔌 80%
2026-07-13T19:43:03+00:00 machine gtk-status-bar[1181]: 2026-07-13T19:43:03.860744Z DEBUG gtk_status_bar::widgets: Updating battery label: 🔋 80%
2026-07-13T19:43:03+00:00 machine gtk-status-bar[1181]: 2026-07-13T19:43:03.860768Z DEBUG gtk_status_bar::widgets: 👁️  SHOWING battery widget - data: 🔋 80%
2026-07-13T19:43:04+00:00 machine gtk-status-bar[1181]: 2026-07-13T19:43:04.001434Z DEBUG gtk_status_bar::widgets: Updating time label:  7:43 PM
2026-07-13T19:43:04+00:00 machine gtk-status-bar[1181]: 2026-07-13T19:43:04.449080Z  INFO gtk_status_bar::network: Network reachability probe completed target=198.51.100.1 success=false elapsed_ms=26
2026-07-13T19:43:04+00:00 machine gtk-status-bar[1181]: 2026-07-13T19:43:04.449194Z DEBUG gtk_status_bar::network: Sent network update label="\u{f091f} 28% \u{f0ac}"
2026-07-13T19:43:04+00:00 machine gtk-status-bar[1181]: 2026-07-13T19:43:04.449824Z DEBUG gtk_status_bar::widgets: Updating network label: 󰤟 28% 
2026-07-13T19:43:04+00:00 machine gtk-status-bar[1181]: 2026-07-13T19:43:04.696076Z  INFO gtk_status_bar::network: Network reachability probe completed target=192.0.2.1 success=true elapsed_ms=23
2026-07-13T19:43:04+00:00 machine gtk-status-bar[1181]: 2026-07-13T19:43:04.696171Z DEBUG gtk_status_bar::network: Sent network update label="\u{f091f} 28% \u{f0ac}"
2026-07-13T19:43:04+00:00 machine gtk-status-bar[1181]: 2026-07-13T19:43:04.696527Z DEBUG gtk_status_bar::widgets: Updating network label: 󰤟 28% 
2026-07-13T19:43:05+00:00 machine gtk-status-bar[1181]: 2026-07-13T19:43:05.001554Z DEBUG gtk_status_bar::widgets: Updating time label:  7:43 PM
2026-07-13T19:43:05+00:00 machine gtk-status-bar[1181]: 2026-07-13T19:43:05.718498Z  INFO gtk_status_bar::network: Network reachability probe completed target=198.51.100.1 success=false elapsed_ms=28
2026-07-13T19:43:05+00:00 machine gtk-status-bar[1181]: 2026-07-13T19:43:05.718597Z DEBUG gtk_status_bar::network: Sent network update label="\u{f091f} 28% \u{f0ac}"
2026-07-13T19:43:05+00:00 machine gtk-status-bar[1181]: 2026-07-13T19:43:05.719165Z DEBUG gtk_status_bar::widgets: Updating network label: 󰤟 28% 
2026-07-13T19:43:06+00:00 machine gtk-status-bar[1181]: 2026-07-13T19:43:06.001897Z DEBUG gtk_status_bar::widgets: Updating time label:  7:43 PM
2026-07-13T19:43:07+00:00 machine gtk-status-bar[1181]: 2026-07-13T19:43:07.002692Z DEBUG gtk_status_bar::widgets: Updating time label:  7:43 PM
2026-07-13T19:43:07+00:00 machine gtk-status-bar[1181]: 2026-07-13T19:43:07.513419Z  INFO gtk_status_bar::network: Network reachability probe completed target=198.51.100.1 success=false elapsed_ms=13
2026-07-13T19:43:07+00:00 machine gtk-status-bar[1181]: 2026-07-13T19:43:07.513468Z DEBUG gtk_status_bar::network: Sent network update label="\u{f091f} 28% \u{f0ac}"
2026-07-13T19:43:07+00:00 machine gtk-status-bar[1181]: 2026-07-13T19:43:07.525007Z DEBUG gtk_status_bar::widgets: Updating network label: 󰤟 28% 
2026-07-13T19:43:07+00:00 machine gtk-status-bar[1181]: 2026-07-13T19:43:07.646003Z  INFO gtk_status_bar::network: Network reachability probe completed target=192.0.2.1 success=true elapsed_ms=14
2026-07-13T19:43:07+00:00 machine gtk-status-bar[1181]: 2026-07-13T19:43:07.646091Z DEBUG gtk_status_bar::network: Sent network update label="\u{f091f} 28% \u{f0ac}"
2026-07-13T19:43:07+00:00 machine gtk-status-bar[1181]: 2026-07-13T19:43:07.646291Z DEBUG gtk_status_bar::widgets: Updating network label: 󰤟 28% 
2026-07-13T19:43:08+00:00 machine gtk-status-bar[1181]: 2026-07-13T19:43:08.001945Z DEBUG gtk_status_bar::widgets: Updating time label:  7:43 PM
2026-07-13T19:43:09+00:00 machine gtk-status-bar[1181]: 2026-07-13T19:43:09.002024Z DEBUG gtk_status_bar::widgets: Updating time label:  7:43 PM
2026-07-13T19:43:09+00:00 machine gtk-status-bar[1181]: 2026-07-13T19:43:09.142472Z DEBUG gtk_status_bar::dbus: Got an event in event stream: Msg { type: Signal, serial: 108, sender: UniqueName(":1.6"), path: ObjectPath("/"), iface: InterfaceName("org.freedesktop.DBus.ObjectManager"), member: MemberName("InterfacesAdded"), body: Structure(Dynamic { fields: [ObjectPath, Dict { key: Dynamic { child: Str }, value: Dynamic { child: Dict { key: Dynamic { child: Str }, value: Dynamic { child: Variant } } } }] }), fds: [] }
2026-07-13T19:43:09+00:00 machine gtk-status-bar[1181]: 2026-07-13T19:43:09.142559Z DEBUG gtk_status_bar::dbus: Dbus monitor: Received D-Bus message from path: Some(ObjectPath("/")), interface: Some(InterfaceName("org.freedesktop.DBus.ObjectManager")), member: Some(MemberName("InterfacesAdded"))
2026-07-13T19:43:09+00:00 machine gtk-status-bar[1181]: 2026-07-13T19:43:09.142607Z  INFO gtk_status_bar::dbus: Dbus monitor: Received signal
2026-07-13T19:43:09+00:00 machine gtk-status-bar[1181]: 2026-07-13T19:43:09.142669Z  INFO gtk_status_bar::dbus: Dbus monitor: Received InterfacesAdded signal from ObjectManager
2026-07-13T19:43:09+00:00 machine gtk-status-bar[1181]: 2026-07-13T19:43:09.142928Z DEBUG gtk_status_bar::dbus: Available interfaces in InterfacesAdded: [Str("org.bluez.Device1")]
2026-07-13T19:43:09+00:00 machine gtk-status-bar[1181]: 2026-07-13T19:43:09.143037Z DEBUG gtk_status_bar::dbus: Found Device1 interface properties: Dict { map: {Str("Adapter"): Value(ObjectPath(ObjectPath("/org/bluez/hci0"))), Str("Address"): Value(Str("AA:BB:CC:DD:EE:03")), Str("AddressType"): Value(Str("public")), Str("AdvertisingData"): Value(Array(Array { elements: [], signature: Array(Dynamic { child: Dict { key: Dynamic { child: U8 }, value: Dynamic { child: Variant } } }) })), Str("AdvertisingFlags"): Value(Array(Array { elements: [], signature: Array(Dynamic { child: Array(Dynamic { child: U8 }) }) })), Str("Alias"): Value(Str("🎧 Sony")), Str("Appearance"): Value(U16(0)), Str("Blocked"): Value(Bool(false)), Str("Class"): Value(U32(5898764)), Str("Connected"): Value(Bool(false)), Str("Icon"): Value(Str("phone")), Str("LegacyPairing"): Value(Bool(false)), Str("ManufacturerData"): Value(Array(Array { elements: [], signature: Array(Dynamic { child: Dict { key: Dynamic { child: U16 }, value: Dynamic { child: Variant } } }) })), Str("Modalias"): Value(Str("bluetooth:v000Fp1200d1436")), Str("Name"): Value(Str("🎧 Sony")), Str("Paired"): Value(Bool(false)), Str("RSSI"): Value(I16(-79)), Str("ServiceData"): Value(Array(Array { elements: [], signature: Array(Dynamic { child: Dict { key: Dynamic { child: Str }, value: Dynamic { child: Variant } } }) })), Str("ServicesResolved"): Value(Bool(false)), Str("Trusted"): Value(Bool(false)), Str("TxPower"): Value(I16(0)), Str("UUIDs"): Value(Array(Array { elements: [], signature: Array(Dynamic { child: Str }) })), Str("WakeAllowed"): Value(Bool(false))}, signature: Dict { key: Dynamic { child: Str }, value: Dynamic { child: Variant } } }
2026-07-13T19:43:09+00:00 machine gtk-status-bar[1181]: 2026-07-13T19:43:09.143109Z DEBUG gtk_status_bar::dbus: Found Bluetooth device name: 🎧 Sony
2026-07-13T19:43:09+00:00 machine gtk-status-bar[1181]: 2026-07-13T19:43:09.143148Z  INFO gtk_status_bar::dbus: Created new device /org/bluez/hci0/dev_AA_BB_CC_DD_EE_03 with name: Some("🎧 Sony")
2026-07-13T19:43:09+00:00 machine gtk-status-bar[1181]: 2026-07-13T19:43:09.143554Z DEBUG gtk_status_bar::dbus: Not a device with org.bluez.Battery1 interface
2026-07-13T19:43:09+00:00 machine gtk-status-bar[1181]: 2026-07-13T19:43:09.143822Z DEBUG gtk_status_bar::widgets: Updating Bluetooth battery label: P80
2026-07-13T19:43:09+00:00 machine gtk-status-bar[1181]: 2026-07-13T19:43:09.143862Z DEBUG gtk_status_bar::widgets: 👁️  SHOWING Bluetooth widget - data: P80
2026-07-13T19:43:09+00:00 machine gtk-status-bar[2764]: 2026-07-13T19:43:09.695977Z  INFO gtk_status_bar: Starting GTK status bar application
2026-07-13T19:43:09+00:00 machine gtk-status-bar[2764]: 2026-07-13T19:43:09.699961Z  INFO gtk_status_bar: Running GTK application
2026-07-13T19:43:11+00:00 machine gtk-status-bar[2764]: 2026-07-13T19:43:11.241833Z  INFO gtk_status_bar: Activating GTK application
2026-07-13T19:43:11+00:00 machine gtk-status-bar[2764]: 2026-07-13T19:43:11.245369Z DEBUG gtk_status_bar::widgets: Loading CSS styles
2026-07-13T19:43:11+00:00 machine gtk-status-bar[2764]: 2026-07-13T19:43:11.248890Z  INFO gtk_status_bar::widgets: CSS styles loaded successfully
2026-07-13T19:43:11+00:00 machine gtk-status-bar[2764]: 2026-07-13T19:43:11.248935Z DEBUG gtk_status_bar::widgets: Configuring layer shell
2026-07-13T19:43:11+00:00 machine gtk-status-bar[2764]: 2026-07-13T19:43:11.257680Z  INFO gtk_status_bar::widgets: Layer shell configured successfully
2026-07-13T19:43:11+00:00 machine gtk-status-bar[2764]: 2026-07-13T19:43:11.257774Z DEBUG gtk_status_bar::widgets: Creating experimental bar
2026-07-13T19:43:11+00:00 machine gtk-status-bar[2764]: 2026-07-13T19:43:11.257916Z DEBUG gtk_status_bar::widgets: Creating left group
2026-07-13T19:43:11+00:00 machine gtk-status-bar[2764]: 2026-07-13T19:43:11.257966Z DEBUG gtk_status_bar::widgets: Creating workspace widget
2026-07-13T19:43:11+00:00 machine gtk-status-bar[2764]: 2026-07-13T19:43:11.258551Z DEBUG gtk_status_bar::widgets: Creating center group
2026-07-13T19:43:11+00:00 machine gtk-status-bar[2764]: 2026-07-13T19:43:11.258593Z DEBUG gtk_status_bar::widgets: Creating title widget
2026-07-13T19:43:11+00:00 machine gtk-status-bar[2764]: 2026-07-13T19:43:11.258971Z DEBUG gtk_status_bar::widgets: Creating right group
2026-07-13T19:43:11+00:00 machine gtk-status-bar[2764]: 2026-07-13T19:43:11.259027Z DEBUG gtk_status_bar::widgets: Creating system tray widget
2026-07-13T19:43:11+00:00 machine gtk-status-bar[2764]: 2026-07-13T19:43:11.259062Z DEBUG gtk_status_bar::widgets: Creating bluetooth widget
2026-07-13T19:43:11+00:00 machine gtk-status-bar[2764]: 2026-07-13T19:43:11.259116Z DEBUG gtk_status_bar::widgets: Creating volume widget
2026-07-13T19:43:11+00:00 machine gtk-status-bar[2764]: 2026-07-13T19:43:11.259174Z DEBUG gtk_status_bar::widgets: Creating network widget
2026-07-13T19:43:11+00:00 machine gtk-status-bar[2764]: 2026-07-13T19:43:11.259232Z DEBUG gtk_status_bar::widgets: Creating battery widget
2026-07-13T19:43:11+00:00 machine gtk-status-bar[2764]: 2026-07-13T19:43:11.259291Z DEBUG gtk_status_bar::widgets: Creating time widget
2026-07-13T19:43:11+00:00 machine gtk-status-bar[2764]: 2026-07-13T19:43:11.913345Z DEBUG gtk_status_bar::widgets: Setting up time widget updates
2026-07-13T19:43:11+00:00 machine gtk-status-bar[2764]: 2026-07-13T19:43:11.913410Z DEBUG gtk_status_bar::widgets: Updating time label:  7:43 PM
2026-07-13T19:43:11+00:00 machine gtk-status-bar[2764]: 2026-07-13T19:43:11.913457Z DEBUG gtk_status_bar::widgets: Setting up system tray updates
2026-07-13T19:43:11+00:00 machine gtk-status-bar[2764]: 2026-07-13T19:43:11.913503Z DEBUG gtk_status_bar::widgets: Setting up workspace updates
2026-07-13T19:43:11+00:00 machine gtk-status-bar[2764]: 2026-07-13T19:43:11.913545Z DEBUG gtk_status_bar::widgets: Setting up title updates
2026-07-13T19:43:11+00:00 machine gtk-status-bar[2764]: 2026-07-13T19:43:11.913585Z DEBUG gtk_status_bar::widgets: Setting up battery updates
2026-07-13T19:43:11+00:00 machine gtk-status-bar[2764]: 2026-07-13T19:43:11.913626Z DEBUG gtk_status_bar::widgets: Setting up Bluetooth battery updates
2026-07-13T19:43:11+00:00 machine gtk-status-bar[2764]: 2026-07-13T19:43:11.913679Z DEBUG gtk_status_bar::widgets: Setting up network updates
2026-07-13T19:43:11+00:00 machine gtk-status-bar[2764]: 2026-07-13T19:43:11.913777Z DEBUG gtk_status_bar::widgets: Setting up volume updates with tokio async channels
2026-07-13T19:43:11+00:00 machine gtk-status-bar[2764]: 2026-07-13T19:43:11.913943Z DEBUG gtk_status_bar::pw: 🔧 Initializing PipeWire on dedicated thread...
2026-07-13T19:43:11+00:00 machine gtk-status-bar[2764]: 2026-07-13T19:43:11.913944Z  INFO gtk_status_bar: Application activated successfully
2026-07-13T19:43:11+00:00 machine gtk-status-bar[2764]: 2026-07-13T19:43:11.913969Z DEBUG gtk_status_bar::pw: 📋 Created device tracking HashMap for (node_name, description, volume, channel, mute)
2026-07-13T19:43:11+00:00 machine gtk-status-bar[2764]: 2026-07-13T19:43:11.914494Z DEBUG gtk_status_bar::widgets: 🚀 Starting async volume update loop...
2026-07-13T19:43:11+00:00 machine gtk-status-bar[2764]: 2026-07-13T19:43:11.920486Z DEBUG gtk_status_bar::pw: ✅ PipeWire initialized
2026-07-13T19:43:11+00:00 machine gtk-status-bar[2764]: 2026-07-13T19:43:11.920542Z DEBUG gtk_status_bar::pw: ✅ ThreadLoop created
2026-07-13T19:43:11+00:00 machine gtk-status-bar[2764]: 2026-07-13T19:43:11.920821Z  INFO gtk_status_bar::hypr: 🔌 Starting workspace event listener
2026-07-13T19:43:11+00:00 machine gtk-status-bar[2764]: 2026-07-13T19:43:11.920847Z DEBUG gtk_status_bar::hypr: Setting up workspace event listener
2026-07-13T19:43:11+00:00 machine gtk-status-bar[2764]: 2026-07-13T19:43:11.920958Z  INFO gtk_status_bar::hypr: 🔌 Starting title event listener
2026-07-13T19:43:11+00:00 machine gtk-status-bar[2764]: 2026-07-13T19:43:11.920986Z DEBUG gtk_status_bar::hypr: Setting up title event listener
2026-07-13T19:43:11+00:00 machine gtk-status-bar[2764]: 2026-07-13T19:43:11.921005Z DEBUG gtk_status_bar::hypr: Fetching initial title state
2026-07-13T19:43:11+00:00 machine gtk-status-bar[2764]: 2026-07-13T19:43:11.921054Z  INFO gtk_status_bar::dbus: 🔌 Starting D-Bus monitor
2026-07-13T19:43:11+00:00 machine gtk-status-bar[2764]: 2026-07-13T19:43:11.921073Z  INFO gtk_status_bar::dbus: Starting D-Bus monitoring task
2026-07-13T19:43:11+00:00 machine gtk-status-bar[2764]: 2026-07-13T19:43:11.921362Z  INFO gtk_status_bar::network: Starting network monitor
2026-07-13T19:43:11+00:00 machine gtk-status-bar[2764]: 2026-07-13T19:43:11.921427Z  INFO gtk_status_bar::tray: 🔌 Starting system tray backend
2026-07-13T19:43:11+00:00 machine gtk-status-bar[2764]: 2026-07-13T19:43:11.921485Z  INFO gtk_status_bar: Starting tray IPC server
2026-07-13T19:43:11+00:00 machine gtk-status-bar[2764]: 2026-07-13T19:43:11.935401Z DEBUG gtk_status_bar::hypr: Initial title state title="Close OS window" class="kitty"
2026-07-13T19:43:11+00:00 machine gtk-status-bar[2764]: 2026-07-13T19:43:11.935431Z  INFO gtk_status_bar::hypr: Starting title event listener
2026-07-13T19:43:11+00:00 machine gtk-status-bar[2764]: 2026-07-13T19:43:11.937016Z  INFO gtk_status_bar::hypr: Starting workspace event listener
2026-07-13T19:43:11+00:00 machine gtk-status-bar[2764]: 2026-07-13T19:43:11.937983Z DEBUG gtk_status_bar::dbus: 🔌 Registered battery match rule
2026-07-13T19:43:11+00:00 machine gtk-status-bar[2764]: 2026-07-13T19:43:11.941458Z DEBUG gtk_status_bar::widgets: Pinning bar height to font-derived line height char_height=18 multiplier=1.4 pinned=25
2026-07-13T19:43:11+00:00 machine gtk-status-bar[2764]: 2026-07-13T19:43:11.958978Z DEBUG gtk_status_bar::widgets: Updating workspace - label: 'Workspace i', color for workspace: 2
2026-07-13T19:43:11+00:00 machine gtk-status-bar[2764]: 2026-07-13T19:43:11.959063Z DEBUG gtk_status_bar::widgets: Updated title widget color to: rgba(125, 207, 255, 0.5) for workspace: 2
2026-07-13T19:43:11+00:00 machine gtk-status-bar[2764]: 2026-07-13T19:43:11.959117Z DEBUG gtk_status_bar::widgets: Updating title widget title="Close OS window" class="kitty"
2026-07-13T19:43:12+00:00 machine gtk-status-bar[2764]: 2026-07-13T19:43:12.017445Z DEBUG gtk_status_bar::widgets: Resolved title icon from desktop application metadata class="kitty"
2026-07-13T19:43:12+00:00 machine gtk-status-bar[2764]: 2026-07-13T19:43:12.017681Z DEBUG gtk_status_bar::widgets: Updating time label:  7:43 PM
2026-07-13T19:43:12+00:00 machine gtk-status-bar[2764]: 2026-07-13T19:43:12.029596Z  INFO tray_ipc: Tray IPC server is listening path=/run/user/1000/gtk-status-bar/tray.sock
2026-07-13T19:43:12+00:00 machine gtk-status-bar[2764]: 2026-07-13T19:43:12.029655Z DEBUG gtk_status_bar::dbus: 🔌 Registered bluez PropertiesChanged match rule
2026-07-13T19:43:12+00:00 machine gtk-status-bar[2764]: 2026-07-13T19:43:12.059527Z DEBUG gtk_status_bar::dbus: 🔌 Registered bluez InterfacesAdded match rule
2026-07-13T19:43:12+00:00 machine gtk-status-bar[2764]: 2026-07-13T19:43:12.061668Z DEBUG gtk_status_bar::dbus: 🔌 Registered bluez InterfacesRemoved match rule
2026-07-13T19:43:12+00:00 machine gtk-status-bar[2764]: 2026-07-13T19:43:12.065885Z  INFO gtk_status_bar::dbus: No battery detected initially (likely desktop system): org.freedesktop.DBus.Error.UnknownMethod: Method "Get" with signature "ss" on interface "org.freedesktop.DBus.Properties" doesn't exist
2026-07-13T19:43:12+00:00 machine gtk-status-bar[2764]: 2026-07-13T19:43:12.067091Z  INFO gtk_status_bar::dbus: No battery state detected initially (likely desktop system): org.freedesktop.DBus.Error.UnknownMethod: Method "Get" with signature "ss" on interface "org.freedesktop.DBus.Properties" doesn't exist
2026-07-13T19:43:12+00:00 machine gtk-status-bar[2764]: 2026-07-13T19:43:12.067113Z DEBUG gtk_status_bar::dbus: Using empty battery text
2026-07-13T19:43:12+00:00 machine gtk-status-bar[2764]: 2026-07-13T19:43:12.068410Z DEBUG gtk_status_bar::widgets: Updating battery label:
2026-07-13T19:43:12+00:00 machine gtk-status-bar[2764]: 2026-07-13T19:43:12.069030Z DEBUG gtk_status_bar::network: Sent network update label="\u{f091f} 28% ?"
2026-07-13T19:43:12+00:00 machine gtk-status-bar[2764]: 2026-07-13T19:43:12.069212Z DEBUG gtk_status_bar::widgets: 🙈 HIDING battery widget with set_visible(false)
2026-07-13T19:43:12+00:00 machine gtk-status-bar[2764]: 2026-07-13T19:43:12.069465Z DEBUG gtk_status_bar::widgets: Updating network label: 󰤟 28% ?
2026-07-13T19:43:12+00:00 machine gtk-status-bar[2764]: 2026-07-13T19:43:12.070333Z  INFO gtk_status_bar::tray: Serving StatusNotifierWatcher for tray applications
2026-07-13T19:43:12+00:00 machine gtk-status-bar[2764]: 2026-07-13T19:43:12.072399Z  INFO gtk_status_bar::dbus: Found 5 Bluetooth objects
2026-07-13T19:43:12+00:00 machine gtk-status-bar[2764]: 2026-07-13T19:43:12.072426Z  INFO gtk_status_bar::dbus: Found Bluetooth device with battery at: /org/bluez/hci0/dev_AA_BB_CC_DD_EE_01
2026-07-13T19:43:12+00:00 machine gtk-status-bar[2764]: 2026-07-13T19:43:12.072444Z  INFO gtk_status_bar::dbus: Bluetooth device battery at 80%
2026-07-13T19:43:12+00:00 machine gtk-status-bar[2764]: 2026-07-13T19:43:12.072463Z DEBUG gtk_status_bar::dbus: Added device /org/bluez/hci0/dev_AA_BB_CC_DD_EE_01 to HashMap (has_battery: true, has_media: false)
2026-07-13T19:43:12+00:00 machine gtk-status-bar[2764]: 2026-07-13T19:43:12.072483Z  INFO gtk_status_bar::dbus: Found Bluetooth device with battery at: /org/bluez/hci0/dev_AA_BB_CC_DD_EE_02
2026-07-13T19:43:12+00:00 machine gtk-status-bar[2764]: 2026-07-13T19:43:12.072501Z  INFO gtk_status_bar::dbus: Bluetooth device battery at 42%
2026-07-13T19:43:12+00:00 machine gtk-status-bar[2764]: 2026-07-13T19:43:12.072519Z DEBUG gtk_status_bar::dbus: Added device /org/bluez/hci0/dev_AA_BB_CC_DD_EE_02 to HashMap (has_battery: true, has_media: false)
2026-07-13T19:43:12+00:00 machine gtk-status-bar[2764]: 2026-07-13T19:43:12.072542Z  INFO gtk_status_bar::dbus: Found Bluetooth device with battery at: /org/bluez/hci0/dev_AA_BB_CC_DD_EE_03
2026-07-13T19:43:12+00:00 machine gtk-status-bar[2764]: 2026-07-13T19:43:12.072559Z  INFO gtk_status_bar::dbus: Bluetooth device battery at 55%
2026-07-13T19:43:12+00:00 machine gtk-status-bar[2764]: 2026-07-13T19:43:12.072577Z DEBUG gtk_status_bar::dbus: Added device /org/bluez/hci0/dev_AA_BB_CC_DD_EE_03 to HashMap (has_battery: true, has_media: false)
2026-07-13T19:43:12+00:00 machine gtk-status-bar[2764]: 2026-07-13T19:43:12.072598Z DEBUG gtk_status_bar::dbus: Initial bluetooth devices: {"/org/bluez/hci0/dev_AA_BB_CC_DD_EE_03": BluetoothDevice { has_battery: true, has_media: false, battery_percentage: Some(55), device_name: Some("🎧 Sony") }, "/org/bluez/hci0/dev_AA_BB_CC_DD_EE_02": BluetoothDevice { has_battery: true, has_media: false, battery_percentage: Some(42), device_name: None }, "/org/bluez/hci0/dev_AA_BB_CC_DD_EE_01": BluetoothDevice { has_battery: true, has_media: false, battery_percentage: Some(80), device_name: Some("Pixel Buds") }}
2026-07-13T19:43:12+00:00 machine gtk-status-bar[2764]: 2026-07-13T19:43:12.072627Z  INFO gtk_status_bar::dbus: Sent initial Bluetooth display: 🎧55 D42 P80
2026-07-13T19:43:12+00:00 machine gtk-status-bar[2764]: 2026-07-13T19:43:12.072654Z  INFO gtk_status_bar::dbus: Dbus monitor: Starting to listen for D-Bus messages
2026-07-13T19:43:12+00:00 machine gtk-status-bar[2764]: 2026-07-13T19:43:12.072671Z DEBUG gtk_status_bar::dbus: Got an event in event stream: Msg { type: Error, serial: 39, sender: UniqueName(":1.5"), reply-serial: 20, body: Str, fds: [] }
2026-07-13T19:43:12+00:00 machine gtk-status-bar[2764]: 2026-07-13T19:43:12.072922Z DEBUG gtk_status_bar::dbus: Dbus monitor: Received D-Bus message from path: None, interface: None, member: None
2026-07-13T19:43:12+00:00 machine gtk-status-bar[2764]: 2026-07-13T19:43:12.072942Z ERROR gtk_status_bar::dbus: Dbus monitor: Received message with no path, ignoring
2026-07-13T19:43:12+00:00 machine gtk-status-bar[2764]: 2026-07-13T19:43:12.072960Z DEBUG gtk_status_bar::dbus: Got an event in event stream: Msg { type: Error, serial: 40, sender: UniqueName(":1.5"), reply-serial: 21, body: Str, fds: [] }
2026-07-13T19:43:12+00:00 machine gtk-status-bar[2764]: 2026-07-13T19:43:12.072980Z DEBUG gtk_status_bar::dbus: Dbus monitor: Received D-Bus message from path: None, interface: None, member: None
2026-07-13T19:43:12+00:00 machine gtk-status-bar[2764]: 2026-07-13T19:43:12.072997Z ERROR gtk_status_bar::dbus: Dbus monitor: Received message with no path, ignoring
2026-07-13T19:43:12+00:00 machine gtk-status-bar[2764]: 2026-07-13T19:43:12.073017Z DEBUG gtk_status_bar::dbus: Got an event in event stream: Msg { type: MethodReturn, serial: 113, sender: UniqueName(":1.6"), reply-serial: 25, body: Dict { key: Dynamic { child: ObjectPath }, value: Dynamic { child: Dict { key: Dynamic { child: Str }, value: Dynamic { child: Dict { key: Dynamic { child: Str }, value: Dynamic { child: Variant } } } } } }, fds: [] }
2026-07-13T19:43:12+00:00 machine gtk-status-bar[2764]: 2026-07-13T19:43:12.073061Z DEBUG gtk_status_bar::dbus: Dbus monitor: Received D-Bus message from path: None, interface: None, member: None
2026-07-13T19:43:12+00:00 machine gtk-status-bar[2764]: 2026-07-13T19:43:12.073078Z ERROR gtk_status_bar::dbus: Dbus monitor: Received message with no path, ignoring
2026-07-13T19:43:12+00:00 machine gtk-status-bar[2764]: 2026-07-13T19:43:12.085880Z DEBUG gtk_status_bar::widgets: Updating Bluetooth battery label: 🎧55 D42 P80
2026-07-13T19:43:12+00:00 machine gtk-status-bar[2764]: 2026-07-13T19:43:12.085928Z DEBUG gtk_status_bar::widgets: 👁️  SHOWING Bluetooth widget - data: 🎧55 D42 P80
2026-07-13T19:43:12+00:00 machine gtk-status-bar[2764]: 2026-07-13T19:43:12.098198Z DEBUG gtk_status_bar::pw: ✅ Context created
2026-07-13T19:43:12+00:00 machine gtk-status-bar[2764]: 2026-07-13T19:43:12.104155Z DEBUG gtk_status_bar::pw: ✅ Core connected
2026-07-13T19:43:12+00:00 machine gtk-status-bar[2764]: 2026-07-13T19:43:12.104197Z DEBUG gtk_status_bar::pw: ✅ Registry obtained
2026-07-13T19:43:12+00:00 machine gtk-status-bar[2764]: 2026-07-13T19:43:12.104218Z DEBUG gtk_status_bar::pw: 🎵 PipeWire ThreadLoop started - monitoring volume changes with default sink filtering
2026-07-13T19:43:12+00:00 machine gtk-status-bar[2764]: 2026-07-13T19:43:12.104458Z DEBUG gtk_status_bar::pw: ✅ ThreadLoop started successfully
2026-07-13T19:43:12+00:00 machine gtk-status-bar[2764]: 2026-07-13T19:43:12.104478Z DEBUG gtk_status_bar::pw: 🔄 PipeWire thread running - async event delivery active...
2026-07-13T19:43:12+00:00 machine gtk-status-bar[2764]: 2026-07-13T19:43:12.128017Z DEBUG gtk_status_bar::pw: 📡 PipeWire connected: pipewire-0
2026-07-13T19:43:12+00:00 machine gtk-status-bar[2764]: 2026-07-13T19:43:12.128061Z DEBUG gtk_status_bar::pw: 🚫 Skipping metadata '' (props: Some(DictRef { flags: Flags(0x0), entries: {"object.serial": "0", "core.name": "pipewire-0"} }))
2026-07-13T19:43:12+00:00 machine gtk-status-bar[2764]: 2026-07-13T19:43:12.128090Z DEBUG gtk_status_bar::pw: 🚫 Skipping metadata '' (props: Some(DictRef { flags: Flags(0x0), entries: {"object.serial": "1", "module.name": "libpipewire-module-rt"} }))
2026-07-13T19:43:12+00:00 machine gtk-status-bar[2764]: 2026-07-13T19:43:12.128118Z DEBUG gtk_status_bar::pw: 🚫 Skipping metadata '' (props: Some(DictRef { flags: Flags(0x0), entries: {"object.serial": "3"} }))
2026-07-13T19:43:12+00:00 machine gtk-status-bar[2764]: 2026-07-13T19:43:12.128141Z DEBUG gtk_status_bar::pw: 🚫 Skipping metadata '' (props: Some(DictRef { flags: Flags(0x0), entries: {"object.serial": "2", "module.name": "libpipewire-module-protocol-native"} }))
2026-07-13T19:43:12+00:00 machine gtk-status-bar[2764]: 2026-07-13T19:43:12.128165Z DEBUG gtk_status_bar::pw: 🚫 Skipping metadata '' (props: Some(DictRef { flags: Flags(0x0), entries: {"object.serial": "5"} }))
2026-07-13T19:43:12+00:00 machine gtk-status-bar[2764]: 2026-07-13T19:43:12.128189Z DEBUG gtk_status_bar::pw: 🚫 Skipping metadata '' (props: Some(DictRef { flags: Flags(0x0), entries: {"object.serial": "4", "module.name": "libpipewire-module-profiler"} }))
2026-07-13T19:43:12+00:00 machine gtk-status-bar[2764]: 2026-07-13T19:43:12.128212Z DEBUG gtk_status_bar::pw: 🚫 Skipping metadata '' (props: Some(DictRef { flags: Flags(0x0), entries: {"object.serial": "6", "module.name": "libpipewire-module-metadata"} }))
2026-07-13T19:43:12+00:00 machine gtk-status-bar[2764]: 2026-07-13T19:43:12.128235Z DEBUG gtk_status_bar::pw: 🚫 Skipping metadata '' (props: Some(DictRef { flags: Flags(0x0), entries: {"object.serial": "7", "module.id": "6", "factory.name": "metadata", "factory.type.name": "PipeWire:Interface:Metadata", "factory.type.version": "3"} }))
2026-07-13T19:43:12+00:00 machine gtk-status-bar[2764]: 2026-07-13T19:43:12.128260Z DEBUG gtk_status_bar::pw: 🚫 Skipping metadata '' (props: Some(DictRef { flags: Flags(0x0), entries: {"object.serial": "8", "module.name": "libpipewire-module-spa-device-factory"} }))
2026-07-13T19:43:12+00:00 machine gtk-status-bar[2764]: 2026-07-13T19:43:12.128285Z DEBUG gtk_status_bar::pw: 🚫 Skipping metadata '' (props: Some(DictRef { flags: Flags(0x0), entries: {"object.serial": "9", "module.id": "8", "factory.name": "spa-device-factory", "factory.type.name": "PipeWire:Interface:Device", "factory.type.version": "3"} }))
2026-07-13T19:43:12+00:00 machine gtk-status-bar[2764]: 2026-07-13T19:43:12.128309Z DEBUG gtk_status_bar::pw: 🚫 Skipping metadata '' (props: Some(DictRef { flags: Flags(0x0), entries: {"object.serial": "10", "module.name": "libpipewire-module-spa-node-factory"} }))
2026-07-13T19:43:12+00:00 machine gtk-status-bar[2764]: 2026-07-13T19:43:12.128332Z DEBUG gtk_status_bar::pw: 🚫 Skipping metadata '' (props: Some(DictRef { flags: Flags(0x0), entries: {"object.serial": "11", "module.id": "10", "factory.name": "spa-node-factory", "factory.type.name": "PipeWire:Interface:Node", "factory.type.version": "3"} }))
2026-07-13T19:43:12+00:00 machine gtk-status-bar[2764]: 2026-07-13T19:43:12.128357Z DEBUG gtk_status_bar::pw: 🚫 Skipping metadata '' (props: Some(DictRef { flags: Flags(0x0), entries: {"object.serial": "12", "module.name": "libpipewire-module-client-node"} }))
2026-07-13T19:43:12+00:00 machine gtk-status-bar[2764]: 2026-07-13T19:43:12.128380Z DEBUG gtk_status_bar::pw: 🚫 Skipping metadata '' (props: Some(DictRef { flags: Flags(0x0), entries: {"object.serial": "13", "module.id": "12", "factory.name": "client-node", "factory.type.name": "PipeWire:Interface:ClientNode", "factory.type.version": "6"} }))
2026-07-13T19:43:12+00:00 machine gtk-status-bar[2764]: 2026-07-13T19:43:12.128404Z DEBUG gtk_status_bar::pw: 🚫 Skipping metadata '' (props: Some(DictRef { flags: Flags(0x0), entries: {"object.serial": "14", "module.name": "libpipewire-module-client-device"} }))
2026-07-13T19:43:12+00:00 machine gtk-status-bar[2764]: 2026-07-13T19:43:12.128429Z DEBUG gtk_status_bar::pw: 🚫 Skipping metadata '' (props: Some(DictRef { flags: Flags(0x0), entries: {"object.serial": "15", "module.id": "14", "factory.name": "client-device", "factory.type.name": "Spa:Pointer:Interface:Device", "factory.type.version": "0"} }))
2026-07-13T19:43:12+00:00 machine gtk-status-bar[2764]: 2026-07-13T19:43:12.128454Z DEBUG gtk_status_bar::pw: 🚫 Skipping metadata '' (props: Some(DictRef { flags: Flags(0x0), entries: {"object.serial": "16", "module.name": "libpipewire-module-portal"} }))
2026-07-13T19:43:12+00:00 machine gtk-status-bar[2764]: 2026-07-13T19:43:12.128477Z DEBUG gtk_status_bar::pw: 🚫 Skipping metadata '' (props: Some(DictRef { flags: Flags(0x0), entries: {"object.serial": "17", "module.name": "libpipewire-module-access"} }))
2026-07-13T19:43:12+00:00 machine gtk-status-bar[2764]: 2026-07-13T19:43:12.128501Z DEBUG gtk_status_bar::pw: 🚫 Skipping metadata '' (props: Some(DictRef { flags: Flags(0x0), entries: {"object.serial": "18", "module.name": "libpipewire-module-adapter"} }))
2026-07-13T19:43:12+00:00 machine gtk-status-bar[2764]: 2026-07-13T19:43:12.128525Z DEBUG gtk_status_bar::pw: 🚫 Skipping metadata '' (props: Some(DictRef { flags: Flags(0x0), entries: {"object.serial": "19", "module.id": "18", "factory.name": "adapter", "factory.type.name": "PipeWire:Interface:Node", "factory.type.version": "3"} }))
2026-07-13T19:43:12+00:00 machine gtk-status-bar[2764]: 2026-07-13T19:43:12.128549Z DEBUG gtk_status_bar::pw: 🚫 Skipping metadata '' (props: Some(DictRef { flags: Flags(0x0), entries: {"object.serial": "20", "module.name": "libpipewire-module-link-factory"} }))
2026-07-13T19:43:12+00:00 machine gtk-status-bar[2764]: 2026-07-13T19:43:12.128572Z DEBUG gtk_status_bar::pw: 🚫 Skipping metadata '' (props: Some(DictRef { flags: Flags(0x0), entries: {"object.serial": "21", "module.id": "20", "factory.name": "link-factory", "factory.type.name": "PipeWire:Interface:Link", "factory.type.version": "3"} }))
2026-07-13T19:43:12+00:00 machine gtk-status-bar[2764]: 2026-07-13T19:43:12.128595Z DEBUG gtk_status_bar::pw: 🚫 Skipping metadata '' (props: Some(DictRef { flags: Flags(0x0), entries: {"object.serial": "22", "module.name": "libpipewire-module-session-manager"} }))
2026-07-13T19:43:12+00:00 machine gtk-status-bar[2764]: 2026-07-13T19:43:12.128625Z DEBUG gtk_status_bar::pw: 🚫 Skipping metadata '' (props: Some(DictRef { flags: Flags(0x0), entries: {"object.serial": "23", "module.id": "22", "factory.name": "client-endpoint", "factory.type.name": "PipeWire:Interface:ClientEndpoint", "factory.type.version": "0"} }))
2026-07-13T19:43:12+00:00 machine gtk-status-bar[2764]: 2026-07-13T19:43:12.128656Z DEBUG gtk_status_bar::pw: 🚫 Skipping metadata '' (props: Some(DictRef { flags: Flags(0x0), entries: {"object.serial": "24", "module.id": "22", "factory.name": "client-session", "factory.type.name": "PipeWire:Interface:ClientSession", "factory.type.version": "0"} }))
2026-07-13T19:43:12+00:00 machine gtk-status-bar[2764]: 2026-07-13T19:43:12.128755Z DEBUG gtk_status_bar::pw: 🚫 Skipping metadata '' (props: Some(DictRef { flags: Flags(0x0), entries: {"object.serial": "25", "module.id": "22", "factory.name": "session", "factory.type.name": "PipeWire:Interface:Session", "factory.type.version": "0"} }))
2026-07-13T19:43:12+00:00 machine gtk-status-bar[2764]: 2026-07-13T19:43:12.128781Z DEBUG gtk_status_bar::pw: 🚫 Skipping metadata '' (props: Some(DictRef { flags: Flags(0x0), entries: {"object.serial": "26", "module.id": "22", "factory.name": "endpoint", "factory.type.name": "PipeWire:Interface:Endpoint", "factory.type.version": "0"} }))
2026-07-13T19:43:12+00:00 machine gtk-status-bar[2764]: 2026-07-13T19:43:12.128804Z DEBUG gtk_status_bar::pw: 🚫 Skipping metadata '' (props: Some(DictRef { flags: Flags(0x0), entries: {"object.serial": "27", "module.id": "22", "factory.name": "endpoint-stream", "factory.type.name": "PipeWire:Interface:EndpointStream", "factory.type.version": "0"} }))
2026-07-13T19:43:12+00:00 machine gtk-status-bar[2764]: 2026-07-13T19:43:12.128830Z DEBUG gtk_status_bar::pw: 🚫 Skipping metadata '' (props: Some(DictRef { flags: Flags(0x0), entries: {"object.serial": "28", "module.id": "22", "factory.name": "endpoint-link", "factory.type.name": "PipeWire:Interface:EndpointLink", "factory.type.version": "0"} }))
2026-07-13T19:43:12+00:00 machine gtk-status-bar[2764]: 2026-07-13T19:43:12.128854Z DEBUG gtk_status_bar::pw: 🚫 Skipping metadata '' (props: Some(DictRef { flags: Flags(0x0), entries: {"object.serial": "29", "module.name": "libpipewire-module-x11-bell"} }))
2026-07-13T19:43:12+00:00 machine gtk-status-bar[2764]: 2026-07-13T19:43:12.128877Z DEBUG gtk_status_bar::pw: 🚫 Skipping metadata '' (props: Some(DictRef { flags: Flags(0x0), entries: {"object.serial": "30", "module.name": "libpipewire-module-jackdbus-detect"} }))
2026-07-13T19:43:12+00:00 machine gtk-status-bar[2764]: 2026-07-13T19:43:12.128900Z DEBUG gtk_status_bar::pw: 🚫 Skipping metadata '' (props: Some(DictRef { flags: Flags(0x0), entries: {"object.serial": "31", "factory.id": "11", "priority.driver": "200000", "node.name": "Dummy-Driver"} }))
2026-07-13T19:43:12+00:00 machine gtk-status-bar[2764]: 2026-07-13T19:43:12.128924Z DEBUG gtk_status_bar::pw: 🔍 Checking node - media.class: None
2026-07-13T19:43:12+00:00 machine gtk-status-bar[2764]: 2026-07-13T19:43:12.128943Z DEBUG gtk_status_bar::pw: 🔍 Node filter result: false for media.class: None
2026-07-13T19:43:12+00:00 machine gtk-status-bar[2764]: 2026-07-13T19:43:12.128964Z DEBUG gtk_status_bar::pw: 🚫 Skipping metadata '' (props: Some(DictRef { flags: Flags(0x0), entries: {"object.serial": "32", "factory.id": "11", "priority.driver": "190000", "node.name": "Freewheel-Driver"} }))
2026-07-13T19:43:12+00:00 machine gtk-status-bar[2764]: 2026-07-13T19:43:12.128989Z DEBUG gtk_status_bar::pw: 🔍 Checking node - media.class: None
2026-07-13T19:43:12+00:00 machine gtk-status-bar[2764]: 2026-07-13T19:43:12.129008Z DEBUG gtk_status_bar::pw: 🔍 Node filter result: false for media.class: None
2026-07-13T19:43:12+00:00 machine gtk-status-bar[2764]: 2026-07-13T19:43:12.129030Z DEBUG gtk_status_bar::pw: 🚫 Skipping metadata 'settings' (props: Some(DictRef { flags: Flags(0x0), entries: {"object.serial": "33", "metadata.name": "settings"} }))
2026-07-13T19:43:12+00:00 machine gtk-status-bar[2764]: 2026-07-13T19:43:12.129053Z DEBUG gtk_status_bar::pw: 🚫 Skipping metadata '' (props: Some(DictRef { flags: Flags(0x0), entries: {"object.serial": "34", "module.id": "2", "pipewire.protocol": "protocol-native", "pipewire.sec.pid": "1253", "pipewire.sec.uid": "1000", "pipewire.sec.gid": "100", "pipewire.sec.socket": "pipewire-0", "application.name": ".xdg-desktop-portal-wrapped", "pipewire.access": "unrestricted"} }))
2026-07-13T19:43:12+00:00 machine gtk-status-bar[2764]: 2026-07-13T19:43:12.129079Z DEBUG gtk_status_bar::pw: 🚫 Skipping metadata '' (props: Some(DictRef { flags: Flags(0x0), entries: {"object.serial": "35", "module.id": "2", "pipewire.protocol": "protocol-native", "pipewire.sec.pid": "1327", "pipewire.sec.uid": "1000", "pipewire.sec.gid": "100", "pipewire.sec.socket": "pipewire-0-manager", "application.name": "WirePlumber", "pipewire.access": "unrestricted"} }))
2026-07-13T19:43:12+00:00 machine gtk-status-bar[2764]: 2026-07-13T19:43:12.129104Z DEBUG gtk_status_bar::pw: 🚫 Skipping metadata 'schema-sm-settings' (props: Some(DictRef { flags: Flags(0x0), entries: {"metadata.name": "schema-sm-settings", "factory.id": "7", "module.id": "6", "client.id": "35", "object.serial": "36"} }))
2026-07-13T19:43:12+00:00 machine gtk-status-bar[2764]: 2026-07-13T19:43:12.129127Z DEBUG gtk_status_bar::pw: 🚫 Skipping metadata 'persistent-sm-settings' (props: Some(DictRef { flags: Flags(0x0), entries: {"metadata.name": "persistent-sm-settings", "factory.id": "7", "module.id": "6", "client.id": "35", "object.serial": "37"} }))
2026-07-13T19:43:12+00:00 machine gtk-status-bar[2764]: 2026-07-13T19:43:12.129152Z DEBUG gtk_status_bar::pw: 🚫 Skipping metadata 'sm-settings' (props: Some(DictRef { flags: Flags(0x0), entries: {"metadata.name": "sm-settings", "factory.id": "7", "module.id": "6", "client.id": "35", "object.serial": "38"} }))
2026-07-13T19:43:12+00:00 machine gtk-status-bar[2764]: 2026-07-13T19:43:12.129182Z DEBUG gtk_status_bar::pw: 🚫 Skipping metadata 'sm-objects' (props: Some(DictRef { flags: Flags(0x0), entries: {"metadata.name": "sm-objects", "factory.id": "7", "module.id": "6", "client.id": "35", "object.serial": "39"} }))
2026-07-13T19:43:12+00:00 machine gtk-status-bar[2764]: 2026-07-13T19:43:12.129207Z DEBUG gtk_status_bar::pw: 🚫 Skipping metadata 'default-profile' (props: Some(DictRef { flags: Flags(0x0), entries: {"wireplumber.state": "true", "metadata.name": "default-profile", "factory.id": "7", "module.id": "6", "client.id": "35", "object.serial": "40"} }))
2026-07-13T19:43:12+00:00 machine gtk-status-bar[2764]: 2026-07-13T19:43:12.129230Z DEBUG gtk_status_bar::pw: ✅ Processing metadata.name == default
2026-07-13T19:43:12+00:00 machine gtk-status-bar[2764]: 2026-07-13T19:43:12.129250Z DEBUG gtk_status_bar::pw: 📋 Found metadata object: Some(DictRef { flags: Flags(0x0), entries: {"metadata.name": "default", "factory.id": "7", "module.id": "6", "client.id": "35", "object.serial": "42"} })
2026-07-13T19:43:12+00:00 machine gtk-status-bar[2764]: 2026-07-13T19:43:12.129288Z DEBUG gtk_status_bar::pw: 📋 Bound 'default' Metadata (id=3)
2026-07-13T19:43:12+00:00 machine gtk-status-bar[2764]: 2026-07-13T19:43:12.129322Z DEBUG gtk_status_bar::pw: 🚫 Skipping metadata 'filters' (props: Some(DictRef { flags: Flags(0x0), entries: {"metadata.name": "filters", "factory.id": "7", "module.id": "6", "client.id": "35", "object.serial": "43"} }))
2026-07-13T19:43:12+00:00 machine gtk-status-bar[2764]: 2026-07-13T19:43:12.129346Z DEBUG gtk_status_bar::pw: 🚫 Skipping metadata 'route-settings' (props: Some(DictRef { flags: Flags(0x0), entries: {"metadata.name": "route-settings", "factory.id": "7", "module.id": "6", "client.id": "35", "object.serial": "44"} }))
2026-07-13T19:43:12+00:00 machine gtk-status-bar[2764]: 2026-07-13T19:43:12.129370Z DEBUG gtk_status_bar::pw: 🚫 Skipping metadata '' (props: Some(DictRef { flags: Flags(0x0), entries: {"object.serial": "41", "module.id": "2", "pipewire.protocol": "protocol-native", "pipewire.sec.pid": "1337", "pipewire.sec.uid": "1000", "pipewire.sec.gid": "100", "pipewire.sec.socket": "pipewire-0", "application.name": ".xdg-desktop-portal-hyprland-wrapped", "pipewire.access": "unrestricted"} }))
2026-07-13T19:43:12+00:00 machine gtk-status-bar[2764]: 2026-07-13T19:43:12.129397Z DEBUG gtk_status_bar::pw: 🚫 Skipping metadata '' (props: Some(DictRef { flags: Flags(0x0), entries: {"object.serial": "45", "module.id": "2", "pipewire.protocol": "protocol-native", "pipewire.sec.pid": "1327", "pipewire.sec.uid": "1000", "pipewire.sec.gid": "100", "pipewire.sec.socket": "pipewire-0-manager", "application.name": "WirePlumber [export]", "pipewire.access": "unrestricted"} }))
2026-07-13T19:43:12+00:00 machine gtk-status-bar[2764]: 2026-07-13T19:43:12.129422Z DEBUG gtk_status_bar::pw: 🚫 Skipping metadata '' (props: Some(DictRef { flags: Flags(0x0), entries: {"object.serial": "46", "factory.id": "11", "client.id": "45", "priority.session": "100", "priority.driver": "1", "node.name": "Midi-Bridge", "media.class": "Midi/Bridge"} }))
2026-07-13T19:43:12+00:00 machine gtk-status-bar[2764]: 2026-07-13T19:43:12.129445Z DEBUG gtk_status_bar::pw: 🔍 Checking node - media.class: Some("Midi/Bridge")
2026-07-13T19:43:12+00:00 machine gtk-status-bar[2764]: 2026-07-13T19:43:12.129465Z DEBUG gtk_status_bar::pw: 🔍 Node filter result: false for media.class: Some("Midi/Bridge")
2026-07-13T19:43:12+00:00 machine gtk-status-bar[2764]: 2026-07-13T19:43:12.129492Z DEBUG gtk_status_bar::pw: 🚫 Skipping metadata '' (props: Some(DictRef { flags: Flags(0x0), entries: {"object.serial": "47", "object.path": "alsa:seq:default:client_14:playback_0", "format.dsp": "8 bit raw midi", "node.id": "46", "port.id": "0", "port.name": "Midi Through: Port-0 (playback)", "port.direction": "in", "port.physical": "true", "port.terminal": "true", "port.alias": "Midi Through:Midi Through Port-0", "port.group": "client_14"} }))
2026-07-13T19:43:12+00:00 machine gtk-status-bar[2764]: 2026-07-13T19:43:12.129519Z DEBUG gtk_status_bar::pw: 🚫 Skipping metadata '' (props: Some(DictRef { flags: Flags(0x0), entries: {"object.serial": "48", "object.path": "alsa:seq:default:client_14:capture_0", "format.dsp": "8 bit raw midi", "node.id": "46", "port.id": "0", "port.name": "Midi Through: Port-0 (capture)", "port.direction": "out", "port.physical": "true", "port.terminal": "true", "port.alias": "Midi Through:Midi Through Port-0", "port.group": "client_14"} }))
2026-07-13T19:43:12+00:00 machine gtk-status-bar[2764]: 2026-07-13T19:43:12.129545Z DEBUG gtk_status_bar::pw: 🚫 Skipping metadata '' (props: Some(DictRef { flags: Flags(0x0), entries: {"object.serial": "49", "factory.id": "14", "client.id": "45", "node.description": "BLE MIDI 1", "node.name": "bluez_midi.server", "media.class": "Midi/Bridge"} }))
2026-07-13T19:43:12+00:00 machine gtk-status-bar[2764]: 2026-07-13T19:43:12.129568Z DEBUG gtk_status_bar::pw: 🔍 Checking node - media.class: Some("Midi/Bridge")
2026-07-13T19:43:12+00:00 machine gtk-status-bar[2764]: 2026-07-13T19:43:12.129587Z DEBUG gtk_status_bar::pw: 🔍 Node filter result: false for media.class: Some("Midi/Bridge")
2026-07-13T19:43:12+00:00 machine gtk-status-bar[2764]: 2026-07-13T19:43:12.129610Z DEBUG gtk_status_bar::pw: 🚫 Skipping metadata '' (props: Some(DictRef { flags: Flags(0x0), entries: {"object.serial": "50", "object.path": "bluez_midi.server:input_0", "format.dsp": "8 bit raw midi", "node.id": "49", "port.id": "0", "port.name": "in", "port.direction": "in", "port.physical": "true", "port.terminal": "true", "port.alias": "in", "port.group": "group.0"} }))
2026-07-13T19:43:12+00:00 machine gtk-status-bar[2764]: 2026-07-13T19:43:12.129641Z DEBUG gtk_status_bar::pw: 🚫 Skipping metadata '' (props: Some(DictRef { flags: Flags(0x0), entries: {"object.serial": "51", "object.path": "bluez_midi.server:output_0", "format.dsp": "8 bit raw midi", "node.id": "49", "port.id": "0", "port.name": "out", "port.direction": "out", "port.physical": "true", "port.terminal": "true", "port.alias": "out", "port.group": "group.0"} }))
2026-07-13T19:43:12+00:00 machine gtk-status-bar[2764]: 2026-07-13T19:43:12.129667Z DEBUG gtk_status_bar::pw: 🚫 Skipping metadata '' (props: Some(DictRef { flags: Flags(0x0), entries: {"object.serial": "53", "module.id": "2", "pipewire.protocol": "protocol-native", "pipewire.sec.pid": "1392", "pipewire.sec.uid": "1000", "pipewire.sec.gid": "100", "pipewire.sec.socket": "pipewire-0", "application.name": "pipewire", "pipewire.access": "unrestricted"} }))
2026-07-13T19:43:12+00:00 machine gtk-status-bar[2764]: 2026-07-13T19:43:12.129749Z DEBUG gtk_status_bar::pw: 🚫 Skipping metadata '' (props: Some(DictRef { flags: Flags(0x0), entries: {"object.serial": "54", "factory.id": "19", "client.id": "53", "node.description": "Dummy Output", "node.name": "auto_null", "media.class": "Audio/Sink"} }))
2026-07-13T19:43:12+00:00 machine gtk-status-bar[2764]: 2026-07-13T19:43:12.129772Z DEBUG gtk_status_bar::pw: 🔍 Checking node - media.class: Some("Audio/Sink")
2026-07-13T19:43:12+00:00 machine gtk-status-bar[2764]: 2026-07-13T19:43:12.129792Z DEBUG gtk_status_bar::pw: 🔍 Node filter result: true for media.class: Some("Audio/Sink")
2026-07-13T19:43:12+00:00 machine gtk-status-bar[2764]: 2026-07-13T19:43:12.129817Z DEBUG gtk_status_bar::pw: 📱 Monitoring audio node: Dummy Output (4) [node.name: auto_null]
2026-07-13T19:43:12+00:00 machine gtk-status-bar[2764]: 2026-07-13T19:43:12.129836Z DEBUG gtk_status_bar::pw: 🔗 ADDING NODE LISTENER for node.name: auto_null
2026-07-13T19:43:12+00:00 machine gtk-status-bar[2764]: 2026-07-13T19:43:12.129858Z DEBUG gtk_status_bar::pw: 📝 Added device to HashMap: 4 -> (auto_null, Dummy Output, no volume yet)
2026-07-13T19:43:12+00:00 machine gtk-status-bar[2764]: 2026-07-13T19:43:12.129881Z DEBUG gtk_status_bar::pw: 🗂️ Current device map size: 1
2026-07-13T19:43:12+00:00 machine gtk-status-bar[2764]: 2026-07-13T19:43:12.129906Z DEBUG gtk_status_bar::pw: 🚫 Skipping metadata '' (props: Some(DictRef { flags: Flags(0x0), entries: {"object.serial": "55", "module.id": "2", "pipewire.protocol": "protocol-native", "pipewire.sec.pid": "1392", "pipewire.sec.uid": "1000", "pipewire.sec.gid": "100", "pipewire.sec.socket": "pipewire-0", "application.name": "Blueman", "pipewire.access": "unrestricted"} }))
2026-07-13T19:43:12+00:00 machine gtk-status-bar[2764]: 2026-07-13T19:43:12.129938Z DEBUG gtk_status_bar::pw: 🚫 Skipping metadata '' (props: Some(DictRef { flags: Flags(0x0), entries: {"object.serial": "56", "object.path": "auto_null:playback_0", "format.dsp": "32 bit float mono audio", "node.id": "54", "audio.channel": "FL", "port.id": "0", "port.name": "playback_FL", "port.direction": "in", "port.alias": "Dummy Output:playback_FL", "port.group": "stream.0"} }))
2026-07-13T19:43:12+00:00 machine gtk-status-bar[2764]: 2026-07-13T19:43:12.129963Z DEBUG gtk_status_bar::pw: 🚫 Skipping metadata '' (props: Some(DictRef { flags: Flags(0x0), entries: {"object.serial": "57", "object.path": "auto_null:playback_1", "format.dsp": "32 bit float mono audio", "node.id": "54", "audio.channel": "FR", "port.id": "1", "port.name": "playback_FR", "port.direction": "in", "port.alias": "Dummy Output:playback_FR", "port.group": "stream.0"} }))
2026-07-13T19:43:12+00:00 machine gtk-status-bar[2764]: 2026-07-13T19:43:12.129988Z DEBUG gtk_status_bar::pw: 🚫 Skipping metadata '' (props: Some(DictRef { flags: Flags(0x0), entries: {"object.serial": "58", "object.path": "auto_null:monitor_0", "format.dsp": "32 bit float mono audio", "node.id": "54", "audio.channel": "FL", "port.id": "0", "port.name": "monitor_FL", "port.direction": "out", "port.monitor": "true", "port.alias": "Dummy Output:monitor_FL", "port.group": "stream.0"} }))
2026-07-13T19:43:12+00:00 machine gtk-status-bar[2764]: 2026-07-13T19:43:12.130016Z DEBUG gtk_status_bar::pw: 🚫 Skipping metadata '' (props: Some(DictRef { flags: Flags(0x0), entries: {"object.serial": "59", "object.path": "auto_null:monitor_1", "format.dsp": "32 bit float mono audio", "node.id": "54", "audio.channel": "FR", "port.id": "1", "port.name": "monitor_FR", "port.direction": "out", "port.monitor": "true", "port.alias": "Dummy Output:monitor_FR", "port.group": "stream.0"} }))
2026-07-13T19:43:12+00:00 machine gtk-status-bar[2764]: 2026-07-13T19:43:12.130042Z DEBUG gtk_status_bar::pw: 🚫 Skipping metadata '' (props: Some(DictRef { flags: Flags(0x0), entries: {"object.serial": "60", "module.id": "2", "pipewire.protocol": "protocol-native", "pipewire.sec.pid": "2764", "pipewire.sec.uid": "1000", "pipewire.sec.gid": "100", "pipewire.sec.socket": "pipewire-0", "application.name": ".gtk-status-bar-wrapped", "pipewire.access": "unrestricted"} }))
2026-07-13T19:43:12+00:00 machine gtk-status-bar[2764]: 2026-07-13T19:43:12.131985Z DEBUG gtk_status_bar::pw: 📝 metadata.property subject=0 key=Some("default.audio.sink") value=Some("{\"name\":\"auto_null\"}")
2026-07-13T19:43:12+00:00 machine gtk-status-bar[2764]: 2026-07-13T19:43:12.132004Z DEBUG gtk_status_bar::pw: 🔍 Processing metadata property: default.audio.sink={"name":"auto_null"}
2026-07-13T19:43:12+00:00 machine gtk-status-bar[2764]: 2026-07-13T19:43:12.132023Z  INFO gtk_status_bar::pw: 🔄 Default sink -> auto_null
2026-07-13T19:43:12+00:00 machine gtk-status-bar[2764]: 2026-07-13T19:43:12.132038Z DEBUG gtk_status_bar::pw: 🎯 SINK CHANGE: None -> auto_null (should trigger volume fetch)
2026-07-13T19:43:12+00:00 machine gtk-status-bar[2764]: 2026-07-13T19:43:12.132052Z DEBUG gtk_status_bar::pw: 🗂️ Searching device map for default sink 'auto_null'
2026-07-13T19:43:12+00:00 machine gtk-status-bar[2764]: 2026-07-13T19:43:12.132066Z DEBUG gtk_status_bar::pw: 🗂️ Current device map contents: {4: ("auto_null", "Dummy Output", None, None, None)}
2026-07-13T19:43:12+00:00 machine gtk-status-bar[2764]: 2026-07-13T19:43:12.132081Z DEBUG gtk_status_bar::pw: 🔍 Checking device 4: node_name='auto_null', description='Dummy Output' against default sink 'auto_null'
2026-07-13T19:43:12+00:00 machine gtk-status-bar[2764]: 2026-07-13T19:43:12.132095Z DEBUG gtk_status_bar::pw: 🎯 MATCH! Found device 4 with node_name 'auto_null' matching default sink
2026-07-13T19:43:12+00:00 machine gtk-status-bar[2764]: 2026-07-13T19:43:12.132110Z DEBUG gtk_status_bar::pw: 🎨 Updating GUI label to: 'Dummy Output' with cached volume data
2026-07-13T19:43:12+00:00 machine gtk-status-bar[2764]: 2026-07-13T19:43:12.132125Z DEBUG gtk_status_bar::pw: 💾 Cached volume data: Vol: None%, Ch: None%, Mute: None
2026-07-13T19:43:12+00:00 machine gtk-status-bar[2764]: 2026-07-13T19:43:12.132148Z DEBUG gtk_status_bar::pw: ✅ Sent REAL volume data to GUI: 'Dummy Output' Vol: None%, Ch: None%, Mute: None
2026-07-13T19:43:12+00:00 machine gtk-status-bar[2764]: 2026-07-13T19:43:12.132225Z DEBUG gtk_status_bar::pw: 🎛️  NODE PARAM CALLBACK: Dummy Output (4) received Props param
2026-07-13T19:43:12+00:00 machine gtk-status-bar[2764]: 2026-07-13T19:43:12.132248Z DEBUG gtk_status_bar::pw: 🔊 Node 4: Dummy Output - Vol: Some(100)% | Ch: Some(100)% | Mute: Some(false) [CACHING]
2026-07-13T19:43:12+00:00 machine gtk-status-bar[2764]: 2026-07-13T19:43:12.132265Z DEBUG gtk_status_bar::pw: 📝 Updated volume cache for device 4: Dummy Output -> Vol: Some(100)%, Ch: Some(100)%, Mute: Some(false)
2026-07-13T19:43:12+00:00 machine gtk-status-bar[2764]: 2026-07-13T19:43:12.132280Z DEBUG gtk_status_bar::pw: 🎯 Checking if device 4 is default: current_default=Some("auto_null"), node_name=auto_null, is_default=true
2026-07-13T19:43:12+00:00 machine gtk-status-bar[2764]: 2026-07-13T19:43:12.132295Z DEBUG gtk_status_bar::pw: 📤 SENDING VOLUME UPDATE to GUI for default sink (node id=4)
2026-07-13T19:43:12+00:00 machine gtk-status-bar[2764]: 2026-07-13T19:43:12.132312Z ERROR gtk_status_bar::pw: ❌ PipeWire error id:4 seq:5 res:-2: enum params id:13 (Spa:Enum:ParamId:Route) failed
2026-07-13T19:43:12+00:00 machine gtk-status-bar[2764]: 2026-07-13T19:43:12.177100Z  INFO gtk_status_bar::network: Network reachability probe completed target=192.0.2.1 success=true elapsed_ms=102
2026-07-13T19:43:12+00:00 machine gtk-status-bar[2764]: 2026-07-13T19:43:12.177142Z DEBUG gtk_status_bar::network: Sent network update label="\u{f091f} 28% \u{f0ac}"
2026-07-13T19:43:12+00:00 machine gtk-status-bar[2764]: 2026-07-13T19:43:12.177992Z DEBUG gtk_status_bar::widgets: Updating network label: 󰤟 28% 
2026-07-13T19:43:12+00:00 machine gtk-status-bar[2764]: 2026-07-13T19:43:12.178102Z DEBUG gtk_status_bar::widgets: 📺 Skipping GUI update - no volume data available
2026-07-13T19:43:12+00:00 machine gtk-status-bar[2764]: 2026-07-13T19:43:12.178137Z DEBUG gtk_status_bar::widgets: 📺 GTK UI updated via ASYNC: 🔊D100
2026-07-13T19:43:12+00:00 machine gtk-status-bar[2764]: 2026-07-13T19:43:12.547891Z  INFO gtk_status_bar::tray: Status notifier item registered item=":1.68/StatusNotifierItem"
2026-07-13T19:43:12+00:00 machine gtk-status-bar[2764]: 2026-07-13T19:43:12.557410Z  INFO gtk_status_bar::widgets: Added system tray item item=":1.68/StatusNotifierItem"
2026-07-13T19:43:12+00:00 machine gtk-status-bar[2764]: 2026-07-13T19:43:12.703942Z  INFO gtk_status_bar::network: Network reachability probe completed target=198.51.100.1 success=false elapsed_ms=14
2026-07-13T19:43:12+00:00 machine gtk-status-bar[2764]: 2026-07-13T19:43:12.704019Z DEBUG gtk_status_bar::network: Sent network update label="\u{f091f} 28% \u{f0ac}"
2026-07-13T19:43:12+00:00 machine gtk-status-bar[2764]: 2026-07-13T19:43:12.704173Z DEBUG gtk_status_bar::widgets: Updating network label: 󰤟 28% 
2026-07-13T19:43:13+00:00 machine gtk-status-bar[2764]: 2026-07-13T19:43:13.001383Z DEBUG gtk_status_bar::widgets: Updating time label:  7:43 PM
2026-07-13T19:43:13+00:00 machine gtk-status-bar[2764]: 2026-07-13T19:43:13.035953Z  INFO gtk_status_bar::network: Network reachability probe completed target=192.0.2.1 success=true elapsed_ms=17
2026-07-13T19:43:13+00:00 machine gtk-status-bar[2764]: 2026-07-13T19:43:13.036027Z DEBUG gtk_status_bar::network: Sent network update label="\u{f091f} 28% \u{f0ac}"
2026-07-13T19:43:13+00:00 machine gtk-status-bar[2764]: 2026-07-13T19:43:13.036210Z DEBUG gtk_status_bar::widgets: Updating network label: 󰤟 28% 
2026-07-13T19:43:14+00:00 machine gtk-status-bar[2764]: 2026-07-13T19:43:14.001781Z DEBUG gtk_status_bar::widgets: Updating time label:  7:43 PM
2026-07-13T19:43:14+00:00 machine gtk-status-bar[2764]: 2026-07-13T19:43:14.474783Z DEBUG gtk_status_bar::dbus: Got an event in event stream: Msg { type: Signal, serial: 115, sender: UniqueName(":1.6"), path: ObjectPath("/org/bluez/hci0/dev_AA_BB_CC_DD_EE_01"), iface: InterfaceName("org.freedesktop.DBus.Properties"), member: MemberName("PropertiesChanged"), body: Structure(Dynamic { fields: [Str, Dict { key: Dynamic { child: Str }, value: Dynamic { child: Variant } }, Array(Dynamic { child: Str })] }), fds: [] }
2026-07-13T19:43:14+00:00 machine gtk-status-bar[2764]: 2026-07-13T19:43:14.474829Z DEBUG gtk_status_bar::dbus: Dbus monitor: Received D-Bus message from path: Some(ObjectPath("/org/bluez/hci0/dev_AA_BB_CC_DD_EE_01")), interface: Some(InterfaceName("org.freedesktop.DBus.Properties")), member: Some(MemberName("PropertiesChanged"))
2026-07-13T19:43:14+00:00 machine gtk-status-bar[2764]: 2026-07-13T19:43:14.474851Z  INFO gtk_status_bar::dbus: Dbus monitor: Received signal
2026-07-13T19:43:14+00:00 machine gtk-status-bar[2764]: 2026-07-13T19:43:14.474869Z  INFO gtk_status_bar::dbus: Dbus monitor: Received PropertiesChanged signal
2026-07-13T19:43:14+00:00 machine gtk-status-bar[2764]: 2026-07-13T19:43:14.474906Z  INFO gtk_status_bar::dbus: Bluetooth device battery at 65%
2026-07-13T19:43:14+00:00 machine gtk-status-bar[2764]: 2026-07-13T19:43:14.474927Z  INFO gtk_status_bar::dbus: Updated device /org/bluez/hci0/dev_AA_BB_CC_DD_EE_01 battery via PropertiesChanged: Some(65)%
2026-07-13T19:43:14+00:00 machine gtk-status-bar[2764]: 2026-07-13T19:43:14.523552Z DEBUG gtk_status_bar::widgets: Updating Bluetooth battery label: 🎧55 D42 P65
2026-07-13T19:43:14+00:00 machine gtk-status-bar[2764]: 2026-07-13T19:43:14.526455Z  INFO gtk_status_bar::tray: Status notifier item registered item=":1.69/org/blueman/sni"
2026-07-13T19:43:14+00:00 machine gtk-status-bar[2764]: 2026-07-13T19:43:14.529130Z DEBUG gtk_status_bar::widgets: 👁️  SHOWING Bluetooth widget - data: 🎧55 D42 P65
2026-07-13T19:43:14+00:00 machine gtk-status-bar[2764]: 2026-07-13T19:43:14.556899Z DEBUG gtk_status_bar::tray: Tray item property is unavailable property="IconPixmap" error=org.freedesktop.DBus.Error.InvalidArgs: No such property “IconPixmap”
2026-07-13T19:43:14+00:00 machine gtk-status-bar[2764]: 2026-07-13T19:43:14.559945Z DEBUG gtk_status_bar::tray: Tray item property is unavailable property="IconThemePath" error=org.freedesktop.DBus.Error.InvalidArgs: No such property “IconThemePath”
2026-07-13T19:43:14+00:00 machine gtk-status-bar[2764]: 2026-07-13T19:43:14.577609Z  INFO gtk_status_bar::widgets: Added system tray item item=":1.69/org/blueman/sni"
2026-07-13T19:43:14+00:00 machine gtk-status-bar[2764]: 2026-07-13T19:43:14.722655Z  INFO gtk_status_bar::network: Network reachability probe completed target=198.51.100.1 success=false elapsed_ms=12
2026-07-13T19:43:14+00:00 machine gtk-status-bar[2764]: 2026-07-13T19:43:14.722771Z DEBUG gtk_status_bar::network: Sent network update label="\u{f091f} 28% \u{f0ac}"
2026-07-13T19:43:14+00:00 machine gtk-status-bar[2764]: 2026-07-13T19:43:14.722920Z DEBUG gtk_status_bar::widgets: Updating network label: 󰤟 28% 
2026-07-13T19:43:15+00:00 machine gtk-status-bar[2764]: 2026-07-13T19:43:15.001996Z DEBUG gtk_status_bar::widgets: Updating time label:  7:43 PM
2026-07-13T19:43:16+00:00 machine gtk-status-bar[2764]: 2026-07-13T19:43:16.002997Z DEBUG gtk_status_bar::widgets: Updating time label:  7:43 PM
2026-07-13T19:43:16+00:00 machine gtk-status-bar[2764]: 2026-07-13T19:43:16.439298Z  INFO gtk_status_bar::network: Network reachability probe completed target=198.51.100.1 success=false elapsed_ms=18
2026-07-13T19:43:16+00:00 machine gtk-status-bar[2764]: 2026-07-13T19:43:16.439373Z DEBUG gtk_status_bar::network: Sent network update label="\u{f091f} 28% \u{f0ac}"
2026-07-13T19:43:16+00:00 machine gtk-status-bar[2764]: 2026-07-13T19:43:16.461076Z DEBUG gtk_status_bar::widgets: Updating network label: 󰤟 28% 
2026-07-13T19:43:16+00:00 machine gtk-status-bar[2764]: 2026-07-13T19:43:16.503463Z  INFO gtk_status_bar::network: Network reachability probe completed target=192.0.2.1 success=true elapsed_ms=12
2026-07-13T19:43:16+00:00 machine gtk-status-bar[2764]: 2026-07-13T19:43:16.503509Z DEBUG gtk_status_bar::network: Sent network update label="\u{f091f} 28% \u{f0ac}"
2026-07-13T19:43:16+00:00 machine gtk-status-bar[2764]: 2026-07-13T19:43:16.504067Z DEBUG gtk_status_bar::widgets: Updating network label: 󰤟 28% 
2026-07-13T19:43:17+00:00 machine gtk-status-bar[2764]: 2026-07-13T19:43:17.002178Z DEBUG gtk_status_bar::widgets: Updating time label:  7:43 PM
2026-07-13T19:43:17+00:00 machine gtk-status-bar[2764]: 2026-07-13T19:43:17.300343Z  INFO gtk_status_bar::network: Network reachability probe completed target=192.0.2.1 success=true elapsed_ms=19
2026-07-13T19:43:17+00:00 machine gtk-status-bar[2764]: 2026-07-13T19:43:17.300426Z DEBUG gtk_status_bar::network: Sent network update label="\u{f091f} 28% \u{f0ac}"
2026-07-13T19:43:17+00:00 machine gtk-status-bar[2764]: 2026-07-13T19:43:17.300592Z DEBUG gtk_status_bar::widgets: Updating network label: 󰤟 28% 
2026-07-13T19:43:18+00:00 machine gtk-status-bar[2764]: 2026-07-13T19:43:18.001189Z DEBUG gtk_status_bar::widgets: Updating time label:  7:43 PM
2026-07-13T19:43:18+00:00 machine gtk-status-bar[2764]: 2026-07-13T19:43:18.171353Z DEBUG gtk_status_bar::dbus: Got an event in event stream: Msg { type: Signal, serial: 119, sender: UniqueName(":1.6"), path: ObjectPath("/"), iface: InterfaceName("org.freedesktop.DBus.ObjectManager"), member: MemberName("InterfacesRemoved"), body: Structure(Dynamic { fields: [ObjectPath, Array(Dynamic { child: Str })] }), fds: [] }
2026-07-13T19:43:18+00:00 machine gtk-status-bar[2764]: 2026-07-13T19:43:18.171423Z DEBUG gtk_status_bar::dbus: Dbus monitor: Received D-Bus message from path: Some(ObjectPath("/")), interface: Some(InterfaceName("org.freedesktop.DBus.ObjectManager")), member: Some(MemberName("InterfacesRemoved"))
2026-07-13T19:43:18+00:00 machine gtk-status-bar[2764]: 2026-07-13T19:43:18.171463Z  INFO gtk_status_bar::dbus: Dbus monitor: Received signal
2026-07-13T19:43:18+00:00 machine gtk-status-bar[2764]: 2026-07-13T19:43:18.178788Z  INFO gtk_status_bar::dbus: Dbus monitor: Received InterfacesRemoved signal from ObjectManager
2026-07-13T19:43:18+00:00 machine gtk-status-bar[2764]: 2026-07-13T19:43:18.178830Z DEBUG gtk_status_bar::dbus: Dbus monitor: Interfaces removed from /org/bluez/hci0/dev_AA_BB_CC_DD_EE_01: Array { elements: [Str("org.bluez.Device1")], signature: Array(Dynamic { child: Str }) }
2026-07-13T19:43:18+00:00 machine gtk-status-bar[2764]: 2026-07-13T19:43:18.178853Z  INFO gtk_status_bar::dbus: Dbus monitor: Bluetooth Device1 interface removed from /org/bluez/hci0/dev_AA_BB_CC_DD_EE_01
2026-07-13T19:43:18+00:00 machine gtk-status-bar[2764]: 2026-07-13T19:43:18.178879Z  INFO gtk_status_bar::dbus: Removed device /org/bluez/hci0/dev_AA_BB_CC_DD_EE_01 from HashMap (Device1 gone)
2026-07-13T19:43:18+00:00 machine gtk-status-bar[2764]: 2026-07-13T19:43:18.179077Z DEBUG gtk_status_bar::widgets: Updating Bluetooth battery label: 🎧55 D42
2026-07-13T19:43:18+00:00 machine gtk-status-bar[2764]: 2026-07-13T19:43:18.179202Z DEBUG gtk_status_bar::widgets: 👁️  SHOWING Bluetooth widget - data: 🎧55 D42
2026-07-13T19:43:18+00:00 machine gtk-status-bar[2764]: 2026-07-13T19:43:18.241104Z  INFO gtk_status_bar::network: Network reachability probe completed target=198.51.100.1 success=false elapsed_ms=77
2026-07-13T19:43:18+00:00 machine gtk-status-bar[2764]: 2026-07-13T19:43:18.242666Z DEBUG gtk_status_bar::network: Sent network update label="\u{f091f} 28% \u{f0ac}"
2026-07-13T19:43:18+00:00 machine gtk-status-bar[2764]: 2026-07-13T19:43:18.242918Z DEBUG gtk_status_bar::widgets: Updating network label: 󰤟 28% 
2026-07-13T19:43:19+00:00 machine gtk-status-bar[2764]: 2026-07-13T19:43:19.001891Z DEBUG gtk_status_bar::widgets: Updating time label:  7:43 PM
2026-07-13T19:43:19+00:00 machine gtk-status-bar[2764]: 2026-07-13T19:43:19.872684Z  INFO gtk_status_bar::network: Network reachability probe completed target=198.51.100.1 success=false elapsed_ms=24
2026-07-13T19:43:19+00:00 machine gtk-status-bar[2764]: 2026-07-13T19:43:19.872901Z DEBUG gtk_status_bar::network: Sent network update label="\u{f091f} 28% \u{f0ac}"
2026-07-13T19:43:19+00:00 machine gtk-status-bar[2764]: 2026-07-13T19:43:19.874205Z DEBUG gtk_status_bar::widgets: Updating network label: 󰤟 28% 
2026-07-13T19:43:20+00:00 machine gtk-status-bar[2764]: 2026-07-13T19:43:20.001491Z DEBUG gtk_status_bar::widgets: Updating time label:  7:43 PM
2026-07-13T19:43:20+00:00 machine gtk-status-bar[2764]: 2026-07-13T19:43:20.337837Z  INFO gtk_status_bar::network: Network reachability probe completed target=192.0.2.1 success=true elapsed_ms=38
2026-07-13T19:43:20+00:00 machine gtk-status-bar[2764]: 2026-07-13T19:43:20.337921Z DEBUG gtk_status_bar::network: Sent network update label="\u{f091f} 28% \u{f0ac}"
2026-07-13T19:43:20+00:00 machine gtk-status-bar[2764]: 2026-07-13T19:43:20.338056Z DEBUG gtk_status_bar::widgets: Updating network label: 󰤟 28% 
2026-07-13T19:43:20+00:00 machine gtk-status-bar[2764]: 2026-07-13T19:43:20.807038Z DEBUG gtk_status_bar::dbus: Got an event in event stream: Msg { type: Signal, serial: 123, sender: UniqueName(":1.6"), path: ObjectPath("/"), iface: InterfaceName("org.freedesktop.DBus.ObjectManager"), member: MemberName("InterfacesRemoved"), body: Structure(Dynamic { fields: [ObjectPath, Array(Dynamic { child: Str })] }), fds: [] }
2026-07-13T19:43:20+00:00 machine gtk-status-bar[2764]: 2026-07-13T19:43:20.808495Z DEBUG gtk_status_bar::dbus: Dbus monitor: Received D-Bus message from path: Some(ObjectPath("/")), interface: Some(InterfaceName("org.freedesktop.DBus.ObjectManager")), member: Some(MemberName("InterfacesRemoved"))
2026-07-13T19:43:20+00:00 machine gtk-status-bar[2764]: 2026-07-13T19:43:20.808529Z  INFO gtk_status_bar::dbus: Dbus monitor: Received signal
2026-07-13T19:43:20+00:00 machine gtk-status-bar[2764]: 2026-07-13T19:43:20.808555Z  INFO gtk_status_bar::dbus: Dbus monitor: Received InterfacesRemoved signal from ObjectManager
2026-07-13T19:43:20+00:00 machine gtk-status-bar[2764]: 2026-07-13T19:43:20.808589Z DEBUG gtk_status_bar::dbus: Dbus monitor: Interfaces removed from /org/bluez/hci0/dev_AA_BB_CC_DD_EE_02: Array { elements: [Str("org.bluez.Device1")], signature: Array(Dynamic { child: Str }) }
2026-07-13T19:43:20+00:00 machine gtk-status-bar[2764]: 2026-07-13T19:43:20.808618Z  INFO gtk_status_bar::dbus: Dbus monitor: Bluetooth Device1 interface removed from /org/bluez/hci0/dev_AA_BB_CC_DD_EE_02
2026-07-13T19:43:20+00:00 machine gtk-status-bar[2764]: 2026-07-13T19:43:20.808656Z  INFO gtk_status_bar::dbus: Removed device /org/bluez/hci0/dev_AA_BB_CC_DD_EE_02 from HashMap (Device1 gone)
2026-07-13T19:43:20+00:00 machine gtk-status-bar[2764]: 2026-07-13T19:43:20.809120Z DEBUG gtk_status_bar::widgets: Updating Bluetooth battery label: 🎧55
2026-07-13T19:43:20+00:00 machine gtk-status-bar[2764]: 2026-07-13T19:43:20.809287Z DEBUG gtk_status_bar::widgets: 👁️  SHOWING Bluetooth widget - data: 🎧55
2026-07-13T19:43:21+00:00 machine gtk-status-bar[2764]: 2026-07-13T19:43:21.001044Z DEBUG gtk_status_bar::widgets: Updating time label:  7:43 PM
2026-07-13T19:43:21+00:00 machine gtk-status-bar[2764]: 2026-07-13T19:43:21.026973Z DEBUG gtk_status_bar::dbus: Got an event in event stream: Msg { type: Signal, serial: 127, sender: UniqueName(":1.6"), path: ObjectPath("/"), iface: InterfaceName("org.freedesktop.DBus.ObjectManager"), member: MemberName("InterfacesRemoved"), body: Structure(Dynamic { fields: [ObjectPath, Array(Dynamic { child: Str })] }), fds: [] }
2026-07-13T19:43:21+00:00 machine gtk-status-bar[2764]: 2026-07-13T19:43:21.027051Z DEBUG gtk_status_bar::dbus: Dbus monitor: Received D-Bus message from path: Some(ObjectPath("/")), interface: Some(InterfaceName("org.freedesktop.DBus.ObjectManager")), member: Some(MemberName("InterfacesRemoved"))
2026-07-13T19:43:21+00:00 machine gtk-status-bar[2764]: 2026-07-13T19:43:21.027097Z  INFO gtk_status_bar::dbus: Dbus monitor: Received signal
2026-07-13T19:43:21+00:00 machine gtk-status-bar[2764]: 2026-07-13T19:43:21.027137Z  INFO gtk_status_bar::dbus: Dbus monitor: Received InterfacesRemoved signal from ObjectManager
2026-07-13T19:43:21+00:00 machine gtk-status-bar[2764]: 2026-07-13T19:43:21.027191Z DEBUG gtk_status_bar::dbus: Dbus monitor: Interfaces removed from /org/bluez/hci0/dev_AA_BB_CC_DD_EE_03: Array { elements: [Str("org.bluez.Device1")], signature: Array(Dynamic { child: Str }) }
2026-07-13T19:43:21+00:00 machine gtk-status-bar[2764]: 2026-07-13T19:43:21.028220Z  INFO gtk_status_bar::dbus: Dbus monitor: Bluetooth Device1 interface removed from /org/bluez/hci0/dev_AA_BB_CC_DD_EE_03
2026-07-13T19:43:21+00:00 machine gtk-status-bar[2764]: 2026-07-13T19:43:21.028266Z  INFO gtk_status_bar::dbus: Removed device /org/bluez/hci0/dev_AA_BB_CC_DD_EE_03 from HashMap (Device1 gone)
2026-07-13T19:43:21+00:00 machine gtk-status-bar[2764]: 2026-07-13T19:43:21.029002Z DEBUG gtk_status_bar::widgets: Updating Bluetooth battery label:
2026-07-13T19:43:21+00:00 machine gtk-status-bar[2764]: 2026-07-13T19:43:21.029142Z DEBUG gtk_status_bar::widgets: 🙈 HIDING Bluetooth widget - no devices
2026-07-13T19:43:21+00:00 machine gtk-status-bar[2764]: 2026-07-13T19:43:21.306891Z  INFO gtk_status_bar::network: Network reachability probe completed target=192.0.2.1 success=true elapsed_ms=22
2026-07-13T19:43:21+00:00 machine gtk-status-bar[2764]: 2026-07-13T19:43:21.306999Z DEBUG gtk_status_bar::network: Sent network update label="\u{f091f} 28% \u{f0ac}"
2026-07-13T19:43:21+00:00 machine gtk-status-bar[2764]: 2026-07-13T19:43:21.307371Z DEBUG gtk_status_bar::widgets: Updating network label: 󰤟 28% 
2026-07-13T19:43:22+00:00 machine gtk-status-bar[2764]: 2026-07-13T19:43:22.002681Z DEBUG gtk_status_bar::widgets: Updating time label:  7:43 PM
2026-07-13T19:43:22+00:00 machine gtk-status-bar[2764]: 2026-07-13T19:43:22.384077Z  INFO gtk_status_bar::network: Network reachability probe completed target=198.51.100.1 success=false elapsed_ms=25
2026-07-13T19:43:22+00:00 machine gtk-status-bar[2764]: 2026-07-13T19:43:22.384173Z DEBUG gtk_status_bar::network: Sent network update label="\u{f091f} 28% \u{f0ac}"
2026-07-13T19:43:22+00:00 machine gtk-status-bar[2764]: 2026-07-13T19:43:22.384534Z DEBUG gtk_status_bar::widgets: Updating network label: 󰤟 28% 
2026-07-13T19:43:23+00:00 machine gtk-status-bar[2764]: 2026-07-13T19:43:23.002215Z DEBUG gtk_status_bar::widgets: Updating time label:  7:43 PM
2026-07-13T19:43:23+00:00 machine gtk-status-bar[2764]: 2026-07-13T19:43:23.588120Z DEBUG gtk_status_bar::pw: 🚫 Skipping metadata '' (props: Some(DictRef { flags: Flags(0x0), entries: {"object.serial": "61", "module.id": "2", "pipewire.protocol": "protocol-native", "pipewire.sec.pid": "1392", "pipewire.sec.uid": "1000", "pipewire.sec.gid": "100", "pipewire.sec.socket": "pipewire-0", "application.name": "pactl", "pipewire.access": "unrestricted"} }))
2026-07-13T19:43:23+00:00 machine gtk-status-bar[2764]: 2026-07-13T19:43:23.600077Z DEBUG gtk_status_bar::pw: 🚫 Skipping metadata '' (props: Some(DictRef { flags: Flags(0x0), entries: {"object.serial": "62", "module.id": "2", "pipewire.protocol": "protocol-native", "pipewire.sec.pid": "1392", "pipewire.sec.uid": "1000", "pipewire.sec.gid": "100", "pipewire.sec.socket": "pipewire-0", "application.name": "pipewire", "pipewire.access": "unrestricted"} }))
2026-07-13T19:43:23+00:00 machine gtk-status-bar[2764]: 2026-07-13T19:43:23.600121Z DEBUG gtk_status_bar::pw: 🚫 Skipping metadata '' (props: Some(DictRef { flags: Flags(0x0), entries: {"object.serial": "63", "factory.id": "19", "client.id": "61", "node.description": "Alpha", "node.name": "Alpha", "media.class": "Audio/Sink"} }))
2026-07-13T19:43:23+00:00 machine gtk-status-bar[2764]: 2026-07-13T19:43:23.600147Z DEBUG gtk_status_bar::pw: 🔍 Checking node - media.class: Some("Audio/Sink")
2026-07-13T19:43:23+00:00 machine gtk-status-bar[2764]: 2026-07-13T19:43:23.600169Z DEBUG gtk_status_bar::pw: 🔍 Node filter result: true for media.class: Some("Audio/Sink")
2026-07-13T19:43:23+00:00 machine gtk-status-bar[2764]: 2026-07-13T19:43:23.600206Z DEBUG gtk_status_bar::pw: 📱 Monitoring audio node: Alpha (5) [node.name: Alpha]
2026-07-13T19:43:23+00:00 machine gtk-status-bar[2764]: 2026-07-13T19:43:23.600227Z DEBUG gtk_status_bar::pw: 🔗 ADDING NODE LISTENER for node.name: Alpha
2026-07-13T19:43:23+00:00 machine gtk-status-bar[2764]: 2026-07-13T19:43:23.600251Z DEBUG gtk_status_bar::pw: 📝 Added device to HashMap: 5 -> (Alpha, Alpha, no volume yet)
2026-07-13T19:43:23+00:00 machine gtk-status-bar[2764]: 2026-07-13T19:43:23.600630Z DEBUG gtk_status_bar::pw: 🗂️ Current device map size: 2
2026-07-13T19:43:23+00:00 machine gtk-status-bar[2764]: 2026-07-13T19:43:23.600668Z DEBUG gtk_status_bar::pw: 🗑️ Node 4 removed, cleaning up
2026-07-13T19:43:23+00:00 machine gtk-status-bar[2764]: 2026-07-13T19:43:23.600744Z DEBUG gtk_status_bar::pw: ✅ Removed device from HashMap: 4 -> (auto_null, Dummy Output)
2026-07-13T19:43:23+00:00 machine gtk-status-bar[2764]: 2026-07-13T19:43:23.600765Z DEBUG gtk_status_bar::pw: 🗂️ Device map size after removal: 1
2026-07-13T19:43:23+00:00 machine gtk-status-bar[2764]: 2026-07-13T19:43:23.602781Z DEBUG gtk_status_bar::pw: 🎛️  NODE PARAM CALLBACK: Alpha (5) received Props param
2026-07-13T19:43:23+00:00 machine gtk-status-bar[2764]: 2026-07-13T19:43:23.602811Z DEBUG gtk_status_bar::pw: 🔊 Node 5: Alpha - Vol: Some(100)% | Ch: Some(100)% | Mute: Some(false) [CACHING]
2026-07-13T19:43:23+00:00 machine gtk-status-bar[2764]: 2026-07-13T19:43:23.602832Z DEBUG gtk_status_bar::pw: 📝 Updated volume cache for device 5: Alpha -> Vol: Some(100)%, Ch: Some(100)%, Mute: Some(false)
2026-07-13T19:43:23+00:00 machine gtk-status-bar[2764]: 2026-07-13T19:43:23.602851Z DEBUG gtk_status_bar::pw: 🎯 Checking if device 5 is default: current_default=Some("auto_null"), node_name=Alpha, is_default=false
2026-07-13T19:43:23+00:00 machine gtk-status-bar[2764]: 2026-07-13T19:43:23.602870Z DEBUG gtk_status_bar::pw: 📊 Cached volume for non-default device 5 (Alpha)
2026-07-13T19:43:23+00:00 machine gtk-status-bar[2764]: 2026-07-13T19:43:23.602890Z ERROR gtk_status_bar::pw: ❌ PipeWire error id:5 seq:7 res:-2: enum params id:13 (Spa:Enum:ParamId:Route) failed
2026-07-13T19:43:23+00:00 machine gtk-status-bar[2764]: 2026-07-13T19:43:23.606086Z DEBUG gtk_status_bar::pw: 📝 metadata.property subject=0 key=Some("default.audio.sink") value=None
2026-07-13T19:43:23+00:00 machine gtk-status-bar[2764]: 2026-07-13T19:43:23.606110Z DEBUG gtk_status_bar::pw: 🚫 Skipping metadata property: value is None for key Some("default.audio.sink")
2026-07-13T19:43:23+00:00 machine gtk-status-bar[2764]: 2026-07-13T19:43:23.629531Z DEBUG gtk_status_bar::pw: 🎛️  NODE PARAM CALLBACK: Alpha (5) received Props param
2026-07-13T19:43:23+00:00 machine gtk-status-bar[2764]: 2026-07-13T19:43:23.629570Z DEBUG gtk_status_bar::pw: 🔊 Node 5: Alpha - Vol: Some(100)% | Ch: Some(100)% | Mute: Some(false) [CACHING]
2026-07-13T19:43:23+00:00 machine gtk-status-bar[2764]: 2026-07-13T19:43:23.629590Z DEBUG gtk_status_bar::pw: 📝 Updated volume cache for device 5: Alpha -> Vol: Some(100)%, Ch: Some(100)%, Mute: Some(false)
2026-07-13T19:43:23+00:00 machine gtk-status-bar[2764]: 2026-07-13T19:43:23.629608Z DEBUG gtk_status_bar::pw: 🎯 Checking if device 5 is default: current_default=Some("auto_null"), node_name=Alpha, is_default=false
2026-07-13T19:43:23+00:00 machine gtk-status-bar[2764]: 2026-07-13T19:43:23.630976Z DEBUG gtk_status_bar::pw: 📊 Cached volume for non-default device 5 (Alpha)
2026-07-13T19:43:23+00:00 machine gtk-status-bar[2764]: 2026-07-13T19:43:23.631002Z DEBUG gtk_status_bar::pw: 🎛️  NODE PARAM CALLBACK: Alpha (5) received Props param
2026-07-13T19:43:23+00:00 machine gtk-status-bar[2764]: 2026-07-13T19:43:23.631026Z DEBUG gtk_status_bar::pw: 🔊 Node 5: Alpha - Vol: Some(100)% | Ch: Some(100)% | Mute: Some(false) [CACHING]
2026-07-13T19:43:23+00:00 machine gtk-status-bar[2764]: 2026-07-13T19:43:23.631045Z DEBUG gtk_status_bar::pw: 📝 Updated volume cache for device 5: Alpha -> Vol: Some(100)%, Ch: Some(100)%, Mute: Some(false)
2026-07-13T19:43:23+00:00 machine gtk-status-bar[2764]: 2026-07-13T19:43:23.631065Z DEBUG gtk_status_bar::pw: 🎯 Checking if device 5 is default: current_default=Some("auto_null"), node_name=Alpha, is_default=false
2026-07-13T19:43:23+00:00 machine gtk-status-bar[2764]: 2026-07-13T19:43:23.631081Z DEBUG gtk_status_bar::pw: 📊 Cached volume for non-default device 5 (Alpha)
2026-07-13T19:43:23+00:00 machine gtk-status-bar[2764]: 2026-07-13T19:43:23.631100Z DEBUG gtk_status_bar::pw: 🚫 Skipping metadata '' (props: Some(DictRef { flags: Flags(0x0), entries: {"object.serial": "64", "object.path": "Alpha:playback_0", "format.dsp": "32 bit float mono audio", "node.id": "62", "audio.channel": "FL", "port.id": "0", "port.name": "playback_FL", "port.direction": "in", "port.alias": "Alpha:playback_FL", "port.group": "stream.0"} }))
2026-07-13T19:43:23+00:00 machine gtk-status-bar[2764]: 2026-07-13T19:43:23.631121Z DEBUG gtk_status_bar::pw: 🚫 Skipping metadata '' (props: Some(DictRef { flags: Flags(0x0), entries: {"object.serial": "65", "object.path": "Alpha:playback_1", "format.dsp": "32 bit float mono audio", "node.id": "62", "audio.channel": "FR", "port.id": "1", "port.name": "playback_FR", "port.direction": "in", "port.alias": "Alpha:playback_FR", "port.group": "stream.0"} }))
2026-07-13T19:43:23+00:00 machine gtk-status-bar[2764]: 2026-07-13T19:43:23.631140Z DEBUG gtk_status_bar::pw: 🚫 Skipping metadata '' (props: Some(DictRef { flags: Flags(0x0), entries: {"object.serial": "66", "object.path": "Alpha:monitor_0", "format.dsp": "32 bit float mono audio", "node.id": "62", "audio.channel": "FL", "port.id": "0", "port.name": "monitor_FL", "port.direction": "out", "port.monitor": "true", "port.alias": "Alpha:monitor_FL", "port.group": "stream.0"} }))
2026-07-13T19:43:23+00:00 machine gtk-status-bar[2764]: 2026-07-13T19:43:23.631160Z DEBUG gtk_status_bar::pw: 🚫 Skipping metadata '' (props: Some(DictRef { flags: Flags(0x0), entries: {"object.serial": "67", "object.path": "Alpha:monitor_1", "format.dsp": "32 bit float mono audio", "node.id": "62", "audio.channel": "FR", "port.id": "1", "port.name": "monitor_FR", "port.direction": "out", "port.monitor": "true", "port.alias": "Alpha:monitor_FR", "port.group": "stream.0"} }))
2026-07-13T19:43:23+00:00 machine gtk-status-bar[2764]: 2026-07-13T19:43:23.631179Z DEBUG gtk_status_bar::pw: 🎛️  NODE PARAM CALLBACK: Alpha (5) received Props param
2026-07-13T19:43:23+00:00 machine gtk-status-bar[2764]: 2026-07-13T19:43:23.631195Z DEBUG gtk_status_bar::pw: 🔊 Node 5: Alpha - Vol: Some(100)% | Ch: Some(100)% | Mute: Some(false) [CACHING]
2026-07-13T19:43:23+00:00 machine gtk-status-bar[2764]: 2026-07-13T19:43:23.631214Z DEBUG gtk_status_bar::pw: 📝 Updated volume cache for device 5: Alpha -> Vol: Some(100)%, Ch: Some(100)%, Mute: Some(false)
2026-07-13T19:43:23+00:00 machine gtk-status-bar[2764]: 2026-07-13T19:43:23.631230Z DEBUG gtk_status_bar::pw: 🎯 Checking if device 5 is default: current_default=Some("auto_null"), node_name=Alpha, is_default=false
2026-07-13T19:43:23+00:00 machine gtk-status-bar[2764]: 2026-07-13T19:43:23.631246Z DEBUG gtk_status_bar::pw: 📊 Cached volume for non-default device 5 (Alpha)
2026-07-13T19:43:23+00:00 machine gtk-status-bar[2764]: 2026-07-13T19:43:23.634845Z DEBUG gtk_status_bar::pw: 🎛️  NODE PARAM CALLBACK: Alpha (5) received Props param
2026-07-13T19:43:23+00:00 machine gtk-status-bar[2764]: 2026-07-13T19:43:23.634878Z DEBUG gtk_status_bar::pw: 🔊 Node 5: Alpha - Vol: Some(100)% | Ch: Some(100)% | Mute: Some(false) [CACHING]
2026-07-13T19:43:23+00:00 machine gtk-status-bar[2764]: 2026-07-13T19:43:23.634901Z DEBUG gtk_status_bar::pw: 📝 Updated volume cache for device 5: Alpha -> Vol: Some(100)%, Ch: Some(100)%, Mute: Some(false)
2026-07-13T19:43:23+00:00 machine gtk-status-bar[2764]: 2026-07-13T19:43:23.634922Z DEBUG gtk_status_bar::pw: 🎯 Checking if device 5 is default: current_default=Some("auto_null"), node_name=Alpha, is_default=false
2026-07-13T19:43:23+00:00 machine gtk-status-bar[2764]: 2026-07-13T19:43:23.634944Z DEBUG gtk_status_bar::pw: 📊 Cached volume for non-default device 5 (Alpha)
2026-07-13T19:43:23+00:00 machine gtk-status-bar[2764]: 2026-07-13T19:43:23.643865Z DEBUG gtk_status_bar::pw: 📝 metadata.property subject=0 key=Some("default.audio.sink") value=Some("{\"name\":\"Alpha\"}")
2026-07-13T19:43:23+00:00 machine gtk-status-bar[2764]: 2026-07-13T19:43:23.643900Z DEBUG gtk_status_bar::pw: 🔍 Processing metadata property: default.audio.sink={"name":"Alpha"}
2026-07-13T19:43:23+00:00 machine gtk-status-bar[2764]: 2026-07-13T19:43:23.643930Z  INFO gtk_status_bar::pw: 🔄 Default sink -> Alpha
2026-07-13T19:43:23+00:00 machine gtk-status-bar[2764]: 2026-07-13T19:43:23.643950Z DEBUG gtk_status_bar::pw: 🎯 SINK CHANGE: Some("auto_null") -> Alpha (should trigger volume fetch)
2026-07-13T19:43:23+00:00 machine gtk-status-bar[2764]: 2026-07-13T19:43:23.643971Z DEBUG gtk_status_bar::pw: 🗂️ Searching device map for default sink 'Alpha'
2026-07-13T19:43:23+00:00 machine gtk-status-bar[2764]: 2026-07-13T19:43:23.643992Z DEBUG gtk_status_bar::pw: 🗂️ Current device map contents: {5: ("Alpha", "Alpha", Some(100), Some(100), Some(false))}
2026-07-13T19:43:23+00:00 machine gtk-status-bar[2764]: 2026-07-13T19:43:23.644016Z DEBUG gtk_status_bar::pw: 🔍 Checking device 5: node_name='Alpha', description='Alpha' against default sink 'Alpha'
2026-07-13T19:43:23+00:00 machine gtk-status-bar[2764]: 2026-07-13T19:43:23.644047Z DEBUG gtk_status_bar::pw: 🎯 MATCH! Found device 5 with node_name 'Alpha' matching default sink
2026-07-13T19:43:23+00:00 machine gtk-status-bar[2764]: 2026-07-13T19:43:23.644068Z DEBUG gtk_status_bar::pw: 🎨 Updating GUI label to: 'Alpha' with cached volume data
2026-07-13T19:43:23+00:00 machine gtk-status-bar[2764]: 2026-07-13T19:43:23.644088Z DEBUG gtk_status_bar::pw: 💾 Cached volume data: Vol: Some(100)%, Ch: Some(100)%, Mute: Some(false)
2026-07-13T19:43:23+00:00 machine gtk-status-bar[2764]: 2026-07-13T19:43:23.644120Z DEBUG gtk_status_bar::pw: ✅ Sent REAL volume data to GUI: 'Alpha' Vol: Some(100)%, Ch: Some(100)%, Mute: Some(false)
2026-07-13T19:43:23+00:00 machine gtk-status-bar[2764]: 2026-07-13T19:43:23.644379Z DEBUG gtk_status_bar::widgets: 📺 GTK UI updated via ASYNC: 🔊A100
2026-07-13T19:43:23+00:00 machine gtk-status-bar[2764]: 2026-07-13T19:43:23.735447Z  INFO gtk_status_bar::network: Network reachability probe completed target=192.0.2.1 success=true elapsed_ms=115
2026-07-13T19:43:23+00:00 machine gtk-status-bar[2764]: 2026-07-13T19:43:23.735493Z DEBUG gtk_status_bar::network: Sent network update label="\u{f091f} 28% \u{f0ac}"
2026-07-13T19:43:23+00:00 machine gtk-status-bar[2764]: 2026-07-13T19:43:23.735658Z DEBUG gtk_status_bar::widgets: Updating network label: 󰤟 28% 
2026-07-13T19:43:23+00:00 machine gtk-status-bar[2764]: 2026-07-13T19:43:23.975079Z DEBUG gtk_status_bar::pw: 🚫 Skipping metadata '' (props: Some(DictRef { flags: Flags(0x0), entries: {"object.serial": "68", "module.id": "2", "pipewire.protocol": "protocol-native", "pipewire.sec.pid": "1392", "pipewire.sec.uid": "1000", "pipewire.sec.gid": "100", "pipewire.sec.socket": "pipewire-0", "application.name": "pactl", "pipewire.access": "unrestricted"} }))
2026-07-13T19:43:23+00:00 machine gtk-status-bar[2764]: 2026-07-13T19:43:23.993104Z DEBUG gtk_status_bar::pw: 📝 metadata.property subject=0 key=Some("default.configured.audio.sink") value=Some("{ \"name\": \"Alpha\" }")
2026-07-13T19:43:23+00:00 machine gtk-status-bar[2764]: 2026-07-13T19:43:23.993173Z DEBUG gtk_status_bar::pw: 🔍 Processing metadata property: default.configured.audio.sink={ "name": "Alpha" }
2026-07-13T19:43:23+00:00 machine gtk-status-bar[2764]: 2026-07-13T19:43:23.993218Z DEBUG gtk_status_bar::pw: 🔧 Other metadata property: default.configured.audio.sink (ignored)
2026-07-13T19:43:24+00:00 machine gtk-status-bar[2764]: 2026-07-13T19:43:24.001191Z DEBUG gtk_status_bar::widgets: Updating time label:  7:43 PM
2026-07-13T19:43:24+00:00 machine gtk-status-bar[2764]: 2026-07-13T19:43:24.151376Z DEBUG gtk_status_bar::pw: 🚫 Skipping metadata '' (props: Some(DictRef { flags: Flags(0x0), entries: {"object.serial": "69", "module.id": "2", "pipewire.protocol": "protocol-native", "pipewire.sec.pid": "1392", "pipewire.sec.uid": "1000", "pipewire.sec.gid": "100", "pipewire.sec.socket": "pipewire-0", "application.name": "pactl", "pipewire.access": "unrestricted"} }))
2026-07-13T19:43:24+00:00 machine gtk-status-bar[2764]: 2026-07-13T19:43:24.186474Z DEBUG gtk_status_bar::pw: 🎛️  NODE PARAM CALLBACK: Alpha (5) received Props param
2026-07-13T19:43:24+00:00 machine gtk-status-bar[2764]: 2026-07-13T19:43:24.186541Z DEBUG gtk_status_bar::pw: 🔊 Node 5: Alpha - Vol: Some(100)% | Ch: Some(50)% | Mute: Some(false) [CACHING]
2026-07-13T19:43:24+00:00 machine gtk-status-bar[2764]: 2026-07-13T19:43:24.186588Z DEBUG gtk_status_bar::pw: 📝 Updated volume cache for device 5: Alpha -> Vol: Some(100)%, Ch: Some(50)%, Mute: Some(false)
2026-07-13T19:43:24+00:00 machine gtk-status-bar[2764]: 2026-07-13T19:43:24.186631Z DEBUG gtk_status_bar::pw: 🎯 Checking if device 5 is default: current_default=Some("Alpha"), node_name=Alpha, is_default=true
2026-07-13T19:43:24+00:00 machine gtk-status-bar[2764]: 2026-07-13T19:43:24.186841Z DEBUG gtk_status_bar::pw: 📤 SENDING VOLUME UPDATE to GUI for default sink (node id=5)
2026-07-13T19:43:24+00:00 machine gtk-status-bar[2764]: 2026-07-13T19:43:24.187459Z DEBUG gtk_status_bar::widgets: 📺 GTK UI updated via ASYNC: 🔊A50
2026-07-13T19:43:24+00:00 machine gtk-status-bar[2764]: 2026-07-13T19:43:24.616069Z  INFO gtk_status_bar::network: Network reachability probe completed target=198.51.100.1 success=false elapsed_ms=23
2026-07-13T19:43:24+00:00 machine gtk-status-bar[2764]: 2026-07-13T19:43:24.616172Z DEBUG gtk_status_bar::network: Sent network update label="\u{f091f} 28% \u{f0ac}"
2026-07-13T19:43:24+00:00 machine gtk-status-bar[2764]: 2026-07-13T19:43:24.616586Z DEBUG gtk_status_bar::widgets: Updating network label: 󰤟 28% 
2026-07-13T19:43:25+00:00 machine gtk-status-bar[2764]: 2026-07-13T19:43:25.001232Z DEBUG gtk_status_bar::widgets: Updating time label:  7:43 PM
2026-07-13T19:43:25+00:00 machine gtk-status-bar[2764]: 2026-07-13T19:43:25.788421Z  INFO gtk_status_bar::network: Network reachability probe completed target=198.51.100.1 success=false elapsed_ms=22
2026-07-13T19:43:25+00:00 machine gtk-status-bar[2764]: 2026-07-13T19:43:25.788500Z DEBUG gtk_status_bar::network: Sent network update label="\u{f091f} 28% \u{f0ac}"
2026-07-13T19:43:25+00:00 machine gtk-status-bar[2764]: 2026-07-13T19:43:25.788941Z DEBUG gtk_status_bar::widgets: Updating network label: 󰤟 28% 
2026-07-13T19:43:26+00:00 machine gtk-status-bar[2764]: 2026-07-13T19:43:26.000915Z DEBUG gtk_status_bar::widgets: Updating time label:  7:43 PM
2026-07-13T19:43:27+00:00 machine gtk-status-bar[2764]: 2026-07-13T19:43:27.002878Z DEBUG gtk_status_bar::widgets: Updating time label:  7:43 PM
2026-07-13T19:43:27+00:00 machine gtk-status-bar[2764]: 2026-07-13T19:43:27.342992Z  INFO gtk_status_bar::network: Network reachability probe completed target=192.0.2.1 success=true elapsed_ms=19
2026-07-13T19:43:27+00:00 machine gtk-status-bar[2764]: 2026-07-13T19:43:27.343085Z DEBUG gtk_status_bar::network: Sent network update label="\u{f091f} 28% \u{f0ac}"
2026-07-13T19:43:27+00:00 machine gtk-status-bar[2764]: 2026-07-13T19:43:27.343578Z DEBUG gtk_status_bar::widgets: Updating network label: 󰤟 28% 
2026-07-13T19:43:27+00:00 machine gtk-status-bar[2764]: 2026-07-13T19:43:27.879054Z DEBUG gtk_status_bar::pw: 🚫 Skipping metadata '' (props: Some(DictRef { flags: Flags(0x0), entries: {"object.serial": "70", "module.id": "2", "pipewire.protocol": "protocol-native", "pipewire.sec.pid": "1392", "pipewire.sec.uid": "1000", "pipewire.sec.gid": "100", "pipewire.sec.socket": "pipewire-0", "application.name": "pactl", "pipewire.access": "unrestricted"} }))
2026-07-13T19:43:27+00:00 machine gtk-status-bar[2764]: 2026-07-13T19:43:27.885847Z DEBUG gtk_status_bar::pw: 🎛️  NODE PARAM CALLBACK: Alpha (5) received Props param
2026-07-13T19:43:27+00:00 machine gtk-status-bar[2764]: 2026-07-13T19:43:27.885876Z DEBUG gtk_status_bar::pw: 🔊 Node 5: Alpha - Vol: Some(100)% | Ch: Some(75)% | Mute: Some(false) [CACHING]
2026-07-13T19:43:27+00:00 machine gtk-status-bar[2764]: 2026-07-13T19:43:27.885892Z DEBUG gtk_status_bar::pw: 📝 Updated volume cache for device 5: Alpha -> Vol: Some(100)%, Ch: Some(75)%, Mute: Some(false)
2026-07-13T19:43:27+00:00 machine gtk-status-bar[2764]: 2026-07-13T19:43:27.885907Z DEBUG gtk_status_bar::pw: 🎯 Checking if device 5 is default: current_default=Some("Alpha"), node_name=Alpha, is_default=true
2026-07-13T19:43:27+00:00 machine gtk-status-bar[2764]: 2026-07-13T19:43:27.885922Z DEBUG gtk_status_bar::pw: 📤 SENDING VOLUME UPDATE to GUI for default sink (node id=5)
2026-07-13T19:43:27+00:00 machine gtk-status-bar[2764]: 2026-07-13T19:43:27.886336Z DEBUG gtk_status_bar::widgets: 📺 GTK UI updated via ASYNC: 🔊A75
2026-07-13T19:43:28+00:00 machine gtk-status-bar[2764]: 2026-07-13T19:43:28.001596Z DEBUG gtk_status_bar::widgets: Updating time label:  7:43 PM
2026-07-13T19:43:29+00:00 machine gtk-status-bar[2764]: 2026-07-13T19:43:29.002559Z DEBUG gtk_status_bar::widgets: Updating time label:  7:43 PM
2026-07-13T19:43:29+00:00 machine gtk-status-bar[2764]: 2026-07-13T19:43:29.163377Z  INFO gtk_status_bar::network: Network reachability probe completed target=198.51.100.1 success=false elapsed_ms=21
2026-07-13T19:43:29+00:00 machine gtk-status-bar[2764]: 2026-07-13T19:43:29.163435Z DEBUG gtk_status_bar::network: Sent network update label="\u{f091f} 28% \u{f0ac}"
2026-07-13T19:43:29+00:00 machine gtk-status-bar[2764]: 2026-07-13T19:43:29.163983Z DEBUG gtk_status_bar::widgets: Updating network label: 󰤟 28% 
2026-07-13T19:43:30+00:00 machine gtk-status-bar[2764]: 2026-07-13T19:43:30.001890Z DEBUG gtk_status_bar::widgets: Updating time label:  7:43 PM
2026-07-13T19:43:31+00:00 machine gtk-status-bar[2764]: 2026-07-13T19:43:31.002231Z DEBUG gtk_status_bar::widgets: Updating time label:  7:43 PM
2026-07-13T19:43:31+00:00 machine gtk-status-bar[2764]: 2026-07-13T19:43:31.139366Z  INFO gtk_status_bar::network: Network reachability probe completed target=192.0.2.1 success=true elapsed_ms=14
2026-07-13T19:43:31+00:00 machine gtk-status-bar[2764]: 2026-07-13T19:43:31.139439Z DEBUG gtk_status_bar::network: Sent network update label="\u{f091f} 28% \u{f0ac}"
2026-07-13T19:43:31+00:00 machine gtk-status-bar[2764]: 2026-07-13T19:43:31.150043Z DEBUG gtk_status_bar::widgets: Updating network label: 󰤟 28% 
2026-07-13T19:43:31+00:00 machine gtk-status-bar[2764]: 2026-07-13T19:43:31.500470Z DEBUG gtk_status_bar::pw: 🚫 Skipping metadata '' (props: Some(DictRef { flags: Flags(0x0), entries: {"object.serial": "71", "module.id": "2", "pipewire.protocol": "protocol-native", "pipewire.sec.pid": "1392", "pipewire.sec.uid": "1000", "pipewire.sec.gid": "100", "pipewire.sec.socket": "pipewire-0", "application.name": "pactl", "pipewire.access": "unrestricted"} }))
2026-07-13T19:43:31+00:00 machine gtk-status-bar[2764]: 2026-07-13T19:43:31.506310Z DEBUG gtk_status_bar::pw: 🎛️  NODE PARAM CALLBACK: Alpha (5) received Props param
2026-07-13T19:43:31+00:00 machine gtk-status-bar[2764]: 2026-07-13T19:43:31.506345Z DEBUG gtk_status_bar::pw: 🔊 Node 5: Alpha - Vol: Some(100)% | Ch: Some(75)% | Mute: Some(true) [CACHING]
2026-07-13T19:43:31+00:00 machine gtk-status-bar[2764]: 2026-07-13T19:43:31.506364Z DEBUG gtk_status_bar::pw: 📝 Updated volume cache for device 5: Alpha -> Vol: Some(100)%, Ch: Some(75)%, Mute: Some(true)
2026-07-13T19:43:31+00:00 machine gtk-status-bar[2764]: 2026-07-13T19:43:31.506382Z DEBUG gtk_status_bar::pw: 🎯 Checking if device 5 is default: current_default=Some("Alpha"), node_name=Alpha, is_default=true
2026-07-13T19:43:31+00:00 machine gtk-status-bar[2764]: 2026-07-13T19:43:31.506399Z DEBUG gtk_status_bar::pw: 📤 SENDING VOLUME UPDATE to GUI for default sink (node id=5)
2026-07-13T19:43:31+00:00 machine gtk-status-bar[2764]: 2026-07-13T19:43:31.536496Z DEBUG gtk_status_bar::widgets: 📺 GTK UI updated via ASYNC: 🔇A75
2026-07-13T19:43:32+00:00 machine gtk-status-bar[2764]: 2026-07-13T19:43:32.001277Z DEBUG gtk_status_bar::widgets: Updating time label:  7:43 PM
2026-07-13T19:43:32+00:00 machine gtk-status-bar[2764]: 2026-07-13T19:43:32.146139Z  INFO gtk_status_bar::network: Network reachability probe completed target=198.51.100.1 success=false elapsed_ms=25
2026-07-13T19:43:32+00:00 machine gtk-status-bar[2764]: 2026-07-13T19:43:32.146241Z DEBUG gtk_status_bar::network: Sent network update label="\u{f091f} 28% \u{f0ac}"
2026-07-13T19:43:32+00:00 machine gtk-status-bar[2764]: 2026-07-13T19:43:32.146660Z DEBUG gtk_status_bar::widgets: Updating network label: 󰤟 28% 
2026-07-13T19:43:33+00:00 machine gtk-status-bar[2764]: 2026-07-13T19:43:33.002133Z DEBUG gtk_status_bar::widgets: Updating time label:  7:43 PM
2026-07-13T19:43:33+00:00 machine gtk-status-bar[2764]: 2026-07-13T19:43:33.881253Z  INFO gtk_status_bar::network: Network reachability probe completed target=192.0.2.1 success=true elapsed_ms=23
2026-07-13T19:43:33+00:00 machine gtk-status-bar[2764]: 2026-07-13T19:43:33.881306Z DEBUG gtk_status_bar::network: Sent network update label="\u{f091f} 28% \u{f0ac}"
2026-07-13T19:43:33+00:00 machine gtk-status-bar[2764]: 2026-07-13T19:43:33.881823Z DEBUG gtk_status_bar::widgets: Updating network label: 󰤟 28% 
2026-07-13T19:43:34+00:00 machine gtk-status-bar[2764]: 2026-07-13T19:43:34.001678Z DEBUG gtk_status_bar::widgets: Updating time label:  7:43 PM
2026-07-13T19:43:34+00:00 machine gtk-status-bar[2764]: 2026-07-13T19:43:34.460862Z  INFO gtk_status_bar::network: Network reachability probe completed target=192.0.2.1 success=true elapsed_ms=20
2026-07-13T19:43:34+00:00 machine gtk-status-bar[2764]: 2026-07-13T19:43:34.460959Z DEBUG gtk_status_bar::network: Sent network update label="\u{f091f} 28% \u{f0ac}"
2026-07-13T19:43:34+00:00 machine gtk-status-bar[2764]: 2026-07-13T19:43:34.461532Z DEBUG gtk_status_bar::widgets: Updating network label: 󰤟 28% 
2026-07-13T19:43:34+00:00 machine gtk-status-bar[2764]: 2026-07-13T19:43:34.548541Z  INFO gtk_status_bar::network: Network reachability probe completed target=198.51.100.1 success=false elapsed_ms=13
2026-07-13T19:43:34+00:00 machine gtk-status-bar[2764]: 2026-07-13T19:43:34.548590Z DEBUG gtk_status_bar::network: Sent network update label="\u{f091f} 28% \u{f0ac}"
2026-07-13T19:43:34+00:00 machine gtk-status-bar[2764]: 2026-07-13T19:43:34.549271Z DEBUG gtk_status_bar::widgets: Updating network label: 󰤟 28% 
2026-07-13T19:43:35+00:00 machine gtk-status-bar[2764]: 2026-07-13T19:43:35.002176Z DEBUG gtk_status_bar::widgets: Updating time label:  7:43 PM
2026-07-13T19:43:35+00:00 machine gtk-status-bar[2764]: 2026-07-13T19:43:35.157942Z DEBUG gtk_status_bar::pw: 🚫 Skipping metadata '' (props: Some(DictRef { flags: Flags(0x0), entries: {"object.serial": "72", "module.id": "2", "pipewire.protocol": "protocol-native", "pipewire.sec.pid": "1392", "pipewire.sec.uid": "1000", "pipewire.sec.gid": "100", "pipewire.sec.socket": "pipewire-0", "application.name": "pactl", "pipewire.access": "unrestricted"} }))
2026-07-13T19:43:35+00:00 machine gtk-status-bar[2764]: 2026-07-13T19:43:35.172971Z DEBUG gtk_status_bar::pw: 🎛️  NODE PARAM CALLBACK: Alpha (5) received Props param
2026-07-13T19:43:35+00:00 machine gtk-status-bar[2764]: 2026-07-13T19:43:35.173011Z DEBUG gtk_status_bar::pw: 🔊 Node 5: Alpha - Vol: Some(100)% | Ch: Some(75)% | Mute: Some(false) [CACHING]
2026-07-13T19:43:35+00:00 machine gtk-status-bar[2764]: 2026-07-13T19:43:35.173035Z DEBUG gtk_status_bar::pw: 📝 Updated volume cache for device 5: Alpha -> Vol: Some(100)%, Ch: Some(75)%, Mute: Some(false)
2026-07-13T19:43:35+00:00 machine gtk-status-bar[2764]: 2026-07-13T19:43:35.173057Z DEBUG gtk_status_bar::pw: 🎯 Checking if device 5 is default: current_default=Some("Alpha"), node_name=Alpha, is_default=true
2026-07-13T19:43:35+00:00 machine gtk-status-bar[2764]: 2026-07-13T19:43:35.173079Z DEBUG gtk_status_bar::pw: 📤 SENDING VOLUME UPDATE to GUI for default sink (node id=5)
2026-07-13T19:43:35+00:00 machine gtk-status-bar[2764]: 2026-07-13T19:43:35.173355Z DEBUG gtk_status_bar::widgets: 📺 GTK UI updated via ASYNC: 🔊A75
2026-07-13T19:43:35+00:00 machine gtk-status-bar[2764]: 2026-07-13T19:43:35.323042Z DEBUG gtk_status_bar::pw: 🚫 Skipping metadata '' (props: Some(DictRef { flags: Flags(0x0), entries: {"object.serial": "73", "module.id": "2", "pipewire.protocol": "protocol-native", "pipewire.sec.pid": "1392", "pipewire.sec.uid": "1000", "pipewire.sec.gid": "100", "pipewire.sec.socket": "pipewire-0", "application.name": "pactl", "pipewire.access": "unrestricted"} }))
2026-07-13T19:43:35+00:00 machine gtk-status-bar[2764]: 2026-07-13T19:43:35.326916Z DEBUG gtk_status_bar::pw: 🎛️  NODE PARAM CALLBACK: Alpha (5) received Props param
2026-07-13T19:43:35+00:00 machine gtk-status-bar[2764]: 2026-07-13T19:43:35.326943Z DEBUG gtk_status_bar::pw: 🔊 Node 5: Alpha - Vol: Some(100)% | Ch: Some(0)% | Mute: Some(false) [CACHING]
2026-07-13T19:43:35+00:00 machine gtk-status-bar[2764]: 2026-07-13T19:43:35.326960Z DEBUG gtk_status_bar::pw: 📝 Updated volume cache for device 5: Alpha -> Vol: Some(100)%, Ch: Some(0)%, Mute: Some(false)
2026-07-13T19:43:35+00:00 machine gtk-status-bar[2764]: 2026-07-13T19:43:35.326977Z DEBUG gtk_status_bar::pw: 🎯 Checking if device 5 is default: current_default=Some("Alpha"), node_name=Alpha, is_default=true
2026-07-13T19:43:35+00:00 machine gtk-status-bar[2764]: 2026-07-13T19:43:35.326993Z DEBUG gtk_status_bar::pw: 📤 SENDING VOLUME UPDATE to GUI for default sink (node id=5)
2026-07-13T19:43:35+00:00 machine gtk-status-bar[2764]: 2026-07-13T19:43:35.327542Z DEBUG gtk_status_bar::widgets: 📺 GTK UI updated via ASYNC: 🔊A0
2026-07-13T19:43:36+00:00 machine gtk-status-bar[2764]: 2026-07-13T19:43:36.001219Z DEBUG gtk_status_bar::widgets: Updating time label:  7:43 PM
2026-07-13T19:43:36+00:00 machine gtk-status-bar[2764]: 2026-07-13T19:43:36.061182Z  INFO gtk_status_bar::network: Network reachability probe completed target=198.51.100.1 success=false elapsed_ms=24
2026-07-13T19:43:36+00:00 machine gtk-status-bar[2764]: 2026-07-13T19:43:36.061283Z DEBUG gtk_status_bar::network: Sent network update label="\u{f091f} 28% \u{f0ac}"
2026-07-13T19:43:36+00:00 machine gtk-status-bar[2764]: 2026-07-13T19:43:36.061930Z DEBUG gtk_status_bar::widgets: Updating network label: 󰤟 28% 
2026-07-13T19:43:37+00:00 machine gtk-status-bar[2764]: 2026-07-13T19:43:37.002186Z DEBUG gtk_status_bar::widgets: Updating time label:  7:43 PM
2026-07-13T19:43:37+00:00 machine gtk-status-bar[2764]: 2026-07-13T19:43:37.529398Z  INFO gtk_status_bar::network: Network reachability probe completed target=192.0.2.1 success=true elapsed_ms=23
2026-07-13T19:43:37+00:00 machine gtk-status-bar[2764]: 2026-07-13T19:43:37.529493Z DEBUG gtk_status_bar::network: Sent network update label="\u{f091f} 28% \u{f0ac}"
2026-07-13T19:43:37+00:00 machine gtk-status-bar[2764]: 2026-07-13T19:43:37.529990Z DEBUG gtk_status_bar::widgets: Updating network label: 󰤟 28% 
2026-07-13T19:43:38+00:00 machine gtk-status-bar[2764]: 2026-07-13T19:43:38.001333Z DEBUG gtk_status_bar::widgets: Updating time label:  7:43 PM
2026-07-13T19:43:38+00:00 machine gtk-status-bar[2764]: 2026-07-13T19:43:38.499196Z  INFO gtk_status_bar::network: Network reachability probe completed target=198.51.100.1 success=false elapsed_ms=13
2026-07-13T19:43:38+00:00 machine gtk-status-bar[2764]: 2026-07-13T19:43:38.499241Z DEBUG gtk_status_bar::network: Sent network update label="\u{f091f} 28% \u{f0ac}"
2026-07-13T19:43:38+00:00 machine gtk-status-bar[2764]: 2026-07-13T19:43:38.499409Z DEBUG gtk_status_bar::widgets: Updating network label: 󰤟 28% 
2026-07-13T19:43:38+00:00 machine gtk-status-bar[2764]: 2026-07-13T19:43:38.896239Z DEBUG gtk_status_bar::pw: 🚫 Skipping metadata '' (props: Some(DictRef { flags: Flags(0x0), entries: {"object.serial": "74", "module.id": "2", "pipewire.protocol": "protocol-native", "pipewire.sec.pid": "1392", "pipewire.sec.uid": "1000", "pipewire.sec.gid": "100", "pipewire.sec.socket": "pipewire-0", "application.name": "pactl", "pipewire.access": "unrestricted"} }))
2026-07-13T19:43:38+00:00 machine gtk-status-bar[2764]: 2026-07-13T19:43:38.899554Z DEBUG gtk_status_bar::pw: 🎛️  NODE PARAM CALLBACK: Alpha (5) received Props param
2026-07-13T19:43:38+00:00 machine gtk-status-bar[2764]: 2026-07-13T19:43:38.899589Z DEBUG gtk_status_bar::pw: 🔊 Node 5: Alpha - Vol: Some(100)% | Ch: Some(100)% | Mute: Some(false) [CACHING]
2026-07-13T19:43:38+00:00 machine gtk-status-bar[2764]: 2026-07-13T19:43:38.899609Z DEBUG gtk_status_bar::pw: 📝 Updated volume cache for device 5: Alpha -> Vol: Some(100)%, Ch: Some(100)%, Mute: Some(false)
2026-07-13T19:43:38+00:00 machine gtk-status-bar[2764]: 2026-07-13T19:43:38.899627Z DEBUG gtk_status_bar::pw: 🎯 Checking if device 5 is default: current_default=Some("Alpha"), node_name=Alpha, is_default=true
2026-07-13T19:43:38+00:00 machine gtk-status-bar[2764]: 2026-07-13T19:43:38.899660Z DEBUG gtk_status_bar::pw: 📤 SENDING VOLUME UPDATE to GUI for default sink (node id=5)
2026-07-13T19:43:38+00:00 machine gtk-status-bar[2764]: 2026-07-13T19:43:38.899960Z DEBUG gtk_status_bar::widgets: 📺 GTK UI updated via ASYNC: 🔊A100
2026-07-13T19:43:39+00:00 machine gtk-status-bar[2764]: 2026-07-13T19:43:39.000950Z DEBUG gtk_status_bar::widgets: Updating time label:  7:43 PM
2026-07-13T19:43:39+00:00 machine gtk-status-bar[2764]: 2026-07-13T19:43:39.576936Z  INFO gtk_status_bar::network: Network reachability probe completed target=192.0.2.1 success=true elapsed_ms=22
2026-07-13T19:43:39+00:00 machine gtk-status-bar[2764]: 2026-07-13T19:43:39.577036Z DEBUG gtk_status_bar::network: Sent network update label="\u{f091f} 28% \u{f0ac}"
2026-07-13T19:43:39+00:00 machine gtk-status-bar[2764]: 2026-07-13T19:43:39.577491Z DEBUG gtk_status_bar::widgets: Updating network label: 󰤟 28% 
2026-07-13T19:43:40+00:00 machine gtk-status-bar[2764]: 2026-07-13T19:43:40.001941Z DEBUG gtk_status_bar::widgets: Updating time label:  7:43 PM
2026-07-13T19:43:41+00:00 machine gtk-status-bar[2764]: 2026-07-13T19:43:41.002990Z DEBUG gtk_status_bar::widgets: Updating time label:  7:43 PM
2026-07-13T19:43:41+00:00 machine gtk-status-bar[2764]: 2026-07-13T19:43:41.421321Z  INFO gtk_status_bar::network: Network reachability probe completed target=192.0.2.1 success=true elapsed_ms=21
2026-07-13T19:43:41+00:00 machine gtk-status-bar[2764]: 2026-07-13T19:43:41.421420Z DEBUG gtk_status_bar::network: Sent network update label="\u{f091f} 28% \u{f0ac}"
2026-07-13T19:43:41+00:00 machine gtk-status-bar[2764]: 2026-07-13T19:43:41.421989Z DEBUG gtk_status_bar::widgets: Updating network label: 󰤟 28% 
2026-07-13T19:43:42+00:00 machine gtk-status-bar[2764]: 2026-07-13T19:43:42.002310Z DEBUG gtk_status_bar::widgets: Updating time label:  7:43 PM
2026-07-13T19:43:42+00:00 machine gtk-status-bar[2764]: 2026-07-13T19:43:42.481252Z DEBUG gtk_status_bar::pw: 🚫 Skipping metadata '' (props: Some(DictRef { flags: Flags(0x0), entries: {"object.serial": "75", "module.id": "2", "pipewire.protocol": "protocol-native", "pipewire.sec.pid": "1392", "pipewire.sec.uid": "1000", "pipewire.sec.gid": "100", "pipewire.sec.socket": "pipewire-0", "application.name": "pactl", "pipewire.access": "unrestricted"} }))
2026-07-13T19:43:42+00:00 machine gtk-status-bar[2764]: 2026-07-13T19:43:42.490436Z DEBUG gtk_status_bar::pw: 🚫 Skipping metadata '' (props: Some(DictRef { flags: Flags(0x0), entries: {"object.serial": "76", "module.id": "2", "pipewire.protocol": "protocol-native", "pipewire.sec.pid": "1392", "pipewire.sec.uid": "1000", "pipewire.sec.gid": "100", "pipewire.sec.socket": "pipewire-0", "application.name": "pipewire", "pipewire.access": "unrestricted"} }))
2026-07-13T19:43:42+00:00 machine gtk-status-bar[2764]: 2026-07-13T19:43:42.490480Z DEBUG gtk_status_bar::pw: 🚫 Skipping metadata '' (props: Some(DictRef { flags: Flags(0x0), entries: {"object.serial": "77", "factory.id": "19", "client.id": "56", "node.description": "Bravo", "node.name": "Bravo", "media.class": "Audio/Sink"} }))
2026-07-13T19:43:42+00:00 machine gtk-status-bar[2764]: 2026-07-13T19:43:42.490502Z DEBUG gtk_status_bar::pw: 🔍 Checking node - media.class: Some("Audio/Sink")
2026-07-13T19:43:42+00:00 machine gtk-status-bar[2764]: 2026-07-13T19:43:42.490520Z DEBUG gtk_status_bar::pw: 🔍 Node filter result: true for media.class: Some("Audio/Sink")
2026-07-13T19:43:42+00:00 machine gtk-status-bar[2764]: 2026-07-13T19:43:42.490553Z DEBUG gtk_status_bar::pw: 📱 Monitoring audio node: Bravo (4) [node.name: Bravo]
2026-07-13T19:43:42+00:00 machine gtk-status-bar[2764]: 2026-07-13T19:43:42.490571Z DEBUG gtk_status_bar::pw: 🔗 ADDING NODE LISTENER for node.name: Bravo
2026-07-13T19:43:42+00:00 machine gtk-status-bar[2764]: 2026-07-13T19:43:42.490589Z DEBUG gtk_status_bar::pw: 📝 Added device to HashMap: 4 -> (Bravo, Bravo, no volume yet)
2026-07-13T19:43:42+00:00 machine gtk-status-bar[2764]: 2026-07-13T19:43:42.490606Z DEBUG gtk_status_bar::pw: 🗂️ Current device map size: 2
2026-07-13T19:43:42+00:00 machine gtk-status-bar[2764]: 2026-07-13T19:43:42.499819Z DEBUG gtk_status_bar::pw: 🎛️  NODE PARAM CALLBACK: Bravo (4) received Props param
2026-07-13T19:43:42+00:00 machine gtk-status-bar[2764]: 2026-07-13T19:43:42.499860Z DEBUG gtk_status_bar::pw: 🔊 Node 4: Bravo - Vol: Some(100)% | Ch: Some(100)% | Mute: Some(false) [CACHING]
2026-07-13T19:43:42+00:00 machine gtk-status-bar[2764]: 2026-07-13T19:43:42.499882Z DEBUG gtk_status_bar::pw: 📝 Updated volume cache for device 4: Bravo -> Vol: Some(100)%, Ch: Some(100)%, Mute: Some(false)
2026-07-13T19:43:42+00:00 machine gtk-status-bar[2764]: 2026-07-13T19:43:42.499907Z DEBUG gtk_status_bar::pw: 🎯 Checking if device 4 is default: current_default=Some("Alpha"), node_name=Bravo, is_default=false
2026-07-13T19:43:42+00:00 machine gtk-status-bar[2764]: 2026-07-13T19:43:42.499926Z DEBUG gtk_status_bar::pw: 📊 Cached volume for non-default device 4 (Bravo)
2026-07-13T19:43:42+00:00 machine gtk-status-bar[2764]: 2026-07-13T19:43:42.499946Z ERROR gtk_status_bar::pw: ❌ PipeWire error id:4 seq:9 res:-2: enum params id:13 (Spa:Enum:ParamId:Route) failed
2026-07-13T19:43:42+00:00 machine gtk-status-bar[2764]: 2026-07-13T19:43:42.507367Z DEBUG gtk_status_bar::pw: 🎛️  NODE PARAM CALLBACK: Bravo (4) received Props param
2026-07-13T19:43:42+00:00 machine gtk-status-bar[2764]: 2026-07-13T19:43:42.507400Z DEBUG gtk_status_bar::pw: 🔊 Node 4: Bravo - Vol: Some(100)% | Ch: Some(100)% | Mute: Some(false) [CACHING]
2026-07-13T19:43:42+00:00 machine gtk-status-bar[2764]: 2026-07-13T19:43:42.507420Z DEBUG gtk_status_bar::pw: 📝 Updated volume cache for device 4: Bravo -> Vol: Some(100)%, Ch: Some(100)%, Mute: Some(false)
2026-07-13T19:43:42+00:00 machine gtk-status-bar[2764]: 2026-07-13T19:43:42.507437Z DEBUG gtk_status_bar::pw: 🎯 Checking if device 4 is default: current_default=Some("Alpha"), node_name=Bravo, is_default=false
2026-07-13T19:43:42+00:00 machine gtk-status-bar[2764]: 2026-07-13T19:43:42.507454Z DEBUG gtk_status_bar::pw: 📊 Cached volume for non-default device 4 (Bravo)
2026-07-13T19:43:42+00:00 machine gtk-status-bar[2764]: 2026-07-13T19:43:42.507473Z DEBUG gtk_status_bar::pw: 🎛️  NODE PARAM CALLBACK: Bravo (4) received Props param
2026-07-13T19:43:42+00:00 machine gtk-status-bar[2764]: 2026-07-13T19:43:42.507493Z DEBUG gtk_status_bar::pw: 🔊 Node 4: Bravo - Vol: Some(100)% | Ch: Some(100)% | Mute: Some(false) [CACHING]
2026-07-13T19:43:42+00:00 machine gtk-status-bar[2764]: 2026-07-13T19:43:42.507512Z DEBUG gtk_status_bar::pw: 📝 Updated volume cache for device 4: Bravo -> Vol: Some(100)%, Ch: Some(100)%, Mute: Some(false)
2026-07-13T19:43:42+00:00 machine gtk-status-bar[2764]: 2026-07-13T19:43:42.507531Z DEBUG gtk_status_bar::pw: 🎯 Checking if device 4 is default: current_default=Some("Alpha"), node_name=Bravo, is_default=false
2026-07-13T19:43:42+00:00 machine gtk-status-bar[2764]: 2026-07-13T19:43:42.507549Z DEBUG gtk_status_bar::pw: 📊 Cached volume for non-default device 4 (Bravo)
2026-07-13T19:43:42+00:00 machine gtk-status-bar[2764]: 2026-07-13T19:43:42.507572Z DEBUG gtk_status_bar::pw: 🚫 Skipping metadata '' (props: Some(DictRef { flags: Flags(0x0), entries: {"object.serial": "78", "object.path": "Bravo:playback_0", "format.dsp": "32 bit float mono audio", "node.id": "63", "audio.channel": "FL", "port.id": "0", "port.name": "playback_FL", "port.direction": "in", "port.alias": "Bravo:playback_FL", "port.group": "stream.0"} }))
2026-07-13T19:43:42+00:00 machine gtk-status-bar[2764]: 2026-07-13T19:43:42.507600Z DEBUG gtk_status_bar::pw: 🚫 Skipping metadata '' (props: Some(DictRef { flags: Flags(0x0), entries: {"object.serial": "79", "object.path": "Bravo:playback_1", "format.dsp": "32 bit float mono audio", "node.id": "63", "audio.channel": "FR", "port.id": "1", "port.name": "playback_FR", "port.direction": "in", "port.alias": "Bravo:playback_FR", "port.group": "stream.0"} }))
2026-07-13T19:43:42+00:00 machine gtk-status-bar[2764]: 2026-07-13T19:43:42.507625Z DEBUG gtk_status_bar::pw: 🚫 Skipping metadata '' (props: Some(DictRef { flags: Flags(0x0), entries: {"object.serial": "80", "object.path": "Bravo:monitor_0", "format.dsp": "32 bit float mono audio", "node.id": "63", "audio.channel": "FL", "port.id": "0", "port.name": "monitor_FL", "port.direction": "out", "port.monitor": "true", "port.alias": "Bravo:monitor_FL", "port.group": "stream.0"} }))
2026-07-13T19:43:42+00:00 machine gtk-status-bar[2764]: 2026-07-13T19:43:42.507659Z DEBUG gtk_status_bar::pw: 🚫 Skipping metadata '' (props: Some(DictRef { flags: Flags(0x0), entries: {"object.serial": "81", "object.path": "Bravo:monitor_1", "format.dsp": "32 bit float mono audio", "node.id": "63", "audio.channel": "FR", "port.id": "1", "port.name": "monitor_FR", "port.direction": "out", "port.monitor": "true", "port.alias": "Bravo:monitor_FR", "port.group": "stream.0"} }))
2026-07-13T19:43:42+00:00 machine gtk-status-bar[2764]: 2026-07-13T19:43:42.507684Z DEBUG gtk_status_bar::pw: 🎛️  NODE PARAM CALLBACK: Bravo (4) received Props param
2026-07-13T19:43:42+00:00 machine gtk-status-bar[2764]: 2026-07-13T19:43:42.507749Z DEBUG gtk_status_bar::pw: 🔊 Node 4: Bravo - Vol: Some(100)% | Ch: Some(100)% | Mute: Some(false) [CACHING]
2026-07-13T19:43:42+00:00 machine gtk-status-bar[2764]: 2026-07-13T19:43:42.507769Z DEBUG gtk_status_bar::pw: 📝 Updated volume cache for device 4: Bravo -> Vol: Some(100)%, Ch: Some(100)%, Mute: Some(false)
2026-07-13T19:43:42+00:00 machine gtk-status-bar[2764]: 2026-07-13T19:43:42.507787Z DEBUG gtk_status_bar::pw: 🎯 Checking if device 4 is default: current_default=Some("Alpha"), node_name=Bravo, is_default=false
2026-07-13T19:43:42+00:00 machine gtk-status-bar[2764]: 2026-07-13T19:43:42.507809Z DEBUG gtk_status_bar::pw: 📊 Cached volume for non-default device 4 (Bravo)
2026-07-13T19:43:42+00:00 machine gtk-status-bar[2764]: 2026-07-13T19:43:42.513366Z DEBUG gtk_status_bar::pw: 🎛️  NODE PARAM CALLBACK: Bravo (4) received Props param
2026-07-13T19:43:42+00:00 machine gtk-status-bar[2764]: 2026-07-13T19:43:42.513402Z DEBUG gtk_status_bar::pw: 🔊 Node 4: Bravo - Vol: Some(100)% | Ch: Some(100)% | Mute: Some(false) [CACHING]
2026-07-13T19:43:42+00:00 machine gtk-status-bar[2764]: 2026-07-13T19:43:42.513422Z DEBUG gtk_status_bar::pw: 📝 Updated volume cache for device 4: Bravo -> Vol: Some(100)%, Ch: Some(100)%, Mute: Some(false)
2026-07-13T19:43:42+00:00 machine gtk-status-bar[2764]: 2026-07-13T19:43:42.513441Z DEBUG gtk_status_bar::pw: 🎯 Checking if device 4 is default: current_default=Some("Alpha"), node_name=Bravo, is_default=false
2026-07-13T19:43:42+00:00 machine gtk-status-bar[2764]: 2026-07-13T19:43:42.513460Z DEBUG gtk_status_bar::pw: 📊 Cached volume for non-default device 4 (Bravo)
2026-07-13T19:43:42+00:00 machine gtk-status-bar[2764]: 2026-07-13T19:43:42.640067Z  INFO gtk_status_bar::network: Network reachability probe completed target=198.51.100.1 success=false elapsed_ms=13
2026-07-13T19:43:42+00:00 machine gtk-status-bar[2764]: 2026-07-13T19:43:42.640116Z DEBUG gtk_status_bar::network: Sent network update label="\u{f091f} 28% \u{f0ac}"
2026-07-13T19:43:42+00:00 machine gtk-status-bar[2764]: 2026-07-13T19:43:42.640404Z DEBUG gtk_status_bar::widgets: Updating network label: 󰤟 28% 
2026-07-13T19:43:42+00:00 machine gtk-status-bar[2764]: 2026-07-13T19:43:42.650789Z DEBUG gtk_status_bar::pw: 🚫 Skipping metadata '' (props: Some(DictRef { flags: Flags(0x0), entries: {"object.serial": "82", "module.id": "2", "pipewire.protocol": "protocol-native", "pipewire.sec.pid": "1392", "pipewire.sec.uid": "1000", "pipewire.sec.gid": "100", "pipewire.sec.socket": "pipewire-0", "application.name": "pactl", "pipewire.access": "unrestricted"} }))
2026-07-13T19:43:42+00:00 machine gtk-status-bar[2764]: 2026-07-13T19:43:42.656873Z DEBUG gtk_status_bar::pw: 🎛️  NODE PARAM CALLBACK: Bravo (4) received Props param
2026-07-13T19:43:42+00:00 machine gtk-status-bar[2764]: 2026-07-13T19:43:42.656902Z DEBUG gtk_status_bar::pw: 🔊 Node 4: Bravo - Vol: Some(100)% | Ch: Some(60)% | Mute: Some(false) [CACHING]
2026-07-13T19:43:42+00:00 machine gtk-status-bar[2764]: 2026-07-13T19:43:42.656922Z DEBUG gtk_status_bar::pw: 📝 Updated volume cache for device 4: Bravo -> Vol: Some(100)%, Ch: Some(60)%, Mute: Some(false)
2026-07-13T19:43:42+00:00 machine gtk-status-bar[2764]: 2026-07-13T19:43:42.656944Z DEBUG gtk_status_bar::pw: 🎯 Checking if device 4 is default: current_default=Some("Alpha"), node_name=Bravo, is_default=false
2026-07-13T19:43:42+00:00 machine gtk-status-bar[2764]: 2026-07-13T19:43:42.656963Z DEBUG gtk_status_bar::pw: 📊 Cached volume for non-default device 4 (Bravo)
2026-07-13T19:43:42+00:00 machine gtk-status-bar[2764]: 2026-07-13T19:43:42.860510Z DEBUG gtk_status_bar::pw: 🚫 Skipping metadata '' (props: Some(DictRef { flags: Flags(0x0), entries: {"object.serial": "83", "module.id": "2", "pipewire.protocol": "protocol-native", "pipewire.sec.pid": "1392", "pipewire.sec.uid": "1000", "pipewire.sec.gid": "100", "pipewire.sec.socket": "pipewire-0", "application.name": "pactl", "pipewire.access": "unrestricted"} }))
2026-07-13T19:43:42+00:00 machine gtk-status-bar[2764]: 2026-07-13T19:43:42.868842Z DEBUG gtk_status_bar::pw: 📝 metadata.property subject=0 key=Some("default.configured.audio.sink") value=Some("{ \"name\": \"Bravo\" }")
2026-07-13T19:43:42+00:00 machine gtk-status-bar[2764]: 2026-07-13T19:43:42.868875Z DEBUG gtk_status_bar::pw: 🔍 Processing metadata property: default.configured.audio.sink={ "name": "Bravo" }
2026-07-13T19:43:42+00:00 machine gtk-status-bar[2764]: 2026-07-13T19:43:42.868893Z DEBUG gtk_status_bar::pw: 🔧 Other metadata property: default.configured.audio.sink (ignored)
2026-07-13T19:43:42+00:00 machine gtk-status-bar[2764]: 2026-07-13T19:43:42.876502Z DEBUG gtk_status_bar::pw: 📝 metadata.property subject=0 key=Some("default.audio.sink") value=Some("{\"name\":\"Bravo\"}")
2026-07-13T19:43:42+00:00 machine gtk-status-bar[2764]: 2026-07-13T19:43:42.876525Z DEBUG gtk_status_bar::pw: 🔍 Processing metadata property: default.audio.sink={"name":"Bravo"}
2026-07-13T19:43:42+00:00 machine gtk-status-bar[2764]: 2026-07-13T19:43:42.876548Z  INFO gtk_status_bar::pw: 🔄 Default sink -> Bravo
2026-07-13T19:43:42+00:00 machine gtk-status-bar[2764]: 2026-07-13T19:43:42.876565Z DEBUG gtk_status_bar::pw: 🎯 SINK CHANGE: Some("Alpha") -> Bravo (should trigger volume fetch)
2026-07-13T19:43:42+00:00 machine gtk-status-bar[2764]: 2026-07-13T19:43:42.876583Z DEBUG gtk_status_bar::pw: 🗂️ Searching device map for default sink 'Bravo'
2026-07-13T19:43:42+00:00 machine gtk-status-bar[2764]: 2026-07-13T19:43:42.876736Z DEBUG gtk_status_bar::pw: 🗂️ Current device map contents: {4: ("Bravo", "Bravo", Some(100), Some(60), Some(false)), 5: ("Alpha", "Alpha", Some(100), Some(100), Some(false))}
2026-07-13T19:43:42+00:00 machine gtk-status-bar[2764]: 2026-07-13T19:43:42.876760Z DEBUG gtk_status_bar::pw: 🔍 Checking device 4: node_name='Bravo', description='Bravo' against default sink 'Bravo'
2026-07-13T19:43:42+00:00 machine gtk-status-bar[2764]: 2026-07-13T19:43:42.876776Z DEBUG gtk_status_bar::pw: 🎯 MATCH! Found device 4 with node_name 'Bravo' matching default sink
2026-07-13T19:43:42+00:00 machine gtk-status-bar[2764]: 2026-07-13T19:43:42.876792Z DEBUG gtk_status_bar::pw: 🎨 Updating GUI label to: 'Bravo' with cached volume data
2026-07-13T19:43:42+00:00 machine gtk-status-bar[2764]: 2026-07-13T19:43:42.876808Z DEBUG gtk_status_bar::pw: 💾 Cached volume data: Vol: Some(100)%, Ch: Some(60)%, Mute: Some(false)
2026-07-13T19:43:42+00:00 machine gtk-status-bar[2764]: 2026-07-13T19:43:42.876831Z DEBUG gtk_status_bar::pw: ✅ Sent REAL volume data to GUI: 'Bravo' Vol: Some(100)%, Ch: Some(60)%, Mute: Some(false)
2026-07-13T19:43:42+00:00 machine gtk-status-bar[2764]: 2026-07-13T19:43:42.877045Z DEBUG gtk_status_bar::widgets: 📺 GTK UI updated via ASYNC: 🔊B60
2026-07-13T19:43:43+00:00 machine gtk-status-bar[2764]: 2026-07-13T19:43:43.000818Z DEBUG gtk_status_bar::widgets: Updating time label:  7:43 PM
2026-07-13T19:43:43+00:00 machine gtk-status-bar[2764]: 2026-07-13T19:43:43.526344Z  INFO gtk_status_bar::network: Network reachability probe completed target=198.51.100.1 success=false elapsed_ms=27
2026-07-13T19:43:43+00:00 machine gtk-status-bar[2764]: 2026-07-13T19:43:43.526442Z DEBUG gtk_status_bar::network: Sent network update label="\u{f091f} 28% \u{f0ac}"
2026-07-13T19:43:43+00:00 machine gtk-status-bar[2764]: 2026-07-13T19:43:43.526952Z DEBUG gtk_status_bar::widgets: Updating network label: 󰤟 28% 
2026-07-13T19:43:43+00:00 machine gtk-status-bar[2764]: 2026-07-13T19:43:43.670123Z DEBUG gtk_status_bar::dbus: Got an event in event stream: Msg { type: Signal, serial: 130, sender: UniqueName(":1.6"), path: ObjectPath("/org/bluez/hci0"), iface: InterfaceName("org.freedesktop.DBus.Properties"), member: MemberName("PropertiesChanged"), body: Structure(Dynamic { fields: [Str, Dict { key: Dynamic { child: Str }, value: Dynamic { child: Variant } }, Array(Dynamic { child: Str })] }), fds: [] }
2026-07-13T19:43:43+00:00 machine gtk-status-bar[2764]: 2026-07-13T19:43:43.670203Z DEBUG gtk_status_bar::dbus: Dbus monitor: Received D-Bus message from path: Some(ObjectPath("/org/bluez/hci0")), interface: Some(InterfaceName("org.freedesktop.DBus.Properties")), member: Some(MemberName("PropertiesChanged"))
2026-07-13T19:43:43+00:00 machine gtk-status-bar[2764]: 2026-07-13T19:43:43.670250Z  INFO gtk_status_bar::dbus: Dbus monitor: Received signal
2026-07-13T19:43:43+00:00 machine gtk-status-bar[2764]: 2026-07-13T19:43:43.670293Z  INFO gtk_status_bar::dbus: Dbus monitor: Received PropertiesChanged signal
2026-07-13T19:43:43+00:00 machine gtk-status-bar[2764]: 2026-07-13T19:43:43.670365Z DEBUG gtk_status_bar::dbus: Dbus monitor: Ignored PropertiesChanged for interface: "org.bluez.Adapter1"
2026-07-13T19:43:44+00:00 machine gtk-status-bar[2764]: 2026-07-13T19:43:44.002237Z DEBUG gtk_status_bar::widgets: Updating time label:  7:43 PM
2026-07-13T19:43:44+00:00 machine gtk-status-bar[2764]: 2026-07-13T19:43:44.937928Z  INFO gtk_status_bar::network: Network reachability probe completed target=192.0.2.1 success=true elapsed_ms=23
2026-07-13T19:43:44+00:00 machine gtk-status-bar[2764]: 2026-07-13T19:43:44.938027Z DEBUG gtk_status_bar::network: Sent network update label="\u{f091f} 28% \u{f0ac}"
2026-07-13T19:43:44+00:00 machine gtk-status-bar[2764]: 2026-07-13T19:43:44.938480Z DEBUG gtk_status_bar::widgets: Updating network label: 󰤟 28% 
2026-07-13T19:43:45+00:00 machine gtk-status-bar[2764]: 2026-07-13T19:43:45.001117Z DEBUG gtk_status_bar::widgets: Updating time label:  7:43 PM
2026-07-13T19:43:45+00:00 machine gtk-status-bar[2764]: 2026-07-13T19:43:45.566976Z  INFO gtk_status_bar::network: Network reachability probe completed target=192.0.2.1 success=true elapsed_ms=22
2026-07-13T19:43:45+00:00 machine gtk-status-bar[2764]: 2026-07-13T19:43:45.567036Z DEBUG gtk_status_bar::network: Sent network update label="\u{f091f} 28% \u{f0ac}"
2026-07-13T19:43:45+00:00 machine gtk-status-bar[2764]: 2026-07-13T19:43:45.567222Z DEBUG gtk_status_bar::widgets: Updating network label: 󰤟 28% 
2026-07-13T19:43:46+00:00 machine gtk-status-bar[2764]: 2026-07-13T19:43:46.001278Z DEBUG gtk_status_bar::widgets: Updating time label:  7:43 PM
2026-07-13T19:43:46+00:00 machine gtk-status-bar[2764]: 2026-07-13T19:43:46.191353Z  INFO gtk_status_bar::network: Network reachability probe completed target=198.51.100.1 success=false elapsed_ms=19
2026-07-13T19:43:46+00:00 machine gtk-status-bar[2764]: 2026-07-13T19:43:46.191449Z DEBUG gtk_status_bar::network: Sent network update label="\u{f091f} 28% \u{f0ac}"
2026-07-13T19:43:46+00:00 machine gtk-status-bar[2764]: 2026-07-13T19:43:46.192028Z DEBUG gtk_status_bar::widgets: Updating network label: 󰤟 28% 
2026-07-13T19:43:47+00:00 machine gtk-status-bar[2764]: 2026-07-13T19:43:47.001950Z DEBUG gtk_status_bar::widgets: Updating time label:  7:43 PM
2026-07-13T19:43:47+00:00 machine gtk-status-bar[2764]: 2026-07-13T19:43:47.342271Z  INFO gtk_status_bar::network: Network reachability probe completed target=192.0.2.1 success=true elapsed_ms=9
2026-07-13T19:43:47+00:00 machine gtk-status-bar[2764]: 2026-07-13T19:43:47.342323Z DEBUG gtk_status_bar::network: Sent network update label="\u{f091f} 28% \u{f0ac}"
2026-07-13T19:43:47+00:00 machine gtk-status-bar[2764]: 2026-07-13T19:43:47.342579Z DEBUG gtk_status_bar::widgets: Updating network label: 󰤟 28% 
2026-07-13T19:43:47+00:00 machine gtk-status-bar[2764]: 2026-07-13T19:43:47.448133Z DEBUG gtk_status_bar::pw: 🚫 Skipping metadata '' (props: Some(DictRef { flags: Flags(0x0), entries: {"object.serial": "84", "module.id": "2", "pipewire.protocol": "protocol-native", "pipewire.sec.pid": "1392", "pipewire.sec.uid": "1000", "pipewire.sec.gid": "100", "pipewire.sec.socket": "pipewire-0", "application.name": "pactl", "pipewire.access": "unrestricted"} }))
2026-07-13T19:43:47+00:00 machine gtk-status-bar[2764]: 2026-07-13T19:43:47.450838Z DEBUG gtk_status_bar::pw: 🗑️ Node 4 removed, cleaning up
2026-07-13T19:43:47+00:00 machine gtk-status-bar[2764]: 2026-07-13T19:43:47.450859Z DEBUG gtk_status_bar::pw: ✅ Removed device from HashMap: 4 -> (Bravo, Bravo)
2026-07-13T19:43:47+00:00 machine gtk-status-bar[2764]: 2026-07-13T19:43:47.450875Z DEBUG gtk_status_bar::pw: 🗂️ Device map size after removal: 1
2026-07-13T19:43:47+00:00 machine gtk-status-bar[2764]: 2026-07-13T19:43:47.455750Z DEBUG gtk_status_bar::pw: 📝 metadata.property subject=0 key=Some("default.audio.sink") value=Some("{\"name\":\"Alpha\"}")
2026-07-13T19:43:47+00:00 machine gtk-status-bar[2764]: 2026-07-13T19:43:47.455770Z DEBUG gtk_status_bar::pw: 🔍 Processing metadata property: default.audio.sink={"name":"Alpha"}
2026-07-13T19:43:47+00:00 machine gtk-status-bar[2764]: 2026-07-13T19:43:47.455789Z  INFO gtk_status_bar::pw: 🔄 Default sink -> Alpha
2026-07-13T19:43:47+00:00 machine gtk-status-bar[2764]: 2026-07-13T19:43:47.455803Z DEBUG gtk_status_bar::pw: 🎯 SINK CHANGE: Some("Bravo") -> Alpha (should trigger volume fetch)
2026-07-13T19:43:47+00:00 machine gtk-status-bar[2764]: 2026-07-13T19:43:47.455817Z DEBUG gtk_status_bar::pw: 🗂️ Searching device map for default sink 'Alpha'
2026-07-13T19:43:47+00:00 machine gtk-status-bar[2764]: 2026-07-13T19:43:47.455831Z DEBUG gtk_status_bar::pw: 🗂️ Current device map contents: {5: ("Alpha", "Alpha", Some(100), Some(100), Some(false))}
2026-07-13T19:43:47+00:00 machine gtk-status-bar[2764]: 2026-07-13T19:43:47.455848Z DEBUG gtk_status_bar::pw: 🔍 Checking device 5: node_name='Alpha', description='Alpha' against default sink 'Alpha'
2026-07-13T19:43:47+00:00 machine gtk-status-bar[2764]: 2026-07-13T19:43:47.455861Z DEBUG gtk_status_bar::pw: 🎯 MATCH! Found device 5 with node_name 'Alpha' matching default sink
2026-07-13T19:43:47+00:00 machine gtk-status-bar[2764]: 2026-07-13T19:43:47.455875Z DEBUG gtk_status_bar::pw: 🎨 Updating GUI label to: 'Alpha' with cached volume data
2026-07-13T19:43:47+00:00 machine gtk-status-bar[2764]: 2026-07-13T19:43:47.455890Z DEBUG gtk_status_bar::pw: 💾 Cached volume data: Vol: Some(100)%, Ch: Some(100)%, Mute: Some(false)
2026-07-13T19:43:47+00:00 machine gtk-status-bar[2764]: 2026-07-13T19:43:47.455913Z DEBUG gtk_status_bar::pw: ✅ Sent REAL volume data to GUI: 'Alpha' Vol: Some(100)%, Ch: Some(100)%, Mute: Some(false)
2026-07-13T19:43:47+00:00 machine gtk-status-bar[2764]: 2026-07-13T19:43:47.456143Z DEBUG gtk_status_bar::widgets: 📺 GTK UI updated via ASYNC: 🔊A100
2026-07-13T19:43:48+00:00 machine gtk-status-bar[2764]: 2026-07-13T19:43:48.002207Z DEBUG gtk_status_bar::widgets: Updating time label:  7:43 PM
2026-07-13T19:43:48+00:00 machine gtk-status-bar[2764]: 2026-07-13T19:43:48.697392Z  INFO gtk_status_bar::network: Network reachability probe completed target=198.51.100.1 success=false elapsed_ms=20
2026-07-13T19:43:48+00:00 machine gtk-status-bar[2764]: 2026-07-13T19:43:48.697482Z DEBUG gtk_status_bar::network: Sent network update label="\u{f091f} 28% \u{f0ac}"
2026-07-13T19:43:48+00:00 machine gtk-status-bar[2764]: 2026-07-13T19:43:48.697962Z DEBUG gtk_status_bar::widgets: Updating network label: 󰤟 28% 
2026-07-13T19:43:49+00:00 machine gtk-status-bar[2764]: 2026-07-13T19:43:49.001231Z DEBUG gtk_status_bar::widgets: Updating time label:  7:43 PM
2026-07-13T19:43:50+00:00 machine gtk-status-bar[2764]: 2026-07-13T19:43:50.002242Z DEBUG gtk_status_bar::widgets: Updating time label:  7:43 PM
2026-07-13T19:43:50+00:00 machine gtk-status-bar[2764]: 2026-07-13T19:43:50.540974Z  INFO gtk_status_bar::network: Network reachability probe completed target=192.0.2.1 success=true elapsed_ms=22
2026-07-13T19:43:50+00:00 machine gtk-status-bar[2764]: 2026-07-13T19:43:50.541069Z DEBUG gtk_status_bar::network: Sent network update label="\u{f091f} 28% \u{f0ac}"
2026-07-13T19:43:50+00:00 machine gtk-status-bar[2764]: 2026-07-13T19:43:50.541574Z DEBUG gtk_status_bar::widgets: Updating network label: 󰤟 28% 
2026-07-13T19:43:50+00:00 machine gtk-status-bar[2764]: 2026-07-13T19:43:50.972784Z DEBUG gtk_status_bar::pw: 🚫 Skipping metadata '' (props: Some(DictRef { flags: Flags(0x0), entries: {"object.serial": "85", "module.id": "2", "pipewire.protocol": "protocol-native", "pipewire.sec.pid": "1392", "pipewire.sec.uid": "1000", "pipewire.sec.gid": "100", "pipewire.sec.socket": "pipewire-0", "application.name": "pactl", "pipewire.access": "unrestricted"} }))
2026-07-13T19:43:50+00:00 machine gtk-status-bar[2764]: 2026-07-13T19:43:50.976885Z DEBUG gtk_status_bar::pw: 🗑️ Node 5 removed, cleaning up
2026-07-13T19:43:50+00:00 machine gtk-status-bar[2764]: 2026-07-13T19:43:50.976906Z DEBUG gtk_status_bar::pw: ✅ Removed device from HashMap: 5 -> (Alpha, Alpha)
2026-07-13T19:43:50+00:00 machine gtk-status-bar[2764]: 2026-07-13T19:43:50.976922Z DEBUG gtk_status_bar::pw: 🗂️ Device map size after removal: 0
2026-07-13T19:43:50+00:00 machine gtk-status-bar[2764]: 2026-07-13T19:43:50.979074Z DEBUG gtk_status_bar::pw: 🚫 Skipping metadata '' (props: Some(DictRef { flags: Flags(0x0), entries: {"object.serial": "86", "factory.id": "19", "client.id": "53", "node.description": "Dummy Output", "node.name": "auto_null", "media.class": "Audio/Sink"} }))
2026-07-13T19:43:50+00:00 machine gtk-status-bar[2764]: 2026-07-13T19:43:50.979101Z DEBUG gtk_status_bar::pw: 🔍 Checking node - media.class: Some("Audio/Sink")
2026-07-13T19:43:50+00:00 machine gtk-status-bar[2764]: 2026-07-13T19:43:50.979117Z DEBUG gtk_status_bar::pw: 🔍 Node filter result: true for media.class: Some("Audio/Sink")
2026-07-13T19:43:50+00:00 machine gtk-status-bar[2764]: 2026-07-13T19:43:50.979142Z DEBUG gtk_status_bar::pw: 📱 Monitoring audio node: Dummy Output (5) [node.name: auto_null]
2026-07-13T19:43:50+00:00 machine gtk-status-bar[2764]: 2026-07-13T19:43:50.979157Z DEBUG gtk_status_bar::pw: 🔗 ADDING NODE LISTENER for node.name: auto_null
2026-07-13T19:43:50+00:00 machine gtk-status-bar[2764]: 2026-07-13T19:43:50.979173Z DEBUG gtk_status_bar::pw: 📝 Added device to HashMap: 5 -> (auto_null, Dummy Output, no volume yet)
2026-07-13T19:43:50+00:00 machine gtk-status-bar[2764]: 2026-07-13T19:43:50.979187Z DEBUG gtk_status_bar::pw: 🗂️ Current device map size: 1
2026-07-13T19:43:51+00:00 machine gtk-status-bar[2764]: 2026-07-13T19:43:50.979404Z DEBUG gtk_status_bar::pw: 🎛️  NODE PARAM CALLBACK: Dummy Output (5) received Props param
2026-07-13T19:43:51+00:00 machine gtk-status-bar[2764]: 2026-07-13T19:43:50.979427Z DEBUG gtk_status_bar::pw: 🔊 Node 5: Dummy Output - Vol: Some(100)% | Ch: Some(100)% | Mute: Some(false) [CACHING]
2026-07-13T19:43:51+00:00 machine gtk-status-bar[2764]: 2026-07-13T19:43:50.979445Z DEBUG gtk_status_bar::pw: 📝 Updated volume cache for device 5: Dummy Output -> Vol: Some(100)%, Ch: Some(100)%, Mute: Some(false)
2026-07-13T19:43:51+00:00 machine gtk-status-bar[2764]: 2026-07-13T19:43:50.979468Z DEBUG gtk_status_bar::pw: 🎯 Checking if device 5 is default: current_default=Some("Alpha"), node_name=auto_null, is_default=false
2026-07-13T19:43:51+00:00 machine gtk-status-bar[2764]: 2026-07-13T19:43:50.979483Z DEBUG gtk_status_bar::pw: 📊 Cached volume for non-default device 5 (Dummy Output)
2026-07-13T19:43:51+00:00 machine gtk-status-bar[2764]: 2026-07-13T19:43:50.979594Z ERROR gtk_status_bar::pw: ❌ PipeWire error id:5 seq:11 res:-2: enum params id:13 (Spa:Enum:ParamId:Route) failed
2026-07-13T19:43:51+00:00 machine gtk-status-bar[2764]: 2026-07-13T19:43:50.984788Z DEBUG gtk_status_bar::pw: 📝 metadata.property subject=0 key=Some("default.audio.sink") value=None
2026-07-13T19:43:51+00:00 machine gtk-status-bar[2764]: 2026-07-13T19:43:50.984814Z DEBUG gtk_status_bar::pw: 🚫 Skipping metadata property: value is None for key Some("default.audio.sink")
2026-07-13T19:43:51+00:00 machine gtk-status-bar[2764]: 2026-07-13T19:43:50.994025Z DEBUG gtk_status_bar::pw: 🎛️  NODE PARAM CALLBACK: Dummy Output (5) received Props param
2026-07-13T19:43:51+00:00 machine gtk-status-bar[2764]: 2026-07-13T19:43:50.994055Z DEBUG gtk_status_bar::pw: 🔊 Node 5: Dummy Output - Vol: Some(100)% | Ch: Some(100)% | Mute: Some(false) [CACHING]
2026-07-13T19:43:51+00:00 machine gtk-status-bar[2764]: 2026-07-13T19:43:50.994071Z DEBUG gtk_status_bar::pw: 📝 Updated volume cache for device 5: Dummy Output -> Vol: Some(100)%, Ch: Some(100)%, Mute: Some(false)
2026-07-13T19:43:51+00:00 machine gtk-status-bar[2764]: 2026-07-13T19:43:50.994087Z DEBUG gtk_status_bar::pw: 🎯 Checking if device 5 is default: current_default=Some("Alpha"), node_name=auto_null, is_default=false
2026-07-13T19:43:51+00:00 machine gtk-status-bar[2764]: 2026-07-13T19:43:50.994103Z DEBUG gtk_status_bar::pw: 📊 Cached volume for non-default device 5 (Dummy Output)
2026-07-13T19:43:51+00:00 machine gtk-status-bar[2764]: 2026-07-13T19:43:50.994118Z DEBUG gtk_status_bar::pw: 🎛️  NODE PARAM CALLBACK: Dummy Output (5) received Props param
2026-07-13T19:43:51+00:00 machine gtk-status-bar[2764]: 2026-07-13T19:43:50.994133Z DEBUG gtk_status_bar::pw: 🔊 Node 5: Dummy Output - Vol: Some(100)% | Ch: Some(100)% | Mute: Some(false) [CACHING]
2026-07-13T19:43:51+00:00 machine gtk-status-bar[2764]: 2026-07-13T19:43:50.994148Z DEBUG gtk_status_bar::pw: 📝 Updated volume cache for device 5: Dummy Output -> Vol: Some(100)%, Ch: Some(100)%, Mute: Some(false)
2026-07-13T19:43:51+00:00 machine gtk-status-bar[2764]: 2026-07-13T19:43:50.994163Z DEBUG gtk_status_bar::pw: 🎯 Checking if device 5 is default: current_default=Some("Alpha"), node_name=auto_null, is_default=false
2026-07-13T19:43:51+00:00 machine gtk-status-bar[2764]: 2026-07-13T19:43:50.994187Z DEBUG gtk_status_bar::pw: 📊 Cached volume for non-default device 5 (Dummy Output)
2026-07-13T19:43:51+00:00 machine gtk-status-bar[2764]: 2026-07-13T19:43:50.994207Z DEBUG gtk_status_bar::pw: 🚫 Skipping metadata '' (props: Some(DictRef { flags: Flags(0x0), entries: {"object.serial": "87", "object.path": "auto_null:playback_0", "format.dsp": "32 bit float mono audio", "node.id": "61", "audio.channel": "FL", "port.id": "0", "port.name": "playback_FL", "port.direction": "in", "port.alias": "Dummy Output:playback_FL", "port.group": "stream.0"} }))
2026-07-13T19:43:51+00:00 machine gtk-status-bar[2764]: 2026-07-13T19:43:50.994229Z DEBUG gtk_status_bar::pw: 🚫 Skipping metadata '' (props: Some(DictRef { flags: Flags(0x0), entries: {"object.serial": "88", "object.path": "auto_null:playback_1", "format.dsp": "32 bit float mono audio", "node.id": "61", "audio.channel": "FR", "port.id": "1", "port.name": "playback_FR", "port.direction": "in", "port.alias": "Dummy Output:playback_FR", "port.group": "stream.0"} }))
2026-07-13T19:43:51+00:00 machine gtk-status-bar[2764]: 2026-07-13T19:43:50.994249Z DEBUG gtk_status_bar::pw: 🚫 Skipping metadata '' (props: Some(DictRef { flags: Flags(0x0), entries: {"object.serial": "89", "object.path": "auto_null:monitor_0", "format.dsp": "32 bit float mono audio", "node.id": "61", "audio.channel": "FL", "port.id": "0", "port.name": "monitor_FL", "port.direction": "out", "port.monitor": "true", "port.alias": "Dummy Output:monitor_FL", "port.group": "stream.0"} }))
2026-07-13T19:43:51+00:00 machine gtk-status-bar[2764]: 2026-07-13T19:43:50.994268Z DEBUG gtk_status_bar::pw: 🚫 Skipping metadata '' (props: Some(DictRef { flags: Flags(0x0), entries: {"object.serial": "90", "object.path": "auto_null:monitor_1", "format.dsp": "32 bit float mono audio", "node.id": "61", "audio.channel": "FR", "port.id": "1", "port.name": "monitor_FR", "port.direction": "out", "port.monitor": "true", "port.alias": "Dummy Output:monitor_FR", "port.group": "stream.0"} }))
2026-07-13T19:43:51+00:00 machine gtk-status-bar[2764]: 2026-07-13T19:43:50.994287Z DEBUG gtk_status_bar::pw: 🎛️  NODE PARAM CALLBACK: Dummy Output (5) received Props param
2026-07-13T19:43:51+00:00 machine gtk-status-bar[2764]: 2026-07-13T19:43:50.994303Z DEBUG gtk_status_bar::pw: 🔊 Node 5: Dummy Output - Vol: Some(100)% | Ch: Some(100)% | Mute: Some(false) [CACHING]
2026-07-13T19:43:51+00:00 machine gtk-status-bar[2764]: 2026-07-13T19:43:50.994317Z DEBUG gtk_status_bar::pw: 📝 Updated volume cache for device 5: Dummy Output -> Vol: Some(100)%, Ch: Some(100)%, Mute: Some(false)
2026-07-13T19:43:51+00:00 machine gtk-status-bar[2764]: 2026-07-13T19:43:50.994332Z DEBUG gtk_status_bar::pw: 🎯 Checking if device 5 is default: current_default=Some("Alpha"), node_name=auto_null, is_default=false
2026-07-13T19:43:51+00:00 machine gtk-status-bar[2764]: 2026-07-13T19:43:50.994346Z DEBUG gtk_status_bar::pw: 📊 Cached volume for non-default device 5 (Dummy Output)
2026-07-13T19:43:51+00:00 machine gtk-status-bar[2764]: 2026-07-13T19:43:50.999675Z DEBUG gtk_status_bar::pw: 🎛️  NODE PARAM CALLBACK: Dummy Output (5) received Props param
2026-07-13T19:43:51+00:00 machine gtk-status-bar[2764]: 2026-07-13T19:43:50.999741Z DEBUG gtk_status_bar::pw: 🔊 Node 5: Dummy Output - Vol: Some(100)% | Ch: Some(100)% | Mute: Some(false) [CACHING]
2026-07-13T19:43:51+00:00 machine gtk-status-bar[2764]: 2026-07-13T19:43:50.999758Z DEBUG gtk_status_bar::pw: 📝 Updated volume cache for device 5: Dummy Output -> Vol: Some(100)%, Ch: Some(100)%, Mute: Some(false)
2026-07-13T19:43:51+00:00 machine gtk-status-bar[2764]: 2026-07-13T19:43:50.999773Z DEBUG gtk_status_bar::pw: 🎯 Checking if device 5 is default: current_default=Some("Alpha"), node_name=auto_null, is_default=false
2026-07-13T19:43:51+00:00 machine gtk-status-bar[2764]: 2026-07-13T19:43:50.999788Z DEBUG gtk_status_bar::pw: 📊 Cached volume for non-default device 5 (Dummy Output)
2026-07-13T19:43:51+00:00 machine gtk-status-bar[2764]: 2026-07-13T19:43:51.000879Z DEBUG gtk_status_bar::widgets: Updating time label:  7:43 PM
2026-07-13T19:43:51+00:00 machine gtk-status-bar[2764]: 2026-07-13T19:43:51.007401Z DEBUG gtk_status_bar::pw: 📝 metadata.property subject=0 key=Some("default.audio.sink") value=Some("{\"name\":\"auto_null\"}")
2026-07-13T19:43:51+00:00 machine gtk-status-bar[2764]: 2026-07-13T19:43:51.007430Z DEBUG gtk_status_bar::pw: 🔍 Processing metadata property: default.audio.sink={"name":"auto_null"}
2026-07-13T19:43:51+00:00 machine gtk-status-bar[2764]: 2026-07-13T19:43:51.007451Z  INFO gtk_status_bar::pw: 🔄 Default sink -> auto_null
2026-07-13T19:43:51+00:00 machine gtk-status-bar[2764]: 2026-07-13T19:43:51.007468Z DEBUG gtk_status_bar::pw: 🎯 SINK CHANGE: Some("Alpha") -> auto_null (should trigger volume fetch)
2026-07-13T19:43:51+00:00 machine gtk-status-bar[2764]: 2026-07-13T19:43:51.007486Z DEBUG gtk_status_bar::pw: 🗂️ Searching device map for default sink 'auto_null'
2026-07-13T19:43:51+00:00 machine gtk-status-bar[2764]: 2026-07-13T19:43:51.007502Z DEBUG gtk_status_bar::pw: 🗂️ Current device map contents: {5: ("auto_null", "Dummy Output", Some(100), Some(100), Some(false))}
2026-07-13T19:43:51+00:00 machine gtk-status-bar[2764]: 2026-07-13T19:43:51.007529Z DEBUG gtk_status_bar::pw: 🔍 Checking device 5: node_name='auto_null', description='Dummy Output' against default sink 'auto_null'
2026-07-13T19:43:51+00:00 machine gtk-status-bar[2764]: 2026-07-13T19:43:51.007545Z DEBUG gtk_status_bar::pw: 🎯 MATCH! Found device 5 with node_name 'auto_null' matching default sink
2026-07-13T19:43:51+00:00 machine gtk-status-bar[2764]: 2026-07-13T19:43:51.007559Z DEBUG gtk_status_bar::pw: 🎨 Updating GUI label to: 'Dummy Output' with cached volume data
2026-07-13T19:43:51+00:00 machine gtk-status-bar[2764]: 2026-07-13T19:43:51.007573Z DEBUG gtk_status_bar::pw: 💾 Cached volume data: Vol: Some(100)%, Ch: Some(100)%, Mute: Some(false)
2026-07-13T19:43:51+00:00 machine gtk-status-bar[2764]: 2026-07-13T19:43:51.007600Z DEBUG gtk_status_bar::pw: ✅ Sent REAL volume data to GUI: 'Dummy Output' Vol: Some(100)%, Ch: Some(100)%, Mute: Some(false)
2026-07-13T19:43:51+00:00 machine gtk-status-bar[2764]: 2026-07-13T19:43:51.007954Z DEBUG gtk_status_bar::widgets: 📺 GTK UI updated via ASYNC: 🔊D100
2026-07-13T19:43:51+00:00 machine gtk-status-bar[2764]: 2026-07-13T19:43:51.088895Z DEBUG gtk_status_bar::tray: Tray item property is unavailable property="IconPixmap" error=org.freedesktop.DBus.Error.InvalidArgs: No such property “IconPixmap”
2026-07-13T19:43:51+00:00 machine gtk-status-bar[2764]: 2026-07-13T19:43:51.091461Z DEBUG gtk_status_bar::tray: Tray item property is unavailable property="IconThemePath" error=org.freedesktop.DBus.Error.InvalidArgs: No such property “IconThemePath”
2026-07-13T19:43:51+00:00 machine gtk-status-bar[2764]: 2026-07-13T19:43:51.107486Z DEBUG gtk_status_bar::tray: Tray item property is unavailable property="IconPixmap" error=org.freedesktop.DBus.Error.InvalidArgs: No such property “IconPixmap”
2026-07-13T19:43:51+00:00 machine gtk-status-bar[2764]: 2026-07-13T19:43:51.110212Z DEBUG gtk_status_bar::tray: Tray item property is unavailable property="IconThemePath" error=org.freedesktop.DBus.Error.InvalidArgs: No such property “IconThemePath”
2026-07-13T19:43:51+00:00 machine gtk-status-bar[2764]: 2026-07-13T19:43:51.120840Z DEBUG gtk_status_bar::tray: Tray item property is unavailable property="IconPixmap" error=org.freedesktop.DBus.Error.InvalidArgs: No such property “IconPixmap”
2026-07-13T19:43:51+00:00 machine gtk-status-bar[2764]: 2026-07-13T19:43:51.121903Z DEBUG gtk_status_bar::tray: Tray item property is unavailable property="IconThemePath" error=org.freedesktop.DBus.Error.InvalidArgs: No such property “IconThemePath”
2026-07-13T19:43:51+00:00 machine gtk-status-bar[2764]: 2026-07-13T19:43:51.134386Z DEBUG gtk_status_bar::tray: Tray item property is unavailable property="IconPixmap" error=org.freedesktop.DBus.Error.InvalidArgs: No such property “IconPixmap”
2026-07-13T19:43:51+00:00 machine gtk-status-bar[2764]: 2026-07-13T19:43:51.136138Z DEBUG gtk_status_bar::tray: Tray item property is unavailable property="IconThemePath" error=org.freedesktop.DBus.Error.InvalidArgs: No such property “IconThemePath”
2026-07-13T19:43:51+00:00 machine gtk-status-bar[2764]: 2026-07-13T19:43:51.141666Z DEBUG gtk_status_bar::tray: Tray item property is unavailable property="IconPixmap" error=org.freedesktop.DBus.Error.InvalidArgs: No such property “IconPixmap”
2026-07-13T19:43:51+00:00 machine gtk-status-bar[2764]: 2026-07-13T19:43:51.142461Z DEBUG gtk_status_bar::tray: Tray item property is unavailable property="IconThemePath" error=org.freedesktop.DBus.Error.InvalidArgs: No such property “IconThemePath”
2026-07-13T19:43:51+00:00 machine gtk-status-bar[2764]: 2026-07-13T19:43:51.145790Z DEBUG gtk_status_bar::tray: Tray item property is unavailable property="IconPixmap" error=org.freedesktop.DBus.Error.InvalidArgs: No such property “IconPixmap”
2026-07-13T19:43:51+00:00 machine gtk-status-bar[2764]: 2026-07-13T19:43:51.146864Z DEBUG gtk_status_bar::tray: Tray item property is unavailable property="IconThemePath" error=org.freedesktop.DBus.Error.InvalidArgs: No such property “IconThemePath”
2026-07-13T19:43:51+00:00 machine gtk-status-bar[2764]: 2026-07-13T19:43:51.811911Z DEBUG gtk_status_bar::tray: Tray item property is unavailable property="IconPixmap" error=org.freedesktop.DBus.Error.InvalidArgs: No such property “IconPixmap”
2026-07-13T19:43:51+00:00 machine gtk-status-bar[2764]: 2026-07-13T19:43:51.812691Z DEBUG gtk_status_bar::tray: Tray item property is unavailable property="IconThemePath" error=org.freedesktop.DBus.Error.InvalidArgs: No such property “IconThemePath”
2026-07-13T19:43:51+00:00 machine gtk-status-bar[2764]: 2026-07-13T19:43:51.885773Z DEBUG gtk_status_bar::dbus: Got an event in event stream: Msg { type: Signal, serial: 18, sender: UniqueName(":1.60"), path: ObjectPath("/"), iface: InterfaceName("org.freedesktop.DBus.ObjectManager"), member: MemberName("InterfacesAdded"), body: Structure(Dynamic { fields: [ObjectPath, Dict { key: Dynamic { child: Str }, value: Dynamic { child: Dict { key: Dynamic { child: Str }, value: Dynamic { child: Variant } } } }] }), fds: [] }
2026-07-13T19:43:51+00:00 machine gtk-status-bar[2764]: 2026-07-13T19:43:51.885821Z DEBUG gtk_status_bar::dbus: Dbus monitor: Received D-Bus message from path: Some(ObjectPath("/")), interface: Some(InterfaceName("org.freedesktop.DBus.ObjectManager")), member: Some(MemberName("InterfacesAdded"))
2026-07-13T19:43:51+00:00 machine gtk-status-bar[2764]: 2026-07-13T19:43:51.885842Z  INFO gtk_status_bar::dbus: Dbus monitor: Received signal
2026-07-13T19:43:51+00:00 machine gtk-status-bar[2764]: 2026-07-13T19:43:51.885862Z  INFO gtk_status_bar::dbus: Dbus monitor: Received InterfacesAdded signal from ObjectManager
2026-07-13T19:43:51+00:00 machine gtk-status-bar[2764]: 2026-07-13T19:43:51.885918Z DEBUG gtk_status_bar::dbus: Available interfaces in InterfacesAdded: [Str("org.bluez.Adapter1")]
2026-07-13T19:43:51+00:00 machine gtk-status-bar[2764]: 2026-07-13T19:43:51.885938Z DEBUG gtk_status_bar::dbus: Device1 interface not found in interfaces
2026-07-13T19:43:51+00:00 machine gtk-status-bar[2764]: 2026-07-13T19:43:51.885956Z DEBUG gtk_status_bar::dbus: Not a device with org.bluez.Battery1 interface
2026-07-13T19:43:51+00:00 machine gtk-status-bar[2764]: 2026-07-13T19:43:51.894581Z DEBUG gtk_status_bar::dbus: Got an event in event stream: Msg { type: Signal, serial: 21, sender: UniqueName(":1.60"), path: ObjectPath("/"), iface: InterfaceName("org.freedesktop.DBus.ObjectManager"), member: MemberName("InterfacesAdded"), body: Structure(Dynamic { fields: [ObjectPath, Dict { key: Dynamic { child: Str }, value: Dynamic { child: Dict { key: Dynamic { child: Str }, value: Dynamic { child: Variant } } } }] }), fds: [] }
2026-07-13T19:43:51+00:00 machine gtk-status-bar[2764]: 2026-07-13T19:43:51.894623Z DEBUG gtk_status_bar::dbus: Dbus monitor: Received D-Bus message from path: Some(ObjectPath("/")), interface: Some(InterfaceName("org.freedesktop.DBus.ObjectManager")), member: Some(MemberName("InterfacesAdded"))
2026-07-13T19:43:51+00:00 machine gtk-status-bar[2764]: 2026-07-13T19:43:51.894650Z  INFO gtk_status_bar::dbus: Dbus monitor: Received signal
2026-07-13T19:43:51+00:00 machine gtk-status-bar[2764]: 2026-07-13T19:43:51.894668Z  INFO gtk_status_bar::dbus: Dbus monitor: Received InterfacesAdded signal from ObjectManager
2026-07-13T19:43:51+00:00 machine gtk-status-bar[2764]: 2026-07-13T19:43:51.894782Z DEBUG gtk_status_bar::dbus: Available interfaces in InterfacesAdded: [Str("org.bluez.Device1")]
2026-07-13T19:43:51+00:00 machine gtk-status-bar[2764]: 2026-07-13T19:43:51.894826Z DEBUG gtk_status_bar::dbus: Found Device1 interface properties: Dict { map: {Str("Adapter"): Value(ObjectPath(ObjectPath("/org/bluez/hci0"))), Str("Address"): Value(Str("AA:BB:CC:DD:EE:09")), Str("AddressType"): Value(Str("public")), Str("AdvertisingData"): Value(Array(Array { elements: [], signature: Array(Dynamic { child: Dict { key: Dynamic { child: U8 }, value: Dynamic { child: Variant } } }) })), Str("AdvertisingFlags"): Value(Array(Array { elements: [], signature: Array(Dynamic { child: Array(Dynamic { child: U8 }) }) })), Str("Alias"): Value(Str("Recovery Buds")), Str("Appearance"): Value(U16(0)), Str("Blocked"): Value(Bool(false)), Str("Class"): Value(U32(5898764)), Str("Connected"): Value(Bool(false)), Str("Icon"): Value(Str("phone")), Str("LegacyPairing"): Value(Bool(false)), Str("ManufacturerData"): Value(Array(Array { elements: [], signature: Array(Dynamic { child: Dict { key: Dynamic { child: U16 }, value: Dynamic { child: Variant } } }) })), Str("Modalias"): Value(Str("bluetooth:v000Fp1200d1436")), Str("Name"): Value(Str("Recovery Buds")), Str("Paired"): Value(Bool(false)), Str("RSSI"): Value(I16(-79)), Str("ServiceData"): Value(Array(Array { elements: [], signature: Array(Dynamic { child: Dict { key: Dynamic { child: Str }, value: Dynamic { child: Variant } } }) })), Str("ServicesResolved"): Value(Bool(false)), Str("Trusted"): Value(Bool(false)), Str("TxPower"): Value(I16(0)), Str("UUIDs"): Value(Array(Array { elements: [], signature: Array(Dynamic { child: Str }) })), Str("WakeAllowed"): Value(Bool(false))}, signature: Dict { key: Dynamic { child: Str }, value: Dynamic { child: Variant } } }
2026-07-13T19:43:51+00:00 machine gtk-status-bar[2764]: 2026-07-13T19:43:51.894859Z DEBUG gtk_status_bar::dbus: Found Bluetooth device name: Recovery Buds
2026-07-13T19:43:51+00:00 machine gtk-status-bar[2764]: 2026-07-13T19:43:51.894877Z  INFO gtk_status_bar::dbus: Created new device /org/bluez/hci0/dev_AA_BB_CC_DD_EE_09 with name: Some("Recovery Buds")
2026-07-13T19:43:51+00:00 machine gtk-status-bar[2764]: 2026-07-13T19:43:51.894907Z DEBUG gtk_status_bar::dbus: Not a device with org.bluez.Battery1 interface
2026-07-13T19:43:51+00:00 machine gtk-status-bar[2764]: 2026-07-13T19:43:51.895135Z DEBUG gtk_status_bar::widgets: Updating Bluetooth battery label:
2026-07-13T19:43:51+00:00 machine gtk-status-bar[2764]: 2026-07-13T19:43:51.895162Z DEBUG gtk_status_bar::widgets: 🙈 HIDING Bluetooth widget - no devices
2026-07-13T19:43:51+00:00 machine gtk-status-bar[2764]: 2026-07-13T19:43:51.895489Z DEBUG gtk_status_bar::dbus: Got an event in event stream: Msg { type: Signal, serial: 24, sender: UniqueName(":1.60"), path: ObjectPath("/org/bluez/hci0"), iface: InterfaceName("org.freedesktop.DBus.Properties"), member: MemberName("PropertiesChanged"), body: Structure(Dynamic { fields: [Str, Dict { key: Dynamic { child: Str }, value: Dynamic { child: Variant } }, Array(Dynamic { child: Str })] }), fds: [] }
2026-07-13T19:43:51+00:00 machine gtk-status-bar[2764]: 2026-07-13T19:43:51.895517Z DEBUG gtk_status_bar::dbus: Dbus monitor: Received D-Bus message from path: Some(ObjectPath("/org/bluez/hci0")), interface: Some(InterfaceName("org.freedesktop.DBus.Properties")), member: Some(MemberName("PropertiesChanged"))
2026-07-13T19:43:51+00:00 machine gtk-status-bar[2764]: 2026-07-13T19:43:51.895534Z  INFO gtk_status_bar::dbus: Dbus monitor: Received signal
2026-07-13T19:43:51+00:00 machine gtk-status-bar[2764]: 2026-07-13T19:43:51.895550Z  INFO gtk_status_bar::dbus: Dbus monitor: Received PropertiesChanged signal
2026-07-13T19:43:51+00:00 machine gtk-status-bar[2764]: 2026-07-13T19:43:51.895576Z DEBUG gtk_status_bar::dbus: Dbus monitor: Ignored PropertiesChanged for interface: "org.bluez.Adapter1"
2026-07-13T19:43:51+00:00 machine gtk-status-bar[2764]: 2026-07-13T19:43:51.904135Z DEBUG gtk_status_bar::tray: Tray item property is unavailable property="IconPixmap" error=org.freedesktop.DBus.Error.InvalidArgs: No such property “IconPixmap”
2026-07-13T19:43:51+00:00 machine gtk-status-bar[2764]: 2026-07-13T19:43:51.904762Z DEBUG gtk_status_bar::tray: Tray item property is unavailable property="IconThemePath" error=org.freedesktop.DBus.Error.InvalidArgs: No such property “IconThemePath”
2026-07-13T19:43:51+00:00 machine gtk-status-bar[2764]: 2026-07-13T19:43:51.943905Z DEBUG gtk_status_bar::tray: Tray item property is unavailable property="IconPixmap" error=org.freedesktop.DBus.Error.InvalidArgs: No such property “IconPixmap”
2026-07-13T19:43:51+00:00 machine gtk-status-bar[2764]: 2026-07-13T19:43:51.945522Z DEBUG gtk_status_bar::tray: Tray item property is unavailable property="IconThemePath" error=org.freedesktop.DBus.Error.InvalidArgs: No such property “IconThemePath”
2026-07-13T19:43:51+00:00 machine gtk-status-bar[2764]: 2026-07-13T19:43:51.959014Z DEBUG gtk_status_bar::tray: Tray item property is unavailable property="IconPixmap" error=org.freedesktop.DBus.Error.InvalidArgs: No such property “IconPixmap”
2026-07-13T19:43:51+00:00 machine gtk-status-bar[2764]: 2026-07-13T19:43:51.960567Z DEBUG gtk_status_bar::tray: Tray item property is unavailable property="IconThemePath" error=org.freedesktop.DBus.Error.InvalidArgs: No such property “IconThemePath”
2026-07-13T19:43:52+00:00 machine gtk-status-bar[2764]: 2026-07-13T19:43:52.001269Z DEBUG gtk_status_bar::widgets: Updating time label:  7:43 PM
2026-07-13T19:43:52+00:00 machine gtk-status-bar[2764]: 2026-07-13T19:43:52.085546Z  INFO gtk_status_bar::network: Network reachability probe completed target=198.51.100.1 success=false elapsed_ms=12
2026-07-13T19:43:52+00:00 machine gtk-status-bar[2764]: 2026-07-13T19:43:52.085593Z DEBUG gtk_status_bar::network: Sent network update label="\u{f091f} 28% \u{f0ac}"
2026-07-13T19:43:52+00:00 machine gtk-status-bar[2764]: 2026-07-13T19:43:52.085849Z DEBUG gtk_status_bar::widgets: Updating network label: 󰤟 28% 
2026-07-13T19:43:52+00:00 machine gtk-status-bar[3144]: 2026-07-13T19:43:52.451229Z  INFO gtk_status_bar: Starting GTK status bar application
2026-07-13T19:43:52+00:00 machine gtk-status-bar[3144]: 2026-07-13T19:43:52.454162Z  INFO gtk_status_bar: Running GTK application
2026-07-13T19:43:53+00:00 machine gtk-status-bar[3144]: 2026-07-13T19:43:53.961678Z  INFO gtk_status_bar: Activating GTK application
2026-07-13T19:43:53+00:00 machine gtk-status-bar[3144]: 2026-07-13T19:43:53.964120Z DEBUG gtk_status_bar::widgets: Loading CSS styles
2026-07-13T19:43:53+00:00 machine gtk-status-bar[3144]: 2026-07-13T19:43:53.965283Z  INFO gtk_status_bar::widgets: CSS styles loaded successfully
2026-07-13T19:43:53+00:00 machine gtk-status-bar[3144]: 2026-07-13T19:43:53.965326Z DEBUG gtk_status_bar::widgets: Configuring layer shell
2026-07-13T19:43:53+00:00 machine gtk-status-bar[3144]: 2026-07-13T19:43:53.992273Z  INFO gtk_status_bar::widgets: Layer shell configured successfully
2026-07-13T19:43:53+00:00 machine gtk-status-bar[3144]: 2026-07-13T19:43:53.992306Z DEBUG gtk_status_bar::widgets: Creating experimental bar
2026-07-13T19:43:53+00:00 machine gtk-status-bar[3144]: 2026-07-13T19:43:53.992410Z DEBUG gtk_status_bar::widgets: Creating left group
2026-07-13T19:43:53+00:00 machine gtk-status-bar[3144]: 2026-07-13T19:43:53.992441Z DEBUG gtk_status_bar::widgets: Creating workspace widget
2026-07-13T19:43:53+00:00 machine gtk-status-bar[3144]: 2026-07-13T19:43:53.992828Z DEBUG gtk_status_bar::widgets: Creating center group
2026-07-13T19:43:53+00:00 machine gtk-status-bar[3144]: 2026-07-13T19:43:53.992858Z DEBUG gtk_status_bar::widgets: Creating title widget
2026-07-13T19:43:53+00:00 machine gtk-status-bar[3144]: 2026-07-13T19:43:53.993038Z DEBUG gtk_status_bar::widgets: Creating right group
2026-07-13T19:43:53+00:00 machine gtk-status-bar[3144]: 2026-07-13T19:43:53.993071Z DEBUG gtk_status_bar::widgets: Creating system tray widget
2026-07-13T19:43:53+00:00 machine gtk-status-bar[3144]: 2026-07-13T19:43:53.993097Z DEBUG gtk_status_bar::widgets: Creating bluetooth widget
2026-07-13T19:43:53+00:00 machine gtk-status-bar[3144]: 2026-07-13T19:43:53.993136Z DEBUG gtk_status_bar::widgets: Creating volume widget
2026-07-13T19:43:53+00:00 machine gtk-status-bar[3144]: 2026-07-13T19:43:53.993178Z DEBUG gtk_status_bar::widgets: Creating network widget
2026-07-13T19:43:53+00:00 machine gtk-status-bar[3144]: 2026-07-13T19:43:53.993219Z DEBUG gtk_status_bar::widgets: Creating battery widget
2026-07-13T19:43:53+00:00 machine gtk-status-bar[3144]: 2026-07-13T19:43:53.993260Z DEBUG gtk_status_bar::widgets: Creating time widget
2026-07-13T19:43:54+00:00 machine gtk-status-bar[3144]: 2026-07-13T19:43:54.589408Z DEBUG gtk_status_bar::widgets: Setting up time widget updates
2026-07-13T19:43:54+00:00 machine gtk-status-bar[3144]: 2026-07-13T19:43:54.589470Z DEBUG gtk_status_bar::widgets: Updating time label:  7:43 PM
2026-07-13T19:43:54+00:00 machine gtk-status-bar[3144]: 2026-07-13T19:43:54.589516Z DEBUG gtk_status_bar::widgets: Setting up system tray updates
2026-07-13T19:43:54+00:00 machine gtk-status-bar[3144]: 2026-07-13T19:43:54.589561Z DEBUG gtk_status_bar::widgets: Setting up workspace updates
2026-07-13T19:43:54+00:00 machine gtk-status-bar[3144]: 2026-07-13T19:43:54.589598Z DEBUG gtk_status_bar::widgets: Setting up title updates
2026-07-13T19:43:54+00:00 machine gtk-status-bar[3144]: 2026-07-13T19:43:54.589644Z DEBUG gtk_status_bar::widgets: Setting up battery updates
2026-07-13T19:43:54+00:00 machine gtk-status-bar[3144]: 2026-07-13T19:43:54.589681Z DEBUG gtk_status_bar::widgets: Setting up Bluetooth battery updates
2026-07-13T19:43:54+00:00 machine gtk-status-bar[3144]: 2026-07-13T19:43:54.589829Z DEBUG gtk_status_bar::widgets: Setting up network updates
2026-07-13T19:43:54+00:00 machine gtk-status-bar[3144]: 2026-07-13T19:43:54.589864Z DEBUG gtk_status_bar::widgets: Setting up volume updates with tokio async channels
2026-07-13T19:43:54+00:00 machine gtk-status-bar[3144]: 2026-07-13T19:43:54.590014Z  INFO gtk_status_bar: Application activated successfully
2026-07-13T19:43:54+00:00 machine gtk-status-bar[3144]: 2026-07-13T19:43:54.590070Z DEBUG gtk_status_bar::pw: 🔧 Initializing PipeWire on dedicated thread...
2026-07-13T19:43:54+00:00 machine gtk-status-bar[3144]: 2026-07-13T19:43:54.590103Z DEBUG gtk_status_bar::pw: 📋 Created device tracking HashMap for (node_name, description, volume, channel, mute)
2026-07-13T19:43:54+00:00 machine gtk-status-bar[3144]: 2026-07-13T19:43:54.590661Z DEBUG gtk_status_bar::widgets: 🚀 Starting async volume update loop...
2026-07-13T19:43:54+00:00 machine gtk-status-bar[3144]: 2026-07-13T19:43:54.599128Z DEBUG gtk_status_bar::pw: ✅ PipeWire initialized
2026-07-13T19:43:54+00:00 machine gtk-status-bar[3144]: 2026-07-13T19:43:54.599268Z DEBUG gtk_status_bar::pw: ✅ ThreadLoop created
2026-07-13T19:43:54+00:00 machine gtk-status-bar[3144]: 2026-07-13T19:43:54.599796Z  INFO gtk_status_bar::dbus: 🔌 Starting D-Bus monitor
2026-07-13T19:43:54+00:00 machine gtk-status-bar[3144]: 2026-07-13T19:43:54.599857Z  INFO gtk_status_bar::dbus: Starting D-Bus monitoring task
2026-07-13T19:43:54+00:00 machine gtk-status-bar[3144]: 2026-07-13T19:43:54.600193Z  INFO gtk_status_bar::tray: 🔌 Starting system tray backend
2026-07-13T19:43:54+00:00 machine gtk-status-bar[3144]: 2026-07-13T19:43:54.600283Z  INFO gtk_status_bar: Starting tray IPC server
2026-07-13T19:43:54+00:00 machine gtk-status-bar[3144]: 2026-07-13T19:43:54.600432Z  INFO gtk_status_bar::network: Starting network monitor
2026-07-13T19:43:54+00:00 machine gtk-status-bar[3144]: 2026-07-13T19:43:54.600552Z  INFO gtk_status_bar::hypr: 🔌 Starting title event listener
2026-07-13T19:43:54+00:00 machine gtk-status-bar[3144]: 2026-07-13T19:43:54.600568Z DEBUG gtk_status_bar::hypr: Setting up title event listener
2026-07-13T19:43:54+00:00 machine gtk-status-bar[3144]: 2026-07-13T19:43:54.600583Z DEBUG gtk_status_bar::hypr: Fetching initial title state
2026-07-13T19:43:54+00:00 machine gtk-status-bar[3144]: 2026-07-13T19:43:54.600769Z  INFO gtk_status_bar::hypr: 🔌 Starting workspace event listener
2026-07-13T19:43:54+00:00 machine gtk-status-bar[3144]: 2026-07-13T19:43:54.600796Z DEBUG gtk_status_bar::hypr: Setting up workspace event listener
2026-07-13T19:43:54+00:00 machine gtk-status-bar[3144]: 2026-07-13T19:43:54.601417Z DEBUG gtk_status_bar::widgets: Pinning bar height to font-derived line height char_height=18 multiplier=1.4 pinned=25
2026-07-13T19:43:54+00:00 machine gtk-status-bar[3144]: 2026-07-13T19:43:54.616793Z  INFO tray_ipc: Tray IPC server is listening path=/run/user/1000/gtk-status-bar/tray.sock
2026-07-13T19:43:54+00:00 machine gtk-status-bar[3144]: 2026-07-13T19:43:54.621184Z DEBUG gtk_status_bar::dbus: 🔌 Registered battery match rule
2026-07-13T19:43:54+00:00 machine gtk-status-bar[3144]: 2026-07-13T19:43:54.624853Z DEBUG gtk_status_bar::dbus: 🔌 Registered bluez PropertiesChanged match rule
2026-07-13T19:43:54+00:00 machine gtk-status-bar[3144]: 2026-07-13T19:43:54.625905Z DEBUG gtk_status_bar::dbus: 🔌 Registered bluez InterfacesAdded match rule
2026-07-13T19:43:54+00:00 machine gtk-status-bar[3144]: 2026-07-13T19:43:54.626836Z DEBUG gtk_status_bar::dbus: 🔌 Registered bluez InterfacesRemoved match rule
2026-07-13T19:43:54+00:00 machine gtk-status-bar[3144]: 2026-07-13T19:43:54.628826Z  INFO gtk_status_bar::dbus: Battery is discharging (state: 2)
2026-07-13T19:43:54+00:00 machine gtk-status-bar[3144]: 2026-07-13T19:43:54.628854Z  INFO gtk_status_bar::dbus: Battery is at 55.0%
2026-07-13T19:43:54+00:00 machine gtk-status-bar[3144]: 2026-07-13T19:43:54.632184Z  INFO gtk_status_bar::dbus: Found 3 Bluetooth objects
2026-07-13T19:43:54+00:00 machine gtk-status-bar[3144]: 2026-07-13T19:43:54.632208Z  INFO gtk_status_bar::dbus: Found Bluetooth device with battery at: /org/bluez/hci0/dev_AA_BB_CC_DD_EE_09
2026-07-13T19:43:54+00:00 machine gtk-status-bar[3144]: 2026-07-13T19:43:54.632225Z  INFO gtk_status_bar::dbus: Bluetooth device battery at 65%
2026-07-13T19:43:54+00:00 machine gtk-status-bar[3144]: 2026-07-13T19:43:54.632242Z DEBUG gtk_status_bar::dbus: Added device /org/bluez/hci0/dev_AA_BB_CC_DD_EE_09 to HashMap (has_battery: true, has_media: false)
2026-07-13T19:43:54+00:00 machine gtk-status-bar[3144]: 2026-07-13T19:43:54.632270Z DEBUG gtk_status_bar::dbus: Initial bluetooth devices: {"/org/bluez/hci0/dev_AA_BB_CC_DD_EE_09": BluetoothDevice { has_battery: true, has_media: false, battery_percentage: Some(65), device_name: Some("Recovery Buds") }}
2026-07-13T19:43:54+00:00 machine gtk-status-bar[3144]: 2026-07-13T19:43:54.632295Z  INFO gtk_status_bar::dbus: Sent initial Bluetooth display: R65
2026-07-13T19:43:54+00:00 machine gtk-status-bar[3144]: 2026-07-13T19:43:54.632312Z  INFO gtk_status_bar::dbus: Dbus monitor: Starting to listen for D-Bus messages
2026-07-13T19:43:54+00:00 machine gtk-status-bar[3144]: 2026-07-13T19:43:54.632329Z DEBUG gtk_status_bar::dbus: Got an event in event stream: Msg { type: MethodReturn, serial: 9, sender: UniqueName(":1.61"), reply-serial: 18, body: Variant, fds: [] }
2026-07-13T19:43:54+00:00 machine gtk-status-bar[3144]: 2026-07-13T19:43:54.632348Z DEBUG gtk_status_bar::dbus: Dbus monitor: Received D-Bus message from path: None, interface: None, member: None
2026-07-13T19:43:54+00:00 machine gtk-status-bar[3144]: 2026-07-13T19:43:54.632365Z ERROR gtk_status_bar::dbus: Dbus monitor: Received message with no path, ignoring
2026-07-13T19:43:54+00:00 machine gtk-status-bar[3144]: 2026-07-13T19:43:54.632383Z DEBUG gtk_status_bar::dbus: Got an event in event stream: Msg { type: MethodReturn, serial: 10, sender: UniqueName(":1.61"), reply-serial: 19, body: Variant, fds: [] }
2026-07-13T19:43:54+00:00 machine gtk-status-bar[3144]: 2026-07-13T19:43:54.632400Z DEBUG gtk_status_bar::dbus: Dbus monitor: Received D-Bus message from path: None, interface: None, member: None
2026-07-13T19:43:54+00:00 machine gtk-status-bar[3144]: 2026-07-13T19:43:54.632416Z ERROR gtk_status_bar::dbus: Dbus monitor: Received message with no path, ignoring
2026-07-13T19:43:54+00:00 machine gtk-status-bar[3144]: 2026-07-13T19:43:54.632432Z DEBUG gtk_status_bar::dbus: Got an event in event stream: Msg { type: MethodReturn, serial: 33, sender: UniqueName(":1.60"), reply-serial: 20, body: Dict { key: Dynamic { child: ObjectPath }, value: Dynamic { child: Dict { key: Dynamic { child: Str }, value: Dynamic { child: Dict { key: Dynamic { child: Str }, value: Dynamic { child: Variant } } } } } }, fds: [] }
2026-07-13T19:43:54+00:00 machine gtk-status-bar[3144]: 2026-07-13T19:43:54.632452Z DEBUG gtk_status_bar::dbus: Dbus monitor: Received D-Bus message from path: None, interface: None, member: None
2026-07-13T19:43:54+00:00 machine gtk-status-bar[3144]: 2026-07-13T19:43:54.632468Z ERROR gtk_status_bar::dbus: Dbus monitor: Received message with no path, ignoring
2026-07-13T19:43:54+00:00 machine gtk-status-bar[3144]: 2026-07-13T19:43:54.632746Z DEBUG gtk_status_bar::pw: ✅ Context created
2026-07-13T19:43:54+00:00 machine gtk-status-bar[3144]: 2026-07-13T19:43:54.632865Z DEBUG gtk_status_bar::pw: ✅ Core connected
2026-07-13T19:43:54+00:00 machine gtk-status-bar[3144]: 2026-07-13T19:43:54.632884Z DEBUG gtk_status_bar::pw: ✅ Registry obtained
2026-07-13T19:43:54+00:00 machine gtk-status-bar[3144]: 2026-07-13T19:43:54.632899Z DEBUG gtk_status_bar::pw: 🎵 PipeWire ThreadLoop started - monitoring volume changes with default sink filtering
2026-07-13T19:43:54+00:00 machine gtk-status-bar[3144]: 2026-07-13T19:43:54.633043Z DEBUG gtk_status_bar::pw: ✅ ThreadLoop started successfully
2026-07-13T19:43:54+00:00 machine gtk-status-bar[3144]: 2026-07-13T19:43:54.633059Z DEBUG gtk_status_bar::pw: 🔄 PipeWire thread running - async event delivery active...
2026-07-13T19:43:54+00:00 machine gtk-status-bar[3144]: 2026-07-13T19:43:54.634536Z DEBUG gtk_status_bar::widgets: Updating battery label: 🔋 55%
2026-07-13T19:43:54+00:00 machine gtk-status-bar[3144]: 2026-07-13T19:43:54.634585Z DEBUG gtk_status_bar::widgets: 👁️  SHOWING battery widget - data: 🔋 55%
2026-07-13T19:43:54+00:00 machine gtk-status-bar[3144]: 2026-07-13T19:43:54.634751Z DEBUG gtk_status_bar::widgets: Updating Bluetooth battery label: R65
2026-07-13T19:43:54+00:00 machine gtk-status-bar[3144]: 2026-07-13T19:43:54.634801Z DEBUG gtk_status_bar::widgets: 👁️  SHOWING Bluetooth widget - data: R65
2026-07-13T19:43:54+00:00 machine gtk-status-bar[3144]: 2026-07-13T19:43:54.635260Z DEBUG gtk_status_bar::network: Sent network update label="\u{f091f} 28% ?"
2026-07-13T19:43:54+00:00 machine gtk-status-bar[3144]: 2026-07-13T19:43:54.635380Z DEBUG gtk_status_bar::widgets: Updating network label: 󰤟 28% ?
2026-07-13T19:43:54+00:00 machine gtk-status-bar[3144]: 2026-07-13T19:43:54.636014Z  INFO gtk_status_bar::tray: Serving StatusNotifierWatcher for tray applications
2026-07-13T19:43:54+00:00 machine gtk-status-bar[3144]: 2026-07-13T19:43:54.636812Z DEBUG gtk_status_bar::pw: 📡 PipeWire connected: pipewire-0
2026-07-13T19:43:54+00:00 machine gtk-status-bar[3144]: 2026-07-13T19:43:54.636850Z DEBUG gtk_status_bar::pw: 🚫 Skipping metadata '' (props: Some(DictRef { flags: Flags(0x0), entries: {"object.serial": "0", "core.name": "pipewire-0"} }))
2026-07-13T19:43:54+00:00 machine gtk-status-bar[3144]: 2026-07-13T19:43:54.636911Z DEBUG gtk_status_bar::pw: 🚫 Skipping metadata '' (props: Some(DictRef { flags: Flags(0x0), entries: {"object.serial": "1", "module.name": "libpipewire-module-rt"} }))
2026-07-13T19:43:54+00:00 machine gtk-status-bar[3144]: 2026-07-13T19:43:54.636934Z DEBUG gtk_status_bar::pw: 🚫 Skipping metadata '' (props: Some(DictRef { flags: Flags(0x0), entries: {"object.serial": "3"} }))
2026-07-13T19:43:54+00:00 machine gtk-status-bar[3144]: 2026-07-13T19:43:54.636987Z DEBUG gtk_status_bar::pw: 🚫 Skipping metadata '' (props: Some(DictRef { flags: Flags(0x0), entries: {"object.serial": "2", "module.name": "libpipewire-module-protocol-native"} }))
2026-07-13T19:43:54+00:00 machine gtk-status-bar[3144]: 2026-07-13T19:43:54.637010Z DEBUG gtk_status_bar::pw: 🚫 Skipping metadata '' (props: Some(DictRef { flags: Flags(0x0), entries: {"object.serial": "5"} }))
2026-07-13T19:43:54+00:00 machine gtk-status-bar[3144]: 2026-07-13T19:43:54.637032Z DEBUG gtk_status_bar::pw: 🚫 Skipping metadata '' (props: Some(DictRef { flags: Flags(0x0), entries: {"object.serial": "4", "module.name": "libpipewire-module-profiler"} }))
2026-07-13T19:43:54+00:00 machine gtk-status-bar[3144]: 2026-07-13T19:43:54.637053Z DEBUG gtk_status_bar::pw: 🚫 Skipping metadata '' (props: Some(DictRef { flags: Flags(0x0), entries: {"object.serial": "6", "module.name": "libpipewire-module-metadata"} }))
2026-07-13T19:43:54+00:00 machine gtk-status-bar[3144]: 2026-07-13T19:43:54.637074Z DEBUG gtk_status_bar::pw: 🚫 Skipping metadata '' (props: Some(DictRef { flags: Flags(0x0), entries: {"object.serial": "7", "module.id": "6", "factory.name": "metadata", "factory.type.name": "PipeWire:Interface:Metadata", "factory.type.version": "3"} }))
2026-07-13T19:43:54+00:00 machine gtk-status-bar[3144]: 2026-07-13T19:43:54.637128Z DEBUG gtk_status_bar::pw: 🚫 Skipping metadata '' (props: Some(DictRef { flags: Flags(0x0), entries: {"object.serial": "8", "module.name": "libpipewire-module-spa-device-factory"} }))
2026-07-13T19:43:54+00:00 machine gtk-status-bar[3144]: 2026-07-13T19:43:54.637151Z DEBUG gtk_status_bar::pw: 🚫 Skipping metadata '' (props: Some(DictRef { flags: Flags(0x0), entries: {"object.serial": "9", "module.id": "8", "factory.name": "spa-device-factory", "factory.type.name": "PipeWire:Interface:Device", "factory.type.version": "3"} }))
2026-07-13T19:43:54+00:00 machine gtk-status-bar[3144]: 2026-07-13T19:43:54.637173Z DEBUG gtk_status_bar::pw: 🚫 Skipping metadata '' (props: Some(DictRef { flags: Flags(0x0), entries: {"object.serial": "10", "module.name": "libpipewire-module-spa-node-factory"} }))
2026-07-13T19:43:54+00:00 machine gtk-status-bar[3144]: 2026-07-13T19:43:54.637194Z DEBUG gtk_status_bar::pw: 🚫 Skipping metadata '' (props: Some(DictRef { flags: Flags(0x0), entries: {"object.serial": "11", "module.id": "10", "factory.name": "spa-node-factory", "factory.type.name": "PipeWire:Interface:Node", "factory.type.version": "3"} }))
2026-07-13T19:43:54+00:00 machine gtk-status-bar[3144]: 2026-07-13T19:43:54.637214Z DEBUG gtk_status_bar::pw: 🚫 Skipping metadata '' (props: Some(DictRef { flags: Flags(0x0), entries: {"object.serial": "12", "module.name": "libpipewire-module-client-node"} }))
2026-07-13T19:43:54+00:00 machine gtk-status-bar[3144]: 2026-07-13T19:43:54.637235Z DEBUG gtk_status_bar::pw: 🚫 Skipping metadata '' (props: Some(DictRef { flags: Flags(0x0), entries: {"object.serial": "13", "module.id": "12", "factory.name": "client-node", "factory.type.name": "PipeWire:Interface:ClientNode", "factory.type.version": "6"} }))
2026-07-13T19:43:54+00:00 machine gtk-status-bar[3144]: 2026-07-13T19:43:54.637289Z DEBUG gtk_status_bar::pw: 🚫 Skipping metadata '' (props: Some(DictRef { flags: Flags(0x0), entries: {"object.serial": "14", "module.name": "libpipewire-module-client-device"} }))
2026-07-13T19:43:54+00:00 machine gtk-status-bar[3144]: 2026-07-13T19:43:54.637311Z DEBUG gtk_status_bar::pw: 🚫 Skipping metadata '' (props: Some(DictRef { flags: Flags(0x0), entries: {"object.serial": "15", "module.id": "14", "factory.name": "client-device", "factory.type.name": "Spa:Pointer:Interface:Device", "factory.type.version": "0"} }))
2026-07-13T19:43:54+00:00 machine gtk-status-bar[3144]: 2026-07-13T19:43:54.637332Z DEBUG gtk_status_bar::pw: 🚫 Skipping metadata '' (props: Some(DictRef { flags: Flags(0x0), entries: {"object.serial": "16", "module.name": "libpipewire-module-portal"} }))
2026-07-13T19:43:54+00:00 machine gtk-status-bar[3144]: 2026-07-13T19:43:54.637352Z DEBUG gtk_status_bar::pw: 🚫 Skipping metadata '' (props: Some(DictRef { flags: Flags(0x0), entries: {"object.serial": "17", "module.name": "libpipewire-module-access"} }))
2026-07-13T19:43:54+00:00 machine gtk-status-bar[3144]: 2026-07-13T19:43:54.637371Z DEBUG gtk_status_bar::pw: 🚫 Skipping metadata '' (props: Some(DictRef { flags: Flags(0x0), entries: {"object.serial": "18", "module.name": "libpipewire-module-adapter"} }))
2026-07-13T19:43:54+00:00 machine gtk-status-bar[3144]: 2026-07-13T19:43:54.637426Z DEBUG gtk_status_bar::pw: 🚫 Skipping metadata '' (props: Some(DictRef { flags: Flags(0x0), entries: {"object.serial": "19", "module.id": "18", "factory.name": "adapter", "factory.type.name": "PipeWire:Interface:Node", "factory.type.version": "3"} }))
2026-07-13T19:43:55+00:00 machine gtk-status-bar[3144]: 2026-07-13T19:43:54.637448Z DEBUG gtk_status_bar::pw: 🚫 Skipping metadata '' (props: Some(DictRef { flags: Flags(0x0), entries: {"object.serial": "20", "module.name": "libpipewire-module-link-factory"} }))
2026-07-13T19:43:55+00:00 machine gtk-status-bar[3144]: 2026-07-13T19:43:54.637468Z DEBUG gtk_status_bar::pw: 🚫 Skipping metadata '' (props: Some(DictRef { flags: Flags(0x0), entries: {"object.serial": "21", "module.id": "20", "factory.name": "link-factory", "factory.type.name": "PipeWire:Interface:Link", "factory.type.version": "3"} }))
2026-07-13T19:43:55+00:00 machine gtk-status-bar[3144]: 2026-07-13T19:43:54.637523Z DEBUG gtk_status_bar::pw: 🚫 Skipping metadata '' (props: Some(DictRef { flags: Flags(0x0), entries: {"object.serial": "22", "module.name": "libpipewire-module-session-manager"} }))
2026-07-13T19:43:55+00:00 machine gtk-status-bar[3144]: 2026-07-13T19:43:54.637530Z DEBUG gtk_status_bar::hypr: Initial title state title="Close OS window" class="kitty"
2026-07-13T19:43:55+00:00 machine gtk-status-bar[3144]: 2026-07-13T19:43:54.637545Z DEBUG gtk_status_bar::pw: 🚫 Skipping metadata '' (props: Some(DictRef { flags: Flags(0x0), entries: {"object.serial": "23", "module.id": "22", "factory.name": "client-endpoint", "factory.type.name": "PipeWire:Interface:ClientEndpoint", "factory.type.version": "0"} }))
2026-07-13T19:43:55+00:00 machine gtk-status-bar[3144]: 2026-07-13T19:43:54.637568Z  INFO gtk_status_bar::hypr: Starting title event listener
2026-07-13T19:43:55+00:00 machine gtk-status-bar[3144]: 2026-07-13T19:43:54.637567Z DEBUG gtk_status_bar::pw: 🚫 Skipping metadata '' (props: Some(DictRef { flags: Flags(0x0), entries: {"object.serial": "24", "module.id": "22", "factory.name": "client-session", "factory.type.name": "PipeWire:Interface:ClientSession", "factory.type.version": "0"} }))
2026-07-13T19:43:55+00:00 machine gtk-status-bar[3144]: 2026-07-13T19:43:54.637649Z DEBUG gtk_status_bar::pw: 🚫 Skipping metadata '' (props: Some(DictRef { flags: Flags(0x0), entries: {"object.serial": "25", "module.id": "22", "factory.name": "session", "factory.type.name": "PipeWire:Interface:Session", "factory.type.version": "0"} }))
2026-07-13T19:43:55+00:00 machine gtk-status-bar[3144]: 2026-07-13T19:43:54.637671Z DEBUG gtk_status_bar::pw: 🚫 Skipping metadata '' (props: Some(DictRef { flags: Flags(0x0), entries: {"object.serial": "26", "module.id": "22", "factory.name": "endpoint", "factory.type.name": "PipeWire:Interface:Endpoint", "factory.type.version": "0"} }))
2026-07-13T19:43:55+00:00 machine gtk-status-bar[3144]: 2026-07-13T19:43:54.637771Z DEBUG gtk_status_bar::pw: 🚫 Skipping metadata '' (props: Some(DictRef { flags: Flags(0x0), entries: {"object.serial": "27", "module.id": "22", "factory.name": "endpoint-stream", "factory.type.name": "PipeWire:Interface:EndpointStream", "factory.type.version": "0"} }))
2026-07-13T19:43:55+00:00 machine gtk-status-bar[3144]: 2026-07-13T19:43:54.637795Z DEBUG gtk_status_bar::pw: 🚫 Skipping metadata '' (props: Some(DictRef { flags: Flags(0x0), entries: {"object.serial": "28", "module.id": "22", "factory.name": "endpoint-link", "factory.type.name": "PipeWire:Interface:EndpointLink", "factory.type.version": "0"} }))
2026-07-13T19:43:55+00:00 machine gtk-status-bar[3144]: 2026-07-13T19:43:54.637816Z DEBUG gtk_status_bar::pw: 🚫 Skipping metadata '' (props: Some(DictRef { flags: Flags(0x0), entries: {"object.serial": "29", "module.name": "libpipewire-module-x11-bell"} }))
2026-07-13T19:43:55+00:00 machine gtk-status-bar[3144]: 2026-07-13T19:43:54.637840Z DEBUG gtk_status_bar::pw: 🚫 Skipping metadata '' (props: Some(DictRef { flags: Flags(0x0), entries: {"object.serial": "30", "module.name": "libpipewire-module-jackdbus-detect"} }))
2026-07-13T19:43:55+00:00 machine gtk-status-bar[3144]: 2026-07-13T19:43:54.637867Z DEBUG gtk_status_bar::pw: 🚫 Skipping metadata '' (props: Some(DictRef { flags: Flags(0x0), entries: {"object.serial": "31", "factory.id": "11", "priority.driver": "200000", "node.name": "Dummy-Driver"} }))
2026-07-13T19:43:55+00:00 machine gtk-status-bar[3144]: 2026-07-13T19:43:54.637895Z DEBUG gtk_status_bar::pw: 🔍 Checking node - media.class: None
2026-07-13T19:43:55+00:00 machine gtk-status-bar[3144]: 2026-07-13T19:43:54.637902Z DEBUG gtk_status_bar::widgets: Updating title widget title="Close OS window" class="kitty"
2026-07-13T19:43:55+00:00 machine gtk-status-bar[3144]: 2026-07-13T19:43:54.637918Z DEBUG gtk_status_bar::pw: 🔍 Node filter result: false for media.class: None
2026-07-13T19:43:55+00:00 machine gtk-status-bar[3144]: 2026-07-13T19:43:54.637942Z DEBUG gtk_status_bar::pw: 🚫 Skipping metadata '' (props: Some(DictRef { flags: Flags(0x0), entries: {"object.serial": "32", "factory.id": "11", "priority.driver": "190000", "node.name": "Freewheel-Driver"} }))
2026-07-13T19:43:55+00:00 machine gtk-status-bar[3144]: 2026-07-13T19:43:54.637971Z DEBUG gtk_status_bar::pw: 🔍 Checking node - media.class: None
2026-07-13T19:43:55+00:00 machine gtk-status-bar[3144]: 2026-07-13T19:43:54.637992Z DEBUG gtk_status_bar::pw: 🔍 Node filter result: false for media.class: None
2026-07-13T19:43:55+00:00 machine gtk-status-bar[3144]: 2026-07-13T19:43:54.638017Z DEBUG gtk_status_bar::pw: 🚫 Skipping metadata 'settings' (props: Some(DictRef { flags: Flags(0x0), entries: {"object.serial": "33", "metadata.name": "settings"} }))
2026-07-13T19:43:55+00:00 machine gtk-status-bar[3144]: 2026-07-13T19:43:54.638043Z DEBUG gtk_status_bar::pw: 🚫 Skipping metadata '' (props: Some(DictRef { flags: Flags(0x0), entries: {"object.serial": "34", "module.id": "2", "pipewire.protocol": "protocol-native", "pipewire.sec.pid": "1253", "pipewire.sec.uid": "1000", "pipewire.sec.gid": "100", "pipewire.sec.socket": "pipewire-0", "application.name": ".xdg-desktop-portal-wrapped", "pipewire.access": "unrestricted"} }))
2026-07-13T19:43:55+00:00 machine gtk-status-bar[3144]: 2026-07-13T19:43:54.638073Z DEBUG gtk_status_bar::pw: 🚫 Skipping metadata '' (props: Some(DictRef { flags: Flags(0x0), entries: {"object.serial": "35", "module.id": "2", "pipewire.protocol": "protocol-native", "pipewire.sec.pid": "1327", "pipewire.sec.uid": "1000", "pipewire.sec.gid": "100", "pipewire.sec.socket": "pipewire-0-manager", "application.name": "WirePlumber", "pipewire.access": "unrestricted"} }))
2026-07-13T19:43:55+00:00 machine gtk-status-bar[3144]: 2026-07-13T19:43:54.638103Z DEBUG gtk_status_bar::pw: 🚫 Skipping metadata 'schema-sm-settings' (props: Some(DictRef { flags: Flags(0x0), entries: {"metadata.name": "schema-sm-settings", "factory.id": "7", "module.id": "6", "client.id": "35", "object.serial": "36"} }))
2026-07-13T19:43:55+00:00 machine gtk-status-bar[3144]: 2026-07-13T19:43:54.638132Z DEBUG gtk_status_bar::pw: 🚫 Skipping metadata 'persistent-sm-settings' (props: Some(DictRef { flags: Flags(0x0), entries: {"metadata.name": "persistent-sm-settings", "factory.id": "7", "module.id": "6", "client.id": "35", "object.serial": "37"} }))
2026-07-13T19:43:55+00:00 machine gtk-status-bar[3144]: 2026-07-13T19:43:54.638161Z DEBUG gtk_status_bar::pw: 🚫 Skipping metadata 'sm-settings' (props: Some(DictRef { flags: Flags(0x0), entries: {"metadata.name": "sm-settings", "factory.id": "7", "module.id": "6", "client.id": "35", "object.serial": "38"} }))
2026-07-13T19:43:55+00:00 machine gtk-status-bar[3144]: 2026-07-13T19:43:54.638190Z DEBUG gtk_status_bar::pw: 🚫 Skipping metadata 'sm-objects' (props: Some(DictRef { flags: Flags(0x0), entries: {"metadata.name": "sm-objects", "factory.id": "7", "module.id": "6", "client.id": "35", "object.serial": "39"} }))
2026-07-13T19:43:55+00:00 machine gtk-status-bar[3144]: 2026-07-13T19:43:54.638228Z DEBUG gtk_status_bar::pw: 🚫 Skipping metadata 'default-profile' (props: Some(DictRef { flags: Flags(0x0), entries: {"wireplumber.state": "true", "metadata.name": "default-profile", "factory.id": "7", "module.id": "6", "client.id": "35", "object.serial": "40"} }))
2026-07-13T19:43:55+00:00 machine gtk-status-bar[3144]: 2026-07-13T19:43:54.638255Z DEBUG gtk_status_bar::pw: ✅ Processing metadata.name == default
2026-07-13T19:43:55+00:00 machine gtk-status-bar[3144]: 2026-07-13T19:43:54.638277Z DEBUG gtk_status_bar::pw: 📋 Found metadata object: Some(DictRef { flags: Flags(0x0), entries: {"metadata.name": "default", "factory.id": "7", "module.id": "6", "client.id": "35", "object.serial": "42"} })
2026-07-13T19:43:55+00:00 machine gtk-status-bar[3144]: 2026-07-13T19:43:54.638323Z DEBUG gtk_status_bar::pw: 📋 Bound 'default' Metadata (id=3)
2026-07-13T19:43:55+00:00 machine gtk-status-bar[3144]: 2026-07-13T19:43:54.638369Z DEBUG gtk_status_bar::pw: 🚫 Skipping metadata 'filters' (props: Some(DictRef { flags: Flags(0x0), entries: {"metadata.name": "filters", "factory.id": "7", "module.id": "6", "client.id": "35", "object.serial": "43"} }))
2026-07-13T19:43:55+00:00 machine gtk-status-bar[3144]: 2026-07-13T19:43:54.638393Z DEBUG gtk_status_bar::pw: 🚫 Skipping metadata 'route-settings' (props: Some(DictRef { flags: Flags(0x0), entries: {"metadata.name": "route-settings", "factory.id": "7", "module.id": "6", "client.id": "35", "object.serial": "44"} }))
2026-07-13T19:43:55+00:00 machine gtk-status-bar[3144]: 2026-07-13T19:43:54.638416Z DEBUG gtk_status_bar::pw: 🚫 Skipping metadata '' (props: Some(DictRef { flags: Flags(0x0), entries: {"object.serial": "41", "module.id": "2", "pipewire.protocol": "protocol-native", "pipewire.sec.pid": "1337", "pipewire.sec.uid": "1000", "pipewire.sec.gid": "100", "pipewire.sec.socket": "pipewire-0", "application.name": ".xdg-desktop-portal-hyprland-wrapped", "pipewire.access": "unrestricted"} }))
2026-07-13T19:43:55+00:00 machine gtk-status-bar[3144]: 2026-07-13T19:43:54.638437Z DEBUG gtk_status_bar::pw: 🚫 Skipping metadata '' (props: Some(DictRef { flags: Flags(0x0), entries: {"object.serial": "45", "module.id": "2", "pipewire.protocol": "protocol-native", "pipewire.sec.pid": "1327", "pipewire.sec.uid": "1000", "pipewire.sec.gid": "100", "pipewire.sec.socket": "pipewire-0-manager", "application.name": "WirePlumber [export]", "pipewire.access": "unrestricted"} }))
2026-07-13T19:43:55+00:00 machine gtk-status-bar[3144]: 2026-07-13T19:43:54.638460Z DEBUG gtk_status_bar::pw: 🚫 Skipping metadata '' (props: Some(DictRef { flags: Flags(0x0), entries: {"object.serial": "46", "factory.id": "11", "client.id": "45", "priority.session": "100", "priority.driver": "1", "node.name": "Midi-Bridge", "media.class": "Midi/Bridge"} }))
2026-07-13T19:43:55+00:00 machine gtk-status-bar[3144]: 2026-07-13T19:43:54.638481Z DEBUG gtk_status_bar::pw: 🔍 Checking node - media.class: Some("Midi/Bridge")
2026-07-13T19:43:55+00:00 machine gtk-status-bar[3144]: 2026-07-13T19:43:54.638666Z DEBUG gtk_status_bar::pw: 🔍 Node filter result: false for media.class: Some("Midi/Bridge")
2026-07-13T19:43:55+00:00 machine gtk-status-bar[3144]: 2026-07-13T19:43:54.638894Z DEBUG gtk_status_bar::pw: 🚫 Skipping metadata '' (props: Some(DictRef { flags: Flags(0x0), entries: {"object.serial": "47", "object.path": "alsa:seq:default:client_14:playback_0", "format.dsp": "8 bit raw midi", "node.id": "46", "port.id": "0", "port.name": "Midi Through: Port-0 (playback)", "port.direction": "in", "port.physical": "true", "port.terminal": "true", "port.alias": "Midi Through:Midi Through Port-0", "port.group": "client_14"} }))
2026-07-13T19:43:55+00:00 machine gtk-status-bar[3144]: 2026-07-13T19:43:54.638922Z DEBUG gtk_status_bar::pw: 🚫 Skipping metadata '' (props: Some(DictRef { flags: Flags(0x0), entries: {"object.serial": "48", "object.path": "alsa:seq:default:client_14:capture_0", "format.dsp": "8 bit raw midi", "node.id": "46", "port.id": "0", "port.name": "Midi Through: Port-0 (capture)", "port.direction": "out", "port.physical": "true", "port.terminal": "true", "port.alias": "Midi Through:Midi Through Port-0", "port.group": "client_14"} }))
2026-07-13T19:43:55+00:00 machine gtk-status-bar[3144]: 2026-07-13T19:43:54.638949Z DEBUG gtk_status_bar::pw: 🚫 Skipping metadata '' (props: Some(DictRef { flags: Flags(0x0), entries: {"object.serial": "49", "factory.id": "14", "client.id": "45", "node.description": "BLE MIDI 1", "node.name": "bluez_midi.server", "media.class": "Midi/Bridge"} }))
2026-07-13T19:43:55+00:00 machine gtk-status-bar[3144]: 2026-07-13T19:43:54.639000Z DEBUG gtk_status_bar::pw: 🔍 Checking node - media.class: Some("Midi/Bridge")
2026-07-13T19:43:55+00:00 machine gtk-status-bar[3144]: 2026-07-13T19:43:54.639019Z DEBUG gtk_status_bar::pw: 🔍 Node filter result: false for media.class: Some("Midi/Bridge")
2026-07-13T19:43:55+00:00 machine gtk-status-bar[3144]: 2026-07-13T19:43:54.639041Z DEBUG gtk_status_bar::pw: 🚫 Skipping metadata '' (props: Some(DictRef { flags: Flags(0x0), entries: {"object.serial": "50", "object.path": "bluez_midi.server:input_0", "format.dsp": "8 bit raw midi", "node.id": "49", "port.id": "0", "port.name": "in", "port.direction": "in", "port.physical": "true", "port.terminal": "true", "port.alias": "in", "port.group": "group.0"} }))
2026-07-13T19:43:55+00:00 machine gtk-status-bar[3144]: 2026-07-13T19:43:54.639063Z DEBUG gtk_status_bar::pw: 🚫 Skipping metadata '' (props: Some(DictRef { flags: Flags(0x0), entries: {"object.serial": "51", "object.path": "bluez_midi.server:output_0", "format.dsp": "8 bit raw midi", "node.id": "49", "port.id": "0", "port.name": "out", "port.direction": "out", "port.physical": "true", "port.terminal": "true", "port.alias": "out", "port.group": "group.0"} }))
2026-07-13T19:43:55+00:00 machine gtk-status-bar[3144]: 2026-07-13T19:43:54.639121Z DEBUG gtk_status_bar::pw: 🚫 Skipping metadata '' (props: Some(DictRef { flags: Flags(0x0), entries: {"object.serial": "53", "module.id": "2", "pipewire.protocol": "protocol-native", "pipewire.sec.pid": "1392", "pipewire.sec.uid": "1000", "pipewire.sec.gid": "100", "pipewire.sec.socket": "pipewire-0", "application.name": "pipewire", "pipewire.access": "unrestricted"} }))
2026-07-13T19:43:55+00:00 machine gtk-status-bar[3144]: 2026-07-13T19:43:54.639145Z DEBUG gtk_status_bar::pw: 🚫 Skipping metadata '' (props: Some(DictRef { flags: Flags(0x0), entries: {"object.serial": "55", "module.id": "2", "pipewire.protocol": "protocol-native", "pipewire.sec.pid": "1392", "pipewire.sec.uid": "1000", "pipewire.sec.gid": "100", "pipewire.sec.socket": "pipewire-0", "application.name": "Blueman", "pipewire.access": "unrestricted"} }))
2026-07-13T19:43:55+00:00 machine gtk-status-bar[3144]: 2026-07-13T19:43:54.639167Z DEBUG gtk_status_bar::pw: 🚫 Skipping metadata '' (props: Some(DictRef { flags: Flags(0x0), entries: {"object.serial": "86", "factory.id": "19", "client.id": "53", "node.description": "Dummy Output", "node.name": "auto_null", "media.class": "Audio/Sink"} }))
2026-07-13T19:43:55+00:00 machine gtk-status-bar[3144]: 2026-07-13T19:43:54.639186Z DEBUG gtk_status_bar::pw: 🔍 Checking node - media.class: Some("Audio/Sink")
2026-07-13T19:43:55+00:00 machine gtk-status-bar[3144]: 2026-07-13T19:43:54.639235Z DEBUG gtk_status_bar::pw: 🔍 Node filter result: true for media.class: Some("Audio/Sink")
2026-07-13T19:43:55+00:00 machine gtk-status-bar[3144]: 2026-07-13T19:43:54.639266Z DEBUG gtk_status_bar::pw: 📱 Monitoring audio node: Dummy Output (4) [node.name: auto_null]
2026-07-13T19:43:55+00:00 machine gtk-status-bar[3144]: 2026-07-13T19:43:54.639283Z DEBUG gtk_status_bar::pw: 🔗 ADDING NODE LISTENER for node.name: auto_null
2026-07-13T19:43:55+00:00 machine gtk-status-bar[3144]: 2026-07-13T19:43:54.639302Z DEBUG gtk_status_bar::pw: 📝 Added device to HashMap: 4 -> (auto_null, Dummy Output, no volume yet)
2026-07-13T19:43:55+00:00 machine gtk-status-bar[3144]: 2026-07-13T19:43:54.639350Z DEBUG gtk_status_bar::pw: 🗂️ Current device map size: 1
2026-07-13T19:43:55+00:00 machine gtk-status-bar[3144]: 2026-07-13T19:43:54.639376Z DEBUG gtk_status_bar::pw: 🚫 Skipping metadata '' (props: Some(DictRef { flags: Flags(0x0), entries: {"object.serial": "87", "object.path": "auto_null:playback_0", "format.dsp": "32 bit float mono audio", "node.id": "61", "audio.channel": "FL", "port.id": "0", "port.name": "playback_FL", "port.direction": "in", "port.alias": "Dummy Output:playback_FL", "port.group": "stream.0"} }))
2026-07-13T19:43:55+00:00 machine gtk-status-bar[3144]: 2026-07-13T19:43:54.639403Z DEBUG gtk_status_bar::pw: 🚫 Skipping metadata '' (props: Some(DictRef { flags: Flags(0x0), entries: {"object.serial": "88", "object.path": "auto_null:playback_1", "format.dsp": "32 bit float mono audio", "node.id": "61", "audio.channel": "FR", "port.id": "1", "port.name": "playback_FR", "port.direction": "in", "port.alias": "Dummy Output:playback_FR", "port.group": "stream.0"} }))
2026-07-13T19:43:55+00:00 machine gtk-status-bar[3144]: 2026-07-13T19:43:54.639557Z DEBUG gtk_status_bar::pw: 🚫 Skipping metadata '' (props: Some(DictRef { flags: Flags(0x0), entries: {"object.serial": "89", "object.path": "auto_null:monitor_0", "format.dsp": "32 bit float mono audio", "node.id": "61", "audio.channel": "FL", "port.id": "0", "port.name": "monitor_FL", "port.direction": "out", "port.monitor": "true", "port.alias": "Dummy Output:monitor_FL", "port.group": "stream.0"} }))
2026-07-13T19:43:55+00:00 machine gtk-status-bar[3144]: 2026-07-13T19:43:54.639582Z DEBUG gtk_status_bar::pw: 🚫 Skipping metadata '' (props: Some(DictRef { flags: Flags(0x0), entries: {"object.serial": "90", "object.path": "auto_null:monitor_1", "format.dsp": "32 bit float mono audio", "node.id": "61", "audio.channel": "FR", "port.id": "1", "port.name": "monitor_FR", "port.direction": "out", "port.monitor": "true", "port.alias": "Dummy Output:monitor_FR", "port.group": "stream.0"} }))
2026-07-13T19:43:55+00:00 machine gtk-status-bar[3144]: 2026-07-13T19:43:54.639604Z DEBUG gtk_status_bar::pw: 🚫 Skipping metadata '' (props: Some(DictRef { flags: Flags(0x0), entries: {"object.serial": "91", "module.id": "2", "pipewire.protocol": "protocol-native", "pipewire.sec.pid": "3144", "pipewire.sec.uid": "1000", "pipewire.sec.gid": "100", "pipewire.sec.socket": "pipewire-0", "application.name": ".gtk-status-bar-wrapped", "pipewire.access": "unrestricted"} }))
2026-07-13T19:43:55+00:00 machine gtk-status-bar[3144]: 2026-07-13T19:43:54.642756Z DEBUG gtk_status_bar::pw: 📝 metadata.property subject=0 key=Some("default.configured.audio.sink") value=Some("{ \"name\": \"Bravo\" }")
2026-07-13T19:43:55+00:00 machine gtk-status-bar[3144]: 2026-07-13T19:43:54.642792Z DEBUG gtk_status_bar::pw: 🔍 Processing metadata property: default.configured.audio.sink={ "name": "Bravo" }
2026-07-13T19:43:55+00:00 machine gtk-status-bar[3144]: 2026-07-13T19:43:54.642811Z DEBUG gtk_status_bar::pw: 🔧 Other metadata property: default.configured.audio.sink (ignored)
2026-07-13T19:43:55+00:00 machine gtk-status-bar[3144]: 2026-07-13T19:43:54.642830Z DEBUG gtk_status_bar::pw: 📝 metadata.property subject=0 key=Some("default.audio.sink") value=Some("{\"name\":\"auto_null\"}")
2026-07-13T19:43:55+00:00 machine gtk-status-bar[3144]: 2026-07-13T19:43:54.642848Z DEBUG gtk_status_bar::pw: 🔍 Processing metadata property: default.audio.sink={"name":"auto_null"}
2026-07-13T19:43:55+00:00 machine gtk-status-bar[3144]: 2026-07-13T19:43:54.642869Z  INFO gtk_status_bar::pw: 🔄 Default sink -> auto_null
2026-07-13T19:43:55+00:00 machine gtk-status-bar[3144]: 2026-07-13T19:43:54.642897Z DEBUG gtk_status_bar::pw: 🎯 SINK CHANGE: None -> auto_null (should trigger volume fetch)
2026-07-13T19:43:55+00:00 machine gtk-status-bar[3144]: 2026-07-13T19:43:54.642913Z DEBUG gtk_status_bar::pw: 🗂️ Searching device map for default sink 'auto_null'
2026-07-13T19:43:55+00:00 machine gtk-status-bar[3144]: 2026-07-13T19:43:54.642928Z DEBUG gtk_status_bar::pw: 🗂️ Current device map contents: {4: ("auto_null", "Dummy Output", None, None, None)}
2026-07-13T19:43:55+00:00 machine gtk-status-bar[3144]: 2026-07-13T19:43:54.642945Z DEBUG gtk_status_bar::pw: 🔍 Checking device 4: node_name='auto_null', description='Dummy Output' against default sink 'auto_null'
2026-07-13T19:43:55+00:00 machine gtk-status-bar[3144]: 2026-07-13T19:43:54.642960Z DEBUG gtk_status_bar::pw: 🎯 MATCH! Found device 4 with node_name 'auto_null' matching default sink
2026-07-13T19:43:55+00:00 machine gtk-status-bar[3144]: 2026-07-13T19:43:54.642974Z DEBUG gtk_status_bar::pw: 🎨 Updating GUI label to: 'Dummy Output' with cached volume data
2026-07-13T19:43:55+00:00 machine gtk-status-bar[3144]: 2026-07-13T19:43:54.642993Z DEBUG gtk_status_bar::pw: 💾 Cached volume data: Vol: None%, Ch: None%, Mute: None
2026-07-13T19:43:55+00:00 machine gtk-status-bar[3144]: 2026-07-13T19:43:54.643013Z DEBUG gtk_status_bar::pw: ✅ Sent REAL volume data to GUI: 'Dummy Output' Vol: None%, Ch: None%, Mute: None
2026-07-13T19:43:55+00:00 machine gtk-status-bar[3144]: 2026-07-13T19:43:54.645154Z DEBUG gtk_status_bar::pw: 🎛️  NODE PARAM CALLBACK: Dummy Output (4) received Props param
2026-07-13T19:43:55+00:00 machine gtk-status-bar[3144]: 2026-07-13T19:43:54.645181Z DEBUG gtk_status_bar::pw: 🔊 Node 4: Dummy Output - Vol: Some(100)% | Ch: Some(100)% | Mute: Some(false) [CACHING]
2026-07-13T19:43:55+00:00 machine gtk-status-bar[3144]: 2026-07-13T19:43:54.645206Z DEBUG gtk_status_bar::pw: 📝 Updated volume cache for device 4: Dummy Output -> Vol: Some(100)%, Ch: Some(100)%, Mute: Some(false)
2026-07-13T19:43:55+00:00 machine gtk-status-bar[3144]: 2026-07-13T19:43:54.645223Z DEBUG gtk_status_bar::pw: 🎯 Checking if device 4 is default: current_default=Some("auto_null"), node_name=auto_null, is_default=true
2026-07-13T19:43:55+00:00 machine gtk-status-bar[3144]: 2026-07-13T19:43:54.645238Z DEBUG gtk_status_bar::pw: 📤 SENDING VOLUME UPDATE to GUI for default sink (node id=4)
2026-07-13T19:43:55+00:00 machine gtk-status-bar[3144]: 2026-07-13T19:43:54.645256Z ERROR gtk_status_bar::pw: ❌ PipeWire error id:4 seq:5 res:-2: enum params id:13 (Spa:Enum:ParamId:Route) failed
2026-07-13T19:43:55+00:00 machine gtk-status-bar[3144]: 2026-07-13T19:43:54.648039Z  INFO gtk_status_bar::hypr: Starting workspace event listener
2026-07-13T19:43:55+00:00 machine gtk-status-bar[3144]: 2026-07-13T19:43:54.683354Z  INFO gtk_status_bar::network: Network reachability probe completed target=198.51.100.1 success=false elapsed_ms=47
2026-07-13T19:43:55+00:00 machine gtk-status-bar[3144]: 2026-07-13T19:43:54.683389Z DEBUG gtk_status_bar::network: Sent network update label="\u{f091f} 28% ?"
2026-07-13T19:43:55+00:00 machine gtk-status-bar[3144]: 2026-07-13T19:43:54.698963Z DEBUG gtk_status_bar::widgets: Resolved title icon from desktop application metadata class="kitty"
2026-07-13T19:43:55+00:00 machine gtk-status-bar[3144]: 2026-07-13T19:43:54.709560Z DEBUG gtk_status_bar::widgets: Updating workspace - label: 'Workspace i', color for workspace: 2
2026-07-13T19:43:55+00:00 machine gtk-status-bar[3144]: 2026-07-13T19:43:54.709672Z DEBUG gtk_status_bar::widgets: Updated title widget color to: rgba(125, 207, 255, 0.5) for workspace: 2
2026-07-13T19:43:55+00:00 machine gtk-status-bar[3144]: 2026-07-13T19:43:54.709821Z DEBUG gtk_status_bar::widgets: Updating network label: 󰤟 28% ?
2026-07-13T19:43:55+00:00 machine gtk-status-bar[3144]: 2026-07-13T19:43:54.709886Z DEBUG gtk_status_bar::widgets: 📺 Skipping GUI update - no volume data available
2026-07-13T19:43:55+00:00 machine gtk-status-bar[3144]: 2026-07-13T19:43:54.709918Z DEBUG gtk_status_bar::widgets: 📺 GTK UI updated via ASYNC: 🔊D100
2026-07-13T19:43:55+00:00 machine gtk-status-bar[3144]: 2026-07-13T19:43:55.000974Z DEBUG gtk_status_bar::widgets: Updating time label:  7:43 PM
2026-07-13T19:43:55+00:00 machine gtk-status-bar[3144]: 2026-07-13T19:43:55.049411Z  INFO gtk_status_bar::tray: Status notifier item registered item=":1.75/StatusNotifierItem"
2026-07-13T19:43:55+00:00 machine gtk-status-bar[3144]: 2026-07-13T19:43:55.053830Z  INFO gtk_status_bar::widgets: Added system tray item item=":1.75/StatusNotifierItem"
2026-07-13T19:43:55+00:00 machine gtk-status-bar[3144]: 2026-07-13T19:43:55.621151Z  INFO gtk_status_bar::tray: Status notifier item registered item=":1.76/org/blueman/sni"
2026-07-13T19:43:55+00:00 machine gtk-status-bar[3144]: 2026-07-13T19:43:55.641085Z DEBUG gtk_status_bar::tray: Tray item property is unavailable property="IconPixmap" error=org.freedesktop.DBus.Error.InvalidArgs: No such property “IconPixmap”
2026-07-13T19:43:55+00:00 machine gtk-status-bar[3144]: 2026-07-13T19:43:55.641897Z DEBUG gtk_status_bar::tray: Tray item property is unavailable property="IconThemePath" error=org.freedesktop.DBus.Error.InvalidArgs: No such property “IconThemePath”
2026-07-13T19:43:55+00:00 machine gtk-status-bar[3144]: 2026-07-13T19:43:55.645058Z  INFO gtk_status_bar::widgets: Added system tray item item=":1.76/org/blueman/sni"
2026-07-13T19:43:56+00:00 machine gtk-status-bar[3144]: 2026-07-13T19:43:56.002223Z DEBUG gtk_status_bar::widgets: Updating time label:  7:43 PM
2026-07-13T19:43:56+00:00 machine gtk-status-bar[3144]: 2026-07-13T19:43:56.297906Z  INFO gtk_status_bar::network: Network reachability probe completed target=192.0.2.1 success=true elapsed_ms=21
2026-07-13T19:43:56+00:00 machine gtk-status-bar[3144]: 2026-07-13T19:43:56.298005Z DEBUG gtk_status_bar::network: Sent network update label="\u{f091f} 28% \u{f0ac}"
2026-07-13T19:43:56+00:00 machine gtk-status-bar[3144]: 2026-07-13T19:43:56.298190Z DEBUG gtk_status_bar::widgets: Updating network label: 󰤟 28% 
2026-07-13T19:43:57+00:00 machine gtk-status-bar[3144]: 2026-07-13T19:43:57.001622Z DEBUG gtk_status_bar::widgets: Updating time label:  7:43 PM
2026-07-13T19:43:57+00:00 machine gtk-status-bar[3144]: 2026-07-13T19:43:57.657892Z  INFO gtk_status_bar::network: Network reachability probe completed target=198.51.100.1 success=false elapsed_ms=21
2026-07-13T19:43:57+00:00 machine gtk-status-bar[3144]: 2026-07-13T19:43:57.657956Z DEBUG gtk_status_bar::network: Sent network update label="\u{f091f} 28% \u{f0ac}"
2026-07-13T19:43:57+00:00 machine gtk-status-bar[3144]: 2026-07-13T19:43:57.658261Z DEBUG gtk_status_bar::widgets: Updating network label: 󰤟 28% 
2026-07-13T19:43:58+00:00 machine gtk-status-bar[3144]: 2026-07-13T19:43:58.002136Z DEBUG gtk_status_bar::widgets: Updating time label:  7:43 PM
2026-07-13T19:43:59+00:00 machine gtk-status-bar[3144]: 2026-07-13T19:43:59.001992Z DEBUG gtk_status_bar::widgets: Updating time label:  7:43 PM
2026-07-13T19:43:59+00:00 machine gtk-status-bar[3144]: 2026-07-13T19:43:59.181947Z DEBUG gtk_status_bar::tray: Tray item property is unavailable property="IconPixmap" error=org.freedesktop.DBus.Error.InvalidArgs: No such property “IconPixmap”
2026-07-13T19:43:59+00:00 machine gtk-status-bar[3144]: 2026-07-13T19:43:59.182592Z DEBUG gtk_status_bar::tray: Tray item property is unavailable property="IconThemePath" error=org.freedesktop.DBus.Error.InvalidArgs: No such property “IconThemePath”
2026-07-13T19:43:59+00:00 machine gtk-status-bar[3144]: 2026-07-13T19:43:59.210952Z DEBUG gtk_status_bar::tray: Tray item property is unavailable property="IconPixmap" error=org.freedesktop.DBus.Error.InvalidArgs: No such property “IconPixmap”
2026-07-13T19:43:59+00:00 machine gtk-status-bar[3144]: 2026-07-13T19:43:59.212965Z DEBUG gtk_status_bar::tray: Tray item property is unavailable property="IconThemePath" error=org.freedesktop.DBus.Error.InvalidArgs: No such property “IconThemePath”
2026-07-13T19:43:59+00:00 machine gtk-status-bar[3144]: 2026-07-13T19:43:59.223194Z  INFO gtk_status_bar::network: Network reachability probe completed target=192.0.2.1 success=true elapsed_ms=21
2026-07-13T19:43:59+00:00 machine gtk-status-bar[3144]: 2026-07-13T19:43:59.223231Z DEBUG gtk_status_bar::network: Sent network update label="\u{f091f} 28% \u{f0ac}"
2026-07-13T19:43:59+00:00 machine gtk-status-bar[3144]: 2026-07-13T19:43:59.223399Z DEBUG gtk_status_bar::widgets: Updating network label: 󰤟 28% 
2026-07-13T19:43:59+00:00 machine gtk-status-bar[3144]: 2026-07-13T19:43:59.226124Z DEBUG gtk_status_bar::tray: Tray item property is unavailable property="IconPixmap" error=org.freedesktop.DBus.Error.InvalidArgs: No such property “IconPixmap”
2026-07-13T19:43:59+00:00 machine gtk-status-bar[3144]: 2026-07-13T19:43:59.228583Z DEBUG gtk_status_bar::tray: Tray item property is unavailable property="IconThemePath" error=org.freedesktop.DBus.Error.InvalidArgs: No such property “IconThemePath”
2026-07-13T19:43:59+00:00 machine gtk-status-bar[3144]: 2026-07-13T19:43:59.240038Z DEBUG gtk_status_bar::tray: Tray item property is unavailable property="IconPixmap" error=org.freedesktop.DBus.Error.InvalidArgs: No such property “IconPixmap”
2026-07-13T19:43:59+00:00 machine gtk-status-bar[3144]: 2026-07-13T19:43:59.241864Z DEBUG gtk_status_bar::tray: Tray item property is unavailable property="IconThemePath" error=org.freedesktop.DBus.Error.InvalidArgs: No such property “IconThemePath”
2026-07-13T19:43:59+00:00 machine gtk-status-bar[3144]: 2026-07-13T19:43:59.244890Z DEBUG gtk_status_bar::tray: Tray item property is unavailable property="IconPixmap" error=org.freedesktop.DBus.Error.InvalidArgs: No such property “IconPixmap”
2026-07-13T19:43:59+00:00 machine gtk-status-bar[3144]: 2026-07-13T19:43:59.246191Z DEBUG gtk_status_bar::tray: Tray item property is unavailable property="IconThemePath" error=org.freedesktop.DBus.Error.InvalidArgs: No such property “IconThemePath”
2026-07-13T19:43:59+00:00 machine gtk-status-bar[3144]: 2026-07-13T19:43:59.250501Z DEBUG gtk_status_bar::tray: Tray item property is unavailable property="IconPixmap" error=org.freedesktop.DBus.Error.InvalidArgs: No such property “IconPixmap”
2026-07-13T19:43:59+00:00 machine gtk-status-bar[3144]: 2026-07-13T19:43:59.251479Z DEBUG gtk_status_bar::tray: Tray item property is unavailable property="IconThemePath" error=org.freedesktop.DBus.Error.InvalidArgs: No such property “IconThemePath”
2026-07-13T19:44:00+00:00 machine gtk-status-bar[3144]: 2026-07-13T19:44:00.002190Z DEBUG gtk_status_bar::widgets: Updating time label:  7:44 PM
2026-07-13T19:44:00+00:00 machine gtk-status-bar[3144]: 2026-07-13T19:44:00.249362Z  INFO gtk_status_bar::network: Network reachability probe completed target=192.0.2.1 success=true elapsed_ms=10
2026-07-13T19:44:00+00:00 machine gtk-status-bar[3144]: 2026-07-13T19:44:00.249440Z DEBUG gtk_status_bar::network: Sent network update label="\u{f091f} 28% \u{f0ac}"
2026-07-13T19:44:00+00:00 machine gtk-status-bar[3144]: 2026-07-13T19:44:00.249671Z DEBUG gtk_status_bar::widgets: Updating network label: 󰤟 28% 
2026-07-13T19:44:00+00:00 machine gtk-status-bar[3144]: 2026-07-13T19:44:00.803310Z  INFO gtk_status_bar::network: Network reachability probe completed target=198.51.100.1 success=false elapsed_ms=17
2026-07-13T19:44:00+00:00 machine gtk-status-bar[3144]: 2026-07-13T19:44:00.803363Z DEBUG gtk_status_bar::network: Sent network update label="\u{f091f} 28% \u{f0ac}"
2026-07-13T19:44:00+00:00 machine gtk-status-bar[3144]: 2026-07-13T19:44:00.803554Z DEBUG gtk_status_bar::widgets: Updating network label: 󰤟 28% 
2026-07-13T19:44:00+00:00 machine gtk-status-bar[3144]: 2026-07-13T19:44:00.888988Z  INFO gtk_status_bar::network: Network reachability probe completed target=198.51.100.1 success=false elapsed_ms=13
2026-07-13T19:44:00+00:00 machine gtk-status-bar[3144]: 2026-07-13T19:44:00.889053Z DEBUG gtk_status_bar::network: Sent network update label="\u{f091f} 28% \u{f0ac}"
2026-07-13T19:44:00+00:00 machine gtk-status-bar[3144]: 2026-07-13T19:44:00.889484Z DEBUG gtk_status_bar::widgets: Updating network label: 󰤟 28% 
2026-07-13T19:44:01+00:00 machine gtk-status-bar[3144]: 2026-07-13T19:44:01.001148Z DEBUG gtk_status_bar::widgets: Updating time label:  7:44 PM
2026-07-13T19:44:02+00:00 machine gtk-status-bar[3144]: 2026-07-13T19:44:02.002200Z DEBUG gtk_status_bar::widgets: Updating time label:  7:44 PM
2026-07-13T19:44:02+00:00 machine gtk-status-bar[3144]: 2026-07-13T19:44:02.336942Z  INFO gtk_status_bar::network: Network reachability probe completed target=192.0.2.1 success=true elapsed_ms=12
2026-07-13T19:44:02+00:00 machine gtk-status-bar[3144]: 2026-07-13T19:44:02.336987Z DEBUG gtk_status_bar::network: Sent network update label="\u{f091f} 28% \u{f0ac}"
2026-07-13T19:44:02+00:00 machine gtk-status-bar[3144]: 2026-07-13T19:44:02.337161Z DEBUG gtk_status_bar::widgets: Updating network label: 󰤟 28% 
2026-07-13T19:44:03+00:00 machine gtk-status-bar[3144]: 2026-07-13T19:44:03.000928Z DEBUG gtk_status_bar::widgets: Updating time label:  7:44 PM
2026-07-13T19:44:03+00:00 machine gtk-status-bar[3144]: 2026-07-13T19:44:03.144312Z DEBUG gtk_status_bar::tray: Tray item property is unavailable property="IconPixmap" error=org.freedesktop.DBus.Error.InvalidArgs: No such property “IconPixmap”
2026-07-13T19:44:03+00:00 machine gtk-status-bar[3144]: 2026-07-13T19:44:03.147580Z DEBUG gtk_status_bar::tray: Tray item property is unavailable property="IconThemePath" error=org.freedesktop.DBus.Error.InvalidArgs: No such property “IconThemePath”
2026-07-13T19:44:03+00:00 machine gtk-status-bar[3144]: 2026-07-13T19:44:03.238260Z DEBUG gtk_status_bar::dbus: Got an event in event stream: Msg { type: Signal, serial: 18, sender: UniqueName(":1.67"), path: ObjectPath("/"), iface: InterfaceName("org.freedesktop.DBus.ObjectManager"), member: MemberName("InterfacesAdded"), body: Structure(Dynamic { fields: [ObjectPath, Dict { key: Dynamic { child: Str }, value: Dynamic { child: Dict { key: Dynamic { child: Str }, value: Dynamic { child: Variant } } } }] }), fds: [] }
2026-07-13T19:44:03+00:00 machine gtk-status-bar[3144]: 2026-07-13T19:44:03.238318Z DEBUG gtk_status_bar::dbus: Dbus monitor: Received D-Bus message from path: Some(ObjectPath("/")), interface: Some(InterfaceName("org.freedesktop.DBus.ObjectManager")), member: Some(MemberName("InterfacesAdded"))
2026-07-13T19:44:03+00:00 machine gtk-status-bar[3144]: 2026-07-13T19:44:03.238351Z  INFO gtk_status_bar::dbus: Dbus monitor: Received signal
2026-07-13T19:44:03+00:00 machine gtk-status-bar[3144]: 2026-07-13T19:44:03.238386Z  INFO gtk_status_bar::dbus: Dbus monitor: Received InterfacesAdded signal from ObjectManager
2026-07-13T19:44:03+00:00 machine gtk-status-bar[3144]: 2026-07-13T19:44:03.238487Z DEBUG gtk_status_bar::dbus: Available interfaces in InterfacesAdded: [Str("org.bluez.Adapter1")]
2026-07-13T19:44:03+00:00 machine gtk-status-bar[3144]: 2026-07-13T19:44:03.238523Z DEBUG gtk_status_bar::dbus: Device1 interface not found in interfaces
2026-07-13T19:44:03+00:00 machine gtk-status-bar[3144]: 2026-07-13T19:44:03.238552Z DEBUG gtk_status_bar::dbus: Not a device with org.bluez.Battery1 interface
2026-07-13T19:44:03+00:00 machine gtk-status-bar[3144]: 2026-07-13T19:44:03.251807Z DEBUG gtk_status_bar::dbus: Got an event in event stream: Msg { type: Signal, serial: 21, sender: UniqueName(":1.67"), path: ObjectPath("/"), iface: InterfaceName("org.freedesktop.DBus.ObjectManager"), member: MemberName("InterfacesAdded"), body: Structure(Dynamic { fields: [ObjectPath, Dict { key: Dynamic { child: Str }, value: Dynamic { child: Dict { key: Dynamic { child: Str }, value: Dynamic { child: Variant } } } }] }), fds: [] }
2026-07-13T19:44:03+00:00 machine gtk-status-bar[3144]: 2026-07-13T19:44:03.251866Z DEBUG gtk_status_bar::dbus: Dbus monitor: Received D-Bus message from path: Some(ObjectPath("/")), interface: Some(InterfaceName("org.freedesktop.DBus.ObjectManager")), member: Some(MemberName("InterfacesAdded"))
2026-07-13T19:44:03+00:00 machine gtk-status-bar[3144]: 2026-07-13T19:44:03.251897Z  INFO gtk_status_bar::dbus: Dbus monitor: Received signal
2026-07-13T19:44:03+00:00 machine gtk-status-bar[3144]: 2026-07-13T19:44:03.251925Z  INFO gtk_status_bar::dbus: Dbus monitor: Received InterfacesAdded signal from ObjectManager
2026-07-13T19:44:03+00:00 machine gtk-status-bar[3144]: 2026-07-13T19:44:03.252010Z DEBUG gtk_status_bar::dbus: Available interfaces in InterfacesAdded: [Str("org.bluez.Device1")]
2026-07-13T19:44:03+00:00 machine gtk-status-bar[3144]: 2026-07-13T19:44:03.252108Z DEBUG gtk_status_bar::dbus: Found Device1 interface properties: Dict { map: {Str("Adapter"): Value(ObjectPath(ObjectPath("/org/bluez/hci0"))), Str("Address"): Value(Str("AA:BB:CC:DD:EE:10")), Str("AddressType"): Value(Str("public")), Str("AdvertisingData"): Value(Array(Array { elements: [], signature: Array(Dynamic { child: Dict { key: Dynamic { child: U8 }, value: Dynamic { child: Variant } } }) })), Str("AdvertisingFlags"): Value(Array(Array { elements: [], signature: Array(Dynamic { child: Array(Dynamic { child: U8 }) }) })), Str("Alias"): Value(Str("Post Recovery Buds")), Str("Appearance"): Value(U16(0)), Str("Blocked"): Value(Bool(false)), Str("Class"): Value(U32(5898764)), Str("Connected"): Value(Bool(false)), Str("Icon"): Value(Str("phone")), Str("LegacyPairing"): Value(Bool(false)), Str("ManufacturerData"): Value(Array(Array { elements: [], signature: Array(Dynamic { child: Dict { key: Dynamic { child: U16 }, value: Dynamic { child: Variant } } }) })), Str("Modalias"): Value(Str("bluetooth:v000Fp1200d1436")), Str("Name"): Value(Str("Post Recovery Buds")), Str("Paired"): Value(Bool(false)), Str("RSSI"): Value(I16(-79)), Str("ServiceData"): Value(Array(Array { elements: [], signature: Array(Dynamic { child: Dict { key: Dynamic { child: Str }, value: Dynamic { child: Variant } } }) })), Str("ServicesResolved"): Value(Bool(false)), Str("Trusted"): Value(Bool(false)), Str("TxPower"): Value(I16(0)), Str("UUIDs"): Value(Array(Array { elements: [], signature: Array(Dynamic { child: Str }) })), Str("WakeAllowed"): Value(Bool(false))}, signature: Dict { key: Dynamic { child: Str }, value: Dynamic { child: Variant } } }
2026-07-13T19:44:03+00:00 machine gtk-status-bar[3144]: 2026-07-13T19:44:03.252164Z DEBUG gtk_status_bar::dbus: Found Bluetooth device name: Post Recovery Buds
2026-07-13T19:44:03+00:00 machine gtk-status-bar[3144]: 2026-07-13T19:44:03.252196Z  INFO gtk_status_bar::dbus: Created new device /org/bluez/hci0/dev_AA_BB_CC_DD_EE_10 with name: Some("Post Recovery Buds")
2026-07-13T19:44:03+00:00 machine gtk-status-bar[3144]: 2026-07-13T19:44:03.252230Z DEBUG gtk_status_bar::dbus: Not a device with org.bluez.Battery1 interface
2026-07-13T19:44:03+00:00 machine gtk-status-bar[3144]: 2026-07-13T19:44:03.252284Z DEBUG gtk_status_bar::dbus: Got an event in event stream: Msg { type: Signal, serial: 23, sender: UniqueName(":1.67"), path: ObjectPath("/org/bluez/hci0"), iface: InterfaceName("org.freedesktop.DBus.Properties"), member: MemberName("PropertiesChanged"), body: Structure(Dynamic { fields: [Str, Dict { key: Dynamic { child: Str }, value: Dynamic { child: Variant } }, Array(Dynamic { child: Str })] }), fds: [] }
2026-07-13T19:44:03+00:00 machine gtk-status-bar[3144]: 2026-07-13T19:44:03.252322Z DEBUG gtk_status_bar::dbus: Dbus monitor: Received D-Bus message from path: Some(ObjectPath("/org/bluez/hci0")), interface: Some(InterfaceName("org.freedesktop.DBus.Properties")), member: Some(MemberName("PropertiesChanged"))
2026-07-13T19:44:03+00:00 machine gtk-status-bar[3144]: 2026-07-13T19:44:03.252350Z  INFO gtk_status_bar::dbus: Dbus monitor: Received signal
2026-07-13T19:44:03+00:00 machine gtk-status-bar[3144]: 2026-07-13T19:44:03.252379Z  INFO gtk_status_bar::dbus: Dbus monitor: Received PropertiesChanged signal
2026-07-13T19:44:03+00:00 machine gtk-status-bar[3144]: 2026-07-13T19:44:03.252421Z DEBUG gtk_status_bar::dbus: Dbus monitor: Ignored PropertiesChanged for interface: "org.bluez.Adapter1"
2026-07-13T19:44:03+00:00 machine gtk-status-bar[3144]: 2026-07-13T19:44:03.252804Z DEBUG gtk_status_bar::widgets: Updating Bluetooth battery label: R65
2026-07-13T19:44:03+00:00 machine gtk-status-bar[3144]: 2026-07-13T19:44:03.252834Z DEBUG gtk_status_bar::widgets: 👁️  SHOWING Bluetooth widget - data: R65
2026-07-13T19:44:03+00:00 machine gtk-status-bar[3144]: 2026-07-13T19:44:03.254670Z DEBUG gtk_status_bar::tray: Tray item property is unavailable property="IconPixmap" error=org.freedesktop.DBus.Error.InvalidArgs: No such property “IconPixmap”
2026-07-13T19:44:03+00:00 machine gtk-status-bar[3144]: 2026-07-13T19:44:03.256470Z DEBUG gtk_status_bar::tray: Tray item property is unavailable property="IconThemePath" error=org.freedesktop.DBus.Error.InvalidArgs: No such property “IconThemePath”
2026-07-13T19:44:03+00:00 machine gtk-status-bar[3144]: 2026-07-13T19:44:03.338472Z DEBUG gtk_status_bar::tray: Tray item property is unavailable property="IconPixmap" error=org.freedesktop.DBus.Error.InvalidArgs: No such property “IconPixmap”
2026-07-13T19:44:03+00:00 machine gtk-status-bar[3144]: 2026-07-13T19:44:03.341181Z DEBUG gtk_status_bar::tray: Tray item property is unavailable property="IconThemePath" error=org.freedesktop.DBus.Error.InvalidArgs: No such property “IconThemePath”
2026-07-13T19:44:03+00:00 machine gtk-status-bar[3144]: 2026-07-13T19:44:03.345360Z DEBUG gtk_status_bar::tray: Tray item property is unavailable property="IconPixmap" error=org.freedesktop.DBus.Error.InvalidArgs: No such property “IconPixmap”
2026-07-13T19:44:03+00:00 machine gtk-status-bar[3144]: 2026-07-13T19:44:03.346776Z DEBUG gtk_status_bar::tray: Tray item property is unavailable property="IconThemePath" error=org.freedesktop.DBus.Error.InvalidArgs: No such property “IconThemePath”
2026-07-13T19:44:03+00:00 machine gtk-status-bar[3144]: 2026-07-13T19:44:03.431119Z  INFO gtk_status_bar::network: Network reachability probe completed target=198.51.100.1 success=false elapsed_ms=82
2026-07-13T19:44:03+00:00 machine gtk-status-bar[3144]: 2026-07-13T19:44:03.431164Z DEBUG gtk_status_bar::network: Sent network update label="\u{f091f} 28% \u{f0ac}"
2026-07-13T19:44:03+00:00 machine gtk-status-bar[3144]: 2026-07-13T19:44:03.432568Z DEBUG gtk_status_bar::widgets: Updating network label: 󰤟 28% 
2026-07-13T19:44:03+00:00 machine gtk-status-bar[3144]: 2026-07-13T19:44:03.621887Z DEBUG gtk_status_bar::dbus: Got an event in event stream: Msg { type: Signal, serial: 11, sender: UniqueName(":1.68"), path: ObjectPath("/org/freedesktop/UPower/devices/battery_BAT0"), iface: InterfaceName("org.freedesktop.DBus.Properties"), member: MemberName("PropertiesChanged"), body: Structure(Dynamic { fields: [Str, Dict { key: Dynamic { child: Str }, value: Dynamic { child: Variant } }, Array(Dynamic { child: Str })] }), fds: [] }
2026-07-13T19:44:03+00:00 machine gtk-status-bar[3144]: 2026-07-13T19:44:03.621928Z DEBUG gtk_status_bar::dbus: Dbus monitor: Received D-Bus message from path: Some(ObjectPath("/org/freedesktop/UPower/devices/battery_BAT0")), interface: Some(InterfaceName("org.freedesktop.DBus.Properties")), member: Some(MemberName("PropertiesChanged"))
2026-07-13T19:44:03+00:00 machine gtk-status-bar[3144]: 2026-07-13T19:44:03.621948Z  INFO gtk_status_bar::dbus: Dbus monitor: Received signal
2026-07-13T19:44:03+00:00 machine gtk-status-bar[3144]: 2026-07-13T19:44:03.621964Z  INFO gtk_status_bar::dbus: Dbus monitor: Received PropertiesChanged signal
2026-07-13T19:44:03+00:00 machine gtk-status-bar[3144]: 2026-07-13T19:44:03.621995Z DEBUG gtk_status_bar::dbus: Battery device properties contain no State property
2026-07-13T19:44:03+00:00 machine gtk-status-bar[3144]: 2026-07-13T19:44:03.622014Z  INFO gtk_status_bar::dbus: Battery percentage changed to 33.0%
2026-07-13T19:44:03+00:00 machine gtk-status-bar[3144]: 2026-07-13T19:44:03.622190Z DEBUG gtk_status_bar::widgets: Updating battery label: 🔋 33%
2026-07-13T19:44:03+00:00 machine gtk-status-bar[3144]: 2026-07-13T19:44:03.622299Z DEBUG gtk_status_bar::widgets: 👁️  SHOWING battery widget - data: 🔋 33%
2026-07-13T19:44:03+00:00 machine gtk-status-bar[3144]: 2026-07-13T19:44:03.623989Z DEBUG gtk_status_bar::dbus: Got an event in event stream: Msg { type: Signal, serial: 12, sender: UniqueName(":1.68"), path: ObjectPath("/org/freedesktop/UPower/devices/battery_BAT0"), iface: InterfaceName("org.freedesktop.DBus.Properties"), member: MemberName("PropertiesChanged"), body: Structure(Dynamic { fields: [Str, Dict { key: Dynamic { child: Str }, value: Dynamic { child: Variant } }, Array(Dynamic { child: Str })] }), fds: [] }
2026-07-13T19:44:03+00:00 machine gtk-status-bar[3144]: 2026-07-13T19:44:03.624030Z DEBUG gtk_status_bar::dbus: Dbus monitor: Received D-Bus message from path: Some(ObjectPath("/org/freedesktop/UPower/devices/battery_BAT0")), interface: Some(InterfaceName("org.freedesktop.DBus.Properties")), member: Some(MemberName("PropertiesChanged"))
2026-07-13T19:44:03+00:00 machine gtk-status-bar[3144]: 2026-07-13T19:44:03.624055Z  INFO gtk_status_bar::dbus: Dbus monitor: Received signal
2026-07-13T19:44:03+00:00 machine gtk-status-bar[3144]: 2026-07-13T19:44:03.624077Z  INFO gtk_status_bar::dbus: Dbus monitor: Received PropertiesChanged signal
2026-07-13T19:44:03+00:00 machine gtk-status-bar[3144]: 2026-07-13T19:44:03.624117Z  INFO gtk_status_bar::dbus: Battery is discharging (state: 2)
2026-07-13T19:44:03+00:00 machine gtk-status-bar[3144]: 2026-07-13T19:44:03.624141Z DEBUG gtk_status_bar::dbus: Battery device properties contain no Percentage property
2026-07-13T19:44:03+00:00 machine gtk-status-bar[3144]: 2026-07-13T19:44:03.624364Z DEBUG gtk_status_bar::widgets: Updating battery label: 🔋 33%
2026-07-13T19:44:03+00:00 machine gtk-status-bar[3144]: 2026-07-13T19:44:03.624394Z DEBUG gtk_status_bar::widgets: 👁️  SHOWING battery widget - data: 🔋 33%
2026-07-13T19:44:03+00:00 machine gtk-status-bar[3144]: 2026-07-13T19:44:03.667768Z DEBUG gtk_status_bar::dbus: Got an event in event stream: Msg { type: Signal, serial: 38, sender: UniqueName(":1.67"), path: ObjectPath("/org/bluez/hci0"), iface: InterfaceName("org.freedesktop.DBus.Properties"), member: MemberName("PropertiesChanged"), body: Structure(Dynamic { fields: [Str, Dict { key: Dynamic { child: Str }, value: Dynamic { child: Variant } }, Array(Dynamic { child: Str })] }), fds: [] }
2026-07-13T19:44:03+00:00 machine gtk-status-bar[3144]: 2026-07-13T19:44:03.667808Z DEBUG gtk_status_bar::dbus: Dbus monitor: Received D-Bus message from path: Some(ObjectPath("/org/bluez/hci0")), interface: Some(InterfaceName("org.freedesktop.DBus.Properties")), member: Some(MemberName("PropertiesChanged"))
2026-07-13T19:44:03+00:00 machine gtk-status-bar[3144]: 2026-07-13T19:44:03.667826Z  INFO gtk_status_bar::dbus: Dbus monitor: Received signal
2026-07-13T19:44:03+00:00 machine gtk-status-bar[3144]: 2026-07-13T19:44:03.667843Z  INFO gtk_status_bar::dbus: Dbus monitor: Received PropertiesChanged signal
2026-07-13T19:44:03+00:00 machine gtk-status-bar[3144]: 2026-07-13T19:44:03.667877Z DEBUG gtk_status_bar::dbus: Dbus monitor: Ignored PropertiesChanged for interface: "org.bluez.Adapter1"
2026-07-13T19:44:04+00:00 machine gtk-status-bar[3144]: 2026-07-13T19:44:04.001750Z DEBUG gtk_status_bar::widgets: Updating time label:  7:44 PM
2026-07-13T19:44:04+00:00 machine gtk-status-bar[3144]: 2026-07-13T19:44:04.045011Z  INFO gtk_status_bar::network: Network reachability probe completed target=192.0.2.1 success=true elapsed_ms=11
2026-07-13T19:44:04+00:00 machine gtk-status-bar[3144]: 2026-07-13T19:44:04.045057Z DEBUG gtk_status_bar::network: Sent network update label="\u{f091f} 28% \u{f0ac}"
2026-07-13T19:44:04+00:00 machine gtk-status-bar[3144]: 2026-07-13T19:44:04.045221Z DEBUG gtk_status_bar::widgets: Updating network label: 󰤟 28% 
2026-07-13T19:44:04+00:00 machine gtk-status-bar[3144]: 2026-07-13T19:44:04.433467Z  INFO gtk_status_bar::network: Network reachability probe completed target=198.51.100.1 success=false elapsed_ms=18
2026-07-13T19:44:04+00:00 machine gtk-status-bar[3144]: 2026-07-13T19:44:04.433517Z DEBUG gtk_status_bar::network: Sent network update label="\u{f091f} 28% \u{f0ac}"
2026-07-13T19:44:04+00:00 machine gtk-status-bar[3144]: 2026-07-13T19:44:04.433746Z DEBUG gtk_status_bar::widgets: Updating network label: 󰤟 28% 
2026-07-13T19:44:05+00:00 machine gtk-status-bar[3144]: 2026-07-13T19:44:05.002222Z DEBUG gtk_status_bar::widgets: Updating time label:  7:44 PM
2026-07-13T19:44:05+00:00 machine gtk-status-bar[3144]: 2026-07-13T19:44:05.298876Z  INFO gtk_status_bar::network: Network reachability probe completed target=192.0.2.1 success=true elapsed_ms=20
2026-07-13T19:44:05+00:00 machine gtk-status-bar[3144]: 2026-07-13T19:44:05.298962Z DEBUG gtk_status_bar::network: Sent network update label="\u{f091f} 28% \u{f0ac}"
2026-07-13T19:44:05+00:00 machine gtk-status-bar[3144]: 2026-07-13T19:44:05.322265Z DEBUG gtk_status_bar::widgets: Updating network label: 󰤟 28% 
2026-07-13T19:44:05+00:00 machine gtk-status-bar[3144]: 2026-07-13T19:44:05.602581Z  INFO gtk_status_bar::tray: Status notifier item disappeared item=":1.76/org/blueman/sni"
2026-07-13T19:44:05+00:00 machine gtk-status-bar[3144]: 2026-07-13T19:44:05.619291Z  INFO gtk_status_bar::widgets: Removed system tray item item=":1.76/org/blueman/sni"
2026-07-13T19:44:06+00:00 machine gtk-status-bar[3144]: 2026-07-13T19:44:06.001036Z DEBUG gtk_status_bar::widgets: Updating time label:  7:44 PM
2026-07-13T19:44:06+00:00 machine gtk-status-bar[3144]: 2026-07-13T19:44:06.461012Z  INFO gtk_status_bar::tray: Status notifier item registered item=":1.79/org/blueman/sni"
2026-07-13T19:44:06+00:00 machine gtk-status-bar[3144]: 2026-07-13T19:44:06.485257Z DEBUG gtk_status_bar::tray: Tray item property is unavailable property="IconPixmap" error=org.freedesktop.DBus.Error.InvalidArgs: No such property “IconPixmap”
2026-07-13T19:44:06+00:00 machine gtk-status-bar[3144]: 2026-07-13T19:44:06.486313Z DEBUG gtk_status_bar::tray: Tray item property is unavailable property="IconThemePath" error=org.freedesktop.DBus.Error.InvalidArgs: No such property “IconThemePath”
2026-07-13T19:44:06+00:00 machine gtk-status-bar[3144]: 2026-07-13T19:44:06.491615Z  INFO gtk_status_bar::widgets: Added system tray item item=":1.79/org/blueman/sni"
2026-07-13T19:44:07+00:00 machine gtk-status-bar[3144]: 2026-07-13T19:44:07.001971Z DEBUG gtk_status_bar::widgets: Updating time label:  7:44 PM
2026-07-13T19:44:07+00:00 machine gtk-status-bar[3144]: 2026-07-13T19:44:07.295824Z  INFO gtk_status_bar::network: Network reachability probe completed target=192.0.2.1 success=true elapsed_ms=13
2026-07-13T19:44:07+00:00 machine gtk-status-bar[3144]: 2026-07-13T19:44:07.295883Z DEBUG gtk_status_bar::network: Sent network update label="\u{f091f} 28% \u{f0ac}"
2026-07-13T19:44:07+00:00 machine gtk-status-bar[3144]: 2026-07-13T19:44:07.296942Z DEBUG gtk_status_bar::widgets: Updating network label: 󰤟 28% 
2026-07-13T19:44:10+00:00 machine gtk-status-bar[3351]: 2026-07-13T19:44:10.162288Z  INFO gtk_status_bar: Starting GTK status bar application
2026-07-13T19:44:10+00:00 machine gtk-status-bar[3351]: 2026-07-13T19:44:10.163487Z  INFO gtk_status_bar: Running GTK application
2026-07-13T19:44:11+00:00 machine gtk-status-bar[3351]: 2026-07-13T19:44:11.755368Z  INFO gtk_status_bar: Activating GTK application
2026-07-13T19:44:11+00:00 machine gtk-status-bar[3351]: 2026-07-13T19:44:11.756471Z DEBUG gtk_status_bar::widgets: Loading CSS styles
2026-07-13T19:44:11+00:00 machine gtk-status-bar[3351]: 2026-07-13T19:44:11.763053Z  INFO gtk_status_bar::widgets: CSS styles loaded successfully
2026-07-13T19:44:11+00:00 machine gtk-status-bar[3351]: 2026-07-13T19:44:11.763095Z DEBUG gtk_status_bar::widgets: Configuring layer shell
2026-07-13T19:44:11+00:00 machine gtk-status-bar[3351]: 2026-07-13T19:44:11.774548Z  INFO gtk_status_bar::widgets: Layer shell configured successfully
2026-07-13T19:44:11+00:00 machine gtk-status-bar[3351]: 2026-07-13T19:44:11.774588Z DEBUG gtk_status_bar::widgets: Creating experimental bar
2026-07-13T19:44:11+00:00 machine gtk-status-bar[3351]: 2026-07-13T19:44:11.774801Z DEBUG gtk_status_bar::widgets: Creating left group
2026-07-13T19:44:11+00:00 machine gtk-status-bar[3351]: 2026-07-13T19:44:11.774840Z DEBUG gtk_status_bar::widgets: Creating workspace widget
2026-07-13T19:44:11+00:00 machine gtk-status-bar[3351]: 2026-07-13T19:44:11.775183Z DEBUG gtk_status_bar::widgets: Creating center group
2026-07-13T19:44:11+00:00 machine gtk-status-bar[3351]: 2026-07-13T19:44:11.775215Z DEBUG gtk_status_bar::widgets: Creating title widget
2026-07-13T19:44:11+00:00 machine gtk-status-bar[3351]: 2026-07-13T19:44:11.775464Z DEBUG gtk_status_bar::widgets: Creating right group
2026-07-13T19:44:11+00:00 machine gtk-status-bar[3351]: 2026-07-13T19:44:11.775503Z DEBUG gtk_status_bar::widgets: Creating system tray widget
2026-07-13T19:44:11+00:00 machine gtk-status-bar[3351]: 2026-07-13T19:44:11.775542Z DEBUG gtk_status_bar::widgets: Creating bluetooth widget
2026-07-13T19:44:11+00:00 machine gtk-status-bar[3351]: 2026-07-13T19:44:11.775591Z DEBUG gtk_status_bar::widgets: Creating volume widget
2026-07-13T19:44:11+00:00 machine gtk-status-bar[3351]: 2026-07-13T19:44:11.775654Z DEBUG gtk_status_bar::widgets: Creating network widget
2026-07-13T19:44:11+00:00 machine gtk-status-bar[3351]: 2026-07-13T19:44:11.775751Z DEBUG gtk_status_bar::widgets: Creating battery widget
2026-07-13T19:44:11+00:00 machine gtk-status-bar[3351]: 2026-07-13T19:44:11.775806Z DEBUG gtk_status_bar::widgets: Creating time widget
2026-07-13T19:44:12+00:00 machine gtk-status-bar[3351]: 2026-07-13T19:44:12.368102Z DEBUG gtk_status_bar::widgets: Setting up time widget updates
2026-07-13T19:44:12+00:00 machine gtk-status-bar[3351]: 2026-07-13T19:44:12.368158Z DEBUG gtk_status_bar::widgets: Updating time label:  7:44 PM
2026-07-13T19:44:12+00:00 machine gtk-status-bar[3351]: 2026-07-13T19:44:12.368208Z DEBUG gtk_status_bar::widgets: Setting up system tray updates
2026-07-13T19:44:12+00:00 machine gtk-status-bar[3351]: 2026-07-13T19:44:12.368254Z DEBUG gtk_status_bar::widgets: Setting up workspace updates
2026-07-13T19:44:12+00:00 machine gtk-status-bar[3351]: 2026-07-13T19:44:12.368294Z DEBUG gtk_status_bar::widgets: Setting up title updates
2026-07-13T19:44:12+00:00 machine gtk-status-bar[3351]: 2026-07-13T19:44:12.400049Z DEBUG gtk_status_bar::widgets: Setting up battery updates
2026-07-13T19:44:12+00:00 machine gtk-status-bar[3351]: 2026-07-13T19:44:12.400121Z DEBUG gtk_status_bar::widgets: Setting up Bluetooth battery updates
2026-07-13T19:44:12+00:00 machine gtk-status-bar[3351]: 2026-07-13T19:44:12.400194Z DEBUG gtk_status_bar::widgets: Setting up network updates
2026-07-13T19:44:12+00:00 machine gtk-status-bar[3351]: 2026-07-13T19:44:12.400257Z DEBUG gtk_status_bar::widgets: Setting up volume updates with tokio async channels
2026-07-13T19:44:12+00:00 machine gtk-status-bar[3351]: 2026-07-13T19:44:12.416672Z  INFO gtk_status_bar: Application activated successfully
2026-07-13T19:44:12+00:00 machine gtk-status-bar[3351]: 2026-07-13T19:44:12.416674Z DEBUG gtk_status_bar::pw: 🔧 Initializing PipeWire on dedicated thread...
2026-07-13T19:44:12+00:00 machine gtk-status-bar[3351]: 2026-07-13T19:44:12.416841Z  INFO gtk_status_bar::hypr: 🔌 Starting workspace event listener
2026-07-13T19:44:12+00:00 machine gtk-status-bar[3351]: 2026-07-13T19:44:12.421221Z DEBUG gtk_status_bar::hypr: Setting up workspace event listener
2026-07-13T19:44:12+00:00 machine gtk-status-bar[3351]: 2026-07-13T19:44:12.416872Z  INFO gtk_status_bar::dbus: 🔌 Starting D-Bus monitor
2026-07-13T19:44:12+00:00 machine gtk-status-bar[3351]: 2026-07-13T19:44:12.421256Z  INFO gtk_status_bar::dbus: Starting D-Bus monitoring task
2026-07-13T19:44:12+00:00 machine gtk-status-bar[3351]: 2026-07-13T19:44:12.421317Z  INFO gtk_status_bar::hypr: 🔌 Starting title event listener
2026-07-13T19:44:12+00:00 machine gtk-status-bar[3351]: 2026-07-13T19:44:12.421339Z DEBUG gtk_status_bar::hypr: Setting up title event listener
2026-07-13T19:44:12+00:00 machine gtk-status-bar[3351]: 2026-07-13T19:44:12.421358Z DEBUG gtk_status_bar::hypr: Fetching initial title state
2026-07-13T19:44:12+00:00 machine gtk-status-bar[3351]: 2026-07-13T19:44:12.421478Z  INFO gtk_status_bar::network: Starting network monitor
2026-07-13T19:44:12+00:00 machine gtk-status-bar[3351]: 2026-07-13T19:44:12.416938Z  INFO gtk_status_bar::tray: 🔌 Starting system tray backend
2026-07-13T19:44:12+00:00 machine gtk-status-bar[3351]: 2026-07-13T19:44:12.416990Z  INFO gtk_status_bar: Starting tray IPC server
2026-07-13T19:44:12+00:00 machine gtk-status-bar[3351]: 2026-07-13T19:44:12.421193Z DEBUG gtk_status_bar::pw: 📋 Created device tracking HashMap for (node_name, description, volume, channel, mute)
2026-07-13T19:44:12+00:00 machine gtk-status-bar[3351]: 2026-07-13T19:44:12.424267Z  INFO tray_ipc: Tray IPC server is listening path=/run/user/1000/gtk-status-bar/tray.sock
2026-07-13T19:44:12+00:00 machine gtk-status-bar[3351]: 2026-07-13T19:44:12.433790Z  INFO gtk_status_bar::tray: Serving StatusNotifierWatcher for tray applications
2026-07-13T19:44:12+00:00 machine gtk-status-bar[3351]: 2026-07-13T19:44:12.440226Z DEBUG gtk_status_bar::dbus: 🔌 Registered battery match rule
2026-07-13T19:44:12+00:00 machine gtk-status-bar[3351]: 2026-07-13T19:44:12.441063Z DEBUG gtk_status_bar::dbus: 🔌 Registered bluez PropertiesChanged match rule
2026-07-13T19:44:12+00:00 machine gtk-status-bar[3351]: 2026-07-13T19:44:12.441320Z DEBUG gtk_status_bar::dbus: 🔌 Registered bluez InterfacesAdded match rule
2026-07-13T19:44:12+00:00 machine gtk-status-bar[3351]: 2026-07-13T19:44:12.441505Z DEBUG gtk_status_bar::dbus: 🔌 Registered bluez InterfacesRemoved match rule
2026-07-13T19:44:12+00:00 machine gtk-status-bar[3351]: 2026-07-13T19:44:12.443795Z  INFO gtk_status_bar::dbus: Battery is discharging (state: 2)
2026-07-13T19:44:12+00:00 machine gtk-status-bar[3351]: 2026-07-13T19:44:12.443818Z  INFO gtk_status_bar::dbus: Battery is at 33.0%
2026-07-13T19:44:12+00:00 machine gtk-status-bar[3351]: 2026-07-13T19:44:12.446463Z  INFO gtk_status_bar::dbus: Found 3 Bluetooth objects
2026-07-13T19:44:12+00:00 machine gtk-status-bar[3351]: 2026-07-13T19:44:12.446492Z  INFO gtk_status_bar::dbus: Found Bluetooth device with battery at: /org/bluez/hci0/dev_AA_BB_CC_DD_EE_10
2026-07-13T19:44:12+00:00 machine gtk-status-bar[3351]: 2026-07-13T19:44:12.446511Z  INFO gtk_status_bar::dbus: Bluetooth device battery at 77%
2026-07-13T19:44:12+00:00 machine gtk-status-bar[3351]: 2026-07-13T19:44:12.446532Z DEBUG gtk_status_bar::dbus: Added device /org/bluez/hci0/dev_AA_BB_CC_DD_EE_10 to HashMap (has_battery: true, has_media: false)
2026-07-13T19:44:12+00:00 machine gtk-status-bar[3351]: 2026-07-13T19:44:12.446561Z DEBUG gtk_status_bar::dbus: Initial bluetooth devices: {"/org/bluez/hci0/dev_AA_BB_CC_DD_EE_10": BluetoothDevice { has_battery: true, has_media: false, battery_percentage: Some(77), device_name: Some("Post Recovery Buds") }}
2026-07-13T19:44:12+00:00 machine gtk-status-bar[3351]: 2026-07-13T19:44:12.446587Z  INFO gtk_status_bar::dbus: Sent initial Bluetooth display: P77
2026-07-13T19:44:12+00:00 machine gtk-status-bar[3351]: 2026-07-13T19:44:12.446607Z  INFO gtk_status_bar::dbus: Dbus monitor: Starting to listen for D-Bus messages
2026-07-13T19:44:12+00:00 machine gtk-status-bar[3351]: 2026-07-13T19:44:12.446625Z DEBUG gtk_status_bar::dbus: Got an event in event stream: Msg { type: MethodReturn, serial: 14, sender: UniqueName(":1.68"), reply-serial: 27, body: Variant, fds: [] }
2026-07-13T19:44:12+00:00 machine gtk-status-bar[3351]: 2026-07-13T19:44:12.446655Z DEBUG gtk_status_bar::dbus: Dbus monitor: Received D-Bus message from path: None, interface: None, member: None
2026-07-13T19:44:12+00:00 machine gtk-status-bar[3351]: 2026-07-13T19:44:12.446672Z ERROR gtk_status_bar::dbus: Dbus monitor: Received message with no path, ignoring
2026-07-13T19:44:12+00:00 machine gtk-status-bar[3351]: 2026-07-13T19:44:12.446740Z DEBUG gtk_status_bar::dbus: Got an event in event stream: Msg { type: MethodReturn, serial: 15, sender: UniqueName(":1.68"), reply-serial: 30, body: Variant, fds: [] }
2026-07-13T19:44:12+00:00 machine gtk-status-bar[3351]: 2026-07-13T19:44:12.446763Z DEBUG gtk_status_bar::dbus: Dbus monitor: Received D-Bus message from path: None, interface: None, member: None
2026-07-13T19:44:12+00:00 machine gtk-status-bar[3351]: 2026-07-13T19:44:12.446782Z ERROR gtk_status_bar::dbus: Dbus monitor: Received message with no path, ignoring
2026-07-13T19:44:12+00:00 machine gtk-status-bar[3351]: 2026-07-13T19:44:12.446801Z DEBUG gtk_status_bar::dbus: Got an event in event stream: Msg { type: MethodReturn, serial: 50, sender: UniqueName(":1.67"), reply-serial: 33, body: Dict { key: Dynamic { child: ObjectPath }, value: Dynamic { child: Dict { key: Dynamic { child: Str }, value: Dynamic { child: Dict { key: Dynamic { child: Str }, value: Dynamic { child: Variant } } } } } }, fds: [] }
2026-07-13T19:44:12+00:00 machine gtk-status-bar[3351]: 2026-07-13T19:44:12.446827Z DEBUG gtk_status_bar::dbus: Dbus monitor: Received D-Bus message from path: None, interface: None, member: None
2026-07-13T19:44:12+00:00 machine gtk-status-bar[3351]: 2026-07-13T19:44:12.446845Z ERROR gtk_status_bar::dbus: Dbus monitor: Received message with no path, ignoring
2026-07-13T19:44:12+00:00 machine gtk-status-bar[3351]: 2026-07-13T19:44:12.450907Z DEBUG gtk_status_bar::network: Sent network update label="\u{f091f} 28% ?"
2026-07-13T19:44:12+00:00 machine gtk-status-bar[3351]: 2026-07-13T19:44:12.571185Z DEBUG gtk_status_bar::hypr: Initial title state title="Close OS window" class="kitty"
2026-07-13T19:44:12+00:00 machine gtk-status-bar[3351]: 2026-07-13T19:44:12.572168Z  INFO gtk_status_bar::hypr: Starting title event listener
2026-07-13T19:44:12+00:00 machine gtk-status-bar[3351]: 2026-07-13T19:44:12.571565Z DEBUG gtk_status_bar::widgets: Updating battery label: 🔋 33%
2026-07-13T19:44:12+00:00 machine gtk-status-bar[3351]: 2026-07-13T19:44:12.572225Z DEBUG gtk_status_bar::widgets: 👁️  SHOWING battery widget - data: 🔋 33%
2026-07-13T19:44:12+00:00 machine gtk-status-bar[3351]: 2026-07-13T19:44:12.571679Z  INFO gtk_status_bar::hypr: Starting workspace event listener
2026-07-13T19:44:12+00:00 machine gtk-status-bar[3351]: 2026-07-13T19:44:12.572282Z DEBUG gtk_status_bar::widgets: Updating Bluetooth battery label: P77
2026-07-13T19:44:12+00:00 machine gtk-status-bar[3351]: 2026-07-13T19:44:12.572302Z DEBUG gtk_status_bar::widgets: 👁️  SHOWING Bluetooth widget - data: P77
2026-07-13T19:44:12+00:00 machine gtk-status-bar[3351]: 2026-07-13T19:44:12.572354Z DEBUG gtk_status_bar::widgets: Updating network label: 󰤟 28% ?
2026-07-13T19:44:12+00:00 machine gtk-status-bar[3351]: 2026-07-13T19:44:12.572411Z DEBUG gtk_status_bar::widgets: 🚀 Starting async volume update loop...
2026-07-13T19:44:12+00:00 machine gtk-status-bar[3351]: 2026-07-13T19:44:12.598133Z  INFO gtk_status_bar::network: Network reachability probe completed target=198.51.100.1 success=false elapsed_ms=145
2026-07-13T19:44:12+00:00 machine gtk-status-bar[3351]: 2026-07-13T19:44:12.598159Z DEBUG gtk_status_bar::network: Sent network update label="\u{f091f} 28% ?"
2026-07-13T19:44:12+00:00 machine gtk-status-bar[3351]: 2026-07-13T19:44:12.606945Z DEBUG gtk_status_bar::pw: ✅ PipeWire initialized
2026-07-13T19:44:12+00:00 machine gtk-status-bar[3351]: 2026-07-13T19:44:12.607005Z DEBUG gtk_status_bar::pw: ✅ ThreadLoop created
2026-07-13T19:44:12+00:00 machine gtk-status-bar[3351]: 2026-07-13T19:44:12.629107Z DEBUG gtk_status_bar::pw: ✅ Context created
2026-07-13T19:44:12+00:00 machine gtk-status-bar[3351]: 2026-07-13T19:44:12.630754Z DEBUG gtk_status_bar::pw: ✅ Core connected
2026-07-13T19:44:12+00:00 machine gtk-status-bar[3351]: 2026-07-13T19:44:12.630792Z DEBUG gtk_status_bar::pw: ✅ Registry obtained
2026-07-13T19:44:12+00:00 machine gtk-status-bar[3351]: 2026-07-13T19:44:12.630812Z DEBUG gtk_status_bar::pw: 🎵 PipeWire ThreadLoop started - monitoring volume changes with default sink filtering
2026-07-13T19:44:12+00:00 machine gtk-status-bar[3351]: 2026-07-13T19:44:12.630970Z DEBUG gtk_status_bar::pw: ✅ ThreadLoop started successfully
2026-07-13T19:44:12+00:00 machine gtk-status-bar[3351]: 2026-07-13T19:44:12.630989Z DEBUG gtk_status_bar::pw: 🔄 PipeWire thread running - async event delivery active...
2026-07-13T19:44:12+00:00 machine gtk-status-bar[3351]: 2026-07-13T19:44:12.631458Z DEBUG gtk_status_bar::pw: 📡 PipeWire connected: pipewire-0
2026-07-13T19:44:12+00:00 machine gtk-status-bar[3351]: 2026-07-13T19:44:12.631497Z DEBUG gtk_status_bar::pw: 🚫 Skipping metadata '' (props: Some(DictRef { flags: Flags(0x0), entries: {"object.serial": "0", "core.name": "pipewire-0"} }))
2026-07-13T19:44:12+00:00 machine gtk-status-bar[3351]: 2026-07-13T19:44:12.631520Z DEBUG gtk_status_bar::pw: 🚫 Skipping metadata '' (props: Some(DictRef { flags: Flags(0x0), entries: {"object.serial": "1", "module.name": "libpipewire-module-rt"} }))
2026-07-13T19:44:12+00:00 machine gtk-status-bar[3351]: 2026-07-13T19:44:12.631539Z DEBUG gtk_status_bar::pw: 🚫 Skipping metadata '' (props: Some(DictRef { flags: Flags(0x0), entries: {"object.serial": "3"} }))
2026-07-13T19:44:12+00:00 machine gtk-status-bar[3351]: 2026-07-13T19:44:12.631558Z DEBUG gtk_status_bar::pw: 🚫 Skipping metadata '' (props: Some(DictRef { flags: Flags(0x0), entries: {"object.serial": "2", "module.name": "libpipewire-module-protocol-native"} }))
2026-07-13T19:44:12+00:00 machine gtk-status-bar[3351]: 2026-07-13T19:44:12.631577Z DEBUG gtk_status_bar::pw: 🚫 Skipping metadata '' (props: Some(DictRef { flags: Flags(0x0), entries: {"object.serial": "5"} }))
2026-07-13T19:44:12+00:00 machine gtk-status-bar[3351]: 2026-07-13T19:44:12.631596Z DEBUG gtk_status_bar::pw: 🚫 Skipping metadata '' (props: Some(DictRef { flags: Flags(0x0), entries: {"object.serial": "4", "module.name": "libpipewire-module-profiler"} }))
2026-07-13T19:44:12+00:00 machine gtk-status-bar[3351]: 2026-07-13T19:44:12.631615Z DEBUG gtk_status_bar::pw: 🚫 Skipping metadata '' (props: Some(DictRef { flags: Flags(0x0), entries: {"object.serial": "6", "module.name": "libpipewire-module-metadata"} }))
2026-07-13T19:44:12+00:00 machine gtk-status-bar[3351]: 2026-07-13T19:44:12.631645Z DEBUG gtk_status_bar::pw: 🚫 Skipping metadata '' (props: Some(DictRef { flags: Flags(0x0), entries: {"object.serial": "7", "module.id": "6", "factory.name": "metadata", "factory.type.name": "PipeWire:Interface:Metadata", "factory.type.version": "3"} }))
2026-07-13T19:44:12+00:00 machine gtk-status-bar[3351]: 2026-07-13T19:44:12.631665Z DEBUG gtk_status_bar::pw: 🚫 Skipping metadata '' (props: Some(DictRef { flags: Flags(0x0), entries: {"object.serial": "8", "module.name": "libpipewire-module-spa-device-factory"} }))
2026-07-13T19:44:12+00:00 machine gtk-status-bar[3351]: 2026-07-13T19:44:12.631747Z DEBUG gtk_status_bar::pw: 🚫 Skipping metadata '' (props: Some(DictRef { flags: Flags(0x0), entries: {"object.serial": "9", "module.id": "8", "factory.name": "spa-device-factory", "factory.type.name": "PipeWire:Interface:Device", "factory.type.version": "3"} }))
2026-07-13T19:44:12+00:00 machine gtk-status-bar[3351]: 2026-07-13T19:44:12.635835Z DEBUG gtk_status_bar::pw: 🚫 Skipping metadata '' (props: Some(DictRef { flags: Flags(0x0), entries: {"object.serial": "10", "module.name": "libpipewire-module-spa-node-factory"} }))
2026-07-13T19:44:12+00:00 machine gtk-status-bar[3351]: 2026-07-13T19:44:12.635860Z DEBUG gtk_status_bar::pw: 🚫 Skipping metadata '' (props: Some(DictRef { flags: Flags(0x0), entries: {"object.serial": "11", "module.id": "10", "factory.name": "spa-node-factory", "factory.type.name": "PipeWire:Interface:Node", "factory.type.version": "3"} }))
2026-07-13T19:44:12+00:00 machine gtk-status-bar[3351]: 2026-07-13T19:44:12.635886Z DEBUG gtk_status_bar::pw: 🚫 Skipping metadata '' (props: Some(DictRef { flags: Flags(0x0), entries: {"object.serial": "12", "module.name": "libpipewire-module-client-node"} }))
2026-07-13T19:44:12+00:00 machine gtk-status-bar[3351]: 2026-07-13T19:44:12.635913Z DEBUG gtk_status_bar::pw: 🚫 Skipping metadata '' (props: Some(DictRef { flags: Flags(0x0), entries: {"object.serial": "13", "module.id": "12", "factory.name": "client-node", "factory.type.name": "PipeWire:Interface:ClientNode", "factory.type.version": "6"} }))
2026-07-13T19:44:12+00:00 machine gtk-status-bar[3351]: 2026-07-13T19:44:12.635937Z DEBUG gtk_status_bar::pw: 🚫 Skipping metadata '' (props: Some(DictRef { flags: Flags(0x0), entries: {"object.serial": "14", "module.name": "libpipewire-module-client-device"} }))
2026-07-13T19:44:12+00:00 machine gtk-status-bar[3351]: 2026-07-13T19:44:12.635959Z DEBUG gtk_status_bar::pw: 🚫 Skipping metadata '' (props: Some(DictRef { flags: Flags(0x0), entries: {"object.serial": "15", "module.id": "14", "factory.name": "client-device", "factory.type.name": "Spa:Pointer:Interface:Device", "factory.type.version": "0"} }))
2026-07-13T19:44:12+00:00 machine gtk-status-bar[3351]: 2026-07-13T19:44:12.635981Z DEBUG gtk_status_bar::pw: 🚫 Skipping metadata '' (props: Some(DictRef { flags: Flags(0x0), entries: {"object.serial": "16", "module.name": "libpipewire-module-portal"} }))
2026-07-13T19:44:12+00:00 machine gtk-status-bar[3351]: 2026-07-13T19:44:12.636000Z DEBUG gtk_status_bar::pw: 🚫 Skipping metadata '' (props: Some(DictRef { flags: Flags(0x0), entries: {"object.serial": "17", "module.name": "libpipewire-module-access"} }))
2026-07-13T19:44:12+00:00 machine gtk-status-bar[3351]: 2026-07-13T19:44:12.636024Z DEBUG gtk_status_bar::pw: 🚫 Skipping metadata '' (props: Some(DictRef { flags: Flags(0x0), entries: {"object.serial": "18", "module.name": "libpipewire-module-adapter"} }))
2026-07-13T19:44:12+00:00 machine gtk-status-bar[3351]: 2026-07-13T19:44:12.636050Z DEBUG gtk_status_bar::pw: 🚫 Skipping metadata '' (props: Some(DictRef { flags: Flags(0x0), entries: {"object.serial": "19", "module.id": "18", "factory.name": "adapter", "factory.type.name": "PipeWire:Interface:Node", "factory.type.version": "3"} }))
2026-07-13T19:44:12+00:00 machine gtk-status-bar[3351]: 2026-07-13T19:44:12.636075Z DEBUG gtk_status_bar::pw: 🚫 Skipping metadata '' (props: Some(DictRef { flags: Flags(0x0), entries: {"object.serial": "20", "module.name": "libpipewire-module-link-factory"} }))
2026-07-13T19:44:12+00:00 machine gtk-status-bar[3351]: 2026-07-13T19:44:12.636101Z DEBUG gtk_status_bar::pw: 🚫 Skipping metadata '' (props: Some(DictRef { flags: Flags(0x0), entries: {"object.serial": "21", "module.id": "20", "factory.name": "link-factory", "factory.type.name": "PipeWire:Interface:Link", "factory.type.version": "3"} }))
2026-07-13T19:44:12+00:00 machine gtk-status-bar[3351]: 2026-07-13T19:44:12.636125Z DEBUG gtk_status_bar::pw: 🚫 Skipping metadata '' (props: Some(DictRef { flags: Flags(0x0), entries: {"object.serial": "22", "module.name": "libpipewire-module-session-manager"} }))
2026-07-13T19:44:12+00:00 machine gtk-status-bar[3351]: 2026-07-13T19:44:12.636149Z DEBUG gtk_status_bar::pw: 🚫 Skipping metadata '' (props: Some(DictRef { flags: Flags(0x0), entries: {"object.serial": "23", "module.id": "22", "factory.name": "client-endpoint", "factory.type.name": "PipeWire:Interface:ClientEndpoint", "factory.type.version": "0"} }))
2026-07-13T19:44:12+00:00 machine gtk-status-bar[3351]: 2026-07-13T19:44:12.636177Z DEBUG gtk_status_bar::pw: 🚫 Skipping metadata '' (props: Some(DictRef { flags: Flags(0x0), entries: {"object.serial": "24", "module.id": "22", "factory.name": "client-session", "factory.type.name": "PipeWire:Interface:ClientSession", "factory.type.version": "0"} }))
2026-07-13T19:44:12+00:00 machine gtk-status-bar[3351]: 2026-07-13T19:44:12.636202Z DEBUG gtk_status_bar::pw: 🚫 Skipping metadata '' (props: Some(DictRef { flags: Flags(0x0), entries: {"object.serial": "25", "module.id": "22", "factory.name": "session", "factory.type.name": "PipeWire:Interface:Session", "factory.type.version": "0"} }))
2026-07-13T19:44:12+00:00 machine gtk-status-bar[3351]: 2026-07-13T19:44:12.636225Z DEBUG gtk_status_bar::pw: 🚫 Skipping metadata '' (props: Some(DictRef { flags: Flags(0x0), entries: {"object.serial": "26", "module.id": "22", "factory.name": "endpoint", "factory.type.name": "PipeWire:Interface:Endpoint", "factory.type.version": "0"} }))
2026-07-13T19:44:12+00:00 machine gtk-status-bar[3351]: 2026-07-13T19:44:12.636245Z DEBUG gtk_status_bar::pw: 🚫 Skipping metadata '' (props: Some(DictRef { flags: Flags(0x0), entries: {"object.serial": "27", "module.id": "22", "factory.name": "endpoint-stream", "factory.type.name": "PipeWire:Interface:EndpointStream", "factory.type.version": "0"} }))
2026-07-13T19:44:12+00:00 machine gtk-status-bar[3351]: 2026-07-13T19:44:12.636267Z DEBUG gtk_status_bar::pw: 🚫 Skipping metadata '' (props: Some(DictRef { flags: Flags(0x0), entries: {"object.serial": "28", "module.id": "22", "factory.name": "endpoint-link", "factory.type.name": "PipeWire:Interface:EndpointLink", "factory.type.version": "0"} }))
2026-07-13T19:44:12+00:00 machine gtk-status-bar[3351]: 2026-07-13T19:44:12.636287Z DEBUG gtk_status_bar::pw: 🚫 Skipping metadata '' (props: Some(DictRef { flags: Flags(0x0), entries: {"object.serial": "29", "module.name": "libpipewire-module-x11-bell"} }))
2026-07-13T19:44:12+00:00 machine gtk-status-bar[3351]: 2026-07-13T19:44:12.636309Z DEBUG gtk_status_bar::pw: 🚫 Skipping metadata '' (props: Some(DictRef { flags: Flags(0x0), entries: {"object.serial": "30", "module.name": "libpipewire-module-jackdbus-detect"} }))
2026-07-13T19:44:12+00:00 machine gtk-status-bar[3351]: 2026-07-13T19:44:12.636332Z DEBUG gtk_status_bar::pw: 🚫 Skipping metadata '' (props: Some(DictRef { flags: Flags(0x0), entries: {"object.serial": "31", "factory.id": "11", "priority.driver": "200000", "node.name": "Dummy-Driver"} }))
2026-07-13T19:44:12+00:00 machine gtk-status-bar[3351]: 2026-07-13T19:44:12.636355Z DEBUG gtk_status_bar::pw: 🔍 Checking node - media.class: None
2026-07-13T19:44:12+00:00 machine gtk-status-bar[3351]: 2026-07-13T19:44:12.636372Z DEBUG gtk_status_bar::pw: 🔍 Node filter result: false for media.class: None
2026-07-13T19:44:12+00:00 machine gtk-status-bar[3351]: 2026-07-13T19:44:12.636395Z DEBUG gtk_status_bar::pw: 🚫 Skipping metadata '' (props: Some(DictRef { flags: Flags(0x0), entries: {"object.serial": "32", "factory.id": "11", "priority.driver": "190000", "node.name": "Freewheel-Driver"} }))
2026-07-13T19:44:12+00:00 machine gtk-status-bar[3351]: 2026-07-13T19:44:12.636418Z DEBUG gtk_status_bar::pw: 🔍 Checking node - media.class: None
2026-07-13T19:44:12+00:00 machine gtk-status-bar[3351]: 2026-07-13T19:44:12.636437Z DEBUG gtk_status_bar::pw: 🔍 Node filter result: false for media.class: None
2026-07-13T19:44:12+00:00 machine gtk-status-bar[3351]: 2026-07-13T19:44:12.636464Z DEBUG gtk_status_bar::pw: 🚫 Skipping metadata 'settings' (props: Some(DictRef { flags: Flags(0x0), entries: {"object.serial": "33", "metadata.name": "settings"} }))
2026-07-13T19:44:12+00:00 machine gtk-status-bar[3351]: 2026-07-13T19:44:12.636489Z DEBUG gtk_status_bar::pw: 🚫 Skipping metadata '' (props: Some(DictRef { flags: Flags(0x0), entries: {"object.serial": "34", "module.id": "2", "pipewire.protocol": "protocol-native", "pipewire.sec.pid": "1253", "pipewire.sec.uid": "1000", "pipewire.sec.gid": "100", "pipewire.sec.socket": "pipewire-0", "application.name": ".xdg-desktop-portal-wrapped", "pipewire.access": "unrestricted"} }))
2026-07-13T19:44:12+00:00 machine gtk-status-bar[3351]: 2026-07-13T19:44:12.636517Z DEBUG gtk_status_bar::pw: 🚫 Skipping metadata '' (props: Some(DictRef { flags: Flags(0x0), entries: {"object.serial": "35", "module.id": "2", "pipewire.protocol": "protocol-native", "pipewire.sec.pid": "1327", "pipewire.sec.uid": "1000", "pipewire.sec.gid": "100", "pipewire.sec.socket": "pipewire-0-manager", "application.name": "WirePlumber", "pipewire.access": "unrestricted"} }))
2026-07-13T19:44:12+00:00 machine gtk-status-bar[3351]: 2026-07-13T19:44:12.636541Z DEBUG gtk_status_bar::pw: 🚫 Skipping metadata 'schema-sm-settings' (props: Some(DictRef { flags: Flags(0x0), entries: {"metadata.name": "schema-sm-settings", "factory.id": "7", "module.id": "6", "client.id": "35", "object.serial": "36"} }))
2026-07-13T19:44:12+00:00 machine gtk-status-bar[3351]: 2026-07-13T19:44:12.636566Z DEBUG gtk_status_bar::pw: 🚫 Skipping metadata 'persistent-sm-settings' (props: Some(DictRef { flags: Flags(0x0), entries: {"metadata.name": "persistent-sm-settings", "factory.id": "7", "module.id": "6", "client.id": "35", "object.serial": "37"} }))
2026-07-13T19:44:12+00:00 machine gtk-status-bar[3351]: 2026-07-13T19:44:12.636592Z DEBUG gtk_status_bar::pw: 🚫 Skipping metadata 'sm-settings' (props: Some(DictRef { flags: Flags(0x0), entries: {"metadata.name": "sm-settings", "factory.id": "7", "module.id": "6", "client.id": "35", "object.serial": "38"} }))
2026-07-13T19:44:12+00:00 machine gtk-status-bar[3351]: 2026-07-13T19:44:12.636617Z DEBUG gtk_status_bar::pw: 🚫 Skipping metadata 'sm-objects' (props: Some(DictRef { flags: Flags(0x0), entries: {"metadata.name": "sm-objects", "factory.id": "7", "module.id": "6", "client.id": "35", "object.serial": "39"} }))
2026-07-13T19:44:12+00:00 machine gtk-status-bar[3351]: 2026-07-13T19:44:12.636651Z DEBUG gtk_status_bar::pw: 🚫 Skipping metadata 'default-profile' (props: Some(DictRef { flags: Flags(0x0), entries: {"wireplumber.state": "true", "metadata.name": "default-profile", "factory.id": "7", "module.id": "6", "client.id": "35", "object.serial": "40"} }))
2026-07-13T19:44:12+00:00 machine gtk-status-bar[3351]: 2026-07-13T19:44:12.636673Z DEBUG gtk_status_bar::pw: ✅ Processing metadata.name == default
2026-07-13T19:44:12+00:00 machine gtk-status-bar[3351]: 2026-07-13T19:44:12.637760Z DEBUG gtk_status_bar::pw: 📋 Found metadata object: Some(DictRef { flags: Flags(0x0), entries: {"metadata.name": "default", "factory.id": "7", "module.id": "6", "client.id": "35", "object.serial": "42"} })
2026-07-13T19:44:12+00:00 machine gtk-status-bar[3351]: 2026-07-13T19:44:12.637809Z DEBUG gtk_status_bar::pw: 📋 Bound 'default' Metadata (id=3)
2026-07-13T19:44:12+00:00 machine gtk-status-bar[3351]: 2026-07-13T19:44:12.637857Z DEBUG gtk_status_bar::pw: 🚫 Skipping metadata 'filters' (props: Some(DictRef { flags: Flags(0x0), entries: {"metadata.name": "filters", "factory.id": "7", "module.id": "6", "client.id": "35", "object.serial": "43"} }))
2026-07-13T19:44:12+00:00 machine gtk-status-bar[3351]: 2026-07-13T19:44:12.637883Z DEBUG gtk_status_bar::pw: 🚫 Skipping metadata 'route-settings' (props: Some(DictRef { flags: Flags(0x0), entries: {"metadata.name": "route-settings", "factory.id": "7", "module.id": "6", "client.id": "35", "object.serial": "44"} }))
2026-07-13T19:44:12+00:00 machine gtk-status-bar[3351]: 2026-07-13T19:44:12.637911Z DEBUG gtk_status_bar::pw: 🚫 Skipping metadata '' (props: Some(DictRef { flags: Flags(0x0), entries: {"object.serial": "41", "module.id": "2", "pipewire.protocol": "protocol-native", "pipewire.sec.pid": "1337", "pipewire.sec.uid": "1000", "pipewire.sec.gid": "100", "pipewire.sec.socket": "pipewire-0", "application.name": ".xdg-desktop-portal-hyprland-wrapped", "pipewire.access": "unrestricted"} }))
2026-07-13T19:44:12+00:00 machine gtk-status-bar[3351]: 2026-07-13T19:44:12.637944Z DEBUG gtk_status_bar::pw: 🚫 Skipping metadata '' (props: Some(DictRef { flags: Flags(0x0), entries: {"object.serial": "45", "module.id": "2", "pipewire.protocol": "protocol-native", "pipewire.sec.pid": "1327", "pipewire.sec.uid": "1000", "pipewire.sec.gid": "100", "pipewire.sec.socket": "pipewire-0-manager", "application.name": "WirePlumber [export]", "pipewire.access": "unrestricted"} }))
2026-07-13T19:44:12+00:00 machine gtk-status-bar[3351]: 2026-07-13T19:44:12.637969Z DEBUG gtk_status_bar::pw: 🚫 Skipping metadata '' (props: Some(DictRef { flags: Flags(0x0), entries: {"object.serial": "46", "factory.id": "11", "client.id": "45", "priority.session": "100", "priority.driver": "1", "node.name": "Midi-Bridge", "media.class": "Midi/Bridge"} }))
2026-07-13T19:44:12+00:00 machine gtk-status-bar[3351]: 2026-07-13T19:44:12.637994Z DEBUG gtk_status_bar::pw: 🔍 Checking node - media.class: Some("Midi/Bridge")
2026-07-13T19:44:12+00:00 machine gtk-status-bar[3351]: 2026-07-13T19:44:12.638016Z DEBUG gtk_status_bar::pw: 🔍 Node filter result: false for media.class: Some("Midi/Bridge")
2026-07-13T19:44:12+00:00 machine gtk-status-bar[3351]: 2026-07-13T19:44:12.638041Z DEBUG gtk_status_bar::pw: 🚫 Skipping metadata '' (props: Some(DictRef { flags: Flags(0x0), entries: {"object.serial": "47", "object.path": "alsa:seq:default:client_14:playback_0", "format.dsp": "8 bit raw midi", "node.id": "46", "port.id": "0", "port.name": "Midi Through: Port-0 (playback)", "port.direction": "in", "port.physical": "true", "port.terminal": "true", "port.alias": "Midi Through:Midi Through Port-0", "port.group": "client_14"} }))
2026-07-13T19:44:12+00:00 machine gtk-status-bar[3351]: 2026-07-13T19:44:12.638067Z DEBUG gtk_status_bar::pw: 🚫 Skipping metadata '' (props: Some(DictRef { flags: Flags(0x0), entries: {"object.serial": "48", "object.path": "alsa:seq:default:client_14:capture_0", "format.dsp": "8 bit raw midi", "node.id": "46", "port.id": "0", "port.name": "Midi Through: Port-0 (capture)", "port.direction": "out", "port.physical": "true", "port.terminal": "true", "port.alias": "Midi Through:Midi Through Port-0", "port.group": "client_14"} }))
2026-07-13T19:44:12+00:00 machine gtk-status-bar[3351]: 2026-07-13T19:44:12.638091Z DEBUG gtk_status_bar::pw: 🚫 Skipping metadata '' (props: Some(DictRef { flags: Flags(0x0), entries: {"object.serial": "49", "factory.id": "14", "client.id": "45", "node.description": "BLE MIDI 1", "node.name": "bluez_midi.server", "media.class": "Midi/Bridge"} }))
2026-07-13T19:44:12+00:00 machine gtk-status-bar[3351]: 2026-07-13T19:44:12.638112Z DEBUG gtk_status_bar::pw: 🔍 Checking node - media.class: Some("Midi/Bridge")
2026-07-13T19:44:12+00:00 machine gtk-status-bar[3351]: 2026-07-13T19:44:12.638128Z DEBUG gtk_status_bar::pw: 🔍 Node filter result: false for media.class: Some("Midi/Bridge")
2026-07-13T19:44:12+00:00 machine gtk-status-bar[3351]: 2026-07-13T19:44:12.638148Z DEBUG gtk_status_bar::pw: 🚫 Skipping metadata '' (props: Some(DictRef { flags: Flags(0x0), entries: {"object.serial": "50", "object.path": "bluez_midi.server:input_0", "format.dsp": "8 bit raw midi", "node.id": "49", "port.id": "0", "port.name": "in", "port.direction": "in", "port.physical": "true", "port.terminal": "true", "port.alias": "in", "port.group": "group.0"} }))
2026-07-13T19:44:12+00:00 machine gtk-status-bar[3351]: 2026-07-13T19:44:12.638172Z DEBUG gtk_status_bar::pw: 🚫 Skipping metadata '' (props: Some(DictRef { flags: Flags(0x0), entries: {"object.serial": "51", "object.path": "bluez_midi.server:output_0", "format.dsp": "8 bit raw midi", "node.id": "49", "port.id": "0", "port.name": "out", "port.direction": "out", "port.physical": "true", "port.terminal": "true", "port.alias": "out", "port.group": "group.0"} }))
2026-07-13T19:44:12+00:00 machine gtk-status-bar[3351]: 2026-07-13T19:44:12.638196Z DEBUG gtk_status_bar::pw: 🚫 Skipping metadata '' (props: Some(DictRef { flags: Flags(0x0), entries: {"object.serial": "53", "module.id": "2", "pipewire.protocol": "protocol-native", "pipewire.sec.pid": "1392", "pipewire.sec.uid": "1000", "pipewire.sec.gid": "100", "pipewire.sec.socket": "pipewire-0", "application.name": "pipewire", "pipewire.access": "unrestricted"} }))
2026-07-13T19:44:12+00:00 machine gtk-status-bar[3351]: 2026-07-13T19:44:12.638233Z DEBUG gtk_status_bar::pw: 🚫 Skipping metadata '' (props: Some(DictRef { flags: Flags(0x0), entries: {"object.serial": "55", "module.id": "2", "pipewire.protocol": "protocol-native", "pipewire.sec.pid": "1392", "pipewire.sec.uid": "1000", "pipewire.sec.gid": "100", "pipewire.sec.socket": "pipewire-0", "application.name": "Blueman", "pipewire.access": "unrestricted"} }))
2026-07-13T19:44:12+00:00 machine gtk-status-bar[3351]: 2026-07-13T19:44:12.638262Z DEBUG gtk_status_bar::pw: 🚫 Skipping metadata '' (props: Some(DictRef { flags: Flags(0x0), entries: {"object.serial": "86", "factory.id": "19", "client.id": "53", "node.description": "Dummy Output", "node.name": "auto_null", "media.class": "Audio/Sink"} }))
2026-07-13T19:44:12+00:00 machine gtk-status-bar[3351]: 2026-07-13T19:44:12.638285Z DEBUG gtk_status_bar::pw: 🔍 Checking node - media.class: Some("Audio/Sink")
2026-07-13T19:44:12+00:00 machine gtk-status-bar[3351]: 2026-07-13T19:44:12.638306Z DEBUG gtk_status_bar::pw: 🔍 Node filter result: true for media.class: Some("Audio/Sink")
2026-07-13T19:44:12+00:00 machine gtk-status-bar[3351]: 2026-07-13T19:44:12.638332Z DEBUG gtk_status_bar::pw: 📱 Monitoring audio node: Dummy Output (4) [node.name: auto_null]
2026-07-13T19:44:12+00:00 machine gtk-status-bar[3351]: 2026-07-13T19:44:12.638354Z DEBUG gtk_status_bar::pw: 🔗 ADDING NODE LISTENER for node.name: auto_null
2026-07-13T19:44:12+00:00 machine gtk-status-bar[3351]: 2026-07-13T19:44:12.638376Z DEBUG gtk_status_bar::pw: 📝 Added device to HashMap: 4 -> (auto_null, Dummy Output, no volume yet)
2026-07-13T19:44:12+00:00 machine gtk-status-bar[3351]: 2026-07-13T19:44:12.638402Z DEBUG gtk_status_bar::pw: 🗂️ Current device map size: 1
2026-07-13T19:44:12+00:00 machine gtk-status-bar[3351]: 2026-07-13T19:44:12.638434Z DEBUG gtk_status_bar::pw: 🚫 Skipping metadata '' (props: Some(DictRef { flags: Flags(0x0), entries: {"object.serial": "87", "object.path": "auto_null:playback_0", "format.dsp": "32 bit float mono audio", "node.id": "61", "audio.channel": "FL", "port.id": "0", "port.name": "playback_FL", "port.direction": "in", "port.alias": "Dummy Output:playback_FL", "port.group": "stream.0"} }))
2026-07-13T19:44:12+00:00 machine gtk-status-bar[3351]: 2026-07-13T19:44:12.638457Z DEBUG gtk_status_bar::pw: 🚫 Skipping metadata '' (props: Some(DictRef { flags: Flags(0x0), entries: {"object.serial": "88", "object.path": "auto_null:playback_1", "format.dsp": "32 bit float mono audio", "node.id": "61", "audio.channel": "FR", "port.id": "1", "port.name": "playback_FR", "port.direction": "in", "port.alias": "Dummy Output:playback_FR", "port.group": "stream.0"} }))
2026-07-13T19:44:12+00:00 machine gtk-status-bar[3351]: 2026-07-13T19:44:12.638480Z DEBUG gtk_status_bar::pw: 🚫 Skipping metadata '' (props: Some(DictRef { flags: Flags(0x0), entries: {"object.serial": "89", "object.path": "auto_null:monitor_0", "format.dsp": "32 bit float mono audio", "node.id": "61", "audio.channel": "FL", "port.id": "0", "port.name": "monitor_FL", "port.direction": "out", "port.monitor": "true", "port.alias": "Dummy Output:monitor_FL", "port.group": "stream.0"} }))
2026-07-13T19:44:12+00:00 machine gtk-status-bar[3351]: 2026-07-13T19:44:12.638503Z DEBUG gtk_status_bar::pw: 🚫 Skipping metadata '' (props: Some(DictRef { flags: Flags(0x0), entries: {"object.serial": "90", "object.path": "auto_null:monitor_1", "format.dsp": "32 bit float mono audio", "node.id": "61", "audio.channel": "FR", "port.id": "1", "port.name": "monitor_FR", "port.direction": "out", "port.monitor": "true", "port.alias": "Dummy Output:monitor_FR", "port.group": "stream.0"} }))
2026-07-13T19:44:12+00:00 machine gtk-status-bar[3351]: 2026-07-13T19:44:12.638525Z DEBUG gtk_status_bar::pw: 🚫 Skipping metadata '' (props: Some(DictRef { flags: Flags(0x0), entries: {"object.serial": "92", "module.id": "2", "pipewire.protocol": "protocol-native", "pipewire.sec.pid": "3351", "pipewire.sec.uid": "1000", "pipewire.sec.gid": "100", "pipewire.sec.socket": "pipewire-0", "application.name": ".gtk-status-bar-wrapped", "pipewire.access": "unrestricted"} }))
2026-07-13T19:44:12+00:00 machine gtk-status-bar[3351]: 2026-07-13T19:44:12.639198Z DEBUG gtk_status_bar::pw: 📝 metadata.property subject=0 key=Some("default.configured.audio.sink") value=Some("{ \"name\": \"Bravo\" }")
2026-07-13T19:44:13+00:00 machine gtk-status-bar[3351]: 2026-07-13T19:44:12.639222Z DEBUG gtk_status_bar::pw: 🔍 Processing metadata property: default.configured.audio.sink={ "name": "Bravo" }
2026-07-13T19:44:13+00:00 machine gtk-status-bar[3351]: 2026-07-13T19:44:12.639240Z DEBUG gtk_status_bar::pw: 🔧 Other metadata property: default.configured.audio.sink (ignored)
2026-07-13T19:44:13+00:00 machine gtk-status-bar[3351]: 2026-07-13T19:44:12.639258Z DEBUG gtk_status_bar::pw: 📝 metadata.property subject=0 key=Some("default.audio.sink") value=Some("{\"name\":\"auto_null\"}")
2026-07-13T19:44:13+00:00 machine gtk-status-bar[3351]: 2026-07-13T19:44:12.639276Z DEBUG gtk_status_bar::pw: 🔍 Processing metadata property: default.audio.sink={"name":"auto_null"}
2026-07-13T19:44:13+00:00 machine gtk-status-bar[3351]: 2026-07-13T19:44:12.639297Z  INFO gtk_status_bar::pw: 🔄 Default sink -> auto_null
2026-07-13T19:44:13+00:00 machine gtk-status-bar[3351]: 2026-07-13T19:44:12.639314Z DEBUG gtk_status_bar::pw: 🎯 SINK CHANGE: None -> auto_null (should trigger volume fetch)
2026-07-13T19:44:13+00:00 machine gtk-status-bar[3351]: 2026-07-13T19:44:12.639336Z DEBUG gtk_status_bar::pw: 🗂️ Searching device map for default sink 'auto_null'
2026-07-13T19:44:13+00:00 machine gtk-status-bar[3351]: 2026-07-13T19:44:12.639360Z DEBUG gtk_status_bar::pw: 🗂️ Current device map contents: {4: ("auto_null", "Dummy Output", None, None, None)}
2026-07-13T19:44:13+00:00 machine gtk-status-bar[3351]: 2026-07-13T19:44:12.639387Z DEBUG gtk_status_bar::pw: 🔍 Checking device 4: node_name='auto_null', description='Dummy Output' against default sink 'auto_null'
2026-07-13T19:44:13+00:00 machine gtk-status-bar[3351]: 2026-07-13T19:44:12.639411Z DEBUG gtk_status_bar::pw: 🎯 MATCH! Found device 4 with node_name 'auto_null' matching default sink
2026-07-13T19:44:13+00:00 machine gtk-status-bar[3351]: 2026-07-13T19:44:12.639431Z DEBUG gtk_status_bar::pw: 🎨 Updating GUI label to: 'Dummy Output' with cached volume data
2026-07-13T19:44:13+00:00 machine gtk-status-bar[3351]: 2026-07-13T19:44:12.639452Z DEBUG gtk_status_bar::pw: 💾 Cached volume data: Vol: None%, Ch: None%, Mute: None
2026-07-13T19:44:13+00:00 machine gtk-status-bar[3351]: 2026-07-13T19:44:12.639476Z DEBUG gtk_status_bar::pw: ✅ Sent REAL volume data to GUI: 'Dummy Output' Vol: None%, Ch: None%, Mute: None
2026-07-13T19:44:13+00:00 machine gtk-status-bar[3351]: 2026-07-13T19:44:12.639506Z DEBUG gtk_status_bar::pw: 🎛️  NODE PARAM CALLBACK: Dummy Output (4) received Props param
2026-07-13T19:44:13+00:00 machine gtk-status-bar[3351]: 2026-07-13T19:44:12.639531Z DEBUG gtk_status_bar::pw: 🔊 Node 4: Dummy Output - Vol: Some(100)% | Ch: Some(100)% | Mute: Some(false) [CACHING]
2026-07-13T19:44:13+00:00 machine gtk-status-bar[3351]: 2026-07-13T19:44:12.639553Z DEBUG gtk_status_bar::pw: 📝 Updated volume cache for device 4: Dummy Output -> Vol: Some(100)%, Ch: Some(100)%, Mute: Some(false)
2026-07-13T19:44:13+00:00 machine gtk-status-bar[3351]: 2026-07-13T19:44:12.639572Z DEBUG gtk_status_bar::pw: 🎯 Checking if device 4 is default: current_default=Some("auto_null"), node_name=auto_null, is_default=true
2026-07-13T19:44:13+00:00 machine gtk-status-bar[3351]: 2026-07-13T19:44:12.639590Z DEBUG gtk_status_bar::pw: 📤 SENDING VOLUME UPDATE to GUI for default sink (node id=4)
2026-07-13T19:44:13+00:00 machine gtk-status-bar[3351]: 2026-07-13T19:44:12.639610Z ERROR gtk_status_bar::pw: ❌ PipeWire error id:4 seq:5 res:-2: enum params id:13 (Spa:Enum:ParamId:Route) failed
2026-07-13T19:44:13+00:00 machine gtk-status-bar[3351]: 2026-07-13T19:44:12.649320Z DEBUG gtk_status_bar::widgets: Updating workspace - label: 'Workspace i', color for workspace: 2
2026-07-13T19:44:13+00:00 machine gtk-status-bar[3351]: 2026-07-13T19:44:12.649414Z DEBUG gtk_status_bar::widgets: Updated title widget color to: rgba(125, 207, 255, 0.5) for workspace: 2
2026-07-13T19:44:13+00:00 machine gtk-status-bar[3351]: 2026-07-13T19:44:12.649471Z DEBUG gtk_status_bar::widgets: Updating title widget title="Close OS window" class="kitty"
2026-07-13T19:44:13+00:00 machine gtk-status-bar[3351]: 2026-07-13T19:44:12.699341Z DEBUG gtk_status_bar::widgets: Resolved title icon from desktop application metadata class="kitty"
2026-07-13T19:44:13+00:00 machine gtk-status-bar[3351]: 2026-07-13T19:44:12.699412Z DEBUG gtk_status_bar::widgets: Updating network label: 󰤟 28% ?
2026-07-13T19:44:13+00:00 machine gtk-status-bar[3351]: 2026-07-13T19:44:12.699611Z DEBUG gtk_status_bar::widgets: 📺 Skipping GUI update - no volume data available
2026-07-13T19:44:13+00:00 machine gtk-status-bar[3351]: 2026-07-13T19:44:12.699652Z DEBUG gtk_status_bar::widgets: 📺 GTK UI updated via ASYNC: 🔊D100
2026-07-13T19:44:13+00:00 machine gtk-status-bar[3351]: 2026-07-13T19:44:12.714850Z DEBUG gtk_status_bar::widgets: Pinning bar height to font-derived line height char_height=18 multiplier=1.4 pinned=25
2026-07-13T19:44:13+00:00 machine gtk-status-bar[3351]: 2026-07-13T19:44:12.798343Z  INFO gtk_status_bar::tray: Status notifier item registered item=":1.87/StatusNotifierItem"
2026-07-13T19:44:13+00:00 machine gtk-status-bar[3351]: 2026-07-13T19:44:12.802148Z  INFO gtk_status_bar::widgets: Added system tray item item=":1.87/StatusNotifierItem"
2026-07-13T19:44:13+00:00 machine gtk-status-bar[3351]: 2026-07-13T19:44:13.000640Z DEBUG gtk_status_bar::widgets: Updating time label:  7:44 PM
2030-01-02T03:04:58+00:00 machine gtk-status-bar[3351]: 2030-01-02T03:04:58.552098Z  INFO gtk_status_bar::network: Network reachability probe completed target=192.0.2.1 success=true elapsed_ms=11
2030-01-02T03:04:58+00:00 machine gtk-status-bar[3351]: 2030-01-02T03:04:58.552148Z DEBUG gtk_status_bar::network: Sent network update label="\u{f091f} 28% \u{f0ac}"
2030-01-02T03:04:58+00:00 machine gtk-status-bar[3351]: 2030-01-02T03:04:58.552368Z DEBUG gtk_status_bar::widgets: Updating network label: 󰤟 28% 
2030-01-02T03:04:58+00:00 machine gtk-status-bar[3351]: 2030-01-02T03:04:58.747740Z DEBUG gtk_status_bar::widgets: Updating time label:  3:04 AM
2030-01-02T03:04:59+00:00 machine gtk-status-bar[3351]: 2030-01-02T03:04:59.001444Z DEBUG gtk_status_bar::widgets: Updating time label:  3:04 AM
2030-01-02T03:04:59+00:00 machine gtk-status-bar[3351]: 2030-01-02T03:04:59.224315Z  INFO gtk_status_bar::tray: Status notifier item registered item=":1.88/org/blueman/sni"
2030-01-02T03:04:59+00:00 machine gtk-status-bar[3351]: 2030-01-02T03:04:59.245302Z DEBUG gtk_status_bar::tray: Tray item property is unavailable property="IconPixmap" error=org.freedesktop.DBus.Error.InvalidArgs: No such property “IconPixmap”
2030-01-02T03:04:59+00:00 machine gtk-status-bar[3351]: 2030-01-02T03:04:59.253587Z DEBUG gtk_status_bar::tray: Tray item property is unavailable property="IconThemePath" error=org.freedesktop.DBus.Error.InvalidArgs: No such property “IconThemePath”
2030-01-02T03:04:59+00:00 machine gtk-status-bar[3351]: 2030-01-02T03:04:59.258323Z  INFO gtk_status_bar::widgets: Added system tray item item=":1.88/org/blueman/sni"
2030-01-02T03:04:59+00:00 machine gtk-status-bar[3351]: 2030-01-02T03:04:59.821787Z  INFO gtk_status_bar::network: Network reachability probe completed target=192.0.2.1 success=true elapsed_ms=13
2030-01-02T03:04:59+00:00 machine gtk-status-bar[3351]: 2030-01-02T03:04:59.821832Z DEBUG gtk_status_bar::network: Sent network update label="\u{f091f} 28% \u{f0ac}"
2030-01-02T03:04:59+00:00 machine gtk-status-bar[3351]: 2030-01-02T03:04:59.821984Z DEBUG gtk_status_bar::widgets: Updating network label: 󰤟 28% 
2030-01-02T03:05:00+00:00 machine gtk-status-bar[3351]: 2030-01-02T03:05:00.001554Z DEBUG gtk_status_bar::widgets: Updating time label:  3:05 AM
2030-01-02T03:05:00+00:00 machine gtk-status-bar[3351]: 2030-01-02T03:05:00.429210Z  INFO gtk_status_bar::network: Network reachability probe completed target=198.51.100.1 success=false elapsed_ms=24
2030-01-02T03:05:00+00:00 machine gtk-status-bar[3351]: 2030-01-02T03:05:00.429267Z DEBUG gtk_status_bar::network: Sent network update label="\u{f091f} 28% \u{f0ac}"
2030-01-02T03:05:00+00:00 machine gtk-status-bar[3351]: 2030-01-02T03:05:00.429669Z DEBUG gtk_status_bar::widgets: Updating network label: 󰤟 28% 
2030-01-02T03:05:00+00:00 machine gtk-status-bar[3351]: 2030-01-02T03:05:00.979636Z  INFO gtk_status_bar::network: Network reachability probe completed target=198.51.100.1 success=false elapsed_ms=12
2030-01-02T03:05:00+00:00 machine gtk-status-bar[3351]: 2030-01-02T03:05:00.979693Z DEBUG gtk_status_bar::network: Sent network update label="\u{f091f} 28% \u{f0ac}"
2030-01-02T03:05:00+00:00 machine gtk-status-bar[3351]: 2030-01-02T03:05:00.979978Z DEBUG gtk_status_bar::widgets: Updating network label: 󰤟 28% 
2030-01-02T03:05:01+00:00 machine gtk-status-bar[3351]: 2030-01-02T03:05:01.001136Z DEBUG gtk_status_bar::widgets: Updating time label:  3:05 AM
2030-01-02T11:58:30+00:00 machine gtk-status-bar[3351]: 2030-01-02T11:58:30.699725Z DEBUG gtk_status_bar::widgets: Updating time label: 11:58 AM
2030-01-02T11:58:30+00:00 machine gtk-status-bar[3351]: 2030-01-02T11:58:30.742739Z  INFO gtk_status_bar::network: Network reachability probe completed target=192.0.2.1 success=true elapsed_ms=42
2030-01-02T11:58:30+00:00 machine gtk-status-bar[3351]: 2030-01-02T11:58:30.742820Z DEBUG gtk_status_bar::network: Sent network update label="\u{f091f} 28% \u{f0ac}"
2030-01-02T11:58:30+00:00 machine gtk-status-bar[3351]: 2030-01-02T11:58:30.743102Z DEBUG gtk_status_bar::widgets: Updating network label: 󰤟 28% 
2030-01-02T11:58:30+00:00 machine gtk-status-bar[3351]: 2030-01-02T11:58:30.982772Z  INFO gtk_status_bar::network: Network reachability probe completed target=198.51.100.1 success=false elapsed_ms=15
2030-01-02T11:58:30+00:00 machine gtk-status-bar[3351]: 2030-01-02T11:58:30.982878Z DEBUG gtk_status_bar::network: Sent network update label="\u{f091f} 28% \u{f0ac}"
2030-01-02T11:58:30+00:00 machine gtk-status-bar[3351]: 2030-01-02T11:58:30.983091Z DEBUG gtk_status_bar::widgets: Updating network label: 󰤟 28% 
2030-01-02T11:58:31+00:00 machine gtk-status-bar[3351]: 2030-01-02T11:58:31.001130Z DEBUG gtk_status_bar::widgets: Updating time label: 11:58 AM
2030-01-02T11:58:32+00:00 machine gtk-status-bar[3351]: 2030-01-02T11:58:32.001508Z DEBUG gtk_status_bar::widgets: Updating time label: 11:58 AM
2030-01-02T11:58:32+00:00 machine gtk-status-bar[3351]: 2030-01-02T11:58:32.102373Z  INFO gtk_status_bar::tray: Status notifier item registered item=":1.90/StatusNotifierItem"
2030-01-02T11:58:32+00:00 machine gtk-status-bar[3351]: 2030-01-02T11:58:32.118284Z  INFO gtk_status_bar::widgets: Added system tray item item=":1.90/StatusNotifierItem"
2030-01-02T11:58:32+00:00 machine gtk-status-bar[3351]: 2030-01-02T11:58:32.643868Z  INFO gtk_status_bar::network: Network reachability probe completed target=192.0.2.1 success=true elapsed_ms=11
2030-01-02T11:58:32+00:00 machine gtk-status-bar[3351]: 2030-01-02T11:58:32.643921Z DEBUG gtk_status_bar::network: Sent network update label="\u{f091f} 28% \u{f0ac}"
2030-01-02T11:58:32+00:00 machine gtk-status-bar[3351]: 2030-01-02T11:58:32.644121Z DEBUG gtk_status_bar::widgets: Updating network label: 󰤟 28% 
2030-01-02T11:58:33+00:00 machine gtk-status-bar[3351]: 2030-01-02T11:58:33.001271Z DEBUG gtk_status_bar::widgets: Updating time label: 11:58 AM
2030-01-02T11:58:34+00:00 machine gtk-status-bar[3351]: 2030-01-02T11:58:34.001484Z DEBUG gtk_status_bar::widgets: Updating time label: 11:58 AM
2030-01-02T11:58:34+00:00 machine gtk-status-bar[3351]: 2030-01-02T11:58:34.323095Z  INFO gtk_status_bar::network: Network reachability probe completed target=198.51.100.1 success=false elapsed_ms=20
2030-01-02T11:58:34+00:00 machine gtk-status-bar[3351]: 2030-01-02T11:58:34.323168Z DEBUG gtk_status_bar::network: Sent network update label="\u{f091f} 28% \u{f0ac}"
2030-01-02T11:58:34+00:00 machine gtk-status-bar[3351]: 2030-01-02T11:58:34.342847Z DEBUG gtk_status_bar::widgets: Updating network label: 󰤟 28% 
2030-01-02T11:58:34+00:00 machine gtk-status-bar[3351]: 2030-01-02T11:58:34.560900Z  INFO gtk_status_bar::network: Network reachability probe completed target=192.0.2.1 success=true elapsed_ms=13
2030-01-02T11:58:34+00:00 machine gtk-status-bar[3351]: 2030-01-02T11:58:34.560953Z DEBUG gtk_status_bar::network: Sent network update label="\u{f091f} 28% \u{f0ac}"
2030-01-02T11:58:34+00:00 machine gtk-status-bar[3351]: 2030-01-02T11:58:34.561199Z DEBUG gtk_status_bar::widgets: Updating network label: 󰤟 28% 
2030-01-02T11:58:35+00:00 machine gtk-status-bar[3351]: 2030-01-02T11:58:35.001542Z DEBUG gtk_status_bar::widgets: Updating time label: 11:58 AM
2030-01-02T11:58:35+00:00 machine gtk-status-bar[3351]: 2030-01-02T11:58:35.187412Z DEBUG gtk_status_bar::pw: 🚫 Skipping metadata '' (props: Some(DictRef { flags: Flags(0x0), entries: {"object.serial": "93", "module.id": "2", "pipewire.protocol": "protocol-native", "pipewire.sec.pid": "1392", "pipewire.sec.uid": "1000", "pipewire.sec.gid": "100", "pipewire.sec.socket": "pipewire-0", "application.name": "Blueman", "pipewire.access": "unrestricted"} }))
2030-01-02T11:58:36+00:00 machine gtk-status-bar[3351]: 2030-01-02T11:58:36.001896Z DEBUG gtk_status_bar::widgets: Updating time label: 11:58 AM
2030-01-02T11:58:36+00:00 machine gtk-status-bar[3351]: 2030-01-02T11:58:36.423602Z  INFO gtk_status_bar::network: Network reachability probe completed target=192.0.2.1 success=true elapsed_ms=15
2030-01-02T11:58:36+00:00 machine gtk-status-bar[3351]: 2030-01-02T11:58:36.423699Z DEBUG gtk_status_bar::network: Sent network update label="\u{f091f} 28% \u{f0ac}"
2030-01-02T11:58:36+00:00 machine gtk-status-bar[3351]: 2030-01-02T11:58:36.423847Z DEBUG gtk_status_bar::widgets: Updating network label: 󰤟 28% 
2030-01-02T11:58:37+00:00 machine gtk-status-bar[3351]: 2030-01-02T11:58:37.001455Z DEBUG gtk_status_bar::widgets: Updating time label: 11:58 AM
2030-01-02T11:58:37+00:00 machine gtk-status-bar[3351]: 2030-01-02T11:58:37.045583Z  INFO gtk_status_bar::tray: Status notifier item disappeared item=":1.88/org/blueman/sni"
2030-01-02T11:58:37+00:00 machine gtk-status-bar[3351]: 2030-01-02T11:58:37.053738Z  INFO gtk_status_bar::widgets: Removed system tray item item=":1.88/org/blueman/sni"
2030-01-02T11:58:37+00:00 machine gtk-status-bar[3351]: 2030-01-02T11:58:37.895470Z  INFO gtk_status_bar::tray: Status notifier item registered item=":1.94/org/blueman/sni"
2030-01-02T11:58:37+00:00 machine gtk-status-bar[3351]: 2030-01-02T11:58:37.925468Z DEBUG gtk_status_bar::tray: Tray item property is unavailable property="IconPixmap" error=org.freedesktop.DBus.Error.InvalidArgs: No such property “IconPixmap”
2030-01-02T11:58:37+00:00 machine gtk-status-bar[3351]: 2030-01-02T11:58:37.934415Z DEBUG gtk_status_bar::tray: Tray item property is unavailable property="IconThemePath" error=org.freedesktop.DBus.Error.InvalidArgs: No such property “IconThemePath”
2030-01-02T11:58:37+00:00 machine gtk-status-bar[3351]: 2030-01-02T11:58:37.938039Z  INFO gtk_status_bar::widgets: Added system tray item item=":1.94/org/blueman/sni"
2030-01-02T11:58:38+00:00 machine gtk-status-bar[3351]: 2030-01-02T11:58:38.000826Z DEBUG gtk_status_bar::widgets: Updating time label: 11:58 AM
2030-01-02T11:58:38+00:00 machine gtk-status-bar[3351]: 2030-01-02T11:58:38.150202Z  INFO gtk_status_bar::network: Network reachability probe completed target=198.51.100.1 success=false elapsed_ms=13
2030-01-02T11:58:38+00:00 machine gtk-status-bar[3351]: 2030-01-02T11:58:38.150317Z DEBUG gtk_status_bar::network: Sent network update label="\u{f091f} 28% \u{f0ac}"
2030-01-02T11:58:38+00:00 machine gtk-status-bar[3351]: 2030-01-02T11:58:38.150482Z DEBUG gtk_status_bar::widgets: Updating network label: 󰤟 28% 
2030-01-02T11:58:38+00:00 machine gtk-status-bar[3351]: 2030-01-02T11:58:38.661360Z  INFO gtk_status_bar::network: Network reachability probe completed target=192.0.2.1 success=true elapsed_ms=10
2030-01-02T11:58:38+00:00 machine gtk-status-bar[3351]: 2030-01-02T11:58:38.661415Z DEBUG gtk_status_bar::network: Sent network update label="\u{f091f} 28% \u{f0ac}"
2030-01-02T11:58:38+00:00 machine gtk-status-bar[3351]: 2030-01-02T11:58:38.670950Z DEBUG gtk_status_bar::widgets: Updating network label: 󰤟 28% 
2030-01-02T11:58:39+00:00 machine gtk-status-bar[3351]: 2030-01-02T11:58:39.001507Z DEBUG gtk_status_bar::widgets: Updating time label: 11:58 AM
2030-01-02T11:58:39+00:00 machine gtk-status-bar[3351]: 2030-01-02T11:58:39.821755Z  INFO gtk_status_bar::network: Network reachability probe completed target=198.51.100.1 success=false elapsed_ms=9
2030-01-02T11:58:39+00:00 machine gtk-status-bar[3351]: 2030-01-02T11:58:39.821807Z DEBUG gtk_status_bar::network: Sent network update label="\u{f091f} 28% \u{f0ac}"
2030-01-02T11:58:39+00:00 machine gtk-status-bar[3351]: 2030-01-02T11:58:39.822027Z DEBUG gtk_status_bar::widgets: Updating network label: 󰤟 28% 
2030-01-02T11:58:40+00:00 machine gtk-status-bar[3351]: 2030-01-02T11:58:40.000984Z DEBUG gtk_status_bar::widgets: Updating time label: 11:58 AM
2030-01-02T11:58:40+00:00 machine gtk-status-bar[3351]: 2030-01-02T11:58:40.311307Z  INFO gtk_status_bar::network: Network reachability probe completed target=198.51.100.1 success=false elapsed_ms=13
2030-01-02T11:58:40+00:00 machine gtk-status-bar[3351]: 2030-01-02T11:58:40.311357Z DEBUG gtk_status_bar::network: Sent network update label="\u{f091f} 28% \u{f0ac}"
2030-01-02T11:58:40+00:00 machine gtk-status-bar[3351]: 2030-01-02T11:58:40.319193Z DEBUG gtk_status_bar::widgets: Updating network label: 󰤟 28% 
2030-01-02T11:58:41+00:00 machine gtk-status-bar[3351]: 2030-01-02T11:58:41.001438Z DEBUG gtk_status_bar::widgets: Updating time label: 11:58 AM
2030-01-02T11:58:41+00:00 machine gtk-status-bar[3351]: 2030-01-02T11:58:41.531020Z  INFO gtk_status_bar::network: Network reachability probe completed target=192.0.2.1 success=true elapsed_ms=11
2030-01-02T11:58:41+00:00 machine gtk-status-bar[3351]: 2030-01-02T11:58:41.531070Z DEBUG gtk_status_bar::network: Sent network update label="\u{f091f} 28% \u{f0ac}"
2030-01-02T11:58:41+00:00 machine gtk-status-bar[3351]: 2030-01-02T11:58:41.531405Z DEBUG gtk_status_bar::widgets: Updating network label: 󰤟 28% 
2030-01-02T11:58:41+00:00 machine gtk-status-bar[3351]: 2030-01-02T11:58:41.632903Z DEBUG gtk_status_bar::hypr: Handling title change event
2030-01-02T11:58:41+00:00 machine gtk-status-bar[3351]: 2030-01-02T11:58:41.640967Z DEBUG gtk_status_bar::hypr: No active client matches the title change event
2030-01-02T11:58:41+00:00 machine gtk-status-bar[3351]: 2030-01-02T11:58:41.811460Z DEBUG gtk_status_bar::tray: Tray backend received command item=":1.87/StatusNotifierItem" action=ContextMenu { request_id: 1, keyboard_grab: false } x=1347 y=11
2030-01-02T11:58:41+00:00 machine gtk-status-bar[3351]: 2030-01-02T11:58:41.828676Z DEBUG gtk_status_bar::tray: dbusmenu GetLayout reply decoded item=":1.87/StatusNotifierItem" fields=2
2030-01-02T11:58:41+00:00 machine gtk-status-bar[3351]: 2030-01-02T11:58:41.828714Z DEBUG gtk_status_bar::tray: dbusmenu layout parsed item=":1.87/StatusNotifierItem" count=5
2030-01-02T11:58:41+00:00 machine gtk-status-bar[3351]: 2030-01-02T11:58:41.830054Z DEBUG gtk_status_bar::widgets: Tray menu entry labels item=":1.87/StatusNotifierItem" labels=[Some("Keyboard - English (US)"), None, Some("Restart"), Some("Input Method Settings"), Some("Exit")]
2030-01-02T11:58:41+00:00 machine gtk-status-bar[3351]: 2030-01-02T11:58:41.830600Z DEBUG gtk_status_bar::widgets: Presenting tray menu item=":1.87/StatusNotifierItem" entries=5 keyboard_grab=false
2030-01-02T11:58:42+00:00 machine gtk-status-bar[3351]: 2030-01-02T11:58:42.001482Z DEBUG gtk_status_bar::widgets: Updating time label: 11:58 AM
2030-01-02T11:58:42+00:00 machine gtk-status-bar[3351]: 2030-01-02T11:58:42.137716Z  INFO gtk_status_bar::tray: Status notifier item registered item=":1.97/StatusNotifierItem"
2030-01-02T11:58:42+00:00 machine gtk-status-bar[3351]: 2030-01-02T11:58:42.230013Z DEBUG gtk_status_bar::tray: Tray item property is unavailable property="IconName" error=org.freedesktop.DBus.Error.Failed: error occurred in Get
2030-01-02T11:58:42+00:00 machine gtk-status-bar[3351]: 2030-01-02T11:58:42.371448Z DEBUG gtk_status_bar::tray: Tray item property is unavailable property="IconThemePath" error=org.freedesktop.DBus.Error.Failed: error occurred in Get
2030-01-02T11:58:42+00:00 machine gtk-status-bar[3351]: 2030-01-02T11:58:42.373694Z  INFO gtk_status_bar::widgets: Added system tray item item=":1.97/StatusNotifierItem"
2030-01-02T11:58:42+00:00 machine gtk-status-bar[3351]: 2030-01-02T11:58:42.648816Z  INFO gtk_status_bar::network: Network reachability probe completed target=198.51.100.1 success=false elapsed_ms=24
2030-01-02T11:58:42+00:00 machine gtk-status-bar[3351]: 2030-01-02T11:58:42.650035Z DEBUG gtk_status_bar::network: Sent network update label="\u{f091f} 28% \u{f0ac}"
2030-01-02T11:58:42+00:00 machine gtk-status-bar[3351]: 2030-01-02T11:58:42.650367Z DEBUG gtk_status_bar::widgets: Updating network label: 󰤟 28% 
2030-01-02T11:58:42+00:00 machine gtk-status-bar[3351]: 2030-01-02T11:58:42.721668Z DEBUG gtk_status_bar::hypr: Handling active window change event
2030-01-02T11:58:42+00:00 machine gtk-status-bar[3351]: 2030-01-02T11:58:42.724310Z DEBUG gtk_status_bar::hypr: Window data - class: 'claude-desktop', title: 'Claude', address: '0x5d2f90fe5fd0'
2030-01-02T11:58:42+00:00 machine gtk-status-bar[3351]: 2030-01-02T11:58:42.724340Z DEBUG gtk_status_bar::hypr: Active window changed title="Claude" class="claude-desktop"
2030-01-02T11:58:42+00:00 machine gtk-status-bar[3351]: 2030-01-02T11:58:42.725017Z DEBUG gtk_status_bar::widgets: Updating title widget title="Claude" class="claude-desktop"
2030-01-02T11:58:42+00:00 machine gtk-status-bar[3351]: 2030-01-02T11:58:42.778499Z DEBUG gtk_status_bar::widgets: Resolved title icon from desktop application metadata class="claude-desktop"
2030-01-02T11:58:43+00:00 machine gtk-status-bar[3351]: 2030-01-02T11:58:43.001108Z DEBUG gtk_status_bar::widgets: Updating time label: 11:58 AM
2030-01-02T11:58:43+00:00 machine gtk-status-bar[3351]: 2030-01-02T11:58:43.945132Z  INFO gtk_status_bar::network: Network reachability probe completed target=192.0.2.1 success=true elapsed_ms=21
2030-01-02T11:58:43+00:00 machine gtk-status-bar[3351]: 2030-01-02T11:58:43.945373Z DEBUG gtk_status_bar::network: Sent network update label="\u{f091f} 28% \u{f0ac}"
2030-01-02T11:58:43+00:00 machine gtk-status-bar[3351]: 2030-01-02T11:58:43.945544Z DEBUG gtk_status_bar::widgets: Updating network label: 󰤟 28% 
2030-01-02T11:58:44+00:00 machine gtk-status-bar[3351]: 2030-01-02T11:58:44.000583Z DEBUG gtk_status_bar::widgets: Updating time label: 11:58 AM
2030-01-02T11:58:44+00:00 machine gtk-status-bar[3351]: 2030-01-02T11:58:44.914585Z  INFO gtk_status_bar::network: Network reachability probe completed target=192.0.2.1 success=true elapsed_ms=21
2030-01-02T11:58:44+00:00 machine gtk-status-bar[3351]: 2030-01-02T11:58:44.914636Z DEBUG gtk_status_bar::network: Sent network update label="\u{f091f} 28% \u{f0ac}"
2030-01-02T11:58:44+00:00 machine gtk-status-bar[3351]: 2030-01-02T11:58:44.937835Z DEBUG gtk_status_bar::widgets: Updating network label: 󰤟 28% 
2030-01-02T11:58:44+00:00 machine gtk-status-bar[3351]: 2030-01-02T11:58:44.979355Z  INFO gtk_status_bar::network: Network reachability probe completed target=198.51.100.1 success=false elapsed_ms=13
2030-01-02T11:58:44+00:00 machine gtk-status-bar[3351]: 2030-01-02T11:58:44.979405Z DEBUG gtk_status_bar::network: Sent network update label="\u{f091f} 28% \u{f0ac}"
2030-01-02T11:58:44+00:00 machine gtk-status-bar[3351]: 2030-01-02T11:58:44.979556Z DEBUG gtk_status_bar::widgets: Updating network label: 󰤟 28% 
2030-01-02T11:58:45+00:00 machine gtk-status-bar[3351]: 2030-01-02T11:58:45.001435Z DEBUG gtk_status_bar::widgets: Updating time label: 11:58 AM
2030-01-02T11:58:45+00:00 machine gtk-status-bar[3351]: 2030-01-02T11:58:45.502319Z  INFO gtk_status_bar::network: Network reachability probe completed target=192.0.2.1 success=true elapsed_ms=16
2030-01-02T11:58:45+00:00 machine gtk-status-bar[3351]: 2030-01-02T11:58:45.502369Z DEBUG gtk_status_bar::network: Sent network update label="\u{f091f} 28% \u{f0ac}"
2030-01-02T11:58:45+00:00 machine gtk-status-bar[3351]: 2030-01-02T11:58:45.502535Z DEBUG gtk_status_bar::widgets: Updating network label: 󰤟 28% 
2030-01-02T11:58:46+00:00 machine gtk-status-bar[3351]: 2030-01-02T11:58:46.001886Z DEBUG gtk_status_bar::widgets: Updating time label: 11:58 AM
2030-01-02T11:58:46+00:00 machine gtk-status-bar[3351]: 2030-01-02T11:58:46.806088Z  INFO gtk_status_bar::network: Network reachability probe completed target=198.51.100.1 success=false elapsed_ms=16
2030-01-02T11:58:46+00:00 machine gtk-status-bar[3351]: 2030-01-02T11:58:46.806197Z DEBUG gtk_status_bar::network: Sent network update label="\u{f091f} 28% \u{f0ac}"
2030-01-02T11:58:46+00:00 machine gtk-status-bar[3351]: 2030-01-02T11:58:46.806497Z DEBUG gtk_status_bar::widgets: Updating network label: 󰤟 28% 
2030-01-02T11:58:47+00:00 machine gtk-status-bar[3351]: 2030-01-02T11:58:47.001512Z DEBUG gtk_status_bar::widgets: Updating time label: 11:58 AM
2030-01-02T11:58:48+00:00 machine gtk-status-bar[3351]: 2030-01-02T11:58:48.002017Z DEBUG gtk_status_bar::widgets: Updating time label: 11:58 AM
2030-01-02T11:58:48+00:00 machine gtk-status-bar[3351]: 2030-01-02T11:58:48.505530Z  INFO gtk_status_bar::network: Network reachability probe completed target=198.51.100.1 success=false elapsed_ms=23
2030-01-02T11:58:48+00:00 machine gtk-status-bar[3351]: 2030-01-02T11:58:48.505631Z DEBUG gtk_status_bar::network: Sent network update label="\u{f091f} 28% \u{f0ac}"
2030-01-02T11:58:48+00:00 machine gtk-status-bar[3351]: 2030-01-02T11:58:48.506082Z DEBUG gtk_status_bar::widgets: Updating network label: 󰤟 28% 
2030-01-02T11:58:49+00:00 machine gtk-status-bar[3351]: 2030-01-02T11:58:49.002097Z DEBUG gtk_status_bar::widgets: Updating time label: 11:58 AM
2030-01-02T11:58:49+00:00 machine gtk-status-bar[3351]: 2030-01-02T11:58:49.258889Z  INFO gtk_status_bar::network: Network reachability probe completed target=192.0.2.1 success=true elapsed_ms=23
2030-01-02T11:58:49+00:00 machine gtk-status-bar[3351]: 2030-01-02T11:58:49.258963Z DEBUG gtk_status_bar::network: Sent network update label="\u{f091f} 28% \u{f0ac}"
2030-01-02T11:58:49+00:00 machine gtk-status-bar[3351]: 2030-01-02T11:58:49.259472Z DEBUG gtk_status_bar::widgets: Updating network label: 󰤟 28% 
2030-01-02T11:58:49+00:00 machine gtk-status-bar[3351]: 2030-01-02T11:58:49.895987Z  INFO gtk_status_bar::network: Network reachability probe completed target=198.51.100.1 success=false elapsed_ms=10
2030-01-02T11:58:49+00:00 machine gtk-status-bar[3351]: 2030-01-02T11:58:49.896031Z DEBUG gtk_status_bar::network: Sent network update label="\u{f091f} 28% \u{f0ac}"
2030-01-02T11:58:49+00:00 machine gtk-status-bar[3351]: 2030-01-02T11:58:49.896299Z DEBUG gtk_status_bar::widgets: Updating network label: 󰤟 28% 
2030-01-02T11:58:50+00:00 machine gtk-status-bar[3351]: 2030-01-02T11:58:50.000809Z DEBUG gtk_status_bar::widgets: Updating time label: 11:58 AM
2030-01-02T11:58:51+00:00 machine gtk-status-bar[3351]: 2030-01-02T11:58:51.002818Z DEBUG gtk_status_bar::widgets: Updating time label: 11:58 AM
2030-01-02T11:58:51+00:00 machine gtk-status-bar[3351]: 2030-01-02T11:58:51.049915Z  INFO gtk_status_bar::network: Network reachability probe completed target=192.0.2.1 success=true elapsed_ms=18
2030-01-02T11:58:51+00:00 machine gtk-status-bar[3351]: 2030-01-02T11:58:51.050005Z DEBUG gtk_status_bar::network: Sent network update label="\u{f091f} 28% \u{f0ac}"
2030-01-02T11:58:51+00:00 machine gtk-status-bar[3351]: 2030-01-02T11:58:51.050746Z DEBUG gtk_status_bar::widgets: Updating network label: 󰤟 28% 
2030-01-02T11:58:51+00:00 machine gtk-status-bar[3351]: 2030-01-02T11:58:51.303991Z  INFO gtk_status_bar::network: Network reachability probe completed target=198.51.100.1 success=false elapsed_ms=15
2030-01-02T11:58:51+00:00 machine gtk-status-bar[3351]: 2030-01-02T11:58:51.304048Z DEBUG gtk_status_bar::network: Sent network update label="\u{f091f} 28% \u{f0ac}"
2030-01-02T11:58:51+00:00 machine gtk-status-bar[3351]: 2030-01-02T11:58:51.304629Z DEBUG gtk_status_bar::widgets: Updating network label: 󰤟 28% 
2030-01-02T11:58:52+00:00 machine gtk-status-bar[3351]: 2030-01-02T11:58:52.001778Z DEBUG gtk_status_bar::widgets: Updating time label: 11:58 AM
2030-01-02T11:58:52+00:00 machine gtk-status-bar[3351]: 2030-01-02T11:58:52.356075Z DEBUG gtk_status_bar::tray: Tray backend received command item=":1.87/StatusNotifierItem" action=ContextMenu { request_id: 3, keyboard_grab: false } x=1322 y=11
2030-01-02T11:58:52+00:00 machine gtk-status-bar[3351]: 2030-01-02T11:58:52.372425Z DEBUG gtk_status_bar::tray: dbusmenu GetLayout reply decoded item=":1.87/StatusNotifierItem" fields=2
2030-01-02T11:58:52+00:00 machine gtk-status-bar[3351]: 2030-01-02T11:58:52.372473Z DEBUG gtk_status_bar::tray: dbusmenu layout parsed item=":1.87/StatusNotifierItem" count=5
2030-01-02T11:58:52+00:00 machine gtk-status-bar[3351]: 2030-01-02T11:58:52.373054Z DEBUG gtk_status_bar::widgets: Tray menu entry labels item=":1.87/StatusNotifierItem" labels=[Some("Keyboard - English (US)"), None, Some("Restart"), Some("Input Method Settings"), Some("Exit")]
2030-01-02T11:58:52+00:00 machine gtk-status-bar[3351]: 2030-01-02T11:58:52.374360Z DEBUG gtk_status_bar::widgets: Presenting tray menu item=":1.87/StatusNotifierItem" entries=5 keyboard_grab=false
2030-01-02T11:58:52+00:00 machine gtk-status-bar[3351]: 2030-01-02T11:58:52.529985Z  INFO gtk_status_bar::network: Network reachability probe completed target=192.0.2.1 success=true elapsed_ms=15
2030-01-02T11:58:52+00:00 machine gtk-status-bar[3351]: 2030-01-02T11:58:52.530039Z DEBUG gtk_status_bar::network: Sent network update label="\u{f091f} 28% \u{f0ac}"
2030-01-02T11:58:52+00:00 machine gtk-status-bar[3351]: 2030-01-02T11:58:52.530629Z DEBUG gtk_status_bar::widgets: Updating network label: 󰤟 28% 
2030-01-02T11:58:53+00:00 machine gtk-status-bar[3351]: 2030-01-02T11:58:53.001944Z DEBUG gtk_status_bar::widgets: Updating time label: 11:58 AM
2030-01-02T11:58:53+00:00 machine gtk-status-bar[3351]: 2030-01-02T11:58:53.664014Z  INFO gtk_status_bar::network: Network reachability probe completed target=198.51.100.1 success=false elapsed_ms=9
2030-01-02T11:58:53+00:00 machine gtk-status-bar[3351]: 2030-01-02T11:58:53.664063Z DEBUG gtk_status_bar::network: Sent network update label="\u{f091f} 28% \u{f0ac}"
2030-01-02T11:58:53+00:00 machine gtk-status-bar[3351]: 2030-01-02T11:58:53.664379Z DEBUG gtk_status_bar::widgets: Updating network label: 󰤟 28% 
2030-01-02T11:58:53+00:00 machine gtk-status-bar[3351]: 2030-01-02T11:58:53.714611Z DEBUG gtk_status_bar::tray: Tray backend received command item=":1.87/StatusNotifierItem" action=ContextMenu { request_id: 5, keyboard_grab: false } x=1322 y=11
2030-01-02T11:58:53+00:00 machine gtk-status-bar[3351]: 2030-01-02T11:58:53.723722Z DEBUG gtk_status_bar::tray: dbusmenu GetLayout reply decoded item=":1.87/StatusNotifierItem" fields=2
2030-01-02T11:58:53+00:00 machine gtk-status-bar[3351]: 2030-01-02T11:58:53.723759Z DEBUG gtk_status_bar::tray: dbusmenu layout parsed item=":1.87/StatusNotifierItem" count=5
2030-01-02T11:58:53+00:00 machine gtk-status-bar[3351]: 2030-01-02T11:58:53.724096Z DEBUG gtk_status_bar::widgets: Tray menu entry labels item=":1.87/StatusNotifierItem" labels=[Some("Keyboard - English (US)"), None, Some("Restart"), Some("Input Method Settings"), Some("Exit")]
2030-01-02T11:58:53+00:00 machine gtk-status-bar[3351]: 2030-01-02T11:58:53.724406Z DEBUG gtk_status_bar::widgets: Presenting tray menu item=":1.87/StatusNotifierItem" entries=5 keyboard_grab=false
2030-01-02T11:58:54+00:00 machine gtk-status-bar[3351]: 2030-01-02T11:58:54.002030Z DEBUG gtk_status_bar::widgets: Updating time label: 11:58 AM
2030-01-02T11:58:54+00:00 machine gtk-status-bar[3351]: 2030-01-02T11:58:54.274846Z  INFO gtk_status_bar::network: Network reachability probe completed target=192.0.2.1 success=true elapsed_ms=22
2030-01-02T11:58:54+00:00 machine gtk-status-bar[3351]: 2030-01-02T11:58:54.274945Z DEBUG gtk_status_bar::network: Sent network update label="\u{f091f} 28% \u{f0ac}"
2030-01-02T11:58:54+00:00 machine gtk-status-bar[3351]: 2030-01-02T11:58:54.275491Z DEBUG gtk_status_bar::widgets: Updating network label: 󰤟 28% 
2030-01-02T11:58:55+00:00 machine gtk-status-bar[3351]: 2030-01-02T11:58:55.001402Z DEBUG gtk_status_bar::widgets: Updating time label: 11:58 AM
2030-01-02T11:58:55+00:00 machine gtk-status-bar[3351]: 2030-01-02T11:58:55.083629Z DEBUG gtk_status_bar::tray: Tray backend received command item=":1.87/StatusNotifierItem" action=ContextMenu { request_id: 7, keyboard_grab: false } x=1322 y=11
2030-01-02T11:58:55+00:00 machine gtk-status-bar[3351]: 2030-01-02T11:58:55.092333Z DEBUG gtk_status_bar::tray: dbusmenu GetLayout reply decoded item=":1.87/StatusNotifierItem" fields=2
2030-01-02T11:58:55+00:00 machine gtk-status-bar[3351]: 2030-01-02T11:58:55.092374Z DEBUG gtk_status_bar::tray: dbusmenu layout parsed item=":1.87/StatusNotifierItem" count=5
2030-01-02T11:58:55+00:00 machine gtk-status-bar[3351]: 2030-01-02T11:58:55.092780Z DEBUG gtk_status_bar::widgets: Tray menu entry labels item=":1.87/StatusNotifierItem" labels=[Some("Keyboard - English (US)"), None, Some("Restart"), Some("Input Method Settings"), Some("Exit")]
2030-01-02T11:58:55+00:00 machine gtk-status-bar[3351]: 2030-01-02T11:58:55.093119Z DEBUG gtk_status_bar::widgets: Presenting tray menu item=":1.87/StatusNotifierItem" entries=5 keyboard_grab=false
2030-01-02T11:58:55+00:00 machine gtk-status-bar[3351]: 2030-01-02T11:58:55.910519Z  INFO gtk_status_bar::network: Network reachability probe completed target=192.0.2.1 success=true elapsed_ms=19
2030-01-02T11:58:55+00:00 machine gtk-status-bar[3351]: 2030-01-02T11:58:55.910564Z DEBUG gtk_status_bar::network: Sent network update label="\u{f091f} 28% \u{f0ac}"
2030-01-02T11:58:55+00:00 machine gtk-status-bar[3351]: 2030-01-02T11:58:55.932007Z DEBUG gtk_status_bar::widgets: Updating network label: 󰤟 28% 
2030-01-02T11:58:56+00:00 machine gtk-status-bar[3351]: 2030-01-02T11:58:56.001662Z DEBUG gtk_status_bar::widgets: Updating time label: 11:58 AM
2030-01-02T11:58:56+00:00 machine gtk-status-bar[3351]: 2030-01-02T11:58:56.406328Z DEBUG gtk_status_bar::tray: Tray backend received command item=":1.87/StatusNotifierItem" action=MenuEvent(100) x=1322 y=11
2030-01-02T11:58:57+00:00 machine gtk-status-bar[3351]: 2030-01-02T11:58:57.002011Z DEBUG gtk_status_bar::widgets: Updating time label: 11:58 AM
2030-01-02T11:58:57+00:00 machine gtk-status-bar[3351]: 2030-01-02T11:58:57.119659Z DEBUG gtk_status_bar::dbus: Got an event in event stream: Msg { type: Signal, serial: 72, sender: UniqueName(":1.67"), path: ObjectPath("/org/bluez/hci0"), iface: InterfaceName("org.freedesktop.DBus.Properties"), member: MemberName("PropertiesChanged"), body: Structure(Dynamic { fields: [Str, Dict { key: Dynamic { child: Str }, value: Dynamic { child: Variant } }, Array(Dynamic { child: Str })] }), fds: [] }
2030-01-02T11:58:57+00:00 machine gtk-status-bar[3351]: 2030-01-02T11:58:57.119752Z DEBUG gtk_status_bar::dbus: Dbus monitor: Received D-Bus message from path: Some(ObjectPath("/org/bluez/hci0")), interface: Some(InterfaceName("org.freedesktop.DBus.Properties")), member: Some(MemberName("PropertiesChanged"))
2030-01-02T11:58:57+00:00 machine gtk-status-bar[3351]: 2030-01-02T11:58:57.119804Z  INFO gtk_status_bar::dbus: Dbus monitor: Received signal
2030-01-02T11:58:57+00:00 machine gtk-status-bar[3351]: 2030-01-02T11:58:57.119849Z  INFO gtk_status_bar::dbus: Dbus monitor: Received PropertiesChanged signal
2030-01-02T11:58:57+00:00 machine gtk-status-bar[3351]: 2030-01-02T11:58:57.119939Z DEBUG gtk_status_bar::dbus: Dbus monitor: Ignored PropertiesChanged for interface: "org.bluez.Adapter1"
2030-01-02T11:58:57+00:00 machine gtk-status-bar[3351]: 2030-01-02T11:58:57.162175Z  INFO gtk_status_bar::network: Network reachability probe completed target=198.51.100.1 success=false elapsed_ms=46
2030-01-02T11:58:57+00:00 machine gtk-status-bar[3351]: 2030-01-02T11:58:57.162268Z DEBUG gtk_status_bar::network: Sent network update label="\u{f091f} 28% \u{f0ac}"
2030-01-02T11:58:57+00:00 machine gtk-status-bar[3351]: 2030-01-02T11:58:57.162715Z DEBUG gtk_status_bar::widgets: Updating network label: 󰤟 28% 
2030-01-02T11:58:58+00:00 machine gtk-status-bar[3351]: 2030-01-02T11:58:58.002853Z DEBUG gtk_status_bar::widgets: Updating time label: 11:58 AM
2030-01-02T11:58:58+00:00 machine gtk-status-bar[3351]: 2030-01-02T11:58:58.515436Z  INFO gtk_status_bar::network: Network reachability probe completed target=198.51.100.1 success=false elapsed_ms=23
2030-01-02T11:58:58+00:00 machine gtk-status-bar[3351]: 2030-01-02T11:58:58.515485Z DEBUG gtk_status_bar::network: Sent network update label="\u{f091f} 28% \u{f0ac}"
2030-01-02T11:58:58+00:00 machine gtk-status-bar[3351]: 2030-01-02T11:58:58.515692Z DEBUG gtk_status_bar::widgets: Updating network label: 󰤟 28% 
2030-01-02T11:58:58+00:00 machine gtk-status-bar[3351]: 2030-01-02T11:58:58.990363Z DEBUG gtk_status_bar::tray: Tray backend received command item=":1.87/StatusNotifierItem" action=ContextMenu { request_id: 8, keyboard_grab: false } x=1322 y=11
2030-01-02T11:58:58+00:00 machine gtk-status-bar[3351]: 2030-01-02T11:58:58.991201Z DEBUG gtk_status_bar::tray: dbusmenu GetLayout reply decoded item=":1.87/StatusNotifierItem" fields=2
2030-01-02T11:58:58+00:00 machine gtk-status-bar[3351]: 2030-01-02T11:58:58.991279Z DEBUG gtk_status_bar::tray: dbusmenu layout parsed item=":1.87/StatusNotifierItem" count=5
2030-01-02T11:58:58+00:00 machine gtk-status-bar[3351]: 2030-01-02T11:58:58.991653Z DEBUG gtk_status_bar::widgets: Tray menu entry labels item=":1.87/StatusNotifierItem" labels=[Some("Keyboard - English (US)"), None, Some("Restart"), Some("Input Method Settings"), Some("Exit")]
2030-01-02T11:58:58+00:00 machine gtk-status-bar[3351]: 2030-01-02T11:58:58.992089Z DEBUG gtk_status_bar::widgets: Presenting tray menu item=":1.87/StatusNotifierItem" entries=5 keyboard_grab=false
2030-01-02T11:58:59+00:00 machine gtk-status-bar[3351]: 2030-01-02T11:58:59.001295Z DEBUG gtk_status_bar::widgets: Updating time label: 11:58 AM
2030-01-02T11:59:00+00:00 machine gtk-status-bar[3351]: 2030-01-02T11:59:00.001693Z DEBUG gtk_status_bar::widgets: Updating time label: 11:59 AM
2030-01-02T11:59:00+00:00 machine gtk-status-bar[3351]: 2030-01-02T11:59:00.528353Z  INFO gtk_status_bar::network: Network reachability probe completed target=192.0.2.1 success=true elapsed_ms=23
2030-01-02T11:59:00+00:00 machine gtk-status-bar[3351]: 2030-01-02T11:59:00.528412Z DEBUG gtk_status_bar::network: Sent network update label="\u{f091f} 28% \u{f0ac}"
2030-01-02T11:59:00+00:00 machine gtk-status-bar[3351]: 2030-01-02T11:59:00.528949Z DEBUG gtk_status_bar::widgets: Updating network label: 󰤟 28% 
2030-01-02T11:59:01+00:00 machine gtk-status-bar[3351]: 2030-01-02T11:59:01.002128Z DEBUG gtk_status_bar::widgets: Updating time label: 11:59 AM
2030-01-02T11:59:01+00:00 machine gtk-status-bar[3351]: 2030-01-02T11:59:01.114098Z  INFO gtk_status_bar::network: Network reachability probe completed target=198.51.100.1 success=false elapsed_ms=21
2030-01-02T11:59:01+00:00 machine gtk-status-bar[3351]: 2030-01-02T11:59:01.114170Z DEBUG gtk_status_bar::network: Sent network update label="\u{f091f} 28% \u{f0ac}"
2030-01-02T11:59:01+00:00 machine gtk-status-bar[3351]: 2030-01-02T11:59:01.114356Z DEBUG gtk_status_bar::widgets: Updating network label: 󰤟 28% 
2030-01-02T11:59:01+00:00 machine gtk-status-bar[3351]: 2030-01-02T11:59:01.196538Z  INFO gtk_status_bar::network: Network reachability probe completed target=192.0.2.1 success=true elapsed_ms=12
2030-01-02T11:59:01+00:00 machine gtk-status-bar[3351]: 2030-01-02T11:59:01.196594Z DEBUG gtk_status_bar::network: Sent network update label="\u{f091f} 28% \u{f0ac}"
2030-01-02T11:59:01+00:00 machine gtk-status-bar[3351]: 2030-01-02T11:59:01.196772Z DEBUG gtk_status_bar::widgets: Updating network label: 󰤟 28% 
2030-01-02T11:59:01+00:00 machine gtk-status-bar[3351]: 2030-01-02T11:59:01.569570Z  INFO gtk_status_bar::network: Network reachability probe completed target=192.0.2.1 success=true elapsed_ms=11
2030-01-02T11:59:01+00:00 machine gtk-status-bar[3351]: 2030-01-02T11:59:01.569613Z DEBUG gtk_status_bar::network: Sent network update label="\u{f091f} 28% \u{f0ac}"
2030-01-02T11:59:01+00:00 machine gtk-status-bar[3351]: 2030-01-02T11:59:01.579543Z DEBUG gtk_status_bar::widgets: Updating network label: 󰤟 28% 
2030-01-02T11:59:01+00:00 machine gtk-status-bar[3351]: 2030-01-02T11:59:01.784501Z DEBUG gtk_status_bar::tray: Tray backend received command item=":1.87/StatusNotifierItem" action=MenuEvent(4) x=1322 y=11
2030-01-02T11:59:02+00:00 machine gtk-status-bar[3351]: 2030-01-02T11:59:02.001858Z DEBUG gtk_status_bar::widgets: Updating time label: 11:59 AM
2030-01-02T11:59:02+00:00 machine gtk-status-bar[3351]: 2030-01-02T11:59:02.936972Z  INFO gtk_status_bar::network: Network reachability probe completed target=198.51.100.1 success=false elapsed_ms=16
2030-01-02T11:59:02+00:00 machine gtk-status-bar[3351]: 2030-01-02T11:59:02.937071Z DEBUG gtk_status_bar::network: Sent network update label="\u{f091f} 28% \u{f0ac}"
2030-01-02T11:59:02+00:00 machine gtk-status-bar[3351]: 2030-01-02T11:59:02.952487Z DEBUG gtk_status_bar::widgets: Updating network label: 󰤟 28% 
2030-01-02T11:59:03+00:00 machine gtk-status-bar[3351]: 2030-01-02T11:59:03.001549Z DEBUG gtk_status_bar::widgets: Updating time label: 11:59 AM
2030-01-02T11:59:03+00:00 machine gtk-status-bar[3351]: 2030-01-02T11:59:03.016335Z  INFO gtk_status_bar::network: Network reachability probe completed target=192.0.2.1 success=true elapsed_ms=20
2030-01-02T11:59:03+00:00 machine gtk-status-bar[3351]: 2030-01-02T11:59:03.016394Z DEBUG gtk_status_bar::network: Sent network update label="\u{f091f} 28% \u{f0ac}"
2030-01-02T11:59:03+00:00 machine gtk-status-bar[3351]: 2030-01-02T11:59:03.029350Z DEBUG gtk_status_bar::widgets: Updating network label: 󰤟 28% 
2030-01-02T11:59:03+00:00 machine gtk-status-bar[3351]: 2030-01-02T11:59:03.952645Z  INFO gtk_status_bar::network: Network reachability probe completed target=198.51.100.1 success=false elapsed_ms=11
2030-01-02T11:59:03+00:00 machine gtk-status-bar[3351]: 2030-01-02T11:59:03.952711Z DEBUG gtk_status_bar::network: Sent network update label="\u{f091f} 28% \u{f0ac}"
2030-01-02T11:59:03+00:00 machine gtk-status-bar[3351]: 2030-01-02T11:59:03.961685Z DEBUG gtk_status_bar::widgets: Updating network label: 󰤟 28% 
2030-01-02T11:59:04+00:00 machine gtk-status-bar[3351]: 2030-01-02T11:59:04.000988Z DEBUG gtk_status_bar::widgets: Updating time label: 11:59 AM
2030-01-02T11:59:04+00:00 machine gtk-status-bar[3351]: 2030-01-02T11:59:04.114580Z  INFO gtk_status_bar::network: Network reachability probe completed target=192.0.2.1 success=true elapsed_ms=9
2030-01-02T11:59:04+00:00 machine gtk-status-bar[3351]: 2030-01-02T11:59:04.114637Z DEBUG gtk_status_bar::network: Sent network update label="\u{f091f} 28% \u{f0ac}"
2030-01-02T11:59:04+00:00 machine gtk-status-bar[3351]: 2030-01-02T11:59:04.114794Z DEBUG gtk_status_bar::widgets: Updating network label: 󰤟 28% 
2030-01-02T11:59:04+00:00 machine gtk-status-bar[3351]: 2030-01-02T11:59:04.422735Z DEBUG gtk_status_bar::tray: Tray backend received command item=":1.87/StatusNotifierItem" action=ContextMenu { request_id: 9, keyboard_grab: false } x=1322 y=11
2030-01-02T11:59:04+00:00 machine gtk-status-bar[3351]: 2030-01-02T11:59:04.424014Z DEBUG gtk_status_bar::tray: dbusmenu GetLayout reply decoded item=":1.87/StatusNotifierItem" fields=2
2030-01-02T11:59:04+00:00 machine gtk-status-bar[3351]: 2030-01-02T11:59:04.424042Z DEBUG gtk_status_bar::tray: dbusmenu layout parsed item=":1.87/StatusNotifierItem" count=5
2030-01-02T11:59:04+00:00 machine gtk-status-bar[3351]: 2030-01-02T11:59:04.424558Z DEBUG gtk_status_bar::widgets: Tray menu entry labels item=":1.87/StatusNotifierItem" labels=[Some("Keyboard - English (US)"), None, Some("Restart"), Some("Input Method Settings"), Some("Exit")]
2030-01-02T11:59:04+00:00 machine gtk-status-bar[3351]: 2030-01-02T11:59:04.424953Z DEBUG gtk_status_bar::widgets: Presenting tray menu item=":1.87/StatusNotifierItem" entries=5 keyboard_grab=false
2030-01-02T11:59:04+00:00 machine gtk-status-bar[3351]: 2030-01-02T11:59:04.695172Z  INFO gtk_status_bar::network: Network reachability probe completed target=198.51.100.1 success=false elapsed_ms=8
2030-01-02T11:59:04+00:00 machine gtk-status-bar[3351]: 2030-01-02T11:59:04.695289Z DEBUG gtk_status_bar::network: Sent network update label="\u{f091f} 28% \u{f0ac}"
2030-01-02T11:59:04+00:00 machine gtk-status-bar[3351]: 2030-01-02T11:59:04.695444Z DEBUG gtk_status_bar::widgets: Updating network label: 󰤟 28% 
2030-01-02T11:59:05+00:00 machine gtk-status-bar[3351]: 2030-01-02T11:59:05.001432Z DEBUG gtk_status_bar::widgets: Updating time label: 11:59 AM
2030-01-02T11:59:05+00:00 machine gtk-status-bar[3351]: 2030-01-02T11:59:05.176530Z  INFO gtk_status_bar::network: Network reachability probe completed target=192.0.2.1 success=true elapsed_ms=10
2030-01-02T11:59:05+00:00 machine gtk-status-bar[3351]: 2030-01-02T11:59:05.176581Z DEBUG gtk_status_bar::network: Sent network update label="\u{f091f} 28% \u{f0ac}"
2030-01-02T11:59:05+00:00 machine gtk-status-bar[3351]: 2030-01-02T11:59:05.191691Z DEBUG gtk_status_bar::widgets: Updating network label: 󰤟 28% 
2030-01-02T11:59:05+00:00 machine gtk-status-bar[3351]: 2030-01-02T11:59:05.256395Z  INFO gtk_status_bar::network: Network reachability probe completed target=198.51.100.1 success=false elapsed_ms=10
2030-01-02T11:59:05+00:00 machine gtk-status-bar[3351]: 2030-01-02T11:59:05.256498Z DEBUG gtk_status_bar::network: Sent network update label="\u{f091f} 28% \u{f0ac}"
2030-01-02T11:59:05+00:00 machine gtk-status-bar[3351]: 2030-01-02T11:59:05.256654Z DEBUG gtk_status_bar::widgets: Updating network label: 󰤟 28% 
2030-01-02T11:59:06+00:00 machine gtk-status-bar[3351]: 2030-01-02T11:59:06.001852Z DEBUG gtk_status_bar::widgets: Updating time label: 11:59 AM
2030-01-02T11:59:06+00:00 machine gtk-status-bar[3351]: 2030-01-02T11:59:06.592463Z  INFO gtk_status_bar::network: Network reachability probe completed target=192.0.2.1 success=true elapsed_ms=15
2030-01-02T11:59:06+00:00 machine gtk-status-bar[3351]: 2030-01-02T11:59:06.592537Z DEBUG gtk_status_bar::network: Sent network update label="\u{f091f} 28% \u{f0ac}"
2030-01-02T11:59:06+00:00 machine gtk-status-bar[3351]: 2030-01-02T11:59:06.611038Z DEBUG gtk_status_bar::widgets: Updating network label: 󰤟 28% 
2030-01-02T11:59:06+00:00 machine gtk-status-bar[3351]: 2030-01-02T11:59:06.835319Z  INFO gtk_status_bar::network: Network reachability probe completed target=198.51.100.1 success=false elapsed_ms=24
2030-01-02T11:59:06+00:00 machine gtk-status-bar[3351]: 2030-01-02T11:59:06.836339Z DEBUG gtk_status_bar::network: Sent network update label="\u{f091f} 28% \u{f0ac}"
2030-01-02T11:59:06+00:00 machine gtk-status-bar[3351]: 2030-01-02T11:59:06.836509Z DEBUG gtk_status_bar::widgets: Updating network label: 󰤟 28% 
2030-01-02T11:59:07+00:00 machine gtk-status-bar[3351]: 2030-01-02T11:59:07.001750Z DEBUG gtk_status_bar::widgets: Updating time label: 11:59 AM
2030-01-02T11:59:08+00:00 machine gtk-status-bar[3351]: 2030-01-02T11:59:08.003173Z DEBUG gtk_status_bar::widgets: Updating time label: 11:59 AM
2030-01-02T11:59:08+00:00 machine gtk-status-bar[3351]: 2030-01-02T11:59:08.137904Z  INFO gtk_status_bar::network: Network reachability probe completed target=192.0.2.1 success=true elapsed_ms=54
2030-01-02T11:59:08+00:00 machine gtk-status-bar[3351]: 2030-01-02T11:59:08.137980Z DEBUG gtk_status_bar::network: Sent network update label="\u{f091f} 28% \u{f0ac}"
2030-01-02T11:59:08+00:00 machine gtk-status-bar[3351]: 2030-01-02T11:59:08.155932Z DEBUG gtk_status_bar::widgets: Updating network label: 󰤟 28% 
2030-01-02T11:59:09+00:00 machine gtk-status-bar[3351]: 2030-01-02T11:59:09.003307Z DEBUG gtk_status_bar::widgets: Updating time label: 11:59 AM
2030-01-02T11:59:10+00:00 machine gtk-status-bar[3351]: 2030-01-02T11:59:10.001739Z DEBUG gtk_status_bar::widgets: Updating time label: 11:59 AM
2030-01-02T11:59:10+00:00 machine gtk-status-bar[3351]: 2030-01-02T11:59:10.103519Z  INFO gtk_status_bar::network: Network reachability probe completed target=198.51.100.1 success=false elapsed_ms=80
2030-01-02T11:59:10+00:00 machine gtk-status-bar[3351]: 2030-01-02T11:59:10.112707Z DEBUG gtk_status_bar::network: Sent network update label="\u{f091f} 28% \u{f0ac}"
2030-01-02T11:59:10+00:00 machine gtk-status-bar[3351]: 2030-01-02T11:59:10.113794Z DEBUG gtk_status_bar::widgets: Updating network label: 󰤟 28% 
2030-01-02T11:59:11+00:00 machine gtk-status-bar[3351]: 2030-01-02T11:59:11.002694Z DEBUG gtk_status_bar::widgets: Updating time label: 11:59 AM
2030-01-02T11:59:11+00:00 machine gtk-status-bar[3351]: 2030-01-02T11:59:11.659846Z  INFO gtk_status_bar::network: Network reachability probe completed target=198.51.100.1 success=false elapsed_ms=115
2030-01-02T11:59:11+00:00 machine gtk-status-bar[3351]: 2030-01-02T11:59:11.659906Z DEBUG gtk_status_bar::network: Sent network update label="\u{f091f} 28% \u{f0ac}"
2030-01-02T11:59:11+00:00 machine gtk-status-bar[3351]: 2030-01-02T11:59:11.660066Z DEBUG gtk_status_bar::widgets: Updating network label: 󰤟 28% 
2030-01-02T11:59:11+00:00 machine gtk-status-bar[3351]: 2030-01-02T11:59:11.838688Z DEBUG gtk_status_bar::hypr: Handling title change event
2030-01-02T11:59:11+00:00 machine gtk-status-bar[3351]: 2030-01-02T11:59:11.842661Z DEBUG gtk_status_bar::hypr: No active client matches the title change event
2030-01-02T11:59:11+00:00 machine gtk-status-bar[3351]: 2030-01-02T11:59:11.982105Z  INFO gtk_status_bar::network: Network reachability probe completed target=192.0.2.1 success=true elapsed_ms=103
2030-01-02T11:59:11+00:00 machine gtk-status-bar[3351]: 2030-01-02T11:59:11.982300Z DEBUG gtk_status_bar::network: Sent network update label="\u{f091f} 28% \u{f0ac}"
2030-01-02T11:59:12+00:00 machine gtk-status-bar[3351]: 2030-01-02T11:59:11.983889Z DEBUG gtk_status_bar::widgets: Updating network label: 󰤟 28% 
2030-01-02T11:59:12+00:00 machine gtk-status-bar[3351]: 2030-01-02T11:59:12.015860Z DEBUG gtk_status_bar::widgets: Updating time label: 11:59 AM
2030-01-02T11:59:12+00:00 machine gtk-status-bar[3351]: 2030-01-02T11:59:12.143409Z  INFO gtk_status_bar::network: Network reachability probe completed target=198.51.100.1 success=false elapsed_ms=106
2030-01-02T11:59:12+00:00 machine gtk-status-bar[3351]: 2030-01-02T11:59:12.143472Z DEBUG gtk_status_bar::network: Sent network update label="\u{f091f} 28% \u{f0ac}"
2030-01-02T11:59:12+00:00 machine gtk-status-bar[3351]: 2030-01-02T11:59:12.143730Z DEBUG gtk_status_bar::widgets: Updating network label: 󰤟 28% 
2030-01-02T11:59:12+00:00 machine gtk-status-bar[3351]: 2030-01-02T11:59:12.257589Z DEBUG gtk_status_bar::hypr: Handling active window change event
2030-01-02T11:59:12+00:00 machine gtk-status-bar[3351]: 2030-01-02T11:59:12.257631Z DEBUG gtk_status_bar::hypr: Window data - class: 'kitty', title: 'KeyboardFocusEvidence', address: '0x5d2f9178f7c0'
2030-01-02T11:59:12+00:00 machine gtk-status-bar[3351]: 2030-01-02T11:59:12.257660Z DEBUG gtk_status_bar::hypr: Active window changed title="KeyboardFocusEvidence" class="kitty"
2030-01-02T11:59:12+00:00 machine gtk-status-bar[3351]: 2030-01-02T11:59:12.257917Z DEBUG gtk_status_bar::widgets: Updating title widget title="KeyboardFocusEvidence" class="kitty"
2030-01-02T11:59:12+00:00 machine gtk-status-bar[3351]: 2030-01-02T11:59:12.678754Z DEBUG gtk_status_bar::widgets: Resolved title icon from desktop application metadata class="kitty"
2030-01-02T11:59:13+00:00 machine gtk-status-bar[3351]: 2030-01-02T11:59:13.001468Z DEBUG gtk_status_bar::widgets: Updating time label: 11:59 AM
2030-01-02T11:59:13+00:00 machine gtk-status-bar[3351]: 2030-01-02T11:59:13.399273Z  INFO gtk_status_bar::network: Network reachability probe completed target=192.0.2.1 success=true elapsed_ms=115
2030-01-02T11:59:13+00:00 machine gtk-status-bar[3351]: 2030-01-02T11:59:13.399343Z DEBUG gtk_status_bar::network: Sent network update label="\u{f091f} 28% \u{f0ac}"
2030-01-02T11:59:13+00:00 machine gtk-status-bar[3351]: 2030-01-02T11:59:13.399921Z DEBUG gtk_status_bar::widgets: Updating network label: 󰤟 28% 
2030-01-02T11:59:14+00:00 machine gtk-status-bar[3351]: 2030-01-02T11:59:14.003739Z DEBUG gtk_status_bar::widgets: Updating time label: 11:59 AM
2030-01-02T11:59:14+00:00 machine gtk-status-bar[3351]: 2030-01-02T11:59:14.394332Z  INFO gtk_status_bar::network: Network reachability probe completed target=192.0.2.1 success=true elapsed_ms=111
2030-01-02T11:59:14+00:00 machine gtk-status-bar[3351]: 2030-01-02T11:59:14.394398Z DEBUG gtk_status_bar::network: Sent network update label="\u{f091f} 28% \u{f0ac}"
2030-01-02T11:59:14+00:00 machine gtk-status-bar[3351]: 2030-01-02T11:59:14.395736Z DEBUG gtk_status_bar::widgets: Updating network label: 󰤟 28% 
2030-01-02T11:59:14+00:00 machine gtk-status-bar[3351]: 2030-01-02T11:59:14.821017Z  INFO gtk_status_bar::network: Network reachability probe completed target=198.51.100.1 success=false elapsed_ms=103
2030-01-02T11:59:14+00:00 machine gtk-status-bar[3351]: 2030-01-02T11:59:14.821090Z DEBUG gtk_status_bar::network: Sent network update label="\u{f091f} 28% \u{f0ac}"
2030-01-02T11:59:14+00:00 machine gtk-status-bar[3351]: 2030-01-02T11:59:14.821422Z DEBUG gtk_status_bar::widgets: Updating network label: 󰤟 28% 
2030-01-02T11:59:15+00:00 machine gtk-status-bar[3351]: 2030-01-02T11:59:15.007883Z DEBUG gtk_status_bar::widgets: Updating time label: 11:59 AM
2030-01-02T11:59:16+00:00 machine gtk-status-bar[3351]: 2030-01-02T11:59:16.003890Z DEBUG gtk_status_bar::widgets: Updating time label: 11:59 AM
2030-01-02T11:59:16+00:00 machine gtk-status-bar[3351]: 2030-01-02T11:59:16.940030Z  INFO gtk_status_bar::network: Network reachability probe completed target=192.0.2.1 success=true elapsed_ms=122
2030-01-02T11:59:16+00:00 machine gtk-status-bar[3351]: 2030-01-02T11:59:16.949092Z DEBUG gtk_status_bar::network: Sent network update label="\u{f091f} 28% \u{f0ac}"
2030-01-02T11:59:16+00:00 machine gtk-status-bar[3351]: 2030-01-02T11:59:16.953051Z DEBUG gtk_status_bar::widgets: Updating network label: 󰤟 28% 
2030-01-02T11:59:17+00:00 machine gtk-status-bar[3351]: 2030-01-02T11:59:17.001720Z DEBUG gtk_status_bar::widgets: Updating time label: 11:59 AM
2030-01-02T11:59:17+00:00 machine gtk-status-bar[3351]: 2030-01-02T11:59:17.169640Z DEBUG gtk_status_bar::dbus: Got an event in event stream: Msg { type: Signal, serial: 90, sender: UniqueName(":1.67"), path: ObjectPath("/org/bluez/hci0"), iface: InterfaceName("org.freedesktop.DBus.Properties"), member: MemberName("PropertiesChanged"), body: Structure(Dynamic { fields: [Str, Dict { key: Dynamic { child: Str }, value: Dynamic { child: Variant } }, Array(Dynamic { child: Str })] }), fds: [] }
2030-01-02T11:59:17+00:00 machine gtk-status-bar[3351]: 2030-01-02T11:59:17.173131Z DEBUG gtk_status_bar::dbus: Dbus monitor: Received D-Bus message from path: Some(ObjectPath("/org/bluez/hci0")), interface: Some(InterfaceName("org.freedesktop.DBus.Properties")), member: Some(MemberName("PropertiesChanged"))
2030-01-02T11:59:17+00:00 machine gtk-status-bar[3351]: 2030-01-02T11:59:17.173195Z  INFO gtk_status_bar::dbus: Dbus monitor: Received signal
2030-01-02T11:59:17+00:00 machine gtk-status-bar[3351]: 2030-01-02T11:59:17.173263Z  INFO gtk_status_bar::dbus: Dbus monitor: Received PropertiesChanged signal
2030-01-02T11:59:17+00:00 machine gtk-status-bar[3351]: 2030-01-02T11:59:17.173330Z DEBUG gtk_status_bar::dbus: Dbus monitor: Ignored PropertiesChanged for interface: "org.bluez.Adapter1"
2030-01-02T11:59:17+00:00 machine gtk-status-bar[3351]: 2030-01-02T11:59:17.286907Z  INFO gtk_status_bar::network: Network reachability probe completed target=198.51.100.1 success=false elapsed_ms=173
2030-01-02T11:59:17+00:00 machine gtk-status-bar[3351]: 2030-01-02T11:59:17.286972Z DEBUG gtk_status_bar::network: Sent network update label="\u{f091f} 28% \u{f0ac}"
2030-01-02T11:59:17+00:00 machine gtk-status-bar[3351]: 2030-01-02T11:59:17.287294Z DEBUG gtk_status_bar::widgets: Updating network label: 󰤟 28% 
2030-01-02T11:59:18+00:00 machine gtk-status-bar[3351]: 2030-01-02T11:59:18.007183Z DEBUG gtk_status_bar::widgets: Updating time label: 11:59 AM
2030-01-02T11:59:18+00:00 machine gtk-status-bar[3351]: 2030-01-02T11:59:18.488445Z  INFO gtk_status_bar::network: Network reachability probe completed target=198.51.100.1 success=false elapsed_ms=90
2030-01-02T11:59:18+00:00 machine gtk-status-bar[3351]: 2030-01-02T11:59:18.488507Z DEBUG gtk_status_bar::network: Sent network update label="\u{f091f} 28% \u{f0ac}"
2030-01-02T11:59:18+00:00 machine gtk-status-bar[3351]: 2030-01-02T11:59:18.489188Z DEBUG gtk_status_bar::widgets: Updating network label: 󰤟 28% 
2030-01-02T11:59:18+00:00 machine gtk-status-bar[3351]: 2030-01-02T11:59:18.901777Z  INFO gtk_status_bar::network: Network reachability probe completed target=192.0.2.1 success=true elapsed_ms=72
2030-01-02T11:59:18+00:00 machine gtk-status-bar[3351]: 2030-01-02T11:59:18.901901Z DEBUG gtk_status_bar::network: Sent network update label="\u{f091f} 28% \u{f0ac}"
2030-01-02T11:59:18+00:00 machine gtk-status-bar[3351]: 2030-01-02T11:59:18.902454Z DEBUG gtk_status_bar::widgets: Updating network label: 󰤟 28% 
2030-01-02T11:59:19+00:00 machine gtk-status-bar[3351]: 2030-01-02T11:59:19.011882Z DEBUG gtk_status_bar::widgets: Updating time label: 11:59 AM
2030-01-02T11:59:19+00:00 machine gtk-status-bar[3351]: 2030-01-02T11:59:19.209463Z  INFO gtk_status_bar::widgets: Tray menu acquired exclusive keyboard focus request_id=11
2030-01-02T11:59:19+00:00 machine gtk-status-bar[3351]: 2030-01-02T11:59:19.212146Z DEBUG gtk_status_bar::tray: Tray backend received command item=":1.87/StatusNotifierItem" action=ContextMenu { request_id: 12, keyboard_grab: true } x=1322 y=11
2030-01-02T11:59:19+00:00 machine gtk-status-bar[3351]: 2030-01-02T11:59:19.220341Z DEBUG gtk_status_bar::tray: dbusmenu GetLayout reply decoded item=":1.87/StatusNotifierItem" fields=2
2030-01-02T11:59:19+00:00 machine gtk-status-bar[3351]: 2030-01-02T11:59:19.220393Z DEBUG gtk_status_bar::tray: dbusmenu layout parsed item=":1.87/StatusNotifierItem" count=5
2030-01-02T11:59:19+00:00 machine gtk-status-bar[3351]: 2030-01-02T11:59:19.220826Z DEBUG gtk_status_bar::widgets: Tray menu entry labels item=":1.87/StatusNotifierItem" labels=[Some("Keyboard - English (US)"), None, Some("Restart"), Some("Input Method Settings"), Some("Exit")]
2030-01-02T11:59:19+00:00 machine gtk-status-bar[3351]: 2030-01-02T11:59:19.221099Z DEBUG gtk_status_bar::widgets: Presenting tray menu item=":1.87/StatusNotifierItem" entries=5 keyboard_grab=true
2030-01-02T11:59:19+00:00 machine gtk-status-bar[3351]: 2030-01-02T11:59:19.374035Z DEBUG gtk_status_bar::widgets: Tray dropdown opened at level 0 item=":1.87/StatusNotifierItem"
2030-01-02T11:59:20+00:00 machine gtk-status-bar[3351]: 2030-01-02T11:59:20.002876Z DEBUG gtk_status_bar::widgets: Updating time label: 11:59 AM
2030-01-02T11:59:20+00:00 machine gtk-status-bar[3351]: 2030-01-02T11:59:20.503441Z  INFO gtk_status_bar::network: Network reachability probe completed target=192.0.2.1 success=true elapsed_ms=128
2030-01-02T11:59:20+00:00 machine gtk-status-bar[3351]: 2030-01-02T11:59:20.509401Z DEBUG gtk_status_bar::network: Sent network update label="\u{f091f} 28% \u{f0ac}"
2030-01-02T11:59:20+00:00 machine gtk-status-bar[3351]: 2030-01-02T11:59:20.509680Z DEBUG gtk_status_bar::widgets: Updating network label: 󰤟 28% 
2030-01-02T11:59:21+00:00 machine gtk-status-bar[3351]: 2030-01-02T11:59:21.001703Z DEBUG gtk_status_bar::widgets: Updating time label: 11:59 AM
2030-01-02T11:59:22+00:00 machine gtk-status-bar[3351]: 2030-01-02T11:59:22.001200Z DEBUG gtk_status_bar::widgets: Updating time label: 11:59 AM
2030-01-02T11:59:22+00:00 machine gtk-status-bar[3351]: 2030-01-02T11:59:22.508564Z  INFO gtk_status_bar::network: Network reachability probe completed target=198.51.100.1 success=false elapsed_ms=98
2030-01-02T11:59:22+00:00 machine gtk-status-bar[3351]: 2030-01-02T11:59:22.509970Z DEBUG gtk_status_bar::network: Sent network update label="\u{f091f} 28% \u{f0ac}"
2030-01-02T11:59:22+00:00 machine gtk-status-bar[3351]: 2030-01-02T11:59:22.510340Z DEBUG gtk_status_bar::widgets: Updating network label: 󰤟 28% 
2030-01-02T11:59:22+00:00 machine gtk-status-bar[3351]: 2030-01-02T11:59:22.892997Z  INFO gtk_status_bar::network: Network reachability probe completed target=192.0.2.1 success=true elapsed_ms=80
2030-01-02T11:59:22+00:00 machine gtk-status-bar[3351]: 2030-01-02T11:59:22.896082Z DEBUG gtk_status_bar::network: Sent network update label="\u{f091f} 28% \u{f0ac}"
2030-01-02T11:59:22+00:00 machine gtk-status-bar[3351]: 2030-01-02T11:59:22.896277Z DEBUG gtk_status_bar::widgets: Updating network label: 󰤟 28% 
2030-01-02T11:59:23+00:00 machine gtk-status-bar[3351]: 2030-01-02T11:59:23.010531Z DEBUG gtk_status_bar::widgets: Updating time label: 11:59 AM
2030-01-02T11:59:24+00:00 machine gtk-status-bar[3351]: 2030-01-02T11:59:24.003382Z DEBUG gtk_status_bar::widgets: Updating time label: 11:59 AM
2030-01-02T11:59:24+00:00 machine gtk-status-bar[3351]: 2030-01-02T11:59:24.993437Z  INFO gtk_status_bar::network: Network reachability probe completed target=198.51.100.1 success=false elapsed_ms=111
2030-01-02T11:59:24+00:00 machine gtk-status-bar[3351]: 2030-01-02T11:59:24.994731Z DEBUG gtk_status_bar::network: Sent network update label="\u{f091f} 28% \u{f0ac}"
2030-01-02T11:59:24+00:00 machine gtk-status-bar[3351]: 2030-01-02T11:59:24.994905Z DEBUG gtk_status_bar::widgets: Updating network label: 󰤟 28% 
2030-01-02T11:59:25+00:00 machine gtk-status-bar[3351]: 2030-01-02T11:59:25.002701Z DEBUG gtk_status_bar::widgets: Updating time label: 11:59 AM
2030-01-02T11:59:25+00:00 machine gtk-status-bar[3351]: 2030-01-02T11:59:25.127068Z DEBUG gtk_status_bar::widgets: Tray nav key item=":1.87/StatusNotifierItem" cmd=Right
2030-01-02T11:59:25+00:00 machine gtk-status-bar[3351]: 2030-01-02T11:59:25.135413Z DEBUG gtk_status_bar::tray: Tray backend received command item=":1.90/StatusNotifierItem" action=ContextMenu { request_id: 13, keyboard_grab: true } x=1347 y=11
2030-01-02T11:59:25+00:00 machine gtk-status-bar[3351]: 2030-01-02T11:59:25.160848Z DEBUG gtk_status_bar::tray: dbusmenu GetLayout reply decoded item=":1.90/StatusNotifierItem" fields=2
2030-01-02T11:59:25+00:00 machine gtk-status-bar[3351]: 2030-01-02T11:59:25.169526Z DEBUG gtk_status_bar::tray: dbusmenu layout parsed item=":1.90/StatusNotifierItem" count=1
2030-01-02T11:59:25+00:00 machine gtk-status-bar[3351]: 2030-01-02T11:59:25.170054Z DEBUG gtk_status_bar::widgets: Tray menu entry labels item=":1.90/StatusNotifierItem" labels=[Some("Open app")]
2030-01-02T11:59:25+00:00 machine gtk-status-bar[3351]: 2030-01-02T11:59:25.171527Z DEBUG gtk_status_bar::widgets: Presenting tray menu item=":1.90/StatusNotifierItem" entries=1 keyboard_grab=true
2030-01-02T11:59:25+00:00 machine gtk-status-bar[3351]: 2030-01-02T11:59:25.278490Z DEBUG gtk_status_bar::widgets: Tray dropdown opened at level 0 item=":1.90/StatusNotifierItem"
2030-01-02T11:59:25+00:00 machine gtk-status-bar[3351]: 2030-01-02T11:59:25.613476Z  INFO gtk_status_bar::network: Network reachability probe completed target=198.51.100.1 success=false elapsed_ms=150
2030-01-02T11:59:25+00:00 machine gtk-status-bar[3351]: 2030-01-02T11:59:25.613918Z DEBUG gtk_status_bar::network: Sent network update label="\u{f091f} 28% \u{f0ac}"
2030-01-02T11:59:25+00:00 machine gtk-status-bar[3351]: 2030-01-02T11:59:25.630579Z DEBUG gtk_status_bar::widgets: Updating network label: 󰤟 28% 
2030-01-02T11:59:26+00:00 machine gtk-status-bar[3351]: 2030-01-02T11:59:26.001532Z DEBUG gtk_status_bar::widgets: Updating time label: 11:59 AM
2030-01-02T11:59:26+00:00 machine gtk-status-bar[3351]: 2030-01-02T11:59:26.897849Z  INFO gtk_status_bar::network: Network reachability probe completed target=192.0.2.1 success=true elapsed_ms=101
2030-01-02T11:59:26+00:00 machine gtk-status-bar[3351]: 2030-01-02T11:59:26.897938Z DEBUG gtk_status_bar::network: Sent network update label="\u{f091f} 28% \u{f0ac}"
2030-01-02T11:59:26+00:00 machine gtk-status-bar[3351]: 2030-01-02T11:59:26.898285Z DEBUG gtk_status_bar::widgets: Updating network label: 󰤟 28% 
2030-01-02T11:59:27+00:00 machine gtk-status-bar[3351]: 2030-01-02T11:59:27.001367Z DEBUG gtk_status_bar::widgets: Updating time label: 11:59 AM
2030-01-02T11:59:27+00:00 machine gtk-status-bar[3351]: 2030-01-02T11:59:27.164847Z  INFO gtk_status_bar::network: Network reachability probe completed target=198.51.100.1 success=false elapsed_ms=165
2030-01-02T11:59:27+00:00 machine gtk-status-bar[3351]: 2030-01-02T11:59:27.170374Z DEBUG gtk_status_bar::network: Sent network update label="\u{f091f} 28% \u{f0ac}"
2030-01-02T11:59:27+00:00 machine gtk-status-bar[3351]: 2030-01-02T11:59:27.171275Z DEBUG gtk_status_bar::widgets: Updating network label: 󰤟 28% 
2030-01-02T11:59:28+00:00 machine gtk-status-bar[3351]: 2030-01-02T11:59:28.001705Z DEBUG gtk_status_bar::widgets: Updating time label: 11:59 AM
2030-01-02T11:59:29+00:00 machine gtk-status-bar[3351]: 2030-01-02T11:59:29.001284Z DEBUG gtk_status_bar::widgets: Updating time label: 11:59 AM
2030-01-02T11:59:29+00:00 machine gtk-status-bar[3351]: 2030-01-02T11:59:29.058565Z DEBUG gtk_status_bar::widgets: Tray nav key item=":1.90/StatusNotifierItem" cmd=Left
2030-01-02T11:59:29+00:00 machine gtk-status-bar[3351]: 2030-01-02T11:59:29.059641Z DEBUG gtk_status_bar::tray: Tray backend received command item=":1.87/StatusNotifierItem" action=ContextMenu { request_id: 14, keyboard_grab: true } x=1322 y=11
2030-01-02T11:59:29+00:00 machine gtk-status-bar[3351]: 2030-01-02T11:59:29.062525Z DEBUG gtk_status_bar::tray: dbusmenu GetLayout reply decoded item=":1.87/StatusNotifierItem" fields=2
2030-01-02T11:59:29+00:00 machine gtk-status-bar[3351]: 2030-01-02T11:59:29.062572Z DEBUG gtk_status_bar::tray: dbusmenu layout parsed item=":1.87/StatusNotifierItem" count=5
2030-01-02T11:59:29+00:00 machine gtk-status-bar[3351]: 2030-01-02T11:59:29.067606Z DEBUG gtk_status_bar::widgets: Tray menu entry labels item=":1.87/StatusNotifierItem" labels=[Some("Keyboard - English (US)"), None, Some("Restart"), Some("Input Method Settings"), Some("Exit")]
2030-01-02T11:59:29+00:00 machine gtk-status-bar[3351]: 2030-01-02T11:59:29.068009Z DEBUG gtk_status_bar::widgets: Presenting tray menu item=":1.87/StatusNotifierItem" entries=5 keyboard_grab=true
2030-01-02T11:59:29+00:00 machine gtk-status-bar[3351]: 2030-01-02T11:59:29.232848Z DEBUG gtk_status_bar::widgets: Tray dropdown opened at level 0 item=":1.87/StatusNotifierItem"
2030-01-02T11:59:29+00:00 machine gtk-status-bar[3351]: 2030-01-02T11:59:29.241590Z  INFO gtk_status_bar::network: Network reachability probe completed target=192.0.2.1 success=true elapsed_ms=99
2030-01-02T11:59:29+00:00 machine gtk-status-bar[3351]: 2030-01-02T11:59:29.245564Z DEBUG gtk_status_bar::network: Sent network update label="\u{f091f} 28% \u{f0ac}"
2030-01-02T11:59:29+00:00 machine gtk-status-bar[3351]: 2030-01-02T11:59:29.270793Z DEBUG gtk_status_bar::widgets: Updating network label: 󰤟 28% 
2030-01-02T11:59:30+00:00 machine gtk-status-bar[3351]: 2030-01-02T11:59:30.011494Z DEBUG gtk_status_bar::widgets: Updating time label: 11:59 AM
2030-01-02T11:59:31+00:00 machine gtk-status-bar[3351]: 2030-01-02T11:59:31.002071Z DEBUG gtk_status_bar::widgets: Updating time label: 11:59 AM
2030-01-02T11:59:31+00:00 machine gtk-status-bar[3351]: 2030-01-02T11:59:31.306967Z  INFO gtk_status_bar::network: Network reachability probe completed target=198.51.100.1 success=false elapsed_ms=93
2030-01-02T11:59:31+00:00 machine gtk-status-bar[3351]: 2030-01-02T11:59:31.307581Z DEBUG gtk_status_bar::widgets: Updating network label: 󰤟 28% 
2030-01-02T11:59:31+00:00 machine gtk-status-bar[3351]: 2030-01-02T11:59:31.307420Z DEBUG gtk_status_bar::network: Sent network update label="\u{f091f} 28% \u{f0ac}"
2030-01-02T11:59:32+00:00 machine gtk-status-bar[3351]: 2030-01-02T11:59:32.001728Z DEBUG gtk_status_bar::widgets: Updating time label: 11:59 AM
2030-01-02T11:59:32+00:00 machine gtk-status-bar[3351]: 2030-01-02T11:59:32.396412Z  INFO gtk_status_bar::network: Network reachability probe completed target=192.0.2.1 success=true elapsed_ms=87
2030-01-02T11:59:32+00:00 machine gtk-status-bar[3351]: 2030-01-02T11:59:32.398479Z DEBUG gtk_status_bar::network: Sent network update label="\u{f091f} 28% \u{f0ac}"
2030-01-02T11:59:32+00:00 machine gtk-status-bar[3351]: 2030-01-02T11:59:32.399026Z DEBUG gtk_status_bar::widgets: Updating network label: 󰤟 28% 
2030-01-02T11:59:33+00:00 machine gtk-status-bar[3351]: 2030-01-02T11:59:33.001446Z DEBUG gtk_status_bar::widgets: Updating time label: 11:59 AM
2030-01-02T11:59:33+00:00 machine gtk-status-bar[3351]: 2030-01-02T11:59:33.016972Z DEBUG gtk_status_bar::widgets: Tray nav key item=":1.87/StatusNotifierItem" cmd=Right
2030-01-02T11:59:33+00:00 machine gtk-status-bar[3351]: 2030-01-02T11:59:33.025214Z DEBUG gtk_status_bar::tray: Tray backend received command item=":1.90/StatusNotifierItem" action=ContextMenu { request_id: 15, keyboard_grab: true } x=1347 y=11
2030-01-02T11:59:33+00:00 machine gtk-status-bar[3351]: 2030-01-02T11:59:33.036428Z DEBUG gtk_status_bar::tray: dbusmenu GetLayout reply decoded item=":1.90/StatusNotifierItem" fields=2
2030-01-02T11:59:33+00:00 machine gtk-status-bar[3351]: 2030-01-02T11:59:33.036483Z DEBUG gtk_status_bar::tray: dbusmenu layout parsed item=":1.90/StatusNotifierItem" count=1
2030-01-02T11:59:33+00:00 machine gtk-status-bar[3351]: 2030-01-02T11:59:33.071006Z DEBUG gtk_status_bar::widgets: Tray menu entry labels item=":1.90/StatusNotifierItem" labels=[Some("Open app")]
2030-01-02T11:59:33+00:00 machine gtk-status-bar[3351]: 2030-01-02T11:59:33.084740Z DEBUG gtk_status_bar::widgets: Presenting tray menu item=":1.90/StatusNotifierItem" entries=1 keyboard_grab=true
2030-01-02T11:59:33+00:00 machine gtk-status-bar[3351]: 2030-01-02T11:59:33.206013Z DEBUG gtk_status_bar::widgets: Tray dropdown opened at level 0 item=":1.90/StatusNotifierItem"
2030-01-02T11:59:33+00:00 machine gtk-status-bar[3351]: 2030-01-02T11:59:33.993455Z  INFO gtk_status_bar::network: Network reachability probe completed target=192.0.2.1 success=true elapsed_ms=136
2030-01-02T11:59:33+00:00 machine gtk-status-bar[3351]: 2030-01-02T11:59:33.997427Z DEBUG gtk_status_bar::network: Sent network update label="\u{f091f} 28% \u{f0ac}"
2030-01-02T11:59:33+00:00 machine gtk-status-bar[3351]: 2030-01-02T11:59:33.998491Z DEBUG gtk_status_bar::widgets: Updating network label: 󰤟 28% 
2030-01-02T11:59:34+00:00 machine gtk-status-bar[3351]: 2030-01-02T11:59:34.007571Z DEBUG gtk_status_bar::widgets: Updating time label: 11:59 AM
2030-01-02T11:59:34+00:00 machine gtk-status-bar[3351]: 2030-01-02T11:59:34.341461Z DEBUG gtk_status_bar::widgets: Tray nav key item=":1.90/StatusNotifierItem" cmd=Left
2030-01-02T11:59:34+00:00 machine gtk-status-bar[3351]: 2030-01-02T11:59:34.345302Z DEBUG gtk_status_bar::tray: Tray backend received command item=":1.87/StatusNotifierItem" action=ContextMenu { request_id: 16, keyboard_grab: true } x=1322 y=11
2030-01-02T11:59:34+00:00 machine gtk-status-bar[3351]: 2030-01-02T11:59:34.347353Z DEBUG gtk_status_bar::tray: dbusmenu GetLayout reply decoded item=":1.87/StatusNotifierItem" fields=2
2030-01-02T11:59:34+00:00 machine gtk-status-bar[3351]: 2030-01-02T11:59:34.347402Z DEBUG gtk_status_bar::tray: dbusmenu layout parsed item=":1.87/StatusNotifierItem" count=5
2030-01-02T11:59:34+00:00 machine gtk-status-bar[3351]: 2030-01-02T11:59:34.347923Z DEBUG gtk_status_bar::widgets: Tray menu entry labels item=":1.87/StatusNotifierItem" labels=[Some("Keyboard - English (US)"), None, Some("Restart"), Some("Input Method Settings"), Some("Exit")]
2030-01-02T11:59:34+00:00 machine gtk-status-bar[3351]: 2030-01-02T11:59:34.348315Z DEBUG gtk_status_bar::widgets: Presenting tray menu item=":1.87/StatusNotifierItem" entries=5 keyboard_grab=true
2030-01-02T11:59:34+00:00 machine gtk-status-bar[3351]: 2030-01-02T11:59:34.487991Z DEBUG gtk_status_bar::widgets: Tray dropdown opened at level 0 item=":1.87/StatusNotifierItem"
2030-01-02T11:59:34+00:00 machine gtk-status-bar[3351]: 2030-01-02T11:59:34.739940Z  INFO gtk_status_bar::network: Network reachability probe completed target=198.51.100.1 success=false elapsed_ms=131
2030-01-02T11:59:34+00:00 machine gtk-status-bar[3351]: 2030-01-02T11:59:34.740020Z DEBUG gtk_status_bar::network: Sent network update label="\u{f091f} 28% \u{f0ac}"
2030-01-02T11:59:34+00:00 machine gtk-status-bar[3351]: 2030-01-02T11:59:34.740444Z DEBUG gtk_status_bar::widgets: Updating network label: 󰤟 28% 
2030-01-02T11:59:35+00:00 machine gtk-status-bar[3351]: 2030-01-02T11:59:35.000969Z DEBUG gtk_status_bar::widgets: Updating time label: 11:59 AM
2030-01-02T11:59:36+00:00 machine gtk-status-bar[3351]: 2030-01-02T11:59:36.001593Z DEBUG gtk_status_bar::widgets: Updating time label: 11:59 AM
2030-01-02T11:59:36+00:00 machine gtk-status-bar[3351]: 2030-01-02T11:59:36.319656Z  INFO gtk_status_bar::network: Network reachability probe completed target=198.51.100.1 success=false elapsed_ms=120
2030-01-02T11:59:36+00:00 machine gtk-status-bar[3351]: 2030-01-02T11:59:36.319802Z DEBUG gtk_status_bar::network: Sent network update label="\u{f091f} 28% \u{f0ac}"
2030-01-02T11:59:36+00:00 machine gtk-status-bar[3351]: 2030-01-02T11:59:36.320680Z DEBUG gtk_status_bar::widgets: Updating network label: 󰤟 28% 
2030-01-02T11:59:36+00:00 machine gtk-status-bar[3351]: 2030-01-02T11:59:36.591458Z  INFO gtk_status_bar::network: Network reachability probe completed target=192.0.2.1 success=true elapsed_ms=59
2030-01-02T11:59:36+00:00 machine gtk-status-bar[3351]: 2030-01-02T11:59:36.600928Z DEBUG gtk_status_bar::network: Sent network update label="\u{f091f} 28% \u{f0ac}"
2030-01-02T11:59:36+00:00 machine gtk-status-bar[3351]: 2030-01-02T11:59:36.603016Z DEBUG gtk_status_bar::widgets: Updating network label: 󰤟 28% 
2030-01-02T11:59:37+00:00 machine gtk-status-bar[3351]: 2030-01-02T11:59:37.000966Z DEBUG gtk_status_bar::widgets: Updating time label: 11:59 AM
2030-01-02T11:59:37+00:00 machine gtk-status-bar[3351]: 2030-01-02T11:59:37.124925Z  INFO gtk_status_bar::network: Network reachability probe completed target=198.51.100.1 success=false elapsed_ms=93
2030-01-02T11:59:37+00:00 machine gtk-status-bar[3351]: 2030-01-02T11:59:37.124994Z DEBUG gtk_status_bar::network: Sent network update label="\u{f091f} 28% \u{f0ac}"
2030-01-02T11:59:37+00:00 machine gtk-status-bar[3351]: 2030-01-02T11:59:37.125468Z DEBUG gtk_status_bar::widgets: Updating network label: 󰤟 28% 
2030-01-02T11:59:37+00:00 machine gtk-status-bar[3351]: 2030-01-02T11:59:37.563140Z DEBUG gtk_status_bar::widgets: Tray nav key item=":1.87/StatusNotifierItem" cmd=Last
2030-01-02T11:59:37+00:00 machine gtk-status-bar[3351]: 2030-01-02T11:59:37.591584Z DEBUG gtk_status_bar::tray: Tray backend received command item=":1.97/StatusNotifierItem" action=ContextMenu { request_id: 17, keyboard_grab: true } x=1397 y=11
2030-01-02T11:59:37+00:00 machine gtk-status-bar[3351]: 2030-01-02T11:59:37.599185Z DEBUG gtk_status_bar::tray: dbusmenu GetLayout reply decoded item=":1.97/StatusNotifierItem" fields=2
2030-01-02T11:59:37+00:00 machine gtk-status-bar[3351]: 2030-01-02T11:59:37.599813Z DEBUG gtk_status_bar::tray: dbusmenu layout parsed item=":1.97/StatusNotifierItem" count=4
2030-01-02T11:59:37+00:00 machine gtk-status-bar[3351]: 2030-01-02T11:59:37.610715Z DEBUG gtk_status_bar::widgets: Tray menu entry labels item=":1.97/StatusNotifierItem" labels=[Some("Show App"), Some("Open Quick Entry"), None, Some("Quit")]
2030-01-02T11:59:37+00:00 machine gtk-status-bar[3351]: 2030-01-02T11:59:37.611006Z DEBUG gtk_status_bar::widgets: Presenting tray menu item=":1.97/StatusNotifierItem" entries=4 keyboard_grab=true
2030-01-02T11:59:37+00:00 machine gtk-status-bar[3351]: 2030-01-02T11:59:37.743409Z DEBUG gtk_status_bar::widgets: Tray dropdown opened at level 0 item=":1.97/StatusNotifierItem"
2030-01-02T11:59:38+00:00 machine gtk-status-bar[3351]: 2030-01-02T11:59:38.002964Z DEBUG gtk_status_bar::widgets: Updating time label: 11:59 AM
2030-01-02T11:59:38+00:00 machine gtk-status-bar[3351]: 2030-01-02T11:59:38.486564Z  INFO gtk_status_bar::network: Network reachability probe completed target=192.0.2.1 success=true elapsed_ms=122
2030-01-02T11:59:38+00:00 machine gtk-status-bar[3351]: 2030-01-02T11:59:38.487967Z DEBUG gtk_status_bar::network: Sent network update label="\u{f091f} 28% \u{f0ac}"
2030-01-02T11:59:38+00:00 machine gtk-status-bar[3351]: 2030-01-02T11:59:38.502800Z DEBUG gtk_status_bar::widgets: Updating network label: 󰤟 28% 
2030-01-02T11:59:39+00:00 machine gtk-status-bar[3351]: 2030-01-02T11:59:39.001357Z DEBUG gtk_status_bar::widgets: Updating time label: 11:59 AM
2030-01-02T11:59:40+00:00 machine gtk-status-bar[3351]: 2030-01-02T11:59:40.002507Z DEBUG gtk_status_bar::widgets: Updating time label: 11:59 AM
2030-01-02T11:59:40+00:00 machine gtk-status-bar[3351]: 2030-01-02T11:59:40.532507Z  INFO gtk_status_bar::network: Network reachability probe completed target=192.0.2.1 success=true elapsed_ms=103
2030-01-02T11:59:40+00:00 machine gtk-status-bar[3351]: 2030-01-02T11:59:40.532570Z DEBUG gtk_status_bar::network: Sent network update label="\u{f091f} 28% \u{f0ac}"
2030-01-02T11:59:40+00:00 machine gtk-status-bar[3351]: 2030-01-02T11:59:40.532976Z DEBUG gtk_status_bar::widgets: Updating network label: 󰤟 28% 
2030-01-02T11:59:40+00:00 machine gtk-status-bar[3351]: 2030-01-02T11:59:40.745566Z DEBUG gtk_status_bar::tray: Tray backend received command item=":1.87/StatusNotifierItem" action=ContextMenu { request_id: 18, keyboard_grab: true } x=1322 y=11
2030-01-02T11:59:40+00:00 machine gtk-status-bar[3351]: 2030-01-02T11:59:40.748572Z DEBUG gtk_status_bar::tray: dbusmenu GetLayout reply decoded item=":1.87/StatusNotifierItem" fields=2
2030-01-02T11:59:40+00:00 machine gtk-status-bar[3351]: 2030-01-02T11:59:40.748615Z DEBUG gtk_status_bar::tray: dbusmenu layout parsed item=":1.87/StatusNotifierItem" count=5
2030-01-02T11:59:40+00:00 machine gtk-status-bar[3351]: 2030-01-02T11:59:40.749041Z DEBUG gtk_status_bar::widgets: Tray menu entry labels item=":1.87/StatusNotifierItem" labels=[Some("Keyboard - English (US)"), None, Some("Restart"), Some("Input Method Settings"), Some("Exit")]
2030-01-02T11:59:40+00:00 machine gtk-status-bar[3351]: 2030-01-02T11:59:40.749587Z DEBUG gtk_status_bar::widgets: Presenting tray menu item=":1.87/StatusNotifierItem" entries=5 keyboard_grab=true
2030-01-02T11:59:40+00:00 machine gtk-status-bar[3351]: 2030-01-02T11:59:40.898304Z DEBUG gtk_status_bar::widgets: Tray dropdown opened at level 0 item=":1.87/StatusNotifierItem"
2030-01-02T11:59:41+00:00 machine gtk-status-bar[3351]: 2030-01-02T11:59:41.003630Z DEBUG gtk_status_bar::widgets: Updating time label: 11:59 AM
2030-01-02T11:59:42+00:00 machine gtk-status-bar[3351]: 2030-01-02T11:59:42.002477Z DEBUG gtk_status_bar::widgets: Updating time label: 11:59 AM
2030-01-02T11:59:42+00:00 machine gtk-status-bar[3351]: 2030-01-02T11:59:42.214412Z  INFO gtk_status_bar::network: Network reachability probe completed target=198.51.100.1 success=false elapsed_ms=51
2030-01-02T11:59:42+00:00 machine gtk-status-bar[3351]: 2030-01-02T11:59:42.219338Z DEBUG gtk_status_bar::network: Sent network update label="\u{f091f} 28% \u{f0ac}"
2030-01-02T11:59:42+00:00 machine gtk-status-bar[3351]: 2030-01-02T11:59:42.225011Z DEBUG gtk_status_bar::widgets: Updating network label: 󰤟 28% 
2030-01-02T11:59:43+00:00 machine gtk-status-bar[3351]: 2030-01-02T11:59:43.008674Z DEBUG gtk_status_bar::widgets: Updating time label: 11:59 AM
2030-01-02T11:59:43+00:00 machine gtk-status-bar[3351]: 2030-01-02T11:59:43.754461Z  INFO gtk_status_bar::network: Network reachability probe completed target=198.51.100.1 success=false elapsed_ms=72
2030-01-02T11:59:43+00:00 machine gtk-status-bar[3351]: 2030-01-02T11:59:43.754515Z DEBUG gtk_status_bar::network: Sent network update label="\u{f091f} 28% \u{f0ac}"
2030-01-02T11:59:43+00:00 machine gtk-status-bar[3351]: 2030-01-02T11:59:43.754669Z DEBUG gtk_status_bar::widgets: Updating network label: 󰤟 28% 
2030-01-02T11:59:44+00:00 machine gtk-status-bar[3351]: 2030-01-02T11:59:44.003445Z DEBUG gtk_status_bar::widgets: Updating time label: 11:59 AM
2030-01-02T11:59:44+00:00 machine gtk-status-bar[3351]: 2030-01-02T11:59:44.468373Z DEBUG gtk_status_bar::tray: Tray backend received command item=":1.87/StatusNotifierItem" action=ContextMenu { request_id: 19, keyboard_grab: true } x=1322 y=11
2030-01-02T11:59:44+00:00 machine gtk-status-bar[3351]: 2030-01-02T11:59:44.477922Z DEBUG gtk_status_bar::tray: dbusmenu GetLayout reply decoded item=":1.87/StatusNotifierItem" fields=2
2030-01-02T11:59:44+00:00 machine gtk-status-bar[3351]: 2030-01-02T11:59:44.477964Z DEBUG gtk_status_bar::tray: dbusmenu layout parsed item=":1.87/StatusNotifierItem" count=5
2030-01-02T11:59:44+00:00 machine gtk-status-bar[3351]: 2030-01-02T11:59:44.478489Z DEBUG gtk_status_bar::widgets: Tray menu entry labels item=":1.87/StatusNotifierItem" labels=[Some("Keyboard - English (US)"), None, Some("Restart"), Some("Input Method Settings"), Some("Exit")]
2030-01-02T11:59:44+00:00 machine gtk-status-bar[3351]: 2030-01-02T11:59:44.481510Z DEBUG gtk_status_bar::widgets: Presenting tray menu item=":1.87/StatusNotifierItem" entries=5 keyboard_grab=true
2030-01-02T11:59:44+00:00 machine gtk-status-bar[3351]: 2030-01-02T11:59:44.597926Z DEBUG gtk_status_bar::widgets: Tray dropdown opened at level 0 item=":1.87/StatusNotifierItem"
2030-01-02T11:59:45+00:00 machine gtk-status-bar[3351]: 2030-01-02T11:59:45.000935Z DEBUG gtk_status_bar::widgets: Updating time label: 11:59 AM
2030-01-02T11:59:45+00:00 machine gtk-status-bar[3351]: 2030-01-02T11:59:45.034349Z DEBUG gtk_status_bar::widgets: Tray nav key item=":1.87/StatusNotifierItem" cmd=Down
2030-01-02T11:59:45+00:00 machine gtk-status-bar[3351]: 2030-01-02T11:59:45.692082Z  INFO gtk_status_bar::network: Network reachability probe completed target=192.0.2.1 success=true elapsed_ms=38
2030-01-02T11:59:45+00:00 machine gtk-status-bar[3351]: 2030-01-02T11:59:45.694027Z DEBUG gtk_status_bar::network: Sent network update label="\u{f091f} 28% \u{f0ac}"
2030-01-02T11:59:45+00:00 machine gtk-status-bar[3351]: 2030-01-02T11:59:45.694208Z DEBUG gtk_status_bar::widgets: Updating network label: 󰤟 28% 
2030-01-02T11:59:46+00:00 machine gtk-status-bar[3351]: 2030-01-02T11:59:46.002483Z DEBUG gtk_status_bar::widgets: Updating time label: 11:59 AM
2030-01-02T11:59:46+00:00 machine gtk-status-bar[3351]: 2030-01-02T11:59:46.884887Z  INFO gtk_status_bar::network: Network reachability probe completed target=198.51.100.1 success=false elapsed_ms=50
2030-01-02T11:59:46+00:00 machine gtk-status-bar[3351]: 2030-01-02T11:59:46.886476Z DEBUG gtk_status_bar::network: Sent network update label="\u{f091f} 28% \u{f0ac}"
2030-01-02T11:59:46+00:00 machine gtk-status-bar[3351]: 2030-01-02T11:59:46.886586Z DEBUG gtk_status_bar::widgets: Updating network label: 󰤟 28% 
2030-01-02T11:59:47+00:00 machine gtk-status-bar[3351]: 2030-01-02T11:59:47.003523Z DEBUG gtk_status_bar::widgets: Updating time label: 11:59 AM
2030-01-02T11:59:47+00:00 machine gtk-status-bar[3351]: 2030-01-02T11:59:47.141407Z  INFO gtk_status_bar::network: Network reachability probe completed target=192.0.2.1 success=true elapsed_ms=65
2030-01-02T11:59:47+00:00 machine gtk-status-bar[3351]: 2030-01-02T11:59:47.153119Z DEBUG gtk_status_bar::network: Sent network update label="\u{f091f} 28% \u{f0ac}"
2030-01-02T11:59:47+00:00 machine gtk-status-bar[3351]: 2030-01-02T11:59:47.153369Z DEBUG gtk_status_bar::widgets: Updating network label: 󰤟 28% 
2030-01-02T11:59:47+00:00 machine gtk-status-bar[3351]: 2030-01-02T11:59:47.546812Z  INFO gtk_status_bar::network: Network reachability probe completed target=198.51.100.1 success=false elapsed_ms=64
2030-01-02T11:59:47+00:00 machine gtk-status-bar[3351]: 2030-01-02T11:59:47.546875Z DEBUG gtk_status_bar::network: Sent network update label="\u{f091f} 28% \u{f0ac}"
2030-01-02T11:59:47+00:00 machine gtk-status-bar[3351]: 2030-01-02T11:59:47.547436Z DEBUG gtk_status_bar::widgets: Updating network label: 󰤟 28% 
2030-01-02T11:59:47+00:00 machine gtk-status-bar[3351]: 2030-01-02T11:59:47.626639Z DEBUG gtk_status_bar::widgets: Tray nav key item=":1.87/StatusNotifierItem" cmd=Up
2030-01-02T11:59:48+00:00 machine gtk-status-bar[3351]: 2030-01-02T11:59:48.001137Z DEBUG gtk_status_bar::widgets: Updating time label: 11:59 AM
2030-01-02T11:59:49+00:00 machine gtk-status-bar[3351]: 2030-01-02T11:59:49.006943Z DEBUG gtk_status_bar::widgets: Updating time label: 11:59 AM
2030-01-02T11:59:49+00:00 machine gtk-status-bar[3351]: 2030-01-02T11:59:49.038587Z  INFO gtk_status_bar::network: Network reachability probe completed target=192.0.2.1 success=true elapsed_ms=43
2030-01-02T11:59:49+00:00 machine gtk-status-bar[3351]: 2030-01-02T11:59:49.045966Z DEBUG gtk_status_bar::network: Sent network update label="\u{f091f} 28% \u{f0ac}"
2030-01-02T11:59:49+00:00 machine gtk-status-bar[3351]: 2030-01-02T11:59:49.046451Z DEBUG gtk_status_bar::widgets: Updating network label: 󰤟 28% 
2030-01-02T11:59:49+00:00 machine gtk-status-bar[3351]: 2030-01-02T11:59:49.746021Z  INFO gtk_status_bar::network: Network reachability probe completed target=198.51.100.1 success=false elapsed_ms=72
2030-01-02T11:59:49+00:00 machine gtk-status-bar[3351]: 2030-01-02T11:59:49.746937Z DEBUG gtk_status_bar::network: Sent network update label="\u{f091f} 28% \u{f0ac}"
2030-01-02T11:59:49+00:00 machine gtk-status-bar[3351]: 2030-01-02T11:59:49.747569Z DEBUG gtk_status_bar::widgets: Updating network label: 󰤟 28% 
2030-01-02T11:59:50+00:00 machine gtk-status-bar[3351]: 2030-01-02T11:59:50.004474Z DEBUG gtk_status_bar::widgets: Updating time label: 11:59 AM
2030-01-02T11:59:50+00:00 machine gtk-status-bar[3351]: 2030-01-02T11:59:50.258882Z  INFO gtk_status_bar::network: Network reachability probe completed target=192.0.2.1 success=true elapsed_ms=43
2030-01-02T11:59:50+00:00 machine gtk-status-bar[3351]: 2030-01-02T11:59:50.258936Z DEBUG gtk_status_bar::network: Sent network update label="\u{f091f} 28% \u{f0ac}"
2030-01-02T11:59:50+00:00 machine gtk-status-bar[3351]: 2030-01-02T11:59:50.260475Z DEBUG gtk_status_bar::widgets: Updating network label: 󰤟 28% 
2030-01-02T11:59:51+00:00 machine gtk-status-bar[3351]: 2030-01-02T11:59:51.000741Z DEBUG gtk_status_bar::widgets: Updating time label: 11:59 AM
2030-01-02T11:59:51+00:00 machine gtk-status-bar[3351]: 2030-01-02T11:59:51.793457Z  INFO gtk_status_bar::network: Network reachability probe completed target=198.51.100.1 success=false elapsed_ms=21
2030-01-02T11:59:51+00:00 machine gtk-status-bar[3351]: 2030-01-02T11:59:51.793526Z DEBUG gtk_status_bar::network: Sent network update label="\u{f091f} 28% \u{f0ac}"
2030-01-02T11:59:51+00:00 machine gtk-status-bar[3351]: 2030-01-02T11:59:51.793698Z DEBUG gtk_status_bar::widgets: Updating network label: 󰤟 28% 
2030-01-02T11:59:52+00:00 machine gtk-status-bar[3351]: 2030-01-02T11:59:52.002900Z DEBUG gtk_status_bar::widgets: Updating time label: 11:59 AM
2030-01-02T11:59:52+00:00 machine gtk-status-bar[3351]: 2030-01-02T11:59:52.347830Z DEBUG gtk_status_bar::widgets: Tray nav key item=":1.87/StatusNotifierItem" cmd=Last
2030-01-02T11:59:52+00:00 machine gtk-status-bar[3351]: 2030-01-02T11:59:52.413823Z  INFO gtk_status_bar::network: Network reachability probe completed target=192.0.2.1 success=true elapsed_ms=24
2030-01-02T11:59:52+00:00 machine gtk-status-bar[3351]: 2030-01-02T11:59:52.415310Z DEBUG gtk_status_bar::network: Sent network update label="\u{f091f} 28% \u{f0ac}"
2030-01-02T11:59:52+00:00 machine gtk-status-bar[3351]: 2030-01-02T11:59:52.422497Z DEBUG gtk_status_bar::widgets: Updating network label: 󰤟 28% 
2030-01-02T11:59:52+00:00 machine gtk-status-bar[3351]: 2030-01-02T11:59:52.675969Z  INFO gtk_status_bar::network: Network reachability probe completed target=192.0.2.1 success=true elapsed_ms=60
2030-01-02T11:59:52+00:00 machine gtk-status-bar[3351]: 2030-01-02T11:59:52.676362Z DEBUG gtk_status_bar::network: Sent network update label="\u{f091f} 28% \u{f0ac}"
2030-01-02T11:59:52+00:00 machine gtk-status-bar[3351]: 2030-01-02T11:59:52.676551Z DEBUG gtk_status_bar::widgets: Updating network label: 󰤟 28% 
2030-01-02T11:59:52+00:00 machine gtk-status-bar[3351]: 2030-01-02T11:59:52.952793Z  INFO gtk_status_bar::network: Network reachability probe completed target=198.51.100.1 success=false elapsed_ms=21
2030-01-02T11:59:52+00:00 machine gtk-status-bar[3351]: 2030-01-02T11:59:52.952854Z DEBUG gtk_status_bar::network: Sent network update label="\u{f091f} 28% \u{f0ac}"
2030-01-02T11:59:52+00:00 machine gtk-status-bar[3351]: 2030-01-02T11:59:52.953076Z DEBUG gtk_status_bar::widgets: Updating network label: 󰤟 28% 
2030-01-02T11:59:53+00:00 machine gtk-status-bar[3351]: 2030-01-02T11:59:53.001374Z DEBUG gtk_status_bar::widgets: Updating time label: 11:59 AM
2030-01-02T11:59:54+00:00 machine gtk-status-bar[3351]: 2030-01-02T11:59:54.001473Z DEBUG gtk_status_bar::widgets: Updating time label: 11:59 AM
2030-01-02T11:59:54+00:00 machine gtk-status-bar[3351]: 2030-01-02T11:59:54.135153Z  INFO gtk_status_bar::network: Network reachability probe completed target=198.51.100.1 success=false elapsed_ms=38
2030-01-02T11:59:54+00:00 machine gtk-status-bar[3351]: 2030-01-02T11:59:54.147802Z DEBUG gtk_status_bar::network: Sent network update label="\u{f091f} 28% \u{f0ac}"
2030-01-02T11:59:54+00:00 machine gtk-status-bar[3351]: 2030-01-02T11:59:54.148441Z DEBUG gtk_status_bar::widgets: Updating network label: 󰤟 28% 
2030-01-02T11:59:54+00:00 machine gtk-status-bar[3351]: 2030-01-02T11:59:54.433807Z DEBUG gtk_status_bar::widgets: Tray nav key item=":1.87/StatusNotifierItem" cmd=Escape
2030-01-02T11:59:54+00:00 machine gtk-status-bar[3351]: 2030-01-02T11:59:54.797522Z  INFO gtk_status_bar::network: Network reachability probe completed target=192.0.2.1 success=true elapsed_ms=30
2030-01-02T11:59:54+00:00 machine gtk-status-bar[3351]: 2030-01-02T11:59:54.799867Z DEBUG gtk_status_bar::network: Sent network update label="\u{f091f} 28% \u{f0ac}"
2030-01-02T11:59:54+00:00 machine gtk-status-bar[3351]: 2030-01-02T11:59:54.800399Z DEBUG gtk_status_bar::widgets: Updating network label: 󰤟 28% 
2030-01-02T11:59:55+00:00 machine gtk-status-bar[3351]: 2030-01-02T11:59:55.000950Z DEBUG gtk_status_bar::widgets: Updating time label: 11:59 AM
2030-01-02T11:59:56+00:00 machine gtk-status-bar[3351]: 2030-01-02T11:59:56.000004Z  INFO gtk_status_bar::network: Network reachability probe completed target=198.51.100.1 success=false elapsed_ms=52
2030-01-02T11:59:56+00:00 machine gtk-status-bar[3351]: 2030-01-02T11:59:56.001410Z DEBUG gtk_status_bar::widgets: Updating time label: 11:59 AM
2030-01-02T11:59:56+00:00 machine gtk-status-bar[3351]: 2030-01-02T11:59:56.001708Z DEBUG gtk_status_bar::widgets: Updating network label: 󰤟 28% 
2030-01-02T11:59:56+00:00 machine gtk-status-bar[3351]: 2030-01-02T11:59:56.001411Z DEBUG gtk_status_bar::network: Sent network update label="\u{f091f} 28% \u{f0ac}"
2030-01-02T11:59:56+00:00 machine gtk-status-bar[3351]: 2030-01-02T11:59:56.494467Z DEBUG gtk_status_bar::widgets: Tray nav key item=":1.87/StatusNotifierItem" cmd=Escape
2030-01-02T11:59:56+00:00 machine gtk-status-bar[3351]: 2030-01-02T11:59:56.495408Z  INFO gtk_status_bar::widgets: Tray menu released keyboard focus request_id=11
2030-01-02T11:59:56+00:00 machine gtk-status-bar[3351]: 2030-01-02T11:59:56.495511Z DEBUG gtk_status_bar::widgets: Tray keyboard navigation ended
2030-01-02T11:59:57+00:00 machine gtk-status-bar[3351]: 2030-01-02T11:59:57.001268Z DEBUG gtk_status_bar::widgets: Updating time label: 11:59 AM
2030-01-02T11:59:57+00:00 machine gtk-status-bar[3351]: 2030-01-02T11:59:57.113153Z DEBUG gtk_status_bar::dbus: Got an event in event stream: Msg { type: Signal, serial: 101, sender: UniqueName(":1.67"), path: ObjectPath("/org/bluez/hci0"), iface: InterfaceName("org.freedesktop.DBus.Properties"), member: MemberName("PropertiesChanged"), body: Structure(Dynamic { fields: [Str, Dict { key: Dynamic { child: Str }, value: Dynamic { child: Variant } }, Array(Dynamic { child: Str })] }), fds: [] }
2030-01-02T11:59:57+00:00 machine gtk-status-bar[3351]: 2030-01-02T11:59:57.113282Z DEBUG gtk_status_bar::dbus: Dbus monitor: Received D-Bus message from path: Some(ObjectPath("/org/bluez/hci0")), interface: Some(InterfaceName("org.freedesktop.DBus.Properties")), member: Some(MemberName("PropertiesChanged"))
2030-01-02T11:59:57+00:00 machine gtk-status-bar[3351]: 2030-01-02T11:59:57.114539Z  INFO gtk_status_bar::dbus: Dbus monitor: Received signal
2030-01-02T11:59:57+00:00 machine gtk-status-bar[3351]: 2030-01-02T11:59:57.114557Z  INFO gtk_status_bar::dbus: Dbus monitor: Received PropertiesChanged signal
2030-01-02T11:59:57+00:00 machine gtk-status-bar[3351]: 2030-01-02T11:59:57.114601Z DEBUG gtk_status_bar::dbus: Dbus monitor: Ignored PropertiesChanged for interface: "org.bluez.Adapter1"
2030-01-02T11:59:57+00:00 machine gtk-status-bar[3351]: 2030-01-02T11:59:57.576348Z  INFO gtk_status_bar::network: Network reachability probe completed target=192.0.2.1 success=true elapsed_ms=22
2030-01-02T11:59:57+00:00 machine gtk-status-bar[3351]: 2030-01-02T11:59:57.576410Z DEBUG gtk_status_bar::network: Sent network update label="\u{f091f} 28% \u{f0ac}"
2030-01-02T11:59:57+00:00 machine gtk-status-bar[3351]: 2030-01-02T11:59:57.576592Z DEBUG gtk_status_bar::widgets: Updating network label: 󰤟 28% 
2030-01-02T11:59:58+00:00 machine gtk-status-bar[3351]: 2030-01-02T11:59:58.001467Z DEBUG gtk_status_bar::widgets: Updating time label: 11:59 AM
2030-01-02T11:59:58+00:00 machine gtk-status-bar[3351]: 2030-01-02T11:59:58.995373Z  INFO gtk_status_bar::widgets: Tray menu acquired exclusive keyboard focus request_id=21
2030-01-02T11:59:58+00:00 machine gtk-status-bar[3351]: 2030-01-02T11:59:58.995549Z DEBUG gtk_status_bar::tray: Tray backend received command item=":1.87/StatusNotifierItem" action=ContextMenu { request_id: 22, keyboard_grab: true } x=1322 y=11
2030-01-02T11:59:59+00:00 machine gtk-status-bar[3351]: 2030-01-02T11:59:58.998886Z DEBUG gtk_status_bar::tray: dbusmenu GetLayout reply decoded item=":1.87/StatusNotifierItem" fields=2
2030-01-02T11:59:59+00:00 machine gtk-status-bar[3351]: 2030-01-02T11:59:58.998919Z DEBUG gtk_status_bar::tray: dbusmenu layout parsed item=":1.87/StatusNotifierItem" count=5
2030-01-02T11:59:59+00:00 machine gtk-status-bar[3351]: 2030-01-02T11:59:59.032644Z DEBUG gtk_status_bar::widgets: Updating time label: 11:59 AM
2030-01-02T11:59:59+00:00 machine gtk-status-bar[3351]: 2030-01-02T11:59:59.037022Z DEBUG gtk_status_bar::widgets: Tray menu entry labels item=":1.87/StatusNotifierItem" labels=[Some("Keyboard - English (US)"), None, Some("Restart"), Some("Input Method Settings"), Some("Exit")]
2030-01-02T11:59:59+00:00 machine gtk-status-bar[3351]: 2030-01-02T11:59:59.037478Z DEBUG gtk_status_bar::widgets: Presenting tray menu item=":1.87/StatusNotifierItem" entries=5 keyboard_grab=true
2030-01-02T11:59:59+00:00 machine gtk-status-bar[3351]: 2030-01-02T11:59:59.147167Z DEBUG gtk_status_bar::widgets: Tray dropdown opened at level 0 item=":1.87/StatusNotifierItem"
2030-01-02T11:59:59+00:00 machine gtk-status-bar[3351]: 2030-01-02T11:59:59.397960Z  INFO gtk_status_bar::network: Network reachability probe completed target=192.0.2.1 success=true elapsed_ms=25
2030-01-02T11:59:59+00:00 machine gtk-status-bar[3351]: 2030-01-02T11:59:59.398644Z DEBUG gtk_status_bar::network: Sent network update label="\u{f091f} 28% \u{f0ac}"
2030-01-02T11:59:59+00:00 machine gtk-status-bar[3351]: 2030-01-02T11:59:59.400490Z DEBUG gtk_status_bar::widgets: Updating network label: 󰤟 28% 
2030-01-02T11:59:59+00:00 machine gtk-status-bar[3351]: 2030-01-02T11:59:59.437923Z DEBUG gtk_status_bar::widgets: Tray nav key item=":1.87/StatusNotifierItem" cmd=Up
2030-01-02T11:59:59+00:00 machine gtk-status-bar[3351]: 2030-01-02T11:59:59.524824Z  INFO gtk_status_bar::network: Network reachability probe completed target=198.51.100.1 success=false elapsed_ms=37
2030-01-02T11:59:59+00:00 machine gtk-status-bar[3351]: 2030-01-02T11:59:59.527395Z DEBUG gtk_status_bar::network: Sent network update label="\u{f091f} 28% \u{f0ac}"
2030-01-02T11:59:59+00:00 machine gtk-status-bar[3351]: 2030-01-02T11:59:59.527821Z DEBUG gtk_status_bar::widgets: Updating network label: 󰤟 28% 
2030-01-02T12:00:00+00:00 machine gtk-status-bar[3351]: 2030-01-02T12:00:00.001107Z DEBUG gtk_status_bar::widgets: Updating time label: 12:00 PM
2030-01-02T12:00:00+00:00 machine gtk-status-bar[3351]: 2030-01-02T12:00:00.117467Z  INFO gtk_status_bar::network: Network reachability probe completed target=192.0.2.1 success=true elapsed_ms=27
2030-01-02T12:00:00+00:00 machine gtk-status-bar[3351]: 2030-01-02T12:00:00.117535Z DEBUG gtk_status_bar::network: Sent network update label="\u{f091f} 28% \u{f0ac}"
2030-01-02T12:00:00+00:00 machine gtk-status-bar[3351]: 2030-01-02T12:00:00.125382Z DEBUG gtk_status_bar::widgets: Updating network label: 󰤟 28% 
2030-01-02T12:00:00+00:00 machine gtk-status-bar[3351]: 2030-01-02T12:00:00.504056Z DEBUG gtk_status_bar::widgets: Tray nav key item=":1.87/StatusNotifierItem" cmd=Escape
2030-01-02T12:00:01+00:00 machine gtk-status-bar[3351]: 2030-01-02T12:00:01.002479Z DEBUG gtk_status_bar::widgets: Updating time label: 12:00 PM
2030-01-02T12:00:01+00:00 machine gtk-status-bar[3351]: 2030-01-02T12:00:01.893484Z  INFO gtk_status_bar::network: Network reachability probe completed target=198.51.100.1 success=false elapsed_ms=26
2030-01-02T12:00:01+00:00 machine gtk-status-bar[3351]: 2030-01-02T12:00:01.899323Z DEBUG gtk_status_bar::network: Sent network update label="\u{f091f} 28% \u{f0ac}"
2030-01-02T12:00:01+00:00 machine gtk-status-bar[3351]: 2030-01-02T12:00:01.899465Z DEBUG gtk_status_bar::widgets: Updating network label: 󰤟 28% 
2030-01-02T12:00:02+00:00 machine gtk-status-bar[3351]: 2030-01-02T12:00:02.003677Z DEBUG gtk_status_bar::widgets: Updating time label: 12:00 PM
2030-01-02T12:00:02+00:00 machine gtk-status-bar[3351]: 2030-01-02T12:00:02.661150Z DEBUG gtk_status_bar::widgets: Tray nav key item=":1.87/StatusNotifierItem" cmd=Escape
2030-01-02T12:00:02+00:00 machine gtk-status-bar[3351]: 2030-01-02T12:00:02.665287Z  INFO gtk_status_bar::widgets: Tray menu released keyboard focus request_id=21
2030-01-02T12:00:02+00:00 machine gtk-status-bar[3351]: 2030-01-02T12:00:02.665453Z DEBUG gtk_status_bar::widgets: Tray keyboard navigation ended
2030-01-02T12:00:03+00:00 machine gtk-status-bar[3351]: 2030-01-02T12:00:03.003062Z DEBUG gtk_status_bar::widgets: Updating time label: 12:00 PM
2030-01-02T12:00:03+00:00 machine gtk-status-bar[3351]: 2030-01-02T12:00:03.464735Z  INFO gtk_status_bar::network: Network reachability probe completed target=192.0.2.1 success=true elapsed_ms=16
2030-01-02T12:00:03+00:00 machine gtk-status-bar[3351]: 2030-01-02T12:00:03.464786Z DEBUG gtk_status_bar::network: Sent network update label="\u{f091f} 28% \u{f0ac}"
2030-01-02T12:00:03+00:00 machine gtk-status-bar[3351]: 2030-01-02T12:00:03.464985Z DEBUG gtk_status_bar::widgets: Updating network label: 󰤟 28% 
2030-01-02T12:00:04+00:00 machine gtk-status-bar[3351]: 2030-01-02T12:00:04.002287Z DEBUG gtk_status_bar::widgets: Updating time label: 12:00 PM
2030-01-02T12:00:04+00:00 machine gtk-status-bar[3351]: 2030-01-02T12:00:04.644093Z  INFO gtk_status_bar::network: Network reachability probe completed target=198.51.100.1 success=false elapsed_ms=24
2030-01-02T12:00:04+00:00 machine gtk-status-bar[3351]: 2030-01-02T12:00:04.644189Z DEBUG gtk_status_bar::network: Sent network update label="\u{f091f} 28% \u{f0ac}"
2030-01-02T12:00:04+00:00 machine gtk-status-bar[3351]: 2030-01-02T12:00:04.644586Z DEBUG gtk_status_bar::widgets: Updating network label: 󰤟 28% 
2030-01-02T12:00:04+00:00 machine gtk-status-bar[3351]: 2030-01-02T12:00:04.947543Z  INFO gtk_status_bar::widgets: Tray menu acquired exclusive keyboard focus request_id=24
2030-01-02T12:00:04+00:00 machine gtk-status-bar[3351]: 2030-01-02T12:00:04.947960Z DEBUG gtk_status_bar::tray: Tray backend received command item=":1.87/StatusNotifierItem" action=ContextMenu { request_id: 25, keyboard_grab: true } x=1322 y=11
2030-01-02T12:00:04+00:00 machine gtk-status-bar[3351]: 2030-01-02T12:00:04.956961Z DEBUG gtk_status_bar::tray: dbusmenu GetLayout reply decoded item=":1.87/StatusNotifierItem" fields=2
2030-01-02T12:00:04+00:00 machine gtk-status-bar[3351]: 2030-01-02T12:00:04.959726Z DEBUG gtk_status_bar::tray: dbusmenu layout parsed item=":1.87/StatusNotifierItem" count=5
2030-01-02T12:00:04+00:00 machine gtk-status-bar[3351]: 2030-01-02T12:00:04.960361Z DEBUG gtk_status_bar::widgets: Tray menu entry labels item=":1.87/StatusNotifierItem" labels=[Some("Keyboard - English (US)"), None, Some("Restart"), Some("Input Method Settings"), Some("Exit")]
2030-01-02T12:00:04+00:00 machine gtk-status-bar[3351]: 2030-01-02T12:00:04.960977Z DEBUG gtk_status_bar::widgets: Presenting tray menu item=":1.87/StatusNotifierItem" entries=5 keyboard_grab=true
2030-01-02T12:00:05+00:00 machine gtk-status-bar[3351]: 2030-01-02T12:00:05.001459Z DEBUG gtk_status_bar::widgets: Updating time label: 12:00 PM
2030-01-02T12:00:05+00:00 machine gtk-status-bar[3351]: 2030-01-02T12:00:05.076417Z  INFO gtk_status_bar::network: Network reachability probe completed target=192.0.2.1 success=true elapsed_ms=23
2030-01-02T12:00:05+00:00 machine gtk-status-bar[3351]: 2030-01-02T12:00:05.076470Z DEBUG gtk_status_bar::network: Sent network update label="\u{f091f} 28% \u{f0ac}"
2030-01-02T12:00:05+00:00 machine gtk-status-bar[3351]: 2030-01-02T12:00:05.098537Z DEBUG gtk_status_bar::widgets: Tray dropdown opened at level 0 item=":1.87/StatusNotifierItem"
2030-01-02T12:00:05+00:00 machine gtk-status-bar[3351]: 2030-01-02T12:00:05.101409Z DEBUG gtk_status_bar::widgets: Updating network label: 󰤟 28% 
2030-01-02T12:00:05+00:00 machine gtk-status-bar[3351]: 2030-01-02T12:00:05.741178Z  INFO gtk_status_bar::widgets: Tray menu released keyboard focus request_id=24
2030-01-02T12:00:05+00:00 machine gtk-status-bar[3351]: 2030-01-02T12:00:05.746794Z DEBUG gtk_status_bar::widgets: Tray keyboard navigation ended
2030-01-02T12:00:06+00:00 machine gtk-status-bar[3351]: 2030-01-02T12:00:06.001028Z DEBUG gtk_status_bar::widgets: Updating time label: 12:00 PM
2030-01-02T12:00:06+00:00 machine gtk-status-bar[3351]: 2030-01-02T12:00:06.963974Z  INFO gtk_status_bar::network: Network reachability probe completed target=198.51.100.1 success=false elapsed_ms=23
2030-01-02T12:00:06+00:00 machine gtk-status-bar[3351]: 2030-01-02T12:00:06.964737Z DEBUG gtk_status_bar::network: Sent network update label="\u{f091f} 28% \u{f0ac}"
2030-01-02T12:00:06+00:00 machine gtk-status-bar[3351]: 2030-01-02T12:00:06.965463Z DEBUG gtk_status_bar::widgets: Updating network label: 󰤟 28% 
2030-01-02T12:00:07+00:00 machine gtk-status-bar[3351]: 2030-01-02T12:00:07.001561Z DEBUG gtk_status_bar::widgets: Updating time label: 12:00 PM
2030-01-02T12:00:08+00:00 machine gtk-status-bar[3351]: 2030-01-02T12:00:08.001092Z DEBUG gtk_status_bar::widgets: Updating time label: 12:00 PM
2030-01-02T12:00:08+00:00 machine gtk-status-bar[3351]: 2030-01-02T12:00:08.115393Z  INFO gtk_status_bar::widgets: Tray menu acquired exclusive keyboard focus request_id=28
2030-01-02T12:00:08+00:00 machine gtk-status-bar[3351]: 2030-01-02T12:00:08.115600Z DEBUG gtk_status_bar::tray: Tray backend received command item=":1.87/StatusNotifierItem" action=ContextMenu { request_id: 29, keyboard_grab: true } x=1322 y=11
2030-01-02T12:00:08+00:00 machine gtk-status-bar[3351]: 2030-01-02T12:00:08.130115Z DEBUG gtk_status_bar::tray: dbusmenu GetLayout reply decoded item=":1.87/StatusNotifierItem" fields=2
2030-01-02T12:00:08+00:00 machine gtk-status-bar[3351]: 2030-01-02T12:00:08.130176Z DEBUG gtk_status_bar::tray: dbusmenu layout parsed item=":1.87/StatusNotifierItem" count=5
2030-01-02T12:00:08+00:00 machine gtk-status-bar[3351]: 2030-01-02T12:00:08.131638Z DEBUG gtk_status_bar::widgets: Tray menu entry labels item=":1.87/StatusNotifierItem" labels=[Some("Keyboard - English (US)"), None, Some("Restart"), Some("Input Method Settings"), Some("Exit")]
2030-01-02T12:00:08+00:00 machine gtk-status-bar[3351]: 2030-01-02T12:00:08.131860Z DEBUG gtk_status_bar::widgets: Presenting tray menu item=":1.87/StatusNotifierItem" entries=5 keyboard_grab=true
2030-01-02T12:00:08+00:00 machine gtk-status-bar[3351]: 2030-01-02T12:00:08.200347Z  INFO gtk_status_bar::network: Network reachability probe completed target=192.0.2.1 success=true elapsed_ms=36
2030-01-02T12:00:08+00:00 machine gtk-status-bar[3351]: 2030-01-02T12:00:08.202527Z DEBUG gtk_status_bar::widgets: Updating network label: 󰤟 28% 
2030-01-02T12:00:08+00:00 machine gtk-status-bar[3351]: 2030-01-02T12:00:08.202691Z DEBUG gtk_status_bar::network: Sent network update label="\u{f091f} 28% \u{f0ac}"
2030-01-02T12:00:08+00:00 machine gtk-status-bar[3351]: 2030-01-02T12:00:08.245297Z DEBUG gtk_status_bar::widgets: Tray dropdown opened at level 0 item=":1.87/StatusNotifierItem"
2030-01-02T12:00:08+00:00 machine gtk-status-bar[3351]: 2030-01-02T12:00:08.464720Z DEBUG gtk_status_bar::hypr: Handling active window change event
2030-01-02T12:00:08+00:00 machine gtk-status-bar[3351]: 2030-01-02T12:00:08.468390Z DEBUG gtk_status_bar::hypr: Window data - class: 'kitty', title: '界🙂界🙂界🙂界🙂界🙂界🙂界🙂界🙂界🙂界🙂界🙂界🙂界🙂界🙂界🙂界🙂界🙂界🙂界🙂界🙂界🙂界🙂界🙂界🙂界🙂界🙂界🙂界🙂界🙂界🙂界🙂界🙂界🙂界🙂界🙂界🙂界🙂界🙂界🙂界🙂', address: '0x5d2f911b8b90'
2030-01-02T12:00:08+00:00 machine gtk-status-bar[3351]: 2030-01-02T12:00:08.468431Z DEBUG gtk_status_bar::hypr: Active window changed title="界🙂界🙂界🙂界🙂界🙂界🙂界🙂界🙂界🙂界🙂界🙂界🙂界🙂界🙂界🙂界…界🙂界🙂界🙂界🙂界🙂界🙂界🙂界🙂界🙂界🙂界🙂界🙂界🙂界🙂界🙂界🙂" class="kitty"
2030-01-02T12:00:08+00:00 machine gtk-status-bar[3351]: 2030-01-02T12:00:08.491137Z DEBUG gtk_status_bar::hypr: Handling active window change event
2030-01-02T12:00:08+00:00 machine gtk-status-bar[3351]: 2030-01-02T12:00:08.491186Z DEBUG gtk_status_bar::hypr: Window data - class: 'kitty', title: 'Focus Left', address: '0x5d2f911b8450'
2030-01-02T12:00:08+00:00 machine gtk-status-bar[3351]: 2030-01-02T12:00:08.491204Z DEBUG gtk_status_bar::hypr: Active window changed title="Focus Left" class="kitty"
2030-01-02T12:00:08+00:00 machine gtk-status-bar[3351]: 2030-01-02T12:00:08.491374Z DEBUG gtk_status_bar::hypr: Handling active window change event
2030-01-02T12:00:08+00:00 machine gtk-status-bar[3351]: 2030-01-02T12:00:08.491393Z DEBUG gtk_status_bar::hypr: Window data - class: 'kitty', title: 'Close OS window', address: '0x5d2f8fffa750'
2030-01-02T12:00:08+00:00 machine gtk-status-bar[3351]: 2030-01-02T12:00:08.491414Z DEBUG gtk_status_bar::hypr: Active window changed title="Close OS window" class="kitty"
2030-01-02T12:00:08+00:00 machine gtk-status-bar[3351]: 2030-01-02T12:00:08.491646Z DEBUG gtk_status_bar::hypr: Handling active window change event
2030-01-02T12:00:08+00:00 machine gtk-status-bar[3351]: 2030-01-02T12:00:08.491667Z DEBUG gtk_status_bar::hypr: Window data - class: 'kitty', title: 'KeyboardFocusEvidence', address: '0x5d2f9178f7c0'
2030-01-02T12:00:08+00:00 machine gtk-status-bar[3351]: 2030-01-02T12:00:08.491686Z DEBUG gtk_status_bar::hypr: Active window changed title="KeyboardFocusEvidence" class="kitty"
2030-01-02T12:00:08+00:00 machine gtk-status-bar[3351]: 2030-01-02T12:00:08.536621Z DEBUG gtk_status_bar::widgets: Updating title widget title="界🙂界🙂界🙂界🙂界🙂界🙂界🙂界🙂界🙂界🙂界🙂界🙂界🙂界🙂界🙂界…界🙂界🙂界🙂界🙂界🙂界🙂界🙂界🙂界🙂界🙂界🙂界🙂界🙂界🙂界🙂界🙂" class="kitty"
2030-01-02T12:00:08+00:00 machine gtk-status-bar[3351]: 2030-01-02T12:00:08.549467Z DEBUG gtk_status_bar::widgets: Updating title widget title="Focus Left" class="kitty"
2030-01-02T12:00:08+00:00 machine gtk-status-bar[3351]: 2030-01-02T12:00:08.549532Z DEBUG gtk_status_bar::widgets: Updating title widget title="Close OS window" class="kitty"
2030-01-02T12:00:08+00:00 machine gtk-status-bar[3351]: 2030-01-02T12:00:08.549560Z DEBUG gtk_status_bar::widgets: Updating title widget title="KeyboardFocusEvidence" class="kitty"
2030-01-02T12:00:09+00:00 machine gtk-status-bar[3351]: 2030-01-02T12:00:09.000510Z DEBUG gtk_status_bar::widgets: Updating time label: 12:00 PM
2030-01-02T12:00:09+00:00 machine gtk-status-bar[3351]: 2030-01-02T12:00:09.784742Z  INFO gtk_status_bar::network: Network reachability probe completed target=198.51.100.1 success=false elapsed_ms=61
2030-01-02T12:00:09+00:00 machine gtk-status-bar[3351]: 2030-01-02T12:00:09.784799Z DEBUG gtk_status_bar::network: Sent network update label="\u{f091f} 28% \u{f0ac}"
2030-01-02T12:00:09+00:00 machine gtk-status-bar[3351]: 2030-01-02T12:00:09.788817Z DEBUG gtk_status_bar::widgets: Updating network label: 󰤟 28% 
2030-01-02T12:00:09+00:00 machine gtk-status-bar[3351]: 2030-01-02T12:00:09.797803Z  INFO gtk_status_bar::widgets: Tray menu released keyboard focus request_id=28
2030-01-02T12:00:09+00:00 machine gtk-status-bar[3351]: 2030-01-02T12:00:09.797925Z DEBUG gtk_status_bar::widgets: Tray keyboard navigation ended
2030-01-02T12:00:10+00:00 machine gtk-status-bar[3351]: 2030-01-02T12:00:10.001778Z DEBUG gtk_status_bar::widgets: Updating time label: 12:00 PM
2030-01-02T12:00:11+00:00 machine gtk-status-bar[3351]: 2030-01-02T12:00:11.002348Z DEBUG gtk_status_bar::widgets: Updating time label: 12:00 PM
2030-01-02T12:00:11+00:00 machine gtk-status-bar[3351]: 2030-01-02T12:00:11.516099Z  INFO gtk_status_bar::network: Network reachability probe completed target=198.51.100.1 success=false elapsed_ms=17
2030-01-02T12:00:11+00:00 machine gtk-status-bar[3351]: 2030-01-02T12:00:11.516166Z DEBUG gtk_status_bar::network: Sent network update label="\u{f091f} 28% \u{f0ac}"
2030-01-02T12:00:11+00:00 machine gtk-status-bar[3351]: 2030-01-02T12:00:11.529452Z DEBUG gtk_status_bar::widgets: Updating network label: 󰤟 28% 
2030-01-02T12:00:11+00:00 machine gtk-status-bar[3351]: 2030-01-02T12:00:11.721742Z  INFO gtk_status_bar::network: Network reachability probe completed target=192.0.2.1 success=true elapsed_ms=18
2030-01-02T12:00:11+00:00 machine gtk-status-bar[3351]: 2030-01-02T12:00:11.721884Z DEBUG gtk_status_bar::network: Sent network update label="\u{f091f} 28% \u{f0ac}"
2030-01-02T12:00:11+00:00 machine gtk-status-bar[3351]: 2030-01-02T12:00:11.722143Z DEBUG gtk_status_bar::widgets: Updating network label: 󰤟 28% 
2030-01-02T12:00:12+00:00 machine gtk-status-bar[3351]: 2030-01-02T12:00:12.001493Z  INFO gtk_status_bar::widgets: Tray menu acquired exclusive keyboard focus request_id=31
2030-01-02T12:00:12+00:00 machine gtk-status-bar[3351]: 2030-01-02T12:00:12.002577Z DEBUG gtk_status_bar::widgets: Updating time label: 12:00 PM
2030-01-02T12:00:12+00:00 machine gtk-status-bar[3351]: 2030-01-02T12:00:12.004654Z DEBUG gtk_status_bar::tray: Tray backend received command item=":1.87/StatusNotifierItem" action=ContextMenu { request_id: 32, keyboard_grab: true } x=1322 y=11
2030-01-02T12:00:12+00:00 machine gtk-status-bar[3351]: 2030-01-02T12:00:12.006061Z DEBUG gtk_status_bar::tray: dbusmenu GetLayout reply decoded item=":1.87/StatusNotifierItem" fields=2
2030-01-02T12:00:12+00:00 machine gtk-status-bar[3351]: 2030-01-02T12:00:12.006100Z DEBUG gtk_status_bar::tray: dbusmenu layout parsed item=":1.87/StatusNotifierItem" count=5
2030-01-02T12:00:12+00:00 machine gtk-status-bar[3351]: 2030-01-02T12:00:12.006708Z DEBUG gtk_status_bar::widgets: Tray menu entry labels item=":1.87/StatusNotifierItem" labels=[Some("Keyboard - English (US)"), None, Some("Restart"), Some("Input Method Settings"), Some("Exit")]
2030-01-02T12:00:12+00:00 machine gtk-status-bar[3351]: 2030-01-02T12:00:12.007022Z DEBUG gtk_status_bar::widgets: Presenting tray menu item=":1.87/StatusNotifierItem" entries=5 keyboard_grab=true
2030-01-02T12:00:12+00:00 machine gtk-status-bar[3351]: 2030-01-02T12:00:12.112963Z DEBUG gtk_status_bar::widgets: Tray dropdown opened at level 0 item=":1.87/StatusNotifierItem"
2030-01-02T12:00:12+00:00 machine gtk-status-bar[3351]: 2030-01-02T12:00:12.428306Z DEBUG gtk_status_bar::widgets: Tray nav key item=":1.87/StatusNotifierItem" cmd=Activate
2030-01-02T12:00:13+00:00 machine gtk-status-bar[3351]: 2030-01-02T12:00:13.000955Z DEBUG gtk_status_bar::widgets: Updating time label: 12:00 PM
2030-01-02T12:00:13+00:00 machine gtk-status-bar[3351]: 2030-01-02T12:00:13.499675Z  INFO gtk_status_bar::network: Network reachability probe completed target=192.0.2.1 success=true elapsed_ms=37
2030-01-02T12:00:13+00:00 machine gtk-status-bar[3351]: 2030-01-02T12:00:13.499728Z DEBUG gtk_status_bar::network: Sent network update label="\u{f091f} 28% \u{f0ac}"
2030-01-02T12:00:13+00:00 machine gtk-status-bar[3351]: 2030-01-02T12:00:13.502561Z DEBUG gtk_status_bar::widgets: Updating network label: 󰤟 28% 
2030-01-02T12:00:14+00:00 machine gtk-status-bar[3351]: 2030-01-02T12:00:14.001444Z DEBUG gtk_status_bar::widgets: Updating time label: 12:00 PM
2030-01-02T12:00:14+00:00 machine gtk-status-bar[3351]: 2030-01-02T12:00:14.547665Z DEBUG gtk_status_bar::widgets: Tray nav key item=":1.87/StatusNotifierItem" cmd=Activate
2030-01-02T12:00:14+00:00 machine gtk-status-bar[3351]: 2030-01-02T12:00:14.548138Z DEBUG gtk_status_bar::tray: Tray backend received command item=":1.87/StatusNotifierItem" action=MenuEvent(100) x=0 y=0
2030-01-02T12:00:14+00:00 machine gtk-status-bar[3351]: 2030-01-02T12:00:14.549984Z  INFO gtk_status_bar::widgets: Tray menu released keyboard focus request_id=31
2030-01-02T12:00:14+00:00 machine gtk-status-bar[3351]: 2030-01-02T12:00:14.550073Z DEBUG gtk_status_bar::widgets: Tray keyboard navigation ended
2030-01-02T12:00:14+00:00 machine gtk-status-bar[3351]: 2030-01-02T12:00:14.755337Z  INFO gtk_status_bar::network: Network reachability probe completed target=198.51.100.1 success=false elapsed_ms=20
2030-01-02T12:00:14+00:00 machine gtk-status-bar[3351]: 2030-01-02T12:00:14.755435Z DEBUG gtk_status_bar::network: Sent network update label="\u{f091f} 28% \u{f0ac}"
2030-01-02T12:00:14+00:00 machine gtk-status-bar[3351]: 2030-01-02T12:00:14.755704Z DEBUG gtk_status_bar::widgets: Updating network label: 󰤟 28% 
2030-01-02T12:00:15+00:00 machine gtk-status-bar[3351]: 2030-01-02T12:00:15.001023Z DEBUG gtk_status_bar::widgets: Updating time label: 12:00 PM
2030-01-02T12:00:16+00:00 machine gtk-status-bar[3351]: 2030-01-02T12:00:16.001783Z DEBUG gtk_status_bar::widgets: Updating time label: 12:00 PM
2030-01-02T12:00:16+00:00 machine gtk-status-bar[3351]: 2030-01-02T12:00:16.560671Z  INFO gtk_status_bar::network: Network reachability probe completed target=192.0.2.1 success=true elapsed_ms=24
2030-01-02T12:00:16+00:00 machine gtk-status-bar[3351]: 2030-01-02T12:00:16.560758Z DEBUG gtk_status_bar::network: Sent network update label="\u{f091f} 28% \u{f0ac}"
2030-01-02T12:00:16+00:00 machine gtk-status-bar[3351]: 2030-01-02T12:00:16.561033Z DEBUG gtk_status_bar::widgets: Updating network label: 󰤟 28% 
2030-01-02T12:00:16+00:00 machine gtk-status-bar[3351]: 2030-01-02T12:00:16.724308Z  INFO gtk_status_bar::widgets: Tray menu acquired exclusive keyboard focus request_id=34
2030-01-02T12:00:16+00:00 machine gtk-status-bar[3351]: 2030-01-02T12:00:16.724519Z DEBUG gtk_status_bar::tray: Tray backend received command item=":1.87/StatusNotifierItem" action=ContextMenu { request_id: 35, keyboard_grab: true } x=1322 y=11
2030-01-02T12:00:16+00:00 machine gtk-status-bar[3351]: 2030-01-02T12:00:16.729508Z DEBUG gtk_status_bar::tray: dbusmenu GetLayout reply decoded item=":1.87/StatusNotifierItem" fields=2
2030-01-02T12:00:16+00:00 machine gtk-status-bar[3351]: 2030-01-02T12:00:16.729552Z DEBUG gtk_status_bar::tray: dbusmenu layout parsed item=":1.87/StatusNotifierItem" count=5
2030-01-02T12:00:16+00:00 machine gtk-status-bar[3351]: 2030-01-02T12:00:16.729872Z DEBUG gtk_status_bar::widgets: Tray menu entry labels item=":1.87/StatusNotifierItem" labels=[Some("Keyboard - English (US)"), None, Some("Restart"), Some("Input Method Settings"), Some("Exit")]
2030-01-02T12:00:16+00:00 machine gtk-status-bar[3351]: 2030-01-02T12:00:16.730186Z DEBUG gtk_status_bar::widgets: Presenting tray menu item=":1.87/StatusNotifierItem" entries=5 keyboard_grab=true
2030-01-02T12:00:16+00:00 machine gtk-status-bar[3351]: 2030-01-02T12:00:16.855597Z DEBUG gtk_status_bar::widgets: Tray dropdown opened at level 0 item=":1.87/StatusNotifierItem"
2030-01-02T12:00:17+00:00 machine gtk-status-bar[3351]: 2030-01-02T12:00:17.001179Z DEBUG gtk_status_bar::widgets: Updating time label: 12:00 PM
2030-01-02T12:00:17+00:00 machine gtk-status-bar[3351]: 2030-01-02T12:00:17.144061Z DEBUG gtk_status_bar::dbus: Got an event in event stream: Msg { type: Signal, serial: 119, sender: UniqueName(":1.67"), path: ObjectPath("/org/bluez/hci0"), iface: InterfaceName("org.freedesktop.DBus.Properties"), member: MemberName("PropertiesChanged"), body: Structure(Dynamic { fields: [Str, Dict { key: Dynamic { child: Str }, value: Dynamic { child: Variant } }, Array(Dynamic { child: Str })] }), fds: [] }
2030-01-02T12:00:17+00:00 machine gtk-status-bar[3351]: 2030-01-02T12:00:17.144122Z DEBUG gtk_status_bar::dbus: Dbus monitor: Received D-Bus message from path: Some(ObjectPath("/org/bluez/hci0")), interface: Some(InterfaceName("org.freedesktop.DBus.Properties")), member: Some(MemberName("PropertiesChanged"))
2030-01-02T12:00:17+00:00 machine gtk-status-bar[3351]: 2030-01-02T12:00:17.144144Z  INFO gtk_status_bar::dbus: Dbus monitor: Received signal
2030-01-02T12:00:17+00:00 machine gtk-status-bar[3351]: 2030-01-02T12:00:17.144176Z  INFO gtk_status_bar::dbus: Dbus monitor: Received PropertiesChanged signal
2030-01-02T12:00:17+00:00 machine gtk-status-bar[3351]: 2030-01-02T12:00:17.144300Z DEBUG gtk_status_bar::dbus: Dbus monitor: Ignored PropertiesChanged for interface: "org.bluez.Adapter1"
2030-01-02T12:00:17+00:00 machine gtk-status-bar[3351]: 2030-01-02T12:00:17.143971Z  INFO gtk_status_bar::widgets: Tray menu released keyboard focus request_id=34
2030-01-02T12:00:17+00:00 machine gtk-status-bar[3351]: 2030-01-02T12:00:17.144895Z DEBUG gtk_status_bar::widgets: Tray keyboard navigation ended
2030-01-02T12:00:18+00:00 machine gtk-status-bar[3351]: 2030-01-02T12:00:18.002486Z DEBUG gtk_status_bar::widgets: Updating time label: 12:00 PM
2030-01-02T12:00:18+00:00 machine gtk-status-bar[3351]: 2030-01-02T12:00:18.390411Z  INFO gtk_status_bar::network: Network reachability probe completed target=198.51.100.1 success=false elapsed_ms=24
2030-01-02T12:00:18+00:00 machine gtk-status-bar[3351]: 2030-01-02T12:00:18.390463Z DEBUG gtk_status_bar::network: Sent network update label="\u{f091f} 28% \u{f0ac}"
2030-01-02T12:00:18+00:00 machine gtk-status-bar[3351]: 2030-01-02T12:00:18.397471Z DEBUG gtk_status_bar::widgets: Updating network label: 󰤟 28% 
2030-01-02T12:00:19+00:00 machine gtk-status-bar[3351]: 2030-01-02T12:00:19.001565Z DEBUG gtk_status_bar::widgets: Updating time label: 12:00 PM
2030-01-02T12:00:19+00:00 machine gtk-status-bar[3351]: 2030-01-02T12:00:19.410635Z  INFO gtk_status_bar::network: Network reachability probe completed target=198.51.100.1 success=false elapsed_ms=15
2030-01-02T12:00:19+00:00 machine gtk-status-bar[3351]: 2030-01-02T12:00:19.410840Z DEBUG gtk_status_bar::network: Sent network update label="\u{f091f} 28% \u{f0ac}"
2030-01-02T12:00:19+00:00 machine gtk-status-bar[3351]: 2030-01-02T12:00:19.411137Z DEBUG gtk_status_bar::widgets: Updating network label: 󰤟 28% 
2030-01-02T12:00:20+00:00 machine gtk-status-bar[3351]: 2030-01-02T12:00:20.001398Z DEBUG gtk_status_bar::widgets: Updating time label: 12:00 PM
2030-01-02T12:00:21+00:00 machine gtk-status-bar[3351]: 2030-01-02T12:00:21.001794Z DEBUG gtk_status_bar::widgets: Updating time label: 12:00 PM
2030-01-02T12:00:21+00:00 machine gtk-status-bar[3351]: 2030-01-02T12:00:21.210657Z  INFO gtk_status_bar::network: Network reachability probe completed target=192.0.2.1 success=true elapsed_ms=22
2030-01-02T12:00:21+00:00 machine gtk-status-bar[3351]: 2030-01-02T12:00:21.210713Z DEBUG gtk_status_bar::network: Sent network update label="\u{f091f} 28% \u{f0ac}"
2030-01-02T12:00:21+00:00 machine gtk-status-bar[3351]: 2030-01-02T12:00:21.211408Z DEBUG gtk_status_bar::widgets: Updating network label: 󰤟 28% 
2030-01-02T12:00:21+00:00 machine gtk-status-bar[3351]: 2030-01-02T12:00:21.468439Z  INFO gtk_status_bar::network: Network reachability probe completed target=192.0.2.1 success=true elapsed_ms=15
2030-01-02T12:00:21+00:00 machine gtk-status-bar[3351]: 2030-01-02T12:00:21.468488Z DEBUG gtk_status_bar::network: Sent network update label="\u{f091f} 28% \u{f0ac}"
2030-01-02T12:00:21+00:00 machine gtk-status-bar[3351]: 2030-01-02T12:00:21.468689Z DEBUG gtk_status_bar::widgets: Updating network label: 󰤟 28% 
2030-01-02T12:00:22+00:00 machine gtk-status-bar[3351]: 2030-01-02T12:00:22.001442Z DEBUG gtk_status_bar::widgets: Updating time label: 12:00 PM
2030-01-02T12:00:22+00:00 machine gtk-status-bar[3351]: 2030-01-02T12:00:22.682864Z  INFO gtk_status_bar::tray: Status notifier item disappeared item=":1.90/StatusNotifierItem"
2030-01-02T12:00:22+00:00 machine gtk-status-bar[3351]: 2030-01-02T12:00:22.685849Z  INFO gtk_status_bar::widgets: Removed system tray item item=":1.90/StatusNotifierItem"
2030-01-02T12:00:23+00:00 machine gtk-status-bar[3351]: 2030-01-02T12:00:23.001105Z DEBUG gtk_status_bar::widgets: Updating time label: 12:00 PM
2030-01-02T12:00:23+00:00 machine gtk-status-bar[3351]: 2030-01-02T12:00:23.162189Z  INFO gtk_status_bar::network: Network reachability probe completed target=198.51.100.1 success=false elapsed_ms=25
2030-01-02T12:00:23+00:00 machine gtk-status-bar[3351]: 2030-01-02T12:00:23.162304Z DEBUG gtk_status_bar::network: Sent network update label="\u{f091f} 28% \u{f0ac}"
2030-01-02T12:00:23+00:00 machine gtk-status-bar[3351]: 2030-01-02T12:00:23.162502Z DEBUG gtk_status_bar::widgets: Updating network label: 󰤟 28% 
2030-01-02T12:00:23+00:00 machine gtk-status-bar[3351]: 2030-01-02T12:00:23.543758Z  INFO gtk_status_bar::network: Network reachability probe completed target=198.51.100.1 success=false elapsed_ms=11
2030-01-02T12:00:23+00:00 machine gtk-status-bar[3351]: 2030-01-02T12:00:23.543816Z DEBUG gtk_status_bar::network: Sent network update label="\u{f091f} 28% \u{f0ac}"
2030-01-02T12:00:23+00:00 machine gtk-status-bar[3351]: 2030-01-02T12:00:23.544002Z DEBUG gtk_status_bar::widgets: Updating network label: 󰤟 28% 
2030-01-02T12:00:24+00:00 machine gtk-status-bar[3351]: 2030-01-02T12:00:24.000488Z DEBUG gtk_status_bar::widgets: Updating time label: 12:00 PM
2030-01-02T12:00:25+00:00 machine gtk-status-bar[3351]: 2030-01-02T12:00:25.001531Z DEBUG gtk_status_bar::widgets: Updating time label: 12:00 PM
2030-01-02T12:00:25+00:00 machine gtk-status-bar[3351]: 2030-01-02T12:00:25.494691Z  INFO gtk_status_bar::network: Network reachability probe completed target=192.0.2.1 success=true elapsed_ms=13
2030-01-02T12:00:25+00:00 machine gtk-status-bar[3351]: 2030-01-02T12:00:25.494753Z DEBUG gtk_status_bar::network: Sent network update label="\u{f091f} 28% \u{f0ac}"
2030-01-02T12:00:25+00:00 machine gtk-status-bar[3351]: 2030-01-02T12:00:25.494935Z DEBUG gtk_status_bar::widgets: Updating network label: 󰤟 28% 
2030-01-02T12:00:26+00:00 machine gtk-status-bar[3351]: 2030-01-02T12:00:26.001435Z DEBUG gtk_status_bar::widgets: Updating time label: 12:00 PM
2030-01-02T12:00:26+00:00 machine gtk-status-bar[3351]: 2030-01-02T12:00:26.298916Z  INFO gtk_status_bar::network: Network reachability probe completed target=192.0.2.1 success=true elapsed_ms=17
2030-01-02T12:00:26+00:00 machine gtk-status-bar[3351]: 2030-01-02T12:00:26.298968Z DEBUG gtk_status_bar::network: Sent network update label="\u{f091f} 28% \u{f0ac}"
2030-01-02T12:00:26+00:00 machine gtk-status-bar[3351]: 2030-01-02T12:00:26.299193Z DEBUG gtk_status_bar::widgets: Updating network label: 󰤟 28% 
2030-01-02T12:00:26+00:00 machine gtk-status-bar[3351]: 2030-01-02T12:00:26.973747Z  INFO gtk_status_bar::network: Network reachability probe completed target=198.51.100.1 success=false elapsed_ms=30
2030-01-02T12:00:26+00:00 machine gtk-status-bar[3351]: 2030-01-02T12:00:26.973810Z DEBUG gtk_status_bar::network: Sent network update label="\u{f091f} 28% \u{f0ac}"
2030-01-02T12:00:26+00:00 machine gtk-status-bar[3351]: 2030-01-02T12:00:26.974001Z DEBUG gtk_status_bar::widgets: Updating network label: 󰤟 28% 
2030-01-02T12:00:27+00:00 machine gtk-status-bar[3351]: 2030-01-02T12:00:27.000832Z DEBUG gtk_status_bar::widgets: Updating time label: 12:00 PM
2030-01-02T12:00:28+00:00 machine gtk-status-bar[3351]: 2030-01-02T12:00:28.002189Z DEBUG gtk_status_bar::widgets: Updating time label: 12:00 PM
