2026-07-13T21:13:26+00:00 machine gtk-status-bar[1205]: 2026-07-13T21:13:26.349379Z  INFO gtk_status_bar: Starting GTK status bar application
2026-07-13T21:13:26+00:00 machine gtk-status-bar[1205]: 2026-07-13T21:13:26.372515Z  INFO gtk_status_bar: Running GTK application
2026-07-13T21:13:30+00:00 machine gtk-status-bar[1205]: 2026-07-13T21:13:30.639598Z  INFO gtk_status_bar: Activating GTK application
2026-07-13T21:13:30+00:00 machine gtk-status-bar[1205]: 2026-07-13T21:13:30.654585Z DEBUG gtk_status_bar::widgets: Loading CSS styles
2026-07-13T21:13:30+00:00 machine gtk-status-bar[1205]: 2026-07-13T21:13:30.657830Z  INFO gtk_status_bar::widgets: CSS styles loaded successfully
2026-07-13T21:13:30+00:00 machine gtk-status-bar[1205]: 2026-07-13T21:13:30.657877Z DEBUG gtk_status_bar::widgets: Configuring layer shell
2026-07-13T21:13:30+00:00 machine gtk-status-bar[1205]: 2026-07-13T21:13:30.675977Z  INFO gtk_status_bar::widgets: Layer shell configured successfully
2026-07-13T21:13:30+00:00 machine gtk-status-bar[1205]: 2026-07-13T21:13:30.676218Z DEBUG gtk_status_bar::widgets: Creating experimental bar
2026-07-13T21:13:30+00:00 machine gtk-status-bar[1205]: 2026-07-13T21:13:30.687359Z DEBUG gtk_status_bar::widgets: Creating left group
2026-07-13T21:13:30+00:00 machine gtk-status-bar[1205]: 2026-07-13T21:13:30.690522Z DEBUG gtk_status_bar::widgets: Creating workspace widget
2026-07-13T21:13:30+00:00 machine gtk-status-bar[1205]: 2026-07-13T21:13:30.694654Z DEBUG gtk_status_bar::widgets: Creating workspace client strip
2026-07-13T21:13:30+00:00 machine gtk-status-bar[1205]: 2026-07-13T21:13:30.694913Z DEBUG gtk_status_bar::widgets: Creating right group
2026-07-13T21:13:30+00:00 machine gtk-status-bar[1205]: 2026-07-13T21:13:30.694952Z DEBUG gtk_status_bar::widgets: Creating system tray widget
2026-07-13T21:13:30+00:00 machine gtk-status-bar[1205]: 2026-07-13T21:13:30.694983Z DEBUG gtk_status_bar::widgets: Creating bluetooth widget
2026-07-13T21:13:30+00:00 machine gtk-status-bar[1205]: 2026-07-13T21:13:30.695031Z DEBUG gtk_status_bar::widgets: Creating volume widget
2026-07-13T21:13:30+00:00 machine gtk-status-bar[1205]: 2026-07-13T21:13:30.696293Z DEBUG gtk_status_bar::widgets: Creating network widget
2026-07-13T21:13:30+00:00 machine gtk-status-bar[1205]: 2026-07-13T21:13:30.696340Z DEBUG gtk_status_bar::widgets: Creating battery widget
2026-07-13T21:13:30+00:00 machine gtk-status-bar[1205]: 2026-07-13T21:13:30.696382Z DEBUG gtk_status_bar::widgets: Creating time widget
2026-07-13T21:13:32+00:00 machine gtk-status-bar[1205]: 2026-07-13T21:13:32.603244Z DEBUG gtk_status_bar::widgets: Setting up time widget updates
2026-07-13T21:13:32+00:00 machine gtk-status-bar[1205]: 2026-07-13T21:13:32.606188Z DEBUG gtk_status_bar::widgets: Updating time label:  9:13 PM
2026-07-13T21:13:32+00:00 machine gtk-status-bar[1205]: 2026-07-13T21:13:32.606403Z DEBUG gtk_status_bar::widgets: Setting up system tray updates
2026-07-13T21:13:32+00:00 machine gtk-status-bar[1205]: 2026-07-13T21:13:32.606604Z DEBUG gtk_status_bar::widgets: Setting up workspace updates
2026-07-13T21:13:32+00:00 machine gtk-status-bar[1205]: 2026-07-13T21:13:32.606984Z DEBUG gtk_status_bar::widgets: Setting up workspace client updates
2026-07-13T21:13:32+00:00 machine gtk-status-bar[1205]: 2026-07-13T21:13:32.607029Z DEBUG gtk_status_bar::widgets: Setting up battery updates
2026-07-13T21:13:32+00:00 machine gtk-status-bar[1205]: 2026-07-13T21:13:32.607069Z DEBUG gtk_status_bar::widgets: Setting up Bluetooth battery updates
2026-07-13T21:13:32+00:00 machine gtk-status-bar[1205]: 2026-07-13T21:13:32.607106Z DEBUG gtk_status_bar::widgets: Setting up network updates
2026-07-13T21:13:32+00:00 machine gtk-status-bar[1205]: 2026-07-13T21:13:32.607143Z DEBUG gtk_status_bar::widgets: Setting up volume updates with tokio async channels
2026-07-13T21:13:32+00:00 machine gtk-status-bar[1205]: 2026-07-13T21:13:32.607903Z DEBUG gtk_status_bar::pw: 🔧 Initializing PipeWire on dedicated thread...
2026-07-13T21:13:32+00:00 machine gtk-status-bar[1205]: 2026-07-13T21:13:32.608249Z DEBUG gtk_status_bar::pw: 📋 Created device tracking HashMap for (node_name, description, volume, channel, mute)
2026-07-13T21:13:32+00:00 machine gtk-status-bar[1205]: 2026-07-13T21:13:32.609387Z  INFO gtk_status_bar: Application activated successfully
2026-07-13T21:13:32+00:00 machine gtk-status-bar[1205]: 2026-07-13T21:13:32.610018Z  INFO gtk_status_bar::hypr: 🔌 Starting workspace event listener
2026-07-13T21:13:32+00:00 machine gtk-status-bar[1205]: 2026-07-13T21:13:32.610199Z DEBUG gtk_status_bar::hypr: Setting up workspace event listener
2026-07-13T21:13:32+00:00 machine gtk-status-bar[1205]: 2026-07-13T21:13:32.611349Z  INFO gtk_status_bar: Starting tray IPC server
2026-07-13T21:13:32+00:00 machine gtk-status-bar[1205]: 2026-07-13T21:13:32.611247Z  INFO gtk_status_bar::dbus: 🔌 Starting D-Bus monitor
2026-07-13T21:13:32+00:00 machine gtk-status-bar[1205]: 2026-07-13T21:13:32.611646Z  INFO gtk_status_bar::dbus: Starting D-Bus monitoring task
2026-07-13T21:13:32+00:00 machine gtk-status-bar[1205]: 2026-07-13T21:13:32.611299Z  INFO gtk_status_bar::tray: 🔌 Starting system tray backend
2026-07-13T21:13:32+00:00 machine gtk-status-bar[1205]: 2026-07-13T21:13:32.612885Z DEBUG gtk_status_bar::widgets: 🚀 Starting async volume update loop...
2026-07-13T21:13:32+00:00 machine gtk-status-bar[1205]: 2026-07-13T21:13:32.612896Z  INFO gtk_status_bar::hypr: 🔌 Starting title event listener
2026-07-13T21:13:32+00:00 machine gtk-status-bar[1205]: 2026-07-13T21:13:32.612918Z DEBUG gtk_status_bar::hypr: Setting up title event listener
2026-07-13T21:13:32+00:00 machine gtk-status-bar[1205]: 2026-07-13T21:13:32.613421Z  INFO gtk_status_bar::network: Starting network monitor
2026-07-13T21:13:32+00:00 machine gtk-status-bar[1205]: 2026-07-13T21:13:32.622356Z  INFO tray_ipc: Tray IPC server is listening path=/run/user/1000/gtk-status-bar/tray.sock
2026-07-13T21:13:32+00:00 machine gtk-status-bar[1205]: 2026-07-13T21:13:32.639992Z DEBUG gtk_status_bar::pw: ✅ PipeWire initialized
2026-07-13T21:13:32+00:00 machine gtk-status-bar[1205]: 2026-07-13T21:13:32.640644Z DEBUG gtk_status_bar::pw: ✅ ThreadLoop created
2026-07-13T21:13:32+00:00 machine gtk-status-bar[1205]: 2026-07-13T21:13:32.677103Z DEBUG gtk_status_bar::widgets: Pinning bar height to font-derived line height char_height=18 multiplier=1.4 pinned=25
2026-07-13T21:13:32+00:00 machine gtk-status-bar[1205]: 2026-07-13T21:13:32.682416Z DEBUG gtk_status_bar::dbus: 🔌 Registered battery match rule
2026-07-13T21:13:32+00:00 machine gtk-status-bar[1205]: 2026-07-13T21:13:32.684091Z DEBUG gtk_status_bar::dbus: 🔌 Registered bluez PropertiesChanged match rule
2026-07-13T21:13:32+00:00 machine gtk-status-bar[1205]: 2026-07-13T21:13:32.685038Z DEBUG gtk_status_bar::dbus: 🔌 Registered bluez InterfacesAdded match rule
2026-07-13T21:13:32+00:00 machine gtk-status-bar[1205]: 2026-07-13T21:13:32.686074Z DEBUG gtk_status_bar::dbus: 🔌 Registered bluez InterfacesRemoved match rule
2026-07-13T21:13:32+00:00 machine gtk-status-bar[1205]: 2026-07-13T21:13:32.689457Z  INFO gtk_status_bar::tray: Serving StatusNotifierWatcher for tray applications
2026-07-13T21:13:32+00:00 machine gtk-status-bar[1205]: 2026-07-13T21:13:32.691307Z  INFO gtk_status_bar::dbus: Battery is discharging (state: 2)
2026-07-13T21:13:32+00:00 machine gtk-status-bar[1205]: 2026-07-13T21:13:32.691332Z  INFO gtk_status_bar::dbus: Battery is at 73.0%
2026-07-13T21:13:32+00:00 machine gtk-status-bar[1205]: 2026-07-13T21:13:32.692215Z DEBUG gtk_status_bar::widgets: Updating battery label: 🔋 73%
2026-07-13T21:13:32+00:00 machine gtk-status-bar[1205]: 2026-07-13T21:13:32.692259Z DEBUG gtk_status_bar::widgets: 👁️  SHOWING battery widget - data: 🔋 73%
2026-07-13T21:13:32+00:00 machine gtk-status-bar[1205]: 2026-07-13T21:13:32.703862Z DEBUG gtk_status_bar::network: Sent network update label="\u{f0925} 73% ?"
2026-07-13T21:13:32+00:00 machine gtk-status-bar[1205]: 2026-07-13T21:13:32.704341Z DEBUG gtk_status_bar::widgets: Updating network label: 󰤥 73% ?
2026-07-13T21:13:32+00:00 machine gtk-status-bar[1205]: 2026-07-13T21:13:32.719509Z  INFO gtk_status_bar::dbus: Found 3 Bluetooth objects
2026-07-13T21:13:32+00:00 machine gtk-status-bar[1205]: 2026-07-13T21:13:32.719768Z  INFO gtk_status_bar::dbus: Found Bluetooth device with battery at: /org/bluez/hci0/dev_AA_BB_CC_DD_EE_01
2026-07-13T21:13:32+00:00 machine gtk-status-bar[1205]: 2026-07-13T21:13:32.719790Z  INFO gtk_status_bar::dbus: Bluetooth device battery at 80%
2026-07-13T21:13:32+00:00 machine gtk-status-bar[1205]: 2026-07-13T21:13:32.719817Z DEBUG gtk_status_bar::dbus: Added device /org/bluez/hci0/dev_AA_BB_CC_DD_EE_01 to HashMap (has_battery: true, has_media: false)
2026-07-13T21:13:32+00:00 machine gtk-status-bar[1205]: 2026-07-13T21:13:32.720008Z DEBUG gtk_status_bar::dbus: Initial bluetooth devices: {"/org/bluez/hci0/dev_AA_BB_CC_DD_EE_01": BluetoothDevice { has_battery: true, has_media: false, battery_percentage: Some(80), device_name: Some("Pixel Buds") }}
2026-07-13T21:13:32+00:00 machine gtk-status-bar[1205]: 2026-07-13T21:13:32.720045Z  INFO gtk_status_bar::dbus: Sent initial Bluetooth display: P80
2026-07-13T21:13:32+00:00 machine gtk-status-bar[1205]: 2026-07-13T21:13:32.720063Z  INFO gtk_status_bar::dbus: Dbus monitor: Starting to listen for D-Bus messages
2026-07-13T21:13:32+00:00 machine gtk-status-bar[1205]: 2026-07-13T21:13:32.720081Z DEBUG gtk_status_bar::dbus: Got an event in event stream: Msg { type: MethodReturn, serial: 9, sender: UniqueName(":1.5"), reply-serial: 14, body: Variant, fds: [] }
2026-07-13T21:13:32+00:00 machine gtk-status-bar[1205]: 2026-07-13T21:13:32.720100Z DEBUG gtk_status_bar::dbus: Dbus monitor: Received D-Bus message from path: None, interface: None, member: None
2026-07-13T21:13:32+00:00 machine gtk-status-bar[1205]: 2026-07-13T21:13:32.720116Z ERROR gtk_status_bar::dbus: Dbus monitor: Received message with no path, ignoring
2026-07-13T21:13:32+00:00 machine gtk-status-bar[1205]: 2026-07-13T21:13:32.720132Z DEBUG gtk_status_bar::dbus: Got an event in event stream: Msg { type: MethodReturn, serial: 10, sender: UniqueName(":1.5"), reply-serial: 19, body: Variant, fds: [] }
2026-07-13T21:13:32+00:00 machine gtk-status-bar[1205]: 2026-07-13T21:13:32.720149Z DEBUG gtk_status_bar::dbus: Dbus monitor: Received D-Bus message from path: None, interface: None, member: None
2026-07-13T21:13:32+00:00 machine gtk-status-bar[1205]: 2026-07-13T21:13:32.720163Z ERROR gtk_status_bar::dbus: Dbus monitor: Received message with no path, ignoring
2026-07-13T21:13:32+00:00 machine gtk-status-bar[1205]: 2026-07-13T21:13:32.720178Z DEBUG gtk_status_bar::dbus: Got an event in event stream: Msg { type: MethodReturn, serial: 44, sender: UniqueName(":1.6"), reply-serial: 29, body: Dict { key: Dynamic { child: ObjectPath }, value: Dynamic { child: Dict { key: Dynamic { child: Str }, value: Dynamic { child: Dict { key: Dynamic { child: Str }, value: Dynamic { child: Variant } } } } } }, fds: [] }
2026-07-13T21:13:32+00:00 machine gtk-status-bar[1205]: 2026-07-13T21:13:32.720196Z DEBUG gtk_status_bar::dbus: Dbus monitor: Received D-Bus message from path: None, interface: None, member: None
2026-07-13T21:13:32+00:00 machine gtk-status-bar[1205]: 2026-07-13T21:13:32.720212Z ERROR gtk_status_bar::dbus: Dbus monitor: Received message with no path, ignoring
2026-07-13T21:13:32+00:00 machine gtk-status-bar[1205]: 2026-07-13T21:13:32.720402Z DEBUG gtk_status_bar::widgets: Updating Bluetooth battery label: P80
2026-07-13T21:13:32+00:00 machine gtk-status-bar[1205]: 2026-07-13T21:13:32.720443Z DEBUG gtk_status_bar::widgets: 👁️  SHOWING Bluetooth widget - data: P80
2026-07-13T21:13:32+00:00 machine gtk-status-bar[1205]: 2026-07-13T21:13:32.834366Z  INFO gtk_status_bar::network: Network reachability probe completed target=198.51.100.1 success=false elapsed_ms=124
2026-07-13T21:13:32+00:00 machine gtk-status-bar[1205]: 2026-07-13T21:13:32.834429Z DEBUG gtk_status_bar::network: Sent network update label="\u{f0925} 73% ?"
2026-07-13T21:13:32+00:00 machine gtk-status-bar[1205]: 2026-07-13T21:13:32.834779Z DEBUG gtk_status_bar::widgets: Updating network label: 󰤥 73% ?
2026-07-13T21:13:32+00:00 machine gtk-status-bar[1205]: 2026-07-13T21:13:32.850537Z DEBUG gtk_status_bar::pw: ✅ Context created
2026-07-13T21:13:32+00:00 machine gtk-status-bar[1205]: 2026-07-13T21:13:32.852976Z DEBUG gtk_status_bar::pw: ✅ Core connected
2026-07-13T21:13:32+00:00 machine gtk-status-bar[1205]: 2026-07-13T21:13:32.852998Z DEBUG gtk_status_bar::pw: ✅ Registry obtained
2026-07-13T21:13:32+00:00 machine gtk-status-bar[1205]: 2026-07-13T21:13:32.853014Z DEBUG gtk_status_bar::pw: 🎵 PipeWire ThreadLoop started - monitoring volume changes with default sink filtering
2026-07-13T21:13:32+00:00 machine gtk-status-bar[1205]: 2026-07-13T21:13:32.853387Z DEBUG gtk_status_bar::pw: ✅ ThreadLoop started successfully
2026-07-13T21:13:32+00:00 machine gtk-status-bar[1205]: 2026-07-13T21:13:32.853407Z DEBUG gtk_status_bar::pw: 🔄 PipeWire thread running - async event delivery active...
2026-07-13T21:13:32+00:00 machine gtk-status-bar[1205]: 2026-07-13T21:13:32.853886Z DEBUG gtk_status_bar::pw: 📡 PipeWire connected: pipewire-0
2026-07-13T21:13:32+00:00 machine gtk-status-bar[1205]: 2026-07-13T21:13:32.854586Z DEBUG gtk_status_bar::pw: 🚫 Skipping metadata '' (props: Some(DictRef { flags: Flags(0x0), entries: {"object.serial": "0", "core.name": "pipewire-0"} }))
2026-07-13T21:13:32+00:00 machine gtk-status-bar[1205]: 2026-07-13T21:13:32.854978Z DEBUG gtk_status_bar::pw: 🚫 Skipping metadata '' (props: Some(DictRef { flags: Flags(0x0), entries: {"object.serial": "1", "module.name": "libpipewire-module-rt"} }))
2026-07-13T21:13:32+00:00 machine gtk-status-bar[1205]: 2026-07-13T21:13:32.855002Z DEBUG gtk_status_bar::pw: 🚫 Skipping metadata '' (props: Some(DictRef { flags: Flags(0x0), entries: {"object.serial": "3"} }))
2026-07-13T21:13:32+00:00 machine gtk-status-bar[1205]: 2026-07-13T21:13:32.855028Z DEBUG gtk_status_bar::pw: 🚫 Skipping metadata '' (props: Some(DictRef { flags: Flags(0x0), entries: {"object.serial": "2", "module.name": "libpipewire-module-protocol-native"} }))
2026-07-13T21:13:32+00:00 machine gtk-status-bar[1205]: 2026-07-13T21:13:32.855054Z DEBUG gtk_status_bar::pw: 🚫 Skipping metadata '' (props: Some(DictRef { flags: Flags(0x0), entries: {"object.serial": "5"} }))
2026-07-13T21:13:32+00:00 machine gtk-status-bar[1205]: 2026-07-13T21:13:32.855079Z DEBUG gtk_status_bar::pw: 🚫 Skipping metadata '' (props: Some(DictRef { flags: Flags(0x0), entries: {"object.serial": "4", "module.name": "libpipewire-module-profiler"} }))
2026-07-13T21:13:32+00:00 machine gtk-status-bar[1205]: 2026-07-13T21:13:32.855110Z DEBUG gtk_status_bar::pw: 🚫 Skipping metadata '' (props: Some(DictRef { flags: Flags(0x0), entries: {"object.serial": "6", "module.name": "libpipewire-module-metadata"} }))
2026-07-13T21:13:32+00:00 machine gtk-status-bar[1205]: 2026-07-13T21:13:32.855133Z DEBUG gtk_status_bar::pw: 🚫 Skipping metadata '' (props: Some(DictRef { flags: Flags(0x0), entries: {"object.serial": "7", "module.id": "6", "factory.name": "metadata", "factory.type.name": "PipeWire:Interface:Metadata", "factory.type.version": "3"} }))
2026-07-13T21:13:32+00:00 machine gtk-status-bar[1205]: 2026-07-13T21:13:32.855160Z DEBUG gtk_status_bar::pw: 🚫 Skipping metadata '' (props: Some(DictRef { flags: Flags(0x0), entries: {"object.serial": "8", "module.name": "libpipewire-module-spa-device-factory"} }))
2026-07-13T21:13:32+00:00 machine gtk-status-bar[1205]: 2026-07-13T21:13:32.855185Z DEBUG gtk_status_bar::pw: 🚫 Skipping metadata '' (props: Some(DictRef { flags: Flags(0x0), entries: {"object.serial": "9", "module.id": "8", "factory.name": "spa-device-factory", "factory.type.name": "PipeWire:Interface:Device", "factory.type.version": "3"} }))
2026-07-13T21:13:32+00:00 machine gtk-status-bar[1205]: 2026-07-13T21:13:32.855211Z DEBUG gtk_status_bar::pw: 🚫 Skipping metadata '' (props: Some(DictRef { flags: Flags(0x0), entries: {"object.serial": "10", "module.name": "libpipewire-module-spa-node-factory"} }))
2026-07-13T21:13:33+00:00 machine gtk-status-bar[1205]: 2026-07-13T21:13:32.855243Z DEBUG gtk_status_bar::pw: 🚫 Skipping metadata '' (props: Some(DictRef { flags: Flags(0x0), entries: {"object.serial": "11", "module.id": "10", "factory.name": "spa-node-factory", "factory.type.name": "PipeWire:Interface:Node", "factory.type.version": "3"} }))
2026-07-13T21:13:33+00:00 machine gtk-status-bar[1205]: 2026-07-13T21:13:32.855267Z DEBUG gtk_status_bar::pw: 🚫 Skipping metadata '' (props: Some(DictRef { flags: Flags(0x0), entries: {"object.serial": "12", "module.name": "libpipewire-module-client-node"} }))
2026-07-13T21:13:33+00:00 machine gtk-status-bar[1205]: 2026-07-13T21:13:32.855298Z DEBUG gtk_status_bar::pw: 🚫 Skipping metadata '' (props: Some(DictRef { flags: Flags(0x0), entries: {"object.serial": "13", "module.id": "12", "factory.name": "client-node", "factory.type.name": "PipeWire:Interface:ClientNode", "factory.type.version": "6"} }))
2026-07-13T21:13:33+00:00 machine gtk-status-bar[1205]: 2026-07-13T21:13:32.855326Z DEBUG gtk_status_bar::pw: 🚫 Skipping metadata '' (props: Some(DictRef { flags: Flags(0x0), entries: {"object.serial": "14", "module.name": "libpipewire-module-client-device"} }))
2026-07-13T21:13:33+00:00 machine gtk-status-bar[1205]: 2026-07-13T21:13:32.855350Z DEBUG gtk_status_bar::pw: 🚫 Skipping metadata '' (props: Some(DictRef { flags: Flags(0x0), entries: {"object.serial": "15", "module.id": "14", "factory.name": "client-device", "factory.type.name": "Spa:Pointer:Interface:Device", "factory.type.version": "0"} }))
2026-07-13T21:13:33+00:00 machine gtk-status-bar[1205]: 2026-07-13T21:13:32.855373Z DEBUG gtk_status_bar::pw: 🚫 Skipping metadata '' (props: Some(DictRef { flags: Flags(0x0), entries: {"object.serial": "16", "module.name": "libpipewire-module-portal"} }))
2026-07-13T21:13:33+00:00 machine gtk-status-bar[1205]: 2026-07-13T21:13:32.855399Z DEBUG gtk_status_bar::pw: 🚫 Skipping metadata '' (props: Some(DictRef { flags: Flags(0x0), entries: {"object.serial": "17", "module.name": "libpipewire-module-access"} }))
2026-07-13T21:13:33+00:00 machine gtk-status-bar[1205]: 2026-07-13T21:13:32.855423Z DEBUG gtk_status_bar::pw: 🚫 Skipping metadata '' (props: Some(DictRef { flags: Flags(0x0), entries: {"object.serial": "18", "module.name": "libpipewire-module-adapter"} }))
2026-07-13T21:13:33+00:00 machine gtk-status-bar[1205]: 2026-07-13T21:13:32.855442Z DEBUG gtk_status_bar::pw: 🚫 Skipping metadata '' (props: Some(DictRef { flags: Flags(0x0), entries: {"object.serial": "19", "module.id": "18", "factory.name": "adapter", "factory.type.name": "PipeWire:Interface:Node", "factory.type.version": "3"} }))
2026-07-13T21:13:33+00:00 machine gtk-status-bar[1205]: 2026-07-13T21:13:32.855463Z DEBUG gtk_status_bar::pw: 🚫 Skipping metadata '' (props: Some(DictRef { flags: Flags(0x0), entries: {"object.serial": "20", "module.name": "libpipewire-module-link-factory"} }))
2026-07-13T21:13:33+00:00 machine gtk-status-bar[1205]: 2026-07-13T21:13:32.855484Z DEBUG gtk_status_bar::pw: 🚫 Skipping metadata '' (props: Some(DictRef { flags: Flags(0x0), entries: {"object.serial": "21", "module.id": "20", "factory.name": "link-factory", "factory.type.name": "PipeWire:Interface:Link", "factory.type.version": "3"} }))
2026-07-13T21:13:33+00:00 machine gtk-status-bar[1205]: 2026-07-13T21:13:32.855508Z DEBUG gtk_status_bar::pw: 🚫 Skipping metadata '' (props: Some(DictRef { flags: Flags(0x0), entries: {"object.serial": "22", "module.name": "libpipewire-module-session-manager"} }))
2026-07-13T21:13:33+00:00 machine gtk-status-bar[1205]: 2026-07-13T21:13:32.855532Z DEBUG gtk_status_bar::pw: 🚫 Skipping metadata '' (props: Some(DictRef { flags: Flags(0x0), entries: {"object.serial": "23", "module.id": "22", "factory.name": "client-endpoint", "factory.type.name": "PipeWire:Interface:ClientEndpoint", "factory.type.version": "0"} }))
2026-07-13T21:13:33+00:00 machine gtk-status-bar[1205]: 2026-07-13T21:13:32.855557Z DEBUG gtk_status_bar::pw: 🚫 Skipping metadata '' (props: Some(DictRef { flags: Flags(0x0), entries: {"object.serial": "24", "module.id": "22", "factory.name": "client-session", "factory.type.name": "PipeWire:Interface:ClientSession", "factory.type.version": "0"} }))
2026-07-13T21:13:33+00:00 machine gtk-status-bar[1205]: 2026-07-13T21:13:32.855582Z DEBUG gtk_status_bar::pw: 🚫 Skipping metadata '' (props: Some(DictRef { flags: Flags(0x0), entries: {"object.serial": "25", "module.id": "22", "factory.name": "session", "factory.type.name": "PipeWire:Interface:Session", "factory.type.version": "0"} }))
2026-07-13T21:13:33+00:00 machine gtk-status-bar[1205]: 2026-07-13T21:13:32.855609Z DEBUG gtk_status_bar::pw: 🚫 Skipping metadata '' (props: Some(DictRef { flags: Flags(0x0), entries: {"object.serial": "26", "module.id": "22", "factory.name": "endpoint", "factory.type.name": "PipeWire:Interface:Endpoint", "factory.type.version": "0"} }))
2026-07-13T21:13:33+00:00 machine gtk-status-bar[1205]: 2026-07-13T21:13:32.855639Z DEBUG gtk_status_bar::pw: 🚫 Skipping metadata '' (props: Some(DictRef { flags: Flags(0x0), entries: {"object.serial": "27", "module.id": "22", "factory.name": "endpoint-stream", "factory.type.name": "PipeWire:Interface:EndpointStream", "factory.type.version": "0"} }))
2026-07-13T21:13:33+00:00 machine gtk-status-bar[1205]: 2026-07-13T21:13:32.855664Z DEBUG gtk_status_bar::pw: 🚫 Skipping metadata '' (props: Some(DictRef { flags: Flags(0x0), entries: {"object.serial": "28", "module.id": "22", "factory.name": "endpoint-link", "factory.type.name": "PipeWire:Interface:EndpointLink", "factory.type.version": "0"} }))
2026-07-13T21:13:33+00:00 machine gtk-status-bar[1205]: 2026-07-13T21:13:32.855695Z DEBUG gtk_status_bar::pw: 🚫 Skipping metadata '' (props: Some(DictRef { flags: Flags(0x0), entries: {"object.serial": "29", "module.name": "libpipewire-module-x11-bell"} }))
2026-07-13T21:13:33+00:00 machine gtk-status-bar[1205]: 2026-07-13T21:13:32.855781Z DEBUG gtk_status_bar::pw: 🚫 Skipping metadata '' (props: Some(DictRef { flags: Flags(0x0), entries: {"object.serial": "30", "module.name": "libpipewire-module-jackdbus-detect"} }))
2026-07-13T21:13:33+00:00 machine gtk-status-bar[1205]: 2026-07-13T21:13:32.855817Z DEBUG gtk_status_bar::pw: 🚫 Skipping metadata '' (props: Some(DictRef { flags: Flags(0x0), entries: {"object.serial": "31", "factory.id": "11", "priority.driver": "200000", "node.name": "Dummy-Driver"} }))
2026-07-13T21:13:33+00:00 machine gtk-status-bar[1205]: 2026-07-13T21:13:32.855842Z DEBUG gtk_status_bar::pw: 🔍 Checking node - media.class: None
2026-07-13T21:13:33+00:00 machine gtk-status-bar[1205]: 2026-07-13T21:13:32.855861Z DEBUG gtk_status_bar::pw: 🔍 Node filter result: false for media.class: None
2026-07-13T21:13:33+00:00 machine gtk-status-bar[1205]: 2026-07-13T21:13:32.855885Z DEBUG gtk_status_bar::pw: 🚫 Skipping metadata '' (props: Some(DictRef { flags: Flags(0x0), entries: {"object.serial": "32", "factory.id": "11", "priority.driver": "190000", "node.name": "Freewheel-Driver"} }))
2026-07-13T21:13:33+00:00 machine gtk-status-bar[1205]: 2026-07-13T21:13:32.855908Z DEBUG gtk_status_bar::pw: 🔍 Checking node - media.class: None
2026-07-13T21:13:33+00:00 machine gtk-status-bar[1205]: 2026-07-13T21:13:32.855926Z DEBUG gtk_status_bar::pw: 🔍 Node filter result: false for media.class: None
2026-07-13T21:13:33+00:00 machine gtk-status-bar[1205]: 2026-07-13T21:13:32.855948Z DEBUG gtk_status_bar::pw: 🚫 Skipping metadata 'settings' (props: Some(DictRef { flags: Flags(0x0), entries: {"object.serial": "33", "metadata.name": "settings"} }))
2026-07-13T21:13:33+00:00 machine gtk-status-bar[1205]: 2026-07-13T21:13:32.855972Z DEBUG gtk_status_bar::pw: 🚫 Skipping metadata '' (props: Some(DictRef { flags: Flags(0x0), entries: {"object.serial": "34", "module.id": "2", "pipewire.protocol": "protocol-native", "pipewire.sec.pid": "1253", "pipewire.sec.uid": "1000", "pipewire.sec.gid": "100", "pipewire.sec.socket": "pipewire-0", "application.name": ".xdg-desktop-portal-wrapped", "pipewire.access": "unrestricted"} }))
2026-07-13T21:13:33+00:00 machine gtk-status-bar[1205]: 2026-07-13T21:13:32.855998Z DEBUG gtk_status_bar::pw: 🚫 Skipping metadata '' (props: Some(DictRef { flags: Flags(0x0), entries: {"object.serial": "35", "module.id": "2", "pipewire.protocol": "protocol-native", "pipewire.sec.pid": "1349", "pipewire.sec.uid": "1000", "pipewire.sec.gid": "100", "pipewire.sec.socket": "pipewire-0-manager", "application.name": "WirePlumber", "pipewire.access": "unrestricted"} }))
2026-07-13T21:13:33+00:00 machine gtk-status-bar[1205]: 2026-07-13T21:13:32.856026Z DEBUG gtk_status_bar::pw: 🚫 Skipping metadata 'schema-sm-settings' (props: Some(DictRef { flags: Flags(0x0), entries: {"metadata.name": "schema-sm-settings", "factory.id": "7", "module.id": "6", "client.id": "35", "object.serial": "36"} }))
2026-07-13T21:13:33+00:00 machine gtk-status-bar[1205]: 2026-07-13T21:13:32.856049Z DEBUG gtk_status_bar::pw: 🚫 Skipping metadata 'persistent-sm-settings' (props: Some(DictRef { flags: Flags(0x0), entries: {"metadata.name": "persistent-sm-settings", "factory.id": "7", "module.id": "6", "client.id": "35", "object.serial": "37"} }))
2026-07-13T21:13:33+00:00 machine gtk-status-bar[1205]: 2026-07-13T21:13:32.856076Z DEBUG gtk_status_bar::pw: 🚫 Skipping metadata 'sm-settings' (props: Some(DictRef { flags: Flags(0x0), entries: {"metadata.name": "sm-settings", "factory.id": "7", "module.id": "6", "client.id": "35", "object.serial": "38"} }))
2026-07-13T21:13:33+00:00 machine gtk-status-bar[1205]: 2026-07-13T21:13:32.856106Z DEBUG gtk_status_bar::pw: 🚫 Skipping metadata 'sm-objects' (props: Some(DictRef { flags: Flags(0x0), entries: {"metadata.name": "sm-objects", "factory.id": "7", "module.id": "6", "client.id": "35", "object.serial": "39"} }))
2026-07-13T21:13:33+00:00 machine gtk-status-bar[1205]: 2026-07-13T21:13:32.856131Z DEBUG gtk_status_bar::pw: 🚫 Skipping metadata 'default-profile' (props: Some(DictRef { flags: Flags(0x0), entries: {"wireplumber.state": "true", "metadata.name": "default-profile", "factory.id": "7", "module.id": "6", "client.id": "35", "object.serial": "40"} }))
2026-07-13T21:13:33+00:00 machine gtk-status-bar[1205]: 2026-07-13T21:13:32.856156Z DEBUG gtk_status_bar::pw: ✅ Processing metadata.name == default
2026-07-13T21:13:33+00:00 machine gtk-status-bar[1205]: 2026-07-13T21:13:32.856178Z DEBUG gtk_status_bar::pw: 📋 Found metadata object: Some(DictRef { flags: Flags(0x0), entries: {"metadata.name": "default", "factory.id": "7", "module.id": "6", "client.id": "35", "object.serial": "41"} })
2026-07-13T21:13:33+00:00 machine gtk-status-bar[1205]: 2026-07-13T21:13:32.856222Z DEBUG gtk_status_bar::pw: 📋 Bound 'default' Metadata (id=3)
2026-07-13T21:13:33+00:00 machine gtk-status-bar[1205]: 2026-07-13T21:13:32.856474Z DEBUG gtk_status_bar::pw: 🚫 Skipping metadata 'filters' (props: Some(DictRef { flags: Flags(0x0), entries: {"metadata.name": "filters", "factory.id": "7", "module.id": "6", "client.id": "35", "object.serial": "43"} }))
2026-07-13T21:13:33+00:00 machine gtk-status-bar[1205]: 2026-07-13T21:13:32.856513Z DEBUG gtk_status_bar::pw: 🚫 Skipping metadata '' (props: Some(DictRef { flags: Flags(0x0), entries: {"object.serial": "42", "module.id": "2", "pipewire.protocol": "protocol-native", "pipewire.sec.pid": "1359", "pipewire.sec.uid": "1000", "pipewire.sec.gid": "100", "pipewire.sec.socket": "pipewire-0", "application.name": ".xdg-desktop-portal-hyprland-wrapped", "pipewire.access": "unrestricted"} }))
2026-07-13T21:13:33+00:00 machine gtk-status-bar[1205]: 2026-07-13T21:13:32.856541Z DEBUG gtk_status_bar::pw: 🚫 Skipping metadata 'route-settings' (props: Some(DictRef { flags: Flags(0x0), entries: {"metadata.name": "route-settings", "factory.id": "7", "module.id": "6", "client.id": "35", "object.serial": "44"} }))
2026-07-13T21:13:33+00:00 machine gtk-status-bar[1205]: 2026-07-13T21:13:32.856570Z DEBUG gtk_status_bar::pw: 🚫 Skipping metadata '' (props: Some(DictRef { flags: Flags(0x0), entries: {"object.serial": "45", "module.id": "2", "pipewire.protocol": "protocol-native", "pipewire.sec.pid": "1349", "pipewire.sec.uid": "1000", "pipewire.sec.gid": "100", "pipewire.sec.socket": "pipewire-0-manager", "application.name": "WirePlumber [export]", "pipewire.access": "unrestricted"} }))
2026-07-13T21:13:33+00:00 machine gtk-status-bar[1205]: 2026-07-13T21:13:32.856597Z DEBUG gtk_status_bar::pw: 🚫 Skipping metadata '' (props: Some(DictRef { flags: Flags(0x0), entries: {"object.serial": "46", "factory.id": "11", "client.id": "45", "priority.session": "100", "priority.driver": "1", "node.name": "Midi-Bridge", "media.class": "Midi/Bridge"} }))
2026-07-13T21:13:33+00:00 machine gtk-status-bar[1205]: 2026-07-13T21:13:32.856624Z DEBUG gtk_status_bar::pw: 🔍 Checking node - media.class: Some("Midi/Bridge")
2026-07-13T21:13:33+00:00 machine gtk-status-bar[1205]: 2026-07-13T21:13:32.856646Z DEBUG gtk_status_bar::pw: 🔍 Node filter result: false for media.class: Some("Midi/Bridge")
2026-07-13T21:13:33+00:00 machine gtk-status-bar[1205]: 2026-07-13T21:13:32.856670Z DEBUG gtk_status_bar::pw: 🚫 Skipping metadata '' (props: Some(DictRef { flags: Flags(0x0), entries: {"object.serial": "47", "object.path": "alsa:seq:default:client_14:playback_0", "format.dsp": "8 bit raw midi", "node.id": "46", "port.id": "0", "port.name": "Midi Through: Port-0 (playback)", "port.direction": "in", "port.physical": "true", "port.terminal": "true", "port.alias": "Midi Through:Midi Through Port-0", "port.group": "client_14"} }))
2026-07-13T21:13:33+00:00 machine gtk-status-bar[1205]: 2026-07-13T21:13:32.856764Z DEBUG gtk_status_bar::pw: 🚫 Skipping metadata '' (props: Some(DictRef { flags: Flags(0x0), entries: {"object.serial": "48", "object.path": "alsa:seq:default:client_14:capture_0", "format.dsp": "8 bit raw midi", "node.id": "46", "port.id": "0", "port.name": "Midi Through: Port-0 (capture)", "port.direction": "out", "port.physical": "true", "port.terminal": "true", "port.alias": "Midi Through:Midi Through Port-0", "port.group": "client_14"} }))
2026-07-13T21:13:33+00:00 machine gtk-status-bar[1205]: 2026-07-13T21:13:32.856801Z DEBUG gtk_status_bar::pw: 🚫 Skipping metadata '' (props: Some(DictRef { flags: Flags(0x0), entries: {"object.serial": "49", "factory.id": "14", "client.id": "45", "node.description": "BLE MIDI 1", "node.name": "bluez_midi.server", "media.class": "Midi/Bridge"} }))
2026-07-13T21:13:33+00:00 machine gtk-status-bar[1205]: 2026-07-13T21:13:32.856828Z DEBUG gtk_status_bar::pw: 🔍 Checking node - media.class: Some("Midi/Bridge")
2026-07-13T21:13:33+00:00 machine gtk-status-bar[1205]: 2026-07-13T21:13:32.856852Z DEBUG gtk_status_bar::pw: 🔍 Node filter result: false for media.class: Some("Midi/Bridge")
2026-07-13T21:13:33+00:00 machine gtk-status-bar[1205]: 2026-07-13T21:13:32.856890Z DEBUG gtk_status_bar::pw: 🚫 Skipping metadata '' (props: Some(DictRef { flags: Flags(0x0), entries: {"object.serial": "50", "object.path": "bluez_midi.server:input_0", "format.dsp": "8 bit raw midi", "node.id": "49", "port.id": "0", "port.name": "in", "port.direction": "in", "port.physical": "true", "port.terminal": "true", "port.alias": "in", "port.group": "group.0"} }))
2026-07-13T21:13:33+00:00 machine gtk-status-bar[1205]: 2026-07-13T21:13:32.856914Z DEBUG gtk_status_bar::pw: 🚫 Skipping metadata '' (props: Some(DictRef { flags: Flags(0x0), entries: {"object.serial": "51", "object.path": "bluez_midi.server:output_0", "format.dsp": "8 bit raw midi", "node.id": "49", "port.id": "0", "port.name": "out", "port.direction": "out", "port.physical": "true", "port.terminal": "true", "port.alias": "out", "port.group": "group.0"} }))
2026-07-13T21:13:33+00:00 machine gtk-status-bar[1205]: 2026-07-13T21:13:32.856943Z DEBUG gtk_status_bar::pw: 🚫 Skipping metadata '' (props: Some(DictRef { flags: Flags(0x0), entries: {"object.serial": "52", "module.id": "2", "pipewire.protocol": "protocol-native", "pipewire.sec.pid": "1205", "pipewire.sec.uid": "1000", "pipewire.sec.gid": "100", "pipewire.sec.socket": "pipewire-0", "application.name": ".gtk-status-bar-wrapped", "pipewire.access": "unrestricted"} }))
2026-07-13T21:13:33+00:00 machine gtk-status-bar[1205]: 2026-07-13T21:13:33.001657Z DEBUG gtk_status_bar::widgets: Updating time label:  9:13 PM
2026-07-13T21:13:33+00:00 machine gtk-status-bar[1205]: 2026-07-13T21:13:33.082824Z  INFO gtk_status_bar::tray: Status notifier item registered item=":1.42/StatusNotifierItem"
2026-07-13T21:13:33+00:00 machine gtk-status-bar[1205]: 2026-07-13T21:13:33.297888Z  INFO gtk_status_bar::widgets: Added system tray item item=":1.42/StatusNotifierItem"
2026-07-13T21:13:33+00:00 machine gtk-status-bar[1205]: 2026-07-13T21:13:33.379791Z  INFO gtk_status_bar::hypr: Starting workspace event listener
2026-07-13T21:13:33+00:00 machine gtk-status-bar[1205]: 2026-07-13T21:13:33.422631Z  INFO gtk_status_bar::hypr: Starting title event listener
2026-07-13T21:13:33+00:00 machine gtk-status-bar[1205]: 2026-07-13T21:13:33.478360Z DEBUG gtk_status_bar::widgets: Updating workspace - label: 'Workspace u', color for workspace: 1
2026-07-13T21:13:33+00:00 machine gtk-status-bar[1205]: 2026-07-13T21:13:33.478460Z DEBUG gtk_status_bar::widgets: Updated title widget color to: rgba(122, 162, 247, 0.5) for workspace: 1
2026-07-13T21:13:33+00:00 machine gtk-status-bar[1205]: 2026-07-13T21:13:33.478526Z DEBUG gtk_status_bar::widgets: Updating workspace client strip workspace_id=1 client_count=0
2026-07-13T21:13:33+00:00 machine gtk-status-bar[1205]: 2026-07-13T21:13:33.623227Z DEBUG gtk_status_bar::pw: 🚫 Skipping metadata '' (props: Some(DictRef { flags: Flags(0x0), entries: {"object.serial": "53", "module.id": "2", "pipewire.protocol": "protocol-native", "pipewire.sec.pid": "1408", "pipewire.sec.uid": "1000", "pipewire.sec.gid": "100", "pipewire.sec.socket": "pipewire-0", "application.name": "pipewire", "pipewire.access": "unrestricted"} }))
2026-07-13T21:13:33+00:00 machine gtk-status-bar[1205]: 2026-07-13T21:13:33.654664Z DEBUG gtk_status_bar::pw: 🚫 Skipping metadata '' (props: Some(DictRef { flags: Flags(0x0), entries: {"object.serial": "54", "factory.id": "19", "client.id": "53", "node.description": "Dummy Output", "node.name": "auto_null", "media.class": "Audio/Sink"} }))
2026-07-13T21:13:33+00:00 machine gtk-status-bar[1205]: 2026-07-13T21:13:33.654767Z DEBUG gtk_status_bar::pw: 🔍 Checking node - media.class: Some("Audio/Sink")
2026-07-13T21:13:33+00:00 machine gtk-status-bar[1205]: 2026-07-13T21:13:33.654800Z DEBUG gtk_status_bar::pw: 🔍 Node filter result: true for media.class: Some("Audio/Sink")
2026-07-13T21:13:33+00:00 machine gtk-status-bar[1205]: 2026-07-13T21:13:33.654840Z DEBUG gtk_status_bar::pw: 📱 Monitoring audio node: Dummy Output (4) [node.name: auto_null]
2026-07-13T21:13:33+00:00 machine gtk-status-bar[1205]: 2026-07-13T21:13:33.654859Z DEBUG gtk_status_bar::pw: 🔗 ADDING NODE LISTENER for node.name: auto_null
2026-07-13T21:13:33+00:00 machine gtk-status-bar[1205]: 2026-07-13T21:13:33.654881Z DEBUG gtk_status_bar::pw: 📝 Added device to HashMap: 4 -> (auto_null, Dummy Output, no volume yet)
2026-07-13T21:13:33+00:00 machine gtk-status-bar[1205]: 2026-07-13T21:13:33.654898Z DEBUG gtk_status_bar::pw: 🗂️ Current device map size: 1
2026-07-13T21:13:33+00:00 machine gtk-status-bar[1205]: 2026-07-13T21:13:33.655576Z DEBUG gtk_status_bar::pw: 🚫 Skipping metadata '' (props: Some(DictRef { flags: Flags(0x0), entries: {"object.serial": "55", "module.id": "2", "pipewire.protocol": "protocol-native", "pipewire.sec.pid": "1408", "pipewire.sec.uid": "1000", "pipewire.sec.gid": "100", "pipewire.sec.socket": "pipewire-0", "application.name": "Blueman", "pipewire.access": "unrestricted"} }))
2026-07-13T21:13:33+00:00 machine gtk-status-bar[1205]: 2026-07-13T21:13:33.658332Z DEBUG gtk_status_bar::pw: 🎛️  NODE PARAM CALLBACK: Dummy Output (4) received Props param
2026-07-13T21:13:33+00:00 machine gtk-status-bar[1205]: 2026-07-13T21:13:33.661028Z DEBUG gtk_status_bar::pw: 🔊 Node 4: Dummy Output - Vol: Some(100)% | Ch: Some(100)% | Mute: Some(false) [CACHING]
2026-07-13T21:13:33+00:00 machine gtk-status-bar[1205]: 2026-07-13T21:13:33.661054Z DEBUG gtk_status_bar::pw: 📝 Updated volume cache for device 4: Dummy Output -> Vol: Some(100)%, Ch: Some(100)%, Mute: Some(false)
2026-07-13T21:13:33+00:00 machine gtk-status-bar[1205]: 2026-07-13T21:13:33.661074Z DEBUG gtk_status_bar::pw: 🎯 Checking if device 4 is default: current_default=None, node_name=auto_null, is_default=false
2026-07-13T21:13:33+00:00 machine gtk-status-bar[1205]: 2026-07-13T21:13:33.661095Z DEBUG gtk_status_bar::pw: 📊 Cached volume for non-default device 4 (Dummy Output)
2026-07-13T21:13:33+00:00 machine gtk-status-bar[1205]: 2026-07-13T21:13:33.661120Z ERROR gtk_status_bar::pw: ❌ PipeWire error id:4 seq:5 res:-2: enum params id:13 (Spa:Enum:ParamId:Route) failed
2026-07-13T21:13:33+00:00 machine gtk-status-bar[1205]: 2026-07-13T21:13:33.676213Z DEBUG gtk_status_bar::pw: 🎛️  NODE PARAM CALLBACK: Dummy Output (4) received Props param
2026-07-13T21:13:33+00:00 machine gtk-status-bar[1205]: 2026-07-13T21:13:33.676245Z DEBUG gtk_status_bar::pw: 🔊 Node 4: Dummy Output - Vol: Some(100)% | Ch: Some(100)% | Mute: Some(false) [CACHING]
2026-07-13T21:13:33+00:00 machine gtk-status-bar[1205]: 2026-07-13T21:13:33.676262Z DEBUG gtk_status_bar::pw: 📝 Updated volume cache for device 4: Dummy Output -> Vol: Some(100)%, Ch: Some(100)%, Mute: Some(false)
2026-07-13T21:13:33+00:00 machine gtk-status-bar[1205]: 2026-07-13T21:13:33.676279Z DEBUG gtk_status_bar::pw: 🎯 Checking if device 4 is default: current_default=None, node_name=auto_null, is_default=false
2026-07-13T21:13:33+00:00 machine gtk-status-bar[1205]: 2026-07-13T21:13:33.676294Z DEBUG gtk_status_bar::pw: 📊 Cached volume for non-default device 4 (Dummy Output)
2026-07-13T21:13:33+00:00 machine gtk-status-bar[1205]: 2026-07-13T21:13:33.676311Z DEBUG gtk_status_bar::pw: 🎛️  NODE PARAM CALLBACK: Dummy Output (4) received Props param
2026-07-13T21:13:33+00:00 machine gtk-status-bar[1205]: 2026-07-13T21:13:33.676327Z DEBUG gtk_status_bar::pw: 🔊 Node 4: Dummy Output - Vol: Some(100)% | Ch: Some(100)% | Mute: Some(false) [CACHING]
2026-07-13T21:13:33+00:00 machine gtk-status-bar[1205]: 2026-07-13T21:13:33.676341Z DEBUG gtk_status_bar::pw: 📝 Updated volume cache for device 4: Dummy Output -> Vol: Some(100)%, Ch: Some(100)%, Mute: Some(false)
2026-07-13T21:13:33+00:00 machine gtk-status-bar[1205]: 2026-07-13T21:13:33.676356Z DEBUG gtk_status_bar::pw: 🎯 Checking if device 4 is default: current_default=None, node_name=auto_null, is_default=false
2026-07-13T21:13:33+00:00 machine gtk-status-bar[1205]: 2026-07-13T21:13:33.676371Z DEBUG gtk_status_bar::pw: 📊 Cached volume for non-default device 4 (Dummy Output)
2026-07-13T21:13:33+00:00 machine gtk-status-bar[1205]: 2026-07-13T21:13:33.676391Z DEBUG gtk_status_bar::pw: 🚫 Skipping metadata '' (props: Some(DictRef { flags: Flags(0x0), entries: {"object.serial": "56", "object.path": "auto_null:playback_0", "format.dsp": "32 bit float mono audio", "node.id": "54", "audio.channel": "FL", "port.id": "0", "port.name": "playback_FL", "port.direction": "in", "port.alias": "Dummy Output:playback_FL", "port.group": "stream.0"} }))
2026-07-13T21:13:33+00:00 machine gtk-status-bar[1205]: 2026-07-13T21:13:33.676413Z DEBUG gtk_status_bar::pw: 🚫 Skipping metadata '' (props: Some(DictRef { flags: Flags(0x0), entries: {"object.serial": "57", "object.path": "auto_null:playback_1", "format.dsp": "32 bit float mono audio", "node.id": "54", "audio.channel": "FR", "port.id": "1", "port.name": "playback_FR", "port.direction": "in", "port.alias": "Dummy Output:playback_FR", "port.group": "stream.0"} }))
2026-07-13T21:13:33+00:00 machine gtk-status-bar[1205]: 2026-07-13T21:13:33.676437Z DEBUG gtk_status_bar::pw: 🚫 Skipping metadata '' (props: Some(DictRef { flags: Flags(0x0), entries: {"object.serial": "58", "object.path": "auto_null:monitor_0", "format.dsp": "32 bit float mono audio", "node.id": "54", "audio.channel": "FL", "port.id": "0", "port.name": "monitor_FL", "port.direction": "out", "port.monitor": "true", "port.alias": "Dummy Output:monitor_FL", "port.group": "stream.0"} }))
2026-07-13T21:13:33+00:00 machine gtk-status-bar[1205]: 2026-07-13T21:13:33.676461Z DEBUG gtk_status_bar::pw: 🚫 Skipping metadata '' (props: Some(DictRef { flags: Flags(0x0), entries: {"object.serial": "59", "object.path": "auto_null:monitor_1", "format.dsp": "32 bit float mono audio", "node.id": "54", "audio.channel": "FR", "port.id": "1", "port.name": "monitor_FR", "port.direction": "out", "port.monitor": "true", "port.alias": "Dummy Output:monitor_FR", "port.group": "stream.0"} }))
2026-07-13T21:13:33+00:00 machine gtk-status-bar[1205]: 2026-07-13T21:13:33.676484Z DEBUG gtk_status_bar::pw: 🎛️  NODE PARAM CALLBACK: Dummy Output (4) received Props param
2026-07-13T21:13:33+00:00 machine gtk-status-bar[1205]: 2026-07-13T21:13:33.676506Z DEBUG gtk_status_bar::pw: 🔊 Node 4: Dummy Output - Vol: Some(100)% | Ch: Some(100)% | Mute: Some(false) [CACHING]
2026-07-13T21:13:33+00:00 machine gtk-status-bar[1205]: 2026-07-13T21:13:33.676524Z DEBUG gtk_status_bar::pw: 📝 Updated volume cache for device 4: Dummy Output -> Vol: Some(100)%, Ch: Some(100)%, Mute: Some(false)
2026-07-13T21:13:33+00:00 machine gtk-status-bar[1205]: 2026-07-13T21:13:33.676541Z DEBUG gtk_status_bar::pw: 🎯 Checking if device 4 is default: current_default=None, node_name=auto_null, is_default=false
2026-07-13T21:13:33+00:00 machine gtk-status-bar[1205]: 2026-07-13T21:13:33.676558Z DEBUG gtk_status_bar::pw: 📊 Cached volume for non-default device 4 (Dummy Output)
2026-07-13T21:13:33+00:00 machine gtk-status-bar[1205]: 2026-07-13T21:13:33.684810Z DEBUG gtk_status_bar::pw: 🎛️  NODE PARAM CALLBACK: Dummy Output (4) received Props param
2026-07-13T21:13:33+00:00 machine gtk-status-bar[1205]: 2026-07-13T21:13:33.684847Z DEBUG gtk_status_bar::pw: 🔊 Node 4: Dummy Output - Vol: Some(100)% | Ch: Some(100)% | Mute: Some(false) [CACHING]
2026-07-13T21:13:33+00:00 machine gtk-status-bar[1205]: 2026-07-13T21:13:33.684867Z DEBUG gtk_status_bar::pw: 📝 Updated volume cache for device 4: Dummy Output -> Vol: Some(100)%, Ch: Some(100)%, Mute: Some(false)
2026-07-13T21:13:33+00:00 machine gtk-status-bar[1205]: 2026-07-13T21:13:33.684886Z DEBUG gtk_status_bar::pw: 🎯 Checking if device 4 is default: current_default=None, node_name=auto_null, is_default=false
2026-07-13T21:13:33+00:00 machine gtk-status-bar[1205]: 2026-07-13T21:13:33.684904Z DEBUG gtk_status_bar::pw: 📊 Cached volume for non-default device 4 (Dummy Output)
2026-07-13T21:13:33+00:00 machine gtk-status-bar[1205]: 2026-07-13T21:13:33.693167Z DEBUG gtk_status_bar::pw: 📝 metadata.property subject=0 key=Some("default.audio.sink") value=Some("{\"name\":\"auto_null\"}")
2026-07-13T21:13:33+00:00 machine gtk-status-bar[1205]: 2026-07-13T21:13:33.693198Z DEBUG gtk_status_bar::pw: 🔍 Processing metadata property: default.audio.sink={"name":"auto_null"}
2026-07-13T21:13:33+00:00 machine gtk-status-bar[1205]: 2026-07-13T21:13:33.694320Z  INFO gtk_status_bar::pw: 🔄 Default sink -> auto_null
2026-07-13T21:13:33+00:00 machine gtk-status-bar[1205]: 2026-07-13T21:13:33.694347Z DEBUG gtk_status_bar::pw: 🎯 SINK CHANGE: None -> auto_null (should trigger volume fetch)
2026-07-13T21:13:33+00:00 machine gtk-status-bar[1205]: 2026-07-13T21:13:33.694364Z DEBUG gtk_status_bar::pw: 🗂️ Searching device map for default sink 'auto_null'
2026-07-13T21:13:33+00:00 machine gtk-status-bar[1205]: 2026-07-13T21:13:33.694382Z DEBUG gtk_status_bar::pw: 🗂️ Current device map contents: {4: ("auto_null", "Dummy Output", Some(100), Some(100), Some(false))}
2026-07-13T21:13:33+00:00 machine gtk-status-bar[1205]: 2026-07-13T21:13:33.694402Z DEBUG gtk_status_bar::pw: 🔍 Checking device 4: node_name='auto_null', description='Dummy Output' against default sink 'auto_null'
2026-07-13T21:13:33+00:00 machine gtk-status-bar[1205]: 2026-07-13T21:13:33.694418Z DEBUG gtk_status_bar::pw: 🎯 MATCH! Found device 4 with node_name 'auto_null' matching default sink
2026-07-13T21:13:33+00:00 machine gtk-status-bar[1205]: 2026-07-13T21:13:33.694433Z DEBUG gtk_status_bar::pw: 🎨 Updating GUI label to: 'Dummy Output' with cached volume data
2026-07-13T21:13:33+00:00 machine gtk-status-bar[1205]: 2026-07-13T21:13:33.694448Z DEBUG gtk_status_bar::pw: 💾 Cached volume data: Vol: Some(100)%, Ch: Some(100)%, Mute: Some(false)
2026-07-13T21:13:33+00:00 machine gtk-status-bar[1205]: 2026-07-13T21:13:33.694474Z DEBUG gtk_status_bar::pw: ✅ Sent REAL volume data to GUI: 'Dummy Output' Vol: Some(100)%, Ch: Some(100)%, Mute: Some(false)
2026-07-13T21:13:33+00:00 machine gtk-status-bar[1205]: 2026-07-13T21:13:33.694859Z DEBUG gtk_status_bar::widgets: 📺 GTK UI updated via ASYNC: 🔊D100
2026-07-13T21:13:34+00:00 machine gtk-status-bar[1205]: 2026-07-13T21:13:34.001180Z DEBUG gtk_status_bar::widgets: Updating time label:  9:13 PM
2026-07-13T21:13:34+00:00 machine gtk-status-bar[1205]: 2026-07-13T21:13:34.833675Z  INFO gtk_status_bar::network: Network reachability probe completed target=192.0.2.1 success=false elapsed_ms=17
2026-07-13T21:13:34+00:00 machine gtk-status-bar[1205]: 2026-07-13T21:13:34.833970Z DEBUG gtk_status_bar::network: Sent network update label="\u{f0925} 73% ?"
2026-07-13T21:13:34+00:00 machine gtk-status-bar[1205]: 2026-07-13T21:13:34.834366Z DEBUG gtk_status_bar::widgets: Updating network label: 󰤥 73% ?
2026-07-13T21:13:34+00:00 machine gtk-status-bar[1205]: 2026-07-13T21:13:34.861166Z  INFO gtk_status_bar::tray: Status notifier item registered item=":1.46/org/blueman/sni"
2026-07-13T21:13:34+00:00 machine gtk-status-bar[1205]: 2026-07-13T21:13:34.892162Z DEBUG gtk_status_bar::tray: Tray item property is unavailable property="IconPixmap" error=org.freedesktop.DBus.Error.InvalidArgs: No such property “IconPixmap”
2026-07-13T21:13:34+00:00 machine gtk-status-bar[1205]: 2026-07-13T21:13:34.893857Z DEBUG gtk_status_bar::tray: Tray item property is unavailable property="IconThemePath" error=org.freedesktop.DBus.Error.InvalidArgs: No such property “IconThemePath”
2026-07-13T21:13:34+00:00 machine gtk-status-bar[1205]: 2026-07-13T21:13:34.935434Z  INFO gtk_status_bar::widgets: Added system tray item item=":1.46/org/blueman/sni"
2026-07-13T21:13:35+00:00 machine gtk-status-bar[1205]: 2026-07-13T21:13:35.000568Z DEBUG gtk_status_bar::widgets: Updating time label:  9:13 PM
2026-07-13T21:13:36+00:00 machine gtk-status-bar[1205]: 2026-07-13T21:13:36.000983Z DEBUG gtk_status_bar::widgets: Updating time label:  9:13 PM
2026-07-13T21:13:36+00:00 machine gtk-status-bar[1205]: 2026-07-13T21:13:36.342015Z  INFO gtk_status_bar::network: Network reachability probe completed target=192.0.2.1 success=false elapsed_ms=23
2026-07-13T21:13:36+00:00 machine gtk-status-bar[1205]: 2026-07-13T21:13:36.342075Z DEBUG gtk_status_bar::network: Sent network update label="\u{f0925} 73% ×"
2026-07-13T21:13:36+00:00 machine gtk-status-bar[1205]: 2026-07-13T21:13:36.342351Z DEBUG gtk_status_bar::widgets: Updating network label: 󰤥 73% ×
2026-07-13T21:13:36+00:00 machine gtk-status-bar[1205]: 2026-07-13T21:13:36.566986Z  INFO gtk_status_bar::network: Network reachability probe completed target=198.51.100.1 success=false elapsed_ms=17
2026-07-13T21:13:36+00:00 machine gtk-status-bar[1205]: 2026-07-13T21:13:36.567031Z DEBUG gtk_status_bar::network: Sent network update label="\u{f0925} 73% ×"
2026-07-13T21:13:36+00:00 machine gtk-status-bar[1205]: 2026-07-13T21:13:36.567210Z DEBUG gtk_status_bar::widgets: Updating network label: 󰤥 73% ×
2026-07-13T21:13:37+00:00 machine gtk-status-bar[1205]: 2026-07-13T21:13:37.001835Z DEBUG gtk_status_bar::widgets: Updating time label:  9:13 PM
2026-07-13T21:13:38+00:00 machine gtk-status-bar[1205]: 2026-07-13T21:13:38.001980Z DEBUG gtk_status_bar::widgets: Updating time label:  9:13 PM
2026-07-13T21:13:38+00:00 machine gtk-status-bar[1205]: 2026-07-13T21:13:38.378999Z  INFO gtk_status_bar::network: Network reachability probe completed target=192.0.2.1 success=false elapsed_ms=29
2026-07-13T21:13:38+00:00 machine gtk-status-bar[1205]: 2026-07-13T21:13:38.379056Z DEBUG gtk_status_bar::network: Sent network update label="\u{f0925} 73% ×"
2026-07-13T21:13:38+00:00 machine gtk-status-bar[1205]: 2026-07-13T21:13:38.379224Z DEBUG gtk_status_bar::widgets: Updating network label: 󰤥 73% ×
2026-07-13T21:13:39+00:00 machine gtk-status-bar[1205]: 2026-07-13T21:13:39.002246Z DEBUG gtk_status_bar::widgets: Updating time label:  9:13 PM
2026-07-13T21:13:40+00:00 machine gtk-status-bar[1205]: 2026-07-13T21:13:40.002056Z DEBUG gtk_status_bar::widgets: Updating time label:  9:13 PM
2026-07-13T21:13:40+00:00 machine gtk-status-bar[1205]: 2026-07-13T21:13:40.336354Z  INFO gtk_status_bar::network: Network reachability probe completed target=198.51.100.1 success=false elapsed_ms=10
2026-07-13T21:13:40+00:00 machine gtk-status-bar[1205]: 2026-07-13T21:13:40.336400Z DEBUG gtk_status_bar::network: Sent network update label="\u{f0925} 73% ×"
2026-07-13T21:13:40+00:00 machine gtk-status-bar[1205]: 2026-07-13T21:13:40.336672Z DEBUG gtk_status_bar::widgets: Updating network label: 󰤥 73% ×
2026-07-13T21:13:40+00:00 machine gtk-status-bar[1205]: 2026-07-13T21:13:40.877410Z  INFO gtk_status_bar::network: Network reachability probe completed target=192.0.2.1 success=true elapsed_ms=22
2026-07-13T21:13:40+00:00 machine gtk-status-bar[1205]: 2026-07-13T21:13:40.877466Z DEBUG gtk_status_bar::network: Sent network update label="\u{f0925} 73% \u{f0ac}"
2026-07-13T21:13:40+00:00 machine gtk-status-bar[1205]: 2026-07-13T21:13:40.877777Z DEBUG gtk_status_bar::widgets: Updating network label: 󰤥 73% 
2026-07-13T21:13:41+00:00 machine gtk-status-bar[1205]: 2026-07-13T21:13:41.000602Z DEBUG gtk_status_bar::widgets: Updating time label:  9:13 PM
2026-07-13T21:13:41+00:00 machine gtk-status-bar[1205]: 2026-07-13T21:13:41.794947Z  INFO gtk_status_bar::network: Network reachability probe completed target=198.51.100.1 success=false elapsed_ms=9
2026-07-13T21:13:41+00:00 machine gtk-status-bar[1205]: 2026-07-13T21:13:41.794996Z DEBUG gtk_status_bar::network: Sent network update label="\u{f0925} 73% \u{f0ac}"
2026-07-13T21:13:41+00:00 machine gtk-status-bar[1205]: 2026-07-13T21:13:41.795184Z DEBUG gtk_status_bar::widgets: Updating network label: 󰤥 73% 
2026-07-13T21:13:41+00:00 machine gtk-status-bar[1205]: 2026-07-13T21:13:41.886653Z DEBUG gtk_status_bar::network: Sent network update label="\u{f091f} 28% \u{f0ac}"
2026-07-13T21:13:41+00:00 machine gtk-status-bar[1205]: 2026-07-13T21:13:41.886934Z DEBUG gtk_status_bar::widgets: Updating network label: 󰤟 28% 
2026-07-13T21:13:42+00:00 machine gtk-status-bar[1205]: 2026-07-13T21:13:42.001158Z DEBUG gtk_status_bar::widgets: Updating time label:  9:13 PM
2026-07-13T21:13:42+00:00 machine gtk-status-bar[1205]: 2026-07-13T21:13:42.457372Z DEBUG gtk_status_bar::network: Sent network update label="\u{f0200} ?"
2026-07-13T21:13:42+00:00 machine gtk-status-bar[1205]: 2026-07-13T21:13:42.457951Z DEBUG gtk_status_bar::widgets: Updating network label: 󰈀 ?
2026-07-13T21:13:42+00:00 machine gtk-status-bar[1205]: 2026-07-13T21:13:42.479690Z  INFO gtk_status_bar::network: Network reachability probe completed target=198.51.100.1 success=false elapsed_ms=17
2026-07-13T21:13:42+00:00 machine gtk-status-bar[1205]: 2026-07-13T21:13:42.479805Z DEBUG gtk_status_bar::network: Sent network update label="\u{f0200} ?"
2026-07-13T21:13:42+00:00 machine gtk-status-bar[1205]: 2026-07-13T21:13:42.480042Z DEBUG gtk_status_bar::widgets: Updating network label: 󰈀 ?
2026-07-13T21:13:43+00:00 machine gtk-status-bar[1205]: 2026-07-13T21:13:43.001413Z DEBUG gtk_status_bar::widgets: Updating time label:  9:13 PM
2026-07-13T21:13:43+00:00 machine gtk-status-bar[1205]: 2026-07-13T21:13:43.725359Z  INFO gtk_status_bar::network: Network reachability probe completed target=192.0.2.1 success=true elapsed_ms=11
2026-07-13T21:13:43+00:00 machine gtk-status-bar[1205]: 2026-07-13T21:13:43.725451Z DEBUG gtk_status_bar::network: Sent network update label="\u{f0200} \u{f0ac}"
2026-07-13T21:13:43+00:00 machine gtk-status-bar[1205]: 2026-07-13T21:13:43.725935Z DEBUG gtk_status_bar::widgets: Updating network label: 󰈀 
2026-07-13T21:13:44+00:00 machine gtk-status-bar[1205]: 2026-07-13T21:13:44.001105Z DEBUG gtk_status_bar::widgets: Updating time label:  9:13 PM
2026-07-13T21:13:44+00:00 machine gtk-status-bar[1205]: 2026-07-13T21:13:44.442018Z  INFO gtk_status_bar::network: Network reachability probe completed target=198.51.100.1 success=false elapsed_ms=22
2026-07-13T21:13:44+00:00 machine gtk-status-bar[1205]: 2026-07-13T21:13:44.442070Z DEBUG gtk_status_bar::network: Sent network update label="\u{f0200} \u{f0ac}"
2026-07-13T21:13:44+00:00 machine gtk-status-bar[1205]: 2026-07-13T21:13:44.442252Z DEBUG gtk_status_bar::widgets: Updating network label: 󰈀 
2026-07-13T21:13:45+00:00 machine gtk-status-bar[1205]: 2026-07-13T21:13:45.000972Z DEBUG gtk_status_bar::widgets: Updating time label:  9:13 PM
2026-07-13T21:13:45+00:00 machine gtk-status-bar[1205]: 2026-07-13T21:13:45.143783Z DEBUG gtk_status_bar::network: Sent network update label="\u{f0c9b} ×"
2026-07-13T21:13:45+00:00 machine gtk-status-bar[1205]: 2026-07-13T21:13:45.144239Z DEBUG gtk_status_bar::widgets: Updating network label: 󰲛 ×
2026-07-13T21:13:45+00:00 machine gtk-status-bar[1205]: 2026-07-13T21:13:45.157211Z DEBUG gtk_status_bar::network: Sent network update label="\u{f0c9b} ×"
2026-07-13T21:13:45+00:00 machine gtk-status-bar[1205]: 2026-07-13T21:13:45.158904Z DEBUG gtk_status_bar::widgets: Updating network label: 󰲛 ×
2026-07-13T21:13:45+00:00 machine gtk-status-bar[1205]: 2026-07-13T21:13:45.167187Z DEBUG gtk_status_bar::network: Sent network update label="\u{f0c9b} ×"
2026-07-13T21:13:45+00:00 machine gtk-status-bar[1205]: 2026-07-13T21:13:45.167588Z DEBUG gtk_status_bar::widgets: Updating network label: 󰲛 ×
2026-07-13T21:13:45+00:00 machine gtk-status-bar[1205]: 2026-07-13T21:13:45.711991Z DEBUG gtk_status_bar::network: Sent network update label="\u{f0c9b} ×"
2026-07-13T21:13:45+00:00 machine gtk-status-bar[1205]: 2026-07-13T21:13:45.712376Z DEBUG gtk_status_bar::widgets: Updating network label: 󰲛 ×
2026-07-13T21:13:45+00:00 machine gtk-status-bar[1205]: 2026-07-13T21:13:45.738393Z DEBUG gtk_status_bar::network: Sent network update label="\u{f091f} 28% ?"
2026-07-13T21:13:45+00:00 machine gtk-status-bar[1205]: 2026-07-13T21:13:45.738611Z DEBUG gtk_status_bar::widgets: Updating network label: 󰤟 28% ?
2026-07-13T21:13:45+00:00 machine gtk-status-bar[1205]: 2026-07-13T21:13:45.745337Z DEBUG gtk_status_bar::network: Sent network update label="\u{f091f} 28% ?"
2026-07-13T21:13:45+00:00 machine gtk-status-bar[1205]: 2026-07-13T21:13:45.753185Z DEBUG gtk_status_bar::widgets: Updating network label: 󰤟 28% ?
2026-07-13T21:13:45+00:00 machine gtk-status-bar[1205]: 2026-07-13T21:13:45.760909Z  INFO gtk_status_bar::network: Network reachability probe completed target=192.0.2.1 success=true elapsed_ms=13
2026-07-13T21:13:45+00:00 machine gtk-status-bar[1205]: 2026-07-13T21:13:45.760977Z DEBUG gtk_status_bar::network: Sent network update label="\u{f091f} 28% \u{f0ac}"
2026-07-13T21:13:45+00:00 machine gtk-status-bar[1205]: 2026-07-13T21:13:45.761183Z DEBUG gtk_status_bar::widgets: Updating network label: 󰤟 28% 
2026-07-13T21:13:45+00:00 machine gtk-status-bar[1205]: 2026-07-13T21:13:45.769328Z DEBUG gtk_status_bar::network: Sent network update label="\u{f091f} 28% \u{f0ac}"
2026-07-13T21:13:45+00:00 machine gtk-status-bar[1205]: 2026-07-13T21:13:45.769638Z DEBUG gtk_status_bar::widgets: Updating network label: 󰤟 28% 
2026-07-13T21:13:46+00:00 machine gtk-status-bar[1205]: 2026-07-13T21:13:46.001475Z DEBUG gtk_status_bar::widgets: Updating time label:  9:13 PM
2026-07-13T21:13:46+00:00 machine gtk-status-bar[1205]: 2026-07-13T21:13:46.014560Z DEBUG gtk_status_bar::hypr: Handling workspace change event
2026-07-13T21:13:46+00:00 machine gtk-status-bar[1205]: 2026-07-13T21:13:46.014603Z DEBUG gtk_status_bar::hypr: Workspace changed to: Workspace i
2026-07-13T21:13:46+00:00 machine gtk-status-bar[1205]: 2026-07-13T21:13:46.014562Z DEBUG gtk_status_bar::hypr: Refreshing clients for workspace change workspace=WorkspaceEventData { name: Regular("i"), id: 2 }
2026-07-13T21:13:46+00:00 machine gtk-status-bar[1205]: 2026-07-13T21:13:46.014894Z DEBUG gtk_status_bar::widgets: Updating workspace - label: 'Workspace i', color for workspace: 2
2026-07-13T21:13:46+00:00 machine gtk-status-bar[1205]: 2026-07-13T21:13:46.015048Z DEBUG gtk_status_bar::widgets: Updated title widget color to: rgba(125, 207, 255, 0.5) for workspace: 2
2026-07-13T21:13:46+00:00 machine gtk-status-bar[1205]: 2026-07-13T21:13:46.051447Z DEBUG gtk_status_bar::hypr: Refreshing current workspace clients reason="workspace-changed" workspace_id=2 client_count=0
2026-07-13T21:13:46+00:00 machine gtk-status-bar[1205]: 2026-07-13T21:13:46.051988Z DEBUG gtk_status_bar::widgets: Updating workspace client strip workspace_id=2 client_count=0
2026-07-13T21:13:46+00:00 machine gtk-status-bar[1205]: 2026-07-13T21:13:46.948555Z  INFO gtk_status_bar::network: Network reachability probe completed target=192.0.2.1 success=true elapsed_ms=14
2026-07-13T21:13:46+00:00 machine gtk-status-bar[1205]: 2026-07-13T21:13:46.948613Z DEBUG gtk_status_bar::network: Sent network update label="\u{f091f} 28% \u{f0ac}"
2026-07-13T21:13:46+00:00 machine gtk-status-bar[1205]: 2026-07-13T21:13:46.948852Z DEBUG gtk_status_bar::widgets: Updating network label: 󰤟 28% 
2026-07-13T21:13:47+00:00 machine gtk-status-bar[1205]: 2026-07-13T21:13:47.001335Z DEBUG gtk_status_bar::widgets: Updating time label:  9:13 PM
2026-07-13T21:13:48+00:00 machine gtk-status-bar[1205]: 2026-07-13T21:13:48.002079Z DEBUG gtk_status_bar::widgets: Updating time label:  9:13 PM
2026-07-13T21:13:48+00:00 machine gtk-status-bar[1205]: 2026-07-13T21:13:48.414098Z  INFO gtk_status_bar::network: Network reachability probe completed target=198.51.100.1 success=false elapsed_ms=10
2026-07-13T21:13:48+00:00 machine gtk-status-bar[1205]: 2026-07-13T21:13:48.414143Z DEBUG gtk_status_bar::network: Sent network update label="\u{f091f} 28% \u{f0ac}"
2026-07-13T21:13:48+00:00 machine gtk-status-bar[1205]: 2026-07-13T21:13:48.414318Z DEBUG gtk_status_bar::widgets: Updating network label: 󰤟 28% 
2026-07-13T21:13:48+00:00 machine gtk-status-bar[1205]: 2026-07-13T21:13:48.611567Z DEBUG gtk_status_bar::hypr: Refreshing clients for workspace change workspace=WorkspaceEventData { name: Regular("c"), id: 10 }
2026-07-13T21:13:48+00:00 machine gtk-status-bar[1205]: 2026-07-13T21:13:48.611667Z DEBUG gtk_status_bar::hypr: Handling workspace change event
2026-07-13T21:13:48+00:00 machine gtk-status-bar[1205]: 2026-07-13T21:13:48.611776Z DEBUG gtk_status_bar::hypr: Workspace changed to: Workspace c
2026-07-13T21:13:48+00:00 machine gtk-status-bar[1205]: 2026-07-13T21:13:48.612669Z DEBUG gtk_status_bar::widgets: Updating workspace - label: 'Workspace c', color for workspace: 10
2026-07-13T21:13:48+00:00 machine gtk-status-bar[1205]: 2026-07-13T21:13:48.612917Z DEBUG gtk_status_bar::widgets: Updated title widget color to: rgba(13, 185, 215, 0.5) for workspace: 10
2026-07-13T21:13:48+00:00 machine gtk-status-bar[1205]: 2026-07-13T21:13:48.630677Z DEBUG gtk_status_bar::hypr: Refreshing current workspace clients reason="workspace-changed" workspace_id=10 client_count=0
2026-07-13T21:13:48+00:00 machine gtk-status-bar[1205]: 2026-07-13T21:13:48.630898Z DEBUG gtk_status_bar::widgets: Updating workspace client strip workspace_id=10 client_count=0
2026-07-13T21:13:49+00:00 machine gtk-status-bar[1205]: 2026-07-13T21:13:49.001930Z DEBUG gtk_status_bar::widgets: Updating time label:  9:13 PM
2026-07-13T21:13:50+00:00 machine gtk-status-bar[1205]: 2026-07-13T21:13:50.002935Z DEBUG gtk_status_bar::widgets: Updating time label:  9:13 PM
2026-07-13T21:13:50+00:00 machine gtk-status-bar[1205]: 2026-07-13T21:13:50.346540Z  INFO gtk_status_bar::network: Network reachability probe completed target=192.0.2.1 success=true elapsed_ms=22
2026-07-13T21:13:50+00:00 machine gtk-status-bar[1205]: 2026-07-13T21:13:50.346646Z DEBUG gtk_status_bar::network: Sent network update label="\u{f091f} 28% \u{f0ac}"
2026-07-13T21:13:50+00:00 machine gtk-status-bar[1205]: 2026-07-13T21:13:50.347169Z DEBUG gtk_status_bar::widgets: Updating network label: 󰤟 28% 
2026-07-13T21:13:51+00:00 machine gtk-status-bar[1205]: 2026-07-13T21:13:51.001977Z DEBUG gtk_status_bar::widgets: Updating time label:  9:13 PM
2026-07-13T21:13:51+00:00 machine gtk-status-bar[1205]: 2026-07-13T21:13:51.213534Z DEBUG gtk_status_bar::hypr: Refreshing clients for workspace change workspace=WorkspaceEventData { name: Regular("11"), id: 11 }
2026-07-13T21:13:51+00:00 machine gtk-status-bar[1205]: 2026-07-13T21:13:51.213939Z DEBUG gtk_status_bar::hypr: Handling workspace change event
2026-07-13T21:13:51+00:00 machine gtk-status-bar[1205]: 2026-07-13T21:13:51.213996Z DEBUG gtk_status_bar::hypr: Workspace changed to: Workspace 11
2026-07-13T21:13:51+00:00 machine gtk-status-bar[1205]: 2026-07-13T21:13:51.214193Z DEBUG gtk_status_bar::widgets: Updating workspace - label: 'Workspace 11', color for workspace: 11
2026-07-13T21:13:51+00:00 machine gtk-status-bar[1205]: 2026-07-13T21:13:51.214422Z DEBUG gtk_status_bar::widgets: Updated title widget color to: rgba(67, 233, 123, 0.5) for workspace: 11
2026-07-13T21:13:51+00:00 machine gtk-status-bar[1205]: 2026-07-13T21:13:51.266145Z DEBUG gtk_status_bar::hypr: Refreshing current workspace clients reason="workspace-changed" workspace_id=11 client_count=0
2026-07-13T21:13:51+00:00 machine gtk-status-bar[1205]: 2026-07-13T21:13:51.266391Z DEBUG gtk_status_bar::widgets: Updating workspace client strip workspace_id=11 client_count=0
2026-07-13T21:13:52+00:00 machine gtk-status-bar[1205]: 2026-07-13T21:13:52.002139Z DEBUG gtk_status_bar::widgets: Updating time label:  9:13 PM
2026-07-13T21:13:52+00:00 machine gtk-status-bar[1205]: 2026-07-13T21:13:52.098311Z  INFO gtk_status_bar::network: Network reachability probe completed target=198.51.100.1 success=false elapsed_ms=15
2026-07-13T21:13:52+00:00 machine gtk-status-bar[1205]: 2026-07-13T21:13:52.098379Z DEBUG gtk_status_bar::network: Sent network update label="\u{f091f} 28% \u{f0ac}"
2026-07-13T21:13:52+00:00 machine gtk-status-bar[1205]: 2026-07-13T21:13:52.099461Z DEBUG gtk_status_bar::widgets: Updating network label: 󰤟 28% 
2026-07-13T21:13:52+00:00 machine gtk-status-bar[1205]: 2026-07-13T21:13:52.535210Z  INFO gtk_status_bar::network: Network reachability probe completed target=192.0.2.1 success=true elapsed_ms=27
2026-07-13T21:13:52+00:00 machine gtk-status-bar[1205]: 2026-07-13T21:13:52.535303Z DEBUG gtk_status_bar::network: Sent network update label="\u{f091f} 28% \u{f0ac}"
2026-07-13T21:13:52+00:00 machine gtk-status-bar[1205]: 2026-07-13T21:13:52.535509Z DEBUG gtk_status_bar::widgets: Updating network label: 󰤟 28% 
2026-07-13T21:13:53+00:00 machine gtk-status-bar[1205]: 2026-07-13T21:13:53.001052Z DEBUG gtk_status_bar::widgets: Updating time label:  9:13 PM
2026-07-13T21:13:53+00:00 machine gtk-status-bar[1205]: 2026-07-13T21:13:53.565612Z  INFO gtk_status_bar::network: Network reachability probe completed target=198.51.100.1 success=false elapsed_ms=12
2026-07-13T21:13:53+00:00 machine gtk-status-bar[1205]: 2026-07-13T21:13:53.565661Z DEBUG gtk_status_bar::network: Sent network update label="\u{f091f} 28% \u{f0ac}"
2026-07-13T21:13:53+00:00 machine gtk-status-bar[1205]: 2026-07-13T21:13:53.565870Z DEBUG gtk_status_bar::widgets: Updating network label: 󰤟 28% 
2026-07-13T21:13:53+00:00 machine gtk-status-bar[1205]: 2026-07-13T21:13:53.734014Z  INFO gtk_status_bar::network: Network reachability probe completed target=198.51.100.1 success=false elapsed_ms=10
2026-07-13T21:13:53+00:00 machine gtk-status-bar[1205]: 2026-07-13T21:13:53.734059Z DEBUG gtk_status_bar::network: Sent network update label="\u{f091f} 28% \u{f0ac}"
2026-07-13T21:13:53+00:00 machine gtk-status-bar[1205]: 2026-07-13T21:13:53.734234Z DEBUG gtk_status_bar::widgets: Updating network label: 󰤟 28% 
2026-07-13T21:13:53+00:00 machine gtk-status-bar[1205]: 2026-07-13T21:13:53.789291Z DEBUG gtk_status_bar::hypr: Refreshing clients for special workspace workspace=ChangedSpecialEventData { monitor_name: "Virtual-1", workspace_name: "special:evidence" }
2026-07-13T21:13:53+00:00 machine gtk-status-bar[1205]: 2026-07-13T21:13:53.789535Z DEBUG gtk_status_bar::widgets: Updating workspace - label: 'Special: evidence', color for workspace: -99
2026-07-13T21:13:53+00:00 machine gtk-status-bar[1205]: 2026-07-13T21:13:53.789840Z DEBUG gtk_status_bar::widgets: Updated title widget color to: rgba(67, 233, 123, 0.5) for workspace: -99
2026-07-13T21:13:53+00:00 machine gtk-status-bar[1205]: 2026-07-13T21:13:53.816112Z DEBUG gtk_status_bar::hypr: Refreshing current workspace clients reason="special-workspace-changed" workspace_id=11 client_count=0
2026-07-13T21:13:53+00:00 machine gtk-status-bar[1205]: 2026-07-13T21:13:53.816277Z DEBUG gtk_status_bar::widgets: Updating workspace client strip workspace_id=11 client_count=0
2026-07-13T21:13:54+00:00 machine gtk-status-bar[1205]: 2026-07-13T21:13:54.000801Z DEBUG gtk_status_bar::widgets: Updating time label:  9:13 PM
2026-07-13T21:13:55+00:00 machine gtk-status-bar[1205]: 2026-07-13T21:13:55.001978Z DEBUG gtk_status_bar::widgets: Updating time label:  9:13 PM
2026-07-13T21:13:55+00:00 machine gtk-status-bar[1205]: 2026-07-13T21:13:55.016679Z  INFO gtk_status_bar::network: Network reachability probe completed target=192.0.2.1 success=true elapsed_ms=24
2026-07-13T21:13:55+00:00 machine gtk-status-bar[1205]: 2026-07-13T21:13:55.016914Z DEBUG gtk_status_bar::network: Sent network update label="\u{f091f} 28% \u{f0ac}"
2026-07-13T21:13:55+00:00 machine gtk-status-bar[1205]: 2026-07-13T21:13:55.017101Z DEBUG gtk_status_bar::widgets: Updating network label: 󰤟 28% 
2026-07-13T21:13:55+00:00 machine gtk-status-bar[1205]: 2026-07-13T21:13:55.960098Z  INFO gtk_status_bar::network: Network reachability probe completed target=192.0.2.1 success=true elapsed_ms=13
2026-07-13T21:13:55+00:00 machine gtk-status-bar[1205]: 2026-07-13T21:13:55.960150Z DEBUG gtk_status_bar::network: Sent network update label="\u{f091f} 28% \u{f0ac}"
2026-07-13T21:13:55+00:00 machine gtk-status-bar[1205]: 2026-07-13T21:13:55.960322Z DEBUG gtk_status_bar::widgets: Updating network label: 󰤟 28% 
2026-07-13T21:13:56+00:00 machine gtk-status-bar[1205]: 2026-07-13T21:13:56.001305Z DEBUG gtk_status_bar::widgets: Updating time label:  9:13 PM
2026-07-13T21:13:56+00:00 machine gtk-status-bar[1205]: 2026-07-13T21:13:56.394055Z DEBUG gtk_status_bar::hypr: Refreshing clients after special workspace removal monitor="Virtual-1"
2026-07-13T21:13:56+00:00 machine gtk-status-bar[1205]: 2026-07-13T21:13:56.410938Z DEBUG gtk_status_bar::widgets: Updating workspace - label: 'Workspace 11', color for workspace: 11
2026-07-13T21:13:56+00:00 machine gtk-status-bar[1205]: 2026-07-13T21:13:56.411241Z DEBUG gtk_status_bar::widgets: Updated title widget color to: rgba(67, 233, 123, 0.5) for workspace: 11
2026-07-13T21:13:56+00:00 machine gtk-status-bar[1205]: 2026-07-13T21:13:56.411547Z DEBUG gtk_status_bar::hypr: Refreshing current workspace clients reason="special-workspace-removed" workspace_id=11 client_count=0
2026-07-13T21:13:56+00:00 machine gtk-status-bar[1205]: 2026-07-13T21:13:56.427862Z DEBUG gtk_status_bar::widgets: Updating workspace client strip workspace_id=11 client_count=0
2026-07-13T21:13:56+00:00 machine gtk-status-bar[1205]: 2026-07-13T21:13:56.587527Z DEBUG gtk_status_bar::hypr: Refreshing clients for special workspace workspace=ChangedSpecialEventData { monitor_name: "Virtual-1", workspace_name: "special:special" }
2026-07-13T21:13:56+00:00 machine gtk-status-bar[1205]: 2026-07-13T21:13:56.588908Z DEBUG gtk_status_bar::widgets: Updating workspace - label: 'Special: special', color for workspace: -99
2026-07-13T21:13:56+00:00 machine gtk-status-bar[1205]: 2026-07-13T21:13:56.589073Z DEBUG gtk_status_bar::widgets: Updated title widget color to: rgba(67, 233, 123, 0.5) for workspace: -99
2026-07-13T21:13:56+00:00 machine gtk-status-bar[1205]: 2026-07-13T21:13:56.631036Z DEBUG gtk_status_bar::hypr: Refreshing current workspace clients reason="special-workspace-changed" workspace_id=11 client_count=0
2026-07-13T21:13:56+00:00 machine gtk-status-bar[1205]: 2026-07-13T21:13:56.631322Z DEBUG gtk_status_bar::widgets: Updating workspace client strip workspace_id=11 client_count=0
2026-07-13T21:13:57+00:00 machine gtk-status-bar[1205]: 2026-07-13T21:13:57.001490Z DEBUG gtk_status_bar::widgets: Updating time label:  9:13 PM
2026-07-13T21:13:57+00:00 machine gtk-status-bar[1205]: 2026-07-13T21:13:57.191168Z  INFO gtk_status_bar::network: Network reachability probe completed target=198.51.100.1 success=false elapsed_ms=13
2026-07-13T21:13:57+00:00 machine gtk-status-bar[1205]: 2026-07-13T21:13:57.191268Z DEBUG gtk_status_bar::network: Sent network update label="\u{f091f} 28% \u{f0ac}"
2026-07-13T21:13:57+00:00 machine gtk-status-bar[1205]: 2026-07-13T21:13:57.191683Z DEBUG gtk_status_bar::widgets: Updating network label: 󰤟 28% 
2026-07-13T21:13:57+00:00 machine gtk-status-bar[1205]: 2026-07-13T21:13:57.919633Z DEBUG gtk_status_bar::dbus: Got an event in event stream: Msg { type: Signal, serial: 66, sender: UniqueName(":1.6"), path: ObjectPath("/org/bluez/hci0"), iface: InterfaceName("org.freedesktop.DBus.Properties"), member: MemberName("PropertiesChanged"), body: Structure(Dynamic { fields: [Str, Dict { key: Dynamic { child: Str }, value: Dynamic { child: Variant } }, Array(Dynamic { child: Str })] }), fds: [] }
2026-07-13T21:13:57+00:00 machine gtk-status-bar[1205]: 2026-07-13T21:13:57.919935Z DEBUG gtk_status_bar::dbus: Dbus monitor: Received D-Bus message from path: Some(ObjectPath("/org/bluez/hci0")), interface: Some(InterfaceName("org.freedesktop.DBus.Properties")), member: Some(MemberName("PropertiesChanged"))
2026-07-13T21:13:57+00:00 machine gtk-status-bar[1205]: 2026-07-13T21:13:57.919957Z  INFO gtk_status_bar::dbus: Dbus monitor: Received signal
2026-07-13T21:13:57+00:00 machine gtk-status-bar[1205]: 2026-07-13T21:13:57.923927Z  INFO gtk_status_bar::dbus: Dbus monitor: Received PropertiesChanged signal
2026-07-13T21:13:57+00:00 machine gtk-status-bar[1205]: 2026-07-13T21:13:57.923979Z DEBUG gtk_status_bar::dbus: Dbus monitor: Ignored PropertiesChanged for interface: "org.bluez.Adapter1"
2026-07-13T21:13:58+00:00 machine gtk-status-bar[1205]: 2026-07-13T21:13:58.001879Z DEBUG gtk_status_bar::widgets: Updating time label:  9:13 PM
2026-07-13T21:13:58+00:00 machine gtk-status-bar[1205]: 2026-07-13T21:13:58.849330Z  INFO gtk_status_bar::network: Network reachability probe completed target=198.51.100.1 success=false elapsed_ms=12
2026-07-13T21:13:58+00:00 machine gtk-status-bar[1205]: 2026-07-13T21:13:58.849378Z DEBUG gtk_status_bar::network: Sent network update label="\u{f091f} 28% \u{f0ac}"
2026-07-13T21:13:58+00:00 machine gtk-status-bar[1205]: 2026-07-13T21:13:58.849539Z DEBUG gtk_status_bar::widgets: Updating network label: 󰤟 28% 
2026-07-13T21:13:59+00:00 machine gtk-status-bar[1205]: 2026-07-13T21:13:59.001342Z DEBUG gtk_status_bar::widgets: Updating time label:  9:13 PM
2026-07-13T21:13:59+00:00 machine gtk-status-bar[1205]: 2026-07-13T21:13:59.162838Z DEBUG gtk_status_bar::hypr: Refreshing clients after special workspace removal monitor="Virtual-1"
2026-07-13T21:13:59+00:00 machine gtk-status-bar[1205]: 2026-07-13T21:13:59.170569Z DEBUG gtk_status_bar::widgets: Updating workspace - label: 'Workspace 11', color for workspace: 11
2026-07-13T21:13:59+00:00 machine gtk-status-bar[1205]: 2026-07-13T21:13:59.170898Z DEBUG gtk_status_bar::hypr: Refreshing current workspace clients reason="special-workspace-removed" workspace_id=11 client_count=0
2026-07-13T21:13:59+00:00 machine gtk-status-bar[1205]: 2026-07-13T21:13:59.170980Z DEBUG gtk_status_bar::widgets: Updated title widget color to: rgba(67, 233, 123, 0.5) for workspace: 11
2026-07-13T21:13:59+00:00 machine gtk-status-bar[1205]: 2026-07-13T21:13:59.171202Z DEBUG gtk_status_bar::widgets: Updating workspace client strip workspace_id=11 client_count=0
2026-07-13T21:13:59+00:00 machine gtk-status-bar[1205]: 2026-07-13T21:13:59.364525Z DEBUG gtk_status_bar::hypr: Refreshing clients for workspace change workspace=WorkspaceEventData { name: Regular("u"), id: 1 }
2026-07-13T21:13:59+00:00 machine gtk-status-bar[1205]: 2026-07-13T21:13:59.364610Z DEBUG gtk_status_bar::hypr: Handling workspace change event
2026-07-13T21:13:59+00:00 machine gtk-status-bar[1205]: 2026-07-13T21:13:59.364629Z DEBUG gtk_status_bar::hypr: Workspace changed to: Workspace u
2026-07-13T21:13:59+00:00 machine gtk-status-bar[1205]: 2026-07-13T21:13:59.365125Z DEBUG gtk_status_bar::widgets: Updating workspace - label: 'Workspace u', color for workspace: 1
2026-07-13T21:13:59+00:00 machine gtk-status-bar[1205]: 2026-07-13T21:13:59.365448Z DEBUG gtk_status_bar::widgets: Updated title widget color to: rgba(122, 162, 247, 0.5) for workspace: 1
2026-07-13T21:13:59+00:00 machine gtk-status-bar[1205]: 2026-07-13T21:13:59.375152Z DEBUG gtk_status_bar::hypr: Refreshing current workspace clients reason="workspace-changed" workspace_id=1 client_count=0
2026-07-13T21:13:59+00:00 machine gtk-status-bar[1205]: 2026-07-13T21:13:59.375471Z DEBUG gtk_status_bar::widgets: Updating workspace client strip workspace_id=1 client_count=0
2026-07-13T21:13:59+00:00 machine gtk-status-bar[1205]: 2026-07-13T21:13:59.562028Z DEBUG gtk_status_bar::hypr: Refreshing clients for workspace change workspace=WorkspaceEventData { name: Regular("i"), id: 2 }
2026-07-13T21:13:59+00:00 machine gtk-status-bar[1205]: 2026-07-13T21:13:59.562098Z DEBUG gtk_status_bar::hypr: Handling workspace change event
2026-07-13T21:13:59+00:00 machine gtk-status-bar[1205]: 2026-07-13T21:13:59.562124Z DEBUG gtk_status_bar::hypr: Workspace changed to: Workspace i
2026-07-13T21:13:59+00:00 machine gtk-status-bar[1205]: 2026-07-13T21:13:59.562474Z DEBUG gtk_status_bar::widgets: Updating workspace - label: 'Workspace i', color for workspace: 2
2026-07-13T21:13:59+00:00 machine gtk-status-bar[1205]: 2026-07-13T21:13:59.562954Z DEBUG gtk_status_bar::widgets: Updated title widget color to: rgba(125, 207, 255, 0.5) for workspace: 2
2026-07-13T21:13:59+00:00 machine gtk-status-bar[1205]: 2026-07-13T21:13:59.609631Z DEBUG gtk_status_bar::hypr: Refreshing current workspace clients reason="workspace-changed" workspace_id=2 client_count=0
2026-07-13T21:13:59+00:00 machine gtk-status-bar[1205]: 2026-07-13T21:13:59.610033Z DEBUG gtk_status_bar::widgets: Updating workspace client strip workspace_id=2 client_count=0
2026-07-13T21:13:59+00:00 machine gtk-status-bar[1205]: 2026-07-13T21:13:59.808303Z DEBUG gtk_status_bar::hypr: Refreshing clients for workspace change workspace=WorkspaceEventData { name: Regular("o"), id: 3 }
2026-07-13T21:13:59+00:00 machine gtk-status-bar[1205]: 2026-07-13T21:13:59.808403Z DEBUG gtk_status_bar::hypr: Handling workspace change event
2026-07-13T21:13:59+00:00 machine gtk-status-bar[1205]: 2026-07-13T21:13:59.808422Z DEBUG gtk_status_bar::hypr: Workspace changed to: Workspace o
2026-07-13T21:13:59+00:00 machine gtk-status-bar[1205]: 2026-07-13T21:13:59.809100Z DEBUG gtk_status_bar::widgets: Updating workspace - label: 'Workspace o', color for workspace: 3
2026-07-13T21:13:59+00:00 machine gtk-status-bar[1205]: 2026-07-13T21:13:59.809318Z DEBUG gtk_status_bar::widgets: Updated title widget color to: rgba(158, 206, 106, 0.5) for workspace: 3
2026-07-13T21:13:59+00:00 machine gtk-status-bar[1205]: 2026-07-13T21:13:59.826246Z DEBUG gtk_status_bar::hypr: Refreshing current workspace clients reason="workspace-changed" workspace_id=3 client_count=0
2026-07-13T21:13:59+00:00 machine gtk-status-bar[1205]: 2026-07-13T21:13:59.826455Z DEBUG gtk_status_bar::widgets: Updating workspace client strip workspace_id=3 client_count=0
2026-07-13T21:14:00+00:00 machine gtk-status-bar[1205]: 2026-07-13T21:14:00.000951Z DEBUG gtk_status_bar::widgets: Updating time label:  9:14 PM
2026-07-13T21:14:00+00:00 machine gtk-status-bar[1205]: 2026-07-13T21:14:00.011582Z DEBUG gtk_status_bar::hypr: Refreshing clients for workspace change workspace=WorkspaceEventData { name: Regular("p"), id: 4 }
2026-07-13T21:14:00+00:00 machine gtk-status-bar[1205]: 2026-07-13T21:14:00.011817Z DEBUG gtk_status_bar::hypr: Handling workspace change event
2026-07-13T21:14:00+00:00 machine gtk-status-bar[1205]: 2026-07-13T21:14:00.011847Z DEBUG gtk_status_bar::hypr: Workspace changed to: Workspace p
2026-07-13T21:14:00+00:00 machine gtk-status-bar[1205]: 2026-07-13T21:14:00.012094Z DEBUG gtk_status_bar::widgets: Updating workspace - label: 'Workspace p', color for workspace: 4
2026-07-13T21:14:00+00:00 machine gtk-status-bar[1205]: 2026-07-13T21:14:00.012257Z DEBUG gtk_status_bar::widgets: Updated title widget color to: rgba(187, 154, 247, 0.5) for workspace: 4
2026-07-13T21:14:00+00:00 machine gtk-status-bar[1205]: 2026-07-13T21:14:00.030379Z DEBUG gtk_status_bar::hypr: Refreshing current workspace clients reason="workspace-changed" workspace_id=4 client_count=0
2026-07-13T21:14:00+00:00 machine gtk-status-bar[1205]: 2026-07-13T21:14:00.030648Z DEBUG gtk_status_bar::widgets: Updating workspace client strip workspace_id=4 client_count=0
2026-07-13T21:14:00+00:00 machine gtk-status-bar[1205]: 2026-07-13T21:14:00.195213Z DEBUG gtk_status_bar::hypr: Refreshing clients for workspace change workspace=WorkspaceEventData { name: Regular("j"), id: 5 }
2026-07-13T21:14:00+00:00 machine gtk-status-bar[1205]: 2026-07-13T21:14:00.195300Z DEBUG gtk_status_bar::hypr: Handling workspace change event
2026-07-13T21:14:00+00:00 machine gtk-status-bar[1205]: 2026-07-13T21:14:00.195324Z DEBUG gtk_status_bar::hypr: Workspace changed to: Workspace j
2026-07-13T21:14:00+00:00 machine gtk-status-bar[1205]: 2026-07-13T21:14:00.195854Z DEBUG gtk_status_bar::widgets: Updating workspace - label: 'Workspace j', color for workspace: 5
2026-07-13T21:14:00+00:00 machine gtk-status-bar[1205]: 2026-07-13T21:14:00.197226Z DEBUG gtk_status_bar::widgets: Updated title widget color to: rgba(247, 118, 142, 0.5) for workspace: 5
2026-07-13T21:14:00+00:00 machine gtk-status-bar[1205]: 2026-07-13T21:14:00.215310Z DEBUG gtk_status_bar::hypr: Refreshing current workspace clients reason="workspace-changed" workspace_id=5 client_count=0
2026-07-13T21:14:00+00:00 machine gtk-status-bar[1205]: 2026-07-13T21:14:00.215511Z DEBUG gtk_status_bar::widgets: Updating workspace client strip workspace_id=5 client_count=0
2026-07-13T21:14:00+00:00 machine gtk-status-bar[1205]: 2026-07-13T21:14:00.232362Z  INFO gtk_status_bar::network: Network reachability probe completed target=192.0.2.1 success=true elapsed_ms=42
2026-07-13T21:14:00+00:00 machine gtk-status-bar[1205]: 2026-07-13T21:14:00.232410Z DEBUG gtk_status_bar::network: Sent network update label="\u{f091f} 28% \u{f0ac}"
2026-07-13T21:14:00+00:00 machine gtk-status-bar[1205]: 2026-07-13T21:14:00.248399Z DEBUG gtk_status_bar::widgets: Updating network label: 󰤟 28% 
2026-07-13T21:14:00+00:00 machine gtk-status-bar[1205]: 2026-07-13T21:14:00.400011Z DEBUG gtk_status_bar::hypr: Refreshing clients for workspace change workspace=WorkspaceEventData { name: Regular("u"), id: 1 }
2026-07-13T21:14:00+00:00 machine gtk-status-bar[1205]: 2026-07-13T21:14:00.400091Z DEBUG gtk_status_bar::hypr: Handling workspace change event
2026-07-13T21:14:00+00:00 machine gtk-status-bar[1205]: 2026-07-13T21:14:00.400109Z DEBUG gtk_status_bar::hypr: Workspace changed to: Workspace u
2026-07-13T21:14:00+00:00 machine gtk-status-bar[1205]: 2026-07-13T21:14:00.411636Z DEBUG gtk_status_bar::hypr: Refreshing current workspace clients reason="workspace-changed" workspace_id=1 client_count=0
2026-07-13T21:14:00+00:00 machine gtk-status-bar[1205]: 2026-07-13T21:14:00.427772Z DEBUG gtk_status_bar::widgets: Updating workspace - label: 'Workspace u', color for workspace: 1
2026-07-13T21:14:00+00:00 machine gtk-status-bar[1205]: 2026-07-13T21:14:00.431685Z DEBUG gtk_status_bar::widgets: Updated title widget color to: rgba(122, 162, 247, 0.5) for workspace: 1
2026-07-13T21:14:00+00:00 machine gtk-status-bar[1205]: 2026-07-13T21:14:00.431970Z DEBUG gtk_status_bar::widgets: Updating workspace client strip workspace_id=1 client_count=0
2026-07-13T21:14:00+00:00 machine gtk-status-bar[1205]: 2026-07-13T21:14:00.608035Z DEBUG gtk_status_bar::hypr: Refreshing clients for workspace change workspace=WorkspaceEventData { name: Regular("i"), id: 2 }
2026-07-13T21:14:00+00:00 machine gtk-status-bar[1205]: 2026-07-13T21:14:00.608099Z DEBUG gtk_status_bar::hypr: Handling workspace change event
2026-07-13T21:14:00+00:00 machine gtk-status-bar[1205]: 2026-07-13T21:14:00.608122Z DEBUG gtk_status_bar::hypr: Workspace changed to: Workspace i
2026-07-13T21:14:00+00:00 machine gtk-status-bar[1205]: 2026-07-13T21:14:00.608427Z DEBUG gtk_status_bar::widgets: Updating workspace - label: 'Workspace i', color for workspace: 2
2026-07-13T21:14:00+00:00 machine gtk-status-bar[1205]: 2026-07-13T21:14:00.610107Z DEBUG gtk_status_bar::widgets: Updated title widget color to: rgba(125, 207, 255, 0.5) for workspace: 2
2026-07-13T21:14:00+00:00 machine gtk-status-bar[1205]: 2026-07-13T21:14:00.629248Z DEBUG gtk_status_bar::hypr: Refreshing current workspace clients reason="workspace-changed" workspace_id=2 client_count=0
2026-07-13T21:14:00+00:00 machine gtk-status-bar[1205]: 2026-07-13T21:14:00.629472Z DEBUG gtk_status_bar::widgets: Updating workspace client strip workspace_id=2 client_count=0
2026-07-13T21:14:00+00:00 machine gtk-status-bar[1205]: 2026-07-13T21:14:00.709490Z  INFO gtk_status_bar::network: Network reachability probe completed target=198.51.100.1 success=false elapsed_ms=10
2026-07-13T21:14:00+00:00 machine gtk-status-bar[1205]: 2026-07-13T21:14:00.709531Z DEBUG gtk_status_bar::network: Sent network update label="\u{f091f} 28% \u{f0ac}"
2026-07-13T21:14:00+00:00 machine gtk-status-bar[1205]: 2026-07-13T21:14:00.709684Z DEBUG gtk_status_bar::widgets: Updating network label: 󰤟 28% 
2026-07-13T21:14:00+00:00 machine gtk-status-bar[1205]: 2026-07-13T21:14:00.824607Z DEBUG gtk_status_bar::hypr: Handling workspace change event
2026-07-13T21:14:00+00:00 machine gtk-status-bar[1205]: 2026-07-13T21:14:00.824644Z DEBUG gtk_status_bar::hypr: Workspace changed to: Workspace o
2026-07-13T21:14:00+00:00 machine gtk-status-bar[1205]: 2026-07-13T21:14:00.824756Z DEBUG gtk_status_bar::hypr: Refreshing clients for workspace change workspace=WorkspaceEventData { name: Regular("o"), id: 3 }
2026-07-13T21:14:00+00:00 machine gtk-status-bar[1205]: 2026-07-13T21:14:00.834945Z DEBUG gtk_status_bar::widgets: Updating workspace - label: 'Workspace o', color for workspace: 3
2026-07-13T21:14:00+00:00 machine gtk-status-bar[1205]: 2026-07-13T21:14:00.835858Z DEBUG gtk_status_bar::widgets: Updated title widget color to: rgba(158, 206, 106, 0.5) for workspace: 3
2026-07-13T21:14:00+00:00 machine gtk-status-bar[1205]: 2026-07-13T21:14:00.853078Z DEBUG gtk_status_bar::hypr: Refreshing current workspace clients reason="workspace-changed" workspace_id=3 client_count=0
2026-07-13T21:14:00+00:00 machine gtk-status-bar[1205]: 2026-07-13T21:14:00.854136Z DEBUG gtk_status_bar::widgets: Updating workspace client strip workspace_id=3 client_count=0
2026-07-13T21:14:01+00:00 machine gtk-status-bar[1205]: 2026-07-13T21:14:01.001606Z DEBUG gtk_status_bar::widgets: Updating time label:  9:14 PM
2026-07-13T21:14:01+00:00 machine gtk-status-bar[1205]: 2026-07-13T21:14:01.031054Z DEBUG gtk_status_bar::hypr: Refreshing clients for workspace change workspace=WorkspaceEventData { name: Regular("p"), id: 4 }
2026-07-13T21:14:01+00:00 machine gtk-status-bar[1205]: 2026-07-13T21:14:01.031142Z DEBUG gtk_status_bar::hypr: Handling workspace change event
2026-07-13T21:14:01+00:00 machine gtk-status-bar[1205]: 2026-07-13T21:14:01.031163Z DEBUG gtk_status_bar::hypr: Workspace changed to: Workspace p
2026-07-13T21:14:01+00:00 machine gtk-status-bar[1205]: 2026-07-13T21:14:01.031991Z DEBUG gtk_status_bar::widgets: Updating workspace - label: 'Workspace p', color for workspace: 4
2026-07-13T21:14:01+00:00 machine gtk-status-bar[1205]: 2026-07-13T21:14:01.032197Z DEBUG gtk_status_bar::widgets: Updated title widget color to: rgba(187, 154, 247, 0.5) for workspace: 4
2026-07-13T21:14:01+00:00 machine gtk-status-bar[1205]: 2026-07-13T21:14:01.049852Z DEBUG gtk_status_bar::hypr: Refreshing current workspace clients reason="workspace-changed" workspace_id=4 client_count=0
2026-07-13T21:14:01+00:00 machine gtk-status-bar[1205]: 2026-07-13T21:14:01.049994Z DEBUG gtk_status_bar::widgets: Updating workspace client strip workspace_id=4 client_count=0
2026-07-13T21:14:01+00:00 machine gtk-status-bar[1205]: 2026-07-13T21:14:01.234071Z DEBUG gtk_status_bar::hypr: Refreshing clients for workspace change workspace=WorkspaceEventData { name: Regular("j"), id: 5 }
2026-07-13T21:14:01+00:00 machine gtk-status-bar[1205]: 2026-07-13T21:14:01.234157Z DEBUG gtk_status_bar::hypr: Handling workspace change event
2026-07-13T21:14:01+00:00 machine gtk-status-bar[1205]: 2026-07-13T21:14:01.234175Z DEBUG gtk_status_bar::hypr: Workspace changed to: Workspace j
2026-07-13T21:14:01+00:00 machine gtk-status-bar[1205]: 2026-07-13T21:14:01.234386Z DEBUG gtk_status_bar::widgets: Updating workspace - label: 'Workspace j', color for workspace: 5
2026-07-13T21:14:01+00:00 machine gtk-status-bar[1205]: 2026-07-13T21:14:01.234581Z DEBUG gtk_status_bar::widgets: Updated title widget color to: rgba(247, 118, 142, 0.5) for workspace: 5
2026-07-13T21:14:01+00:00 machine gtk-status-bar[1205]: 2026-07-13T21:14:01.279899Z DEBUG gtk_status_bar::hypr: Refreshing current workspace clients reason="workspace-changed" workspace_id=5 client_count=0
2026-07-13T21:14:01+00:00 machine gtk-status-bar[1205]: 2026-07-13T21:14:01.280052Z DEBUG gtk_status_bar::widgets: Updating workspace client strip workspace_id=5 client_count=0
2026-07-13T21:14:01+00:00 machine gtk-status-bar[1205]: 2026-07-13T21:14:01.430687Z DEBUG gtk_status_bar::hypr: Refreshing clients for workspace change workspace=WorkspaceEventData { name: Regular("u"), id: 1 }
2026-07-13T21:14:01+00:00 machine gtk-status-bar[1205]: 2026-07-13T21:14:01.430918Z DEBUG gtk_status_bar::hypr: Handling workspace change event
2026-07-13T21:14:01+00:00 machine gtk-status-bar[1205]: 2026-07-13T21:14:01.430949Z DEBUG gtk_status_bar::hypr: Workspace changed to: Workspace u
2026-07-13T21:14:01+00:00 machine gtk-status-bar[1205]: 2026-07-13T21:14:01.443006Z DEBUG gtk_status_bar::hypr: Refreshing current workspace clients reason="workspace-changed" workspace_id=1 client_count=0
2026-07-13T21:14:01+00:00 machine gtk-status-bar[1205]: 2026-07-13T21:14:01.470348Z DEBUG gtk_status_bar::widgets: Updating workspace - label: 'Workspace u', color for workspace: 1
2026-07-13T21:14:01+00:00 machine gtk-status-bar[1205]: 2026-07-13T21:14:01.470574Z DEBUG gtk_status_bar::widgets: Updated title widget color to: rgba(122, 162, 247, 0.5) for workspace: 1
2026-07-13T21:14:01+00:00 machine gtk-status-bar[1205]: 2026-07-13T21:14:01.470644Z DEBUG gtk_status_bar::widgets: Updating workspace client strip workspace_id=1 client_count=0
2026-07-13T21:14:01+00:00 machine gtk-status-bar[1205]: 2026-07-13T21:14:01.659233Z DEBUG gtk_status_bar::hypr: Refreshing clients for workspace change workspace=WorkspaceEventData { name: Regular("i"), id: 2 }
2026-07-13T21:14:01+00:00 machine gtk-status-bar[1205]: 2026-07-13T21:14:01.659313Z DEBUG gtk_status_bar::hypr: Handling workspace change event
2026-07-13T21:14:01+00:00 machine gtk-status-bar[1205]: 2026-07-13T21:14:01.659333Z DEBUG gtk_status_bar::hypr: Workspace changed to: Workspace i
2026-07-13T21:14:01+00:00 machine gtk-status-bar[1205]: 2026-07-13T21:14:01.659526Z DEBUG gtk_status_bar::widgets: Updating workspace - label: 'Workspace i', color for workspace: 2
2026-07-13T21:14:01+00:00 machine gtk-status-bar[1205]: 2026-07-13T21:14:01.659765Z DEBUG gtk_status_bar::widgets: Updated title widget color to: rgba(125, 207, 255, 0.5) for workspace: 2
2026-07-13T21:14:01+00:00 machine gtk-status-bar[1205]: 2026-07-13T21:14:01.679273Z DEBUG gtk_status_bar::hypr: Refreshing current workspace clients reason="workspace-changed" workspace_id=2 client_count=0
2026-07-13T21:14:01+00:00 machine gtk-status-bar[1205]: 2026-07-13T21:14:01.679479Z DEBUG gtk_status_bar::widgets: Updating workspace client strip workspace_id=2 client_count=0
2026-07-13T21:14:01+00:00 machine gtk-status-bar[1205]: 2026-07-13T21:14:01.872526Z DEBUG gtk_status_bar::hypr: Refreshing clients for workspace change workspace=WorkspaceEventData { name: Regular("o"), id: 3 }
2026-07-13T21:14:01+00:00 machine gtk-status-bar[1205]: 2026-07-13T21:14:01.872686Z DEBUG gtk_status_bar::hypr: Handling workspace change event
2026-07-13T21:14:01+00:00 machine gtk-status-bar[1205]: 2026-07-13T21:14:01.872787Z DEBUG gtk_status_bar::hypr: Workspace changed to: Workspace o
2026-07-13T21:14:01+00:00 machine gtk-status-bar[1205]: 2026-07-13T21:14:01.873143Z DEBUG gtk_status_bar::widgets: Updating workspace - label: 'Workspace o', color for workspace: 3
2026-07-13T21:14:01+00:00 machine gtk-status-bar[1205]: 2026-07-13T21:14:01.885311Z DEBUG gtk_status_bar::hypr: Refreshing current workspace clients reason="workspace-changed" workspace_id=3 client_count=0
2026-07-13T21:14:01+00:00 machine gtk-status-bar[1205]: 2026-07-13T21:14:01.905885Z DEBUG gtk_status_bar::widgets: Updated title widget color to: rgba(158, 206, 106, 0.5) for workspace: 3
2026-07-13T21:14:01+00:00 machine gtk-status-bar[1205]: 2026-07-13T21:14:01.911824Z DEBUG gtk_status_bar::widgets: Updating workspace client strip workspace_id=3 client_count=0
2026-07-13T21:14:01+00:00 machine gtk-status-bar[1205]: 2026-07-13T21:14:01.956257Z  INFO gtk_status_bar::network: Network reachability probe completed target=192.0.2.1 success=true elapsed_ms=9
2026-07-13T21:14:01+00:00 machine gtk-status-bar[1205]: 2026-07-13T21:14:01.956304Z DEBUG gtk_status_bar::network: Sent network update label="\u{f091f} 28% \u{f0ac}"
2026-07-13T21:14:01+00:00 machine gtk-status-bar[1205]: 2026-07-13T21:14:01.956466Z DEBUG gtk_status_bar::widgets: Updating network label: 󰤟 28% 
2026-07-13T21:14:02+00:00 machine gtk-status-bar[1205]: 2026-07-13T21:14:02.000957Z DEBUG gtk_status_bar::widgets: Updating time label:  9:14 PM
2026-07-13T21:14:02+00:00 machine gtk-status-bar[1205]: 2026-07-13T21:14:02.091067Z DEBUG gtk_status_bar::hypr: Refreshing clients for workspace change workspace=WorkspaceEventData { name: Regular("p"), id: 4 }
2026-07-13T21:14:02+00:00 machine gtk-status-bar[1205]: 2026-07-13T21:14:02.091164Z DEBUG gtk_status_bar::hypr: Handling workspace change event
2026-07-13T21:14:02+00:00 machine gtk-status-bar[1205]: 2026-07-13T21:14:02.091194Z DEBUG gtk_status_bar::hypr: Workspace changed to: Workspace p
2026-07-13T21:14:02+00:00 machine gtk-status-bar[1205]: 2026-07-13T21:14:02.091407Z DEBUG gtk_status_bar::widgets: Updating workspace - label: 'Workspace p', color for workspace: 4
2026-07-13T21:14:02+00:00 machine gtk-status-bar[1205]: 2026-07-13T21:14:02.091664Z DEBUG gtk_status_bar::widgets: Updated title widget color to: rgba(187, 154, 247, 0.5) for workspace: 4
2026-07-13T21:14:02+00:00 machine gtk-status-bar[1205]: 2026-07-13T21:14:02.108458Z DEBUG gtk_status_bar::hypr: Refreshing current workspace clients reason="workspace-changed" workspace_id=4 client_count=0
2026-07-13T21:14:02+00:00 machine gtk-status-bar[1205]: 2026-07-13T21:14:02.108841Z DEBUG gtk_status_bar::widgets: Updating workspace client strip workspace_id=4 client_count=0
2026-07-13T21:14:02+00:00 machine gtk-status-bar[1205]: 2026-07-13T21:14:02.305873Z DEBUG gtk_status_bar::hypr: Refreshing clients for workspace change workspace=WorkspaceEventData { name: Regular("j"), id: 5 }
2026-07-13T21:14:02+00:00 machine gtk-status-bar[1205]: 2026-07-13T21:14:02.306025Z DEBUG gtk_status_bar::hypr: Handling workspace change event
2026-07-13T21:14:02+00:00 machine gtk-status-bar[1205]: 2026-07-13T21:14:02.306050Z DEBUG gtk_status_bar::hypr: Workspace changed to: Workspace j
2026-07-13T21:14:02+00:00 machine gtk-status-bar[1205]: 2026-07-13T21:14:02.307964Z DEBUG gtk_status_bar::widgets: Updating workspace - label: 'Workspace j', color for workspace: 5
2026-07-13T21:14:02+00:00 machine gtk-status-bar[1205]: 2026-07-13T21:14:02.308182Z DEBUG gtk_status_bar::widgets: Updated title widget color to: rgba(247, 118, 142, 0.5) for workspace: 5
2026-07-13T21:14:02+00:00 machine gtk-status-bar[1205]: 2026-07-13T21:14:02.335151Z DEBUG gtk_status_bar::hypr: Refreshing current workspace clients reason="workspace-changed" workspace_id=5 client_count=0
2026-07-13T21:14:02+00:00 machine gtk-status-bar[1205]: 2026-07-13T21:14:02.335357Z DEBUG gtk_status_bar::widgets: Updating workspace client strip workspace_id=5 client_count=0
2026-07-13T21:14:02+00:00 machine gtk-status-bar[1205]: 2026-07-13T21:14:02.509112Z DEBUG gtk_status_bar::hypr: Refreshing clients for workspace change workspace=WorkspaceEventData { name: Regular("u"), id: 1 }
2026-07-13T21:14:02+00:00 machine gtk-status-bar[1205]: 2026-07-13T21:14:02.509245Z DEBUG gtk_status_bar::hypr: Handling workspace change event
2026-07-13T21:14:02+00:00 machine gtk-status-bar[1205]: 2026-07-13T21:14:02.509272Z DEBUG gtk_status_bar::hypr: Workspace changed to: Workspace u
2026-07-13T21:14:02+00:00 machine gtk-status-bar[1205]: 2026-07-13T21:14:02.509456Z DEBUG gtk_status_bar::widgets: Updating workspace - label: 'Workspace u', color for workspace: 1
2026-07-13T21:14:02+00:00 machine gtk-status-bar[1205]: 2026-07-13T21:14:02.509653Z DEBUG gtk_status_bar::widgets: Updated title widget color to: rgba(122, 162, 247, 0.5) for workspace: 1
2026-07-13T21:14:02+00:00 machine gtk-status-bar[1205]: 2026-07-13T21:14:02.540131Z DEBUG gtk_status_bar::hypr: Refreshing current workspace clients reason="workspace-changed" workspace_id=1 client_count=0
2026-07-13T21:14:02+00:00 machine gtk-status-bar[1205]: 2026-07-13T21:14:02.540418Z DEBUG gtk_status_bar::widgets: Updating workspace client strip workspace_id=1 client_count=0
2026-07-13T21:14:02+00:00 machine gtk-status-bar[1205]: 2026-07-13T21:14:02.556127Z  INFO gtk_status_bar::network: Network reachability probe completed target=198.51.100.1 success=false elapsed_ms=32
2026-07-13T21:14:02+00:00 machine gtk-status-bar[1205]: 2026-07-13T21:14:02.556175Z DEBUG gtk_status_bar::network: Sent network update label="\u{f091f} 28% \u{f0ac}"
2026-07-13T21:14:02+00:00 machine gtk-status-bar[1205]: 2026-07-13T21:14:02.556363Z DEBUG gtk_status_bar::widgets: Updating network label: 󰤟 28% 
2026-07-13T21:14:02+00:00 machine gtk-status-bar[1205]: 2026-07-13T21:14:02.706494Z DEBUG gtk_status_bar::hypr: Refreshing clients for workspace change workspace=WorkspaceEventData { name: Regular("i"), id: 2 }
2026-07-13T21:14:02+00:00 machine gtk-status-bar[1205]: 2026-07-13T21:14:02.706654Z DEBUG gtk_status_bar::hypr: Handling workspace change event
2026-07-13T21:14:02+00:00 machine gtk-status-bar[1205]: 2026-07-13T21:14:02.706682Z DEBUG gtk_status_bar::hypr: Workspace changed to: Workspace i
2026-07-13T21:14:02+00:00 machine gtk-status-bar[1205]: 2026-07-13T21:14:02.718209Z DEBUG gtk_status_bar::hypr: Refreshing current workspace clients reason="workspace-changed" workspace_id=2 client_count=0
2026-07-13T21:14:02+00:00 machine gtk-status-bar[1205]: 2026-07-13T21:14:02.735064Z DEBUG gtk_status_bar::widgets: Updating workspace - label: 'Workspace i', color for workspace: 2
2026-07-13T21:14:02+00:00 machine gtk-status-bar[1205]: 2026-07-13T21:14:02.735274Z DEBUG gtk_status_bar::widgets: Updated title widget color to: rgba(125, 207, 255, 0.5) for workspace: 2
2026-07-13T21:14:02+00:00 machine gtk-status-bar[1205]: 2026-07-13T21:14:02.735339Z DEBUG gtk_status_bar::widgets: Updating workspace client strip workspace_id=2 client_count=0
2026-07-13T21:14:02+00:00 machine gtk-status-bar[1205]: 2026-07-13T21:14:02.906075Z DEBUG gtk_status_bar::hypr: Refreshing clients for workspace change workspace=WorkspaceEventData { name: Regular("o"), id: 3 }
2026-07-13T21:14:02+00:00 machine gtk-status-bar[1205]: 2026-07-13T21:14:02.906187Z DEBUG gtk_status_bar::hypr: Handling workspace change event
2026-07-13T21:14:02+00:00 machine gtk-status-bar[1205]: 2026-07-13T21:14:02.906209Z DEBUG gtk_status_bar::hypr: Workspace changed to: Workspace o
2026-07-13T21:14:02+00:00 machine gtk-status-bar[1205]: 2026-07-13T21:14:02.906691Z DEBUG gtk_status_bar::widgets: Updating workspace - label: 'Workspace o', color for workspace: 3
2026-07-13T21:14:02+00:00 machine gtk-status-bar[1205]: 2026-07-13T21:14:02.907840Z DEBUG gtk_status_bar::widgets: Updated title widget color to: rgba(158, 206, 106, 0.5) for workspace: 3
2026-07-13T21:14:02+00:00 machine gtk-status-bar[1205]: 2026-07-13T21:14:02.917218Z DEBUG gtk_status_bar::hypr: Refreshing current workspace clients reason="workspace-changed" workspace_id=3 client_count=0
2026-07-13T21:14:02+00:00 machine gtk-status-bar[1205]: 2026-07-13T21:14:02.917610Z DEBUG gtk_status_bar::widgets: Updating workspace client strip workspace_id=3 client_count=0
2026-07-13T21:14:03+00:00 machine gtk-status-bar[1205]: 2026-07-13T21:14:03.001380Z DEBUG gtk_status_bar::widgets: Updating time label:  9:14 PM
2026-07-13T21:14:03+00:00 machine gtk-status-bar[1205]: 2026-07-13T21:14:03.006332Z  INFO gtk_status_bar::network: Network reachability probe completed target=192.0.2.1 success=true elapsed_ms=13
2026-07-13T21:14:03+00:00 machine gtk-status-bar[1205]: 2026-07-13T21:14:03.006379Z DEBUG gtk_status_bar::network: Sent network update label="\u{f091f} 28% \u{f0ac}"
2026-07-13T21:14:03+00:00 machine gtk-status-bar[1205]: 2026-07-13T21:14:03.006528Z DEBUG gtk_status_bar::widgets: Updating network label: 󰤟 28% 
2026-07-13T21:14:03+00:00 machine gtk-status-bar[1205]: 2026-07-13T21:14:03.138272Z DEBUG gtk_status_bar::hypr: Refreshing clients for workspace change workspace=WorkspaceEventData { name: Regular("p"), id: 4 }
2026-07-13T21:14:03+00:00 machine gtk-status-bar[1205]: 2026-07-13T21:14:03.138460Z DEBUG gtk_status_bar::hypr: Handling workspace change event
2026-07-13T21:14:03+00:00 machine gtk-status-bar[1205]: 2026-07-13T21:14:03.138486Z DEBUG gtk_status_bar::hypr: Workspace changed to: Workspace p
2026-07-13T21:14:03+00:00 machine gtk-status-bar[1205]: 2026-07-13T21:14:03.138807Z DEBUG gtk_status_bar::widgets: Updating workspace - label: 'Workspace p', color for workspace: 4
2026-07-13T21:14:03+00:00 machine gtk-status-bar[1205]: 2026-07-13T21:14:03.139251Z DEBUG gtk_status_bar::widgets: Updated title widget color to: rgba(187, 154, 247, 0.5) for workspace: 4
2026-07-13T21:14:03+00:00 machine gtk-status-bar[1205]: 2026-07-13T21:14:03.149541Z DEBUG gtk_status_bar::hypr: Refreshing current workspace clients reason="workspace-changed" workspace_id=4 client_count=0
2026-07-13T21:14:03+00:00 machine gtk-status-bar[1205]: 2026-07-13T21:14:03.149880Z DEBUG gtk_status_bar::widgets: Updating workspace client strip workspace_id=4 client_count=0
2026-07-13T21:14:03+00:00 machine gtk-status-bar[1205]: 2026-07-13T21:14:03.206769Z  INFO gtk_status_bar::network: Network reachability probe completed target=192.0.2.1 success=true elapsed_ms=9
2026-07-13T21:14:03+00:00 machine gtk-status-bar[1205]: 2026-07-13T21:14:03.206823Z DEBUG gtk_status_bar::network: Sent network update label="\u{f091f} 28% \u{f0ac}"
2026-07-13T21:14:03+00:00 machine gtk-status-bar[1205]: 2026-07-13T21:14:03.207025Z DEBUG gtk_status_bar::widgets: Updating network label: 󰤟 28% 
2026-07-13T21:14:03+00:00 machine gtk-status-bar[1205]: 2026-07-13T21:14:03.364209Z DEBUG gtk_status_bar::hypr: Refreshing clients for workspace change workspace=WorkspaceEventData { name: Regular("j"), id: 5 }
2026-07-13T21:14:03+00:00 machine gtk-status-bar[1205]: 2026-07-13T21:14:03.364299Z DEBUG gtk_status_bar::hypr: Handling workspace change event
2026-07-13T21:14:03+00:00 machine gtk-status-bar[1205]: 2026-07-13T21:14:03.364320Z DEBUG gtk_status_bar::hypr: Workspace changed to: Workspace j
2026-07-13T21:14:03+00:00 machine gtk-status-bar[1205]: 2026-07-13T21:14:03.364552Z DEBUG gtk_status_bar::widgets: Updating workspace - label: 'Workspace j', color for workspace: 5
2026-07-13T21:14:03+00:00 machine gtk-status-bar[1205]: 2026-07-13T21:14:03.364888Z DEBUG gtk_status_bar::widgets: Updated title widget color to: rgba(247, 118, 142, 0.5) for workspace: 5
2026-07-13T21:14:03+00:00 machine gtk-status-bar[1205]: 2026-07-13T21:14:03.410102Z DEBUG gtk_status_bar::hypr: Refreshing current workspace clients reason="workspace-changed" workspace_id=5 client_count=0
2026-07-13T21:14:03+00:00 machine gtk-status-bar[1205]: 2026-07-13T21:14:03.410323Z DEBUG gtk_status_bar::widgets: Updating workspace client strip workspace_id=5 client_count=0
2026-07-13T21:14:03+00:00 machine gtk-status-bar[1205]: 2026-07-13T21:14:03.577058Z DEBUG gtk_status_bar::hypr: Refreshing clients for workspace change workspace=WorkspaceEventData { name: Regular("c"), id: 10 }
2026-07-13T21:14:03+00:00 machine gtk-status-bar[1205]: 2026-07-13T21:14:03.578504Z DEBUG gtk_status_bar::hypr: Handling workspace change event
2026-07-13T21:14:03+00:00 machine gtk-status-bar[1205]: 2026-07-13T21:14:03.578538Z DEBUG gtk_status_bar::hypr: Workspace changed to: Workspace c
2026-07-13T21:14:03+00:00 machine gtk-status-bar[1205]: 2026-07-13T21:14:03.578923Z DEBUG gtk_status_bar::widgets: Updating workspace - label: 'Workspace c', color for workspace: 10
2026-07-13T21:14:03+00:00 machine gtk-status-bar[1205]: 2026-07-13T21:14:03.579140Z DEBUG gtk_status_bar::widgets: Updated title widget color to: rgba(13, 185, 215, 0.5) for workspace: 10
2026-07-13T21:14:03+00:00 machine gtk-status-bar[1205]: 2026-07-13T21:14:03.589414Z DEBUG gtk_status_bar::hypr: Refreshing current workspace clients reason="workspace-changed" workspace_id=10 client_count=0
2026-07-13T21:14:03+00:00 machine gtk-status-bar[1205]: 2026-07-13T21:14:03.589827Z DEBUG gtk_status_bar::widgets: Updating workspace client strip workspace_id=10 client_count=0
2026-07-13T21:14:04+00:00 machine gtk-status-bar[1205]: 2026-07-13T21:14:04.001485Z DEBUG gtk_status_bar::widgets: Updating time label:  9:14 PM
2026-07-13T21:14:04+00:00 machine gtk-status-bar[1205]: 2026-07-13T21:14:04.479442Z  INFO gtk_status_bar::network: Network reachability probe completed target=198.51.100.1 success=false elapsed_ms=20
2026-07-13T21:14:04+00:00 machine gtk-status-bar[1205]: 2026-07-13T21:14:04.479524Z DEBUG gtk_status_bar::network: Sent network update label="\u{f091f} 28% \u{f0ac}"
2026-07-13T21:14:04+00:00 machine gtk-status-bar[1205]: 2026-07-13T21:14:04.480105Z DEBUG gtk_status_bar::widgets: Updating network label: 󰤟 28% 
2026-07-13T21:14:05+00:00 machine gtk-status-bar[1205]: 2026-07-13T21:14:05.001261Z DEBUG gtk_status_bar::widgets: Updating time label:  9:14 PM
2026-07-13T21:14:05+00:00 machine gtk-status-bar[1205]: 2026-07-13T21:14:05.010590Z  INFO gtk_status_bar::network: Network reachability probe completed target=192.0.2.1 success=true elapsed_ms=26
2026-07-13T21:14:05+00:00 machine gtk-status-bar[1205]: 2026-07-13T21:14:05.010640Z DEBUG gtk_status_bar::network: Sent network update label="\u{f091f} 28% \u{f0ac}"
2026-07-13T21:14:05+00:00 machine gtk-status-bar[1205]: 2026-07-13T21:14:05.022256Z DEBUG gtk_status_bar::widgets: Updating network label: 󰤟 28% 
2026-07-13T21:14:05+00:00 machine gtk-status-bar[1205]: 2026-07-13T21:14:05.340478Z  INFO gtk_status_bar::network: Network reachability probe completed target=198.51.100.1 success=false elapsed_ms=16
2026-07-13T21:14:05+00:00 machine gtk-status-bar[1205]: 2026-07-13T21:14:05.340531Z DEBUG gtk_status_bar::network: Sent network update label="\u{f091f} 28% \u{f0ac}"
2026-07-13T21:14:05+00:00 machine gtk-status-bar[1205]: 2026-07-13T21:14:05.341158Z DEBUG gtk_status_bar::widgets: Updating network label: 󰤟 28% 
2026-07-13T21:14:06+00:00 machine gtk-status-bar[1205]: 2026-07-13T21:14:06.000982Z DEBUG gtk_status_bar::widgets: Updating time label:  9:14 PM
2026-07-13T21:14:06+00:00 machine gtk-status-bar[1205]: 2026-07-13T21:14:06.121939Z DEBUG gtk_status_bar::hypr: Refreshing clients for workspace change workspace=WorkspaceEventData { name: Regular("i"), id: 2 }
2026-07-13T21:14:06+00:00 machine gtk-status-bar[1205]: 2026-07-13T21:14:06.122058Z DEBUG gtk_status_bar::hypr: Handling workspace change event
2026-07-13T21:14:06+00:00 machine gtk-status-bar[1205]: 2026-07-13T21:14:06.122087Z DEBUG gtk_status_bar::hypr: Workspace changed to: Workspace i
2026-07-13T21:14:06+00:00 machine gtk-status-bar[1205]: 2026-07-13T21:14:06.122269Z DEBUG gtk_status_bar::widgets: Updating workspace - label: 'Workspace i', color for workspace: 2
2026-07-13T21:14:06+00:00 machine gtk-status-bar[1205]: 2026-07-13T21:14:06.122477Z DEBUG gtk_status_bar::widgets: Updated title widget color to: rgba(125, 207, 255, 0.5) for workspace: 2
2026-07-13T21:14:06+00:00 machine gtk-status-bar[1205]: 2026-07-13T21:14:06.165289Z DEBUG gtk_status_bar::hypr: Refreshing current workspace clients reason="workspace-changed" workspace_id=2 client_count=0
2026-07-13T21:14:06+00:00 machine gtk-status-bar[1205]: 2026-07-13T21:14:06.165524Z DEBUG gtk_status_bar::widgets: Updating workspace client strip workspace_id=2 client_count=0
2026-07-13T21:14:06+00:00 machine gtk-status-bar[1205]: 2026-07-13T21:14:06.920112Z  INFO gtk_status_bar::network: Network reachability probe completed target=198.51.100.1 success=false elapsed_ms=11
2026-07-13T21:14:06+00:00 machine gtk-status-bar[1205]: 2026-07-13T21:14:06.920196Z DEBUG gtk_status_bar::network: Sent network update label="\u{f091f} 28% \u{f0ac}"
2026-07-13T21:14:06+00:00 machine gtk-status-bar[1205]: 2026-07-13T21:14:06.920360Z DEBUG gtk_status_bar::widgets: Updating network label: 󰤟 28% 
2026-07-13T21:14:07+00:00 machine gtk-status-bar[1205]: 2026-07-13T21:14:07.001427Z DEBUG gtk_status_bar::widgets: Updating time label:  9:14 PM
2026-07-13T21:14:07+00:00 machine gtk-status-bar[1205]: 2026-07-13T21:14:07.065262Z DEBUG gtk_status_bar::hypr: Window title changed address=0x57c07ecb0460 title="kitty"
2026-07-13T21:14:07+00:00 machine gtk-status-bar[1205]: 2026-07-13T21:14:07.067427Z DEBUG gtk_status_bar::hypr: Refreshing current workspace clients reason="title-changed" workspace_id=2 client_count=0
2026-07-13T21:14:07+00:00 machine gtk-status-bar[1205]: 2026-07-13T21:14:07.067637Z DEBUG gtk_status_bar::widgets: Updating workspace client strip workspace_id=2 client_count=0
2026-07-13T21:14:07+00:00 machine gtk-status-bar[1205]: 2026-07-13T21:14:07.116072Z DEBUG gtk_status_bar::hypr: Window opened window=WindowOpenEvent { window_address: Address("0x57c07ecb0460"), workspace_name: "i", window_class: "kitty", window_title: "kitty" }
2026-07-13T21:14:07+00:00 machine gtk-status-bar[1205]: 2026-07-13T21:14:07.830881Z DEBUG gtk_status_bar::hypr: Refreshing current workspace clients reason="window-opened" workspace_id=2 client_count=1 active_address="0x57c07ecb0460"
2026-07-13T21:14:07+00:00 machine gtk-status-bar[1205]: 2026-07-13T21:14:07.830968Z DEBUG gtk_status_bar::hypr: Active window changed window=Some(WindowEventData { class: "kitty", title: "kitty", address: Address("0x57c07ecb0460") })
2026-07-13T21:14:07+00:00 machine gtk-status-bar[1205]: 2026-07-13T21:14:07.831674Z DEBUG gtk_status_bar::widgets: Updating workspace client strip workspace_id=2 client_count=1
2026-07-13T21:14:07+00:00 machine gtk-status-bar[1205]: 2026-07-13T21:14:07.831696Z DEBUG gtk_status_bar::widgets: Updating client pill address=0x57c07ecb0460 title="kitty" compact_title="kitty" class="kitty" active=true
2026-07-13T21:14:07+00:00 machine gtk-status-bar[1205]: 2026-07-13T21:14:07.831760Z DEBUG gtk_status_bar::widgets: Creating client title pill
2026-07-13T21:14:07+00:00 machine gtk-status-bar[1205]: 2026-07-13T21:14:07.832597Z DEBUG gtk_status_bar::hypr: Refreshing current workspace clients reason="active-window-changed" workspace_id=2 client_count=1 active_address="0x57c07ecb0460"
2026-07-13T21:14:07+00:00 machine gtk-status-bar[1205]: 2026-07-13T21:14:07.943862Z DEBUG gtk_status_bar::widgets: Resolved title icon from desktop application metadata class="kitty"
2026-07-13T21:14:07+00:00 machine gtk-status-bar[1205]: 2026-07-13T21:14:07.944691Z DEBUG gtk_status_bar::widgets: Updating workspace client strip workspace_id=2 client_count=1
2026-07-13T21:14:07+00:00 machine gtk-status-bar[1205]: 2026-07-13T21:14:07.944811Z DEBUG gtk_status_bar::widgets: Updating client pill address=0x57c07ecb0460 title="kitty" compact_title="kitty" class="kitty" active=true
2026-07-13T21:14:08+00:00 machine gtk-status-bar[1205]: 2026-07-13T21:14:08.000819Z DEBUG gtk_status_bar::widgets: Updating time label:  9:14 PM
2026-07-13T21:14:08+00:00 machine gtk-status-bar[1205]: 2026-07-13T21:14:08.357327Z  INFO gtk_status_bar::network: Network reachability probe completed target=192.0.2.1 success=true elapsed_ms=12
2026-07-13T21:14:08+00:00 machine gtk-status-bar[1205]: 2026-07-13T21:14:08.357384Z DEBUG gtk_status_bar::network: Sent network update label="\u{f091f} 28% \u{f0ac}"
2026-07-13T21:14:08+00:00 machine gtk-status-bar[1205]: 2026-07-13T21:14:08.357891Z DEBUG gtk_status_bar::widgets: Updating network label: 󰤟 28% 
2026-07-13T21:14:08+00:00 machine gtk-status-bar[1205]: 2026-07-13T21:14:08.789813Z DEBUG gtk_status_bar::hypr: Window title changed address=0x57c07ecb0460 title="bash"
2026-07-13T21:14:08+00:00 machine gtk-status-bar[1205]: 2026-07-13T21:14:08.820829Z DEBUG gtk_status_bar::hypr: Refreshing current workspace clients reason="title-changed" workspace_id=2 client_count=1 active_address="0x57c07ecb0460"
2026-07-13T21:14:08+00:00 machine gtk-status-bar[1205]: 2026-07-13T21:14:08.820878Z DEBUG gtk_status_bar::hypr: Active window changed window=Some(WindowEventData { class: "kitty", title: "bash", address: Address("0x57c07ecb0460") })
2026-07-13T21:14:08+00:00 machine gtk-status-bar[1205]: 2026-07-13T21:14:08.822991Z DEBUG gtk_status_bar::widgets: Updating workspace client strip workspace_id=2 client_count=1
2026-07-13T21:14:08+00:00 machine gtk-status-bar[1205]: 2026-07-13T21:14:08.823165Z DEBUG gtk_status_bar::widgets: Updating client pill address=0x57c07ecb0460 title="admin@machine: ~" compact_title="admin@machi…" class="kitty" active=true
2026-07-13T21:14:08+00:00 machine gtk-status-bar[1205]: 2026-07-13T21:14:08.843838Z DEBUG gtk_status_bar::hypr: Refreshing current workspace clients reason="active-window-changed" workspace_id=2 client_count=1 active_address="0x57c07ecb0460"
2026-07-13T21:14:08+00:00 machine gtk-status-bar[1205]: 2026-07-13T21:14:08.843898Z DEBUG gtk_status_bar::hypr: Window title changed address=0x57c07ecb0460 title="admin@machine: ~"
2026-07-13T21:14:08+00:00 machine gtk-status-bar[1205]: 2026-07-13T21:14:08.844884Z DEBUG gtk_status_bar::widgets: Updating workspace client strip workspace_id=2 client_count=1
2026-07-13T21:14:08+00:00 machine gtk-status-bar[1205]: 2026-07-13T21:14:08.844961Z DEBUG gtk_status_bar::widgets: Updating client pill address=0x57c07ecb0460 title="admin@machine: ~" compact_title="admin@machi…" class="kitty" active=true
2026-07-13T21:14:08+00:00 machine gtk-status-bar[1205]: 2026-07-13T21:14:08.863313Z DEBUG gtk_status_bar::hypr: Refreshing current workspace clients reason="title-changed" workspace_id=2 client_count=1 active_address="0x57c07ecb0460"
2026-07-13T21:14:08+00:00 machine gtk-status-bar[1205]: 2026-07-13T21:14:08.863370Z DEBUG gtk_status_bar::hypr: Active window changed window=Some(WindowEventData { class: "kitty", title: "admin@machine: ~", address: Address("0x57c07ecb0460") })
2026-07-13T21:14:08+00:00 machine gtk-status-bar[1205]: 2026-07-13T21:14:08.876600Z DEBUG gtk_status_bar::hypr: Refreshing current workspace clients reason="active-window-changed" workspace_id=2 client_count=1 active_address="0x57c07ecb0460"
2026-07-13T21:14:08+00:00 machine gtk-status-bar[1205]: 2026-07-13T21:14:08.886518Z DEBUG gtk_status_bar::widgets: Updating workspace client strip workspace_id=2 client_count=1
2026-07-13T21:14:08+00:00 machine gtk-status-bar[1205]: 2026-07-13T21:14:08.886582Z DEBUG gtk_status_bar::widgets: Updating client pill address=0x57c07ecb0460 title="admin@machine: ~" compact_title="admin@machi…" class="kitty" active=true
2026-07-13T21:14:08+00:00 machine gtk-status-bar[1205]: 2026-07-13T21:14:08.886632Z DEBUG gtk_status_bar::widgets: Updating workspace client strip workspace_id=2 client_count=1
2026-07-13T21:14:08+00:00 machine gtk-status-bar[1205]: 2026-07-13T21:14:08.886658Z DEBUG gtk_status_bar::widgets: Updating client pill address=0x57c07ecb0460 title="admin@machine: ~" compact_title="admin@machi…" class="kitty" active=true
2026-07-13T21:14:09+00:00 machine gtk-status-bar[1205]: 2026-07-13T21:14:09.001294Z DEBUG gtk_status_bar::widgets: Updating time label:  9:14 PM
2026-07-13T21:14:10+00:00 machine gtk-status-bar[1205]: 2026-07-13T21:14:10.001932Z DEBUG gtk_status_bar::widgets: Updating time label:  9:14 PM
2026-07-13T21:14:10+00:00 machine gtk-status-bar[1205]: 2026-07-13T21:14:10.289137Z  INFO gtk_status_bar::network: Network reachability probe completed target=198.51.100.1 success=false elapsed_ms=14
2026-07-13T21:14:10+00:00 machine gtk-status-bar[1205]: 2026-07-13T21:14:10.290469Z DEBUG gtk_status_bar::network: Sent network update label="\u{f091f} 28% \u{f0ac}"
2026-07-13T21:14:10+00:00 machine gtk-status-bar[1205]: 2026-07-13T21:14:10.290674Z DEBUG gtk_status_bar::widgets: Updating network label: 󰤟 28% 
2026-07-13T21:14:11+00:00 machine gtk-status-bar[1205]: 2026-07-13T21:14:11.002377Z DEBUG gtk_status_bar::widgets: Updating time label:  9:14 PM
2026-07-13T21:14:11+00:00 machine gtk-status-bar[1205]: 2026-07-13T21:14:11.480612Z  INFO gtk_status_bar::network: Network reachability probe completed target=192.0.2.1 success=true elapsed_ms=12
2026-07-13T21:14:11+00:00 machine gtk-status-bar[1205]: 2026-07-13T21:14:11.480671Z DEBUG gtk_status_bar::network: Sent network update label="\u{f091f} 28% \u{f0ac}"
2026-07-13T21:14:11+00:00 machine gtk-status-bar[1205]: 2026-07-13T21:14:11.480931Z DEBUG gtk_status_bar::widgets: Updating network label: 󰤟 28% 
2026-07-13T21:14:11+00:00 machine gtk-status-bar[1205]: 2026-07-13T21:14:11.663212Z DEBUG gtk_status_bar::hypr: Window title changed address=0x57c07ecb0460 title="kitten"
2026-07-13T21:14:11+00:00 machine gtk-status-bar[1205]: 2026-07-13T21:14:11.681998Z DEBUG gtk_status_bar::hypr: Refreshing current workspace clients reason="title-changed" workspace_id=2 client_count=1 active_address="0x57c07ecb0460"
2026-07-13T21:14:11+00:00 machine gtk-status-bar[1205]: 2026-07-13T21:14:11.682052Z DEBUG gtk_status_bar::hypr: Active window changed window=Some(WindowEventData { class: "kitty", title: "kitten", address: Address("0x57c07ecb0460") })
2026-07-13T21:14:11+00:00 machine gtk-status-bar[1205]: 2026-07-13T21:14:11.682277Z DEBUG gtk_status_bar::widgets: Updating workspace client strip workspace_id=2 client_count=1
2026-07-13T21:14:11+00:00 machine gtk-status-bar[1205]: 2026-07-13T21:14:11.682417Z DEBUG gtk_status_bar::widgets: Updating client pill address=0x57c07ecb0460 title="Close OS window" compact_title="Close" class="kitty" active=true
2026-07-13T21:14:11+00:00 machine gtk-status-bar[1205]: 2026-07-13T21:14:11.719304Z DEBUG gtk_status_bar::hypr: Refreshing current workspace clients reason="active-window-changed" workspace_id=2 client_count=1 active_address="0x57c07ecb0460"
2026-07-13T21:14:11+00:00 machine gtk-status-bar[1205]: 2026-07-13T21:14:11.720492Z DEBUG gtk_status_bar::hypr: Window title changed address=0x57c07ecb0460 title="Close OS window"
2026-07-13T21:14:11+00:00 machine gtk-status-bar[1205]: 2026-07-13T21:14:11.720654Z DEBUG gtk_status_bar::widgets: Updating workspace client strip workspace_id=2 client_count=1
2026-07-13T21:14:11+00:00 machine gtk-status-bar[1205]: 2026-07-13T21:14:11.721027Z DEBUG gtk_status_bar::widgets: Updating client pill address=0x57c07ecb0460 title="Close OS window" compact_title="Close" class="kitty" active=true
2026-07-13T21:14:11+00:00 machine gtk-status-bar[1205]: 2026-07-13T21:14:11.721400Z DEBUG gtk_status_bar::hypr: Refreshing current workspace clients reason="title-changed" workspace_id=2 client_count=1 active_address="0x57c07ecb0460"
2026-07-13T21:14:11+00:00 machine gtk-status-bar[1205]: 2026-07-13T21:14:11.721432Z DEBUG gtk_status_bar::hypr: Active window changed window=Some(WindowEventData { class: "kitty", title: "Close OS window", address: Address("0x57c07ecb0460") })
2026-07-13T21:14:11+00:00 machine gtk-status-bar[1205]: 2026-07-13T21:14:11.721564Z DEBUG gtk_status_bar::widgets: Updating workspace client strip workspace_id=2 client_count=1
2026-07-13T21:14:11+00:00 machine gtk-status-bar[1205]: 2026-07-13T21:14:11.721601Z DEBUG gtk_status_bar::widgets: Updating client pill address=0x57c07ecb0460 title="Close OS window" compact_title="Close" class="kitty" active=true
2026-07-13T21:14:11+00:00 machine gtk-status-bar[1205]: 2026-07-13T21:14:11.722110Z DEBUG gtk_status_bar::hypr: Refreshing current workspace clients reason="active-window-changed" workspace_id=2 client_count=1 active_address="0x57c07ecb0460"
2026-07-13T21:14:11+00:00 machine gtk-status-bar[1205]: 2026-07-13T21:14:11.722288Z DEBUG gtk_status_bar::widgets: Updating workspace client strip workspace_id=2 client_count=1
2026-07-13T21:14:11+00:00 machine gtk-status-bar[1205]: 2026-07-13T21:14:11.722347Z DEBUG gtk_status_bar::widgets: Updating client pill address=0x57c07ecb0460 title="Close OS window" compact_title="Close" class="kitty" active=true
2026-07-13T21:14:12+00:00 machine gtk-status-bar[1205]: 2026-07-13T21:14:12.000970Z DEBUG gtk_status_bar::widgets: Updating time label:  9:14 PM
2026-07-13T21:14:12+00:00 machine gtk-status-bar[1205]: 2026-07-13T21:14:12.338701Z DEBUG gtk_status_bar::hypr: Window title changed address=0x57c07edca530 title="hello"
2026-07-13T21:14:12+00:00 machine gtk-status-bar[1205]: 2026-07-13T21:14:12.351071Z DEBUG gtk_status_bar::hypr: Refreshing current workspace clients reason="title-changed" workspace_id=2 client_count=1 active_address="0x57c07ecb0460"
2026-07-13T21:14:12+00:00 machine gtk-status-bar[1205]: 2026-07-13T21:14:12.351281Z DEBUG gtk_status_bar::widgets: Updating workspace client strip workspace_id=2 client_count=1
2026-07-13T21:14:12+00:00 machine gtk-status-bar[1205]: 2026-07-13T21:14:12.351423Z DEBUG gtk_status_bar::widgets: Updating client pill address=0x57c07ecb0460 title="Close OS window" compact_title="Close" class="kitty" active=true
2026-07-13T21:14:12+00:00 machine gtk-status-bar[1205]: 2026-07-13T21:14:12.395623Z DEBUG gtk_status_bar::hypr: Window opened window=WindowOpenEvent { window_address: Address("0x57c07edca530"), workspace_name: "i", window_class: "kitty", window_title: "hello" }
2026-07-13T21:14:12+00:00 machine gtk-status-bar[1205]: 2026-07-13T21:14:12.418138Z DEBUG gtk_status_bar::hypr: Refreshing current workspace clients reason="window-opened" workspace_id=2 client_count=2 active_address="0x57c07edca530"
2026-07-13T21:14:12+00:00 machine gtk-status-bar[1205]: 2026-07-13T21:14:12.418249Z DEBUG gtk_status_bar::hypr: Active window changed window=Some(WindowEventData { class: "kitty", title: "hello", address: Address("0x57c07edca530") })
2026-07-13T21:14:12+00:00 machine gtk-status-bar[1205]: 2026-07-13T21:14:12.420921Z DEBUG gtk_status_bar::hypr: Refreshing current workspace clients reason="active-window-changed" workspace_id=2 client_count=2 active_address="0x57c07edca530"
2026-07-13T21:14:12+00:00 machine gtk-status-bar[1205]: 2026-07-13T21:14:12.434883Z DEBUG gtk_status_bar::widgets: Updating workspace client strip workspace_id=2 client_count=2
2026-07-13T21:14:12+00:00 machine gtk-status-bar[1205]: 2026-07-13T21:14:12.435100Z DEBUG gtk_status_bar::widgets: Updating client pill address=0x57c07ecb0460 title="Close OS window" compact_title="Close" class="kitty" active=false
2026-07-13T21:14:12+00:00 machine gtk-status-bar[1205]: 2026-07-13T21:14:12.435218Z DEBUG gtk_status_bar::widgets: Updating client pill address=0x57c07edca530 title="hello" compact_title="hello" class="kitty" active=true
2026-07-13T21:14:12+00:00 machine gtk-status-bar[1205]: 2026-07-13T21:14:12.435244Z DEBUG gtk_status_bar::widgets: Creating client title pill
2026-07-13T21:14:12+00:00 machine gtk-status-bar[1205]: 2026-07-13T21:14:12.494224Z DEBUG gtk_status_bar::widgets: Resolved title icon from desktop application metadata class="kitty"
2026-07-13T21:14:12+00:00 machine gtk-status-bar[1205]: 2026-07-13T21:14:12.494327Z DEBUG gtk_status_bar::widgets: Updating workspace client strip workspace_id=2 client_count=2
2026-07-13T21:14:12+00:00 machine gtk-status-bar[1205]: 2026-07-13T21:14:12.494377Z DEBUG gtk_status_bar::widgets: Updating client pill address=0x57c07ecb0460 title="Close OS window" compact_title="Close" class="kitty" active=false
2026-07-13T21:14:12+00:00 machine gtk-status-bar[1205]: 2026-07-13T21:14:12.494424Z DEBUG gtk_status_bar::widgets: Updating client pill address=0x57c07edca530 title="hello" compact_title="hello" class="kitty" active=true
2026-07-13T21:14:12+00:00 machine gtk-status-bar[1205]: 2026-07-13T21:14:12.819502Z  INFO gtk_status_bar::network: Network reachability probe completed target=192.0.2.1 success=true elapsed_ms=16
2026-07-13T21:14:12+00:00 machine gtk-status-bar[1205]: 2026-07-13T21:14:12.819550Z DEBUG gtk_status_bar::network: Sent network update label="\u{f091f} 28% \u{f0ac}"
2026-07-13T21:14:12+00:00 machine gtk-status-bar[1205]: 2026-07-13T21:14:12.819935Z DEBUG gtk_status_bar::widgets: Updating network label: 󰤟 28% 
2026-07-13T21:14:13+00:00 machine gtk-status-bar[1205]: 2026-07-13T21:14:13.001888Z DEBUG gtk_status_bar::widgets: Updating time label:  9:14 PM
2026-07-13T21:14:14+00:00 machine gtk-status-bar[1205]: 2026-07-13T21:14:14.002407Z DEBUG gtk_status_bar::widgets: Updating time label:  9:14 PM
2026-07-13T21:14:14+00:00 machine gtk-status-bar[1205]: 2026-07-13T21:14:14.307774Z  INFO gtk_status_bar::network: Network reachability probe completed target=198.51.100.1 success=false elapsed_ms=10
2026-07-13T21:14:14+00:00 machine gtk-status-bar[1205]: 2026-07-13T21:14:14.307830Z DEBUG gtk_status_bar::network: Sent network update label="\u{f091f} 28% \u{f0ac}"
2026-07-13T21:14:14+00:00 machine gtk-status-bar[1205]: 2026-07-13T21:14:14.308006Z DEBUG gtk_status_bar::widgets: Updating network label: 󰤟 28% 
2026-07-13T21:14:14+00:00 machine gtk-status-bar[1205]: 2026-07-13T21:14:14.985586Z  INFO gtk_status_bar::network: Network reachability probe completed target=198.51.100.1 success=false elapsed_ms=18
2026-07-13T21:14:14+00:00 machine gtk-status-bar[1205]: 2026-07-13T21:14:14.985676Z DEBUG gtk_status_bar::network: Sent network update label="\u{f091f} 28% \u{f0ac}"
2026-07-13T21:14:14+00:00 machine gtk-status-bar[1205]: 2026-07-13T21:14:14.985905Z DEBUG gtk_status_bar::widgets: Updating network label: 󰤟 28% 
2026-07-13T21:14:15+00:00 machine gtk-status-bar[1205]: 2026-07-13T21:14:15.001137Z DEBUG gtk_status_bar::widgets: Updating time label:  9:14 PM
2026-07-13T21:14:16+00:00 machine gtk-status-bar[1205]: 2026-07-13T21:14:16.001015Z DEBUG gtk_status_bar::widgets: Updating time label:  9:14 PM
2026-07-13T21:14:16+00:00 machine gtk-status-bar[1205]: 2026-07-13T21:14:16.240070Z  INFO gtk_status_bar::network: Network reachability probe completed target=192.0.2.1 success=true elapsed_ms=25
2026-07-13T21:14:16+00:00 machine gtk-status-bar[1205]: 2026-07-13T21:14:16.241181Z DEBUG gtk_status_bar::network: Sent network update label="\u{f091f} 28% \u{f0ac}"
2026-07-13T21:14:16+00:00 machine gtk-status-bar[1205]: 2026-07-13T21:14:16.242932Z DEBUG gtk_status_bar::widgets: Updating network label: 󰤟 28% 
2026-07-13T21:14:17+00:00 machine gtk-status-bar[1205]: 2026-07-13T21:14:17.002148Z DEBUG gtk_status_bar::widgets: Updating time label:  9:14 PM
2026-07-13T21:14:17+00:00 machine gtk-status-bar[1205]: 2026-07-13T21:14:17.116194Z DEBUG gtk_status_bar::hypr: Window title changed address=0x57c07ebdd140 title="AAAAAAAAAAAAAAAAAAAAAAAAAAAAAAAAAAAAAAAAAAAAAAAAAAAAAAAAAAAAAAAA"
2026-07-13T21:14:17+00:00 machine gtk-status-bar[1205]: 2026-07-13T21:14:17.123138Z DEBUG gtk_status_bar::hypr: Refreshing current workspace clients reason="title-changed" workspace_id=2 client_count=2 active_address="0x57c07edca530"
2026-07-13T21:14:17+00:00 machine gtk-status-bar[1205]: 2026-07-13T21:14:17.123422Z DEBUG gtk_status_bar::widgets: Updating workspace client strip workspace_id=2 client_count=2
2026-07-13T21:14:17+00:00 machine gtk-status-bar[1205]: 2026-07-13T21:14:17.123612Z DEBUG gtk_status_bar::widgets: Updating client pill address=0x57c07ecb0460 title="Close OS window" compact_title="Close" class="kitty" active=false
2026-07-13T21:14:17+00:00 machine gtk-status-bar[1205]: 2026-07-13T21:14:17.123682Z DEBUG gtk_status_bar::widgets: Updating client pill address=0x57c07edca530 title="hello" compact_title="hello" class="kitty" active=true
2026-07-13T21:14:17+00:00 machine gtk-status-bar[1205]: 2026-07-13T21:14:17.164007Z DEBUG gtk_status_bar::hypr: Window opened window=WindowOpenEvent { window_address: Address("0x57c07ebdd140"), workspace_name: "i", window_class: "kitty", window_title: "AAAAAAAAAAAAAAAAAAAAAAAAAAAAAAAAAAAAAAAAAAAAAAAAAAAAAAAAAAAAAAAA" }
2026-07-13T21:14:17+00:00 machine gtk-status-bar[1205]: 2026-07-13T21:14:17.185314Z DEBUG gtk_status_bar::hypr: Refreshing current workspace clients reason="window-opened" workspace_id=2 client_count=3 active_address="0x57c07ebdd140"
2026-07-13T21:14:17+00:00 machine gtk-status-bar[1205]: 2026-07-13T21:14:17.185367Z DEBUG gtk_status_bar::hypr: Active window changed window=Some(WindowEventData { class: "kitty", title: "AAAAAAAAAAAAAAAAAAAAAAAAAAAAAAAAAAAAAAAAAAAAAAAAAAAAAAAAAAAAAAAA", address: Address("0x57c07ebdd140") })
2026-07-13T21:14:17+00:00 machine gtk-status-bar[1205]: 2026-07-13T21:14:17.186878Z DEBUG gtk_status_bar::widgets: Updating workspace client strip workspace_id=2 client_count=3
2026-07-13T21:14:17+00:00 machine gtk-status-bar[1205]: 2026-07-13T21:14:17.187038Z DEBUG gtk_status_bar::widgets: Updating client pill address=0x57c07ecb0460 title="Close OS window" compact_title="Close" class="kitty" active=false
2026-07-13T21:14:17+00:00 machine gtk-status-bar[1205]: 2026-07-13T21:14:17.187098Z DEBUG gtk_status_bar::widgets: Updating client pill address=0x57c07edca530 title="hello" compact_title="hello" class="kitty" active=false
2026-07-13T21:14:17+00:00 machine gtk-status-bar[1205]: 2026-07-13T21:14:17.187145Z DEBUG gtk_status_bar::widgets: Updating client pill address=0x57c07ebdd140 title="AAAAAAAAAAAAAAAAAAAAAAAAAAAAAAAAAAAAAAAAAAAAAAAAAAAAAAAAAAAAAAAA" compact_title="AAAAAAAAAAA…" class="kitty" active=true
2026-07-13T21:14:17+00:00 machine gtk-status-bar[1205]: 2026-07-13T21:14:17.187168Z DEBUG gtk_status_bar::widgets: Creating client title pill
2026-07-13T21:14:17+00:00 machine gtk-status-bar[1205]: 2026-07-13T21:14:17.187569Z DEBUG gtk_status_bar::hypr: Refreshing current workspace clients reason="active-window-changed" workspace_id=2 client_count=3 active_address="0x57c07ebdd140"
2026-07-13T21:14:17+00:00 machine gtk-status-bar[1205]: 2026-07-13T21:14:17.240965Z DEBUG gtk_status_bar::widgets: Resolved title icon from desktop application metadata class="kitty"
2026-07-13T21:14:17+00:00 machine gtk-status-bar[1205]: 2026-07-13T21:14:17.241052Z DEBUG gtk_status_bar::widgets: Updating workspace client strip workspace_id=2 client_count=3
2026-07-13T21:14:17+00:00 machine gtk-status-bar[1205]: 2026-07-13T21:14:17.241105Z DEBUG gtk_status_bar::widgets: Updating client pill address=0x57c07ecb0460 title="Close OS window" compact_title="Close" class="kitty" active=false
2026-07-13T21:14:17+00:00 machine gtk-status-bar[1205]: 2026-07-13T21:14:17.241150Z DEBUG gtk_status_bar::widgets: Updating client pill address=0x57c07edca530 title="hello" compact_title="hello" class="kitty" active=false
2026-07-13T21:14:17+00:00 machine gtk-status-bar[1205]: 2026-07-13T21:14:17.241188Z DEBUG gtk_status_bar::widgets: Updating client pill address=0x57c07ebdd140 title="AAAAAAAAAAAAAAAAAAAAAAAAAAAAAAAAAAAAAAAAAAAAAAAAAAAAAAAAAAAAAAAA" compact_title="AAAAAAAAAAA…" class="kitty" active=true
2026-07-13T21:14:18+00:00 machine gtk-status-bar[1205]: 2026-07-13T21:14:18.001171Z DEBUG gtk_status_bar::widgets: Updating time label:  9:14 PM
2026-07-13T21:14:18+00:00 machine gtk-status-bar[1205]: 2026-07-13T21:14:18.157653Z  INFO gtk_status_bar::network: Network reachability probe completed target=198.51.100.1 success=false elapsed_ms=19
2026-07-13T21:14:18+00:00 machine gtk-status-bar[1205]: 2026-07-13T21:14:18.157805Z DEBUG gtk_status_bar::network: Sent network update label="\u{f091f} 28% \u{f0ac}"
2026-07-13T21:14:18+00:00 machine gtk-status-bar[1205]: 2026-07-13T21:14:18.158034Z DEBUG gtk_status_bar::widgets: Updating network label: 󰤟 28% 
2026-07-13T21:14:19+00:00 machine gtk-status-bar[1205]: 2026-07-13T21:14:19.001537Z DEBUG gtk_status_bar::widgets: Updating time label:  9:14 PM
2026-07-13T21:14:20+00:00 machine gtk-status-bar[1205]: 2026-07-13T21:14:20.002086Z DEBUG gtk_status_bar::widgets: Updating time label:  9:14 PM
2026-07-13T21:14:20+00:00 machine gtk-status-bar[1205]: 2026-07-13T21:14:20.097397Z  INFO gtk_status_bar::network: Network reachability probe completed target=192.0.2.1 success=true elapsed_ms=12
2026-07-13T21:14:20+00:00 machine gtk-status-bar[1205]: 2026-07-13T21:14:20.097447Z DEBUG gtk_status_bar::network: Sent network update label="\u{f091f} 28% \u{f0ac}"
2026-07-13T21:14:20+00:00 machine gtk-status-bar[1205]: 2026-07-13T21:14:20.109543Z DEBUG gtk_status_bar::widgets: Updating network label: 󰤟 28% 
2026-07-13T21:14:21+00:00 machine gtk-status-bar[1205]: 2026-07-13T21:14:21.002657Z DEBUG gtk_status_bar::widgets: Updating time label:  9:14 PM
2026-07-13T21:14:21+00:00 machine gtk-status-bar[1205]: 2026-07-13T21:14:21.196243Z DEBUG gtk_status_bar::hypr: Window title changed address=0x57c07ec51e80 title="01234567890123456789012345678901234567890123456789012345678901234567890123456789"
2026-07-13T21:14:21+00:00 machine gtk-status-bar[1205]: 2026-07-13T21:14:21.198380Z DEBUG gtk_status_bar::hypr: Refreshing current workspace clients reason="title-changed" workspace_id=2 client_count=3 active_address="0x57c07ebdd140"
2026-07-13T21:14:21+00:00 machine gtk-status-bar[1205]: 2026-07-13T21:14:21.211492Z DEBUG gtk_status_bar::widgets: Updating workspace client strip workspace_id=2 client_count=3
2026-07-13T21:14:21+00:00 machine gtk-status-bar[1205]: 2026-07-13T21:14:21.211780Z DEBUG gtk_status_bar::widgets: Updating client pill address=0x57c07ecb0460 title="Close OS window" compact_title="Close" class="kitty" active=false
2026-07-13T21:14:21+00:00 machine gtk-status-bar[1205]: 2026-07-13T21:14:21.227334Z DEBUG gtk_status_bar::widgets: Updating client pill address=0x57c07edca530 title="hello" compact_title="hello" class="kitty" active=false
2026-07-13T21:14:21+00:00 machine gtk-status-bar[1205]: 2026-07-13T21:14:21.227416Z DEBUG gtk_status_bar::widgets: Updating client pill address=0x57c07ebdd140 title="AAAAAAAAAAAAAAAAAAAAAAAAAAAAAAAAAAAAAAAAAAAAAAAAAAAAAAAAAAAAAAAA" compact_title="AAAAAAAAAAA…" class="kitty" active=true
2026-07-13T21:14:21+00:00 machine gtk-status-bar[1205]: 2026-07-13T21:14:21.241545Z DEBUG gtk_status_bar::hypr: Window opened window=WindowOpenEvent { window_address: Address("0x57c07ec51e80"), workspace_name: "i", window_class: "kitty", window_title: "01234567890123456789012345678901234567890123456789012345678901234567890123456789" }
2026-07-13T21:14:21+00:00 machine gtk-status-bar[1205]: 2026-07-13T21:14:21.302379Z DEBUG gtk_status_bar::hypr: Refreshing current workspace clients reason="window-opened" workspace_id=2 client_count=4 active_address="0x57c07ec51e80"
2026-07-13T21:14:21+00:00 machine gtk-status-bar[1205]: 2026-07-13T21:14:21.302455Z DEBUG gtk_status_bar::hypr: Active window changed window=Some(WindowEventData { class: "kitty", title: "01234567890123456789012345678901234567890123456789012345678901234567890123456789", address: Address("0x57c07ec51e80") })
2026-07-13T21:14:21+00:00 machine gtk-status-bar[1205]: 2026-07-13T21:14:21.316920Z DEBUG gtk_status_bar::widgets: Updating workspace client strip workspace_id=2 client_count=4
2026-07-13T21:14:21+00:00 machine gtk-status-bar[1205]: 2026-07-13T21:14:21.317116Z DEBUG gtk_status_bar::widgets: Updating client pill address=0x57c07ecb0460 title="Close OS window" compact_title="Close" class="kitty" active=false
2026-07-13T21:14:21+00:00 machine gtk-status-bar[1205]: 2026-07-13T21:14:21.317181Z DEBUG gtk_status_bar::widgets: Updating client pill address=0x57c07edca530 title="hello" compact_title="hello" class="kitty" active=false
2026-07-13T21:14:21+00:00 machine gtk-status-bar[1205]: 2026-07-13T21:14:21.317231Z DEBUG gtk_status_bar::widgets: Updating client pill address=0x57c07ebdd140 title="AAAAAAAAAAAAAAAAAAAAAAAAAAAAAAAAAAAAAAAAAAAAAAAAAAAAAAAAAAAAAAAA" compact_title="AAAAAAAAAAA…" class="kitty" active=false
2026-07-13T21:14:21+00:00 machine gtk-status-bar[1205]: 2026-07-13T21:14:21.317293Z DEBUG gtk_status_bar::widgets: Updating client pill address=0x57c07ec51e80 title="0123456789012345678901234567890…89012345678901234567890123456789" compact_title="01234567890…" class="kitty" active=true
2026-07-13T21:14:21+00:00 machine gtk-status-bar[1205]: 2026-07-13T21:14:21.317319Z DEBUG gtk_status_bar::widgets: Creating client title pill
2026-07-13T21:14:21+00:00 machine gtk-status-bar[1205]: 2026-07-13T21:14:21.355822Z DEBUG gtk_status_bar::hypr: Refreshing current workspace clients reason="active-window-changed" workspace_id=2 client_count=4 active_address="0x57c07ec51e80"
2026-07-13T21:14:21+00:00 machine gtk-status-bar[1205]: 2026-07-13T21:14:21.364358Z DEBUG gtk_status_bar::widgets: Resolved title icon from desktop application metadata class="kitty"
2026-07-13T21:14:21+00:00 machine gtk-status-bar[1205]: 2026-07-13T21:14:21.364446Z DEBUG gtk_status_bar::widgets: Updating workspace client strip workspace_id=2 client_count=4
2026-07-13T21:14:21+00:00 machine gtk-status-bar[1205]: 2026-07-13T21:14:21.364514Z DEBUG gtk_status_bar::widgets: Updating client pill address=0x57c07ecb0460 title="Close OS window" compact_title="Close" class="kitty" active=false
2026-07-13T21:14:21+00:00 machine gtk-status-bar[1205]: 2026-07-13T21:14:21.364565Z DEBUG gtk_status_bar::widgets: Updating client pill address=0x57c07edca530 title="hello" compact_title="hello" class="kitty" active=false
2026-07-13T21:14:21+00:00 machine gtk-status-bar[1205]: 2026-07-13T21:14:21.364611Z DEBUG gtk_status_bar::widgets: Updating client pill address=0x57c07ebdd140 title="AAAAAAAAAAAAAAAAAAAAAAAAAAAAAAAAAAAAAAAAAAAAAAAAAAAAAAAAAAAAAAAA" compact_title="AAAAAAAAAAA…" class="kitty" active=false
2026-07-13T21:14:21+00:00 machine gtk-status-bar[1205]: 2026-07-13T21:14:21.364657Z DEBUG gtk_status_bar::widgets: Updating client pill address=0x57c07ec51e80 title="0123456789012345678901234567890…89012345678901234567890123456789" compact_title="01234567890…" class="kitty" active=true
2026-07-13T21:14:21+00:00 machine gtk-status-bar[1205]: 2026-07-13T21:14:21.622520Z  INFO gtk_status_bar::network: Network reachability probe completed target=192.0.2.1 success=true elapsed_ms=13
2026-07-13T21:14:21+00:00 machine gtk-status-bar[1205]: 2026-07-13T21:14:21.623763Z DEBUG gtk_status_bar::network: Sent network update label="\u{f091f} 28% \u{f0ac}"
2026-07-13T21:14:21+00:00 machine gtk-status-bar[1205]: 2026-07-13T21:14:21.624005Z DEBUG gtk_status_bar::widgets: Updating network label: 󰤟 28% 
2026-07-13T21:14:21+00:00 machine gtk-status-bar[1205]: 2026-07-13T21:14:21.988642Z  INFO gtk_status_bar::network: Network reachability probe completed target=198.51.100.1 success=false elapsed_ms=11
2026-07-13T21:14:21+00:00 machine gtk-status-bar[1205]: 2026-07-13T21:14:21.988785Z DEBUG gtk_status_bar::network: Sent network update label="\u{f091f} 28% \u{f0ac}"
2026-07-13T21:14:22+00:00 machine gtk-status-bar[1205]: 2026-07-13T21:14:21.988949Z DEBUG gtk_status_bar::widgets: Updating network label: 󰤟 28% 
2026-07-13T21:14:22+00:00 machine gtk-status-bar[1205]: 2026-07-13T21:14:22.001197Z DEBUG gtk_status_bar::widgets: Updating time label:  9:14 PM
2026-07-13T21:14:22+00:00 machine gtk-status-bar[1205]: 2026-07-13T21:14:22.928606Z  INFO gtk_status_bar::network: Network reachability probe completed target=192.0.2.1 success=true elapsed_ms=21
2026-07-13T21:14:22+00:00 machine gtk-status-bar[1205]: 2026-07-13T21:14:22.928923Z DEBUG gtk_status_bar::network: Sent network update label="\u{f091f} 28% \u{f0ac}"
2026-07-13T21:14:22+00:00 machine gtk-status-bar[1205]: 2026-07-13T21:14:22.929309Z DEBUG gtk_status_bar::widgets: Updating network label: 󰤟 28% 
2026-07-13T21:14:23+00:00 machine gtk-status-bar[1205]: 2026-07-13T21:14:23.000856Z DEBUG gtk_status_bar::widgets: Updating time label:  9:14 PM
2026-07-13T21:14:24+00:00 machine gtk-status-bar[1205]: 2026-07-13T21:14:24.002606Z DEBUG gtk_status_bar::widgets: Updating time label:  9:14 PM
2026-07-13T21:14:24+00:00 machine gtk-status-bar[1205]: 2026-07-13T21:14:24.343257Z  INFO gtk_status_bar::network: Network reachability probe completed target=198.51.100.1 success=false elapsed_ms=19
2026-07-13T21:14:24+00:00 machine gtk-status-bar[1205]: 2026-07-13T21:14:24.343308Z DEBUG gtk_status_bar::network: Sent network update label="\u{f091f} 28% \u{f0ac}"
2026-07-13T21:14:24+00:00 machine gtk-status-bar[1205]: 2026-07-13T21:14:24.343571Z DEBUG gtk_status_bar::widgets: Updating network label: 󰤟 28% 
2026-07-13T21:14:25+00:00 machine gtk-status-bar[1205]: 2026-07-13T21:14:25.001830Z DEBUG gtk_status_bar::widgets: Updating time label:  9:14 PM
2026-07-13T21:14:25+00:00 machine gtk-status-bar[1205]: 2026-07-13T21:14:25.293204Z  INFO gtk_status_bar::network: Network reachability probe completed target=192.0.2.1 success=true elapsed_ms=12
2026-07-13T21:14:25+00:00 machine gtk-status-bar[1205]: 2026-07-13T21:14:25.293252Z DEBUG gtk_status_bar::network: Sent network update label="\u{f091f} 28% \u{f0ac}"
2026-07-13T21:14:25+00:00 machine gtk-status-bar[1205]: 2026-07-13T21:14:25.293471Z DEBUG gtk_status_bar::widgets: Updating network label: 󰤟 28% 
2026-07-13T21:14:25+00:00 machine gtk-status-bar[1205]: 2026-07-13T21:14:25.444136Z DEBUG gtk_status_bar::hypr: Window title changed address=0x57c07fc69630 title="界🙂界🙂界🙂界🙂界🙂界🙂界🙂界🙂界🙂界🙂界🙂界🙂界🙂界🙂界🙂界🙂界🙂界🙂界🙂界🙂界🙂界🙂界🙂界🙂界🙂界🙂界🙂界🙂界🙂界🙂界🙂界🙂界🙂界🙂界🙂界🙂界🙂界🙂界🙂界🙂"
2026-07-13T21:14:25+00:00 machine gtk-status-bar[1205]: 2026-07-13T21:14:25.457887Z DEBUG gtk_status_bar::hypr: Refreshing current workspace clients reason="title-changed" workspace_id=2 client_count=4 active_address="0x57c07ec51e80"
2026-07-13T21:14:25+00:00 machine gtk-status-bar[1205]: 2026-07-13T21:14:25.458082Z DEBUG gtk_status_bar::widgets: Updating workspace client strip workspace_id=2 client_count=4
2026-07-13T21:14:25+00:00 machine gtk-status-bar[1205]: 2026-07-13T21:14:25.458277Z DEBUG gtk_status_bar::widgets: Updating client pill address=0x57c07ecb0460 title="Close OS window" compact_title="Close" class="kitty" active=false
2026-07-13T21:14:25+00:00 machine gtk-status-bar[1205]: 2026-07-13T21:14:25.458340Z DEBUG gtk_status_bar::widgets: Updating client pill address=0x57c07edca530 title="hello" compact_title="hello" class="kitty" active=false
2026-07-13T21:14:25+00:00 machine gtk-status-bar[1205]: 2026-07-13T21:14:25.458388Z DEBUG gtk_status_bar::widgets: Updating client pill address=0x57c07ebdd140 title="AAAAAAAAAAAAAAAAAAAAAAAAAAAAAAAAAAAAAAAAAAAAAAAAAAAAAAAAAAAAAAAA" compact_title="AAAAAAAAAAA…" class="kitty" active=false
2026-07-13T21:14:25+00:00 machine gtk-status-bar[1205]: 2026-07-13T21:14:25.458436Z DEBUG gtk_status_bar::widgets: Updating client pill address=0x57c07ec51e80 title="0123456789012345678901234567890…89012345678901234567890123456789" compact_title="01234567890…" class="kitty" active=true
2026-07-13T21:14:25+00:00 machine gtk-status-bar[1205]: 2026-07-13T21:14:25.508212Z DEBUG gtk_status_bar::hypr: Window opened window=WindowOpenEvent { window_address: Address("0x57c07fc69630"), workspace_name: "i", window_class: "kitty", window_title: "界🙂界🙂界🙂界🙂界🙂界🙂界🙂界🙂界🙂界🙂界🙂界🙂界🙂界🙂界🙂界🙂界🙂界🙂界🙂界🙂界🙂界🙂界🙂界🙂界🙂界🙂界🙂界🙂界🙂界🙂界🙂界🙂界🙂界🙂界🙂界🙂界🙂界🙂界🙂界🙂" }
2026-07-13T21:14:25+00:00 machine gtk-status-bar[1205]: 2026-07-13T21:14:25.541215Z DEBUG gtk_status_bar::hypr: Refreshing current workspace clients reason="window-opened" workspace_id=2 client_count=5 active_address="0x57c07fc69630"
2026-07-13T21:14:25+00:00 machine gtk-status-bar[1205]: 2026-07-13T21:14:25.541271Z DEBUG gtk_status_bar::hypr: Active window changed window=Some(WindowEventData { class: "kitty", title: "界🙂界🙂界🙂界🙂界🙂界🙂界🙂界🙂界🙂界🙂界🙂界🙂界🙂界🙂界🙂界🙂界🙂界🙂界🙂界🙂界🙂界🙂界🙂界🙂界🙂界🙂界🙂界🙂界🙂界🙂界🙂界🙂界🙂界🙂界🙂界🙂界🙂界🙂界🙂界🙂", address: Address("0x57c07fc69630") })
2026-07-13T21:14:25+00:00 machine gtk-status-bar[1205]: 2026-07-13T21:14:25.562773Z DEBUG gtk_status_bar::widgets: Updating workspace client strip workspace_id=2 client_count=5
2026-07-13T21:14:25+00:00 machine gtk-status-bar[1205]: 2026-07-13T21:14:25.563040Z DEBUG gtk_status_bar::widgets: Updating client pill address=0x57c07ecb0460 title="Close OS window" compact_title="Close" class="kitty" active=false
2026-07-13T21:14:25+00:00 machine gtk-status-bar[1205]: 2026-07-13T21:14:25.563110Z DEBUG gtk_status_bar::widgets: Updating client pill address=0x57c07edca530 title="hello" compact_title="hello" class="kitty" active=false
2026-07-13T21:14:25+00:00 machine gtk-status-bar[1205]: 2026-07-13T21:14:25.563168Z DEBUG gtk_status_bar::widgets: Updating client pill address=0x57c07ebdd140 title="AAAAAAAAAAAAAAAAAAAAAAAAAAAAAAAAAAAAAAAAAAAAAAAAAAAAAAAAAAAAAAAA" compact_title="AAAAAAAAAAA…" class="kitty" active=false
2026-07-13T21:14:25+00:00 machine gtk-status-bar[1205]: 2026-07-13T21:14:25.563211Z DEBUG gtk_status_bar::widgets: Updating client pill address=0x57c07ec51e80 title="0123456789012345678901234567890…89012345678901234567890123456789" compact_title="01234567890…" class="kitty" active=false
2026-07-13T21:14:25+00:00 machine gtk-status-bar[1205]: 2026-07-13T21:14:25.563259Z DEBUG gtk_status_bar::widgets: Updating client pill address=0x57c07fc69630 title="界🙂界🙂界🙂界🙂界🙂界🙂界🙂界🙂界🙂界🙂界🙂界🙂界🙂界🙂界🙂界…界🙂界🙂界🙂界🙂界🙂界🙂界🙂界🙂界🙂界🙂界🙂界🙂界🙂界🙂界🙂界🙂" compact_title="界🙂界🙂界🙂界🙂界🙂界…" class="kitty" active=true
2026-07-13T21:14:25+00:00 machine gtk-status-bar[1205]: 2026-07-13T21:14:25.563329Z DEBUG gtk_status_bar::widgets: Creating client title pill
2026-07-13T21:14:25+00:00 machine gtk-status-bar[1205]: 2026-07-13T21:14:25.606920Z DEBUG gtk_status_bar::widgets: Resolved title icon from desktop application metadata class="kitty"
2026-07-13T21:14:25+00:00 machine gtk-status-bar[1205]: 2026-07-13T21:14:25.641038Z DEBUG gtk_status_bar::hypr: Refreshing current workspace clients reason="active-window-changed" workspace_id=2 client_count=5 active_address="0x57c07fc69630"
2026-07-13T21:14:25+00:00 machine gtk-status-bar[1205]: 2026-07-13T21:14:25.652946Z DEBUG gtk_status_bar::widgets: Updating workspace client strip workspace_id=2 client_count=5
2026-07-13T21:14:25+00:00 machine gtk-status-bar[1205]: 2026-07-13T21:14:25.653071Z DEBUG gtk_status_bar::widgets: Updating client pill address=0x57c07ecb0460 title="Close OS window" compact_title="Close" class="kitty" active=false
2026-07-13T21:14:25+00:00 machine gtk-status-bar[1205]: 2026-07-13T21:14:25.653137Z DEBUG gtk_status_bar::widgets: Updating client pill address=0x57c07edca530 title="hello" compact_title="hello" class="kitty" active=false
2026-07-13T21:14:25+00:00 machine gtk-status-bar[1205]: 2026-07-13T21:14:25.653187Z DEBUG gtk_status_bar::widgets: Updating client pill address=0x57c07ebdd140 title="AAAAAAAAAAAAAAAAAAAAAAAAAAAAAAAAAAAAAAAAAAAAAAAAAAAAAAAAAAAAAAAA" compact_title="AAAAAAAAAAA…" class="kitty" active=false
2026-07-13T21:14:25+00:00 machine gtk-status-bar[1205]: 2026-07-13T21:14:25.653235Z DEBUG gtk_status_bar::widgets: Updating client pill address=0x57c07ec51e80 title="0123456789012345678901234567890…89012345678901234567890123456789" compact_title="01234567890…" class="kitty" active=false
2026-07-13T21:14:25+00:00 machine gtk-status-bar[1205]: 2026-07-13T21:14:25.653285Z DEBUG gtk_status_bar::widgets: Updating client pill address=0x57c07fc69630 title="界🙂界🙂界🙂界🙂界🙂界🙂界🙂界🙂界🙂界🙂界🙂界🙂界🙂界🙂界🙂界…界🙂界🙂界🙂界🙂界🙂界🙂界🙂界🙂界🙂界🙂界🙂界🙂界🙂界🙂界🙂界🙂" compact_title="界🙂界🙂界🙂界🙂界🙂界…" class="kitty" active=true
2026-07-13T21:14:25+00:00 machine gtk-status-bar[1205]: 2026-07-13T21:14:25.881560Z  INFO gtk_status_bar::network: Network reachability probe completed target=198.51.100.1 success=false elapsed_ms=14
2026-07-13T21:14:25+00:00 machine gtk-status-bar[1205]: 2026-07-13T21:14:25.881608Z DEBUG gtk_status_bar::network: Sent network update label="\u{f091f} 28% \u{f0ac}"
2026-07-13T21:14:25+00:00 machine gtk-status-bar[1205]: 2026-07-13T21:14:25.881840Z DEBUG gtk_status_bar::widgets: Updating network label: 󰤟 28% 
2026-07-13T21:14:26+00:00 machine gtk-status-bar[1205]: 2026-07-13T21:14:26.001267Z DEBUG gtk_status_bar::widgets: Updating time label:  9:14 PM
2026-07-13T21:14:26+00:00 machine gtk-status-bar[1205]: 2026-07-13T21:14:26.917160Z  INFO gtk_status_bar::network: Network reachability probe completed target=192.0.2.1 success=true elapsed_ms=17
2026-07-13T21:14:26+00:00 machine gtk-status-bar[1205]: 2026-07-13T21:14:26.917213Z DEBUG gtk_status_bar::network: Sent network update label="\u{f091f} 28% \u{f0ac}"
2026-07-13T21:14:26+00:00 machine gtk-status-bar[1205]: 2026-07-13T21:14:26.917379Z DEBUG gtk_status_bar::widgets: Updating network label: 󰤟 28% 
2026-07-13T21:14:27+00:00 machine gtk-status-bar[1205]: 2026-07-13T21:14:27.000847Z DEBUG gtk_status_bar::widgets: Updating time label:  9:14 PM
2026-07-13T21:14:27+00:00 machine gtk-status-bar[1205]: 2026-07-13T21:14:27.716441Z  INFO gtk_status_bar::network: Network reachability probe completed target=198.51.100.1 success=false elapsed_ms=22
2026-07-13T21:14:27+00:00 machine gtk-status-bar[1205]: 2026-07-13T21:14:27.716495Z DEBUG gtk_status_bar::network: Sent network update label="\u{f091f} 28% \u{f0ac}"
2026-07-13T21:14:27+00:00 machine gtk-status-bar[1205]: 2026-07-13T21:14:27.716683Z DEBUG gtk_status_bar::widgets: Updating network label: 󰤟 28% 
2026-07-13T21:14:28+00:00 machine gtk-status-bar[1205]: 2026-07-13T21:14:28.002107Z DEBUG gtk_status_bar::widgets: Updating time label:  9:14 PM
2026-07-13T21:14:28+00:00 machine gtk-status-bar[1205]: 2026-07-13T21:14:28.263348Z  INFO gtk_status_bar::network: Network reachability probe completed target=192.0.2.1 success=true elapsed_ms=19
2026-07-13T21:14:28+00:00 machine gtk-status-bar[1205]: 2026-07-13T21:14:28.263407Z DEBUG gtk_status_bar::network: Sent network update label="\u{f091f} 28% \u{f0ac}"
2026-07-13T21:14:28+00:00 machine gtk-status-bar[1205]: 2026-07-13T21:14:28.263585Z DEBUG gtk_status_bar::widgets: Updating network label: 󰤟 28% 
2026-07-13T21:14:28+00:00 machine gtk-status-bar[1205]: 2026-07-13T21:14:28.577103Z  INFO gtk_status_bar::network: Network reachability probe completed target=198.51.100.1 success=false elapsed_ms=17
2026-07-13T21:14:28+00:00 machine gtk-status-bar[1205]: 2026-07-13T21:14:28.577158Z DEBUG gtk_status_bar::network: Sent network update label="\u{f091f} 28% \u{f0ac}"
2026-07-13T21:14:28+00:00 machine gtk-status-bar[1205]: 2026-07-13T21:14:28.577355Z DEBUG gtk_status_bar::widgets: Updating network label: 󰤟 28% 
2026-07-13T21:14:29+00:00 machine gtk-status-bar[1205]: 2026-07-13T21:14:29.001947Z DEBUG gtk_status_bar::widgets: Updating time label:  9:14 PM
2026-07-13T21:14:29+00:00 machine gtk-status-bar[1205]: 2026-07-13T21:14:29.043982Z DEBUG gtk_status_bar::hypr: Active window changed window=None
2026-07-13T21:14:29+00:00 machine gtk-status-bar[1205]: 2026-07-13T21:14:29.044193Z DEBUG gtk_status_bar::hypr: Handling workspace change event
2026-07-13T21:14:29+00:00 machine gtk-status-bar[1205]: 2026-07-13T21:14:29.044247Z DEBUG gtk_status_bar::hypr: Workspace changed to: Workspace u
2026-07-13T21:14:29+00:00 machine gtk-status-bar[1205]: 2026-07-13T21:14:29.044515Z DEBUG gtk_status_bar::widgets: Updating workspace - label: 'Workspace u', color for workspace: 1
2026-07-13T21:14:29+00:00 machine gtk-status-bar[1205]: 2026-07-13T21:14:29.044779Z DEBUG gtk_status_bar::widgets: Updated title widget color to: rgba(122, 162, 247, 0.5) for workspace: 1
2026-07-13T21:14:29+00:00 machine gtk-status-bar[1205]: 2026-07-13T21:14:29.084884Z DEBUG gtk_status_bar::hypr: Refreshing current workspace clients reason="active-window-changed" workspace_id=1 client_count=0
2026-07-13T21:14:29+00:00 machine gtk-status-bar[1205]: 2026-07-13T21:14:29.084931Z DEBUG gtk_status_bar::hypr: Refreshing clients for workspace change workspace=WorkspaceEventData { name: Regular("u"), id: 1 }
2026-07-13T21:14:29+00:00 machine gtk-status-bar[1205]: 2026-07-13T21:14:29.085076Z DEBUG gtk_status_bar::widgets: Updating workspace client strip workspace_id=1 client_count=0
2026-07-13T21:14:29+00:00 machine gtk-status-bar[1205]: 2026-07-13T21:14:29.085667Z DEBUG gtk_status_bar::hypr: Refreshing current workspace clients reason="workspace-changed" workspace_id=1 client_count=0
2026-07-13T21:14:29+00:00 machine gtk-status-bar[1205]: 2026-07-13T21:14:29.096966Z DEBUG gtk_status_bar::widgets: Updating workspace client strip workspace_id=1 client_count=0
2026-07-13T21:14:30+00:00 machine gtk-status-bar[1205]: 2026-07-13T21:14:30.002570Z DEBUG gtk_status_bar::widgets: Updating time label:  9:14 PM
2026-07-13T21:14:30+00:00 machine gtk-status-bar[1205]: 2026-07-13T21:14:30.326554Z  INFO gtk_status_bar::network: Network reachability probe completed target=198.51.100.1 success=false elapsed_ms=24
2026-07-13T21:14:30+00:00 machine gtk-status-bar[1205]: 2026-07-13T21:14:30.326606Z DEBUG gtk_status_bar::network: Sent network update label="\u{f091f} 28% \u{f0ac}"
2026-07-13T21:14:30+00:00 machine gtk-status-bar[1205]: 2026-07-13T21:14:30.327057Z DEBUG gtk_status_bar::widgets: Updating network label: 󰤟 28% 
2026-07-13T21:14:30+00:00 machine gtk-status-bar[1205]: 2026-07-13T21:14:30.888809Z  INFO gtk_status_bar::network: Network reachability probe completed target=192.0.2.1 success=true elapsed_ms=17
2026-07-13T21:14:30+00:00 machine gtk-status-bar[1205]: 2026-07-13T21:14:30.888861Z DEBUG gtk_status_bar::network: Sent network update label="\u{f091f} 28% \u{f0ac}"
2026-07-13T21:14:30+00:00 machine gtk-status-bar[1205]: 2026-07-13T21:14:30.889006Z DEBUG gtk_status_bar::widgets: Updating network label: 󰤟 28% 
2026-07-13T21:14:31+00:00 machine gtk-status-bar[1205]: 2026-07-13T21:14:31.001351Z DEBUG gtk_status_bar::widgets: Updating time label:  9:14 PM
2026-07-13T21:14:31+00:00 machine gtk-status-bar[1205]: 2026-07-13T21:14:31.467052Z DEBUG gtk_status_bar::hypr: Active window changed window=Some(WindowEventData { class: "kitty", title: "界🙂界🙂界🙂界🙂界🙂界🙂界🙂界🙂界🙂界🙂界🙂界🙂界🙂界🙂界🙂界🙂界🙂界🙂界🙂界🙂界🙂界🙂界🙂界🙂界🙂界🙂界🙂界🙂界🙂界🙂界🙂界🙂界🙂界🙂界🙂界🙂界🙂界🙂界🙂界🙂", address: Address("0x57c07fc69630") })
2026-07-13T21:14:31+00:00 machine gtk-status-bar[1205]: 2026-07-13T21:14:31.467157Z DEBUG gtk_status_bar::hypr: Handling workspace change event
2026-07-13T21:14:31+00:00 machine gtk-status-bar[1205]: 2026-07-13T21:14:31.467186Z DEBUG gtk_status_bar::hypr: Workspace changed to: Workspace i
2026-07-13T21:14:31+00:00 machine gtk-status-bar[1205]: 2026-07-13T21:14:31.467395Z DEBUG gtk_status_bar::widgets: Updating workspace - label: 'Workspace i', color for workspace: 2
2026-07-13T21:14:31+00:00 machine gtk-status-bar[1205]: 2026-07-13T21:14:31.467634Z DEBUG gtk_status_bar::widgets: Updated title widget color to: rgba(125, 207, 255, 0.5) for workspace: 2
2026-07-13T21:14:31+00:00 machine gtk-status-bar[1205]: 2026-07-13T21:14:31.542076Z DEBUG gtk_status_bar::hypr: Refreshing current workspace clients reason="active-window-changed" workspace_id=2 client_count=5 active_address="0x57c07fc69630"
2026-07-13T21:14:31+00:00 machine gtk-status-bar[1205]: 2026-07-13T21:14:31.542371Z DEBUG gtk_status_bar::hypr: Refreshing clients for workspace change workspace=WorkspaceEventData { name: Regular("i"), id: 2 }
2026-07-13T21:14:31+00:00 machine gtk-status-bar[1205]: 2026-07-13T21:14:31.542485Z DEBUG gtk_status_bar::widgets: Updating workspace client strip workspace_id=2 client_count=5
2026-07-13T21:14:31+00:00 machine gtk-status-bar[1205]: 2026-07-13T21:14:31.542521Z DEBUG gtk_status_bar::widgets: Updating client pill address=0x57c07ecb0460 title="Close OS window" compact_title="Close" class="kitty" active=false
2026-07-13T21:14:31+00:00 machine gtk-status-bar[1205]: 2026-07-13T21:14:31.542545Z DEBUG gtk_status_bar::widgets: Creating client title pill
2026-07-13T21:14:31+00:00 machine gtk-status-bar[1205]: 2026-07-13T21:14:31.543062Z DEBUG gtk_status_bar::hypr: Refreshing current workspace clients reason="workspace-changed" workspace_id=2 client_count=5 active_address="0x57c07fc69630"
2026-07-13T21:14:31+00:00 machine gtk-status-bar[1205]: 2026-07-13T21:14:31.593845Z DEBUG gtk_status_bar::widgets: Resolved title icon from desktop application metadata class="kitty"
2026-07-13T21:14:31+00:00 machine gtk-status-bar[1205]: 2026-07-13T21:14:31.594030Z DEBUG gtk_status_bar::widgets: Updating client pill address=0x57c07edca530 title="hello" compact_title="hello" class="kitty" active=false
2026-07-13T21:14:31+00:00 machine gtk-status-bar[1205]: 2026-07-13T21:14:31.594056Z DEBUG gtk_status_bar::widgets: Creating client title pill
2026-07-13T21:14:31+00:00 machine gtk-status-bar[1205]: 2026-07-13T21:14:31.634057Z DEBUG gtk_status_bar::widgets: Resolved title icon from desktop application metadata class="kitty"
2026-07-13T21:14:31+00:00 machine gtk-status-bar[1205]: 2026-07-13T21:14:31.634141Z DEBUG gtk_status_bar::widgets: Updating client pill address=0x57c07ebdd140 title="AAAAAAAAAAAAAAAAAAAAAAAAAAAAAAAAAAAAAAAAAAAAAAAAAAAAAAAAAAAAAAAA" compact_title="AAAAAAAAAAA…" class="kitty" active=false
2026-07-13T21:14:31+00:00 machine gtk-status-bar[1205]: 2026-07-13T21:14:31.634167Z DEBUG gtk_status_bar::widgets: Creating client title pill
2026-07-13T21:14:31+00:00 machine gtk-status-bar[1205]: 2026-07-13T21:14:31.674550Z DEBUG gtk_status_bar::widgets: Resolved title icon from desktop application metadata class="kitty"
2026-07-13T21:14:31+00:00 machine gtk-status-bar[1205]: 2026-07-13T21:14:31.674636Z DEBUG gtk_status_bar::widgets: Updating client pill address=0x57c07ec51e80 title="0123456789012345678901234567890…89012345678901234567890123456789" compact_title="01234567890…" class="kitty" active=false
2026-07-13T21:14:31+00:00 machine gtk-status-bar[1205]: 2026-07-13T21:14:31.674660Z DEBUG gtk_status_bar::widgets: Creating client title pill
2026-07-13T21:14:31+00:00 machine gtk-status-bar[1205]: 2026-07-13T21:14:31.728405Z DEBUG gtk_status_bar::widgets: Resolved title icon from desktop application metadata class="kitty"
2026-07-13T21:14:31+00:00 machine gtk-status-bar[1205]: 2026-07-13T21:14:31.728483Z DEBUG gtk_status_bar::widgets: Updating client pill address=0x57c07fc69630 title="界🙂界🙂界🙂界🙂界🙂界🙂界🙂界🙂界🙂界🙂界🙂界🙂界🙂界🙂界🙂界…界🙂界🙂界🙂界🙂界🙂界🙂界🙂界🙂界🙂界🙂界🙂界🙂界🙂界🙂界🙂界🙂" compact_title="界🙂界🙂界🙂界🙂界🙂界…" class="kitty" active=true
2026-07-13T21:14:31+00:00 machine gtk-status-bar[1205]: 2026-07-13T21:14:31.728542Z DEBUG gtk_status_bar::widgets: Creating client title pill
2026-07-13T21:14:31+00:00 machine gtk-status-bar[1205]: 2026-07-13T21:14:31.769234Z DEBUG gtk_status_bar::widgets: Resolved title icon from desktop application metadata class="kitty"
2026-07-13T21:14:31+00:00 machine gtk-status-bar[1205]: 2026-07-13T21:14:31.769315Z DEBUG gtk_status_bar::widgets: Updating workspace client strip workspace_id=2 client_count=5
2026-07-13T21:14:31+00:00 machine gtk-status-bar[1205]: 2026-07-13T21:14:31.769372Z DEBUG gtk_status_bar::widgets: Updating client pill address=0x57c07ecb0460 title="Close OS window" compact_title="Close" class="kitty" active=false
2026-07-13T21:14:31+00:00 machine gtk-status-bar[1205]: 2026-07-13T21:14:31.769412Z DEBUG gtk_status_bar::widgets: Updating client pill address=0x57c07edca530 title="hello" compact_title="hello" class="kitty" active=false
2026-07-13T21:14:31+00:00 machine gtk-status-bar[1205]: 2026-07-13T21:14:31.769446Z DEBUG gtk_status_bar::widgets: Updating client pill address=0x57c07ebdd140 title="AAAAAAAAAAAAAAAAAAAAAAAAAAAAAAAAAAAAAAAAAAAAAAAAAAAAAAAAAAAAAAAA" compact_title="AAAAAAAAAAA…" class="kitty" active=false
2026-07-13T21:14:31+00:00 machine gtk-status-bar[1205]: 2026-07-13T21:14:31.769485Z DEBUG gtk_status_bar::widgets: Updating client pill address=0x57c07ec51e80 title="0123456789012345678901234567890…89012345678901234567890123456789" compact_title="01234567890…" class="kitty" active=false
2026-07-13T21:14:31+00:00 machine gtk-status-bar[1205]: 2026-07-13T21:14:31.769520Z DEBUG gtk_status_bar::widgets: Updating client pill address=0x57c07fc69630 title="界🙂界🙂界🙂界🙂界🙂界🙂界🙂界🙂界🙂界🙂界🙂界🙂界🙂界🙂界🙂界…界🙂界🙂界🙂界🙂界🙂界🙂界🙂界🙂界🙂界🙂界🙂界🙂界🙂界🙂界🙂界🙂" compact_title="界🙂界🙂界🙂界🙂界🙂界…" class="kitty" active=true
2026-07-13T21:14:31+00:00 machine gtk-status-bar[1205]: 2026-07-13T21:14:31.894494Z  INFO gtk_status_bar::network: Network reachability probe completed target=192.0.2.1 success=true elapsed_ms=11
2026-07-13T21:14:31+00:00 machine gtk-status-bar[1205]: 2026-07-13T21:14:31.894545Z DEBUG gtk_status_bar::network: Sent network update label="\u{f091f} 28% \u{f0ac}"
2026-07-13T21:14:31+00:00 machine gtk-status-bar[1205]: 2026-07-13T21:14:31.894763Z DEBUG gtk_status_bar::widgets: Updating network label: 󰤟 28% 
2026-07-13T21:14:32+00:00 machine gtk-status-bar[1205]: 2026-07-13T21:14:32.000947Z DEBUG gtk_status_bar::widgets: Updating time label:  9:14 PM
2026-07-13T21:14:32+00:00 machine gtk-status-bar[1205]: 2026-07-13T21:14:32.400935Z  INFO gtk_status_bar::network: Network reachability probe completed target=198.51.100.1 success=false elapsed_ms=19
2026-07-13T21:14:32+00:00 machine gtk-status-bar[1205]: 2026-07-13T21:14:32.400988Z DEBUG gtk_status_bar::network: Sent network update label="\u{f091f} 28% \u{f0ac}"
2026-07-13T21:14:32+00:00 machine gtk-status-bar[1205]: 2026-07-13T21:14:32.401189Z DEBUG gtk_status_bar::widgets: Updating network label: 󰤟 28% 
2026-07-13T21:14:33+00:00 machine gtk-status-bar[1205]: 2026-07-13T21:14:33.002406Z DEBUG gtk_status_bar::widgets: Updating time label:  9:14 PM
2026-07-13T21:14:33+00:00 machine gtk-status-bar[1205]: 2026-07-13T21:14:33.140511Z  INFO gtk_status_bar::network: Network reachability probe completed target=192.0.2.1 success=true elapsed_ms=15
2026-07-13T21:14:33+00:00 machine gtk-status-bar[1205]: 2026-07-13T21:14:33.140561Z DEBUG gtk_status_bar::network: Sent network update label="\u{f091f} 28% \u{f0ac}"
2026-07-13T21:14:33+00:00 machine gtk-status-bar[1205]: 2026-07-13T21:14:33.140706Z DEBUG gtk_status_bar::widgets: Updating network label: 󰤟 28% 
2026-07-13T21:14:34+00:00 machine gtk-status-bar[1205]: 2026-07-13T21:14:34.002110Z DEBUG gtk_status_bar::widgets: Updating time label:  9:14 PM
2026-07-13T21:14:35+00:00 machine gtk-status-bar[1205]: 2026-07-13T21:14:35.002239Z DEBUG gtk_status_bar::widgets: Updating time label:  9:14 PM
2026-07-13T21:14:35+00:00 machine gtk-status-bar[1205]: 2026-07-13T21:14:35.121985Z  INFO gtk_status_bar::network: Network reachability probe completed target=198.51.100.1 success=false elapsed_ms=19
2026-07-13T21:14:35+00:00 machine gtk-status-bar[1205]: 2026-07-13T21:14:35.122077Z DEBUG gtk_status_bar::network: Sent network update label="\u{f091f} 28% \u{f0ac}"
2026-07-13T21:14:35+00:00 machine gtk-status-bar[1205]: 2026-07-13T21:14:35.122441Z DEBUG gtk_status_bar::widgets: Updating network label: 󰤟 28% 
2026-07-13T21:14:35+00:00 machine gtk-status-bar[1205]: 2026-07-13T21:14:35.798054Z  INFO gtk_status_bar::network: Network reachability probe completed target=192.0.2.1 success=true elapsed_ms=12
2026-07-13T21:14:35+00:00 machine gtk-status-bar[1205]: 2026-07-13T21:14:35.798105Z DEBUG gtk_status_bar::network: Sent network update label="\u{f091f} 28% \u{f0ac}"
2026-07-13T21:14:35+00:00 machine gtk-status-bar[1205]: 2026-07-13T21:14:35.798530Z DEBUG gtk_status_bar::widgets: Updating network label: 󰤟 28% 
2026-07-13T21:14:36+00:00 machine gtk-status-bar[1205]: 2026-07-13T21:14:36.000908Z DEBUG gtk_status_bar::widgets: Updating time label:  9:14 PM
2026-07-13T21:14:36+00:00 machine gtk-status-bar[1205]: 2026-07-13T21:14:36.530279Z DEBUG gtk_status_bar::hypr: Window title changed address=0x57c07fdc32d0 title="Focus Left"
2026-07-13T21:14:36+00:00 machine gtk-status-bar[1205]: 2026-07-13T21:14:36.532652Z DEBUG gtk_status_bar::hypr: Refreshing current workspace clients reason="title-changed" workspace_id=2 client_count=5 active_address="0x57c07fc69630"
2026-07-13T21:14:36+00:00 machine gtk-status-bar[1205]: 2026-07-13T21:14:36.533163Z DEBUG gtk_status_bar::widgets: Updating workspace client strip workspace_id=2 client_count=5
2026-07-13T21:14:36+00:00 machine gtk-status-bar[1205]: 2026-07-13T21:14:36.533514Z DEBUG gtk_status_bar::widgets: Updating client pill address=0x57c07ecb0460 title="Close OS window" compact_title="Close" class="kitty" active=false
2026-07-13T21:14:36+00:00 machine gtk-status-bar[1205]: 2026-07-13T21:14:36.533618Z DEBUG gtk_status_bar::widgets: Updating client pill address=0x57c07edca530 title="hello" compact_title="hello" class="kitty" active=false
2026-07-13T21:14:36+00:00 machine gtk-status-bar[1205]: 2026-07-13T21:14:36.533703Z DEBUG gtk_status_bar::widgets: Updating client pill address=0x57c07ebdd140 title="AAAAAAAAAAAAAAAAAAAAAAAAAAAAAAAAAAAAAAAAAAAAAAAAAAAAAAAAAAAAAAAA" compact_title="AAAAAAAAAAA…" class="kitty" active=false
2026-07-13T21:14:36+00:00 machine gtk-status-bar[1205]: 2026-07-13T21:14:36.533905Z DEBUG gtk_status_bar::widgets: Updating client pill address=0x57c07ec51e80 title="0123456789012345678901234567890…89012345678901234567890123456789" compact_title="01234567890…" class="kitty" active=false
2026-07-13T21:14:36+00:00 machine gtk-status-bar[1205]: 2026-07-13T21:14:36.534010Z DEBUG gtk_status_bar::widgets: Updating client pill address=0x57c07fc69630 title="界🙂界🙂界🙂界🙂界🙂界🙂界🙂界🙂界🙂界🙂界🙂界🙂界🙂界🙂界🙂界…界🙂界🙂界🙂界🙂界🙂界🙂界🙂界🙂界🙂界🙂界🙂界🙂界🙂界🙂界🙂界🙂" compact_title="界🙂界🙂界🙂界🙂界🙂界…" class="kitty" active=true
2026-07-13T21:14:36+00:00 machine gtk-status-bar[1205]: 2026-07-13T21:14:36.613169Z DEBUG gtk_status_bar::hypr: Window opened window=WindowOpenEvent { window_address: Address("0x57c07fdc32d0"), workspace_name: "i", window_class: "kitty", window_title: "Focus Left" }
2026-07-13T21:14:36+00:00 machine gtk-status-bar[1205]: 2026-07-13T21:14:36.647508Z  INFO gtk_status_bar::network: Network reachability probe completed target=198.51.100.1 success=false elapsed_ms=22
2026-07-13T21:14:36+00:00 machine gtk-status-bar[1205]: 2026-07-13T21:14:36.647564Z DEBUG gtk_status_bar::network: Sent network update label="\u{f091f} 28% \u{f0ac}"
2026-07-13T21:14:36+00:00 machine gtk-status-bar[1205]: 2026-07-13T21:14:36.647894Z DEBUG gtk_status_bar::widgets: Updating network label: 󰤟 28% 
2026-07-13T21:14:36+00:00 machine gtk-status-bar[1205]: 2026-07-13T21:14:36.648086Z DEBUG gtk_status_bar::hypr: Refreshing current workspace clients reason="window-opened" workspace_id=2 client_count=6 active_address="0x57c07fdc32d0"
2026-07-13T21:14:36+00:00 machine gtk-status-bar[1205]: 2026-07-13T21:14:36.648133Z DEBUG gtk_status_bar::hypr: Active window changed window=Some(WindowEventData { class: "kitty", title: "Focus Left", address: Address("0x57c07fdc32d0") })
2026-07-13T21:14:36+00:00 machine gtk-status-bar[1205]: 2026-07-13T21:14:36.648569Z DEBUG gtk_status_bar::widgets: Updating workspace client strip workspace_id=2 client_count=6
2026-07-13T21:14:36+00:00 machine gtk-status-bar[1205]: 2026-07-13T21:14:36.648828Z DEBUG gtk_status_bar::widgets: Updating client pill address=0x57c07ecb0460 title="Close OS window" compact_title="Close" class="kitty" active=false
2026-07-13T21:14:36+00:00 machine gtk-status-bar[1205]: 2026-07-13T21:14:36.648894Z DEBUG gtk_status_bar::widgets: Updating client pill address=0x57c07edca530 title="hello" compact_title="hello" class="kitty" active=false
2026-07-13T21:14:36+00:00 machine gtk-status-bar[1205]: 2026-07-13T21:14:36.648940Z DEBUG gtk_status_bar::widgets: Updating client pill address=0x57c07ebdd140 title="AAAAAAAAAAAAAAAAAAAAAAAAAAAAAAAAAAAAAAAAAAAAAAAAAAAAAAAAAAAAAAAA" compact_title="AAAAAAAAAAA…" class="kitty" active=false
2026-07-13T21:14:36+00:00 machine gtk-status-bar[1205]: 2026-07-13T21:14:36.648988Z DEBUG gtk_status_bar::widgets: Updating client pill address=0x57c07ec51e80 title="0123456789012345678901234567890…89012345678901234567890123456789" compact_title="01234567890…" class="kitty" active=false
2026-07-13T21:14:36+00:00 machine gtk-status-bar[1205]: 2026-07-13T21:14:36.649035Z DEBUG gtk_status_bar::widgets: Updating client pill address=0x57c07fc69630 title="界🙂界🙂界🙂界🙂界🙂界🙂界🙂界🙂界🙂界🙂界🙂界🙂界🙂界🙂界🙂界…界🙂界🙂界🙂界🙂界🙂界🙂界🙂界🙂界🙂界🙂界🙂界🙂界🙂界🙂界🙂界🙂" compact_title="界🙂界🙂界🙂界🙂界🙂界…" class="kitty" active=false
2026-07-13T21:14:36+00:00 machine gtk-status-bar[1205]: 2026-07-13T21:14:36.649151Z DEBUG gtk_status_bar::widgets: Updating client pill address=0x57c07fdc32d0 title="Focus Left" compact_title="Focus" class="kitty" active=true
2026-07-13T21:14:36+00:00 machine gtk-status-bar[1205]: 2026-07-13T21:14:36.649173Z DEBUG gtk_status_bar::widgets: Creating client title pill
2026-07-13T21:14:36+00:00 machine gtk-status-bar[1205]: 2026-07-13T21:14:36.675887Z DEBUG gtk_status_bar::hypr: Refreshing current workspace clients reason="active-window-changed" workspace_id=2 client_count=6 active_address="0x57c07fdc32d0"
2026-07-13T21:14:36+00:00 machine gtk-status-bar[1205]: 2026-07-13T21:14:36.712640Z DEBUG gtk_status_bar::widgets: Resolved title icon from desktop application metadata class="kitty"
2026-07-13T21:14:36+00:00 machine gtk-status-bar[1205]: 2026-07-13T21:14:36.712783Z DEBUG gtk_status_bar::widgets: Updating workspace client strip workspace_id=2 client_count=6
2026-07-13T21:14:36+00:00 machine gtk-status-bar[1205]: 2026-07-13T21:14:36.712851Z DEBUG gtk_status_bar::widgets: Updating client pill address=0x57c07ecb0460 title="Close OS window" compact_title="Close" class="kitty" active=false
2026-07-13T21:14:36+00:00 machine gtk-status-bar[1205]: 2026-07-13T21:14:36.712893Z DEBUG gtk_status_bar::widgets: Updating client pill address=0x57c07edca530 title="hello" compact_title="hello" class="kitty" active=false
2026-07-13T21:14:36+00:00 machine gtk-status-bar[1205]: 2026-07-13T21:14:36.712927Z DEBUG gtk_status_bar::widgets: Updating client pill address=0x57c07ebdd140 title="AAAAAAAAAAAAAAAAAAAAAAAAAAAAAAAAAAAAAAAAAAAAAAAAAAAAAAAAAAAAAAAA" compact_title="AAAAAAAAAAA…" class="kitty" active=false
2026-07-13T21:14:36+00:00 machine gtk-status-bar[1205]: 2026-07-13T21:14:36.712961Z DEBUG gtk_status_bar::widgets: Updating client pill address=0x57c07ec51e80 title="0123456789012345678901234567890…89012345678901234567890123456789" compact_title="01234567890…" class="kitty" active=false
2026-07-13T21:14:36+00:00 machine gtk-status-bar[1205]: 2026-07-13T21:14:36.712993Z DEBUG gtk_status_bar::widgets: Updating client pill address=0x57c07fc69630 title="界🙂界🙂界🙂界🙂界🙂界🙂界🙂界🙂界🙂界🙂界🙂界🙂界🙂界🙂界🙂界…界🙂界🙂界🙂界🙂界🙂界🙂界🙂界🙂界🙂界🙂界🙂界🙂界🙂界🙂界🙂界🙂" compact_title="界🙂界🙂界🙂界🙂界🙂界…" class="kitty" active=false
2026-07-13T21:14:36+00:00 machine gtk-status-bar[1205]: 2026-07-13T21:14:36.713071Z DEBUG gtk_status_bar::widgets: Updating client pill address=0x57c07fdc32d0 title="Focus Left" compact_title="Focus" class="kitty" active=true
2026-07-13T21:14:37+00:00 machine gtk-status-bar[1205]: 2026-07-13T21:14:37.001547Z DEBUG gtk_status_bar::widgets: Updating time label:  9:14 PM
2026-07-13T21:14:37+00:00 machine gtk-status-bar[1205]: 2026-07-13T21:14:37.889361Z DEBUG gtk_status_bar::dbus: Got an event in event stream: Msg { type: Signal, serial: 77, sender: UniqueName(":1.6"), path: ObjectPath("/org/bluez/hci0"), iface: InterfaceName("org.freedesktop.DBus.Properties"), member: MemberName("PropertiesChanged"), body: Structure(Dynamic { fields: [Str, Dict { key: Dynamic { child: Str }, value: Dynamic { child: Variant } }, Array(Dynamic { child: Str })] }), fds: [] }
2026-07-13T21:14:37+00:00 machine gtk-status-bar[1205]: 2026-07-13T21:14:37.889405Z DEBUG gtk_status_bar::dbus: Dbus monitor: Received D-Bus message from path: Some(ObjectPath("/org/bluez/hci0")), interface: Some(InterfaceName("org.freedesktop.DBus.Properties")), member: Some(MemberName("PropertiesChanged"))
2026-07-13T21:14:37+00:00 machine gtk-status-bar[1205]: 2026-07-13T21:14:37.889428Z  INFO gtk_status_bar::dbus: Dbus monitor: Received signal
2026-07-13T21:14:37+00:00 machine gtk-status-bar[1205]: 2026-07-13T21:14:37.889446Z  INFO gtk_status_bar::dbus: Dbus monitor: Received PropertiesChanged signal
2026-07-13T21:14:37+00:00 machine gtk-status-bar[1205]: 2026-07-13T21:14:37.889485Z DEBUG gtk_status_bar::dbus: Dbus monitor: Ignored PropertiesChanged for interface: "org.bluez.Adapter1"
2026-07-13T21:14:38+00:00 machine gtk-status-bar[1205]: 2026-07-13T21:14:38.000950Z DEBUG gtk_status_bar::widgets: Updating time label:  9:14 PM
2026-07-13T21:14:38+00:00 machine gtk-status-bar[1205]: 2026-07-13T21:14:38.308255Z DEBUG gtk_status_bar::hypr: Window title changed address=0x57c07fc75300 title="Focus Right"
2026-07-13T21:14:38+00:00 machine gtk-status-bar[1205]: 2026-07-13T21:14:38.316343Z DEBUG gtk_status_bar::hypr: Refreshing current workspace clients reason="title-changed" workspace_id=2 client_count=6 active_address="0x57c07fdc32d0"
2026-07-13T21:14:38+00:00 machine gtk-status-bar[1205]: 2026-07-13T21:14:38.316817Z DEBUG gtk_status_bar::widgets: Updating workspace client strip workspace_id=2 client_count=6
2026-07-13T21:14:38+00:00 machine gtk-status-bar[1205]: 2026-07-13T21:14:38.317038Z DEBUG gtk_status_bar::widgets: Updating client pill address=0x57c07ecb0460 title="Close OS window" compact_title="Close" class="kitty" active=false
2026-07-13T21:14:38+00:00 machine gtk-status-bar[1205]: 2026-07-13T21:14:38.317106Z DEBUG gtk_status_bar::widgets: Updating client pill address=0x57c07edca530 title="hello" compact_title="hello" class="kitty" active=false
2026-07-13T21:14:38+00:00 machine gtk-status-bar[1205]: 2026-07-13T21:14:38.317153Z DEBUG gtk_status_bar::widgets: Updating client pill address=0x57c07ebdd140 title="AAAAAAAAAAAAAAAAAAAAAAAAAAAAAAAAAAAAAAAAAAAAAAAAAAAAAAAAAAAAAAAA" compact_title="AAAAAAAAAAA…" class="kitty" active=false
2026-07-13T21:14:38+00:00 machine gtk-status-bar[1205]: 2026-07-13T21:14:38.317202Z DEBUG gtk_status_bar::widgets: Updating client pill address=0x57c07ec51e80 title="0123456789012345678901234567890…89012345678901234567890123456789" compact_title="01234567890…" class="kitty" active=false
2026-07-13T21:14:38+00:00 machine gtk-status-bar[1205]: 2026-07-13T21:14:38.317252Z DEBUG gtk_status_bar::widgets: Updating client pill address=0x57c07fc69630 title="界🙂界🙂界🙂界🙂界🙂界🙂界🙂界🙂界🙂界🙂界🙂界🙂界🙂界🙂界🙂界…界🙂界🙂界🙂界🙂界🙂界🙂界🙂界🙂界🙂界🙂界🙂界🙂界🙂界🙂界🙂界🙂" compact_title="界🙂界🙂界🙂界🙂界🙂界…" class="kitty" active=false
2026-07-13T21:14:38+00:00 machine gtk-status-bar[1205]: 2026-07-13T21:14:38.317360Z DEBUG gtk_status_bar::widgets: Updating client pill address=0x57c07fdc32d0 title="Focus Left" compact_title="Focus" class="kitty" active=true
2026-07-13T21:14:38+00:00 machine gtk-status-bar[1205]: 2026-07-13T21:14:38.354987Z DEBUG gtk_status_bar::hypr: Window opened window=WindowOpenEvent { window_address: Address("0x57c07fc75300"), workspace_name: "i", window_class: "kitty", window_title: "Focus Right" }
2026-07-13T21:14:38+00:00 machine gtk-status-bar[1205]: 2026-07-13T21:14:38.371681Z DEBUG gtk_status_bar::hypr: Refreshing current workspace clients reason="window-opened" workspace_id=2 client_count=7 active_address="0x57c07fc75300"
2026-07-13T21:14:38+00:00 machine gtk-status-bar[1205]: 2026-07-13T21:14:38.371805Z DEBUG gtk_status_bar::hypr: Active window changed window=Some(WindowEventData { class: "kitty", title: "Focus Right", address: Address("0x57c07fc75300") })
2026-07-13T21:14:38+00:00 machine gtk-status-bar[1205]: 2026-07-13T21:14:38.371943Z DEBUG gtk_status_bar::widgets: Updating workspace client strip workspace_id=2 client_count=7
2026-07-13T21:14:38+00:00 machine gtk-status-bar[1205]: 2026-07-13T21:14:38.372148Z DEBUG gtk_status_bar::widgets: Updating client pill address=0x57c07ecb0460 title="Close OS window" compact_title="Close" class="kitty" active=false
2026-07-13T21:14:38+00:00 machine gtk-status-bar[1205]: 2026-07-13T21:14:38.372215Z DEBUG gtk_status_bar::widgets: Updating client pill address=0x57c07edca530 title="hello" compact_title="hello" class="kitty" active=false
2026-07-13T21:14:38+00:00 machine gtk-status-bar[1205]: 2026-07-13T21:14:38.372255Z DEBUG gtk_status_bar::widgets: Updating client pill address=0x57c07ebdd140 title="AAAAAAAAAAAAAAAAAAAAAAAAAAAAAAAAAAAAAAAAAAAAAAAAAAAAAAAAAAAAAAAA" compact_title="AAAAAAAAAAA…" class="kitty" active=false
2026-07-13T21:14:38+00:00 machine gtk-status-bar[1205]: 2026-07-13T21:14:38.372296Z DEBUG gtk_status_bar::widgets: Updating client pill address=0x57c07ec51e80 title="0123456789012345678901234567890…89012345678901234567890123456789" compact_title="01234567890…" class="kitty" active=false
2026-07-13T21:14:38+00:00 machine gtk-status-bar[1205]: 2026-07-13T21:14:38.372337Z DEBUG gtk_status_bar::widgets: Updating client pill address=0x57c07fc69630 title="界🙂界🙂界🙂界🙂界🙂界🙂界🙂界🙂界🙂界🙂界🙂界🙂界🙂界🙂界🙂界…界🙂界🙂界🙂界🙂界🙂界🙂界🙂界🙂界🙂界🙂界🙂界🙂界🙂界🙂界🙂界🙂" compact_title="界🙂界🙂界🙂界🙂界🙂界…" class="kitty" active=false
2026-07-13T21:14:38+00:00 machine gtk-status-bar[1205]: 2026-07-13T21:14:38.372439Z DEBUG gtk_status_bar::widgets: Updating client pill address=0x57c07fdc32d0 title="Focus Left" compact_title="Focus" class="kitty" active=false
2026-07-13T21:14:38+00:00 machine gtk-status-bar[1205]: 2026-07-13T21:14:38.372485Z DEBUG gtk_status_bar::widgets: Updating client pill address=0x57c07fc75300 title="Focus Right" compact_title="Focus" class="kitty" active=true
2026-07-13T21:14:38+00:00 machine gtk-status-bar[1205]: 2026-07-13T21:14:38.372505Z DEBUG gtk_status_bar::widgets: Creating client title pill
2026-07-13T21:14:38+00:00 machine gtk-status-bar[1205]: 2026-07-13T21:14:38.373269Z DEBUG gtk_status_bar::hypr: Refreshing current workspace clients reason="active-window-changed" workspace_id=2 client_count=7 active_address="0x57c07fc75300"
2026-07-13T21:14:38+00:00 machine gtk-status-bar[1205]: 2026-07-13T21:14:38.428584Z DEBUG gtk_status_bar::widgets: Resolved title icon from desktop application metadata class="kitty"
2026-07-13T21:14:38+00:00 machine gtk-status-bar[1205]: 2026-07-13T21:14:38.428683Z DEBUG gtk_status_bar::widgets: Updating workspace client strip workspace_id=2 client_count=7
2026-07-13T21:14:38+00:00 machine gtk-status-bar[1205]: 2026-07-13T21:14:38.428836Z DEBUG gtk_status_bar::widgets: Updating client pill address=0x57c07ecb0460 title="Close OS window" compact_title="Close" class="kitty" active=false
2026-07-13T21:14:38+00:00 machine gtk-status-bar[1205]: 2026-07-13T21:14:38.428880Z DEBUG gtk_status_bar::widgets: Updating client pill address=0x57c07edca530 title="hello" compact_title="hello" class="kitty" active=false
2026-07-13T21:14:38+00:00 machine gtk-status-bar[1205]: 2026-07-13T21:14:38.428914Z DEBUG gtk_status_bar::widgets: Updating client pill address=0x57c07ebdd140 title="AAAAAAAAAAAAAAAAAAAAAAAAAAAAAAAAAAAAAAAAAAAAAAAAAAAAAAAAAAAAAAAA" compact_title="AAAAAAAAAAA…" class="kitty" active=false
2026-07-13T21:14:38+00:00 machine gtk-status-bar[1205]: 2026-07-13T21:14:38.428949Z DEBUG gtk_status_bar::widgets: Updating client pill address=0x57c07ec51e80 title="0123456789012345678901234567890…89012345678901234567890123456789" compact_title="01234567890…" class="kitty" active=false
2026-07-13T21:14:38+00:00 machine gtk-status-bar[1205]: 2026-07-13T21:14:38.428992Z DEBUG gtk_status_bar::widgets: Updating client pill address=0x57c07fc69630 title="界🙂界🙂界🙂界🙂界🙂界🙂界🙂界🙂界🙂界🙂界🙂界🙂界🙂界🙂界🙂界…界🙂界🙂界🙂界🙂界🙂界🙂界🙂界🙂界🙂界🙂界🙂界🙂界🙂界🙂界🙂界🙂" compact_title="界🙂界🙂界🙂界🙂界🙂界…" class="kitty" active=false
2026-07-13T21:14:38+00:00 machine gtk-status-bar[1205]: 2026-07-13T21:14:38.429071Z DEBUG gtk_status_bar::widgets: Updating client pill address=0x57c07fdc32d0 title="Focus Left" compact_title="Focus" class="kitty" active=false
2026-07-13T21:14:38+00:00 machine gtk-status-bar[1205]: 2026-07-13T21:14:38.429112Z DEBUG gtk_status_bar::widgets: Updating client pill address=0x57c07fc75300 title="Focus Right" compact_title="Focus" class="kitty" active=true
2026-07-13T21:14:38+00:00 machine gtk-status-bar[1205]: 2026-07-13T21:14:38.451188Z  INFO gtk_status_bar::network: Network reachability probe completed target=192.0.2.1 success=true elapsed_ms=12
2026-07-13T21:14:38+00:00 machine gtk-status-bar[1205]: 2026-07-13T21:14:38.451241Z DEBUG gtk_status_bar::network: Sent network update label="\u{f091f} 28% \u{f0ac}"
2026-07-13T21:14:38+00:00 machine gtk-status-bar[1205]: 2026-07-13T21:14:38.451486Z DEBUG gtk_status_bar::widgets: Updating network label: 󰤟 28% 
2026-07-13T21:14:39+00:00 machine gtk-status-bar[1205]: 2026-07-13T21:14:39.001870Z DEBUG gtk_status_bar::widgets: Updating time label:  9:14 PM
2026-07-13T21:14:39+00:00 machine gtk-status-bar[1205]: 2026-07-13T21:14:39.469538Z DEBUG gtk_status_bar::hypr: Active window changed window=Some(WindowEventData { class: "kitty", title: "Focus Left", address: Address("0x57c07fdc32d0") })
2026-07-13T21:14:39+00:00 machine gtk-status-bar[1205]: 2026-07-13T21:14:39.475906Z DEBUG gtk_status_bar::hypr: Refreshing current workspace clients reason="active-window-changed" workspace_id=2 client_count=7 active_address="0x57c07fdc32d0"
2026-07-13T21:14:39+00:00 machine gtk-status-bar[1205]: 2026-07-13T21:14:39.476898Z DEBUG gtk_status_bar::widgets: Updating workspace client strip workspace_id=2 client_count=7
2026-07-13T21:14:39+00:00 machine gtk-status-bar[1205]: 2026-07-13T21:14:39.477121Z DEBUG gtk_status_bar::widgets: Updating client pill address=0x57c07ecb0460 title="Close OS window" compact_title="Close" class="kitty" active=false
2026-07-13T21:14:39+00:00 machine gtk-status-bar[1205]: 2026-07-13T21:14:39.477179Z DEBUG gtk_status_bar::widgets: Updating client pill address=0x57c07edca530 title="hello" compact_title="hello" class="kitty" active=false
2026-07-13T21:14:39+00:00 machine gtk-status-bar[1205]: 2026-07-13T21:14:39.477225Z DEBUG gtk_status_bar::widgets: Updating client pill address=0x57c07ebdd140 title="AAAAAAAAAAAAAAAAAAAAAAAAAAAAAAAAAAAAAAAAAAAAAAAAAAAAAAAAAAAAAAAA" compact_title="AAAAAAAAAAA…" class="kitty" active=false
2026-07-13T21:14:39+00:00 machine gtk-status-bar[1205]: 2026-07-13T21:14:39.477273Z DEBUG gtk_status_bar::widgets: Updating client pill address=0x57c07ec51e80 title="0123456789012345678901234567890…89012345678901234567890123456789" compact_title="01234567890…" class="kitty" active=false
2026-07-13T21:14:39+00:00 machine gtk-status-bar[1205]: 2026-07-13T21:14:39.477317Z DEBUG gtk_status_bar::widgets: Updating client pill address=0x57c07fc69630 title="界🙂界🙂界🙂界🙂界🙂界🙂界🙂界🙂界🙂界🙂界🙂界🙂界🙂界🙂界🙂界…界🙂界🙂界🙂界🙂界🙂界🙂界🙂界🙂界🙂界🙂界🙂界🙂界🙂界🙂界🙂界🙂" compact_title="界🙂界🙂界🙂界🙂界🙂界…" class="kitty" active=false
2026-07-13T21:14:39+00:00 machine gtk-status-bar[1205]: 2026-07-13T21:14:39.477416Z DEBUG gtk_status_bar::widgets: Updating client pill address=0x57c07fdc32d0 title="Focus Left" compact_title="Focus" class="kitty" active=true
2026-07-13T21:14:39+00:00 machine gtk-status-bar[1205]: 2026-07-13T21:14:39.477469Z DEBUG gtk_status_bar::widgets: Updating client pill address=0x57c07fc75300 title="Focus Right" compact_title="Focus" class="kitty" active=false
2026-07-13T21:14:40+00:00 machine gtk-status-bar[1205]: 2026-07-13T21:14:40.001605Z DEBUG gtk_status_bar::widgets: Updating time label:  9:14 PM
2026-07-13T21:14:40+00:00 machine gtk-status-bar[1205]: 2026-07-13T21:14:40.344169Z  INFO gtk_status_bar::network: Network reachability probe completed target=198.51.100.1 success=false elapsed_ms=22
2026-07-13T21:14:40+00:00 machine gtk-status-bar[1205]: 2026-07-13T21:14:40.344257Z DEBUG gtk_status_bar::network: Sent network update label="\u{f091f} 28% \u{f0ac}"
2026-07-13T21:14:40+00:00 machine gtk-status-bar[1205]: 2026-07-13T21:14:40.344433Z DEBUG gtk_status_bar::widgets: Updating network label: 󰤟 28% 
2026-07-13T21:14:41+00:00 machine gtk-status-bar[1205]: 2026-07-13T21:14:41.001401Z DEBUG gtk_status_bar::widgets: Updating time label:  9:14 PM
2026-07-13T21:14:41+00:00 machine gtk-status-bar[1205]: 2026-07-13T21:14:41.482848Z  INFO gtk_status_bar::network: Network reachability probe completed target=198.51.100.1 success=false elapsed_ms=24
2026-07-13T21:14:41+00:00 machine gtk-status-bar[1205]: 2026-07-13T21:14:41.482898Z DEBUG gtk_status_bar::network: Sent network update label="\u{f091f} 28% \u{f0ac}"
2026-07-13T21:14:41+00:00 machine gtk-status-bar[1205]: 2026-07-13T21:14:41.483298Z DEBUG gtk_status_bar::widgets: Updating network label: 󰤟 28% 
2026-07-13T21:14:42+00:00 machine gtk-status-bar[1205]: 2026-07-13T21:14:42.000961Z DEBUG gtk_status_bar::widgets: Updating time label:  9:14 PM
2026-07-13T21:14:42+00:00 machine gtk-status-bar[1205]: 2026-07-13T21:14:42.107217Z DEBUG gtk_status_bar::hypr: Active window changed window=Some(WindowEventData { class: "kitty", title: "Focus Right", address: Address("0x57c07fc75300") })
2026-07-13T21:14:42+00:00 machine gtk-status-bar[1205]: 2026-07-13T21:14:42.124519Z DEBUG gtk_status_bar::hypr: Refreshing current workspace clients reason="active-window-changed" workspace_id=2 client_count=7 active_address="0x57c07fc75300"
2026-07-13T21:14:42+00:00 machine gtk-status-bar[1205]: 2026-07-13T21:14:42.124914Z DEBUG gtk_status_bar::widgets: Updating workspace client strip workspace_id=2 client_count=7
2026-07-13T21:14:42+00:00 machine gtk-status-bar[1205]: 2026-07-13T21:14:42.125193Z DEBUG gtk_status_bar::widgets: Updating client pill address=0x57c07ecb0460 title="Close OS window" compact_title="Close" class="kitty" active=false
2026-07-13T21:14:42+00:00 machine gtk-status-bar[1205]: 2026-07-13T21:14:42.125261Z DEBUG gtk_status_bar::widgets: Updating client pill address=0x57c07edca530 title="hello" compact_title="hello" class="kitty" active=false
2026-07-13T21:14:42+00:00 machine gtk-status-bar[1205]: 2026-07-13T21:14:42.125319Z DEBUG gtk_status_bar::widgets: Updating client pill address=0x57c07ebdd140 title="AAAAAAAAAAAAAAAAAAAAAAAAAAAAAAAAAAAAAAAAAAAAAAAAAAAAAAAAAAAAAAAA" compact_title="AAAAAAAAAAA…" class="kitty" active=false
2026-07-13T21:14:42+00:00 machine gtk-status-bar[1205]: 2026-07-13T21:14:42.125368Z DEBUG gtk_status_bar::widgets: Updating client pill address=0x57c07ec51e80 title="0123456789012345678901234567890…89012345678901234567890123456789" compact_title="01234567890…" class="kitty" active=false
2026-07-13T21:14:42+00:00 machine gtk-status-bar[1205]: 2026-07-13T21:14:42.125431Z DEBUG gtk_status_bar::widgets: Updating client pill address=0x57c07fc69630 title="界🙂界🙂界🙂界🙂界🙂界🙂界🙂界🙂界🙂界🙂界🙂界🙂界🙂界🙂界🙂界…界🙂界🙂界🙂界🙂界🙂界🙂界🙂界🙂界🙂界🙂界🙂界🙂界🙂界🙂界🙂界🙂" compact_title="界🙂界🙂界🙂界🙂界🙂界…" class="kitty" active=false
2026-07-13T21:14:42+00:00 machine gtk-status-bar[1205]: 2026-07-13T21:14:42.125546Z DEBUG gtk_status_bar::widgets: Updating client pill address=0x57c07fdc32d0 title="Focus Left" compact_title="Focus" class="kitty" active=false
2026-07-13T21:14:42+00:00 machine gtk-status-bar[1205]: 2026-07-13T21:14:42.125596Z DEBUG gtk_status_bar::widgets: Updating client pill address=0x57c07fc75300 title="Focus Right" compact_title="Focus" class="kitty" active=true
2026-07-13T21:14:42+00:00 machine gtk-status-bar[1205]: 2026-07-13T21:14:42.647189Z  INFO gtk_status_bar::network: Network reachability probe completed target=192.0.2.1 success=true elapsed_ms=24
2026-07-13T21:14:42+00:00 machine gtk-status-bar[1205]: 2026-07-13T21:14:42.647270Z DEBUG gtk_status_bar::network: Sent network update label="\u{f091f} 28% \u{f0ac}"
2026-07-13T21:14:42+00:00 machine gtk-status-bar[1205]: 2026-07-13T21:14:42.647675Z DEBUG gtk_status_bar::widgets: Updating network label: 󰤟 28% 
2026-07-13T21:14:43+00:00 machine gtk-status-bar[1205]: 2026-07-13T21:14:43.002257Z DEBUG gtk_status_bar::widgets: Updating time label:  9:14 PM
2026-07-13T21:14:44+00:00 machine gtk-status-bar[1205]: 2026-07-13T21:14:44.002268Z DEBUG gtk_status_bar::widgets: Updating time label:  9:14 PM
2026-07-13T21:14:44+00:00 machine gtk-status-bar[1205]: 2026-07-13T21:14:44.125648Z  INFO gtk_status_bar::network: Network reachability probe completed target=192.0.2.1 success=true elapsed_ms=13
2026-07-13T21:14:44+00:00 machine gtk-status-bar[1205]: 2026-07-13T21:14:44.125695Z DEBUG gtk_status_bar::network: Sent network update label="\u{f091f} 28% \u{f0ac}"
2026-07-13T21:14:44+00:00 machine gtk-status-bar[1205]: 2026-07-13T21:14:44.126112Z DEBUG gtk_status_bar::widgets: Updating network label: 󰤟 28% 
2026-07-13T21:14:44+00:00 machine gtk-status-bar[1205]: 2026-07-13T21:14:44.192085Z  INFO gtk_status_bar::network: Network reachability probe completed target=198.51.100.1 success=false elapsed_ms=14
2026-07-13T21:14:44+00:00 machine gtk-status-bar[1205]: 2026-07-13T21:14:44.192149Z DEBUG gtk_status_bar::network: Sent network update label="\u{f091f} 28% \u{f0ac}"
2026-07-13T21:14:44+00:00 machine gtk-status-bar[1205]: 2026-07-13T21:14:44.192327Z DEBUG gtk_status_bar::widgets: Updating network label: 󰤟 28% 
2026-07-13T21:14:45+00:00 machine gtk-status-bar[1205]: 2026-07-13T21:14:45.001411Z DEBUG gtk_status_bar::widgets: Updating time label:  9:14 PM
2026-07-13T21:14:45+00:00 machine gtk-status-bar[1205]: 2026-07-13T21:14:45.642158Z  INFO gtk_status_bar::network: Network reachability probe completed target=192.0.2.1 success=true elapsed_ms=14
2026-07-13T21:14:45+00:00 machine gtk-status-bar[1205]: 2026-07-13T21:14:45.642235Z DEBUG gtk_status_bar::network: Sent network update label="\u{f091f} 28% \u{f0ac}"
2026-07-13T21:14:45+00:00 machine gtk-status-bar[1205]: 2026-07-13T21:14:45.642388Z DEBUG gtk_status_bar::widgets: Updating network label: 󰤟 28% 
2026-07-13T21:14:46+00:00 machine gtk-status-bar[1205]: 2026-07-13T21:14:46.001207Z DEBUG gtk_status_bar::widgets: Updating time label:  9:14 PM
2026-07-13T21:14:46+00:00 machine gtk-status-bar[1205]: 2026-07-13T21:14:46.525582Z DEBUG gtk_status_bar::hypr: Active window changed window=Some(WindowEventData { class: "kitty", title: "Close OS window", address: Address("0x57c07ecb0460") })
2026-07-13T21:14:46+00:00 machine gtk-status-bar[1205]: 2026-07-13T21:14:46.579596Z DEBUG gtk_status_bar::hypr: Refreshing current workspace clients reason="active-window-changed" workspace_id=2 client_count=7 active_address="0x57c07ecb0460"
2026-07-13T21:14:46+00:00 machine gtk-status-bar[1205]: 2026-07-13T21:14:46.580623Z DEBUG gtk_status_bar::widgets: Updating workspace client strip workspace_id=2 client_count=7
2026-07-13T21:14:46+00:00 machine gtk-status-bar[1205]: 2026-07-13T21:14:46.580903Z DEBUG gtk_status_bar::widgets: Updating client pill address=0x57c07edca530 title="hello" compact_title="hello" class="kitty" active=false
2026-07-13T21:14:46+00:00 machine gtk-status-bar[1205]: 2026-07-13T21:14:46.580963Z DEBUG gtk_status_bar::widgets: Updating client pill address=0x57c07ebdd140 title="AAAAAAAAAAAAAAAAAAAAAAAAAAAAAAAAAAAAAAAAAAAAAAAAAAAAAAAAAAAAAAAA" compact_title="AAAAAAAAAAA…" class="kitty" active=false
2026-07-13T21:14:46+00:00 machine gtk-status-bar[1205]: 2026-07-13T21:14:46.581007Z DEBUG gtk_status_bar::widgets: Updating client pill address=0x57c07ec51e80 title="0123456789012345678901234567890…89012345678901234567890123456789" compact_title="01234567890…" class="kitty" active=false
2026-07-13T21:14:46+00:00 machine gtk-status-bar[1205]: 2026-07-13T21:14:46.581046Z DEBUG gtk_status_bar::widgets: Updating client pill address=0x57c07fc69630 title="界🙂界🙂界🙂界🙂界🙂界🙂界🙂界🙂界🙂界🙂界🙂界🙂界🙂界🙂界🙂界…界🙂界🙂界🙂界🙂界🙂界🙂界🙂界🙂界🙂界🙂界🙂界🙂界🙂界🙂界🙂界🙂" compact_title="界🙂界🙂界🙂界🙂界🙂界…" class="kitty" active=false
2026-07-13T21:14:46+00:00 machine gtk-status-bar[1205]: 2026-07-13T21:14:46.581125Z DEBUG gtk_status_bar::widgets: Updating client pill address=0x57c07fdc32d0 title="Focus Left" compact_title="Focus" class="kitty" active=false
2026-07-13T21:14:46+00:00 machine gtk-status-bar[1205]: 2026-07-13T21:14:46.581161Z DEBUG gtk_status_bar::widgets: Updating client pill address=0x57c07fc75300 title="Focus Right" compact_title="Focus" class="kitty" active=false
2026-07-13T21:14:46+00:00 machine gtk-status-bar[1205]: 2026-07-13T21:14:46.581199Z DEBUG gtk_status_bar::widgets: Updating client pill address=0x57c07ecb0460 title="Close OS window" compact_title="Close" class="kitty" active=true
2026-07-13T21:14:46+00:00 machine gtk-status-bar[1205]: 2026-07-13T21:14:46.717106Z  INFO gtk_status_bar::network: Network reachability probe completed target=198.51.100.1 success=false elapsed_ms=9
2026-07-13T21:14:46+00:00 machine gtk-status-bar[1205]: 2026-07-13T21:14:46.717149Z DEBUG gtk_status_bar::network: Sent network update label="\u{f091f} 28% \u{f0ac}"
2026-07-13T21:14:46+00:00 machine gtk-status-bar[1205]: 2026-07-13T21:14:46.717284Z DEBUG gtk_status_bar::widgets: Updating network label: 󰤟 28% 
2026-07-13T21:14:47+00:00 machine gtk-status-bar[1205]: 2026-07-13T21:14:47.001079Z DEBUG gtk_status_bar::widgets: Updating time label:  9:14 PM
2026-07-13T21:14:47+00:00 machine gtk-status-bar[1205]: 2026-07-13T21:14:47.543594Z  INFO gtk_status_bar::network: Network reachability probe completed target=198.51.100.1 success=false elapsed_ms=14
2026-07-13T21:14:47+00:00 machine gtk-status-bar[1205]: 2026-07-13T21:14:47.543652Z DEBUG gtk_status_bar::network: Sent network update label="\u{f091f} 28% \u{f0ac}"
2026-07-13T21:14:47+00:00 machine gtk-status-bar[1205]: 2026-07-13T21:14:47.543965Z DEBUG gtk_status_bar::widgets: Updating network label: 󰤟 28% 
2026-07-13T21:14:48+00:00 machine gtk-status-bar[1205]: 2026-07-13T21:14:48.001054Z DEBUG gtk_status_bar::widgets: Updating time label:  9:14 PM
2026-07-13T21:14:48+00:00 machine gtk-status-bar[1205]: 2026-07-13T21:14:48.652263Z  INFO gtk_status_bar::network: Network reachability probe completed target=192.0.2.1 success=true elapsed_ms=12
2026-07-13T21:14:48+00:00 machine gtk-status-bar[1205]: 2026-07-13T21:14:48.652308Z DEBUG gtk_status_bar::network: Sent network update label="\u{f091f} 28% \u{f0ac}"
2026-07-13T21:14:48+00:00 machine gtk-status-bar[1205]: 2026-07-13T21:14:48.652550Z DEBUG gtk_status_bar::widgets: Updating network label: 󰤟 28% 
2026-07-13T21:14:49+00:00 machine gtk-status-bar[1205]: 2026-07-13T21:14:49.002022Z DEBUG gtk_status_bar::widgets: Updating time label:  9:14 PM
2026-07-13T21:14:49+00:00 machine gtk-status-bar[1205]: 2026-07-13T21:14:49.818267Z DEBUG gtk_status_bar::hypr: Window title changed address=0x57c07fc14030 title="kitty"
2026-07-13T21:14:49+00:00 machine gtk-status-bar[1205]: 2026-07-13T21:14:49.824688Z DEBUG gtk_status_bar::hypr: Refreshing current workspace clients reason="title-changed" workspace_id=2 client_count=7 active_address="0x57c07ecb0460"
2026-07-13T21:14:49+00:00 machine gtk-status-bar[1205]: 2026-07-13T21:14:49.824983Z DEBUG gtk_status_bar::widgets: Updating workspace client strip workspace_id=2 client_count=7
2026-07-13T21:14:49+00:00 machine gtk-status-bar[1205]: 2026-07-13T21:14:49.825213Z DEBUG gtk_status_bar::widgets: Updating client pill address=0x57c07edca530 title="hello" compact_title="hello" class="kitty" active=false
2026-07-13T21:14:49+00:00 machine gtk-status-bar[1205]: 2026-07-13T21:14:49.825280Z DEBUG gtk_status_bar::widgets: Updating client pill address=0x57c07ebdd140 title="AAAAAAAAAAAAAAAAAAAAAAAAAAAAAAAAAAAAAAAAAAAAAAAAAAAAAAAAAAAAAAAA" compact_title="AAAAAAAAAAA…" class="kitty" active=false
2026-07-13T21:14:49+00:00 machine gtk-status-bar[1205]: 2026-07-13T21:14:49.825331Z DEBUG gtk_status_bar::widgets: Updating client pill address=0x57c07ec51e80 title="0123456789012345678901234567890…89012345678901234567890123456789" compact_title="01234567890…" class="kitty" active=false
2026-07-13T21:14:49+00:00 machine gtk-status-bar[1205]: 2026-07-13T21:14:49.825383Z DEBUG gtk_status_bar::widgets: Updating client pill address=0x57c07fc69630 title="界🙂界🙂界🙂界🙂界🙂界🙂界🙂界🙂界🙂界🙂界🙂界🙂界🙂界🙂界🙂界…界🙂界🙂界🙂界🙂界🙂界🙂界🙂界🙂界🙂界🙂界🙂界🙂界🙂界🙂界🙂界🙂" compact_title="界🙂界🙂界🙂界🙂界🙂界…" class="kitty" active=false
2026-07-13T21:14:49+00:00 machine gtk-status-bar[1205]: 2026-07-13T21:14:49.825494Z DEBUG gtk_status_bar::widgets: Updating client pill address=0x57c07fdc32d0 title="Focus Left" compact_title="Focus" class="kitty" active=false
2026-07-13T21:14:49+00:00 machine gtk-status-bar[1205]: 2026-07-13T21:14:49.825545Z DEBUG gtk_status_bar::widgets: Updating client pill address=0x57c07fc75300 title="Focus Right" compact_title="Focus" class="kitty" active=false
2026-07-13T21:14:49+00:00 machine gtk-status-bar[1205]: 2026-07-13T21:14:49.825589Z DEBUG gtk_status_bar::widgets: Updating client pill address=0x57c07ecb0460 title="Close OS window" compact_title="Close" class="kitty" active=true
2026-07-13T21:14:49+00:00 machine gtk-status-bar[1205]: 2026-07-13T21:14:49.921833Z DEBUG gtk_status_bar::hypr: Window opened window=WindowOpenEvent { window_address: Address("0x57c07fc14030"), workspace_name: "i", window_class: "kitty", window_title: "kitty" }
2026-07-13T21:14:49+00:00 machine gtk-status-bar[1205]: 2026-07-13T21:14:49.946946Z DEBUG gtk_status_bar::hypr: Refreshing current workspace clients reason="window-opened" workspace_id=2 client_count=8 active_address="0x57c07fc14030"
2026-07-13T21:14:49+00:00 machine gtk-status-bar[1205]: 2026-07-13T21:14:49.947661Z DEBUG gtk_status_bar::hypr: Active window changed window=Some(WindowEventData { class: "kitty", title: "kitty", address: Address("0x57c07fc14030") })
2026-07-13T21:14:49+00:00 machine gtk-status-bar[1205]: 2026-07-13T21:14:49.948065Z DEBUG gtk_status_bar::widgets: Updating workspace client strip workspace_id=2 client_count=8
2026-07-13T21:14:49+00:00 machine gtk-status-bar[1205]: 2026-07-13T21:14:49.948263Z DEBUG gtk_status_bar::widgets: Updating client pill address=0x57c07edca530 title="hello" compact_title="hello" class="kitty" active=false
2026-07-13T21:14:49+00:00 machine gtk-status-bar[1205]: 2026-07-13T21:14:49.948320Z DEBUG gtk_status_bar::widgets: Updating client pill address=0x57c07ebdd140 title="AAAAAAAAAAAAAAAAAAAAAAAAAAAAAAAAAAAAAAAAAAAAAAAAAAAAAAAAAAAAAAAA" compact_title="AAAAAAAAAAA…" class="kitty" active=false
2026-07-13T21:14:49+00:00 machine gtk-status-bar[1205]: 2026-07-13T21:14:49.948367Z DEBUG gtk_status_bar::widgets: Updating client pill address=0x57c07ec51e80 title="0123456789012345678901234567890…89012345678901234567890123456789" compact_title="01234567890…" class="kitty" active=false
2026-07-13T21:14:49+00:00 machine gtk-status-bar[1205]: 2026-07-13T21:14:49.948414Z DEBUG gtk_status_bar::widgets: Updating client pill address=0x57c07fc69630 title="界🙂界🙂界🙂界🙂界🙂界🙂界🙂界🙂界🙂界🙂界🙂界🙂界🙂界🙂界🙂界…界🙂界🙂界🙂界🙂界🙂界🙂界🙂界🙂界🙂界🙂界🙂界🙂界🙂界🙂界🙂界🙂" compact_title="界🙂界🙂界🙂界🙂界🙂界…" class="kitty" active=false
2026-07-13T21:14:49+00:00 machine gtk-status-bar[1205]: 2026-07-13T21:14:49.948492Z DEBUG gtk_status_bar::widgets: Updating client pill address=0x57c07fdc32d0 title="Focus Left" compact_title="Focus" class="kitty" active=false
2026-07-13T21:14:49+00:00 machine gtk-status-bar[1205]: 2026-07-13T21:14:49.948527Z DEBUG gtk_status_bar::widgets: Updating client pill address=0x57c07fc75300 title="Focus Right" compact_title="Focus" class="kitty" active=false
2026-07-13T21:14:49+00:00 machine gtk-status-bar[1205]: 2026-07-13T21:14:49.948563Z DEBUG gtk_status_bar::widgets: Updating client pill address=0x57c07ecb0460 title="Close OS window" compact_title="Close" class="kitty" active=false
2026-07-13T21:14:49+00:00 machine gtk-status-bar[1205]: 2026-07-13T21:14:49.948608Z DEBUG gtk_status_bar::widgets: Updating client pill address=0x57c07fc14030 title="kitty" compact_title="kitty" class="kitty" active=true
2026-07-13T21:14:49+00:00 machine gtk-status-bar[1205]: 2026-07-13T21:14:49.948628Z DEBUG gtk_status_bar::widgets: Creating client title pill
2026-07-13T21:14:49+00:00 machine gtk-status-bar[1205]: 2026-07-13T21:14:49.952168Z DEBUG gtk_status_bar::hypr: Refreshing current workspace clients reason="active-window-changed" workspace_id=2 client_count=8 active_address="0x57c07fc14030"
2026-07-13T21:14:49+00:00 machine gtk-status-bar[1205]: 2026-07-13T21:14:49.987882Z DEBUG gtk_status_bar::widgets: Resolved title icon from desktop application metadata class="kitty"
2026-07-13T21:14:49+00:00 machine gtk-status-bar[1205]: 2026-07-13T21:14:49.987971Z DEBUG gtk_status_bar::widgets: Updating workspace client strip workspace_id=2 client_count=8
2026-07-13T21:14:49+00:00 machine gtk-status-bar[1205]: 2026-07-13T21:14:49.988087Z DEBUG gtk_status_bar::widgets: Updating client pill address=0x57c07edca530 title="hello" compact_title="hello" class="kitty" active=false
2026-07-13T21:14:49+00:00 machine gtk-status-bar[1205]: 2026-07-13T21:14:49.988135Z DEBUG gtk_status_bar::widgets: Updating client pill address=0x57c07ebdd140 title="AAAAAAAAAAAAAAAAAAAAAAAAAAAAAAAAAAAAAAAAAAAAAAAAAAAAAAAAAAAAAAAA" compact_title="AAAAAAAAAAA…" class="kitty" active=false
2026-07-13T21:14:49+00:00 machine gtk-status-bar[1205]: 2026-07-13T21:14:49.988175Z DEBUG gtk_status_bar::widgets: Updating client pill address=0x57c07ec51e80 title="0123456789012345678901234567890…89012345678901234567890123456789" compact_title="01234567890…" class="kitty" active=false
2026-07-13T21:14:49+00:00 machine gtk-status-bar[1205]: 2026-07-13T21:14:49.988215Z DEBUG gtk_status_bar::widgets: Updating client pill address=0x57c07fc69630 title="界🙂界🙂界🙂界🙂界🙂界🙂界🙂界🙂界🙂界🙂界🙂界🙂界🙂界🙂界🙂界…界🙂界🙂界🙂界🙂界🙂界🙂界🙂界🙂界🙂界🙂界🙂界🙂界🙂界🙂界🙂界🙂" compact_title="界🙂界🙂界🙂界🙂界🙂界…" class="kitty" active=false
2026-07-13T21:14:50+00:00 machine gtk-status-bar[1205]: 2026-07-13T21:14:49.988303Z DEBUG gtk_status_bar::widgets: Updating client pill address=0x57c07fdc32d0 title="Focus Left" compact_title="Focus" class="kitty" active=false
2026-07-13T21:14:50+00:00 machine gtk-status-bar[1205]: 2026-07-13T21:14:49.988341Z DEBUG gtk_status_bar::widgets: Updating client pill address=0x57c07fc75300 title="Focus Right" compact_title="Focus" class="kitty" active=false
2026-07-13T21:14:50+00:00 machine gtk-status-bar[1205]: 2026-07-13T21:14:49.988378Z DEBUG gtk_status_bar::widgets: Updating client pill address=0x57c07ecb0460 title="Close OS window" compact_title="Close" class="kitty" active=false
2026-07-13T21:14:50+00:00 machine gtk-status-bar[1205]: 2026-07-13T21:14:49.988415Z DEBUG gtk_status_bar::widgets: Updating client pill address=0x57c07fc14030 title="kitty" compact_title="kitty" class="kitty" active=true
2026-07-13T21:14:50+00:00 machine gtk-status-bar[1205]: 2026-07-13T21:14:50.001466Z DEBUG gtk_status_bar::widgets: Updating time label:  9:14 PM
2026-07-13T21:14:50+00:00 machine gtk-status-bar[1205]: 2026-07-13T21:14:50.415580Z  INFO gtk_status_bar::network: Network reachability probe completed target=198.51.100.1 success=false elapsed_ms=16
2026-07-13T21:14:50+00:00 machine gtk-status-bar[1205]: 2026-07-13T21:14:50.415661Z DEBUG gtk_status_bar::network: Sent network update label="\u{f091f} 28% \u{f0ac}"
2026-07-13T21:14:50+00:00 machine gtk-status-bar[1205]: 2026-07-13T21:14:50.415902Z DEBUG gtk_status_bar::widgets: Updating network label: 󰤟 28% 
2026-07-13T21:14:50+00:00 machine gtk-status-bar[1205]: 2026-07-13T21:14:50.477070Z DEBUG gtk_status_bar::hypr: Window title changed address=0x57c07fc14030 title="sh"
2026-07-13T21:14:50+00:00 machine gtk-status-bar[1205]: 2026-07-13T21:14:50.487891Z DEBUG gtk_status_bar::hypr: Refreshing current workspace clients reason="title-changed" workspace_id=2 client_count=8 active_address="0x57c07fc14030"
2026-07-13T21:14:50+00:00 machine gtk-status-bar[1205]: 2026-07-13T21:14:50.487945Z DEBUG gtk_status_bar::hypr: Active window changed window=Some(WindowEventData { class: "kitty", title: "sh", address: Address("0x57c07fc14030") })
2026-07-13T21:14:50+00:00 machine gtk-status-bar[1205]: 2026-07-13T21:14:50.488113Z DEBUG gtk_status_bar::widgets: Updating workspace client strip workspace_id=2 client_count=8
2026-07-13T21:14:50+00:00 machine gtk-status-bar[1205]: 2026-07-13T21:14:50.488374Z DEBUG gtk_status_bar::widgets: Updating client pill address=0x57c07edca530 title="hello" compact_title="hello" class="kitty" active=false
2026-07-13T21:14:50+00:00 machine gtk-status-bar[1205]: 2026-07-13T21:14:50.488435Z DEBUG gtk_status_bar::widgets: Updating client pill address=0x57c07ebdd140 title="AAAAAAAAAAAAAAAAAAAAAAAAAAAAAAAAAAAAAAAAAAAAAAAAAAAAAAAAAAAAAAAA" compact_title="AAAAAAAAAAA…" class="kitty" active=false
2026-07-13T21:14:50+00:00 machine gtk-status-bar[1205]: 2026-07-13T21:14:50.488484Z DEBUG gtk_status_bar::widgets: Updating client pill address=0x57c07ec51e80 title="0123456789012345678901234567890…89012345678901234567890123456789" compact_title="01234567890…" class="kitty" active=false
2026-07-13T21:14:50+00:00 machine gtk-status-bar[1205]: 2026-07-13T21:14:50.488532Z DEBUG gtk_status_bar::widgets: Updating client pill address=0x57c07fc69630 title="界🙂界🙂界🙂界🙂界🙂界🙂界🙂界🙂界🙂界🙂界🙂界🙂界🙂界🙂界🙂界…界🙂界🙂界🙂界🙂界🙂界🙂界🙂界🙂界🙂界🙂界🙂界🙂界🙂界🙂界🙂界🙂" compact_title="界🙂界🙂界🙂界🙂界🙂界…" class="kitty" active=false
2026-07-13T21:14:50+00:00 machine gtk-status-bar[1205]: 2026-07-13T21:14:50.488635Z DEBUG gtk_status_bar::widgets: Updating client pill address=0x57c07fdc32d0 title="Focus Left" compact_title="Focus" class="kitty" active=false
2026-07-13T21:14:50+00:00 machine gtk-status-bar[1205]: 2026-07-13T21:14:50.488679Z DEBUG gtk_status_bar::widgets: Updating client pill address=0x57c07fc75300 title="Focus Right" compact_title="Focus" class="kitty" active=false
2026-07-13T21:14:50+00:00 machine gtk-status-bar[1205]: 2026-07-13T21:14:50.488775Z DEBUG gtk_status_bar::widgets: Updating client pill address=0x57c07ecb0460 title="Close OS window" compact_title="Close" class="kitty" active=false
2026-07-13T21:14:50+00:00 machine gtk-status-bar[1205]: 2026-07-13T21:14:50.488837Z DEBUG gtk_status_bar::widgets: Updating client pill address=0x57c07fc14030 title="Waiting client" compact_title="Waiting" class="kitty" active=true
2026-07-13T21:14:50+00:00 machine gtk-status-bar[1205]: 2026-07-13T21:14:50.489679Z DEBUG gtk_status_bar::hypr: Refreshing current workspace clients reason="active-window-changed" workspace_id=2 client_count=8 active_address="0x57c07fc14030"
2026-07-13T21:14:50+00:00 machine gtk-status-bar[1205]: 2026-07-13T21:14:50.489778Z DEBUG gtk_status_bar::hypr: Window title changed address=0x57c07fc14030 title="Waiting client"
2026-07-13T21:14:50+00:00 machine gtk-status-bar[1205]: 2026-07-13T21:14:50.490525Z DEBUG gtk_status_bar::hypr: Refreshing current workspace clients reason="title-changed" workspace_id=2 client_count=8 active_address="0x57c07fc14030"
2026-07-13T21:14:50+00:00 machine gtk-status-bar[1205]: 2026-07-13T21:14:50.490557Z DEBUG gtk_status_bar::hypr: Active window changed window=Some(WindowEventData { class: "kitty", title: "Waiting client", address: Address("0x57c07fc14030") })
2026-07-13T21:14:50+00:00 machine gtk-status-bar[1205]: 2026-07-13T21:14:50.491366Z DEBUG gtk_status_bar::hypr: Refreshing current workspace clients reason="active-window-changed" workspace_id=2 client_count=8 active_address="0x57c07fc14030"
2026-07-13T21:14:50+00:00 machine gtk-status-bar[1205]: 2026-07-13T21:14:50.491685Z DEBUG gtk_status_bar::widgets: Updating workspace client strip workspace_id=2 client_count=8
2026-07-13T21:14:50+00:00 machine gtk-status-bar[1205]: 2026-07-13T21:14:50.491840Z DEBUG gtk_status_bar::widgets: Updating client pill address=0x57c07edca530 title="hello" compact_title="hello" class="kitty" active=false
2026-07-13T21:14:50+00:00 machine gtk-status-bar[1205]: 2026-07-13T21:14:50.491900Z DEBUG gtk_status_bar::widgets: Updating client pill address=0x57c07ebdd140 title="AAAAAAAAAAAAAAAAAAAAAAAAAAAAAAAAAAAAAAAAAAAAAAAAAAAAAAAAAAAAAAAA" compact_title="AAAAAAAAAAA…" class="kitty" active=false
2026-07-13T21:14:50+00:00 machine gtk-status-bar[1205]: 2026-07-13T21:14:50.491948Z DEBUG gtk_status_bar::widgets: Updating client pill address=0x57c07ec51e80 title="0123456789012345678901234567890…89012345678901234567890123456789" compact_title="01234567890…" class="kitty" active=false
2026-07-13T21:14:50+00:00 machine gtk-status-bar[1205]: 2026-07-13T21:14:50.491992Z DEBUG gtk_status_bar::widgets: Updating client pill address=0x57c07fc69630 title="界🙂界🙂界🙂界🙂界🙂界🙂界🙂界🙂界🙂界🙂界🙂界🙂界🙂界🙂界🙂界…界🙂界🙂界🙂界🙂界🙂界🙂界🙂界🙂界🙂界🙂界🙂界🙂界🙂界🙂界🙂界🙂" compact_title="界🙂界🙂界🙂界🙂界🙂界…" class="kitty" active=false
2026-07-13T21:14:50+00:00 machine gtk-status-bar[1205]: 2026-07-13T21:14:50.492089Z DEBUG gtk_status_bar::widgets: Updating client pill address=0x57c07fdc32d0 title="Focus Left" compact_title="Focus" class="kitty" active=false
2026-07-13T21:14:50+00:00 machine gtk-status-bar[1205]: 2026-07-13T21:14:50.492261Z DEBUG gtk_status_bar::widgets: Updating client pill address=0x57c07fc75300 title="Focus Right" compact_title="Focus" class="kitty" active=false
2026-07-13T21:14:50+00:00 machine gtk-status-bar[1205]: 2026-07-13T21:14:50.492307Z DEBUG gtk_status_bar::widgets: Updating client pill address=0x57c07ecb0460 title="Close OS window" compact_title="Close" class="kitty" active=false
2026-07-13T21:14:50+00:00 machine gtk-status-bar[1205]: 2026-07-13T21:14:50.492385Z DEBUG gtk_status_bar::widgets: Updating client pill address=0x57c07fc14030 title="Waiting client" compact_title="Waiting" class="kitty" active=true
2026-07-13T21:14:50+00:00 machine gtk-status-bar[1205]: 2026-07-13T21:14:50.492428Z DEBUG gtk_status_bar::widgets: Updating workspace client strip workspace_id=2 client_count=8
2026-07-13T21:14:50+00:00 machine gtk-status-bar[1205]: 2026-07-13T21:14:50.492504Z DEBUG gtk_status_bar::widgets: Updating client pill address=0x57c07edca530 title="hello" compact_title="hello" class="kitty" active=false
2026-07-13T21:14:50+00:00 machine gtk-status-bar[1205]: 2026-07-13T21:14:50.492541Z DEBUG gtk_status_bar::widgets: Updating client pill address=0x57c07ebdd140 title="AAAAAAAAAAAAAAAAAAAAAAAAAAAAAAAAAAAAAAAAAAAAAAAAAAAAAAAAAAAAAAAA" compact_title="AAAAAAAAAAA…" class="kitty" active=false
2026-07-13T21:14:50+00:00 machine gtk-status-bar[1205]: 2026-07-13T21:14:50.492613Z DEBUG gtk_status_bar::widgets: Updating client pill address=0x57c07ec51e80 title="0123456789012345678901234567890…89012345678901234567890123456789" compact_title="01234567890…" class="kitty" active=false
2026-07-13T21:14:50+00:00 machine gtk-status-bar[1205]: 2026-07-13T21:14:50.492652Z DEBUG gtk_status_bar::widgets: Updating client pill address=0x57c07fc69630 title="界🙂界🙂界🙂界🙂界🙂界🙂界🙂界🙂界🙂界🙂界🙂界🙂界🙂界🙂界🙂界…界🙂界🙂界🙂界🙂界🙂界🙂界🙂界🙂界🙂界🙂界🙂界🙂界🙂界🙂界🙂界🙂" compact_title="界🙂界🙂界🙂界🙂界🙂界…" class="kitty" active=false
2026-07-13T21:14:50+00:00 machine gtk-status-bar[1205]: 2026-07-13T21:14:50.492785Z DEBUG gtk_status_bar::widgets: Updating client pill address=0x57c07fdc32d0 title="Focus Left" compact_title="Focus" class="kitty" active=false
2026-07-13T21:14:50+00:00 machine gtk-status-bar[1205]: 2026-07-13T21:14:50.492831Z DEBUG gtk_status_bar::widgets: Updating client pill address=0x57c07fc75300 title="Focus Right" compact_title="Focus" class="kitty" active=false
2026-07-13T21:14:50+00:00 machine gtk-status-bar[1205]: 2026-07-13T21:14:50.492871Z DEBUG gtk_status_bar::widgets: Updating client pill address=0x57c07ecb0460 title="Close OS window" compact_title="Close" class="kitty" active=false
2026-07-13T21:14:50+00:00 machine gtk-status-bar[1205]: 2026-07-13T21:14:50.492912Z DEBUG gtk_status_bar::widgets: Updating client pill address=0x57c07fc14030 title="Waiting client" compact_title="Waiting" class="kitty" active=true
2026-07-13T21:14:50+00:00 machine gtk-status-bar[1205]: 2026-07-13T21:14:50.492950Z DEBUG gtk_status_bar::widgets: Updating workspace client strip workspace_id=2 client_count=8
2026-07-13T21:14:50+00:00 machine gtk-status-bar[1205]: 2026-07-13T21:14:50.493059Z DEBUG gtk_status_bar::widgets: Updating client pill address=0x57c07edca530 title="hello" compact_title="hello" class="kitty" active=false
2026-07-13T21:14:50+00:00 machine gtk-status-bar[1205]: 2026-07-13T21:14:50.493097Z DEBUG gtk_status_bar::widgets: Updating client pill address=0x57c07ebdd140 title="AAAAAAAAAAAAAAAAAAAAAAAAAAAAAAAAAAAAAAAAAAAAAAAAAAAAAAAAAAAAAAAA" compact_title="AAAAAAAAAAA…" class="kitty" active=false
2026-07-13T21:14:50+00:00 machine gtk-status-bar[1205]: 2026-07-13T21:14:50.493136Z DEBUG gtk_status_bar::widgets: Updating client pill address=0x57c07ec51e80 title="0123456789012345678901234567890…89012345678901234567890123456789" compact_title="01234567890…" class="kitty" active=false
2026-07-13T21:14:50+00:00 machine gtk-status-bar[1205]: 2026-07-13T21:14:50.493175Z DEBUG gtk_status_bar::widgets: Updating client pill address=0x57c07fc69630 title="界🙂界🙂界🙂界🙂界🙂界🙂界🙂界🙂界🙂界🙂界🙂界🙂界🙂界🙂界🙂界…界🙂界🙂界🙂界🙂界🙂界🙂界🙂界🙂界🙂界🙂界🙂界🙂界🙂界🙂界🙂界🙂" compact_title="界🙂界🙂界🙂界🙂界🙂界…" class="kitty" active=false
2026-07-13T21:14:50+00:00 machine gtk-status-bar[1205]: 2026-07-13T21:14:50.493261Z DEBUG gtk_status_bar::widgets: Updating client pill address=0x57c07fdc32d0 title="Focus Left" compact_title="Focus" class="kitty" active=false
2026-07-13T21:14:50+00:00 machine gtk-status-bar[1205]: 2026-07-13T21:14:50.493298Z DEBUG gtk_status_bar::widgets: Updating client pill address=0x57c07fc75300 title="Focus Right" compact_title="Focus" class="kitty" active=false
2026-07-13T21:14:50+00:00 machine gtk-status-bar[1205]: 2026-07-13T21:14:50.493334Z DEBUG gtk_status_bar::widgets: Updating client pill address=0x57c07ecb0460 title="Close OS window" compact_title="Close" class="kitty" active=false
2026-07-13T21:14:50+00:00 machine gtk-status-bar[1205]: 2026-07-13T21:14:50.493395Z DEBUG gtk_status_bar::widgets: Updating client pill address=0x57c07fc14030 title="Waiting client" compact_title="Waiting" class="kitty" active=true
2026-07-13T21:14:51+00:00 machine gtk-status-bar[1205]: 2026-07-13T21:14:51.001006Z DEBUG gtk_status_bar::widgets: Updating time label:  9:14 PM
2026-07-13T21:14:51+00:00 machine gtk-status-bar[1205]: 2026-07-13T21:14:51.281678Z  INFO gtk_status_bar::network: Network reachability probe completed target=192.0.2.1 success=true elapsed_ms=12
2026-07-13T21:14:51+00:00 machine gtk-status-bar[1205]: 2026-07-13T21:14:51.281825Z DEBUG gtk_status_bar::network: Sent network update label="\u{f091f} 28% \u{f0ac}"
2026-07-13T21:14:51+00:00 machine gtk-status-bar[1205]: 2026-07-13T21:14:51.281986Z DEBUG gtk_status_bar::widgets: Updating network label: 󰤟 28% 
2026-07-13T21:14:51+00:00 machine gtk-status-bar[1205]: 2026-07-13T21:14:51.404448Z DEBUG gtk_status_bar::hypr: Active window changed window=Some(WindowEventData { class: "kitty", title: "Focus Right", address: Address("0x57c07fc75300") })
2026-07-13T21:14:51+00:00 machine gtk-status-bar[1205]: 2026-07-13T21:14:51.428783Z DEBUG gtk_status_bar::hypr: Refreshing current workspace clients reason="active-window-changed" workspace_id=2 client_count=8 active_address="0x57c07fc75300"
2026-07-13T21:14:51+00:00 machine gtk-status-bar[1205]: 2026-07-13T21:14:51.429832Z DEBUG gtk_status_bar::widgets: Updating workspace client strip workspace_id=2 client_count=8
2026-07-13T21:14:51+00:00 machine gtk-status-bar[1205]: 2026-07-13T21:14:51.430136Z DEBUG gtk_status_bar::widgets: Updating client pill address=0x57c07edca530 title="hello" compact_title="hello" class="kitty" active=false
2026-07-13T21:14:51+00:00 machine gtk-status-bar[1205]: 2026-07-13T21:14:51.430255Z DEBUG gtk_status_bar::widgets: Updating client pill address=0x57c07ebdd140 title="AAAAAAAAAAAAAAAAAAAAAAAAAAAAAAAAAAAAAAAAAAAAAAAAAAAAAAAAAAAAAAAA" compact_title="AAAAAAAAAAA…" class="kitty" active=false
2026-07-13T21:14:51+00:00 machine gtk-status-bar[1205]: 2026-07-13T21:14:51.430304Z DEBUG gtk_status_bar::widgets: Updating client pill address=0x57c07ec51e80 title="0123456789012345678901234567890…89012345678901234567890123456789" compact_title="01234567890…" class="kitty" active=false
2026-07-13T21:14:51+00:00 machine gtk-status-bar[1205]: 2026-07-13T21:14:51.430355Z DEBUG gtk_status_bar::widgets: Updating client pill address=0x57c07fc69630 title="界🙂界🙂界🙂界🙂界🙂界🙂界🙂界🙂界🙂界🙂界🙂界🙂界🙂界🙂界🙂界…界🙂界🙂界🙂界🙂界🙂界🙂界🙂界🙂界🙂界🙂界🙂界🙂界🙂界🙂界🙂界🙂" compact_title="界🙂界🙂界🙂界🙂界🙂界…" class="kitty" active=false
2026-07-13T21:14:51+00:00 machine gtk-status-bar[1205]: 2026-07-13T21:14:51.430458Z DEBUG gtk_status_bar::widgets: Updating client pill address=0x57c07fdc32d0 title="Focus Left" compact_title="Focus" class="kitty" active=false
2026-07-13T21:14:51+00:00 machine gtk-status-bar[1205]: 2026-07-13T21:14:51.430502Z DEBUG gtk_status_bar::widgets: Updating client pill address=0x57c07fc75300 title="Focus Right" compact_title="Focus" class="kitty" active=true
2026-07-13T21:14:51+00:00 machine gtk-status-bar[1205]: 2026-07-13T21:14:51.430551Z DEBUG gtk_status_bar::widgets: Updating client pill address=0x57c07ecb0460 title="Close OS window" compact_title="Close" class="kitty" active=false
2026-07-13T21:14:51+00:00 machine gtk-status-bar[1205]: 2026-07-13T21:14:51.430596Z DEBUG gtk_status_bar::widgets: Updating client pill address=0x57c07fc14030 title="Waiting client" compact_title="Waiting" class="kitty" active=false
2026-07-13T21:14:52+00:00 machine gtk-status-bar[1205]: 2026-07-13T21:14:52.002309Z DEBUG gtk_status_bar::widgets: Updating time label:  9:14 PM
2026-07-13T21:14:52+00:00 machine gtk-status-bar[1205]: 2026-07-13T21:14:52.742949Z  INFO gtk_status_bar::network: Network reachability probe completed target=192.0.2.1 success=true elapsed_ms=11
2026-07-13T21:14:52+00:00 machine gtk-status-bar[1205]: 2026-07-13T21:14:52.743029Z DEBUG gtk_status_bar::network: Sent network update label="\u{f091f} 28% \u{f0ac}"
2026-07-13T21:14:52+00:00 machine gtk-status-bar[1205]: 2026-07-13T21:14:52.743191Z DEBUG gtk_status_bar::widgets: Updating network label: 󰤟 28% 
2026-07-13T21:14:53+00:00 machine gtk-status-bar[1205]: 2026-07-13T21:14:53.000944Z DEBUG gtk_status_bar::widgets: Updating time label:  9:14 PM
2026-07-13T21:14:53+00:00 machine gtk-status-bar[1205]: 2026-07-13T21:14:53.192413Z  INFO gtk_status_bar::network: Network reachability probe completed target=198.51.100.1 success=false elapsed_ms=19
2026-07-13T21:14:53+00:00 machine gtk-status-bar[1205]: 2026-07-13T21:14:53.192457Z DEBUG gtk_status_bar::network: Sent network update label="\u{f091f} 28% \u{f0ac}"
2026-07-13T21:14:53+00:00 machine gtk-status-bar[1205]: 2026-07-13T21:14:53.201414Z DEBUG gtk_status_bar::widgets: Updating network label: 󰤟 28% 
2026-07-13T21:14:53+00:00 machine gtk-status-bar[1205]: 2026-07-13T21:14:53.795326Z  INFO gtk_status_bar::network: Network reachability probe completed target=198.51.100.1 success=false elapsed_ms=20
2026-07-13T21:14:53+00:00 machine gtk-status-bar[1205]: 2026-07-13T21:14:53.795414Z DEBUG gtk_status_bar::network: Sent network update label="\u{f091f} 28% \u{f0ac}"
2026-07-13T21:14:53+00:00 machine gtk-status-bar[1205]: 2026-07-13T21:14:53.795606Z DEBUG gtk_status_bar::widgets: Updating network label: 󰤟 28% 
2026-07-13T21:14:54+00:00 machine gtk-status-bar[1205]: 2026-07-13T21:14:54.001582Z DEBUG gtk_status_bar::widgets: Updating time label:  9:14 PM
2026-07-13T21:14:54+00:00 machine gtk-status-bar[1205]: 2026-07-13T21:14:54.485670Z DEBUG gtk_status_bar::hypr: Window title changed address=0x57c07fc14030 title="Renamed client"
2026-07-13T21:14:54+00:00 machine gtk-status-bar[1205]: 2026-07-13T21:14:54.488552Z DEBUG gtk_status_bar::hypr: Refreshing current workspace clients reason="title-changed" workspace_id=2 client_count=8 active_address="0x57c07fc75300"
2026-07-13T21:14:54+00:00 machine gtk-status-bar[1205]: 2026-07-13T21:14:54.489122Z DEBUG gtk_status_bar::widgets: Updating workspace client strip workspace_id=2 client_count=8
2026-07-13T21:14:54+00:00 machine gtk-status-bar[1205]: 2026-07-13T21:14:54.489582Z DEBUG gtk_status_bar::widgets: Updating client pill address=0x57c07edca530 title="hello" compact_title="hello" class="kitty" active=false
2026-07-13T21:14:54+00:00 machine gtk-status-bar[1205]: 2026-07-13T21:14:54.489951Z DEBUG gtk_status_bar::widgets: Updating client pill address=0x57c07ebdd140 title="AAAAAAAAAAAAAAAAAAAAAAAAAAAAAAAAAAAAAAAAAAAAAAAAAAAAAAAAAAAAAAAA" compact_title="AAAAAAAAAAA…" class="kitty" active=false
2026-07-13T21:14:54+00:00 machine gtk-status-bar[1205]: 2026-07-13T21:14:54.490068Z DEBUG gtk_status_bar::widgets: Updating client pill address=0x57c07ec51e80 title="0123456789012345678901234567890…89012345678901234567890123456789" compact_title="01234567890…" class="kitty" active=false
2026-07-13T21:14:54+00:00 machine gtk-status-bar[1205]: 2026-07-13T21:14:54.490178Z DEBUG gtk_status_bar::widgets: Updating client pill address=0x57c07fc69630 title="界🙂界🙂界🙂界🙂界🙂界🙂界🙂界🙂界🙂界🙂界🙂界🙂界🙂界🙂界🙂界…界🙂界🙂界🙂界🙂界🙂界🙂界🙂界🙂界🙂界🙂界🙂界🙂界🙂界🙂界🙂界🙂" compact_title="界🙂界🙂界🙂界🙂界🙂界…" class="kitty" active=false
2026-07-13T21:14:54+00:00 machine gtk-status-bar[1205]: 2026-07-13T21:14:54.490415Z DEBUG gtk_status_bar::widgets: Updating client pill address=0x57c07fdc32d0 title="Focus Left" compact_title="Focus" class="kitty" active=false
2026-07-13T21:14:54+00:00 machine gtk-status-bar[1205]: 2026-07-13T21:14:54.490519Z DEBUG gtk_status_bar::widgets: Updating client pill address=0x57c07fc75300 title="Focus Right" compact_title="Focus" class="kitty" active=true
2026-07-13T21:14:54+00:00 machine gtk-status-bar[1205]: 2026-07-13T21:14:54.490621Z DEBUG gtk_status_bar::widgets: Updating client pill address=0x57c07ecb0460 title="Close OS window" compact_title="Close" class="kitty" active=false
2026-07-13T21:14:54+00:00 machine gtk-status-bar[1205]: 2026-07-13T21:14:54.490850Z DEBUG gtk_status_bar::widgets: Updating client pill address=0x57c07fc14030 title="Renamed client" compact_title="Renamed" class="kitty" active=false
2026-07-13T21:14:55+00:00 machine gtk-status-bar[1205]: 2026-07-13T21:14:55.001286Z DEBUG gtk_status_bar::widgets: Updating time label:  9:14 PM
2026-07-13T21:14:55+00:00 machine gtk-status-bar[1205]: 2026-07-13T21:14:55.451160Z  INFO gtk_status_bar::network: Network reachability probe completed target=192.0.2.1 success=true elapsed_ms=22
2026-07-13T21:14:55+00:00 machine gtk-status-bar[1205]: 2026-07-13T21:14:55.451248Z DEBUG gtk_status_bar::network: Sent network update label="\u{f091f} 28% \u{f0ac}"
2026-07-13T21:14:55+00:00 machine gtk-status-bar[1205]: 2026-07-13T21:14:55.451395Z DEBUG gtk_status_bar::widgets: Updating network label: 󰤟 28% 
2026-07-13T21:14:56+00:00 machine gtk-status-bar[1205]: 2026-07-13T21:14:56.001666Z DEBUG gtk_status_bar::widgets: Updating time label:  9:14 PM
2026-07-13T21:14:56+00:00 machine gtk-status-bar[1205]: 2026-07-13T21:14:56.372281Z  INFO gtk_status_bar::network: Network reachability probe completed target=192.0.2.1 success=true elapsed_ms=12
2026-07-13T21:14:56+00:00 machine gtk-status-bar[1205]: 2026-07-13T21:14:56.372337Z DEBUG gtk_status_bar::network: Sent network update label="\u{f091f} 28% \u{f0ac}"
2026-07-13T21:14:56+00:00 machine gtk-status-bar[1205]: 2026-07-13T21:14:56.372609Z DEBUG gtk_status_bar::widgets: Updating network label: 󰤟 28% 
2026-07-13T21:14:56+00:00 machine gtk-status-bar[1205]: 2026-07-13T21:14:56.438637Z  INFO gtk_status_bar::network: Network reachability probe completed target=198.51.100.1 success=false elapsed_ms=12
2026-07-13T21:14:56+00:00 machine gtk-status-bar[1205]: 2026-07-13T21:14:56.438689Z DEBUG gtk_status_bar::network: Sent network update label="\u{f091f} 28% \u{f0ac}"
2026-07-13T21:14:56+00:00 machine gtk-status-bar[1205]: 2026-07-13T21:14:56.438940Z DEBUG gtk_status_bar::widgets: Updating network label: 󰤟 28% 
2026-07-13T21:14:56+00:00 machine gtk-status-bar[1205]: 2026-07-13T21:14:56.997480Z DEBUG gtk_status_bar::dbus: Got an event in event stream: Msg { type: Signal, serial: 13, sender: UniqueName(":1.5"), path: ObjectPath("/org/freedesktop/UPower/devices/battery_BAT0"), iface: InterfaceName("org.freedesktop.DBus.Properties"), member: MemberName("PropertiesChanged"), body: Structure(Dynamic { fields: [Str, Dict { key: Dynamic { child: Str }, value: Dynamic { child: Variant } }, Array(Dynamic { child: Str })] }), fds: [] }
2026-07-13T21:14:56+00:00 machine gtk-status-bar[1205]: 2026-07-13T21:14:56.997517Z DEBUG gtk_status_bar::dbus: Dbus monitor: Received D-Bus message from path: Some(ObjectPath("/org/freedesktop/UPower/devices/battery_BAT0")), interface: Some(InterfaceName("org.freedesktop.DBus.Properties")), member: Some(MemberName("PropertiesChanged"))
2026-07-13T21:14:56+00:00 machine gtk-status-bar[1205]: 2026-07-13T21:14:56.997534Z  INFO gtk_status_bar::dbus: Dbus monitor: Received signal
2026-07-13T21:14:56+00:00 machine gtk-status-bar[1205]: 2026-07-13T21:14:56.997550Z  INFO gtk_status_bar::dbus: Dbus monitor: Received PropertiesChanged signal
2026-07-13T21:14:56+00:00 machine gtk-status-bar[1205]: 2026-07-13T21:14:56.997584Z DEBUG gtk_status_bar::dbus: Battery device properties contain no State property
2026-07-13T21:14:56+00:00 machine gtk-status-bar[1205]: 2026-07-13T21:14:56.997600Z  INFO gtk_status_bar::dbus: Battery percentage changed to 42.0%
2026-07-13T21:14:57+00:00 machine gtk-status-bar[1205]: 2026-07-13T21:14:56.997630Z DEBUG gtk_status_bar::dbus: Got an event in event stream: Msg { type: Signal, serial: 14, sender: UniqueName(":1.5"), path: ObjectPath("/org/freedesktop/UPower/devices/battery_BAT0"), iface: InterfaceName("org.freedesktop.DBus.Properties"), member: MemberName("PropertiesChanged"), body: Structure(Dynamic { fields: [Str, Dict { key: Dynamic { child: Str }, value: Dynamic { child: Variant } }, Array(Dynamic { child: Str })] }), fds: [] }
2026-07-13T21:14:57+00:00 machine gtk-status-bar[1205]: 2026-07-13T21:14:56.997657Z DEBUG gtk_status_bar::dbus: Dbus monitor: Received D-Bus message from path: Some(ObjectPath("/org/freedesktop/UPower/devices/battery_BAT0")), interface: Some(InterfaceName("org.freedesktop.DBus.Properties")), member: Some(MemberName("PropertiesChanged"))
2026-07-13T21:14:57+00:00 machine gtk-status-bar[1205]: 2026-07-13T21:14:56.997676Z  INFO gtk_status_bar::dbus: Dbus monitor: Received signal
2026-07-13T21:14:57+00:00 machine gtk-status-bar[1205]: 2026-07-13T21:14:56.997693Z  INFO gtk_status_bar::dbus: Dbus monitor: Received PropertiesChanged signal
2026-07-13T21:14:57+00:00 machine gtk-status-bar[1205]: 2026-07-13T21:14:56.997861Z DEBUG gtk_status_bar::widgets: Updating battery label: 🔋 42%
2026-07-13T21:14:57+00:00 machine gtk-status-bar[1205]: 2026-07-13T21:14:56.997983Z DEBUG gtk_status_bar::widgets: 👁️  SHOWING battery widget - data: 🔋 42%
2026-07-13T21:14:57+00:00 machine gtk-status-bar[1205]: 2026-07-13T21:14:57.001278Z DEBUG gtk_status_bar::widgets: Updating time label:  9:14 PM
2026-07-13T21:14:57+00:00 machine gtk-status-bar[1205]: 2026-07-13T21:14:57.062680Z  INFO gtk_status_bar::dbus: Battery is discharging (state: 2)
2026-07-13T21:14:57+00:00 machine gtk-status-bar[1205]: 2026-07-13T21:14:57.062799Z DEBUG gtk_status_bar::dbus: Battery device properties contain no Percentage property
2026-07-13T21:14:57+00:00 machine gtk-status-bar[1205]: 2026-07-13T21:14:57.063028Z DEBUG gtk_status_bar::widgets: Updating battery label: 🔋 42%
2026-07-13T21:14:57+00:00 machine gtk-status-bar[1205]: 2026-07-13T21:14:57.063076Z DEBUG gtk_status_bar::widgets: 👁️  SHOWING battery widget - data: 🔋 42%
2026-07-13T21:14:57+00:00 machine gtk-status-bar[1205]: 2026-07-13T21:14:57.919482Z DEBUG gtk_status_bar::dbus: Got an event in event stream: Msg { type: Signal, serial: 95, sender: UniqueName(":1.6"), path: ObjectPath("/org/bluez/hci0"), iface: InterfaceName("org.freedesktop.DBus.Properties"), member: MemberName("PropertiesChanged"), body: Structure(Dynamic { fields: [Str, Dict { key: Dynamic { child: Str }, value: Dynamic { child: Variant } }, Array(Dynamic { child: Str })] }), fds: [] }
2026-07-13T21:14:57+00:00 machine gtk-status-bar[1205]: 2026-07-13T21:14:57.920871Z DEBUG gtk_status_bar::dbus: Dbus monitor: Received D-Bus message from path: Some(ObjectPath("/org/bluez/hci0")), interface: Some(InterfaceName("org.freedesktop.DBus.Properties")), member: Some(MemberName("PropertiesChanged"))
2026-07-13T21:14:57+00:00 machine gtk-status-bar[1205]: 2026-07-13T21:14:57.920917Z  INFO gtk_status_bar::dbus: Dbus monitor: Received signal
2026-07-13T21:14:57+00:00 machine gtk-status-bar[1205]: 2026-07-13T21:14:57.920944Z  INFO gtk_status_bar::dbus: Dbus monitor: Received PropertiesChanged signal
2026-07-13T21:14:57+00:00 machine gtk-status-bar[1205]: 2026-07-13T21:14:57.920990Z DEBUG gtk_status_bar::dbus: Dbus monitor: Ignored PropertiesChanged for interface: "org.bluez.Adapter1"
2026-07-13T21:14:57+00:00 machine gtk-status-bar[1205]: 2026-07-13T21:14:57.976011Z  INFO gtk_status_bar::network: Network reachability probe completed target=192.0.2.1 success=true elapsed_ms=16
2026-07-13T21:14:57+00:00 machine gtk-status-bar[1205]: 2026-07-13T21:14:57.976057Z DEBUG gtk_status_bar::network: Sent network update label="\u{f091f} 28% \u{f0ac}"
2026-07-13T21:14:57+00:00 machine gtk-status-bar[1205]: 2026-07-13T21:14:57.978142Z DEBUG gtk_status_bar::widgets: Updating network label: 󰤟 28% 
2026-07-13T21:14:58+00:00 machine gtk-status-bar[1205]: 2026-07-13T21:14:58.000755Z DEBUG gtk_status_bar::widgets: Updating time label:  9:14 PM
2026-07-13T21:14:58+00:00 machine gtk-status-bar[1205]: 2026-07-13T21:14:58.950774Z  INFO gtk_status_bar::network: Network reachability probe completed target=198.51.100.1 success=false elapsed_ms=16
2026-07-13T21:14:58+00:00 machine gtk-status-bar[1205]: 2026-07-13T21:14:58.950865Z DEBUG gtk_status_bar::network: Sent network update label="\u{f091f} 28% \u{f0ac}"
2026-07-13T21:14:58+00:00 machine gtk-status-bar[1205]: 2026-07-13T21:14:58.951209Z DEBUG gtk_status_bar::widgets: Updating network label: 󰤟 28% 
2026-07-13T21:14:59+00:00 machine gtk-status-bar[1205]: 2026-07-13T21:14:59.001519Z DEBUG gtk_status_bar::widgets: Updating time label:  9:14 PM
2026-07-13T21:14:59+00:00 machine gtk-status-bar[1205]: 2026-07-13T21:14:59.098780Z  INFO gtk_status_bar::network: Network reachability probe completed target=192.0.2.1 success=true elapsed_ms=23
2026-07-13T21:14:59+00:00 machine gtk-status-bar[1205]: 2026-07-13T21:14:59.098846Z DEBUG gtk_status_bar::network: Sent network update label="\u{f091f} 28% \u{f0ac}"
2026-07-13T21:14:59+00:00 machine gtk-status-bar[1205]: 2026-07-13T21:14:59.099069Z DEBUG gtk_status_bar::widgets: Updating network label: 󰤟 28% 
2026-07-13T21:14:59+00:00 machine gtk-status-bar[1205]: 2026-07-13T21:14:59.604345Z  INFO gtk_status_bar::network: Network reachability probe completed target=198.51.100.1 success=false elapsed_ms=9
2026-07-13T21:14:59+00:00 machine gtk-status-bar[1205]: 2026-07-13T21:14:59.604391Z DEBUG gtk_status_bar::network: Sent network update label="\u{f091f} 28% \u{f0ac}"
2026-07-13T21:14:59+00:00 machine gtk-status-bar[1205]: 2026-07-13T21:14:59.604590Z DEBUG gtk_status_bar::widgets: Updating network label: 󰤟 28% 
2026-07-13T21:14:59+00:00 machine gtk-status-bar[1205]: 2026-07-13T21:14:59.747622Z DEBUG gtk_status_bar::dbus: Got an event in event stream: Msg { type: Signal, serial: 18, sender: UniqueName(":1.5"), path: ObjectPath("/org/freedesktop/UPower/devices/battery_BAT0"), iface: InterfaceName("org.freedesktop.DBus.Properties"), member: MemberName("PropertiesChanged"), body: Structure(Dynamic { fields: [Str, Dict { key: Dynamic { child: Str }, value: Dynamic { child: Variant } }, Array(Dynamic { child: Str })] }), fds: [] }
2026-07-13T21:14:59+00:00 machine gtk-status-bar[1205]: 2026-07-13T21:14:59.747660Z DEBUG gtk_status_bar::dbus: Dbus monitor: Received D-Bus message from path: Some(ObjectPath("/org/freedesktop/UPower/devices/battery_BAT0")), interface: Some(InterfaceName("org.freedesktop.DBus.Properties")), member: Some(MemberName("PropertiesChanged"))
2026-07-13T21:14:59+00:00 machine gtk-status-bar[1205]: 2026-07-13T21:14:59.747677Z  INFO gtk_status_bar::dbus: Dbus monitor: Received signal
2026-07-13T21:14:59+00:00 machine gtk-status-bar[1205]: 2026-07-13T21:14:59.747692Z  INFO gtk_status_bar::dbus: Dbus monitor: Received PropertiesChanged signal
2026-07-13T21:14:59+00:00 machine gtk-status-bar[1205]: 2026-07-13T21:14:59.747778Z  INFO gtk_status_bar::dbus: Battery is charging (state: 1)
2026-07-13T21:14:59+00:00 machine gtk-status-bar[1205]: 2026-07-13T21:14:59.747807Z DEBUG gtk_status_bar::dbus: Battery device properties contain no Percentage property
2026-07-13T21:14:59+00:00 machine gtk-status-bar[1205]: 2026-07-13T21:14:59.748006Z DEBUG gtk_status_bar::widgets: Updating battery label: ⚡ 42%
2026-07-13T21:14:59+00:00 machine gtk-status-bar[1205]: 2026-07-13T21:14:59.748106Z DEBUG gtk_status_bar::widgets: 👁️  SHOWING battery widget - data: ⚡ 42%
2026-07-13T21:15:00+00:00 machine gtk-status-bar[1205]: 2026-07-13T21:15:00.001150Z DEBUG gtk_status_bar::widgets: Updating time label:  9:15 PM
2026-07-13T21:15:00+00:00 machine gtk-status-bar[1205]: 2026-07-13T21:15:00.004984Z  INFO gtk_status_bar::network: Network reachability probe completed target=192.0.2.1 success=true elapsed_ms=13
2026-07-13T21:15:00+00:00 machine gtk-status-bar[1205]: 2026-07-13T21:15:00.005091Z DEBUG gtk_status_bar::network: Sent network update label="\u{f091f} 28% \u{f0ac}"
2026-07-13T21:15:00+00:00 machine gtk-status-bar[1205]: 2026-07-13T21:15:00.005268Z DEBUG gtk_status_bar::widgets: Updating network label: 󰤟 28% 
2026-07-13T21:15:00+00:00 machine gtk-status-bar[1205]: 2026-07-13T21:15:00.447296Z  INFO gtk_status_bar::network: Network reachability probe completed target=198.51.100.1 success=false elapsed_ms=20
2026-07-13T21:15:00+00:00 machine gtk-status-bar[1205]: 2026-07-13T21:15:00.447377Z DEBUG gtk_status_bar::network: Sent network update label="\u{f091f} 28% \u{f0ac}"
2026-07-13T21:15:00+00:00 machine gtk-status-bar[1205]: 2026-07-13T21:15:00.447965Z DEBUG gtk_status_bar::widgets: Updating network label: 󰤟 28% 
2026-07-13T21:15:00+00:00 machine gtk-status-bar[1205]: 2026-07-13T21:15:00.515104Z  INFO gtk_status_bar::network: Network reachability probe completed target=198.51.100.1 success=false elapsed_ms=16
2026-07-13T21:15:00+00:00 machine gtk-status-bar[1205]: 2026-07-13T21:15:00.515160Z DEBUG gtk_status_bar::network: Sent network update label="\u{f091f} 28% \u{f0ac}"
2026-07-13T21:15:00+00:00 machine gtk-status-bar[1205]: 2026-07-13T21:15:00.515500Z DEBUG gtk_status_bar::widgets: Updating network label: 󰤟 28% 
2026-07-13T21:15:01+00:00 machine gtk-status-bar[1205]: 2026-07-13T21:15:01.001303Z DEBUG gtk_status_bar::widgets: Updating time label:  9:15 PM
2026-07-13T21:15:01+00:00 machine gtk-status-bar[1205]: 2026-07-13T21:15:01.338107Z  INFO gtk_status_bar::network: Network reachability probe completed target=192.0.2.1 success=true elapsed_ms=21
2026-07-13T21:15:01+00:00 machine gtk-status-bar[1205]: 2026-07-13T21:15:01.338152Z DEBUG gtk_status_bar::network: Sent network update label="\u{f091f} 28% \u{f0ac}"
2026-07-13T21:15:01+00:00 machine gtk-status-bar[1205]: 2026-07-13T21:15:01.338557Z DEBUG gtk_status_bar::widgets: Updating network label: 󰤟 28% 
2026-07-13T21:15:01+00:00 machine gtk-status-bar[1205]: 2026-07-13T21:15:01.629277Z  INFO gtk_status_bar::network: Network reachability probe completed target=192.0.2.1 success=true elapsed_ms=27
2026-07-13T21:15:01+00:00 machine gtk-status-bar[1205]: 2026-07-13T21:15:01.630325Z DEBUG gtk_status_bar::network: Sent network update label="\u{f091f} 28% \u{f0ac}"
2026-07-13T21:15:01+00:00 machine gtk-status-bar[1205]: 2026-07-13T21:15:01.630700Z DEBUG gtk_status_bar::widgets: Updating network label: 󰤟 28% 
2026-07-13T21:15:02+00:00 machine gtk-status-bar[1205]: 2026-07-13T21:15:02.000963Z DEBUG gtk_status_bar::widgets: Updating time label:  9:15 PM
2026-07-13T21:15:02+00:00 machine gtk-status-bar[1205]: 2026-07-13T21:15:02.446307Z DEBUG gtk_status_bar::dbus: Got an event in event stream: Msg { type: Signal, serial: 22, sender: UniqueName(":1.5"), path: ObjectPath("/org/freedesktop/UPower/devices/battery_BAT0"), iface: InterfaceName("org.freedesktop.DBus.Properties"), member: MemberName("PropertiesChanged"), body: Structure(Dynamic { fields: [Str, Dict { key: Dynamic { child: Str }, value: Dynamic { child: Variant } }, Array(Dynamic { child: Str })] }), fds: [] }
2026-07-13T21:15:02+00:00 machine gtk-status-bar[1205]: 2026-07-13T21:15:02.446359Z DEBUG gtk_status_bar::dbus: Dbus monitor: Received D-Bus message from path: Some(ObjectPath("/org/freedesktop/UPower/devices/battery_BAT0")), interface: Some(InterfaceName("org.freedesktop.DBus.Properties")), member: Some(MemberName("PropertiesChanged"))
2026-07-13T21:15:02+00:00 machine gtk-status-bar[1205]: 2026-07-13T21:15:02.446381Z  INFO gtk_status_bar::dbus: Dbus monitor: Received signal
2026-07-13T21:15:02+00:00 machine gtk-status-bar[1205]: 2026-07-13T21:15:02.446406Z  INFO gtk_status_bar::dbus: Dbus monitor: Received PropertiesChanged signal
2026-07-13T21:15:02+00:00 machine gtk-status-bar[1205]: 2026-07-13T21:15:02.446448Z DEBUG gtk_status_bar::dbus: Battery device properties contain no State property
2026-07-13T21:15:02+00:00 machine gtk-status-bar[1205]: 2026-07-13T21:15:02.446468Z  INFO gtk_status_bar::dbus: Battery percentage changed to 20.0%
2026-07-13T21:15:02+00:00 machine gtk-status-bar[1205]: 2026-07-13T21:15:02.446503Z DEBUG gtk_status_bar::dbus: Got an event in event stream: Msg { type: Signal, serial: 23, sender: UniqueName(":1.5"), path: ObjectPath("/org/freedesktop/UPower/devices/battery_BAT0"), iface: InterfaceName("org.freedesktop.DBus.Properties"), member: MemberName("PropertiesChanged"), body: Structure(Dynamic { fields: [Str, Dict { key: Dynamic { child: Str }, value: Dynamic { child: Variant } }, Array(Dynamic { child: Str })] }), fds: [] }
2026-07-13T21:15:02+00:00 machine gtk-status-bar[1205]: 2026-07-13T21:15:02.446526Z DEBUG gtk_status_bar::dbus: Dbus monitor: Received D-Bus message from path: Some(ObjectPath("/org/freedesktop/UPower/devices/battery_BAT0")), interface: Some(InterfaceName("org.freedesktop.DBus.Properties")), member: Some(MemberName("PropertiesChanged"))
2026-07-13T21:15:02+00:00 machine gtk-status-bar[1205]: 2026-07-13T21:15:02.446545Z  INFO gtk_status_bar::dbus: Dbus monitor: Received signal
2026-07-13T21:15:02+00:00 machine gtk-status-bar[1205]: 2026-07-13T21:15:02.446562Z  INFO gtk_status_bar::dbus: Dbus monitor: Received PropertiesChanged signal
2026-07-13T21:15:02+00:00 machine gtk-status-bar[1205]: 2026-07-13T21:15:02.446589Z  INFO gtk_status_bar::dbus: Battery is discharging (state: 2)
2026-07-13T21:15:02+00:00 machine gtk-status-bar[1205]: 2026-07-13T21:15:02.446607Z DEBUG gtk_status_bar::dbus: Battery device properties contain no Percentage property
2026-07-13T21:15:02+00:00 machine gtk-status-bar[1205]: 2026-07-13T21:15:02.446774Z DEBUG gtk_status_bar::widgets: Updating battery label: ⚡ 20%
2026-07-13T21:15:02+00:00 machine gtk-status-bar[1205]: 2026-07-13T21:15:02.446903Z DEBUG gtk_status_bar::widgets: 👁️  SHOWING battery widget - data: ⚡ 20%
2026-07-13T21:15:02+00:00 machine gtk-status-bar[1205]: 2026-07-13T21:15:02.446926Z DEBUG gtk_status_bar::widgets: Updating battery label: 🪫 20%
2026-07-13T21:15:02+00:00 machine gtk-status-bar[1205]: 2026-07-13T21:15:02.446954Z DEBUG gtk_status_bar::widgets: 👁️  SHOWING battery widget - data: 🪫 20%
2026-07-13T21:15:02+00:00 machine gtk-status-bar[1205]: 2026-07-13T21:15:02.840059Z  INFO gtk_status_bar::network: Network reachability probe completed target=198.51.100.1 success=false elapsed_ms=14
2026-07-13T21:15:02+00:00 machine gtk-status-bar[1205]: 2026-07-13T21:15:02.840148Z DEBUG gtk_status_bar::network: Sent network update label="\u{f091f} 28% \u{f0ac}"
2026-07-13T21:15:02+00:00 machine gtk-status-bar[1205]: 2026-07-13T21:15:02.862299Z DEBUG gtk_status_bar::widgets: Updating network label: 󰤟 28% 
2026-07-13T21:15:03+00:00 machine gtk-status-bar[1205]: 2026-07-13T21:15:03.001831Z DEBUG gtk_status_bar::widgets: Updating time label:  9:15 PM
2026-07-13T21:15:04+00:00 machine gtk-status-bar[1205]: 2026-07-13T21:15:04.002909Z DEBUG gtk_status_bar::widgets: Updating time label:  9:15 PM
2026-07-13T21:15:04+00:00 machine gtk-status-bar[1205]: 2026-07-13T21:15:04.258770Z  INFO gtk_status_bar::network: Network reachability probe completed target=198.51.100.1 success=false elapsed_ms=19
2026-07-13T21:15:04+00:00 machine gtk-status-bar[1205]: 2026-07-13T21:15:04.258836Z DEBUG gtk_status_bar::network: Sent network update label="\u{f091f} 28% \u{f0ac}"
2026-07-13T21:15:04+00:00 machine gtk-status-bar[1205]: 2026-07-13T21:15:04.259292Z DEBUG gtk_status_bar::widgets: Updating network label: 󰤟 28% 
2026-07-13T21:15:04+00:00 machine gtk-status-bar[1205]: 2026-07-13T21:15:04.878606Z  INFO gtk_status_bar::network: Network reachability probe completed target=192.0.2.1 success=true elapsed_ms=12
2026-07-13T21:15:04+00:00 machine gtk-status-bar[1205]: 2026-07-13T21:15:04.878659Z DEBUG gtk_status_bar::network: Sent network update label="\u{f091f} 28% \u{f0ac}"
2026-07-13T21:15:04+00:00 machine gtk-status-bar[1205]: 2026-07-13T21:15:04.889342Z DEBUG gtk_status_bar::widgets: Updating network label: 󰤟 28% 
2026-07-13T21:15:05+00:00 machine gtk-status-bar[1205]: 2026-07-13T21:15:05.001455Z DEBUG gtk_status_bar::widgets: Updating time label:  9:15 PM
2026-07-13T21:15:05+00:00 machine gtk-status-bar[1205]: 2026-07-13T21:15:05.141247Z  INFO gtk_status_bar::network: Network reachability probe completed target=198.51.100.1 success=false elapsed_ms=16
2026-07-13T21:15:05+00:00 machine gtk-status-bar[1205]: 2026-07-13T21:15:05.141310Z DEBUG gtk_status_bar::network: Sent network update label="\u{f091f} 28% \u{f0ac}"
2026-07-13T21:15:05+00:00 machine gtk-status-bar[1205]: 2026-07-13T21:15:05.141534Z DEBUG gtk_status_bar::widgets: Updating network label: 󰤟 28% 
2026-07-13T21:15:05+00:00 machine gtk-status-bar[1205]: 2026-07-13T21:15:05.161951Z DEBUG gtk_status_bar::dbus: Got an event in event stream: Msg { type: Signal, serial: 27, sender: UniqueName(":1.5"), path: ObjectPath("/org/freedesktop/UPower/devices/battery_BAT0"), iface: InterfaceName("org.freedesktop.DBus.Properties"), member: MemberName("PropertiesChanged"), body: Structure(Dynamic { fields: [Str, Dict { key: Dynamic { child: Str }, value: Dynamic { child: Variant } }, Array(Dynamic { child: Str })] }), fds: [] }
2026-07-13T21:15:05+00:00 machine gtk-status-bar[1205]: 2026-07-13T21:15:05.161999Z DEBUG gtk_status_bar::dbus: Dbus monitor: Received D-Bus message from path: Some(ObjectPath("/org/freedesktop/UPower/devices/battery_BAT0")), interface: Some(InterfaceName("org.freedesktop.DBus.Properties")), member: Some(MemberName("PropertiesChanged"))
2026-07-13T21:15:05+00:00 machine gtk-status-bar[1205]: 2026-07-13T21:15:05.162031Z  INFO gtk_status_bar::dbus: Dbus monitor: Received signal
2026-07-13T21:15:05+00:00 machine gtk-status-bar[1205]: 2026-07-13T21:15:05.162060Z  INFO gtk_status_bar::dbus: Dbus monitor: Received PropertiesChanged signal
2026-07-13T21:15:05+00:00 machine gtk-status-bar[1205]: 2026-07-13T21:15:05.162105Z DEBUG gtk_status_bar::dbus: Battery device properties contain no State property
2026-07-13T21:15:05+00:00 machine gtk-status-bar[1205]: 2026-07-13T21:15:05.162125Z  INFO gtk_status_bar::dbus: Battery percentage changed to 100.0%
2026-07-13T21:15:05+00:00 machine gtk-status-bar[1205]: 2026-07-13T21:15:05.162162Z DEBUG gtk_status_bar::dbus: Got an event in event stream: Msg { type: Signal, serial: 28, sender: UniqueName(":1.5"), path: ObjectPath("/org/freedesktop/UPower/devices/battery_BAT0"), iface: InterfaceName("org.freedesktop.DBus.Properties"), member: MemberName("PropertiesChanged"), body: Structure(Dynamic { fields: [Str, Dict { key: Dynamic { child: Str }, value: Dynamic { child: Variant } }, Array(Dynamic { child: Str })] }), fds: [] }
2026-07-13T21:15:05+00:00 machine gtk-status-bar[1205]: 2026-07-13T21:15:05.162185Z DEBUG gtk_status_bar::dbus: Dbus monitor: Received D-Bus message from path: Some(ObjectPath("/org/freedesktop/UPower/devices/battery_BAT0")), interface: Some(InterfaceName("org.freedesktop.DBus.Properties")), member: Some(MemberName("PropertiesChanged"))
2026-07-13T21:15:05+00:00 machine gtk-status-bar[1205]: 2026-07-13T21:15:05.162933Z DEBUG gtk_status_bar::widgets: Updating battery label: 🔋 100%
2026-07-13T21:15:05+00:00 machine gtk-status-bar[1205]: 2026-07-13T21:15:05.163027Z DEBUG gtk_status_bar::widgets: 👁️  SHOWING battery widget - data: 🔋 100%
2026-07-13T21:15:05+00:00 machine gtk-status-bar[1205]: 2026-07-13T21:15:05.217525Z  INFO gtk_status_bar::dbus: Dbus monitor: Received signal
2026-07-13T21:15:05+00:00 machine gtk-status-bar[1205]: 2026-07-13T21:15:05.217578Z  INFO gtk_status_bar::dbus: Dbus monitor: Received PropertiesChanged signal
2026-07-13T21:15:05+00:00 machine gtk-status-bar[1205]: 2026-07-13T21:15:05.217620Z  INFO gtk_status_bar::dbus: Battery is fully charged (state: 4)
2026-07-13T21:15:05+00:00 machine gtk-status-bar[1205]: 2026-07-13T21:15:05.217636Z DEBUG gtk_status_bar::dbus: Battery device properties contain no Percentage property
2026-07-13T21:15:05+00:00 machine gtk-status-bar[1205]: 2026-07-13T21:15:05.217917Z DEBUG gtk_status_bar::widgets: Updating battery label: 🔌 100%
2026-07-13T21:15:05+00:00 machine gtk-status-bar[1205]: 2026-07-13T21:15:05.218021Z DEBUG gtk_status_bar::widgets: 👁️  SHOWING battery widget - data: 🔌 100%
2026-07-13T21:15:05+00:00 machine gtk-status-bar[1205]: 2026-07-13T21:15:05.413026Z  INFO gtk_status_bar::network: Network reachability probe completed target=192.0.2.1 success=true elapsed_ms=26
2026-07-13T21:15:05+00:00 machine gtk-status-bar[1205]: 2026-07-13T21:15:05.413120Z DEBUG gtk_status_bar::network: Sent network update label="\u{f091f} 28% \u{f0ac}"
2026-07-13T21:15:05+00:00 machine gtk-status-bar[1205]: 2026-07-13T21:15:05.413275Z DEBUG gtk_status_bar::widgets: Updating network label: 󰤟 28% 
2026-07-13T21:15:05+00:00 machine gtk-status-bar[1205]: 2026-07-13T21:15:05.815476Z  INFO gtk_status_bar::network: Network reachability probe completed target=198.51.100.1 success=false elapsed_ms=19
2026-07-13T21:15:05+00:00 machine gtk-status-bar[1205]: 2026-07-13T21:15:05.815563Z DEBUG gtk_status_bar::network: Sent network update label="\u{f091f} 28% \u{f0ac}"
2026-07-13T21:15:05+00:00 machine gtk-status-bar[1205]: 2026-07-13T21:15:05.816120Z DEBUG gtk_status_bar::widgets: Updating network label: 󰤟 28% 
2026-07-13T21:15:06+00:00 machine gtk-status-bar[1205]: 2026-07-13T21:15:06.001656Z DEBUG gtk_status_bar::widgets: Updating time label:  9:15 PM
2026-07-13T21:15:06+00:00 machine gtk-status-bar[1205]: 2026-07-13T21:15:06.340894Z  INFO gtk_status_bar::network: Network reachability probe completed target=192.0.2.1 success=true elapsed_ms=17
2026-07-13T21:15:06+00:00 machine gtk-status-bar[1205]: 2026-07-13T21:15:06.340943Z DEBUG gtk_status_bar::network: Sent network update label="\u{f091f} 28% \u{f0ac}"
2026-07-13T21:15:06+00:00 machine gtk-status-bar[1205]: 2026-07-13T21:15:06.341185Z DEBUG gtk_status_bar::widgets: Updating network label: 󰤟 28% 
2026-07-13T21:15:07+00:00 machine gtk-status-bar[1205]: 2026-07-13T21:15:07.002162Z DEBUG gtk_status_bar::widgets: Updating time label:  9:15 PM
2026-07-13T21:15:07+00:00 machine gtk-status-bar[1205]: 2026-07-13T21:15:07.866633Z DEBUG gtk_status_bar::dbus: Got an event in event stream: Msg { type: Signal, serial: 32, sender: UniqueName(":1.5"), path: ObjectPath("/org/freedesktop/UPower/devices/battery_BAT0"), iface: InterfaceName("org.freedesktop.DBus.Properties"), member: MemberName("PropertiesChanged"), body: Structure(Dynamic { fields: [Str, Dict { key: Dynamic { child: Str }, value: Dynamic { child: Variant } }, Array(Dynamic { child: Str })] }), fds: [] }
2026-07-13T21:15:07+00:00 machine gtk-status-bar[1205]: 2026-07-13T21:15:07.866667Z DEBUG gtk_status_bar::dbus: Dbus monitor: Received D-Bus message from path: Some(ObjectPath("/org/freedesktop/UPower/devices/battery_BAT0")), interface: Some(InterfaceName("org.freedesktop.DBus.Properties")), member: Some(MemberName("PropertiesChanged"))
2026-07-13T21:15:07+00:00 machine gtk-status-bar[1205]: 2026-07-13T21:15:07.866685Z  INFO gtk_status_bar::dbus: Dbus monitor: Received signal
2026-07-13T21:15:07+00:00 machine gtk-status-bar[1205]: 2026-07-13T21:15:07.866700Z  INFO gtk_status_bar::dbus: Dbus monitor: Received PropertiesChanged signal
2026-07-13T21:15:07+00:00 machine gtk-status-bar[1205]: 2026-07-13T21:15:07.866770Z DEBUG gtk_status_bar::dbus: Battery device properties contain no State property
2026-07-13T21:15:07+00:00 machine gtk-status-bar[1205]: 2026-07-13T21:15:07.866785Z  INFO gtk_status_bar::dbus: Battery percentage changed to 79.5%
2026-07-13T21:15:07+00:00 machine gtk-status-bar[1205]: 2026-07-13T21:15:07.866820Z DEBUG gtk_status_bar::dbus: Got an event in event stream: Msg { type: Signal, serial: 33, sender: UniqueName(":1.5"), path: ObjectPath("/org/freedesktop/UPower/devices/battery_BAT0"), iface: InterfaceName("org.freedesktop.DBus.Properties"), member: MemberName("PropertiesChanged"), body: Structure(Dynamic { fields: [Str, Dict { key: Dynamic { child: Str }, value: Dynamic { child: Variant } }, Array(Dynamic { child: Str })] }), fds: [] }
2026-07-13T21:15:07+00:00 machine gtk-status-bar[1205]: 2026-07-13T21:15:07.866840Z DEBUG gtk_status_bar::dbus: Dbus monitor: Received D-Bus message from path: Some(ObjectPath("/org/freedesktop/UPower/devices/battery_BAT0")), interface: Some(InterfaceName("org.freedesktop.DBus.Properties")), member: Some(MemberName("PropertiesChanged"))
2026-07-13T21:15:07+00:00 machine gtk-status-bar[1205]: 2026-07-13T21:15:07.866855Z  INFO gtk_status_bar::dbus: Dbus monitor: Received signal
2026-07-13T21:15:07+00:00 machine gtk-status-bar[1205]: 2026-07-13T21:15:07.866869Z  INFO gtk_status_bar::dbus: Dbus monitor: Received PropertiesChanged signal
2026-07-13T21:15:07+00:00 machine gtk-status-bar[1205]: 2026-07-13T21:15:07.866889Z  INFO gtk_status_bar::dbus: Battery is discharging (state: 2)
2026-07-13T21:15:07+00:00 machine gtk-status-bar[1205]: 2026-07-13T21:15:07.866904Z DEBUG gtk_status_bar::dbus: Battery device properties contain no Percentage property
2026-07-13T21:15:07+00:00 machine gtk-status-bar[1205]: 2026-07-13T21:15:07.867009Z DEBUG gtk_status_bar::widgets: Updating battery label: 🔌 80%
2026-07-13T21:15:07+00:00 machine gtk-status-bar[1205]: 2026-07-13T21:15:07.867113Z DEBUG gtk_status_bar::widgets: 👁️  SHOWING battery widget - data: 🔌 80%
2026-07-13T21:15:07+00:00 machine gtk-status-bar[1205]: 2026-07-13T21:15:07.867138Z DEBUG gtk_status_bar::widgets: Updating battery label: 🔋 80%
2026-07-13T21:15:07+00:00 machine gtk-status-bar[1205]: 2026-07-13T21:15:07.867166Z DEBUG gtk_status_bar::widgets: 👁️  SHOWING battery widget - data: 🔋 80%
2026-07-13T21:15:08+00:00 machine gtk-status-bar[1205]: 2026-07-13T21:15:08.000678Z DEBUG gtk_status_bar::widgets: Updating time label:  9:15 PM
2026-07-13T21:15:08+00:00 machine gtk-status-bar[1205]: 2026-07-13T21:15:08.342474Z  INFO gtk_status_bar::network: Network reachability probe completed target=192.0.2.1 success=true elapsed_ms=26
2026-07-13T21:15:08+00:00 machine gtk-status-bar[1205]: 2026-07-13T21:15:08.342560Z DEBUG gtk_status_bar::network: Sent network update label="\u{f091f} 28% \u{f0ac}"
2026-07-13T21:15:08+00:00 machine gtk-status-bar[1205]: 2026-07-13T21:15:08.343212Z DEBUG gtk_status_bar::widgets: Updating network label: 󰤟 28% 
2026-07-13T21:15:09+00:00 machine gtk-status-bar[1205]: 2026-07-13T21:15:09.002258Z DEBUG gtk_status_bar::widgets: Updating time label:  9:15 PM
2026-07-13T21:15:09+00:00 machine gtk-status-bar[1205]: 2026-07-13T21:15:09.209432Z  INFO gtk_status_bar::network: Network reachability probe completed target=198.51.100.1 success=false elapsed_ms=13
2026-07-13T21:15:09+00:00 machine gtk-status-bar[1205]: 2026-07-13T21:15:09.209489Z DEBUG gtk_status_bar::network: Sent network update label="\u{f091f} 28% \u{f0ac}"
2026-07-13T21:15:09+00:00 machine gtk-status-bar[1205]: 2026-07-13T21:15:09.209674Z DEBUG gtk_status_bar::widgets: Updating network label: 󰤟 28% 
2026-07-13T21:15:10+00:00 machine gtk-status-bar[1205]: 2026-07-13T21:15:10.001975Z DEBUG gtk_status_bar::widgets: Updating time label:  9:15 PM
2026-07-13T21:15:10+00:00 machine gtk-status-bar[1205]: 2026-07-13T21:15:10.396080Z  INFO gtk_status_bar::network: Network reachability probe completed target=192.0.2.1 success=true elapsed_ms=11
2026-07-13T21:15:10+00:00 machine gtk-status-bar[1205]: 2026-07-13T21:15:10.396130Z DEBUG gtk_status_bar::network: Sent network update label="\u{f091f} 28% \u{f0ac}"
2026-07-13T21:15:10+00:00 machine gtk-status-bar[1205]: 2026-07-13T21:15:10.396307Z DEBUG gtk_status_bar::widgets: Updating network label: 󰤟 28% 
2026-07-13T21:15:11+00:00 machine gtk-status-bar[1205]: 2026-07-13T21:15:11.002315Z DEBUG gtk_status_bar::widgets: Updating time label:  9:15 PM
2026-07-13T21:15:11+00:00 machine gtk-status-bar[1205]: 2026-07-13T21:15:11.013528Z  INFO gtk_status_bar::network: Network reachability probe completed target=198.51.100.1 success=false elapsed_ms=17
2026-07-13T21:15:11+00:00 machine gtk-status-bar[1205]: 2026-07-13T21:15:11.013576Z DEBUG gtk_status_bar::network: Sent network update label="\u{f091f} 28% \u{f0ac}"
2026-07-13T21:15:11+00:00 machine gtk-status-bar[1205]: 2026-07-13T21:15:11.013824Z DEBUG gtk_status_bar::widgets: Updating network label: 󰤟 28% 
2026-07-13T21:15:12+00:00 machine gtk-status-bar[1205]: 2026-07-13T21:15:12.001643Z DEBUG gtk_status_bar::widgets: Updating time label:  9:15 PM
2026-07-13T21:15:12+00:00 machine gtk-status-bar[1205]: 2026-07-13T21:15:12.018897Z  INFO gtk_status_bar::network: Network reachability probe completed target=192.0.2.1 success=true elapsed_ms=15
2026-07-13T21:15:12+00:00 machine gtk-status-bar[1205]: 2026-07-13T21:15:12.018951Z DEBUG gtk_status_bar::network: Sent network update label="\u{f091f} 28% \u{f0ac}"
2026-07-13T21:15:12+00:00 machine gtk-status-bar[1205]: 2026-07-13T21:15:12.019118Z DEBUG gtk_status_bar::widgets: Updating network label: 󰤟 28% 
2026-07-13T21:15:13+00:00 machine gtk-status-bar[1205]: 2026-07-13T21:15:13.001933Z DEBUG gtk_status_bar::widgets: Updating time label:  9:15 PM
2026-07-13T21:15:13+00:00 machine gtk-status-bar[1205]: 2026-07-13T21:15:13.205788Z DEBUG gtk_status_bar::dbus: Got an event in event stream: Msg { type: Signal, serial: 108, sender: UniqueName(":1.6"), path: ObjectPath("/"), iface: InterfaceName("org.freedesktop.DBus.ObjectManager"), member: MemberName("InterfacesAdded"), body: Structure(Dynamic { fields: [ObjectPath, Dict { key: Dynamic { child: Str }, value: Dynamic { child: Dict { key: Dynamic { child: Str }, value: Dynamic { child: Variant } } } }] }), fds: [] }
2026-07-13T21:15:13+00:00 machine gtk-status-bar[1205]: 2026-07-13T21:15:13.206961Z DEBUG gtk_status_bar::dbus: Dbus monitor: Received D-Bus message from path: Some(ObjectPath("/")), interface: Some(InterfaceName("org.freedesktop.DBus.ObjectManager")), member: Some(MemberName("InterfacesAdded"))
2026-07-13T21:15:13+00:00 machine gtk-status-bar[1205]: 2026-07-13T21:15:13.207033Z  INFO gtk_status_bar::dbus: Dbus monitor: Received signal
2026-07-13T21:15:13+00:00 machine gtk-status-bar[1205]: 2026-07-13T21:15:13.207079Z  INFO gtk_status_bar::dbus: Dbus monitor: Received InterfacesAdded signal from ObjectManager
2026-07-13T21:15:13+00:00 machine gtk-status-bar[1205]: 2026-07-13T21:15:13.207222Z DEBUG gtk_status_bar::dbus: Available interfaces in InterfacesAdded: [Str("org.bluez.Device1")]
2026-07-13T21:15:13+00:00 machine gtk-status-bar[1205]: 2026-07-13T21:15:13.207317Z DEBUG gtk_status_bar::dbus: Found Device1 interface properties: Dict { map: {Str("Adapter"): Value(ObjectPath(ObjectPath("/org/bluez/hci0"))), Str("Address"): Value(Str("AA:BB:CC:DD:EE:03")), Str("AddressType"): Value(Str("public")), Str("AdvertisingData"): Value(Array(Array { elements: [], signature: Array(Dynamic { child: Dict { key: Dynamic { child: U8 }, value: Dynamic { child: Variant } } }) })), Str("AdvertisingFlags"): Value(Array(Array { elements: [], signature: Array(Dynamic { child: Array(Dynamic { child: U8 }) }) })), Str("Alias"): Value(Str("🎧 Sony")), Str("Appearance"): Value(U16(0)), Str("Blocked"): Value(Bool(false)), Str("Class"): Value(U32(5898764)), Str("Connected"): Value(Bool(false)), Str("Icon"): Value(Str("phone")), Str("LegacyPairing"): Value(Bool(false)), Str("ManufacturerData"): Value(Array(Array { elements: [], signature: Array(Dynamic { child: Dict { key: Dynamic { child: U16 }, value: Dynamic { child: Variant } } }) })), Str("Modalias"): Value(Str("bluetooth:v000Fp1200d1436")), Str("Name"): Value(Str("🎧 Sony")), Str("Paired"): Value(Bool(false)), Str("RSSI"): Value(I16(-79)), Str("ServiceData"): Value(Array(Array { elements: [], signature: Array(Dynamic { child: Dict { key: Dynamic { child: Str }, value: Dynamic { child: Variant } } }) })), Str("ServicesResolved"): Value(Bool(false)), Str("Trusted"): Value(Bool(false)), Str("TxPower"): Value(I16(0)), Str("UUIDs"): Value(Array(Array { elements: [], signature: Array(Dynamic { child: Str }) })), Str("WakeAllowed"): Value(Bool(false))}, signature: Dict { key: Dynamic { child: Str }, value: Dynamic { child: Variant } } }
2026-07-13T21:15:13+00:00 machine gtk-status-bar[1205]: 2026-07-13T21:15:13.207401Z DEBUG gtk_status_bar::dbus: Found Bluetooth device name: 🎧 Sony
2026-07-13T21:15:13+00:00 machine gtk-status-bar[1205]: 2026-07-13T21:15:13.207445Z  INFO gtk_status_bar::dbus: Created new device /org/bluez/hci0/dev_AA_BB_CC_DD_EE_03 with name: Some("🎧 Sony")
2026-07-13T21:15:13+00:00 machine gtk-status-bar[1205]: 2026-07-13T21:15:13.207499Z DEBUG gtk_status_bar::dbus: Not a device with org.bluez.Battery1 interface
2026-07-13T21:15:13+00:00 machine gtk-status-bar[1205]: 2026-07-13T21:15:13.210238Z DEBUG gtk_status_bar::widgets: Updating Bluetooth battery label: P80
2026-07-13T21:15:13+00:00 machine gtk-status-bar[1205]: 2026-07-13T21:15:13.210335Z DEBUG gtk_status_bar::widgets: 👁️  SHOWING Bluetooth widget - data: P80
2026-07-13T21:15:13+00:00 machine gtk-status-bar[1205]: 2026-07-13T21:15:13.657011Z  INFO gtk_status_bar::network: Network reachability probe completed target=198.51.100.1 success=false elapsed_ms=10
2026-07-13T21:15:13+00:00 machine gtk-status-bar[1205]: 2026-07-13T21:15:13.657097Z DEBUG gtk_status_bar::network: Sent network update label="\u{f091f} 28% \u{f0ac}"
2026-07-13T21:15:13+00:00 machine gtk-status-bar[1205]: 2026-07-13T21:15:13.657845Z DEBUG gtk_status_bar::widgets: Updating network label: 󰤟 28% 
2026-07-13T21:15:13+00:00 machine gtk-status-bar[2939]: 2026-07-13T21:15:13.815616Z  INFO gtk_status_bar: Starting GTK status bar application
2026-07-13T21:15:13+00:00 machine gtk-status-bar[2939]: 2026-07-13T21:15:13.819397Z  INFO gtk_status_bar: Running GTK application
2026-07-13T21:15:15+00:00 machine gtk-status-bar[2939]: 2026-07-13T21:15:15.427004Z  INFO gtk_status_bar: Activating GTK application
2026-07-13T21:15:15+00:00 machine gtk-status-bar[2939]: 2026-07-13T21:15:15.427807Z DEBUG gtk_status_bar::widgets: Loading CSS styles
2026-07-13T21:15:15+00:00 machine gtk-status-bar[2939]: 2026-07-13T21:15:15.428254Z  INFO gtk_status_bar::widgets: CSS styles loaded successfully
2026-07-13T21:15:15+00:00 machine gtk-status-bar[2939]: 2026-07-13T21:15:15.428272Z DEBUG gtk_status_bar::widgets: Configuring layer shell
2026-07-13T21:15:15+00:00 machine gtk-status-bar[2939]: 2026-07-13T21:15:15.430928Z  INFO gtk_status_bar::widgets: Layer shell configured successfully
2026-07-13T21:15:15+00:00 machine gtk-status-bar[2939]: 2026-07-13T21:15:15.430956Z DEBUG gtk_status_bar::widgets: Creating experimental bar
2026-07-13T21:15:15+00:00 machine gtk-status-bar[2939]: 2026-07-13T21:15:15.431038Z DEBUG gtk_status_bar::widgets: Creating left group
2026-07-13T21:15:15+00:00 machine gtk-status-bar[2939]: 2026-07-13T21:15:15.431100Z DEBUG gtk_status_bar::widgets: Creating workspace widget
2026-07-13T21:15:15+00:00 machine gtk-status-bar[2939]: 2026-07-13T21:15:15.431388Z DEBUG gtk_status_bar::widgets: Creating workspace client strip
2026-07-13T21:15:15+00:00 machine gtk-status-bar[2939]: 2026-07-13T21:15:15.431489Z DEBUG gtk_status_bar::widgets: Creating right group
2026-07-13T21:15:15+00:00 machine gtk-status-bar[2939]: 2026-07-13T21:15:15.431526Z DEBUG gtk_status_bar::widgets: Creating system tray widget
2026-07-13T21:15:15+00:00 machine gtk-status-bar[2939]: 2026-07-13T21:15:15.431557Z DEBUG gtk_status_bar::widgets: Creating bluetooth widget
2026-07-13T21:15:15+00:00 machine gtk-status-bar[2939]: 2026-07-13T21:15:15.431602Z DEBUG gtk_status_bar::widgets: Creating volume widget
2026-07-13T21:15:15+00:00 machine gtk-status-bar[2939]: 2026-07-13T21:15:15.431644Z DEBUG gtk_status_bar::widgets: Creating network widget
2026-07-13T21:15:15+00:00 machine gtk-status-bar[2939]: 2026-07-13T21:15:15.431685Z DEBUG gtk_status_bar::widgets: Creating battery widget
2026-07-13T21:15:15+00:00 machine gtk-status-bar[2939]: 2026-07-13T21:15:15.431777Z DEBUG gtk_status_bar::widgets: Creating time widget
2026-07-13T21:15:16+00:00 machine gtk-status-bar[2939]: 2026-07-13T21:15:16.052061Z DEBUG gtk_status_bar::widgets: Setting up time widget updates
2026-07-13T21:15:16+00:00 machine gtk-status-bar[2939]: 2026-07-13T21:15:16.052131Z DEBUG gtk_status_bar::widgets: Updating time label:  9:15 PM
2026-07-13T21:15:16+00:00 machine gtk-status-bar[2939]: 2026-07-13T21:15:16.052184Z DEBUG gtk_status_bar::widgets: Setting up system tray updates
2026-07-13T21:15:16+00:00 machine gtk-status-bar[2939]: 2026-07-13T21:15:16.052227Z DEBUG gtk_status_bar::widgets: Setting up workspace updates
2026-07-13T21:15:16+00:00 machine gtk-status-bar[2939]: 2026-07-13T21:15:16.052266Z DEBUG gtk_status_bar::widgets: Setting up workspace client updates
2026-07-13T21:15:16+00:00 machine gtk-status-bar[2939]: 2026-07-13T21:15:16.052303Z DEBUG gtk_status_bar::widgets: Setting up battery updates
2026-07-13T21:15:16+00:00 machine gtk-status-bar[2939]: 2026-07-13T21:15:16.052337Z DEBUG gtk_status_bar::widgets: Setting up Bluetooth battery updates
2026-07-13T21:15:16+00:00 machine gtk-status-bar[2939]: 2026-07-13T21:15:16.052373Z DEBUG gtk_status_bar::widgets: Setting up network updates
2026-07-13T21:15:16+00:00 machine gtk-status-bar[2939]: 2026-07-13T21:15:16.052407Z DEBUG gtk_status_bar::widgets: Setting up volume updates with tokio async channels
2026-07-13T21:15:16+00:00 machine gtk-status-bar[2939]: 2026-07-13T21:15:16.052596Z  INFO gtk_status_bar: Application activated successfully
2026-07-13T21:15:16+00:00 machine gtk-status-bar[2939]: 2026-07-13T21:15:16.052637Z DEBUG gtk_status_bar::pw: 🔧 Initializing PipeWire on dedicated thread...
2026-07-13T21:15:16+00:00 machine gtk-status-bar[2939]: 2026-07-13T21:15:16.052661Z DEBUG gtk_status_bar::pw: 📋 Created device tracking HashMap for (node_name, description, volume, channel, mute)
2026-07-13T21:15:16+00:00 machine gtk-status-bar[2939]: 2026-07-13T21:15:16.053183Z DEBUG gtk_status_bar::widgets: 🚀 Starting async volume update loop...
2026-07-13T21:15:16+00:00 machine gtk-status-bar[2939]: 2026-07-13T21:15:16.058434Z DEBUG gtk_status_bar::pw: ✅ PipeWire initialized
2026-07-13T21:15:16+00:00 machine gtk-status-bar[2939]: 2026-07-13T21:15:16.058490Z DEBUG gtk_status_bar::pw: ✅ ThreadLoop created
2026-07-13T21:15:16+00:00 machine gtk-status-bar[2939]: 2026-07-13T21:15:16.063357Z DEBUG gtk_status_bar::widgets: Pinning bar height to font-derived line height char_height=18 multiplier=1.4 pinned=25
2026-07-13T21:15:16+00:00 machine gtk-status-bar[2939]: 2026-07-13T21:15:16.109895Z  INFO gtk_status_bar::hypr: 🔌 Starting workspace event listener
2026-07-13T21:15:16+00:00 machine gtk-status-bar[2939]: 2026-07-13T21:15:16.109930Z  INFO gtk_status_bar::dbus: 🔌 Starting D-Bus monitor
2026-07-13T21:15:16+00:00 machine gtk-status-bar[2939]: 2026-07-13T21:15:16.109939Z DEBUG gtk_status_bar::hypr: Setting up workspace event listener
2026-07-13T21:15:16+00:00 machine gtk-status-bar[2939]: 2026-07-13T21:15:16.109959Z  INFO gtk_status_bar::dbus: Starting D-Bus monitoring task
2026-07-13T21:15:16+00:00 machine gtk-status-bar[2939]: 2026-07-13T21:15:16.109992Z  INFO gtk_status_bar::tray: 🔌 Starting system tray backend
2026-07-13T21:15:16+00:00 machine gtk-status-bar[2939]: 2026-07-13T21:15:16.110063Z  INFO gtk_status_bar::hypr: 🔌 Starting title event listener
2026-07-13T21:15:16+00:00 machine gtk-status-bar[2939]: 2026-07-13T21:15:16.110085Z DEBUG gtk_status_bar::hypr: Setting up title event listener
2026-07-13T21:15:16+00:00 machine gtk-status-bar[2939]: 2026-07-13T21:15:16.110137Z  INFO gtk_status_bar: Starting tray IPC server
2026-07-13T21:15:16+00:00 machine gtk-status-bar[2939]: 2026-07-13T21:15:16.110281Z  INFO gtk_status_bar::network: Starting network monitor
2026-07-13T21:15:16+00:00 machine gtk-status-bar[2939]: 2026-07-13T21:15:16.111272Z  INFO tray_ipc: Tray IPC server is listening path=/run/user/1000/gtk-status-bar/tray.sock
2026-07-13T21:15:16+00:00 machine gtk-status-bar[2939]: 2026-07-13T21:15:16.111946Z  INFO gtk_status_bar::hypr: Starting workspace event listener
2026-07-13T21:15:16+00:00 machine gtk-status-bar[2939]: 2026-07-13T21:15:16.112461Z  INFO gtk_status_bar::hypr: Starting title event listener
2026-07-13T21:15:16+00:00 machine gtk-status-bar[2939]: 2026-07-13T21:15:16.116354Z DEBUG gtk_status_bar::dbus: 🔌 Registered battery match rule
2026-07-13T21:15:16+00:00 machine gtk-status-bar[2939]: 2026-07-13T21:15:16.117134Z DEBUG gtk_status_bar::dbus: 🔌 Registered bluez PropertiesChanged match rule
2026-07-13T21:15:16+00:00 machine gtk-status-bar[2939]: 2026-07-13T21:15:16.117893Z DEBUG gtk_status_bar::dbus: 🔌 Registered bluez InterfacesAdded match rule
2026-07-13T21:15:16+00:00 machine gtk-status-bar[2939]: 2026-07-13T21:15:16.118297Z DEBUG gtk_status_bar::dbus: 🔌 Registered bluez InterfacesRemoved match rule
2026-07-13T21:15:16+00:00 machine gtk-status-bar[2939]: 2026-07-13T21:15:16.119340Z  INFO gtk_status_bar::dbus: No battery detected initially (likely desktop system): org.freedesktop.DBus.Error.UnknownMethod: Method "Get" with signature "ss" on interface "org.freedesktop.DBus.Properties" doesn't exist
2026-07-13T21:15:16+00:00 machine gtk-status-bar[2939]: 2026-07-13T21:15:16.120107Z  INFO gtk_status_bar::dbus: No battery state detected initially (likely desktop system): org.freedesktop.DBus.Error.UnknownMethod: Method "Get" with signature "ss" on interface "org.freedesktop.DBus.Properties" doesn't exist
2026-07-13T21:15:16+00:00 machine gtk-status-bar[2939]: 2026-07-13T21:15:16.120127Z DEBUG gtk_status_bar::dbus: Using empty battery text
2026-07-13T21:15:16+00:00 machine gtk-status-bar[2939]: 2026-07-13T21:15:16.124235Z  INFO gtk_status_bar::tray: Serving StatusNotifierWatcher for tray applications
2026-07-13T21:15:16+00:00 machine gtk-status-bar[2939]: 2026-07-13T21:15:16.124484Z  INFO gtk_status_bar::dbus: Found 5 Bluetooth objects
2026-07-13T21:15:16+00:00 machine gtk-status-bar[2939]: 2026-07-13T21:15:16.124509Z  INFO gtk_status_bar::dbus: Found Bluetooth device with battery at: /org/bluez/hci0/dev_AA_BB_CC_DD_EE_02
2026-07-13T21:15:16+00:00 machine gtk-status-bar[2939]: 2026-07-13T21:15:16.124526Z  INFO gtk_status_bar::dbus: Bluetooth device battery at 42%
2026-07-13T21:15:16+00:00 machine gtk-status-bar[2939]: 2026-07-13T21:15:16.124542Z DEBUG gtk_status_bar::dbus: Added device /org/bluez/hci0/dev_AA_BB_CC_DD_EE_02 to HashMap (has_battery: true, has_media: false)
2026-07-13T21:15:16+00:00 machine gtk-status-bar[2939]: 2026-07-13T21:15:16.124558Z  INFO gtk_status_bar::dbus: Found Bluetooth device with battery at: /org/bluez/hci0/dev_AA_BB_CC_DD_EE_03
2026-07-13T21:15:16+00:00 machine gtk-status-bar[2939]: 2026-07-13T21:15:16.124572Z  INFO gtk_status_bar::dbus: Bluetooth device battery at 55%
2026-07-13T21:15:16+00:00 machine gtk-status-bar[2939]: 2026-07-13T21:15:16.124587Z DEBUG gtk_status_bar::dbus: Added device /org/bluez/hci0/dev_AA_BB_CC_DD_EE_03 to HashMap (has_battery: true, has_media: false)
2026-07-13T21:15:16+00:00 machine gtk-status-bar[2939]: 2026-07-13T21:15:16.124605Z  INFO gtk_status_bar::dbus: Found Bluetooth device with battery at: /org/bluez/hci0/dev_AA_BB_CC_DD_EE_01
2026-07-13T21:15:16+00:00 machine gtk-status-bar[2939]: 2026-07-13T21:15:16.124620Z  INFO gtk_status_bar::dbus: Bluetooth device battery at 80%
2026-07-13T21:15:16+00:00 machine gtk-status-bar[2939]: 2026-07-13T21:15:16.124635Z DEBUG gtk_status_bar::dbus: Added device /org/bluez/hci0/dev_AA_BB_CC_DD_EE_01 to HashMap (has_battery: true, has_media: false)
2026-07-13T21:15:16+00:00 machine gtk-status-bar[2939]: 2026-07-13T21:15:16.124652Z DEBUG gtk_status_bar::dbus: Initial bluetooth devices: {"/org/bluez/hci0/dev_AA_BB_CC_DD_EE_01": BluetoothDevice { has_battery: true, has_media: false, battery_percentage: Some(80), device_name: Some("Pixel Buds") }, "/org/bluez/hci0/dev_AA_BB_CC_DD_EE_02": BluetoothDevice { has_battery: true, has_media: false, battery_percentage: Some(42), device_name: None }, "/org/bluez/hci0/dev_AA_BB_CC_DD_EE_03": BluetoothDevice { has_battery: true, has_media: false, battery_percentage: Some(55), device_name: Some("🎧 Sony") }}
2026-07-13T21:15:16+00:00 machine gtk-status-bar[2939]: 2026-07-13T21:15:16.124679Z  INFO gtk_status_bar::dbus: Sent initial Bluetooth display: P80 D42 🎧55
2026-07-13T21:15:16+00:00 machine gtk-status-bar[2939]: 2026-07-13T21:15:16.124696Z  INFO gtk_status_bar::dbus: Dbus monitor: Starting to listen for D-Bus messages
2026-07-13T21:15:16+00:00 machine gtk-status-bar[2939]: 2026-07-13T21:15:16.124758Z DEBUG gtk_status_bar::dbus: Got an event in event stream: Msg { type: Error, serial: 39, sender: UniqueName(":1.5"), reply-serial: 19, body: Str, fds: [] }
2026-07-13T21:15:16+00:00 machine gtk-status-bar[2939]: 2026-07-13T21:15:16.124777Z DEBUG gtk_status_bar::dbus: Dbus monitor: Received D-Bus message from path: None, interface: None, member: None
2026-07-13T21:15:16+00:00 machine gtk-status-bar[2939]: 2026-07-13T21:15:16.124800Z ERROR gtk_status_bar::dbus: Dbus monitor: Received message with no path, ignoring
2026-07-13T21:15:16+00:00 machine gtk-status-bar[2939]: 2026-07-13T21:15:16.124817Z DEBUG gtk_status_bar::dbus: Got an event in event stream: Msg { type: Error, serial: 40, sender: UniqueName(":1.5"), reply-serial: 22, body: Str, fds: [] }
2026-07-13T21:15:16+00:00 machine gtk-status-bar[2939]: 2026-07-13T21:15:16.124834Z DEBUG gtk_status_bar::dbus: Dbus monitor: Received D-Bus message from path: None, interface: None, member: None
2026-07-13T21:15:16+00:00 machine gtk-status-bar[2939]: 2026-07-13T21:15:16.124848Z ERROR gtk_status_bar::dbus: Dbus monitor: Received message with no path, ignoring
2026-07-13T21:15:16+00:00 machine gtk-status-bar[2939]: 2026-07-13T21:15:16.124863Z DEBUG gtk_status_bar::dbus: Got an event in event stream: Msg { type: MethodReturn, serial: 113, sender: UniqueName(":1.6"), reply-serial: 23, body: Dict { key: Dynamic { child: ObjectPath }, value: Dynamic { child: Dict { key: Dynamic { child: Str }, value: Dynamic { child: Dict { key: Dynamic { child: Str }, value: Dynamic { child: Variant } } } } } }, fds: [] }
2026-07-13T21:15:16+00:00 machine gtk-status-bar[2939]: 2026-07-13T21:15:16.124881Z DEBUG gtk_status_bar::dbus: Dbus monitor: Received D-Bus message from path: None, interface: None, member: None
2026-07-13T21:15:16+00:00 machine gtk-status-bar[2939]: 2026-07-13T21:15:16.124896Z ERROR gtk_status_bar::dbus: Dbus monitor: Received message with no path, ignoring
2026-07-13T21:15:16+00:00 machine gtk-status-bar[2939]: 2026-07-13T21:15:16.124929Z DEBUG gtk_status_bar::network: Sent network update label="\u{f091f} 28% ?"
2026-07-13T21:15:16+00:00 machine gtk-status-bar[2939]: 2026-07-13T21:15:16.126063Z DEBUG gtk_status_bar::pw: ✅ Context created
2026-07-13T21:15:16+00:00 machine gtk-status-bar[2939]: 2026-07-13T21:15:16.126245Z DEBUG gtk_status_bar::pw: ✅ Core connected
2026-07-13T21:15:16+00:00 machine gtk-status-bar[2939]: 2026-07-13T21:15:16.126265Z DEBUG gtk_status_bar::pw: ✅ Registry obtained
2026-07-13T21:15:16+00:00 machine gtk-status-bar[2939]: 2026-07-13T21:15:16.126280Z DEBUG gtk_status_bar::pw: 🎵 PipeWire ThreadLoop started - monitoring volume changes with default sink filtering
2026-07-13T21:15:16+00:00 machine gtk-status-bar[2939]: 2026-07-13T21:15:16.126402Z DEBUG gtk_status_bar::pw: ✅ ThreadLoop started successfully
2026-07-13T21:15:16+00:00 machine gtk-status-bar[2939]: 2026-07-13T21:15:16.126418Z DEBUG gtk_status_bar::pw: 🔄 PipeWire thread running - async event delivery active...
2026-07-13T21:15:16+00:00 machine gtk-status-bar[2939]: 2026-07-13T21:15:16.128149Z DEBUG gtk_status_bar::widgets: Updating workspace - label: 'Workspace i', color for workspace: 2
2026-07-13T21:15:16+00:00 machine gtk-status-bar[2939]: 2026-07-13T21:15:16.128223Z DEBUG gtk_status_bar::widgets: Updated title widget color to: rgba(125, 207, 255, 0.5) for workspace: 2
2026-07-13T21:15:16+00:00 machine gtk-status-bar[2939]: 2026-07-13T21:15:16.128278Z DEBUG gtk_status_bar::widgets: Updating workspace client strip workspace_id=2 client_count=8
2026-07-13T21:15:16+00:00 machine gtk-status-bar[2939]: 2026-07-13T21:15:16.128296Z DEBUG gtk_status_bar::widgets: Updating client pill address=0x57c07edca530 title="hello" compact_title="hello" class="kitty" active=false
2026-07-13T21:15:16+00:00 machine gtk-status-bar[2939]: 2026-07-13T21:15:16.128316Z DEBUG gtk_status_bar::widgets: Creating client title pill
2026-07-13T21:15:16+00:00 machine gtk-status-bar[2939]: 2026-07-13T21:15:16.131863Z DEBUG gtk_status_bar::pw: 📡 PipeWire connected: pipewire-0
2026-07-13T21:15:16+00:00 machine gtk-status-bar[2939]: 2026-07-13T21:15:16.131904Z DEBUG gtk_status_bar::pw: 🚫 Skipping metadata '' (props: Some(DictRef { flags: Flags(0x0), entries: {"object.serial": "0", "core.name": "pipewire-0"} }))
2026-07-13T21:15:16+00:00 machine gtk-status-bar[2939]: 2026-07-13T21:15:16.131929Z DEBUG gtk_status_bar::pw: 🚫 Skipping metadata '' (props: Some(DictRef { flags: Flags(0x0), entries: {"object.serial": "1", "module.name": "libpipewire-module-rt"} }))
2026-07-13T21:15:16+00:00 machine gtk-status-bar[2939]: 2026-07-13T21:15:16.131952Z DEBUG gtk_status_bar::pw: 🚫 Skipping metadata '' (props: Some(DictRef { flags: Flags(0x0), entries: {"object.serial": "3"} }))
2026-07-13T21:15:16+00:00 machine gtk-status-bar[2939]: 2026-07-13T21:15:16.131974Z DEBUG gtk_status_bar::pw: 🚫 Skipping metadata '' (props: Some(DictRef { flags: Flags(0x0), entries: {"object.serial": "2", "module.name": "libpipewire-module-protocol-native"} }))
2026-07-13T21:15:16+00:00 machine gtk-status-bar[2939]: 2026-07-13T21:15:16.131997Z DEBUG gtk_status_bar::pw: 🚫 Skipping metadata '' (props: Some(DictRef { flags: Flags(0x0), entries: {"object.serial": "5"} }))
2026-07-13T21:15:16+00:00 machine gtk-status-bar[2939]: 2026-07-13T21:15:16.132020Z DEBUG gtk_status_bar::pw: 🚫 Skipping metadata '' (props: Some(DictRef { flags: Flags(0x0), entries: {"object.serial": "4", "module.name": "libpipewire-module-profiler"} }))
2026-07-13T21:15:16+00:00 machine gtk-status-bar[2939]: 2026-07-13T21:15:16.132042Z DEBUG gtk_status_bar::pw: 🚫 Skipping metadata '' (props: Some(DictRef { flags: Flags(0x0), entries: {"object.serial": "6", "module.name": "libpipewire-module-metadata"} }))
2026-07-13T21:15:16+00:00 machine gtk-status-bar[2939]: 2026-07-13T21:15:16.132064Z DEBUG gtk_status_bar::pw: 🚫 Skipping metadata '' (props: Some(DictRef { flags: Flags(0x0), entries: {"object.serial": "7", "module.id": "6", "factory.name": "metadata", "factory.type.name": "PipeWire:Interface:Metadata", "factory.type.version": "3"} }))
2026-07-13T21:15:16+00:00 machine gtk-status-bar[2939]: 2026-07-13T21:15:16.132088Z DEBUG gtk_status_bar::pw: 🚫 Skipping metadata '' (props: Some(DictRef { flags: Flags(0x0), entries: {"object.serial": "8", "module.name": "libpipewire-module-spa-device-factory"} }))
2026-07-13T21:15:16+00:00 machine gtk-status-bar[2939]: 2026-07-13T21:15:16.132110Z DEBUG gtk_status_bar::pw: 🚫 Skipping metadata '' (props: Some(DictRef { flags: Flags(0x0), entries: {"object.serial": "9", "module.id": "8", "factory.name": "spa-device-factory", "factory.type.name": "PipeWire:Interface:Device", "factory.type.version": "3"} }))
2026-07-13T21:15:16+00:00 machine gtk-status-bar[2939]: 2026-07-13T21:15:16.132133Z DEBUG gtk_status_bar::pw: 🚫 Skipping metadata '' (props: Some(DictRef { flags: Flags(0x0), entries: {"object.serial": "10", "module.name": "libpipewire-module-spa-node-factory"} }))
2026-07-13T21:15:16+00:00 machine gtk-status-bar[2939]: 2026-07-13T21:15:16.132155Z DEBUG gtk_status_bar::pw: 🚫 Skipping metadata '' (props: Some(DictRef { flags: Flags(0x0), entries: {"object.serial": "11", "module.id": "10", "factory.name": "spa-node-factory", "factory.type.name": "PipeWire:Interface:Node", "factory.type.version": "3"} }))
2026-07-13T21:15:16+00:00 machine gtk-status-bar[2939]: 2026-07-13T21:15:16.132178Z DEBUG gtk_status_bar::pw: 🚫 Skipping metadata '' (props: Some(DictRef { flags: Flags(0x0), entries: {"object.serial": "12", "module.name": "libpipewire-module-client-node"} }))
2026-07-13T21:15:16+00:00 machine gtk-status-bar[2939]: 2026-07-13T21:15:16.132200Z DEBUG gtk_status_bar::pw: 🚫 Skipping metadata '' (props: Some(DictRef { flags: Flags(0x0), entries: {"object.serial": "13", "module.id": "12", "factory.name": "client-node", "factory.type.name": "PipeWire:Interface:ClientNode", "factory.type.version": "6"} }))
2026-07-13T21:15:16+00:00 machine gtk-status-bar[2939]: 2026-07-13T21:15:16.132224Z DEBUG gtk_status_bar::pw: 🚫 Skipping metadata '' (props: Some(DictRef { flags: Flags(0x0), entries: {"object.serial": "14", "module.name": "libpipewire-module-client-device"} }))
2026-07-13T21:15:16+00:00 machine gtk-status-bar[2939]: 2026-07-13T21:15:16.132247Z DEBUG gtk_status_bar::pw: 🚫 Skipping metadata '' (props: Some(DictRef { flags: Flags(0x0), entries: {"object.serial": "15", "module.id": "14", "factory.name": "client-device", "factory.type.name": "Spa:Pointer:Interface:Device", "factory.type.version": "0"} }))
2026-07-13T21:15:16+00:00 machine gtk-status-bar[2939]: 2026-07-13T21:15:16.132270Z DEBUG gtk_status_bar::pw: 🚫 Skipping metadata '' (props: Some(DictRef { flags: Flags(0x0), entries: {"object.serial": "16", "module.name": "libpipewire-module-portal"} }))
2026-07-13T21:15:16+00:00 machine gtk-status-bar[2939]: 2026-07-13T21:15:16.132291Z DEBUG gtk_status_bar::pw: 🚫 Skipping metadata '' (props: Some(DictRef { flags: Flags(0x0), entries: {"object.serial": "17", "module.name": "libpipewire-module-access"} }))
2026-07-13T21:15:16+00:00 machine gtk-status-bar[2939]: 2026-07-13T21:15:16.132312Z DEBUG gtk_status_bar::pw: 🚫 Skipping metadata '' (props: Some(DictRef { flags: Flags(0x0), entries: {"object.serial": "18", "module.name": "libpipewire-module-adapter"} }))
2026-07-13T21:15:16+00:00 machine gtk-status-bar[2939]: 2026-07-13T21:15:16.132333Z DEBUG gtk_status_bar::pw: 🚫 Skipping metadata '' (props: Some(DictRef { flags: Flags(0x0), entries: {"object.serial": "19", "module.id": "18", "factory.name": "adapter", "factory.type.name": "PipeWire:Interface:Node", "factory.type.version": "3"} }))
2026-07-13T21:15:16+00:00 machine gtk-status-bar[2939]: 2026-07-13T21:15:16.132355Z DEBUG gtk_status_bar::pw: 🚫 Skipping metadata '' (props: Some(DictRef { flags: Flags(0x0), entries: {"object.serial": "20", "module.name": "libpipewire-module-link-factory"} }))
2026-07-13T21:15:16+00:00 machine gtk-status-bar[2939]: 2026-07-13T21:15:16.132377Z DEBUG gtk_status_bar::pw: 🚫 Skipping metadata '' (props: Some(DictRef { flags: Flags(0x0), entries: {"object.serial": "21", "module.id": "20", "factory.name": "link-factory", "factory.type.name": "PipeWire:Interface:Link", "factory.type.version": "3"} }))
2026-07-13T21:15:16+00:00 machine gtk-status-bar[2939]: 2026-07-13T21:15:16.132399Z DEBUG gtk_status_bar::pw: 🚫 Skipping metadata '' (props: Some(DictRef { flags: Flags(0x0), entries: {"object.serial": "22", "module.name": "libpipewire-module-session-manager"} }))
2026-07-13T21:15:16+00:00 machine gtk-status-bar[2939]: 2026-07-13T21:15:16.132421Z DEBUG gtk_status_bar::pw: 🚫 Skipping metadata '' (props: Some(DictRef { flags: Flags(0x0), entries: {"object.serial": "23", "module.id": "22", "factory.name": "client-endpoint", "factory.type.name": "PipeWire:Interface:ClientEndpoint", "factory.type.version": "0"} }))
2026-07-13T21:15:16+00:00 machine gtk-status-bar[2939]: 2026-07-13T21:15:16.132444Z DEBUG gtk_status_bar::pw: 🚫 Skipping metadata '' (props: Some(DictRef { flags: Flags(0x0), entries: {"object.serial": "24", "module.id": "22", "factory.name": "client-session", "factory.type.name": "PipeWire:Interface:ClientSession", "factory.type.version": "0"} }))
2026-07-13T21:15:16+00:00 machine gtk-status-bar[2939]: 2026-07-13T21:15:16.132467Z DEBUG gtk_status_bar::pw: 🚫 Skipping metadata '' (props: Some(DictRef { flags: Flags(0x0), entries: {"object.serial": "25", "module.id": "22", "factory.name": "session", "factory.type.name": "PipeWire:Interface:Session", "factory.type.version": "0"} }))
2026-07-13T21:15:16+00:00 machine gtk-status-bar[2939]: 2026-07-13T21:15:16.132489Z DEBUG gtk_status_bar::pw: 🚫 Skipping metadata '' (props: Some(DictRef { flags: Flags(0x0), entries: {"object.serial": "26", "module.id": "22", "factory.name": "endpoint", "factory.type.name": "PipeWire:Interface:Endpoint", "factory.type.version": "0"} }))
2026-07-13T21:15:16+00:00 machine gtk-status-bar[2939]: 2026-07-13T21:15:16.132511Z DEBUG gtk_status_bar::pw: 🚫 Skipping metadata '' (props: Some(DictRef { flags: Flags(0x0), entries: {"object.serial": "27", "module.id": "22", "factory.name": "endpoint-stream", "factory.type.name": "PipeWire:Interface:EndpointStream", "factory.type.version": "0"} }))
2026-07-13T21:15:16+00:00 machine gtk-status-bar[2939]: 2026-07-13T21:15:16.132533Z DEBUG gtk_status_bar::pw: 🚫 Skipping metadata '' (props: Some(DictRef { flags: Flags(0x0), entries: {"object.serial": "28", "module.id": "22", "factory.name": "endpoint-link", "factory.type.name": "PipeWire:Interface:EndpointLink", "factory.type.version": "0"} }))
2026-07-13T21:15:16+00:00 machine gtk-status-bar[2939]: 2026-07-13T21:15:16.132555Z DEBUG gtk_status_bar::pw: 🚫 Skipping metadata '' (props: Some(DictRef { flags: Flags(0x0), entries: {"object.serial": "29", "module.name": "libpipewire-module-x11-bell"} }))
2026-07-13T21:15:16+00:00 machine gtk-status-bar[2939]: 2026-07-13T21:15:16.132577Z DEBUG gtk_status_bar::pw: 🚫 Skipping metadata '' (props: Some(DictRef { flags: Flags(0x0), entries: {"object.serial": "30", "module.name": "libpipewire-module-jackdbus-detect"} }))
2026-07-13T21:15:16+00:00 machine gtk-status-bar[2939]: 2026-07-13T21:15:16.132598Z DEBUG gtk_status_bar::pw: 🚫 Skipping metadata '' (props: Some(DictRef { flags: Flags(0x0), entries: {"object.serial": "31", "factory.id": "11", "priority.driver": "200000", "node.name": "Dummy-Driver"} }))
2026-07-13T21:15:16+00:00 machine gtk-status-bar[2939]: 2026-07-13T21:15:16.132620Z DEBUG gtk_status_bar::pw: 🔍 Checking node - media.class: None
2026-07-13T21:15:16+00:00 machine gtk-status-bar[2939]: 2026-07-13T21:15:16.132638Z DEBUG gtk_status_bar::pw: 🔍 Node filter result: false for media.class: None
2026-07-13T21:15:16+00:00 machine gtk-status-bar[2939]: 2026-07-13T21:15:16.132658Z DEBUG gtk_status_bar::pw: 🚫 Skipping metadata '' (props: Some(DictRef { flags: Flags(0x0), entries: {"object.serial": "32", "factory.id": "11", "priority.driver": "190000", "node.name": "Freewheel-Driver"} }))
2026-07-13T21:15:16+00:00 machine gtk-status-bar[2939]: 2026-07-13T21:15:16.132682Z DEBUG gtk_status_bar::pw: 🔍 Checking node - media.class: None
2026-07-13T21:15:16+00:00 machine gtk-status-bar[2939]: 2026-07-13T21:15:16.132763Z DEBUG gtk_status_bar::pw: 🔍 Node filter result: false for media.class: None
2026-07-13T21:15:16+00:00 machine gtk-status-bar[2939]: 2026-07-13T21:15:16.132784Z DEBUG gtk_status_bar::pw: 🚫 Skipping metadata 'settings' (props: Some(DictRef { flags: Flags(0x0), entries: {"object.serial": "33", "metadata.name": "settings"} }))
2026-07-13T21:15:16+00:00 machine gtk-status-bar[2939]: 2026-07-13T21:15:16.132821Z DEBUG gtk_status_bar::pw: 🚫 Skipping metadata '' (props: Some(DictRef { flags: Flags(0x0), entries: {"object.serial": "34", "module.id": "2", "pipewire.protocol": "protocol-native", "pipewire.sec.pid": "1253", "pipewire.sec.uid": "1000", "pipewire.sec.gid": "100", "pipewire.sec.socket": "pipewire-0", "application.name": ".xdg-desktop-portal-wrapped", "pipewire.access": "unrestricted"} }))
2026-07-13T21:15:16+00:00 machine gtk-status-bar[2939]: 2026-07-13T21:15:16.132845Z DEBUG gtk_status_bar::pw: 🚫 Skipping metadata '' (props: Some(DictRef { flags: Flags(0x0), entries: {"object.serial": "35", "module.id": "2", "pipewire.protocol": "protocol-native", "pipewire.sec.pid": "1349", "pipewire.sec.uid": "1000", "pipewire.sec.gid": "100", "pipewire.sec.socket": "pipewire-0-manager", "application.name": "WirePlumber", "pipewire.access": "unrestricted"} }))
2026-07-13T21:15:16+00:00 machine gtk-status-bar[2939]: 2026-07-13T21:15:16.132868Z DEBUG gtk_status_bar::pw: 🚫 Skipping metadata 'schema-sm-settings' (props: Some(DictRef { flags: Flags(0x0), entries: {"metadata.name": "schema-sm-settings", "factory.id": "7", "module.id": "6", "client.id": "35", "object.serial": "36"} }))
2026-07-13T21:15:16+00:00 machine gtk-status-bar[2939]: 2026-07-13T21:15:16.132889Z DEBUG gtk_status_bar::pw: 🚫 Skipping metadata 'persistent-sm-settings' (props: Some(DictRef { flags: Flags(0x0), entries: {"metadata.name": "persistent-sm-settings", "factory.id": "7", "module.id": "6", "client.id": "35", "object.serial": "37"} }))
2026-07-13T21:15:16+00:00 machine gtk-status-bar[2939]: 2026-07-13T21:15:16.132911Z DEBUG gtk_status_bar::pw: 🚫 Skipping metadata 'sm-settings' (props: Some(DictRef { flags: Flags(0x0), entries: {"metadata.name": "sm-settings", "factory.id": "7", "module.id": "6", "client.id": "35", "object.serial": "38"} }))
2026-07-13T21:15:16+00:00 machine gtk-status-bar[2939]: 2026-07-13T21:15:16.132933Z DEBUG gtk_status_bar::pw: 🚫 Skipping metadata 'sm-objects' (props: Some(DictRef { flags: Flags(0x0), entries: {"metadata.name": "sm-objects", "factory.id": "7", "module.id": "6", "client.id": "35", "object.serial": "39"} }))
2026-07-13T21:15:16+00:00 machine gtk-status-bar[2939]: 2026-07-13T21:15:16.132955Z DEBUG gtk_status_bar::pw: 🚫 Skipping metadata 'default-profile' (props: Some(DictRef { flags: Flags(0x0), entries: {"wireplumber.state": "true", "metadata.name": "default-profile", "factory.id": "7", "module.id": "6", "client.id": "35", "object.serial": "40"} }))
2026-07-13T21:15:16+00:00 machine gtk-status-bar[2939]: 2026-07-13T21:15:16.132977Z DEBUG gtk_status_bar::pw: ✅ Processing metadata.name == default
2026-07-13T21:15:16+00:00 machine gtk-status-bar[2939]: 2026-07-13T21:15:16.132994Z DEBUG gtk_status_bar::pw: 📋 Found metadata object: Some(DictRef { flags: Flags(0x0), entries: {"metadata.name": "default", "factory.id": "7", "module.id": "6", "client.id": "35", "object.serial": "41"} })
2026-07-13T21:15:16+00:00 machine gtk-status-bar[2939]: 2026-07-13T21:15:16.133029Z DEBUG gtk_status_bar::pw: 📋 Bound 'default' Metadata (id=3)
2026-07-13T21:15:16+00:00 machine gtk-status-bar[2939]: 2026-07-13T21:15:16.133059Z DEBUG gtk_status_bar::pw: 🚫 Skipping metadata 'filters' (props: Some(DictRef { flags: Flags(0x0), entries: {"metadata.name": "filters", "factory.id": "7", "module.id": "6", "client.id": "35", "object.serial": "43"} }))
2026-07-13T21:15:16+00:00 machine gtk-status-bar[2939]: 2026-07-13T21:15:16.133082Z DEBUG gtk_status_bar::pw: 🚫 Skipping metadata '' (props: Some(DictRef { flags: Flags(0x0), entries: {"object.serial": "42", "module.id": "2", "pipewire.protocol": "protocol-native", "pipewire.sec.pid": "1359", "pipewire.sec.uid": "1000", "pipewire.sec.gid": "100", "pipewire.sec.socket": "pipewire-0", "application.name": ".xdg-desktop-portal-hyprland-wrapped", "pipewire.access": "unrestricted"} }))
2026-07-13T21:15:16+00:00 machine gtk-status-bar[2939]: 2026-07-13T21:15:16.133104Z DEBUG gtk_status_bar::pw: 🚫 Skipping metadata 'route-settings' (props: Some(DictRef { flags: Flags(0x0), entries: {"metadata.name": "route-settings", "factory.id": "7", "module.id": "6", "client.id": "35", "object.serial": "44"} }))
2026-07-13T21:15:16+00:00 machine gtk-status-bar[2939]: 2026-07-13T21:15:16.133129Z DEBUG gtk_status_bar::pw: 🚫 Skipping metadata '' (props: Some(DictRef { flags: Flags(0x0), entries: {"object.serial": "45", "module.id": "2", "pipewire.protocol": "protocol-native", "pipewire.sec.pid": "1349", "pipewire.sec.uid": "1000", "pipewire.sec.gid": "100", "pipewire.sec.socket": "pipewire-0-manager", "application.name": "WirePlumber [export]", "pipewire.access": "unrestricted"} }))
2026-07-13T21:15:16+00:00 machine gtk-status-bar[2939]: 2026-07-13T21:15:16.133154Z DEBUG gtk_status_bar::pw: 🚫 Skipping metadata '' (props: Some(DictRef { flags: Flags(0x0), entries: {"object.serial": "46", "factory.id": "11", "client.id": "45", "priority.session": "100", "priority.driver": "1", "node.name": "Midi-Bridge", "media.class": "Midi/Bridge"} }))
2026-07-13T21:15:16+00:00 machine gtk-status-bar[2939]: 2026-07-13T21:15:16.133174Z DEBUG gtk_status_bar::pw: 🔍 Checking node - media.class: Some("Midi/Bridge")
2026-07-13T21:15:16+00:00 machine gtk-status-bar[2939]: 2026-07-13T21:15:16.133193Z DEBUG gtk_status_bar::pw: 🔍 Node filter result: false for media.class: Some("Midi/Bridge")
2026-07-13T21:15:16+00:00 machine gtk-status-bar[2939]: 2026-07-13T21:15:16.133213Z DEBUG gtk_status_bar::pw: 🚫 Skipping metadata '' (props: Some(DictRef { flags: Flags(0x0), entries: {"object.serial": "47", "object.path": "alsa:seq:default:client_14:playback_0", "format.dsp": "8 bit raw midi", "node.id": "46", "port.id": "0", "port.name": "Midi Through: Port-0 (playback)", "port.direction": "in", "port.physical": "true", "port.terminal": "true", "port.alias": "Midi Through:Midi Through Port-0", "port.group": "client_14"} }))
2026-07-13T21:15:16+00:00 machine gtk-status-bar[2939]: 2026-07-13T21:15:16.133237Z DEBUG gtk_status_bar::pw: 🚫 Skipping metadata '' (props: Some(DictRef { flags: Flags(0x0), entries: {"object.serial": "48", "object.path": "alsa:seq:default:client_14:capture_0", "format.dsp": "8 bit raw midi", "node.id": "46", "port.id": "0", "port.name": "Midi Through: Port-0 (capture)", "port.direction": "out", "port.physical": "true", "port.terminal": "true", "port.alias": "Midi Through:Midi Through Port-0", "port.group": "client_14"} }))
2026-07-13T21:15:16+00:00 machine gtk-status-bar[2939]: 2026-07-13T21:15:16.133261Z DEBUG gtk_status_bar::pw: 🚫 Skipping metadata '' (props: Some(DictRef { flags: Flags(0x0), entries: {"object.serial": "49", "factory.id": "14", "client.id": "45", "node.description": "BLE MIDI 1", "node.name": "bluez_midi.server", "media.class": "Midi/Bridge"} }))
2026-07-13T21:15:16+00:00 machine gtk-status-bar[2939]: 2026-07-13T21:15:16.133286Z DEBUG gtk_status_bar::pw: 🔍 Checking node - media.class: Some("Midi/Bridge")
2026-07-13T21:15:16+00:00 machine gtk-status-bar[2939]: 2026-07-13T21:15:16.133304Z DEBUG gtk_status_bar::pw: 🔍 Node filter result: false for media.class: Some("Midi/Bridge")
2026-07-13T21:15:16+00:00 machine gtk-status-bar[2939]: 2026-07-13T21:15:16.133325Z DEBUG gtk_status_bar::pw: 🚫 Skipping metadata '' (props: Some(DictRef { flags: Flags(0x0), entries: {"object.serial": "50", "object.path": "bluez_midi.server:input_0", "format.dsp": "8 bit raw midi", "node.id": "49", "port.id": "0", "port.name": "in", "port.direction": "in", "port.physical": "true", "port.terminal": "true", "port.alias": "in", "port.group": "group.0"} }))
2026-07-13T21:15:16+00:00 machine gtk-status-bar[2939]: 2026-07-13T21:15:16.133348Z DEBUG gtk_status_bar::pw: 🚫 Skipping metadata '' (props: Some(DictRef { flags: Flags(0x0), entries: {"object.serial": "51", "object.path": "bluez_midi.server:output_0", "format.dsp": "8 bit raw midi", "node.id": "49", "port.id": "0", "port.name": "out", "port.direction": "out", "port.physical": "true", "port.terminal": "true", "port.alias": "out", "port.group": "group.0"} }))
2026-07-13T21:15:16+00:00 machine gtk-status-bar[2939]: 2026-07-13T21:15:16.133372Z DEBUG gtk_status_bar::pw: 🚫 Skipping metadata '' (props: Some(DictRef { flags: Flags(0x0), entries: {"object.serial": "53", "module.id": "2", "pipewire.protocol": "protocol-native", "pipewire.sec.pid": "1408", "pipewire.sec.uid": "1000", "pipewire.sec.gid": "100", "pipewire.sec.socket": "pipewire-0", "application.name": "pipewire", "pipewire.access": "unrestricted"} }))
2026-07-13T21:15:16+00:00 machine gtk-status-bar[2939]: 2026-07-13T21:15:16.133395Z DEBUG gtk_status_bar::pw: 🚫 Skipping metadata '' (props: Some(DictRef { flags: Flags(0x0), entries: {"object.serial": "54", "factory.id": "19", "client.id": "53", "node.description": "Dummy Output", "node.name": "auto_null", "media.class": "Audio/Sink"} }))
2026-07-13T21:15:16+00:00 machine gtk-status-bar[2939]: 2026-07-13T21:15:16.133415Z DEBUG gtk_status_bar::pw: 🔍 Checking node - media.class: Some("Audio/Sink")
2026-07-13T21:15:16+00:00 machine gtk-status-bar[2939]: 2026-07-13T21:15:16.133433Z DEBUG gtk_status_bar::pw: 🔍 Node filter result: true for media.class: Some("Audio/Sink")
2026-07-13T21:15:16+00:00 machine gtk-status-bar[2939]: 2026-07-13T21:15:16.133455Z DEBUG gtk_status_bar::pw: 📱 Monitoring audio node: Dummy Output (4) [node.name: auto_null]
2026-07-13T21:15:16+00:00 machine gtk-status-bar[2939]: 2026-07-13T21:15:16.133477Z DEBUG gtk_status_bar::pw: 🔗 ADDING NODE LISTENER for node.name: auto_null
2026-07-13T21:15:16+00:00 machine gtk-status-bar[2939]: 2026-07-13T21:15:16.133496Z DEBUG gtk_status_bar::pw: 📝 Added device to HashMap: 4 -> (auto_null, Dummy Output, no volume yet)
2026-07-13T21:15:16+00:00 machine gtk-status-bar[2939]: 2026-07-13T21:15:16.133513Z DEBUG gtk_status_bar::pw: 🗂️ Current device map size: 1
2026-07-13T21:15:16+00:00 machine gtk-status-bar[2939]: 2026-07-13T21:15:16.133537Z DEBUG gtk_status_bar::pw: 🚫 Skipping metadata '' (props: Some(DictRef { flags: Flags(0x0), entries: {"object.serial": "55", "module.id": "2", "pipewire.protocol": "protocol-native", "pipewire.sec.pid": "1408", "pipewire.sec.uid": "1000", "pipewire.sec.gid": "100", "pipewire.sec.socket": "pipewire-0", "application.name": "Blueman", "pipewire.access": "unrestricted"} }))
2026-07-13T21:15:16+00:00 machine gtk-status-bar[2939]: 2026-07-13T21:15:16.133561Z DEBUG gtk_status_bar::pw: 🚫 Skipping metadata '' (props: Some(DictRef { flags: Flags(0x0), entries: {"object.serial": "56", "object.path": "auto_null:playback_0", "format.dsp": "32 bit float mono audio", "node.id": "54", "audio.channel": "FL", "port.id": "0", "port.name": "playback_FL", "port.direction": "in", "port.alias": "Dummy Output:playback_FL", "port.group": "stream.0"} }))
2026-07-13T21:15:16+00:00 machine gtk-status-bar[2939]: 2026-07-13T21:15:16.133584Z DEBUG gtk_status_bar::pw: 🚫 Skipping metadata '' (props: Some(DictRef { flags: Flags(0x0), entries: {"object.serial": "57", "object.path": "auto_null:playback_1", "format.dsp": "32 bit float mono audio", "node.id": "54", "audio.channel": "FR", "port.id": "1", "port.name": "playback_FR", "port.direction": "in", "port.alias": "Dummy Output:playback_FR", "port.group": "stream.0"} }))
2026-07-13T21:15:16+00:00 machine gtk-status-bar[2939]: 2026-07-13T21:15:16.133607Z DEBUG gtk_status_bar::pw: 🚫 Skipping metadata '' (props: Some(DictRef { flags: Flags(0x0), entries: {"object.serial": "58", "object.path": "auto_null:monitor_0", "format.dsp": "32 bit float mono audio", "node.id": "54", "audio.channel": "FL", "port.id": "0", "port.name": "monitor_FL", "port.direction": "out", "port.monitor": "true", "port.alias": "Dummy Output:monitor_FL", "port.group": "stream.0"} }))
2026-07-13T21:15:16+00:00 machine gtk-status-bar[2939]: 2026-07-13T21:15:16.133631Z DEBUG gtk_status_bar::pw: 🚫 Skipping metadata '' (props: Some(DictRef { flags: Flags(0x0), entries: {"object.serial": "59", "object.path": "auto_null:monitor_1", "format.dsp": "32 bit float mono audio", "node.id": "54", "audio.channel": "FR", "port.id": "1", "port.name": "monitor_FR", "port.direction": "out", "port.monitor": "true", "port.alias": "Dummy Output:monitor_FR", "port.group": "stream.0"} }))
2026-07-13T21:15:16+00:00 machine gtk-status-bar[2939]: 2026-07-13T21:15:16.133656Z DEBUG gtk_status_bar::pw: 🚫 Skipping metadata '' (props: Some(DictRef { flags: Flags(0x0), entries: {"object.serial": "60", "module.id": "2", "pipewire.protocol": "protocol-native", "pipewire.sec.pid": "2939", "pipewire.sec.uid": "1000", "pipewire.sec.gid": "100", "pipewire.sec.socket": "pipewire-0", "application.name": ".gtk-status-bar-wrapped", "pipewire.access": "unrestricted"} }))
2026-07-13T21:15:16+00:00 machine gtk-status-bar[2939]: 2026-07-13T21:15:16.135008Z DEBUG gtk_status_bar::pw: 📝 metadata.property subject=0 key=Some("default.audio.sink") value=Some("{\"name\":\"auto_null\"}")
2026-07-13T21:15:16+00:00 machine gtk-status-bar[2939]: 2026-07-13T21:15:16.135043Z DEBUG gtk_status_bar::pw: 🔍 Processing metadata property: default.audio.sink={"name":"auto_null"}
2026-07-13T21:15:16+00:00 machine gtk-status-bar[2939]: 2026-07-13T21:15:16.135067Z  INFO gtk_status_bar::pw: 🔄 Default sink -> auto_null
2026-07-13T21:15:16+00:00 machine gtk-status-bar[2939]: 2026-07-13T21:15:16.135086Z DEBUG gtk_status_bar::pw: 🎯 SINK CHANGE: None -> auto_null (should trigger volume fetch)
2026-07-13T21:15:16+00:00 machine gtk-status-bar[2939]: 2026-07-13T21:15:16.135105Z DEBUG gtk_status_bar::pw: 🗂️ Searching device map for default sink 'auto_null'
2026-07-13T21:15:16+00:00 machine gtk-status-bar[2939]: 2026-07-13T21:15:16.135123Z DEBUG gtk_status_bar::pw: 🗂️ Current device map contents: {4: ("auto_null", "Dummy Output", None, None, None)}
2026-07-13T21:15:16+00:00 machine gtk-status-bar[2939]: 2026-07-13T21:15:16.135143Z DEBUG gtk_status_bar::pw: 🔍 Checking device 4: node_name='auto_null', description='Dummy Output' against default sink 'auto_null'
2026-07-13T21:15:16+00:00 machine gtk-status-bar[2939]: 2026-07-13T21:15:16.135161Z DEBUG gtk_status_bar::pw: 🎯 MATCH! Found device 4 with node_name 'auto_null' matching default sink
2026-07-13T21:15:16+00:00 machine gtk-status-bar[2939]: 2026-07-13T21:15:16.135179Z DEBUG gtk_status_bar::pw: 🎨 Updating GUI label to: 'Dummy Output' with cached volume data
2026-07-13T21:15:16+00:00 machine gtk-status-bar[2939]: 2026-07-13T21:15:16.135196Z DEBUG gtk_status_bar::pw: 💾 Cached volume data: Vol: None%, Ch: None%, Mute: None
2026-07-13T21:15:16+00:00 machine gtk-status-bar[2939]: 2026-07-13T21:15:16.135220Z DEBUG gtk_status_bar::pw: ✅ Sent REAL volume data to GUI: 'Dummy Output' Vol: None%, Ch: None%, Mute: None
2026-07-13T21:15:16+00:00 machine gtk-status-bar[2939]: 2026-07-13T21:15:16.135251Z DEBUG gtk_status_bar::pw: 🎛️  NODE PARAM CALLBACK: Dummy Output (4) received Props param
2026-07-13T21:15:16+00:00 machine gtk-status-bar[2939]: 2026-07-13T21:15:16.135275Z DEBUG gtk_status_bar::pw: 🔊 Node 4: Dummy Output - Vol: Some(100)% | Ch: Some(100)% | Mute: Some(false) [CACHING]
2026-07-13T21:15:16+00:00 machine gtk-status-bar[2939]: 2026-07-13T21:15:16.135295Z DEBUG gtk_status_bar::pw: 📝 Updated volume cache for device 4: Dummy Output -> Vol: Some(100)%, Ch: Some(100)%, Mute: Some(false)
2026-07-13T21:15:16+00:00 machine gtk-status-bar[2939]: 2026-07-13T21:15:16.135315Z DEBUG gtk_status_bar::pw: 🎯 Checking if device 4 is default: current_default=Some("auto_null"), node_name=auto_null, is_default=true
2026-07-13T21:15:16+00:00 machine gtk-status-bar[2939]: 2026-07-13T21:15:16.135335Z DEBUG gtk_status_bar::pw: 📤 SENDING VOLUME UPDATE to GUI for default sink (node id=4)
2026-07-13T21:15:16+00:00 machine gtk-status-bar[2939]: 2026-07-13T21:15:16.135357Z ERROR gtk_status_bar::pw: ❌ PipeWire error id:4 seq:5 res:-2: enum params id:13 (Spa:Enum:ParamId:Route) failed
2026-07-13T21:15:16+00:00 machine gtk-status-bar[2939]: 2026-07-13T21:15:16.206930Z  INFO gtk_status_bar::network: Network reachability probe completed target=192.0.2.1 success=true elapsed_ms=79
2026-07-13T21:15:16+00:00 machine gtk-status-bar[2939]: 2026-07-13T21:15:16.206966Z DEBUG gtk_status_bar::network: Sent network update label="\u{f091f} 28% \u{f0ac}"
2026-07-13T21:15:16+00:00 machine gtk-status-bar[2939]: 2026-07-13T21:15:16.253703Z DEBUG gtk_status_bar::widgets: Resolved title icon from desktop application metadata class="kitty"
2026-07-13T21:15:16+00:00 machine gtk-status-bar[2939]: 2026-07-13T21:15:16.253829Z DEBUG gtk_status_bar::widgets: Updating client pill address=0x57c07ebdd140 title="AAAAAAAAAAAAAAAAAAAAAAAAAAAAAAAAAAAAAAAAAAAAAAAAAAAAAAAAAAAAAAAA" compact_title="AAAAAAAAAAA…" class="kitty" active=false
2026-07-13T21:15:16+00:00 machine gtk-status-bar[2939]: 2026-07-13T21:15:16.253855Z DEBUG gtk_status_bar::widgets: Creating client title pill
2026-07-13T21:15:16+00:00 machine gtk-status-bar[2939]: 2026-07-13T21:15:16.291686Z DEBUG gtk_status_bar::widgets: Resolved title icon from desktop application metadata class="kitty"
2026-07-13T21:15:16+00:00 machine gtk-status-bar[2939]: 2026-07-13T21:15:16.291830Z DEBUG gtk_status_bar::widgets: Updating client pill address=0x57c07ec51e80 title="0123456789012345678901234567890…89012345678901234567890123456789" compact_title="01234567890…" class="kitty" active=false
2026-07-13T21:15:16+00:00 machine gtk-status-bar[2939]: 2026-07-13T21:15:16.291858Z DEBUG gtk_status_bar::widgets: Creating client title pill
2026-07-13T21:15:16+00:00 machine gtk-status-bar[2939]: 2026-07-13T21:15:16.326936Z DEBUG gtk_status_bar::widgets: Resolved title icon from desktop application metadata class="kitty"
2026-07-13T21:15:16+00:00 machine gtk-status-bar[2939]: 2026-07-13T21:15:16.327002Z DEBUG gtk_status_bar::widgets: Updating client pill address=0x57c07fc69630 title="界🙂界🙂界🙂界🙂界🙂界🙂界🙂界🙂界🙂界🙂界🙂界🙂界🙂界🙂界🙂界…界🙂界🙂界🙂界🙂界🙂界🙂界🙂界🙂界🙂界🙂界🙂界🙂界🙂界🙂界🙂界🙂" compact_title="界🙂界🙂界🙂界🙂界🙂界…" class="kitty" active=false
2026-07-13T21:15:16+00:00 machine gtk-status-bar[2939]: 2026-07-13T21:15:16.327082Z DEBUG gtk_status_bar::widgets: Creating client title pill
2026-07-13T21:15:16+00:00 machine gtk-status-bar[2939]: 2026-07-13T21:15:16.368112Z DEBUG gtk_status_bar::widgets: Resolved title icon from desktop application metadata class="kitty"
2026-07-13T21:15:16+00:00 machine gtk-status-bar[2939]: 2026-07-13T21:15:16.368199Z DEBUG gtk_status_bar::widgets: Updating client pill address=0x57c07fdc32d0 title="Focus Left" compact_title="Focus" class="kitty" active=false
2026-07-13T21:15:16+00:00 machine gtk-status-bar[2939]: 2026-07-13T21:15:16.368231Z DEBUG gtk_status_bar::widgets: Creating client title pill
2026-07-13T21:15:16+00:00 machine gtk-status-bar[2939]: 2026-07-13T21:15:16.408584Z DEBUG gtk_status_bar::widgets: Resolved title icon from desktop application metadata class="kitty"
2026-07-13T21:15:16+00:00 machine gtk-status-bar[2939]: 2026-07-13T21:15:16.408651Z DEBUG gtk_status_bar::widgets: Updating client pill address=0x57c07fc75300 title="Focus Right" compact_title="Focus" class="kitty" active=true
2026-07-13T21:15:16+00:00 machine gtk-status-bar[2939]: 2026-07-13T21:15:16.408672Z DEBUG gtk_status_bar::widgets: Creating client title pill
2026-07-13T21:15:16+00:00 machine gtk-status-bar[2939]: 2026-07-13T21:15:16.447005Z DEBUG gtk_status_bar::widgets: Resolved title icon from desktop application metadata class="kitty"
2026-07-13T21:15:16+00:00 machine gtk-status-bar[2939]: 2026-07-13T21:15:16.447073Z DEBUG gtk_status_bar::widgets: Updating client pill address=0x57c07ecb0460 title="Close OS window" compact_title="Close" class="kitty" active=false
2026-07-13T21:15:16+00:00 machine gtk-status-bar[2939]: 2026-07-13T21:15:16.447096Z DEBUG gtk_status_bar::widgets: Creating client title pill
2026-07-13T21:15:16+00:00 machine gtk-status-bar[2939]: 2026-07-13T21:15:16.479528Z DEBUG gtk_status_bar::widgets: Resolved title icon from desktop application metadata class="kitty"
2026-07-13T21:15:16+00:00 machine gtk-status-bar[2939]: 2026-07-13T21:15:16.479602Z DEBUG gtk_status_bar::widgets: Updating client pill address=0x57c07fc14030 title="Renamed client" compact_title="Renamed" class="kitty" active=false
2026-07-13T21:15:16+00:00 machine gtk-status-bar[2939]: 2026-07-13T21:15:16.479625Z DEBUG gtk_status_bar::widgets: Creating client title pill
2026-07-13T21:15:16+00:00 machine gtk-status-bar[2939]: 2026-07-13T21:15:16.513331Z DEBUG gtk_status_bar::widgets: Resolved title icon from desktop application metadata class="kitty"
2026-07-13T21:15:16+00:00 machine gtk-status-bar[2939]: 2026-07-13T21:15:16.513457Z DEBUG gtk_status_bar::widgets: Updating battery label:
2026-07-13T21:15:16+00:00 machine gtk-status-bar[2939]: 2026-07-13T21:15:16.513480Z DEBUG gtk_status_bar::widgets: 🙈 HIDING battery widget with set_visible(false)
2026-07-13T21:15:16+00:00 machine gtk-status-bar[2939]: 2026-07-13T21:15:16.513537Z DEBUG gtk_status_bar::widgets: Updating Bluetooth battery label: P80 D42 🎧55
2026-07-13T21:15:16+00:00 machine gtk-status-bar[2939]: 2026-07-13T21:15:16.513564Z DEBUG gtk_status_bar::widgets: 👁️  SHOWING Bluetooth widget - data: P80 D42 🎧55
2026-07-13T21:15:16+00:00 machine gtk-status-bar[2939]: 2026-07-13T21:15:16.513621Z DEBUG gtk_status_bar::widgets: Updating network label: 󰤟 28% ?
2026-07-13T21:15:16+00:00 machine gtk-status-bar[2939]: 2026-07-13T21:15:16.513646Z DEBUG gtk_status_bar::widgets: Updating network label: 󰤟 28% 
2026-07-13T21:15:17+00:00 machine gtk-status-bar[2939]: 2026-07-13T21:15:16.513941Z DEBUG gtk_status_bar::widgets: 📺 Skipping GUI update - no volume data available
2026-07-13T21:15:17+00:00 machine gtk-status-bar[2939]: 2026-07-13T21:15:16.513970Z DEBUG gtk_status_bar::widgets: 📺 GTK UI updated via ASYNC: 🔊D100
2026-07-13T21:15:17+00:00 machine gtk-status-bar[2939]: 2026-07-13T21:15:16.576391Z  INFO gtk_status_bar::tray: Status notifier item registered item=":1.70/StatusNotifierItem"
2026-07-13T21:15:17+00:00 machine gtk-status-bar[2939]: 2026-07-13T21:15:16.581375Z  INFO gtk_status_bar::widgets: Added system tray item item=":1.70/StatusNotifierItem"
2026-07-13T21:15:17+00:00 machine gtk-status-bar[2939]: 2026-07-13T21:15:17.000976Z DEBUG gtk_status_bar::widgets: Updating time label:  9:15 PM
2026-07-13T21:15:17+00:00 machine gtk-status-bar[2939]: 2026-07-13T21:15:17.514260Z  INFO gtk_status_bar::network: Network reachability probe completed target=198.51.100.1 success=false elapsed_ms=22
2026-07-13T21:15:17+00:00 machine gtk-status-bar[2939]: 2026-07-13T21:15:17.514350Z DEBUG gtk_status_bar::network: Sent network update label="\u{f091f} 28% \u{f0ac}"
2026-07-13T21:15:17+00:00 machine gtk-status-bar[2939]: 2026-07-13T21:15:17.514504Z DEBUG gtk_status_bar::widgets: Updating network label: 󰤟 28% 
2026-07-13T21:15:18+00:00 machine gtk-status-bar[2939]: 2026-07-13T21:15:18.002222Z DEBUG gtk_status_bar::widgets: Updating time label:  9:15 PM
2026-07-13T21:15:18+00:00 machine gtk-status-bar[2939]: 2026-07-13T21:15:18.622772Z DEBUG gtk_status_bar::dbus: Got an event in event stream: Msg { type: Signal, serial: 115, sender: UniqueName(":1.6"), path: ObjectPath("/org/bluez/hci0/dev_AA_BB_CC_DD_EE_01"), iface: InterfaceName("org.freedesktop.DBus.Properties"), member: MemberName("PropertiesChanged"), body: Structure(Dynamic { fields: [Str, Dict { key: Dynamic { child: Str }, value: Dynamic { child: Variant } }, Array(Dynamic { child: Str })] }), fds: [] }
2026-07-13T21:15:18+00:00 machine gtk-status-bar[2939]: 2026-07-13T21:15:18.622827Z DEBUG gtk_status_bar::dbus: Dbus monitor: Received D-Bus message from path: Some(ObjectPath("/org/bluez/hci0/dev_AA_BB_CC_DD_EE_01")), interface: Some(InterfaceName("org.freedesktop.DBus.Properties")), member: Some(MemberName("PropertiesChanged"))
2026-07-13T21:15:18+00:00 machine gtk-status-bar[2939]: 2026-07-13T21:15:18.622846Z  INFO gtk_status_bar::dbus: Dbus monitor: Received signal
2026-07-13T21:15:18+00:00 machine gtk-status-bar[2939]: 2026-07-13T21:15:18.622861Z  INFO gtk_status_bar::dbus: Dbus monitor: Received PropertiesChanged signal
2026-07-13T21:15:18+00:00 machine gtk-status-bar[2939]: 2026-07-13T21:15:18.622929Z  INFO gtk_status_bar::dbus: Bluetooth device battery at 65%
2026-07-13T21:15:18+00:00 machine gtk-status-bar[2939]: 2026-07-13T21:15:18.622946Z  INFO gtk_status_bar::dbus: Updated device /org/bluez/hci0/dev_AA_BB_CC_DD_EE_01 battery via PropertiesChanged: Some(65)%
2026-07-13T21:15:18+00:00 machine gtk-status-bar[2939]: 2026-07-13T21:15:18.623153Z DEBUG gtk_status_bar::widgets: Updating Bluetooth battery label: P65 D42 🎧55
2026-07-13T21:15:18+00:00 machine gtk-status-bar[2939]: 2026-07-13T21:15:18.623285Z DEBUG gtk_status_bar::widgets: 👁️  SHOWING Bluetooth widget - data: P65 D42 🎧55
2026-07-13T21:15:18+00:00 machine gtk-status-bar[2939]: 2026-07-13T21:15:18.777426Z  INFO gtk_status_bar::tray: Status notifier item registered item=":1.71/org/blueman/sni"
2026-07-13T21:15:18+00:00 machine gtk-status-bar[2939]: 2026-07-13T21:15:18.798351Z DEBUG gtk_status_bar::tray: Tray item property is unavailable property="IconPixmap" error=org.freedesktop.DBus.Error.InvalidArgs: No such property “IconPixmap”
2026-07-13T21:15:18+00:00 machine gtk-status-bar[2939]: 2026-07-13T21:15:18.799231Z DEBUG gtk_status_bar::tray: Tray item property is unavailable property="IconThemePath" error=org.freedesktop.DBus.Error.InvalidArgs: No such property “IconThemePath”
2026-07-13T21:15:18+00:00 machine gtk-status-bar[2939]: 2026-07-13T21:15:18.802658Z  INFO gtk_status_bar::widgets: Added system tray item item=":1.71/org/blueman/sni"
2026-07-13T21:15:18+00:00 machine gtk-status-bar[2939]: 2026-07-13T21:15:18.841542Z  INFO gtk_status_bar::network: Network reachability probe completed target=198.51.100.1 success=false elapsed_ms=10
2026-07-13T21:15:18+00:00 machine gtk-status-bar[2939]: 2026-07-13T21:15:18.841600Z DEBUG gtk_status_bar::network: Sent network update label="\u{f091f} 28% \u{f0ac}"
2026-07-13T21:15:18+00:00 machine gtk-status-bar[2939]: 2026-07-13T21:15:18.841960Z DEBUG gtk_status_bar::widgets: Updating network label: 󰤟 28% 
2026-07-13T21:15:19+00:00 machine gtk-status-bar[2939]: 2026-07-13T21:15:19.001236Z DEBUG gtk_status_bar::widgets: Updating time label:  9:15 PM
2026-07-13T21:15:19+00:00 machine gtk-status-bar[2939]: 2026-07-13T21:15:19.091115Z  INFO gtk_status_bar::network: Network reachability probe completed target=192.0.2.1 success=true elapsed_ms=20
2026-07-13T21:15:19+00:00 machine gtk-status-bar[2939]: 2026-07-13T21:15:19.091218Z DEBUG gtk_status_bar::network: Sent network update label="\u{f091f} 28% \u{f0ac}"
2026-07-13T21:15:19+00:00 machine gtk-status-bar[2939]: 2026-07-13T21:15:19.091400Z DEBUG gtk_status_bar::widgets: Updating network label: 󰤟 28% 
2026-07-13T21:15:19+00:00 machine gtk-status-bar[2939]: 2026-07-13T21:15:19.805204Z  INFO gtk_status_bar::network: Network reachability probe completed target=198.51.100.1 success=false elapsed_ms=21
2026-07-13T21:15:19+00:00 machine gtk-status-bar[2939]: 2026-07-13T21:15:19.805270Z DEBUG gtk_status_bar::network: Sent network update label="\u{f091f} 28% \u{f0ac}"
2026-07-13T21:15:19+00:00 machine gtk-status-bar[2939]: 2026-07-13T21:15:19.805927Z DEBUG gtk_status_bar::widgets: Updating network label: 󰤟 28% 
2026-07-13T21:15:20+00:00 machine gtk-status-bar[2939]: 2026-07-13T21:15:20.001348Z DEBUG gtk_status_bar::widgets: Updating time label:  9:15 PM
2026-07-13T21:15:21+00:00 machine gtk-status-bar[2939]: 2026-07-13T21:15:21.002570Z DEBUG gtk_status_bar::widgets: Updating time label:  9:15 PM
2026-07-13T21:15:21+00:00 machine gtk-status-bar[2939]: 2026-07-13T21:15:21.034320Z  INFO gtk_status_bar::network: Network reachability probe completed target=192.0.2.1 success=true elapsed_ms=18
2026-07-13T21:15:21+00:00 machine gtk-status-bar[2939]: 2026-07-13T21:15:21.034412Z DEBUG gtk_status_bar::network: Sent network update label="\u{f091f} 28% \u{f0ac}"
2026-07-13T21:15:21+00:00 machine gtk-status-bar[2939]: 2026-07-13T21:15:21.034594Z DEBUG gtk_status_bar::widgets: Updating network label: 󰤟 28% 
2026-07-13T21:15:21+00:00 machine gtk-status-bar[2939]: 2026-07-13T21:15:21.500342Z  INFO gtk_status_bar::network: Network reachability probe completed target=192.0.2.1 success=true elapsed_ms=14
2026-07-13T21:15:21+00:00 machine gtk-status-bar[2939]: 2026-07-13T21:15:21.500394Z DEBUG gtk_status_bar::network: Sent network update label="\u{f091f} 28% \u{f0ac}"
2026-07-13T21:15:21+00:00 machine gtk-status-bar[2939]: 2026-07-13T21:15:21.501007Z DEBUG gtk_status_bar::widgets: Updating network label: 󰤟 28% 
2026-07-13T21:15:22+00:00 machine gtk-status-bar[2939]: 2026-07-13T21:15:22.001466Z DEBUG gtk_status_bar::widgets: Updating time label:  9:15 PM
2026-07-13T21:15:22+00:00 machine gtk-status-bar[2939]: 2026-07-13T21:15:22.267777Z DEBUG gtk_status_bar::dbus: Got an event in event stream: Msg { type: Signal, serial: 119, sender: UniqueName(":1.6"), path: ObjectPath("/"), iface: InterfaceName("org.freedesktop.DBus.ObjectManager"), member: MemberName("InterfacesRemoved"), body: Structure(Dynamic { fields: [ObjectPath, Array(Dynamic { child: Str })] }), fds: [] }
2026-07-13T21:15:22+00:00 machine gtk-status-bar[2939]: 2026-07-13T21:15:22.269054Z DEBUG gtk_status_bar::dbus: Dbus monitor: Received D-Bus message from path: Some(ObjectPath("/")), interface: Some(InterfaceName("org.freedesktop.DBus.ObjectManager")), member: Some(MemberName("InterfacesRemoved"))
2026-07-13T21:15:22+00:00 machine gtk-status-bar[2939]: 2026-07-13T21:15:22.269095Z  INFO gtk_status_bar::dbus: Dbus monitor: Received signal
2026-07-13T21:15:22+00:00 machine gtk-status-bar[2939]: 2026-07-13T21:15:22.269115Z  INFO gtk_status_bar::dbus: Dbus monitor: Received InterfacesRemoved signal from ObjectManager
2026-07-13T21:15:22+00:00 machine gtk-status-bar[2939]: 2026-07-13T21:15:22.269642Z DEBUG gtk_status_bar::dbus: Dbus monitor: Interfaces removed from /org/bluez/hci0/dev_AA_BB_CC_DD_EE_01: Array { elements: [Str("org.bluez.Device1")], signature: Array(Dynamic { child: Str }) }
2026-07-13T21:15:22+00:00 machine gtk-status-bar[2939]: 2026-07-13T21:15:22.269667Z  INFO gtk_status_bar::dbus: Dbus monitor: Bluetooth Device1 interface removed from /org/bluez/hci0/dev_AA_BB_CC_DD_EE_01
2026-07-13T21:15:22+00:00 machine gtk-status-bar[2939]: 2026-07-13T21:15:22.269684Z  INFO gtk_status_bar::dbus: Removed device /org/bluez/hci0/dev_AA_BB_CC_DD_EE_01 from HashMap (Device1 gone)
2026-07-13T21:15:22+00:00 machine gtk-status-bar[2939]: 2026-07-13T21:15:22.269930Z DEBUG gtk_status_bar::widgets: Updating Bluetooth battery label: D42 🎧55
2026-07-13T21:15:22+00:00 machine gtk-status-bar[2939]: 2026-07-13T21:15:22.270066Z DEBUG gtk_status_bar::widgets: 👁️  SHOWING Bluetooth widget - data: D42 🎧55
2026-07-13T21:15:22+00:00 machine gtk-status-bar[2939]: 2026-07-13T21:15:22.350411Z  INFO gtk_status_bar::network: Network reachability probe completed target=198.51.100.1 success=false elapsed_ms=12
2026-07-13T21:15:22+00:00 machine gtk-status-bar[2939]: 2026-07-13T21:15:22.350465Z DEBUG gtk_status_bar::network: Sent network update label="\u{f091f} 28% \u{f0ac}"
2026-07-13T21:15:22+00:00 machine gtk-status-bar[2939]: 2026-07-13T21:15:22.350646Z DEBUG gtk_status_bar::widgets: Updating network label: 󰤟 28% 
2026-07-13T21:15:23+00:00 machine gtk-status-bar[2939]: 2026-07-13T21:15:23.001486Z DEBUG gtk_status_bar::widgets: Updating time label:  9:15 PM
2026-07-13T21:15:23+00:00 machine gtk-status-bar[2939]: 2026-07-13T21:15:23.403463Z  INFO gtk_status_bar::network: Network reachability probe completed target=198.51.100.1 success=false elapsed_ms=18
2026-07-13T21:15:23+00:00 machine gtk-status-bar[2939]: 2026-07-13T21:15:23.403526Z DEBUG gtk_status_bar::network: Sent network update label="\u{f091f} 28% \u{f0ac}"
2026-07-13T21:15:23+00:00 machine gtk-status-bar[2939]: 2026-07-13T21:15:23.403774Z DEBUG gtk_status_bar::widgets: Updating network label: 󰤟 28% 
2026-07-13T21:15:24+00:00 machine gtk-status-bar[2939]: 2026-07-13T21:15:24.001033Z DEBUG gtk_status_bar::widgets: Updating time label:  9:15 PM
2026-07-13T21:15:24+00:00 machine gtk-status-bar[2939]: 2026-07-13T21:15:24.924097Z DEBUG gtk_status_bar::dbus: Got an event in event stream: Msg { type: Signal, serial: 123, sender: UniqueName(":1.6"), path: ObjectPath("/"), iface: InterfaceName("org.freedesktop.DBus.ObjectManager"), member: MemberName("InterfacesRemoved"), body: Structure(Dynamic { fields: [ObjectPath, Array(Dynamic { child: Str })] }), fds: [] }
2026-07-13T21:15:24+00:00 machine gtk-status-bar[2939]: 2026-07-13T21:15:24.925622Z DEBUG gtk_status_bar::dbus: Dbus monitor: Received D-Bus message from path: Some(ObjectPath("/")), interface: Some(InterfaceName("org.freedesktop.DBus.ObjectManager")), member: Some(MemberName("InterfacesRemoved"))
2026-07-13T21:15:24+00:00 machine gtk-status-bar[2939]: 2026-07-13T21:15:24.925682Z  INFO gtk_status_bar::dbus: Dbus monitor: Received signal
2026-07-13T21:15:24+00:00 machine gtk-status-bar[2939]: 2026-07-13T21:15:24.925718Z  INFO gtk_status_bar::dbus: Dbus monitor: Received InterfacesRemoved signal from ObjectManager
2026-07-13T21:15:24+00:00 machine gtk-status-bar[2939]: 2026-07-13T21:15:24.925874Z DEBUG gtk_status_bar::dbus: Dbus monitor: Interfaces removed from /org/bluez/hci0/dev_AA_BB_CC_DD_EE_02: Array { elements: [Str("org.bluez.Device1")], signature: Array(Dynamic { child: Str }) }
2026-07-13T21:15:24+00:00 machine gtk-status-bar[2939]: 2026-07-13T21:15:24.925915Z  INFO gtk_status_bar::dbus: Dbus monitor: Bluetooth Device1 interface removed from /org/bluez/hci0/dev_AA_BB_CC_DD_EE_02
2026-07-13T21:15:24+00:00 machine gtk-status-bar[2939]: 2026-07-13T21:15:24.925952Z  INFO gtk_status_bar::dbus: Removed device /org/bluez/hci0/dev_AA_BB_CC_DD_EE_02 from HashMap (Device1 gone)
2026-07-13T21:15:24+00:00 machine gtk-status-bar[2939]: 2026-07-13T21:15:24.926172Z DEBUG gtk_status_bar::widgets: Updating Bluetooth battery label: 🎧55
2026-07-13T21:15:24+00:00 machine gtk-status-bar[2939]: 2026-07-13T21:15:24.926267Z DEBUG gtk_status_bar::widgets: 👁️  SHOWING Bluetooth widget - data: 🎧55
2026-07-13T21:15:25+00:00 machine gtk-status-bar[2939]: 2026-07-13T21:15:25.001404Z DEBUG gtk_status_bar::widgets: Updating time label:  9:15 PM
2026-07-13T21:15:25+00:00 machine gtk-status-bar[2939]: 2026-07-13T21:15:25.046266Z  INFO gtk_status_bar::network: Network reachability probe completed target=192.0.2.1 success=true elapsed_ms=10
2026-07-13T21:15:25+00:00 machine gtk-status-bar[2939]: 2026-07-13T21:15:25.046321Z DEBUG gtk_status_bar::network: Sent network update label="\u{f091f} 28% \u{f0ac}"
2026-07-13T21:15:25+00:00 machine gtk-status-bar[2939]: 2026-07-13T21:15:25.046503Z DEBUG gtk_status_bar::widgets: Updating network label: 󰤟 28% 
2026-07-13T21:15:25+00:00 machine gtk-status-bar[2939]: 2026-07-13T21:15:25.117347Z  INFO gtk_status_bar::network: Network reachability probe completed target=198.51.100.1 success=false elapsed_ms=16
2026-07-13T21:15:25+00:00 machine gtk-status-bar[2939]: 2026-07-13T21:15:25.117395Z DEBUG gtk_status_bar::network: Sent network update label="\u{f091f} 28% \u{f0ac}"
2026-07-13T21:15:25+00:00 machine gtk-status-bar[2939]: 2026-07-13T21:15:25.117662Z DEBUG gtk_status_bar::widgets: Updating network label: 󰤟 28% 
2026-07-13T21:15:25+00:00 machine gtk-status-bar[2939]: 2026-07-13T21:15:25.207907Z DEBUG gtk_status_bar::dbus: Got an event in event stream: Msg { type: Signal, serial: 127, sender: UniqueName(":1.6"), path: ObjectPath("/"), iface: InterfaceName("org.freedesktop.DBus.ObjectManager"), member: MemberName("InterfacesRemoved"), body: Structure(Dynamic { fields: [ObjectPath, Array(Dynamic { child: Str })] }), fds: [] }
2026-07-13T21:15:25+00:00 machine gtk-status-bar[2939]: 2026-07-13T21:15:25.207962Z DEBUG gtk_status_bar::dbus: Dbus monitor: Received D-Bus message from path: Some(ObjectPath("/")), interface: Some(InterfaceName("org.freedesktop.DBus.ObjectManager")), member: Some(MemberName("InterfacesRemoved"))
2026-07-13T21:15:25+00:00 machine gtk-status-bar[2939]: 2026-07-13T21:15:25.207984Z  INFO gtk_status_bar::dbus: Dbus monitor: Received signal
2026-07-13T21:15:25+00:00 machine gtk-status-bar[2939]: 2026-07-13T21:15:25.208003Z  INFO gtk_status_bar::dbus: Dbus monitor: Received InterfacesRemoved signal from ObjectManager
2026-07-13T21:15:25+00:00 machine gtk-status-bar[2939]: 2026-07-13T21:15:25.208039Z DEBUG gtk_status_bar::dbus: Dbus monitor: Interfaces removed from /org/bluez/hci0/dev_AA_BB_CC_DD_EE_03: Array { elements: [Str("org.bluez.Device1")], signature: Array(Dynamic { child: Str }) }
2026-07-13T21:15:25+00:00 machine gtk-status-bar[2939]: 2026-07-13T21:15:25.208064Z  INFO gtk_status_bar::dbus: Dbus monitor: Bluetooth Device1 interface removed from /org/bluez/hci0/dev_AA_BB_CC_DD_EE_03
2026-07-13T21:15:25+00:00 machine gtk-status-bar[2939]: 2026-07-13T21:15:25.208083Z  INFO gtk_status_bar::dbus: Removed device /org/bluez/hci0/dev_AA_BB_CC_DD_EE_03 from HashMap (Device1 gone)
2026-07-13T21:15:25+00:00 machine gtk-status-bar[2939]: 2026-07-13T21:15:25.209248Z DEBUG gtk_status_bar::widgets: Updating Bluetooth battery label:
2026-07-13T21:15:25+00:00 machine gtk-status-bar[2939]: 2026-07-13T21:15:25.209353Z DEBUG gtk_status_bar::widgets: 🙈 HIDING Bluetooth widget - no devices
2026-07-13T21:15:26+00:00 machine gtk-status-bar[2939]: 2026-07-13T21:15:26.002046Z DEBUG gtk_status_bar::widgets: Updating time label:  9:15 PM
2026-07-13T21:15:26+00:00 machine gtk-status-bar[2939]: 2026-07-13T21:15:26.542388Z  INFO gtk_status_bar::network: Network reachability probe completed target=192.0.2.1 success=true elapsed_ms=22
2026-07-13T21:15:26+00:00 machine gtk-status-bar[2939]: 2026-07-13T21:15:26.542484Z DEBUG gtk_status_bar::network: Sent network update label="\u{f091f} 28% \u{f0ac}"
2026-07-13T21:15:26+00:00 machine gtk-status-bar[2939]: 2026-07-13T21:15:26.542688Z DEBUG gtk_status_bar::widgets: Updating network label: 󰤟 28% 
2026-07-13T21:15:27+00:00 machine gtk-status-bar[2939]: 2026-07-13T21:15:27.001984Z DEBUG gtk_status_bar::widgets: Updating time label:  9:15 PM
2026-07-13T21:15:27+00:00 machine gtk-status-bar[2939]: 2026-07-13T21:15:27.682101Z  INFO gtk_status_bar::network: Network reachability probe completed target=192.0.2.1 success=true elapsed_ms=10
2026-07-13T21:15:27+00:00 machine gtk-status-bar[2939]: 2026-07-13T21:15:27.682148Z DEBUG gtk_status_bar::network: Sent network update label="\u{f091f} 28% \u{f0ac}"
2026-07-13T21:15:27+00:00 machine gtk-status-bar[2939]: 2026-07-13T21:15:27.682324Z DEBUG gtk_status_bar::widgets: Updating network label: 󰤟 28% 
2026-07-13T21:15:27+00:00 machine gtk-status-bar[2939]: 2026-07-13T21:15:27.798301Z DEBUG gtk_status_bar::pw: 🚫 Skipping metadata '' (props: Some(DictRef { flags: Flags(0x0), entries: {"object.serial": "61", "module.id": "2", "pipewire.protocol": "protocol-native", "pipewire.sec.pid": "1408", "pipewire.sec.uid": "1000", "pipewire.sec.gid": "100", "pipewire.sec.socket": "pipewire-0", "application.name": "pactl", "pipewire.access": "unrestricted"} }))
2026-07-13T21:15:27+00:00 machine gtk-status-bar[2939]: 2026-07-13T21:15:27.808603Z DEBUG gtk_status_bar::pw: 🚫 Skipping metadata '' (props: Some(DictRef { flags: Flags(0x0), entries: {"object.serial": "62", "module.id": "2", "pipewire.protocol": "protocol-native", "pipewire.sec.pid": "1408", "pipewire.sec.uid": "1000", "pipewire.sec.gid": "100", "pipewire.sec.socket": "pipewire-0", "application.name": "pipewire", "pipewire.access": "unrestricted"} }))
2026-07-13T21:15:27+00:00 machine gtk-status-bar[2939]: 2026-07-13T21:15:27.808647Z DEBUG gtk_status_bar::pw: 🚫 Skipping metadata '' (props: Some(DictRef { flags: Flags(0x0), entries: {"object.serial": "63", "factory.id": "19", "client.id": "61", "node.description": "Alpha", "node.name": "Alpha", "media.class": "Audio/Sink"} }))
2026-07-13T21:15:27+00:00 machine gtk-status-bar[2939]: 2026-07-13T21:15:27.808669Z DEBUG gtk_status_bar::pw: 🔍 Checking node - media.class: Some("Audio/Sink")
2026-07-13T21:15:27+00:00 machine gtk-status-bar[2939]: 2026-07-13T21:15:27.808686Z DEBUG gtk_status_bar::pw: 🔍 Node filter result: true for media.class: Some("Audio/Sink")
2026-07-13T21:15:27+00:00 machine gtk-status-bar[2939]: 2026-07-13T21:15:27.808992Z DEBUG gtk_status_bar::pw: 📱 Monitoring audio node: Alpha (5) [node.name: Alpha]
2026-07-13T21:15:27+00:00 machine gtk-status-bar[2939]: 2026-07-13T21:15:27.809016Z DEBUG gtk_status_bar::pw: 🔗 ADDING NODE LISTENER for node.name: Alpha
2026-07-13T21:15:27+00:00 machine gtk-status-bar[2939]: 2026-07-13T21:15:27.809037Z DEBUG gtk_status_bar::pw: 📝 Added device to HashMap: 5 -> (Alpha, Alpha, no volume yet)
2026-07-13T21:15:27+00:00 machine gtk-status-bar[2939]: 2026-07-13T21:15:27.809057Z DEBUG gtk_status_bar::pw: 🗂️ Current device map size: 2
2026-07-13T21:15:27+00:00 machine gtk-status-bar[2939]: 2026-07-13T21:15:27.809087Z DEBUG gtk_status_bar::pw: 🗑️ Node 4 removed, cleaning up
2026-07-13T21:15:27+00:00 machine gtk-status-bar[2939]: 2026-07-13T21:15:27.809108Z DEBUG gtk_status_bar::pw: ✅ Removed device from HashMap: 4 -> (auto_null, Dummy Output)
2026-07-13T21:15:27+00:00 machine gtk-status-bar[2939]: 2026-07-13T21:15:27.809130Z DEBUG gtk_status_bar::pw: 🗂️ Device map size after removal: 1
2026-07-13T21:15:27+00:00 machine gtk-status-bar[2939]: 2026-07-13T21:15:27.809248Z DEBUG gtk_status_bar::pw: 🎛️  NODE PARAM CALLBACK: Alpha (5) received Props param
2026-07-13T21:15:27+00:00 machine gtk-status-bar[2939]: 2026-07-13T21:15:27.809271Z DEBUG gtk_status_bar::pw: 🔊 Node 5: Alpha - Vol: Some(100)% | Ch: Some(100)% | Mute: Some(false) [CACHING]
2026-07-13T21:15:27+00:00 machine gtk-status-bar[2939]: 2026-07-13T21:15:27.809289Z DEBUG gtk_status_bar::pw: 📝 Updated volume cache for device 5: Alpha -> Vol: Some(100)%, Ch: Some(100)%, Mute: Some(false)
2026-07-13T21:15:27+00:00 machine gtk-status-bar[2939]: 2026-07-13T21:15:27.809306Z DEBUG gtk_status_bar::pw: 🎯 Checking if device 5 is default: current_default=Some("auto_null"), node_name=Alpha, is_default=false
2026-07-13T21:15:27+00:00 machine gtk-status-bar[2939]: 2026-07-13T21:15:27.809323Z DEBUG gtk_status_bar::pw: 📊 Cached volume for non-default device 5 (Alpha)
2026-07-13T21:15:27+00:00 machine gtk-status-bar[2939]: 2026-07-13T21:15:27.809341Z ERROR gtk_status_bar::pw: ❌ PipeWire error id:5 seq:7 res:-2: enum params id:13 (Spa:Enum:ParamId:Route) failed
2026-07-13T21:15:27+00:00 machine gtk-status-bar[2939]: 2026-07-13T21:15:27.814046Z DEBUG gtk_status_bar::pw: 📝 metadata.property subject=0 key=Some("default.audio.sink") value=None
2026-07-13T21:15:27+00:00 machine gtk-status-bar[2939]: 2026-07-13T21:15:27.814085Z DEBUG gtk_status_bar::pw: 🚫 Skipping metadata property: value is None for key Some("default.audio.sink")
2026-07-13T21:15:27+00:00 machine gtk-status-bar[2939]: 2026-07-13T21:15:27.829547Z DEBUG gtk_status_bar::pw: 🎛️  NODE PARAM CALLBACK: Alpha (5) received Props param
2026-07-13T21:15:27+00:00 machine gtk-status-bar[2939]: 2026-07-13T21:15:27.829595Z DEBUG gtk_status_bar::pw: 🔊 Node 5: Alpha - Vol: Some(100)% | Ch: Some(100)% | Mute: Some(false) [CACHING]
2026-07-13T21:15:27+00:00 machine gtk-status-bar[2939]: 2026-07-13T21:15:27.829620Z DEBUG gtk_status_bar::pw: 📝 Updated volume cache for device 5: Alpha -> Vol: Some(100)%, Ch: Some(100)%, Mute: Some(false)
2026-07-13T21:15:27+00:00 machine gtk-status-bar[2939]: 2026-07-13T21:15:27.829865Z DEBUG gtk_status_bar::pw: 🎯 Checking if device 5 is default: current_default=Some("auto_null"), node_name=Alpha, is_default=false
2026-07-13T21:15:27+00:00 machine gtk-status-bar[2939]: 2026-07-13T21:15:27.829893Z DEBUG gtk_status_bar::pw: 📊 Cached volume for non-default device 5 (Alpha)
2026-07-13T21:15:27+00:00 machine gtk-status-bar[2939]: 2026-07-13T21:15:27.829918Z DEBUG gtk_status_bar::pw: 🎛️  NODE PARAM CALLBACK: Alpha (5) received Props param
2026-07-13T21:15:27+00:00 machine gtk-status-bar[2939]: 2026-07-13T21:15:27.829943Z DEBUG gtk_status_bar::pw: 🔊 Node 5: Alpha - Vol: Some(100)% | Ch: Some(100)% | Mute: Some(false) [CACHING]
2026-07-13T21:15:27+00:00 machine gtk-status-bar[2939]: 2026-07-13T21:15:27.829965Z DEBUG gtk_status_bar::pw: 📝 Updated volume cache for device 5: Alpha -> Vol: Some(100)%, Ch: Some(100)%, Mute: Some(false)
2026-07-13T21:15:27+00:00 machine gtk-status-bar[2939]: 2026-07-13T21:15:27.829987Z DEBUG gtk_status_bar::pw: 🎯 Checking if device 5 is default: current_default=Some("auto_null"), node_name=Alpha, is_default=false
2026-07-13T21:15:27+00:00 machine gtk-status-bar[2939]: 2026-07-13T21:15:27.830008Z DEBUG gtk_status_bar::pw: 📊 Cached volume for non-default device 5 (Alpha)
2026-07-13T21:15:27+00:00 machine gtk-status-bar[2939]: 2026-07-13T21:15:27.830036Z DEBUG gtk_status_bar::pw: 🚫 Skipping metadata '' (props: Some(DictRef { flags: Flags(0x0), entries: {"object.serial": "64", "object.path": "Alpha:playback_0", "format.dsp": "32 bit float mono audio", "node.id": "62", "audio.channel": "FL", "port.id": "0", "port.name": "playback_FL", "port.direction": "in", "port.alias": "Alpha:playback_FL", "port.group": "stream.0"} }))
2026-07-13T21:15:27+00:00 machine gtk-status-bar[2939]: 2026-07-13T21:15:27.830209Z DEBUG gtk_status_bar::pw: 🚫 Skipping metadata '' (props: Some(DictRef { flags: Flags(0x0), entries: {"object.serial": "65", "object.path": "Alpha:playback_1", "format.dsp": "32 bit float mono audio", "node.id": "62", "audio.channel": "FR", "port.id": "1", "port.name": "playback_FR", "port.direction": "in", "port.alias": "Alpha:playback_FR", "port.group": "stream.0"} }))
2026-07-13T21:15:27+00:00 machine gtk-status-bar[2939]: 2026-07-13T21:15:27.830240Z DEBUG gtk_status_bar::pw: 🚫 Skipping metadata '' (props: Some(DictRef { flags: Flags(0x0), entries: {"object.serial": "66", "object.path": "Alpha:monitor_0", "format.dsp": "32 bit float mono audio", "node.id": "62", "audio.channel": "FL", "port.id": "0", "port.name": "monitor_FL", "port.direction": "out", "port.monitor": "true", "port.alias": "Alpha:monitor_FL", "port.group": "stream.0"} }))
2026-07-13T21:15:27+00:00 machine gtk-status-bar[2939]: 2026-07-13T21:15:27.830270Z DEBUG gtk_status_bar::pw: 🚫 Skipping metadata '' (props: Some(DictRef { flags: Flags(0x0), entries: {"object.serial": "67", "object.path": "Alpha:monitor_1", "format.dsp": "32 bit float mono audio", "node.id": "62", "audio.channel": "FR", "port.id": "1", "port.name": "monitor_FR", "port.direction": "out", "port.monitor": "true", "port.alias": "Alpha:monitor_FR", "port.group": "stream.0"} }))
2026-07-13T21:15:27+00:00 machine gtk-status-bar[2939]: 2026-07-13T21:15:27.830298Z DEBUG gtk_status_bar::pw: 🎛️  NODE PARAM CALLBACK: Alpha (5) received Props param
2026-07-13T21:15:27+00:00 machine gtk-status-bar[2939]: 2026-07-13T21:15:27.830325Z DEBUG gtk_status_bar::pw: 🔊 Node 5: Alpha - Vol: Some(100)% | Ch: Some(100)% | Mute: Some(false) [CACHING]
2026-07-13T21:15:27+00:00 machine gtk-status-bar[2939]: 2026-07-13T21:15:27.830347Z DEBUG gtk_status_bar::pw: 📝 Updated volume cache for device 5: Alpha -> Vol: Some(100)%, Ch: Some(100)%, Mute: Some(false)
2026-07-13T21:15:27+00:00 machine gtk-status-bar[2939]: 2026-07-13T21:15:27.830369Z DEBUG gtk_status_bar::pw: 🎯 Checking if device 5 is default: current_default=Some("auto_null"), node_name=Alpha, is_default=false
2026-07-13T21:15:27+00:00 machine gtk-status-bar[2939]: 2026-07-13T21:15:27.830391Z DEBUG gtk_status_bar::pw: 📊 Cached volume for non-default device 5 (Alpha)
2026-07-13T21:15:27+00:00 machine gtk-status-bar[2939]: 2026-07-13T21:15:27.835969Z DEBUG gtk_status_bar::pw: 🎛️  NODE PARAM CALLBACK: Alpha (5) received Props param
2026-07-13T21:15:27+00:00 machine gtk-status-bar[2939]: 2026-07-13T21:15:27.836010Z DEBUG gtk_status_bar::pw: 🔊 Node 5: Alpha - Vol: Some(100)% | Ch: Some(100)% | Mute: Some(false) [CACHING]
2026-07-13T21:15:27+00:00 machine gtk-status-bar[2939]: 2026-07-13T21:15:27.836031Z DEBUG gtk_status_bar::pw: 📝 Updated volume cache for device 5: Alpha -> Vol: Some(100)%, Ch: Some(100)%, Mute: Some(false)
2026-07-13T21:15:27+00:00 machine gtk-status-bar[2939]: 2026-07-13T21:15:27.836051Z DEBUG gtk_status_bar::pw: 🎯 Checking if device 5 is default: current_default=Some("auto_null"), node_name=Alpha, is_default=false
2026-07-13T21:15:27+00:00 machine gtk-status-bar[2939]: 2026-07-13T21:15:27.836071Z DEBUG gtk_status_bar::pw: 📊 Cached volume for non-default device 5 (Alpha)
2026-07-13T21:15:27+00:00 machine gtk-status-bar[2939]: 2026-07-13T21:15:27.844887Z DEBUG gtk_status_bar::pw: 📝 metadata.property subject=0 key=Some("default.audio.sink") value=Some("{\"name\":\"Alpha\"}")
2026-07-13T21:15:27+00:00 machine gtk-status-bar[2939]: 2026-07-13T21:15:27.844921Z DEBUG gtk_status_bar::pw: 🔍 Processing metadata property: default.audio.sink={"name":"Alpha"}
2026-07-13T21:15:27+00:00 machine gtk-status-bar[2939]: 2026-07-13T21:15:27.844945Z  INFO gtk_status_bar::pw: 🔄 Default sink -> Alpha
2026-07-13T21:15:27+00:00 machine gtk-status-bar[2939]: 2026-07-13T21:15:27.845071Z DEBUG gtk_status_bar::pw: 🎯 SINK CHANGE: Some("auto_null") -> Alpha (should trigger volume fetch)
2026-07-13T21:15:27+00:00 machine gtk-status-bar[2939]: 2026-07-13T21:15:27.845091Z DEBUG gtk_status_bar::pw: 🗂️ Searching device map for default sink 'Alpha'
2026-07-13T21:15:27+00:00 machine gtk-status-bar[2939]: 2026-07-13T21:15:27.845108Z DEBUG gtk_status_bar::pw: 🗂️ Current device map contents: {5: ("Alpha", "Alpha", Some(100), Some(100), Some(false))}
2026-07-13T21:15:27+00:00 machine gtk-status-bar[2939]: 2026-07-13T21:15:27.845161Z DEBUG gtk_status_bar::pw: 🔍 Checking device 5: node_name='Alpha', description='Alpha' against default sink 'Alpha'
2026-07-13T21:15:27+00:00 machine gtk-status-bar[2939]: 2026-07-13T21:15:27.845183Z DEBUG gtk_status_bar::pw: 🎯 MATCH! Found device 5 with node_name 'Alpha' matching default sink
2026-07-13T21:15:27+00:00 machine gtk-status-bar[2939]: 2026-07-13T21:15:27.845202Z DEBUG gtk_status_bar::pw: 🎨 Updating GUI label to: 'Alpha' with cached volume data
2026-07-13T21:15:27+00:00 machine gtk-status-bar[2939]: 2026-07-13T21:15:27.845220Z DEBUG gtk_status_bar::pw: 💾 Cached volume data: Vol: Some(100)%, Ch: Some(100)%, Mute: Some(false)
2026-07-13T21:15:27+00:00 machine gtk-status-bar[2939]: 2026-07-13T21:15:27.845246Z DEBUG gtk_status_bar::pw: ✅ Sent REAL volume data to GUI: 'Alpha' Vol: Some(100)%, Ch: Some(100)%, Mute: Some(false)
2026-07-13T21:15:27+00:00 machine gtk-status-bar[2939]: 2026-07-13T21:15:27.845606Z DEBUG gtk_status_bar::widgets: 📺 GTK UI updated via ASYNC: 🔊A100
2026-07-13T21:15:28+00:00 machine gtk-status-bar[2939]: 2026-07-13T21:15:28.001386Z DEBUG gtk_status_bar::widgets: Updating time label:  9:15 PM
2026-07-13T21:15:28+00:00 machine gtk-status-bar[2939]: 2026-07-13T21:15:28.153533Z DEBUG gtk_status_bar::pw: 🚫 Skipping metadata '' (props: Some(DictRef { flags: Flags(0x0), entries: {"object.serial": "68", "module.id": "2", "pipewire.protocol": "protocol-native", "pipewire.sec.pid": "1408", "pipewire.sec.uid": "1000", "pipewire.sec.gid": "100", "pipewire.sec.socket": "pipewire-0", "application.name": "pactl", "pipewire.access": "unrestricted"} }))
2026-07-13T21:15:28+00:00 machine gtk-status-bar[2939]: 2026-07-13T21:15:28.164490Z DEBUG gtk_status_bar::pw: 📝 metadata.property subject=0 key=Some("default.configured.audio.sink") value=Some("{ \"name\": \"Alpha\" }")
2026-07-13T21:15:28+00:00 machine gtk-status-bar[2939]: 2026-07-13T21:15:28.164521Z DEBUG gtk_status_bar::pw: 🔍 Processing metadata property: default.configured.audio.sink={ "name": "Alpha" }
2026-07-13T21:15:28+00:00 machine gtk-status-bar[2939]: 2026-07-13T21:15:28.164537Z DEBUG gtk_status_bar::pw: 🔧 Other metadata property: default.configured.audio.sink (ignored)
2026-07-13T21:15:28+00:00 machine gtk-status-bar[2939]: 2026-07-13T21:15:28.334518Z DEBUG gtk_status_bar::pw: 🚫 Skipping metadata '' (props: Some(DictRef { flags: Flags(0x0), entries: {"object.serial": "69", "module.id": "2", "pipewire.protocol": "protocol-native", "pipewire.sec.pid": "1408", "pipewire.sec.uid": "1000", "pipewire.sec.gid": "100", "pipewire.sec.socket": "pipewire-0", "application.name": "pactl", "pipewire.access": "unrestricted"} }))
2026-07-13T21:15:28+00:00 machine gtk-status-bar[2939]: 2026-07-13T21:15:28.349015Z DEBUG gtk_status_bar::pw: 🎛️  NODE PARAM CALLBACK: Alpha (5) received Props param
2026-07-13T21:15:28+00:00 machine gtk-status-bar[2939]: 2026-07-13T21:15:28.349063Z DEBUG gtk_status_bar::pw: 🔊 Node 5: Alpha - Vol: Some(100)% | Ch: Some(50)% | Mute: Some(false) [CACHING]
2026-07-13T21:15:28+00:00 machine gtk-status-bar[2939]: 2026-07-13T21:15:28.349088Z DEBUG gtk_status_bar::pw: 📝 Updated volume cache for device 5: Alpha -> Vol: Some(100)%, Ch: Some(50)%, Mute: Some(false)
2026-07-13T21:15:28+00:00 machine gtk-status-bar[2939]: 2026-07-13T21:15:28.349112Z DEBUG gtk_status_bar::pw: 🎯 Checking if device 5 is default: current_default=Some("Alpha"), node_name=Alpha, is_default=true
2026-07-13T21:15:28+00:00 machine gtk-status-bar[2939]: 2026-07-13T21:15:28.349134Z DEBUG gtk_status_bar::pw: 📤 SENDING VOLUME UPDATE to GUI for default sink (node id=5)
2026-07-13T21:15:28+00:00 machine gtk-status-bar[2939]: 2026-07-13T21:15:28.349389Z DEBUG gtk_status_bar::widgets: 📺 GTK UI updated via ASYNC: 🔊A50
2026-07-13T21:15:29+00:00 machine gtk-status-bar[2939]: 2026-07-13T21:15:29.001464Z DEBUG gtk_status_bar::widgets: Updating time label:  9:15 PM
2026-07-13T21:15:29+00:00 machine gtk-status-bar[2939]: 2026-07-13T21:15:29.318820Z  INFO gtk_status_bar::network: Network reachability probe completed target=198.51.100.1 success=false elapsed_ms=16
2026-07-13T21:15:29+00:00 machine gtk-status-bar[2939]: 2026-07-13T21:15:29.318872Z DEBUG gtk_status_bar::network: Sent network update label="\u{f091f} 28% \u{f0ac}"
2026-07-13T21:15:29+00:00 machine gtk-status-bar[2939]: 2026-07-13T21:15:29.319317Z DEBUG gtk_status_bar::widgets: Updating network label: 󰤟 28% 
2026-07-13T21:15:29+00:00 machine gtk-status-bar[2939]: 2026-07-13T21:15:29.381654Z  INFO gtk_status_bar::network: Network reachability probe completed target=198.51.100.1 success=false elapsed_ms=11
2026-07-13T21:15:29+00:00 machine gtk-status-bar[2939]: 2026-07-13T21:15:29.381767Z DEBUG gtk_status_bar::network: Sent network update label="\u{f091f} 28% \u{f0ac}"
2026-07-13T21:15:29+00:00 machine gtk-status-bar[2939]: 2026-07-13T21:15:29.382031Z DEBUG gtk_status_bar::widgets: Updating network label: 󰤟 28% 
2026-07-13T21:15:30+00:00 machine gtk-status-bar[2939]: 2026-07-13T21:15:30.001987Z DEBUG gtk_status_bar::widgets: Updating time label:  9:15 PM
2026-07-13T21:15:30+00:00 machine gtk-status-bar[2939]: 2026-07-13T21:15:30.452276Z  INFO gtk_status_bar::network: Network reachability probe completed target=192.0.2.1 success=true elapsed_ms=15
2026-07-13T21:15:30+00:00 machine gtk-status-bar[2939]: 2026-07-13T21:15:30.452330Z DEBUG gtk_status_bar::network: Sent network update label="\u{f091f} 28% \u{f0ac}"
2026-07-13T21:15:30+00:00 machine gtk-status-bar[2939]: 2026-07-13T21:15:30.452549Z DEBUG gtk_status_bar::widgets: Updating network label: 󰤟 28% 
2026-07-13T21:15:31+00:00 machine gtk-status-bar[2939]: 2026-07-13T21:15:31.002059Z DEBUG gtk_status_bar::widgets: Updating time label:  9:15 PM
2026-07-13T21:15:32+00:00 machine gtk-status-bar[2939]: 2026-07-13T21:15:32.001956Z DEBUG gtk_status_bar::widgets: Updating time label:  9:15 PM
2026-07-13T21:15:32+00:00 machine gtk-status-bar[2939]: 2026-07-13T21:15:32.039271Z DEBUG gtk_status_bar::pw: 🚫 Skipping metadata '' (props: Some(DictRef { flags: Flags(0x0), entries: {"object.serial": "70", "module.id": "2", "pipewire.protocol": "protocol-native", "pipewire.sec.pid": "1408", "pipewire.sec.uid": "1000", "pipewire.sec.gid": "100", "pipewire.sec.socket": "pipewire-0", "application.name": "pactl", "pipewire.access": "unrestricted"} }))
2026-07-13T21:15:32+00:00 machine gtk-status-bar[2939]: 2026-07-13T21:15:32.058670Z DEBUG gtk_status_bar::pw: 🎛️  NODE PARAM CALLBACK: Alpha (5) received Props param
2026-07-13T21:15:32+00:00 machine gtk-status-bar[2939]: 2026-07-13T21:15:32.058765Z DEBUG gtk_status_bar::pw: 🔊 Node 5: Alpha - Vol: Some(100)% | Ch: Some(75)% | Mute: Some(false) [CACHING]
2026-07-13T21:15:32+00:00 machine gtk-status-bar[2939]: 2026-07-13T21:15:32.058788Z DEBUG gtk_status_bar::pw: 📝 Updated volume cache for device 5: Alpha -> Vol: Some(100)%, Ch: Some(75)%, Mute: Some(false)
2026-07-13T21:15:32+00:00 machine gtk-status-bar[2939]: 2026-07-13T21:15:32.058816Z DEBUG gtk_status_bar::pw: 🎯 Checking if device 5 is default: current_default=Some("Alpha"), node_name=Alpha, is_default=true
2026-07-13T21:15:32+00:00 machine gtk-status-bar[2939]: 2026-07-13T21:15:32.058835Z DEBUG gtk_status_bar::pw: 📤 SENDING VOLUME UPDATE to GUI for default sink (node id=5)
2026-07-13T21:15:32+00:00 machine gtk-status-bar[2939]: 2026-07-13T21:15:32.062165Z DEBUG gtk_status_bar::widgets: 📺 GTK UI updated via ASYNC: 🔊A75
2026-07-13T21:15:32+00:00 machine gtk-status-bar[2939]: 2026-07-13T21:15:32.422581Z  INFO gtk_status_bar::network: Network reachability probe completed target=192.0.2.1 success=true elapsed_ms=23
2026-07-13T21:15:32+00:00 machine gtk-status-bar[2939]: 2026-07-13T21:15:32.422630Z DEBUG gtk_status_bar::network: Sent network update label="\u{f091f} 28% \u{f0ac}"
2026-07-13T21:15:32+00:00 machine gtk-status-bar[2939]: 2026-07-13T21:15:32.422979Z DEBUG gtk_status_bar::widgets: Updating network label: 󰤟 28% 
2026-07-13T21:15:33+00:00 machine gtk-status-bar[2939]: 2026-07-13T21:15:33.002075Z DEBUG gtk_status_bar::widgets: Updating time label:  9:15 PM
2026-07-13T21:15:34+00:00 machine gtk-status-bar[2939]: 2026-07-13T21:15:34.003139Z DEBUG gtk_status_bar::widgets: Updating time label:  9:15 PM
2026-07-13T21:15:34+00:00 machine gtk-status-bar[2939]: 2026-07-13T21:15:34.101926Z  INFO gtk_status_bar::network: Network reachability probe completed target=198.51.100.1 success=false elapsed_ms=15
2026-07-13T21:15:34+00:00 machine gtk-status-bar[2939]: 2026-07-13T21:15:34.101979Z DEBUG gtk_status_bar::network: Sent network update label="\u{f091f} 28% \u{f0ac}"
2026-07-13T21:15:34+00:00 machine gtk-status-bar[2939]: 2026-07-13T21:15:34.102117Z DEBUG gtk_status_bar::widgets: Updating network label: 󰤟 28% 
2026-07-13T21:15:35+00:00 machine gtk-status-bar[2939]: 2026-07-13T21:15:35.002656Z DEBUG gtk_status_bar::widgets: Updating time label:  9:15 PM
2026-07-13T21:15:35+00:00 machine gtk-status-bar[2939]: 2026-07-13T21:15:35.037557Z  INFO gtk_status_bar::network: Network reachability probe completed target=192.0.2.1 success=true elapsed_ms=16
2026-07-13T21:15:35+00:00 machine gtk-status-bar[2939]: 2026-07-13T21:15:35.037611Z DEBUG gtk_status_bar::network: Sent network update label="\u{f091f} 28% \u{f0ac}"
2026-07-13T21:15:35+00:00 machine gtk-status-bar[2939]: 2026-07-13T21:15:35.037845Z DEBUG gtk_status_bar::widgets: Updating network label: 󰤟 28% 
2026-07-13T21:15:35+00:00 machine gtk-status-bar[2939]: 2026-07-13T21:15:35.300566Z  INFO gtk_status_bar::network: Network reachability probe completed target=198.51.100.1 success=false elapsed_ms=10
2026-07-13T21:15:35+00:00 machine gtk-status-bar[2939]: 2026-07-13T21:15:35.300610Z DEBUG gtk_status_bar::network: Sent network update label="\u{f091f} 28% \u{f0ac}"
2026-07-13T21:15:35+00:00 machine gtk-status-bar[2939]: 2026-07-13T21:15:35.300786Z DEBUG gtk_status_bar::widgets: Updating network label: 󰤟 28% 
2026-07-13T21:15:35+00:00 machine gtk-status-bar[2939]: 2026-07-13T21:15:35.636895Z DEBUG gtk_status_bar::pw: 🚫 Skipping metadata '' (props: Some(DictRef { flags: Flags(0x0), entries: {"object.serial": "71", "module.id": "2", "pipewire.protocol": "protocol-native", "pipewire.sec.pid": "1408", "pipewire.sec.uid": "1000", "pipewire.sec.gid": "100", "pipewire.sec.socket": "pipewire-0", "application.name": "pactl", "pipewire.access": "unrestricted"} }))
2026-07-13T21:15:35+00:00 machine gtk-status-bar[2939]: 2026-07-13T21:15:35.641219Z DEBUG gtk_status_bar::pw: 🎛️  NODE PARAM CALLBACK: Alpha (5) received Props param
2026-07-13T21:15:35+00:00 machine gtk-status-bar[2939]: 2026-07-13T21:15:35.641284Z DEBUG gtk_status_bar::pw: 🔊 Node 5: Alpha - Vol: Some(100)% | Ch: Some(75)% | Mute: Some(true) [CACHING]
2026-07-13T21:15:35+00:00 machine gtk-status-bar[2939]: 2026-07-13T21:15:35.641310Z DEBUG gtk_status_bar::pw: 📝 Updated volume cache for device 5: Alpha -> Vol: Some(100)%, Ch: Some(75)%, Mute: Some(true)
2026-07-13T21:15:35+00:00 machine gtk-status-bar[2939]: 2026-07-13T21:15:35.641329Z DEBUG gtk_status_bar::pw: 🎯 Checking if device 5 is default: current_default=Some("Alpha"), node_name=Alpha, is_default=true
2026-07-13T21:15:35+00:00 machine gtk-status-bar[2939]: 2026-07-13T21:15:35.641348Z DEBUG gtk_status_bar::pw: 📤 SENDING VOLUME UPDATE to GUI for default sink (node id=5)
2026-07-13T21:15:35+00:00 machine gtk-status-bar[2939]: 2026-07-13T21:15:35.641603Z DEBUG gtk_status_bar::widgets: 📺 GTK UI updated via ASYNC: 🔇A75
2026-07-13T21:15:36+00:00 machine gtk-status-bar[2939]: 2026-07-13T21:15:36.001840Z DEBUG gtk_status_bar::widgets: Updating time label:  9:15 PM
2026-07-13T21:15:36+00:00 machine gtk-status-bar[2939]: 2026-07-13T21:15:36.763032Z  INFO gtk_status_bar::network: Network reachability probe completed target=198.51.100.1 success=false elapsed_ms=17
2026-07-13T21:15:36+00:00 machine gtk-status-bar[2939]: 2026-07-13T21:15:36.763092Z DEBUG gtk_status_bar::network: Sent network update label="\u{f091f} 28% \u{f0ac}"
2026-07-13T21:15:36+00:00 machine gtk-status-bar[2939]: 2026-07-13T21:15:36.763295Z DEBUG gtk_status_bar::widgets: Updating network label: 󰤟 28% 
2026-07-13T21:15:37+00:00 machine gtk-status-bar[2939]: 2026-07-13T21:15:37.001504Z DEBUG gtk_status_bar::widgets: Updating time label:  9:15 PM
2026-07-13T21:15:37+00:00 machine gtk-status-bar[2939]: 2026-07-13T21:15:37.890275Z DEBUG gtk_status_bar::dbus: Got an event in event stream: Msg { type: Signal, serial: 130, sender: UniqueName(":1.6"), path: ObjectPath("/org/bluez/hci0"), iface: InterfaceName("org.freedesktop.DBus.Properties"), member: MemberName("PropertiesChanged"), body: Structure(Dynamic { fields: [Str, Dict { key: Dynamic { child: Str }, value: Dynamic { child: Variant } }, Array(Dynamic { child: Str })] }), fds: [] }
2026-07-13T21:15:37+00:00 machine gtk-status-bar[2939]: 2026-07-13T21:15:37.890323Z DEBUG gtk_status_bar::dbus: Dbus monitor: Received D-Bus message from path: Some(ObjectPath("/org/bluez/hci0")), interface: Some(InterfaceName("org.freedesktop.DBus.Properties")), member: Some(MemberName("PropertiesChanged"))
2026-07-13T21:15:37+00:00 machine gtk-status-bar[2939]: 2026-07-13T21:15:37.890345Z  INFO gtk_status_bar::dbus: Dbus monitor: Received signal
2026-07-13T21:15:37+00:00 machine gtk-status-bar[2939]: 2026-07-13T21:15:37.890365Z  INFO gtk_status_bar::dbus: Dbus monitor: Received PropertiesChanged signal
2026-07-13T21:15:37+00:00 machine gtk-status-bar[2939]: 2026-07-13T21:15:37.890405Z DEBUG gtk_status_bar::dbus: Dbus monitor: Ignored PropertiesChanged for interface: "org.bluez.Adapter1"
2026-07-13T21:15:37+00:00 machine gtk-status-bar[2939]: 2026-07-13T21:15:37.988177Z  INFO gtk_status_bar::network: Network reachability probe completed target=192.0.2.1 success=true elapsed_ms=12
2026-07-13T21:15:37+00:00 machine gtk-status-bar[2939]: 2026-07-13T21:15:37.988228Z DEBUG gtk_status_bar::network: Sent network update label="\u{f091f} 28% \u{f0ac}"
2026-07-13T21:15:37+00:00 machine gtk-status-bar[2939]: 2026-07-13T21:15:37.988443Z DEBUG gtk_status_bar::widgets: Updating network label: 󰤟 28% 
2026-07-13T21:15:38+00:00 machine gtk-status-bar[2939]: 2026-07-13T21:15:38.001045Z DEBUG gtk_status_bar::widgets: Updating time label:  9:15 PM
2026-07-13T21:15:39+00:00 machine gtk-status-bar[2939]: 2026-07-13T21:15:39.001968Z DEBUG gtk_status_bar::widgets: Updating time label:  9:15 PM
2026-07-13T21:15:39+00:00 machine gtk-status-bar[2939]: 2026-07-13T21:15:39.120086Z  INFO gtk_status_bar::network: Network reachability probe completed target=198.51.100.1 success=false elapsed_ms=11
2026-07-13T21:15:39+00:00 machine gtk-status-bar[2939]: 2026-07-13T21:15:39.120134Z DEBUG gtk_status_bar::network: Sent network update label="\u{f091f} 28% \u{f0ac}"
2026-07-13T21:15:39+00:00 machine gtk-status-bar[2939]: 2026-07-13T21:15:39.120292Z DEBUG gtk_status_bar::widgets: Updating network label: 󰤟 28% 
2026-07-13T21:15:39+00:00 machine gtk-status-bar[2939]: 2026-07-13T21:15:39.174385Z DEBUG gtk_status_bar::pw: 🚫 Skipping metadata '' (props: Some(DictRef { flags: Flags(0x0), entries: {"object.serial": "72", "module.id": "2", "pipewire.protocol": "protocol-native", "pipewire.sec.pid": "1408", "pipewire.sec.uid": "1000", "pipewire.sec.gid": "100", "pipewire.sec.socket": "pipewire-0", "application.name": "pactl", "pipewire.access": "unrestricted"} }))
2026-07-13T21:15:39+00:00 machine gtk-status-bar[2939]: 2026-07-13T21:15:39.191247Z DEBUG gtk_status_bar::pw: 🎛️  NODE PARAM CALLBACK: Alpha (5) received Props param
2026-07-13T21:15:39+00:00 machine gtk-status-bar[2939]: 2026-07-13T21:15:39.191284Z DEBUG gtk_status_bar::pw: 🔊 Node 5: Alpha - Vol: Some(100)% | Ch: Some(75)% | Mute: Some(false) [CACHING]
2026-07-13T21:15:39+00:00 machine gtk-status-bar[2939]: 2026-07-13T21:15:39.191301Z DEBUG gtk_status_bar::pw: 📝 Updated volume cache for device 5: Alpha -> Vol: Some(100)%, Ch: Some(75)%, Mute: Some(false)
2026-07-13T21:15:39+00:00 machine gtk-status-bar[2939]: 2026-07-13T21:15:39.191316Z DEBUG gtk_status_bar::pw: 🎯 Checking if device 5 is default: current_default=Some("Alpha"), node_name=Alpha, is_default=true
2026-07-13T21:15:39+00:00 machine gtk-status-bar[2939]: 2026-07-13T21:15:39.191331Z DEBUG gtk_status_bar::pw: 📤 SENDING VOLUME UPDATE to GUI for default sink (node id=5)
2026-07-13T21:15:39+00:00 machine gtk-status-bar[2939]: 2026-07-13T21:15:39.192079Z DEBUG gtk_status_bar::widgets: 📺 GTK UI updated via ASYNC: 🔊A75
2026-07-13T21:15:39+00:00 machine gtk-status-bar[2939]: 2026-07-13T21:15:39.356240Z DEBUG gtk_status_bar::pw: 🚫 Skipping metadata '' (props: Some(DictRef { flags: Flags(0x0), entries: {"object.serial": "73", "module.id": "2", "pipewire.protocol": "protocol-native", "pipewire.sec.pid": "1408", "pipewire.sec.uid": "1000", "pipewire.sec.gid": "100", "pipewire.sec.socket": "pipewire-0", "application.name": "pactl", "pipewire.access": "unrestricted"} }))
2026-07-13T21:15:39+00:00 machine gtk-status-bar[2939]: 2026-07-13T21:15:39.361017Z DEBUG gtk_status_bar::pw: 🎛️  NODE PARAM CALLBACK: Alpha (5) received Props param
2026-07-13T21:15:39+00:00 machine gtk-status-bar[2939]: 2026-07-13T21:15:39.361059Z DEBUG gtk_status_bar::pw: 🔊 Node 5: Alpha - Vol: Some(100)% | Ch: Some(0)% | Mute: Some(false) [CACHING]
2026-07-13T21:15:39+00:00 machine gtk-status-bar[2939]: 2026-07-13T21:15:39.361079Z DEBUG gtk_status_bar::pw: 📝 Updated volume cache for device 5: Alpha -> Vol: Some(100)%, Ch: Some(0)%, Mute: Some(false)
2026-07-13T21:15:39+00:00 machine gtk-status-bar[2939]: 2026-07-13T21:15:39.361096Z DEBUG gtk_status_bar::pw: 🎯 Checking if device 5 is default: current_default=Some("Alpha"), node_name=Alpha, is_default=true
2026-07-13T21:15:39+00:00 machine gtk-status-bar[2939]: 2026-07-13T21:15:39.361114Z DEBUG gtk_status_bar::pw: 📤 SENDING VOLUME UPDATE to GUI for default sink (node id=5)
2026-07-13T21:15:39+00:00 machine gtk-status-bar[2939]: 2026-07-13T21:15:39.364125Z DEBUG gtk_status_bar::widgets: 📺 GTK UI updated via ASYNC: 🔊A0
2026-07-13T21:15:40+00:00 machine gtk-status-bar[2939]: 2026-07-13T21:15:40.002609Z DEBUG gtk_status_bar::widgets: Updating time label:  9:15 PM
2026-07-13T21:15:40+00:00 machine gtk-status-bar[2939]: 2026-07-13T21:15:40.125299Z  INFO gtk_status_bar::network: Network reachability probe completed target=192.0.2.1 success=true elapsed_ms=12
2026-07-13T21:15:40+00:00 machine gtk-status-bar[2939]: 2026-07-13T21:15:40.125395Z DEBUG gtk_status_bar::network: Sent network update label="\u{f091f} 28% \u{f0ac}"
2026-07-13T21:15:40+00:00 machine gtk-status-bar[2939]: 2026-07-13T21:15:40.125634Z DEBUG gtk_status_bar::widgets: Updating network label: 󰤟 28% 
2026-07-13T21:15:40+00:00 machine gtk-status-bar[2939]: 2026-07-13T21:15:40.779007Z  INFO gtk_status_bar::network: Network reachability probe completed target=198.51.100.1 success=false elapsed_ms=11
2026-07-13T21:15:40+00:00 machine gtk-status-bar[2939]: 2026-07-13T21:15:40.779066Z DEBUG gtk_status_bar::network: Sent network update label="\u{f091f} 28% \u{f0ac}"
2026-07-13T21:15:40+00:00 machine gtk-status-bar[2939]: 2026-07-13T21:15:40.779258Z DEBUG gtk_status_bar::widgets: Updating network label: 󰤟 28% 
2026-07-13T21:15:41+00:00 machine gtk-status-bar[2939]: 2026-07-13T21:15:41.001322Z DEBUG gtk_status_bar::widgets: Updating time label:  9:15 PM
2026-07-13T21:15:42+00:00 machine gtk-status-bar[2939]: 2026-07-13T21:15:42.002313Z DEBUG gtk_status_bar::widgets: Updating time label:  9:15 PM
2026-07-13T21:15:42+00:00 machine gtk-status-bar[2939]: 2026-07-13T21:15:42.569614Z  INFO gtk_status_bar::network: Network reachability probe completed target=192.0.2.1 success=true elapsed_ms=14
2026-07-13T21:15:42+00:00 machine gtk-status-bar[2939]: 2026-07-13T21:15:42.569663Z DEBUG gtk_status_bar::network: Sent network update label="\u{f091f} 28% \u{f0ac}"
2026-07-13T21:15:42+00:00 machine gtk-status-bar[2939]: 2026-07-13T21:15:42.569881Z DEBUG gtk_status_bar::widgets: Updating network label: 󰤟 28% 
2026-07-13T21:15:42+00:00 machine gtk-status-bar[2939]: 2026-07-13T21:15:42.661080Z  INFO gtk_status_bar::network: Network reachability probe completed target=192.0.2.1 success=true elapsed_ms=13
2026-07-13T21:15:42+00:00 machine gtk-status-bar[2939]: 2026-07-13T21:15:42.661129Z DEBUG gtk_status_bar::network: Sent network update label="\u{f091f} 28% \u{f0ac}"
2026-07-13T21:15:42+00:00 machine gtk-status-bar[2939]: 2026-07-13T21:15:42.661307Z DEBUG gtk_status_bar::widgets: Updating network label: 󰤟 28% 
2026-07-13T21:15:43+00:00 machine gtk-status-bar[2939]: 2026-07-13T21:15:43.001076Z DEBUG gtk_status_bar::widgets: Updating time label:  9:15 PM
2026-07-13T21:15:43+00:00 machine gtk-status-bar[2939]: 2026-07-13T21:15:43.006291Z DEBUG gtk_status_bar::pw: 🚫 Skipping metadata '' (props: Some(DictRef { flags: Flags(0x0), entries: {"object.serial": "74", "module.id": "2", "pipewire.protocol": "protocol-native", "pipewire.sec.pid": "1408", "pipewire.sec.uid": "1000", "pipewire.sec.gid": "100", "pipewire.sec.socket": "pipewire-0", "application.name": "pactl", "pipewire.access": "unrestricted"} }))
2026-07-13T21:15:43+00:00 machine gtk-status-bar[2939]: 2026-07-13T21:15:43.018465Z DEBUG gtk_status_bar::pw: 🎛️  NODE PARAM CALLBACK: Alpha (5) received Props param
2026-07-13T21:15:43+00:00 machine gtk-status-bar[2939]: 2026-07-13T21:15:43.018510Z DEBUG gtk_status_bar::pw: 🔊 Node 5: Alpha - Vol: Some(100)% | Ch: Some(100)% | Mute: Some(false) [CACHING]
2026-07-13T21:15:43+00:00 machine gtk-status-bar[2939]: 2026-07-13T21:15:43.018530Z DEBUG gtk_status_bar::pw: 📝 Updated volume cache for device 5: Alpha -> Vol: Some(100)%, Ch: Some(100)%, Mute: Some(false)
2026-07-13T21:15:43+00:00 machine gtk-status-bar[2939]: 2026-07-13T21:15:43.018553Z DEBUG gtk_status_bar::pw: 🎯 Checking if device 5 is default: current_default=Some("Alpha"), node_name=Alpha, is_default=true
2026-07-13T21:15:43+00:00 machine gtk-status-bar[2939]: 2026-07-13T21:15:43.018575Z DEBUG gtk_status_bar::pw: 📤 SENDING VOLUME UPDATE to GUI for default sink (node id=5)
2026-07-13T21:15:43+00:00 machine gtk-status-bar[2939]: 2026-07-13T21:15:43.018948Z DEBUG gtk_status_bar::widgets: 📺 GTK UI updated via ASYNC: 🔊A100
2026-07-13T21:15:43+00:00 machine gtk-status-bar[2939]: 2026-07-13T21:15:43.368474Z  INFO gtk_status_bar::network: Network reachability probe completed target=198.51.100.1 success=false elapsed_ms=13
2026-07-13T21:15:43+00:00 machine gtk-status-bar[2939]: 2026-07-13T21:15:43.368520Z DEBUG gtk_status_bar::network: Sent network update label="\u{f091f} 28% \u{f0ac}"
2026-07-13T21:15:43+00:00 machine gtk-status-bar[2939]: 2026-07-13T21:15:43.368764Z DEBUG gtk_status_bar::widgets: Updating network label: 󰤟 28% 
2026-07-13T21:15:44+00:00 machine gtk-status-bar[2939]: 2026-07-13T21:15:44.001131Z DEBUG gtk_status_bar::widgets: Updating time label:  9:15 PM
2026-07-13T21:15:44+00:00 machine gtk-status-bar[2939]: 2026-07-13T21:15:44.639988Z  INFO gtk_status_bar::network: Network reachability probe completed target=192.0.2.1 success=true elapsed_ms=22
2026-07-13T21:15:44+00:00 machine gtk-status-bar[2939]: 2026-07-13T21:15:44.641202Z DEBUG gtk_status_bar::widgets: Updating network label: 󰤟 28% 
2026-07-13T21:15:44+00:00 machine gtk-status-bar[2939]: 2026-07-13T21:15:44.651107Z DEBUG gtk_status_bar::network: Sent network update label="\u{f091f} 28% \u{f0ac}"
2026-07-13T21:15:45+00:00 machine gtk-status-bar[2939]: 2026-07-13T21:15:45.000968Z DEBUG gtk_status_bar::widgets: Updating time label:  9:15 PM
2026-07-13T21:15:46+00:00 machine gtk-status-bar[2939]: 2026-07-13T21:15:46.002480Z DEBUG gtk_status_bar::widgets: Updating time label:  9:15 PM
2026-07-13T21:15:46+00:00 machine gtk-status-bar[2939]: 2026-07-13T21:15:46.401541Z  INFO gtk_status_bar::network: Network reachability probe completed target=198.51.100.1 success=false elapsed_ms=15
2026-07-13T21:15:46+00:00 machine gtk-status-bar[2939]: 2026-07-13T21:15:46.401593Z DEBUG gtk_status_bar::network: Sent network update label="\u{f091f} 28% \u{f0ac}"
2026-07-13T21:15:46+00:00 machine gtk-status-bar[2939]: 2026-07-13T21:15:46.401848Z DEBUG gtk_status_bar::widgets: Updating network label: 󰤟 28% 
2026-07-13T21:15:46+00:00 machine gtk-status-bar[2939]: 2026-07-13T21:15:46.626152Z DEBUG gtk_status_bar::pw: 🚫 Skipping metadata '' (props: Some(DictRef { flags: Flags(0x0), entries: {"object.serial": "75", "module.id": "2", "pipewire.protocol": "protocol-native", "pipewire.sec.pid": "1408", "pipewire.sec.uid": "1000", "pipewire.sec.gid": "100", "pipewire.sec.socket": "pipewire-0", "application.name": "pactl", "pipewire.access": "unrestricted"} }))
2026-07-13T21:15:46+00:00 machine gtk-status-bar[2939]: 2026-07-13T21:15:46.653306Z DEBUG gtk_status_bar::pw: 🚫 Skipping metadata '' (props: Some(DictRef { flags: Flags(0x0), entries: {"object.serial": "76", "module.id": "2", "pipewire.protocol": "protocol-native", "pipewire.sec.pid": "1408", "pipewire.sec.uid": "1000", "pipewire.sec.gid": "100", "pipewire.sec.socket": "pipewire-0", "application.name": "pipewire", "pipewire.access": "unrestricted"} }))
2026-07-13T21:15:46+00:00 machine gtk-status-bar[2939]: 2026-07-13T21:15:46.653347Z DEBUG gtk_status_bar::pw: 🚫 Skipping metadata '' (props: Some(DictRef { flags: Flags(0x0), entries: {"object.serial": "77", "factory.id": "19", "client.id": "56", "node.description": "Bravo", "node.name": "Bravo", "media.class": "Audio/Sink"} }))
2026-07-13T21:15:46+00:00 machine gtk-status-bar[2939]: 2026-07-13T21:15:46.653366Z DEBUG gtk_status_bar::pw: 🔍 Checking node - media.class: Some("Audio/Sink")
2026-07-13T21:15:46+00:00 machine gtk-status-bar[2939]: 2026-07-13T21:15:46.653382Z DEBUG gtk_status_bar::pw: 🔍 Node filter result: true for media.class: Some("Audio/Sink")
2026-07-13T21:15:46+00:00 machine gtk-status-bar[2939]: 2026-07-13T21:15:46.653411Z DEBUG gtk_status_bar::pw: 📱 Monitoring audio node: Bravo (4) [node.name: Bravo]
2026-07-13T21:15:46+00:00 machine gtk-status-bar[2939]: 2026-07-13T21:15:46.653425Z DEBUG gtk_status_bar::pw: 🔗 ADDING NODE LISTENER for node.name: Bravo
2026-07-13T21:15:46+00:00 machine gtk-status-bar[2939]: 2026-07-13T21:15:46.653442Z DEBUG gtk_status_bar::pw: 📝 Added device to HashMap: 4 -> (Bravo, Bravo, no volume yet)
2026-07-13T21:15:46+00:00 machine gtk-status-bar[2939]: 2026-07-13T21:15:46.653459Z DEBUG gtk_status_bar::pw: 🗂️ Current device map size: 2
2026-07-13T21:15:46+00:00 machine gtk-status-bar[2939]: 2026-07-13T21:15:46.653553Z DEBUG gtk_status_bar::pw: 🎛️  NODE PARAM CALLBACK: Bravo (4) received Props param
2026-07-13T21:15:46+00:00 machine gtk-status-bar[2939]: 2026-07-13T21:15:46.653574Z DEBUG gtk_status_bar::pw: 🔊 Node 4: Bravo - Vol: Some(100)% | Ch: Some(100)% | Mute: Some(false) [CACHING]
2026-07-13T21:15:46+00:00 machine gtk-status-bar[2939]: 2026-07-13T21:15:46.653590Z DEBUG gtk_status_bar::pw: 📝 Updated volume cache for device 4: Bravo -> Vol: Some(100)%, Ch: Some(100)%, Mute: Some(false)
2026-07-13T21:15:46+00:00 machine gtk-status-bar[2939]: 2026-07-13T21:15:46.653605Z DEBUG gtk_status_bar::pw: 🎯 Checking if device 4 is default: current_default=Some("Alpha"), node_name=Bravo, is_default=false
2026-07-13T21:15:46+00:00 machine gtk-status-bar[2939]: 2026-07-13T21:15:46.653620Z DEBUG gtk_status_bar::pw: 📊 Cached volume for non-default device 4 (Bravo)
2026-07-13T21:15:46+00:00 machine gtk-status-bar[2939]: 2026-07-13T21:15:46.653637Z ERROR gtk_status_bar::pw: ❌ PipeWire error id:4 seq:9 res:-2: enum params id:13 (Spa:Enum:ParamId:Route) failed
2026-07-13T21:15:46+00:00 machine gtk-status-bar[2939]: 2026-07-13T21:15:46.669025Z DEBUG gtk_status_bar::pw: 🎛️  NODE PARAM CALLBACK: Bravo (4) received Props param
2026-07-13T21:15:46+00:00 machine gtk-status-bar[2939]: 2026-07-13T21:15:46.669073Z DEBUG gtk_status_bar::pw: 🔊 Node 4: Bravo - Vol: Some(100)% | Ch: Some(100)% | Mute: Some(false) [CACHING]
2026-07-13T21:15:46+00:00 machine gtk-status-bar[2939]: 2026-07-13T21:15:46.669098Z DEBUG gtk_status_bar::pw: 📝 Updated volume cache for device 4: Bravo -> Vol: Some(100)%, Ch: Some(100)%, Mute: Some(false)
2026-07-13T21:15:46+00:00 machine gtk-status-bar[2939]: 2026-07-13T21:15:46.669118Z DEBUG gtk_status_bar::pw: 🎯 Checking if device 4 is default: current_default=Some("Alpha"), node_name=Bravo, is_default=false
2026-07-13T21:15:46+00:00 machine gtk-status-bar[2939]: 2026-07-13T21:15:46.669137Z DEBUG gtk_status_bar::pw: 📊 Cached volume for non-default device 4 (Bravo)
2026-07-13T21:15:46+00:00 machine gtk-status-bar[2939]: 2026-07-13T21:15:46.669158Z DEBUG gtk_status_bar::pw: 🎛️  NODE PARAM CALLBACK: Bravo (4) received Props param
2026-07-13T21:15:46+00:00 machine gtk-status-bar[2939]: 2026-07-13T21:15:46.669179Z DEBUG gtk_status_bar::pw: 🔊 Node 4: Bravo - Vol: Some(100)% | Ch: Some(100)% | Mute: Some(false) [CACHING]
2026-07-13T21:15:46+00:00 machine gtk-status-bar[2939]: 2026-07-13T21:15:46.669198Z DEBUG gtk_status_bar::pw: 📝 Updated volume cache for device 4: Bravo -> Vol: Some(100)%, Ch: Some(100)%, Mute: Some(false)
2026-07-13T21:15:46+00:00 machine gtk-status-bar[2939]: 2026-07-13T21:15:46.669220Z DEBUG gtk_status_bar::pw: 🎯 Checking if device 4 is default: current_default=Some("Alpha"), node_name=Bravo, is_default=false
2026-07-13T21:15:46+00:00 machine gtk-status-bar[2939]: 2026-07-13T21:15:46.669238Z DEBUG gtk_status_bar::pw: 📊 Cached volume for non-default device 4 (Bravo)
2026-07-13T21:15:46+00:00 machine gtk-status-bar[2939]: 2026-07-13T21:15:46.669265Z DEBUG gtk_status_bar::pw: 🚫 Skipping metadata '' (props: Some(DictRef { flags: Flags(0x0), entries: {"object.serial": "78", "object.path": "Bravo:playback_0", "format.dsp": "32 bit float mono audio", "node.id": "63", "audio.channel": "FL", "port.id": "0", "port.name": "playback_FL", "port.direction": "in", "port.alias": "Bravo:playback_FL", "port.group": "stream.0"} }))
2026-07-13T21:15:46+00:00 machine gtk-status-bar[2939]: 2026-07-13T21:15:46.669295Z DEBUG gtk_status_bar::pw: 🚫 Skipping metadata '' (props: Some(DictRef { flags: Flags(0x0), entries: {"object.serial": "79", "object.path": "Bravo:playback_1", "format.dsp": "32 bit float mono audio", "node.id": "63", "audio.channel": "FR", "port.id": "1", "port.name": "playback_FR", "port.direction": "in", "port.alias": "Bravo:playback_FR", "port.group": "stream.0"} }))
2026-07-13T21:15:46+00:00 machine gtk-status-bar[2939]: 2026-07-13T21:15:46.669321Z DEBUG gtk_status_bar::pw: 🚫 Skipping metadata '' (props: Some(DictRef { flags: Flags(0x0), entries: {"object.serial": "80", "object.path": "Bravo:monitor_0", "format.dsp": "32 bit float mono audio", "node.id": "63", "audio.channel": "FL", "port.id": "0", "port.name": "monitor_FL", "port.direction": "out", "port.monitor": "true", "port.alias": "Bravo:monitor_FL", "port.group": "stream.0"} }))
2026-07-13T21:15:46+00:00 machine gtk-status-bar[2939]: 2026-07-13T21:15:46.669346Z DEBUG gtk_status_bar::pw: 🚫 Skipping metadata '' (props: Some(DictRef { flags: Flags(0x0), entries: {"object.serial": "81", "object.path": "Bravo:monitor_1", "format.dsp": "32 bit float mono audio", "node.id": "63", "audio.channel": "FR", "port.id": "1", "port.name": "monitor_FR", "port.direction": "out", "port.monitor": "true", "port.alias": "Bravo:monitor_FR", "port.group": "stream.0"} }))
2026-07-13T21:15:46+00:00 machine gtk-status-bar[2939]: 2026-07-13T21:15:46.669374Z DEBUG gtk_status_bar::pw: 🎛️  NODE PARAM CALLBACK: Bravo (4) received Props param
2026-07-13T21:15:46+00:00 machine gtk-status-bar[2939]: 2026-07-13T21:15:46.669395Z DEBUG gtk_status_bar::pw: 🔊 Node 4: Bravo - Vol: Some(100)% | Ch: Some(100)% | Mute: Some(false) [CACHING]
2026-07-13T21:15:46+00:00 machine gtk-status-bar[2939]: 2026-07-13T21:15:46.669415Z DEBUG gtk_status_bar::pw: 📝 Updated volume cache for device 4: Bravo -> Vol: Some(100)%, Ch: Some(100)%, Mute: Some(false)
2026-07-13T21:15:46+00:00 machine gtk-status-bar[2939]: 2026-07-13T21:15:46.669442Z DEBUG gtk_status_bar::pw: 🎯 Checking if device 4 is default: current_default=Some("Alpha"), node_name=Bravo, is_default=false
2026-07-13T21:15:46+00:00 machine gtk-status-bar[2939]: 2026-07-13T21:15:46.669461Z DEBUG gtk_status_bar::pw: 📊 Cached volume for non-default device 4 (Bravo)
2026-07-13T21:15:46+00:00 machine gtk-status-bar[2939]: 2026-07-13T21:15:46.677525Z DEBUG gtk_status_bar::pw: 🎛️  NODE PARAM CALLBACK: Bravo (4) received Props param
2026-07-13T21:15:46+00:00 machine gtk-status-bar[2939]: 2026-07-13T21:15:46.677561Z DEBUG gtk_status_bar::pw: 🔊 Node 4: Bravo - Vol: Some(100)% | Ch: Some(100)% | Mute: Some(false) [CACHING]
2026-07-13T21:15:46+00:00 machine gtk-status-bar[2939]: 2026-07-13T21:15:46.677580Z DEBUG gtk_status_bar::pw: 📝 Updated volume cache for device 4: Bravo -> Vol: Some(100)%, Ch: Some(100)%, Mute: Some(false)
2026-07-13T21:15:46+00:00 machine gtk-status-bar[2939]: 2026-07-13T21:15:46.677596Z DEBUG gtk_status_bar::pw: 🎯 Checking if device 4 is default: current_default=Some("Alpha"), node_name=Bravo, is_default=false
2026-07-13T21:15:46+00:00 machine gtk-status-bar[2939]: 2026-07-13T21:15:46.677612Z DEBUG gtk_status_bar::pw: 📊 Cached volume for non-default device 4 (Bravo)
2026-07-13T21:15:46+00:00 machine gtk-status-bar[2939]: 2026-07-13T21:15:46.927000Z DEBUG gtk_status_bar::pw: 🚫 Skipping metadata '' (props: Some(DictRef { flags: Flags(0x0), entries: {"object.serial": "82", "module.id": "2", "pipewire.protocol": "protocol-native", "pipewire.sec.pid": "1408", "pipewire.sec.uid": "1000", "pipewire.sec.gid": "100", "pipewire.sec.socket": "pipewire-0", "application.name": "pactl", "pipewire.access": "unrestricted"} }))
2026-07-13T21:15:46+00:00 machine gtk-status-bar[2939]: 2026-07-13T21:15:46.932933Z DEBUG gtk_status_bar::pw: 🎛️  NODE PARAM CALLBACK: Bravo (4) received Props param
2026-07-13T21:15:46+00:00 machine gtk-status-bar[2939]: 2026-07-13T21:15:46.932994Z DEBUG gtk_status_bar::pw: 🔊 Node 4: Bravo - Vol: Some(100)% | Ch: Some(60)% | Mute: Some(false) [CACHING]
2026-07-13T21:15:46+00:00 machine gtk-status-bar[2939]: 2026-07-13T21:15:46.933024Z DEBUG gtk_status_bar::pw: 📝 Updated volume cache for device 4: Bravo -> Vol: Some(100)%, Ch: Some(60)%, Mute: Some(false)
2026-07-13T21:15:46+00:00 machine gtk-status-bar[2939]: 2026-07-13T21:15:46.933051Z DEBUG gtk_status_bar::pw: 🎯 Checking if device 4 is default: current_default=Some("Alpha"), node_name=Bravo, is_default=false
2026-07-13T21:15:46+00:00 machine gtk-status-bar[2939]: 2026-07-13T21:15:46.933079Z DEBUG gtk_status_bar::pw: 📊 Cached volume for non-default device 4 (Bravo)
2026-07-13T21:15:47+00:00 machine gtk-status-bar[2939]: 2026-07-13T21:15:47.000947Z DEBUG gtk_status_bar::widgets: Updating time label:  9:15 PM
2026-07-13T21:15:47+00:00 machine gtk-status-bar[2939]: 2026-07-13T21:15:47.113922Z DEBUG gtk_status_bar::pw: 🚫 Skipping metadata '' (props: Some(DictRef { flags: Flags(0x0), entries: {"object.serial": "83", "module.id": "2", "pipewire.protocol": "protocol-native", "pipewire.sec.pid": "1408", "pipewire.sec.uid": "1000", "pipewire.sec.gid": "100", "pipewire.sec.socket": "pipewire-0", "application.name": "pactl", "pipewire.access": "unrestricted"} }))
2026-07-13T21:15:47+00:00 machine gtk-status-bar[2939]: 2026-07-13T21:15:47.120482Z DEBUG gtk_status_bar::pw: 📝 metadata.property subject=0 key=Some("default.configured.audio.sink") value=Some("{ \"name\": \"Bravo\" }")
2026-07-13T21:15:47+00:00 machine gtk-status-bar[2939]: 2026-07-13T21:15:47.121993Z DEBUG gtk_status_bar::pw: 🔍 Processing metadata property: default.configured.audio.sink={ "name": "Bravo" }
2026-07-13T21:15:47+00:00 machine gtk-status-bar[2939]: 2026-07-13T21:15:47.123572Z DEBUG gtk_status_bar::pw: 🔧 Other metadata property: default.configured.audio.sink (ignored)
2026-07-13T21:15:47+00:00 machine gtk-status-bar[2939]: 2026-07-13T21:15:47.126612Z DEBUG gtk_status_bar::pw: 📝 metadata.property subject=0 key=Some("default.audio.sink") value=Some("{\"name\":\"Bravo\"}")
2026-07-13T21:15:47+00:00 machine gtk-status-bar[2939]: 2026-07-13T21:15:47.126645Z DEBUG gtk_status_bar::pw: 🔍 Processing metadata property: default.audio.sink={"name":"Bravo"}
2026-07-13T21:15:47+00:00 machine gtk-status-bar[2939]: 2026-07-13T21:15:47.126672Z  INFO gtk_status_bar::pw: 🔄 Default sink -> Bravo
2026-07-13T21:15:47+00:00 machine gtk-status-bar[2939]: 2026-07-13T21:15:47.126691Z DEBUG gtk_status_bar::pw: 🎯 SINK CHANGE: Some("Alpha") -> Bravo (should trigger volume fetch)
2026-07-13T21:15:47+00:00 machine gtk-status-bar[2939]: 2026-07-13T21:15:47.126775Z DEBUG gtk_status_bar::pw: 🗂️ Searching device map for default sink 'Bravo'
2026-07-13T21:15:47+00:00 machine gtk-status-bar[2939]: 2026-07-13T21:15:47.126807Z DEBUG gtk_status_bar::pw: 🗂️ Current device map contents: {5: ("Alpha", "Alpha", Some(100), Some(100), Some(false)), 4: ("Bravo", "Bravo", Some(100), Some(60), Some(false))}
2026-07-13T21:15:47+00:00 machine gtk-status-bar[2939]: 2026-07-13T21:15:47.126833Z DEBUG gtk_status_bar::pw: 🔍 Checking device 5: node_name='Alpha', description='Alpha' against default sink 'Bravo'
2026-07-13T21:15:47+00:00 machine gtk-status-bar[2939]: 2026-07-13T21:15:47.126852Z DEBUG gtk_status_bar::pw: 🔍 Checking device 4: node_name='Bravo', description='Bravo' against default sink 'Bravo'
2026-07-13T21:15:47+00:00 machine gtk-status-bar[2939]: 2026-07-13T21:15:47.126870Z DEBUG gtk_status_bar::pw: 🎯 MATCH! Found device 4 with node_name 'Bravo' matching default sink
2026-07-13T21:15:47+00:00 machine gtk-status-bar[2939]: 2026-07-13T21:15:47.126889Z DEBUG gtk_status_bar::pw: 🎨 Updating GUI label to: 'Bravo' with cached volume data
2026-07-13T21:15:47+00:00 machine gtk-status-bar[2939]: 2026-07-13T21:15:47.126909Z DEBUG gtk_status_bar::pw: 💾 Cached volume data: Vol: Some(100)%, Ch: Some(60)%, Mute: Some(false)
2026-07-13T21:15:47+00:00 machine gtk-status-bar[2939]: 2026-07-13T21:15:47.126941Z DEBUG gtk_status_bar::pw: ✅ Sent REAL volume data to GUI: 'Bravo' Vol: Some(100)%, Ch: Some(60)%, Mute: Some(false)
2026-07-13T21:15:47+00:00 machine gtk-status-bar[2939]: 2026-07-13T21:15:47.127248Z DEBUG gtk_status_bar::widgets: 📺 GTK UI updated via ASYNC: 🔊B60
2026-07-13T21:15:48+00:00 machine gtk-status-bar[2939]: 2026-07-13T21:15:48.002163Z DEBUG gtk_status_bar::widgets: Updating time label:  9:15 PM
2026-07-13T21:15:48+00:00 machine gtk-status-bar[2939]: 2026-07-13T21:15:48.398354Z  INFO gtk_status_bar::network: Network reachability probe completed target=198.51.100.1 success=false elapsed_ms=14
2026-07-13T21:15:48+00:00 machine gtk-status-bar[2939]: 2026-07-13T21:15:48.398548Z DEBUG gtk_status_bar::network: Sent network update label="\u{f091f} 28% \u{f0ac}"
2026-07-13T21:15:48+00:00 machine gtk-status-bar[2939]: 2026-07-13T21:15:48.399320Z DEBUG gtk_status_bar::widgets: Updating network label: 󰤟 28% 
2026-07-13T21:15:49+00:00 machine gtk-status-bar[2939]: 2026-07-13T21:15:49.001190Z DEBUG gtk_status_bar::widgets: Updating time label:  9:15 PM
2026-07-13T21:15:50+00:00 machine gtk-status-bar[2939]: 2026-07-13T21:15:50.002150Z DEBUG gtk_status_bar::widgets: Updating time label:  9:15 PM
2026-07-13T21:15:50+00:00 machine gtk-status-bar[2939]: 2026-07-13T21:15:50.090492Z  INFO gtk_status_bar::network: Network reachability probe completed target=192.0.2.1 success=true elapsed_ms=15
2026-07-13T21:15:50+00:00 machine gtk-status-bar[2939]: 2026-07-13T21:15:50.090542Z DEBUG gtk_status_bar::network: Sent network update label="\u{f091f} 28% \u{f0ac}"
2026-07-13T21:15:50+00:00 machine gtk-status-bar[2939]: 2026-07-13T21:15:50.090920Z DEBUG gtk_status_bar::widgets: Updating network label: 󰤟 28% 
2026-07-13T21:15:51+00:00 machine gtk-status-bar[2939]: 2026-07-13T21:15:51.002594Z DEBUG gtk_status_bar::widgets: Updating time label:  9:15 PM
2026-07-13T21:15:51+00:00 machine gtk-status-bar[2939]: 2026-07-13T21:15:51.780853Z DEBUG gtk_status_bar::pw: 🚫 Skipping metadata '' (props: Some(DictRef { flags: Flags(0x0), entries: {"object.serial": "84", "module.id": "2", "pipewire.protocol": "protocol-native", "pipewire.sec.pid": "1408", "pipewire.sec.uid": "1000", "pipewire.sec.gid": "100", "pipewire.sec.socket": "pipewire-0", "application.name": "pactl", "pipewire.access": "unrestricted"} }))
2026-07-13T21:15:51+00:00 machine gtk-status-bar[2939]: 2026-07-13T21:15:51.793811Z DEBUG gtk_status_bar::pw: 🗑️ Node 4 removed, cleaning up
2026-07-13T21:15:51+00:00 machine gtk-status-bar[2939]: 2026-07-13T21:15:51.793854Z DEBUG gtk_status_bar::pw: ✅ Removed device from HashMap: 4 -> (Bravo, Bravo)
2026-07-13T21:15:51+00:00 machine gtk-status-bar[2939]: 2026-07-13T21:15:51.793873Z DEBUG gtk_status_bar::pw: 🗂️ Device map size after removal: 1
2026-07-13T21:15:51+00:00 machine gtk-status-bar[2939]: 2026-07-13T21:15:51.799562Z DEBUG gtk_status_bar::pw: 📝 metadata.property subject=0 key=Some("default.audio.sink") value=Some("{\"name\":\"Alpha\"}")
2026-07-13T21:15:51+00:00 machine gtk-status-bar[2939]: 2026-07-13T21:15:51.799598Z DEBUG gtk_status_bar::pw: 🔍 Processing metadata property: default.audio.sink={"name":"Alpha"}
2026-07-13T21:15:51+00:00 machine gtk-status-bar[2939]: 2026-07-13T21:15:51.799623Z  INFO gtk_status_bar::pw: 🔄 Default sink -> Alpha
2026-07-13T21:15:51+00:00 machine gtk-status-bar[2939]: 2026-07-13T21:15:51.799641Z DEBUG gtk_status_bar::pw: 🎯 SINK CHANGE: Some("Bravo") -> Alpha (should trigger volume fetch)
2026-07-13T21:15:51+00:00 machine gtk-status-bar[2939]: 2026-07-13T21:15:51.799835Z DEBUG gtk_status_bar::pw: 🗂️ Searching device map for default sink 'Alpha'
2026-07-13T21:15:51+00:00 machine gtk-status-bar[2939]: 2026-07-13T21:15:51.799859Z DEBUG gtk_status_bar::pw: 🗂️ Current device map contents: {5: ("Alpha", "Alpha", Some(100), Some(100), Some(false))}
2026-07-13T21:15:51+00:00 machine gtk-status-bar[2939]: 2026-07-13T21:15:51.799881Z DEBUG gtk_status_bar::pw: 🔍 Checking device 5: node_name='Alpha', description='Alpha' against default sink 'Alpha'
2026-07-13T21:15:51+00:00 machine gtk-status-bar[2939]: 2026-07-13T21:15:51.799898Z DEBUG gtk_status_bar::pw: 🎯 MATCH! Found device 5 with node_name 'Alpha' matching default sink
2026-07-13T21:15:51+00:00 machine gtk-status-bar[2939]: 2026-07-13T21:15:51.799915Z DEBUG gtk_status_bar::pw: 🎨 Updating GUI label to: 'Alpha' with cached volume data
2026-07-13T21:15:51+00:00 machine gtk-status-bar[2939]: 2026-07-13T21:15:51.799933Z DEBUG gtk_status_bar::pw: 💾 Cached volume data: Vol: Some(100)%, Ch: Some(100)%, Mute: Some(false)
2026-07-13T21:15:51+00:00 machine gtk-status-bar[2939]: 2026-07-13T21:15:51.799966Z DEBUG gtk_status_bar::pw: ✅ Sent REAL volume data to GUI: 'Alpha' Vol: Some(100)%, Ch: Some(100)%, Mute: Some(false)
2026-07-13T21:15:51+00:00 machine gtk-status-bar[2939]: 2026-07-13T21:15:51.800398Z DEBUG gtk_status_bar::widgets: 📺 GTK UI updated via ASYNC: 🔊A100
2026-07-13T21:15:51+00:00 machine gtk-status-bar[2939]: 2026-07-13T21:15:51.873510Z  INFO gtk_status_bar::network: Network reachability probe completed target=198.51.100.1 success=false elapsed_ms=12
2026-07-13T21:15:51+00:00 machine gtk-status-bar[2939]: 2026-07-13T21:15:51.873568Z DEBUG gtk_status_bar::network: Sent network update label="\u{f091f} 28% \u{f0ac}"
2026-07-13T21:15:51+00:00 machine gtk-status-bar[2939]: 2026-07-13T21:15:51.884770Z DEBUG gtk_status_bar::widgets: Updating network label: 󰤟 28% 
2026-07-13T21:15:52+00:00 machine gtk-status-bar[2939]: 2026-07-13T21:15:52.001084Z DEBUG gtk_status_bar::widgets: Updating time label:  9:15 PM
2026-07-13T21:15:52+00:00 machine gtk-status-bar[2939]: 2026-07-13T21:15:52.258682Z  INFO gtk_status_bar::network: Network reachability probe completed target=192.0.2.1 success=true elapsed_ms=21
2026-07-13T21:15:52+00:00 machine gtk-status-bar[2939]: 2026-07-13T21:15:52.258792Z DEBUG gtk_status_bar::network: Sent network update label="\u{f091f} 28% \u{f0ac}"
2026-07-13T21:15:52+00:00 machine gtk-status-bar[2939]: 2026-07-13T21:15:52.259007Z DEBUG gtk_status_bar::widgets: Updating network label: 󰤟 28% 
2026-07-13T21:15:53+00:00 machine gtk-status-bar[2939]: 2026-07-13T21:15:53.001252Z DEBUG gtk_status_bar::widgets: Updating time label:  9:15 PM
2026-07-13T21:15:53+00:00 machine gtk-status-bar[2939]: 2026-07-13T21:15:53.978647Z  INFO gtk_status_bar::network: Network reachability probe completed target=192.0.2.1 success=true elapsed_ms=12
2026-07-13T21:15:53+00:00 machine gtk-status-bar[2939]: 2026-07-13T21:15:53.978752Z DEBUG gtk_status_bar::network: Sent network update label="\u{f091f} 28% \u{f0ac}"
2026-07-13T21:15:53+00:00 machine gtk-status-bar[2939]: 2026-07-13T21:15:53.978916Z DEBUG gtk_status_bar::widgets: Updating network label: 󰤟 28% 
2026-07-13T21:15:54+00:00 machine gtk-status-bar[2939]: 2026-07-13T21:15:54.000645Z DEBUG gtk_status_bar::widgets: Updating time label:  9:15 PM
2026-07-13T21:15:55+00:00 machine gtk-status-bar[2939]: 2026-07-13T21:15:55.002020Z DEBUG gtk_status_bar::widgets: Updating time label:  9:15 PM
2026-07-13T21:15:55+00:00 machine gtk-status-bar[2939]: 2026-07-13T21:15:55.005013Z  INFO gtk_status_bar::network: Network reachability probe completed target=198.51.100.1 success=false elapsed_ms=16
2026-07-13T21:15:55+00:00 machine gtk-status-bar[2939]: 2026-07-13T21:15:55.005074Z DEBUG gtk_status_bar::network: Sent network update label="\u{f091f} 28% \u{f0ac}"
2026-07-13T21:15:55+00:00 machine gtk-status-bar[2939]: 2026-07-13T21:15:55.005449Z DEBUG gtk_status_bar::widgets: Updating network label: 󰤟 28% 
2026-07-13T21:15:55+00:00 machine gtk-status-bar[2939]: 2026-07-13T21:15:55.163116Z  INFO gtk_status_bar::network: Network reachability probe completed target=198.51.100.1 success=false elapsed_ms=12
2026-07-13T21:15:55+00:00 machine gtk-status-bar[2939]: 2026-07-13T21:15:55.163181Z DEBUG gtk_status_bar::network: Sent network update label="\u{f091f} 28% \u{f0ac}"
2026-07-13T21:15:55+00:00 machine gtk-status-bar[2939]: 2026-07-13T21:15:55.173469Z DEBUG gtk_status_bar::widgets: Updating network label: 󰤟 28% 
2026-07-13T21:15:55+00:00 machine gtk-status-bar[2939]: 2026-07-13T21:15:55.257192Z  INFO gtk_status_bar::network: Network reachability probe completed target=192.0.2.1 success=true elapsed_ms=10
2026-07-13T21:15:55+00:00 machine gtk-status-bar[2939]: 2026-07-13T21:15:55.257255Z DEBUG gtk_status_bar::network: Sent network update label="\u{f091f} 28% \u{f0ac}"
2026-07-13T21:15:55+00:00 machine gtk-status-bar[2939]: 2026-07-13T21:15:55.257485Z DEBUG gtk_status_bar::widgets: Updating network label: 󰤟 28% 
2026-07-13T21:15:55+00:00 machine gtk-status-bar[2939]: 2026-07-13T21:15:55.434002Z DEBUG gtk_status_bar::pw: 🚫 Skipping metadata '' (props: Some(DictRef { flags: Flags(0x0), entries: {"object.serial": "85", "module.id": "2", "pipewire.protocol": "protocol-native", "pipewire.sec.pid": "1408", "pipewire.sec.uid": "1000", "pipewire.sec.gid": "100", "pipewire.sec.socket": "pipewire-0", "application.name": "pactl", "pipewire.access": "unrestricted"} }))
2026-07-13T21:15:55+00:00 machine gtk-status-bar[2939]: 2026-07-13T21:15:55.437468Z DEBUG gtk_status_bar::pw: 🗑️ Node 5 removed, cleaning up
2026-07-13T21:15:55+00:00 machine gtk-status-bar[2939]: 2026-07-13T21:15:55.437497Z DEBUG gtk_status_bar::pw: ✅ Removed device from HashMap: 5 -> (Alpha, Alpha)
2026-07-13T21:15:55+00:00 machine gtk-status-bar[2939]: 2026-07-13T21:15:55.437512Z DEBUG gtk_status_bar::pw: 🗂️ Device map size after removal: 0
2026-07-13T21:15:55+00:00 machine gtk-status-bar[2939]: 2026-07-13T21:15:55.440548Z DEBUG gtk_status_bar::pw: 🚫 Skipping metadata '' (props: Some(DictRef { flags: Flags(0x0), entries: {"object.serial": "86", "factory.id": "19", "client.id": "53", "node.description": "Dummy Output", "node.name": "auto_null", "media.class": "Audio/Sink"} }))
2026-07-13T21:15:55+00:00 machine gtk-status-bar[2939]: 2026-07-13T21:15:55.440586Z DEBUG gtk_status_bar::pw: 🔍 Checking node - media.class: Some("Audio/Sink")
2026-07-13T21:15:55+00:00 machine gtk-status-bar[2939]: 2026-07-13T21:15:55.440614Z DEBUG gtk_status_bar::pw: 🔍 Node filter result: true for media.class: Some("Audio/Sink")
2026-07-13T21:15:55+00:00 machine gtk-status-bar[2939]: 2026-07-13T21:15:55.440650Z DEBUG gtk_status_bar::pw: 📱 Monitoring audio node: Dummy Output (5) [node.name: auto_null]
2026-07-13T21:15:55+00:00 machine gtk-status-bar[2939]: 2026-07-13T21:15:55.440668Z DEBUG gtk_status_bar::pw: 🔗 ADDING NODE LISTENER for node.name: auto_null
2026-07-13T21:15:55+00:00 machine gtk-status-bar[2939]: 2026-07-13T21:15:55.440698Z DEBUG gtk_status_bar::pw: 📝 Added device to HashMap: 5 -> (auto_null, Dummy Output, no volume yet)
2026-07-13T21:15:55+00:00 machine gtk-status-bar[2939]: 2026-07-13T21:15:55.440778Z DEBUG gtk_status_bar::pw: 🗂️ Current device map size: 1
2026-07-13T21:15:55+00:00 machine gtk-status-bar[2939]: 2026-07-13T21:15:55.441345Z DEBUG gtk_status_bar::pw: 🎛️  NODE PARAM CALLBACK: Dummy Output (5) received Props param
2026-07-13T21:15:55+00:00 machine gtk-status-bar[2939]: 2026-07-13T21:15:55.441373Z DEBUG gtk_status_bar::pw: 🔊 Node 5: Dummy Output - Vol: Some(100)% | Ch: Some(100)% | Mute: Some(false) [CACHING]
2026-07-13T21:15:55+00:00 machine gtk-status-bar[2939]: 2026-07-13T21:15:55.441393Z DEBUG gtk_status_bar::pw: 📝 Updated volume cache for device 5: Dummy Output -> Vol: Some(100)%, Ch: Some(100)%, Mute: Some(false)
2026-07-13T21:15:55+00:00 machine gtk-status-bar[2939]: 2026-07-13T21:15:55.441412Z DEBUG gtk_status_bar::pw: 🎯 Checking if device 5 is default: current_default=Some("Alpha"), node_name=auto_null, is_default=false
2026-07-13T21:15:55+00:00 machine gtk-status-bar[2939]: 2026-07-13T21:15:55.441430Z DEBUG gtk_status_bar::pw: 📊 Cached volume for non-default device 5 (Dummy Output)
2026-07-13T21:15:55+00:00 machine gtk-status-bar[2939]: 2026-07-13T21:15:55.441450Z ERROR gtk_status_bar::pw: ❌ PipeWire error id:5 seq:11 res:-2: enum params id:13 (Spa:Enum:ParamId:Route) failed
2026-07-13T21:15:55+00:00 machine gtk-status-bar[2939]: 2026-07-13T21:15:55.446107Z DEBUG gtk_status_bar::pw: 📝 metadata.property subject=0 key=Some("default.audio.sink") value=None
2026-07-13T21:15:55+00:00 machine gtk-status-bar[2939]: 2026-07-13T21:15:55.446141Z DEBUG gtk_status_bar::pw: 🚫 Skipping metadata property: value is None for key Some("default.audio.sink")
2026-07-13T21:15:55+00:00 machine gtk-status-bar[2939]: 2026-07-13T21:15:55.459389Z DEBUG gtk_status_bar::pw: 🎛️  NODE PARAM CALLBACK: Dummy Output (5) received Props param
2026-07-13T21:15:55+00:00 machine gtk-status-bar[2939]: 2026-07-13T21:15:55.459428Z DEBUG gtk_status_bar::pw: 🔊 Node 5: Dummy Output - Vol: Some(100)% | Ch: Some(100)% | Mute: Some(false) [CACHING]
2026-07-13T21:15:55+00:00 machine gtk-status-bar[2939]: 2026-07-13T21:15:55.459448Z DEBUG gtk_status_bar::pw: 📝 Updated volume cache for device 5: Dummy Output -> Vol: Some(100)%, Ch: Some(100)%, Mute: Some(false)
2026-07-13T21:15:55+00:00 machine gtk-status-bar[2939]: 2026-07-13T21:15:55.459468Z DEBUG gtk_status_bar::pw: 🎯 Checking if device 5 is default: current_default=Some("Alpha"), node_name=auto_null, is_default=false
2026-07-13T21:15:55+00:00 machine gtk-status-bar[2939]: 2026-07-13T21:15:55.459488Z DEBUG gtk_status_bar::pw: 📊 Cached volume for non-default device 5 (Dummy Output)
2026-07-13T21:15:55+00:00 machine gtk-status-bar[2939]: 2026-07-13T21:15:55.459507Z DEBUG gtk_status_bar::pw: 🎛️  NODE PARAM CALLBACK: Dummy Output (5) received Props param
2026-07-13T21:15:55+00:00 machine gtk-status-bar[2939]: 2026-07-13T21:15:55.459526Z DEBUG gtk_status_bar::pw: 🔊 Node 5: Dummy Output - Vol: Some(100)% | Ch: Some(100)% | Mute: Some(false) [CACHING]
2026-07-13T21:15:55+00:00 machine gtk-status-bar[2939]: 2026-07-13T21:15:55.459545Z DEBUG gtk_status_bar::pw: 📝 Updated volume cache for device 5: Dummy Output -> Vol: Some(100)%, Ch: Some(100)%, Mute: Some(false)
2026-07-13T21:15:55+00:00 machine gtk-status-bar[2939]: 2026-07-13T21:15:55.459562Z DEBUG gtk_status_bar::pw: 🎯 Checking if device 5 is default: current_default=Some("Alpha"), node_name=auto_null, is_default=false
2026-07-13T21:15:55+00:00 machine gtk-status-bar[2939]: 2026-07-13T21:15:55.459580Z DEBUG gtk_status_bar::pw: 📊 Cached volume for non-default device 5 (Dummy Output)
2026-07-13T21:15:55+00:00 machine gtk-status-bar[2939]: 2026-07-13T21:15:55.459604Z DEBUG gtk_status_bar::pw: 🚫 Skipping metadata '' (props: Some(DictRef { flags: Flags(0x0), entries: {"object.serial": "87", "object.path": "auto_null:playback_0", "format.dsp": "32 bit float mono audio", "node.id": "67", "audio.channel": "FL", "port.id": "0", "port.name": "playback_FL", "port.direction": "in", "port.alias": "Dummy Output:playback_FL", "port.group": "stream.0"} }))
2026-07-13T21:15:55+00:00 machine gtk-status-bar[2939]: 2026-07-13T21:15:55.459631Z DEBUG gtk_status_bar::pw: 🚫 Skipping metadata '' (props: Some(DictRef { flags: Flags(0x0), entries: {"object.serial": "88", "object.path": "auto_null:playback_1", "format.dsp": "32 bit float mono audio", "node.id": "67", "audio.channel": "FR", "port.id": "1", "port.name": "playback_FR", "port.direction": "in", "port.alias": "Dummy Output:playback_FR", "port.group": "stream.0"} }))
2026-07-13T21:15:55+00:00 machine gtk-status-bar[2939]: 2026-07-13T21:15:55.459655Z DEBUG gtk_status_bar::pw: 🚫 Skipping metadata '' (props: Some(DictRef { flags: Flags(0x0), entries: {"object.serial": "89", "object.path": "auto_null:monitor_0", "format.dsp": "32 bit float mono audio", "node.id": "67", "audio.channel": "FL", "port.id": "0", "port.name": "monitor_FL", "port.direction": "out", "port.monitor": "true", "port.alias": "Dummy Output:monitor_FL", "port.group": "stream.0"} }))
2026-07-13T21:15:55+00:00 machine gtk-status-bar[2939]: 2026-07-13T21:15:55.459679Z DEBUG gtk_status_bar::pw: 🚫 Skipping metadata '' (props: Some(DictRef { flags: Flags(0x0), entries: {"object.serial": "90", "object.path": "auto_null:monitor_1", "format.dsp": "32 bit float mono audio", "node.id": "67", "audio.channel": "FR", "port.id": "1", "port.name": "monitor_FR", "port.direction": "out", "port.monitor": "true", "port.alias": "Dummy Output:monitor_FR", "port.group": "stream.0"} }))
2026-07-13T21:15:55+00:00 machine gtk-status-bar[2939]: 2026-07-13T21:15:55.459702Z DEBUG gtk_status_bar::pw: 🎛️  NODE PARAM CALLBACK: Dummy Output (5) received Props param
2026-07-13T21:15:55+00:00 machine gtk-status-bar[2939]: 2026-07-13T21:15:55.459767Z DEBUG gtk_status_bar::pw: 🔊 Node 5: Dummy Output - Vol: Some(100)% | Ch: Some(100)% | Mute: Some(false) [CACHING]
2026-07-13T21:15:55+00:00 machine gtk-status-bar[2939]: 2026-07-13T21:15:55.459784Z DEBUG gtk_status_bar::pw: 📝 Updated volume cache for device 5: Dummy Output -> Vol: Some(100)%, Ch: Some(100)%, Mute: Some(false)
2026-07-13T21:15:55+00:00 machine gtk-status-bar[2939]: 2026-07-13T21:15:55.459821Z DEBUG gtk_status_bar::pw: 🎯 Checking if device 5 is default: current_default=Some("Alpha"), node_name=auto_null, is_default=false
2026-07-13T21:15:55+00:00 machine gtk-status-bar[2939]: 2026-07-13T21:15:55.459839Z DEBUG gtk_status_bar::pw: 📊 Cached volume for non-default device 5 (Dummy Output)
2026-07-13T21:15:55+00:00 machine gtk-status-bar[2939]: 2026-07-13T21:15:55.467551Z DEBUG gtk_status_bar::pw: 🎛️  NODE PARAM CALLBACK: Dummy Output (5) received Props param
2026-07-13T21:15:55+00:00 machine gtk-status-bar[2939]: 2026-07-13T21:15:55.467589Z DEBUG gtk_status_bar::pw: 🔊 Node 5: Dummy Output - Vol: Some(100)% | Ch: Some(100)% | Mute: Some(false) [CACHING]
2026-07-13T21:15:55+00:00 machine gtk-status-bar[2939]: 2026-07-13T21:15:55.467613Z DEBUG gtk_status_bar::pw: 📝 Updated volume cache for device 5: Dummy Output -> Vol: Some(100)%, Ch: Some(100)%, Mute: Some(false)
2026-07-13T21:15:55+00:00 machine gtk-status-bar[2939]: 2026-07-13T21:15:55.467633Z DEBUG gtk_status_bar::pw: 🎯 Checking if device 5 is default: current_default=Some("Alpha"), node_name=auto_null, is_default=false
2026-07-13T21:15:55+00:00 machine gtk-status-bar[2939]: 2026-07-13T21:15:55.467654Z DEBUG gtk_status_bar::pw: 📊 Cached volume for non-default device 5 (Dummy Output)
2026-07-13T21:15:55+00:00 machine gtk-status-bar[2939]: 2026-07-13T21:15:55.477679Z DEBUG gtk_status_bar::pw: 📝 metadata.property subject=0 key=Some("default.audio.sink") value=Some("{\"name\":\"auto_null\"}")
2026-07-13T21:15:55+00:00 machine gtk-status-bar[2939]: 2026-07-13T21:15:55.477761Z DEBUG gtk_status_bar::pw: 🔍 Processing metadata property: default.audio.sink={"name":"auto_null"}
2026-07-13T21:15:55+00:00 machine gtk-status-bar[2939]: 2026-07-13T21:15:55.477785Z  INFO gtk_status_bar::pw: 🔄 Default sink -> auto_null
2026-07-13T21:15:55+00:00 machine gtk-status-bar[2939]: 2026-07-13T21:15:55.477811Z DEBUG gtk_status_bar::pw: 🎯 SINK CHANGE: Some("Alpha") -> auto_null (should trigger volume fetch)
2026-07-13T21:15:55+00:00 machine gtk-status-bar[2939]: 2026-07-13T21:15:55.477828Z DEBUG gtk_status_bar::pw: 🗂️ Searching device map for default sink 'auto_null'
2026-07-13T21:15:55+00:00 machine gtk-status-bar[2939]: 2026-07-13T21:15:55.477845Z DEBUG gtk_status_bar::pw: 🗂️ Current device map contents: {5: ("auto_null", "Dummy Output", Some(100), Some(100), Some(false))}
2026-07-13T21:15:55+00:00 machine gtk-status-bar[2939]: 2026-07-13T21:15:55.477867Z DEBUG gtk_status_bar::pw: 🔍 Checking device 5: node_name='auto_null', description='Dummy Output' against default sink 'auto_null'
2026-07-13T21:15:55+00:00 machine gtk-status-bar[2939]: 2026-07-13T21:15:55.477885Z DEBUG gtk_status_bar::pw: 🎯 MATCH! Found device 5 with node_name 'auto_null' matching default sink
2026-07-13T21:15:55+00:00 machine gtk-status-bar[2939]: 2026-07-13T21:15:55.477901Z DEBUG gtk_status_bar::pw: 🎨 Updating GUI label to: 'Dummy Output' with cached volume data
2026-07-13T21:15:55+00:00 machine gtk-status-bar[2939]: 2026-07-13T21:15:55.477917Z DEBUG gtk_status_bar::pw: 💾 Cached volume data: Vol: Some(100)%, Ch: Some(100)%, Mute: Some(false)
2026-07-13T21:15:55+00:00 machine gtk-status-bar[2939]: 2026-07-13T21:15:55.477944Z DEBUG gtk_status_bar::pw: ✅ Sent REAL volume data to GUI: 'Dummy Output' Vol: Some(100)%, Ch: Some(100)%, Mute: Some(false)
2026-07-13T21:15:55+00:00 machine gtk-status-bar[2939]: 2026-07-13T21:15:55.478168Z DEBUG gtk_status_bar::widgets: 📺 GTK UI updated via ASYNC: 🔊D100
2026-07-13T21:15:55+00:00 machine gtk-status-bar[2939]: 2026-07-13T21:15:55.740595Z DEBUG gtk_status_bar::tray: Tray item property is unavailable property="IconPixmap" error=org.freedesktop.DBus.Error.InvalidArgs: No such property “IconPixmap”
2026-07-13T21:15:55+00:00 machine gtk-status-bar[2939]: 2026-07-13T21:15:55.743439Z DEBUG gtk_status_bar::tray: Tray item property is unavailable property="IconThemePath" error=org.freedesktop.DBus.Error.InvalidArgs: No such property “IconThemePath”
2026-07-13T21:15:55+00:00 machine gtk-status-bar[2939]: 2026-07-13T21:15:55.777851Z DEBUG gtk_status_bar::tray: Tray item property is unavailable property="IconPixmap" error=org.freedesktop.DBus.Error.InvalidArgs: No such property “IconPixmap”
2026-07-13T21:15:55+00:00 machine gtk-status-bar[2939]: 2026-07-13T21:15:55.793786Z DEBUG gtk_status_bar::tray: Tray item property is unavailable property="IconThemePath" error=org.freedesktop.DBus.Error.InvalidArgs: No such property “IconThemePath”
2026-07-13T21:15:55+00:00 machine gtk-status-bar[2939]: 2026-07-13T21:15:55.819074Z DEBUG gtk_status_bar::tray: Tray item property is unavailable property="IconPixmap" error=org.freedesktop.DBus.Error.InvalidArgs: No such property “IconPixmap”
2026-07-13T21:15:55+00:00 machine gtk-status-bar[2939]: 2026-07-13T21:15:55.822498Z DEBUG gtk_status_bar::tray: Tray item property is unavailable property="IconThemePath" error=org.freedesktop.DBus.Error.InvalidArgs: No such property “IconThemePath”
2026-07-13T21:15:55+00:00 machine gtk-status-bar[2939]: 2026-07-13T21:15:55.840315Z DEBUG gtk_status_bar::tray: Tray item property is unavailable property="IconPixmap" error=org.freedesktop.DBus.Error.InvalidArgs: No such property “IconPixmap”
2026-07-13T21:15:55+00:00 machine gtk-status-bar[2939]: 2026-07-13T21:15:55.842567Z DEBUG gtk_status_bar::tray: Tray item property is unavailable property="IconThemePath" error=org.freedesktop.DBus.Error.InvalidArgs: No such property “IconThemePath”
2026-07-13T21:15:55+00:00 machine gtk-status-bar[2939]: 2026-07-13T21:15:55.849203Z DEBUG gtk_status_bar::tray: Tray item property is unavailable property="IconPixmap" error=org.freedesktop.DBus.Error.InvalidArgs: No such property “IconPixmap”
2026-07-13T21:15:55+00:00 machine gtk-status-bar[2939]: 2026-07-13T21:15:55.852280Z DEBUG gtk_status_bar::tray: Tray item property is unavailable property="IconThemePath" error=org.freedesktop.DBus.Error.InvalidArgs: No such property “IconThemePath”
2026-07-13T21:15:55+00:00 machine gtk-status-bar[2939]: 2026-07-13T21:15:55.854836Z DEBUG gtk_status_bar::tray: Tray item property is unavailable property="IconPixmap" error=org.freedesktop.DBus.Error.InvalidArgs: No such property “IconPixmap”
2026-07-13T21:15:55+00:00 machine gtk-status-bar[2939]: 2026-07-13T21:15:55.855669Z DEBUG gtk_status_bar::tray: Tray item property is unavailable property="IconThemePath" error=org.freedesktop.DBus.Error.InvalidArgs: No such property “IconThemePath”
2026-07-13T21:15:56+00:00 machine gtk-status-bar[2939]: 2026-07-13T21:15:56.001466Z DEBUG gtk_status_bar::widgets: Updating time label:  9:15 PM
2026-07-13T21:15:56+00:00 machine gtk-status-bar[2939]: 2026-07-13T21:15:56.284634Z DEBUG gtk_status_bar::tray: Tray item property is unavailable property="IconPixmap" error=org.freedesktop.DBus.Error.InvalidArgs: No such property “IconPixmap”
2026-07-13T21:15:56+00:00 machine gtk-status-bar[2939]: 2026-07-13T21:15:56.291525Z DEBUG gtk_status_bar::tray: Tray item property is unavailable property="IconThemePath" error=org.freedesktop.DBus.Error.InvalidArgs: No such property “IconThemePath”
2026-07-13T21:15:56+00:00 machine gtk-status-bar[2939]: 2026-07-13T21:15:56.352204Z DEBUG gtk_status_bar::dbus: Got an event in event stream: Msg { type: Signal, serial: 18, sender: UniqueName(":1.60"), path: ObjectPath("/"), iface: InterfaceName("org.freedesktop.DBus.ObjectManager"), member: MemberName("InterfacesAdded"), body: Structure(Dynamic { fields: [ObjectPath, Dict { key: Dynamic { child: Str }, value: Dynamic { child: Dict { key: Dynamic { child: Str }, value: Dynamic { child: Variant } } } }] }), fds: [] }
2026-07-13T21:15:56+00:00 machine gtk-status-bar[2939]: 2026-07-13T21:15:56.352262Z DEBUG gtk_status_bar::dbus: Dbus monitor: Received D-Bus message from path: Some(ObjectPath("/")), interface: Some(InterfaceName("org.freedesktop.DBus.ObjectManager")), member: Some(MemberName("InterfacesAdded"))
2026-07-13T21:15:56+00:00 machine gtk-status-bar[2939]: 2026-07-13T21:15:56.352287Z  INFO gtk_status_bar::dbus: Dbus monitor: Received signal
2026-07-13T21:15:56+00:00 machine gtk-status-bar[2939]: 2026-07-13T21:15:56.352308Z  INFO gtk_status_bar::dbus: Dbus monitor: Received InterfacesAdded signal from ObjectManager
2026-07-13T21:15:56+00:00 machine gtk-status-bar[2939]: 2026-07-13T21:15:56.352368Z DEBUG gtk_status_bar::dbus: Available interfaces in InterfacesAdded: [Str("org.bluez.Adapter1")]
2026-07-13T21:15:56+00:00 machine gtk-status-bar[2939]: 2026-07-13T21:15:56.352388Z DEBUG gtk_status_bar::dbus: Device1 interface not found in interfaces
2026-07-13T21:15:56+00:00 machine gtk-status-bar[2939]: 2026-07-13T21:15:56.352406Z DEBUG gtk_status_bar::dbus: Not a device with org.bluez.Battery1 interface
2026-07-13T21:15:56+00:00 machine gtk-status-bar[2939]: 2026-07-13T21:15:56.390564Z DEBUG gtk_status_bar::dbus: Got an event in event stream: Msg { type: Signal, serial: 21, sender: UniqueName(":1.60"), path: ObjectPath("/"), iface: InterfaceName("org.freedesktop.DBus.ObjectManager"), member: MemberName("InterfacesAdded"), body: Structure(Dynamic { fields: [ObjectPath, Dict { key: Dynamic { child: Str }, value: Dynamic { child: Dict { key: Dynamic { child: Str }, value: Dynamic { child: Variant } } } }] }), fds: [] }
2026-07-13T21:15:56+00:00 machine gtk-status-bar[2939]: 2026-07-13T21:15:56.390641Z DEBUG gtk_status_bar::dbus: Dbus monitor: Received D-Bus message from path: Some(ObjectPath("/")), interface: Some(InterfaceName("org.freedesktop.DBus.ObjectManager")), member: Some(MemberName("InterfacesAdded"))
2026-07-13T21:15:56+00:00 machine gtk-status-bar[2939]: 2026-07-13T21:15:56.390660Z  INFO gtk_status_bar::dbus: Dbus monitor: Received signal
2026-07-13T21:15:56+00:00 machine gtk-status-bar[2939]: 2026-07-13T21:15:56.390680Z  INFO gtk_status_bar::dbus: Dbus monitor: Received InterfacesAdded signal from ObjectManager
2026-07-13T21:15:56+00:00 machine gtk-status-bar[2939]: 2026-07-13T21:15:56.390787Z DEBUG gtk_status_bar::dbus: Available interfaces in InterfacesAdded: [Str("org.bluez.Device1")]
2026-07-13T21:15:56+00:00 machine gtk-status-bar[2939]: 2026-07-13T21:15:56.390836Z DEBUG gtk_status_bar::dbus: Found Device1 interface properties: Dict { map: {Str("Adapter"): Value(ObjectPath(ObjectPath("/org/bluez/hci0"))), Str("Address"): Value(Str("AA:BB:CC:DD:EE:09")), Str("AddressType"): Value(Str("public")), Str("AdvertisingData"): Value(Array(Array { elements: [], signature: Array(Dynamic { child: Dict { key: Dynamic { child: U8 }, value: Dynamic { child: Variant } } }) })), Str("AdvertisingFlags"): Value(Array(Array { elements: [], signature: Array(Dynamic { child: Array(Dynamic { child: U8 }) }) })), Str("Alias"): Value(Str("Recovery Buds")), Str("Appearance"): Value(U16(0)), Str("Blocked"): Value(Bool(false)), Str("Class"): Value(U32(5898764)), Str("Connected"): Value(Bool(false)), Str("Icon"): Value(Str("phone")), Str("LegacyPairing"): Value(Bool(false)), Str("ManufacturerData"): Value(Array(Array { elements: [], signature: Array(Dynamic { child: Dict { key: Dynamic { child: U16 }, value: Dynamic { child: Variant } } }) })), Str("Modalias"): Value(Str("bluetooth:v000Fp1200d1436")), Str("Name"): Value(Str("Recovery Buds")), Str("Paired"): Value(Bool(false)), Str("RSSI"): Value(I16(-79)), Str("ServiceData"): Value(Array(Array { elements: [], signature: Array(Dynamic { child: Dict { key: Dynamic { child: Str }, value: Dynamic { child: Variant } } }) })), Str("ServicesResolved"): Value(Bool(false)), Str("Trusted"): Value(Bool(false)), Str("TxPower"): Value(I16(0)), Str("UUIDs"): Value(Array(Array { elements: [], signature: Array(Dynamic { child: Str }) })), Str("WakeAllowed"): Value(Bool(false))}, signature: Dict { key: Dynamic { child: Str }, value: Dynamic { child: Variant } } }
2026-07-13T21:15:56+00:00 machine gtk-status-bar[2939]: 2026-07-13T21:15:56.390869Z DEBUG gtk_status_bar::dbus: Found Bluetooth device name: Recovery Buds
2026-07-13T21:15:56+00:00 machine gtk-status-bar[2939]: 2026-07-13T21:15:56.390886Z  INFO gtk_status_bar::dbus: Created new device /org/bluez/hci0/dev_AA_BB_CC_DD_EE_09 with name: Some("Recovery Buds")
2026-07-13T21:15:56+00:00 machine gtk-status-bar[2939]: 2026-07-13T21:15:56.390904Z DEBUG gtk_status_bar::dbus: Not a device with org.bluez.Battery1 interface
2026-07-13T21:15:56+00:00 machine gtk-status-bar[2939]: 2026-07-13T21:15:56.390935Z DEBUG gtk_status_bar::dbus: Got an event in event stream: Msg { type: Signal, serial: 25, sender: UniqueName(":1.60"), path: ObjectPath("/org/bluez/hci0"), iface: InterfaceName("org.freedesktop.DBus.Properties"), member: MemberName("PropertiesChanged"), body: Structure(Dynamic { fields: [Str, Dict { key: Dynamic { child: Str }, value: Dynamic { child: Variant } }, Array(Dynamic { child: Str })] }), fds: [] }
2026-07-13T21:15:56+00:00 machine gtk-status-bar[2939]: 2026-07-13T21:15:56.390955Z DEBUG gtk_status_bar::dbus: Dbus monitor: Received D-Bus message from path: Some(ObjectPath("/org/bluez/hci0")), interface: Some(InterfaceName("org.freedesktop.DBus.Properties")), member: Some(MemberName("PropertiesChanged"))
2026-07-13T21:15:56+00:00 machine gtk-status-bar[2939]: 2026-07-13T21:15:56.390971Z  INFO gtk_status_bar::dbus: Dbus monitor: Received signal
2026-07-13T21:15:56+00:00 machine gtk-status-bar[2939]: 2026-07-13T21:15:56.390987Z  INFO gtk_status_bar::dbus: Dbus monitor: Received PropertiesChanged signal
2026-07-13T21:15:56+00:00 machine gtk-status-bar[2939]: 2026-07-13T21:15:56.391010Z DEBUG gtk_status_bar::dbus: Dbus monitor: Ignored PropertiesChanged for interface: "org.bluez.Adapter1"
2026-07-13T21:15:56+00:00 machine gtk-status-bar[2939]: 2026-07-13T21:15:56.392088Z DEBUG gtk_status_bar::widgets: Updating Bluetooth battery label:
2026-07-13T21:15:56+00:00 machine gtk-status-bar[2939]: 2026-07-13T21:15:56.392202Z DEBUG gtk_status_bar::widgets: 🙈 HIDING Bluetooth widget - no devices
2026-07-13T21:15:56+00:00 machine gtk-status-bar[2939]: 2026-07-13T21:15:56.398388Z DEBUG gtk_status_bar::tray: Tray item property is unavailable property="IconPixmap" error=org.freedesktop.DBus.Error.InvalidArgs: No such property “IconPixmap”
2026-07-13T21:15:56+00:00 machine gtk-status-bar[2939]: 2026-07-13T21:15:56.400184Z DEBUG gtk_status_bar::tray: Tray item property is unavailable property="IconThemePath" error=org.freedesktop.DBus.Error.InvalidArgs: No such property “IconThemePath”
2026-07-13T21:15:56+00:00 machine gtk-status-bar[2939]: 2026-07-13T21:15:56.570198Z DEBUG gtk_status_bar::tray: Tray item property is unavailable property="IconPixmap" error=org.freedesktop.DBus.Error.InvalidArgs: No such property “IconPixmap”
2026-07-13T21:15:56+00:00 machine gtk-status-bar[2939]: 2026-07-13T21:15:56.581185Z DEBUG gtk_status_bar::tray: Tray item property is unavailable property="IconThemePath" error=org.freedesktop.DBus.Error.InvalidArgs: No such property “IconThemePath”
2026-07-13T21:15:56+00:00 machine gtk-status-bar[2939]: 2026-07-13T21:15:56.591354Z DEBUG gtk_status_bar::tray: Tray item property is unavailable property="IconPixmap" error=org.freedesktop.DBus.Error.InvalidArgs: No such property “IconPixmap”
2026-07-13T21:15:56+00:00 machine gtk-status-bar[2939]: 2026-07-13T21:15:56.593678Z DEBUG gtk_status_bar::tray: Tray item property is unavailable property="IconThemePath" error=org.freedesktop.DBus.Error.InvalidArgs: No such property “IconThemePath”
2026-07-13T21:15:56+00:00 machine gtk-status-bar[3314]: 2026-07-13T21:15:56.930480Z  INFO gtk_status_bar: Starting GTK status bar application
2026-07-13T21:15:56+00:00 machine gtk-status-bar[3314]: 2026-07-13T21:15:56.933402Z  INFO gtk_status_bar: Running GTK application
2026-07-13T21:15:58+00:00 machine gtk-status-bar[3314]: 2026-07-13T21:15:58.586145Z  INFO gtk_status_bar: Activating GTK application
2026-07-13T21:15:58+00:00 machine gtk-status-bar[3314]: 2026-07-13T21:15:58.586923Z DEBUG gtk_status_bar::widgets: Loading CSS styles
2026-07-13T21:15:58+00:00 machine gtk-status-bar[3314]: 2026-07-13T21:15:58.587371Z  INFO gtk_status_bar::widgets: CSS styles loaded successfully
2026-07-13T21:15:58+00:00 machine gtk-status-bar[3314]: 2026-07-13T21:15:58.587389Z DEBUG gtk_status_bar::widgets: Configuring layer shell
2026-07-13T21:15:58+00:00 machine gtk-status-bar[3314]: 2026-07-13T21:15:58.590048Z  INFO gtk_status_bar::widgets: Layer shell configured successfully
2026-07-13T21:15:58+00:00 machine gtk-status-bar[3314]: 2026-07-13T21:15:58.590080Z DEBUG gtk_status_bar::widgets: Creating experimental bar
2026-07-13T21:15:58+00:00 machine gtk-status-bar[3314]: 2026-07-13T21:15:58.590190Z DEBUG gtk_status_bar::widgets: Creating left group
2026-07-13T21:15:58+00:00 machine gtk-status-bar[3314]: 2026-07-13T21:15:58.590257Z DEBUG gtk_status_bar::widgets: Creating workspace widget
2026-07-13T21:15:58+00:00 machine gtk-status-bar[3314]: 2026-07-13T21:15:58.590546Z DEBUG gtk_status_bar::widgets: Creating workspace client strip
2026-07-13T21:15:58+00:00 machine gtk-status-bar[3314]: 2026-07-13T21:15:58.590653Z DEBUG gtk_status_bar::widgets: Creating right group
2026-07-13T21:15:58+00:00 machine gtk-status-bar[3314]: 2026-07-13T21:15:58.590686Z DEBUG gtk_status_bar::widgets: Creating system tray widget
2026-07-13T21:15:58+00:00 machine gtk-status-bar[3314]: 2026-07-13T21:15:58.590780Z DEBUG gtk_status_bar::widgets: Creating bluetooth widget
2026-07-13T21:15:58+00:00 machine gtk-status-bar[3314]: 2026-07-13T21:15:58.590836Z DEBUG gtk_status_bar::widgets: Creating volume widget
2026-07-13T21:15:58+00:00 machine gtk-status-bar[3314]: 2026-07-13T21:15:58.590877Z DEBUG gtk_status_bar::widgets: Creating network widget
2026-07-13T21:15:58+00:00 machine gtk-status-bar[3314]: 2026-07-13T21:15:58.590918Z DEBUG gtk_status_bar::widgets: Creating battery widget
2026-07-13T21:15:58+00:00 machine gtk-status-bar[3314]: 2026-07-13T21:15:58.590959Z DEBUG gtk_status_bar::widgets: Creating time widget
2026-07-13T21:15:59+00:00 machine gtk-status-bar[3314]: 2026-07-13T21:15:59.217888Z DEBUG gtk_status_bar::widgets: Setting up time widget updates
2026-07-13T21:15:59+00:00 machine gtk-status-bar[3314]: 2026-07-13T21:15:59.217959Z DEBUG gtk_status_bar::widgets: Updating time label:  9:15 PM
2026-07-13T21:15:59+00:00 machine gtk-status-bar[3314]: 2026-07-13T21:15:59.218006Z DEBUG gtk_status_bar::widgets: Setting up system tray updates
2026-07-13T21:15:59+00:00 machine gtk-status-bar[3314]: 2026-07-13T21:15:59.218053Z DEBUG gtk_status_bar::widgets: Setting up workspace updates
2026-07-13T21:15:59+00:00 machine gtk-status-bar[3314]: 2026-07-13T21:15:59.218095Z DEBUG gtk_status_bar::widgets: Setting up workspace client updates
2026-07-13T21:15:59+00:00 machine gtk-status-bar[3314]: 2026-07-13T21:15:59.218137Z DEBUG gtk_status_bar::widgets: Setting up battery updates
2026-07-13T21:15:59+00:00 machine gtk-status-bar[3314]: 2026-07-13T21:15:59.218180Z DEBUG gtk_status_bar::widgets: Setting up Bluetooth battery updates
2026-07-13T21:15:59+00:00 machine gtk-status-bar[3314]: 2026-07-13T21:15:59.218224Z DEBUG gtk_status_bar::widgets: Setting up network updates
2026-07-13T21:15:59+00:00 machine gtk-status-bar[3314]: 2026-07-13T21:15:59.218273Z DEBUG gtk_status_bar::widgets: Setting up volume updates with tokio async channels
2026-07-13T21:15:59+00:00 machine gtk-status-bar[3314]: 2026-07-13T21:15:59.218456Z  INFO gtk_status_bar: Application activated successfully
2026-07-13T21:15:59+00:00 machine gtk-status-bar[3314]: 2026-07-13T21:15:59.218575Z  INFO gtk_status_bar::hypr: 🔌 Starting workspace event listener
2026-07-13T21:15:59+00:00 machine gtk-status-bar[3314]: 2026-07-13T21:15:59.218606Z DEBUG gtk_status_bar::hypr: Setting up workspace event listener
2026-07-13T21:15:59+00:00 machine gtk-status-bar[3314]: 2026-07-13T21:15:59.218705Z  INFO gtk_status_bar::hypr: 🔌 Starting title event listener
2026-07-13T21:15:59+00:00 machine gtk-status-bar[3314]: 2026-07-13T21:15:59.218760Z DEBUG gtk_status_bar::hypr: Setting up title event listener
2026-07-13T21:15:59+00:00 machine gtk-status-bar[3314]: 2026-07-13T21:15:59.218812Z  INFO gtk_status_bar::dbus: 🔌 Starting D-Bus monitor
2026-07-13T21:15:59+00:00 machine gtk-status-bar[3314]: 2026-07-13T21:15:59.218834Z  INFO gtk_status_bar::dbus: Starting D-Bus monitoring task
2026-07-13T21:15:59+00:00 machine gtk-status-bar[3314]: 2026-07-13T21:15:59.219043Z  INFO gtk_status_bar::network: Starting network monitor
2026-07-13T21:15:59+00:00 machine gtk-status-bar[3314]: 2026-07-13T21:15:59.219092Z  INFO gtk_status_bar::tray: 🔌 Starting system tray backend
2026-07-13T21:15:59+00:00 machine gtk-status-bar[3314]: 2026-07-13T21:15:59.219139Z  INFO gtk_status_bar: Starting tray IPC server
2026-07-13T21:15:59+00:00 machine gtk-status-bar[3314]: 2026-07-13T21:15:59.221194Z  INFO gtk_status_bar::hypr: Starting workspace event listener
2026-07-13T21:15:59+00:00 machine gtk-status-bar[3314]: 2026-07-13T21:15:59.221232Z DEBUG gtk_status_bar::widgets: Updating workspace - label: 'Workspace i', color for workspace: 2
2026-07-13T21:15:59+00:00 machine gtk-status-bar[3314]: 2026-07-13T21:15:59.221341Z DEBUG gtk_status_bar::widgets: Updated title widget color to: rgba(125, 207, 255, 0.5) for workspace: 2
2026-07-13T21:15:59+00:00 machine gtk-status-bar[3314]: 2026-07-13T21:15:59.221568Z DEBUG gtk_status_bar::widgets: 🚀 Starting async volume update loop...
2026-07-13T21:15:59+00:00 machine gtk-status-bar[3314]: 2026-07-13T21:15:59.222005Z  INFO tray_ipc: Tray IPC server is listening path=/run/user/1000/gtk-status-bar/tray.sock
2026-07-13T21:15:59+00:00 machine gtk-status-bar[3314]: 2026-07-13T21:15:59.239283Z DEBUG gtk_status_bar::pw: 🔧 Initializing PipeWire on dedicated thread...
2026-07-13T21:15:59+00:00 machine gtk-status-bar[3314]: 2026-07-13T21:15:59.239322Z DEBUG gtk_status_bar::pw: 📋 Created device tracking HashMap for (node_name, description, volume, channel, mute)
2026-07-13T21:15:59+00:00 machine gtk-status-bar[3314]: 2026-07-13T21:15:59.250831Z DEBUG gtk_status_bar::pw: ✅ PipeWire initialized
2026-07-13T21:15:59+00:00 machine gtk-status-bar[3314]: 2026-07-13T21:15:59.250907Z DEBUG gtk_status_bar::pw: ✅ ThreadLoop created
2026-07-13T21:15:59+00:00 machine gtk-status-bar[3314]: 2026-07-13T21:15:59.255040Z  INFO gtk_status_bar::hypr: Starting title event listener
2026-07-13T21:15:59+00:00 machine gtk-status-bar[3314]: 2026-07-13T21:15:59.259870Z DEBUG gtk_status_bar::widgets: Updating workspace client strip workspace_id=2 client_count=8
2026-07-13T21:15:59+00:00 machine gtk-status-bar[3314]: 2026-07-13T21:15:59.259904Z DEBUG gtk_status_bar::widgets: Updating client pill address=0x57c07edca530 title="hello" compact_title="hello" class="kitty" active=false
2026-07-13T21:15:59+00:00 machine gtk-status-bar[3314]: 2026-07-13T21:15:59.259940Z DEBUG gtk_status_bar::widgets: Creating client title pill
2026-07-13T21:15:59+00:00 machine gtk-status-bar[3314]: 2026-07-13T21:15:59.261113Z DEBUG gtk_status_bar::dbus: 🔌 Registered battery match rule
2026-07-13T21:15:59+00:00 machine gtk-status-bar[3314]: 2026-07-13T21:15:59.261859Z DEBUG gtk_status_bar::dbus: 🔌 Registered bluez PropertiesChanged match rule
2026-07-13T21:15:59+00:00 machine gtk-status-bar[3314]: 2026-07-13T21:15:59.262415Z DEBUG gtk_status_bar::dbus: 🔌 Registered bluez InterfacesAdded match rule
2026-07-13T21:15:59+00:00 machine gtk-status-bar[3314]: 2026-07-13T21:15:59.263441Z DEBUG gtk_status_bar::dbus: 🔌 Registered bluez InterfacesRemoved match rule
2026-07-13T21:15:59+00:00 machine gtk-status-bar[3314]: 2026-07-13T21:15:59.267127Z  INFO gtk_status_bar::dbus: Battery is discharging (state: 2)
2026-07-13T21:15:59+00:00 machine gtk-status-bar[3314]: 2026-07-13T21:15:59.267153Z  INFO gtk_status_bar::dbus: Battery is at 55.0%
2026-07-13T21:15:59+00:00 machine gtk-status-bar[3314]: 2026-07-13T21:15:59.270310Z  INFO gtk_status_bar::dbus: Found 3 Bluetooth objects
2026-07-13T21:15:59+00:00 machine gtk-status-bar[3314]: 2026-07-13T21:15:59.270338Z  INFO gtk_status_bar::dbus: Found Bluetooth device with battery at: /org/bluez/hci0/dev_AA_BB_CC_DD_EE_09
2026-07-13T21:15:59+00:00 machine gtk-status-bar[3314]: 2026-07-13T21:15:59.270355Z  INFO gtk_status_bar::dbus: Bluetooth device battery at 65%
2026-07-13T21:15:59+00:00 machine gtk-status-bar[3314]: 2026-07-13T21:15:59.270372Z DEBUG gtk_status_bar::dbus: Added device /org/bluez/hci0/dev_AA_BB_CC_DD_EE_09 to HashMap (has_battery: true, has_media: false)
2026-07-13T21:15:59+00:00 machine gtk-status-bar[3314]: 2026-07-13T21:15:59.270396Z DEBUG gtk_status_bar::dbus: Initial bluetooth devices: {"/org/bluez/hci0/dev_AA_BB_CC_DD_EE_09": BluetoothDevice { has_battery: true, has_media: false, battery_percentage: Some(65), device_name: Some("Recovery Buds") }}
2026-07-13T21:15:59+00:00 machine gtk-status-bar[3314]: 2026-07-13T21:15:59.270423Z  INFO gtk_status_bar::dbus: Sent initial Bluetooth display: R65
2026-07-13T21:15:59+00:00 machine gtk-status-bar[3314]: 2026-07-13T21:15:59.270439Z  INFO gtk_status_bar::dbus: Dbus monitor: Starting to listen for D-Bus messages
2026-07-13T21:15:59+00:00 machine gtk-status-bar[3314]: 2026-07-13T21:15:59.270455Z DEBUG gtk_status_bar::dbus: Got an event in event stream: Msg { type: MethodReturn, serial: 9, sender: UniqueName(":1.61"), reply-serial: 15, body: Variant, fds: [] }
2026-07-13T21:15:59+00:00 machine gtk-status-bar[3314]: 2026-07-13T21:15:59.270476Z DEBUG gtk_status_bar::dbus: Dbus monitor: Received D-Bus message from path: None, interface: None, member: None
2026-07-13T21:15:59+00:00 machine gtk-status-bar[3314]: 2026-07-13T21:15:59.270495Z ERROR gtk_status_bar::dbus: Dbus monitor: Received message with no path, ignoring
2026-07-13T21:15:59+00:00 machine gtk-status-bar[3314]: 2026-07-13T21:15:59.270514Z DEBUG gtk_status_bar::dbus: Got an event in event stream: Msg { type: MethodReturn, serial: 10, sender: UniqueName(":1.61"), reply-serial: 18, body: Variant, fds: [] }
2026-07-13T21:15:59+00:00 machine gtk-status-bar[3314]: 2026-07-13T21:15:59.270533Z DEBUG gtk_status_bar::dbus: Dbus monitor: Received D-Bus message from path: None, interface: None, member: None
2026-07-13T21:15:59+00:00 machine gtk-status-bar[3314]: 2026-07-13T21:15:59.270550Z ERROR gtk_status_bar::dbus: Dbus monitor: Received message with no path, ignoring
2026-07-13T21:15:59+00:00 machine gtk-status-bar[3314]: 2026-07-13T21:15:59.270567Z DEBUG gtk_status_bar::dbus: Got an event in event stream: Msg { type: MethodReturn, serial: 50, sender: UniqueName(":1.60"), reply-serial: 20, body: Dict { key: Dynamic { child: ObjectPath }, value: Dynamic { child: Dict { key: Dynamic { child: Str }, value: Dynamic { child: Dict { key: Dynamic { child: Str }, value: Dynamic { child: Variant } } } } } }, fds: [] }
2026-07-13T21:15:59+00:00 machine gtk-status-bar[3314]: 2026-07-13T21:15:59.270590Z DEBUG gtk_status_bar::dbus: Dbus monitor: Received D-Bus message from path: None, interface: None, member: None
2026-07-13T21:15:59+00:00 machine gtk-status-bar[3314]: 2026-07-13T21:15:59.270607Z ERROR gtk_status_bar::dbus: Dbus monitor: Received message with no path, ignoring
2026-07-13T21:15:59+00:00 machine gtk-status-bar[3314]: 2026-07-13T21:15:59.272296Z DEBUG gtk_status_bar::network: Sent network update label="\u{f091f} 28% ?"
2026-07-13T21:15:59+00:00 machine gtk-status-bar[3314]: 2026-07-13T21:15:59.379040Z  INFO gtk_status_bar::tray: Serving StatusNotifierWatcher for tray applications
2026-07-13T21:15:59+00:00 machine gtk-status-bar[3314]: 2026-07-13T21:15:59.384369Z DEBUG gtk_status_bar::widgets: Resolved title icon from desktop application metadata class="kitty"
2026-07-13T21:15:59+00:00 machine gtk-status-bar[3314]: 2026-07-13T21:15:59.384451Z DEBUG gtk_status_bar::widgets: Updating client pill address=0x57c07ebdd140 title="AAAAAAAAAAAAAAAAAAAAAAAAAAAAAAAAAAAAAAAAAAAAAAAAAAAAAAAAAAAAAAAA" compact_title="AAAAAAAAAAA…" class="kitty" active=false
2026-07-13T21:15:59+00:00 machine gtk-status-bar[3314]: 2026-07-13T21:15:59.384475Z DEBUG gtk_status_bar::widgets: Creating client title pill
2026-07-13T21:15:59+00:00 machine gtk-status-bar[3314]: 2026-07-13T21:15:59.412765Z  INFO gtk_status_bar::network: Network reachability probe completed target=192.0.2.1 success=true elapsed_ms=139
2026-07-13T21:15:59+00:00 machine gtk-status-bar[3314]: 2026-07-13T21:15:59.412822Z DEBUG gtk_status_bar::network: Sent network update label="\u{f091f} 28% \u{f0ac}"
2026-07-13T21:15:59+00:00 machine gtk-status-bar[3314]: 2026-07-13T21:15:59.437495Z DEBUG gtk_status_bar::widgets: Resolved title icon from desktop application metadata class="kitty"
2026-07-13T21:15:59+00:00 machine gtk-status-bar[3314]: 2026-07-13T21:15:59.437604Z DEBUG gtk_status_bar::widgets: Updating client pill address=0x57c07ec51e80 title="0123456789012345678901234567890…89012345678901234567890123456789" compact_title="01234567890…" class="kitty" active=false
2026-07-13T21:15:59+00:00 machine gtk-status-bar[3314]: 2026-07-13T21:15:59.437633Z DEBUG gtk_status_bar::widgets: Creating client title pill
2026-07-13T21:15:59+00:00 machine gtk-status-bar[3314]: 2026-07-13T21:15:59.456641Z DEBUG gtk_status_bar::pw: ✅ Context created
2026-07-13T21:15:59+00:00 machine gtk-status-bar[3314]: 2026-07-13T21:15:59.457761Z DEBUG gtk_status_bar::pw: ✅ Core connected
2026-07-13T21:15:59+00:00 machine gtk-status-bar[3314]: 2026-07-13T21:15:59.457787Z DEBUG gtk_status_bar::pw: ✅ Registry obtained
2026-07-13T21:15:59+00:00 machine gtk-status-bar[3314]: 2026-07-13T21:15:59.457816Z DEBUG gtk_status_bar::pw: 🎵 PipeWire ThreadLoop started - monitoring volume changes with default sink filtering
2026-07-13T21:15:59+00:00 machine gtk-status-bar[3314]: 2026-07-13T21:15:59.457952Z DEBUG gtk_status_bar::pw: ✅ ThreadLoop started successfully
2026-07-13T21:15:59+00:00 machine gtk-status-bar[3314]: 2026-07-13T21:15:59.457970Z DEBUG gtk_status_bar::pw: 🔄 PipeWire thread running - async event delivery active...
2026-07-13T21:15:59+00:00 machine gtk-status-bar[3314]: 2026-07-13T21:15:59.498330Z DEBUG gtk_status_bar::widgets: Resolved title icon from desktop application metadata class="kitty"
2026-07-13T21:15:59+00:00 machine gtk-status-bar[3314]: 2026-07-13T21:15:59.498437Z DEBUG gtk_status_bar::widgets: Updating client pill address=0x57c07fc69630 title="界🙂界🙂界🙂界🙂界🙂界🙂界🙂界🙂界🙂界🙂界🙂界🙂界🙂界🙂界🙂界…界🙂界🙂界🙂界🙂界🙂界🙂界🙂界🙂界🙂界🙂界🙂界🙂界🙂界🙂界🙂界🙂" compact_title="界🙂界🙂界🙂界🙂界🙂界…" class="kitty" active=false
2026-07-13T21:15:59+00:00 machine gtk-status-bar[3314]: 2026-07-13T21:15:59.498519Z DEBUG gtk_status_bar::widgets: Creating client title pill
2026-07-13T21:15:59+00:00 machine gtk-status-bar[3314]: 2026-07-13T21:15:59.548115Z DEBUG gtk_status_bar::widgets: Resolved title icon from desktop application metadata class="kitty"
2026-07-13T21:15:59+00:00 machine gtk-status-bar[3314]: 2026-07-13T21:15:59.548196Z DEBUG gtk_status_bar::widgets: Updating client pill address=0x57c07fdc32d0 title="Focus Left" compact_title="Focus" class="kitty" active=false
2026-07-13T21:15:59+00:00 machine gtk-status-bar[3314]: 2026-07-13T21:15:59.548219Z DEBUG gtk_status_bar::widgets: Creating client title pill
2026-07-13T21:15:59+00:00 machine gtk-status-bar[3314]: 2026-07-13T21:15:59.604311Z DEBUG gtk_status_bar::widgets: Resolved title icon from desktop application metadata class="kitty"
2026-07-13T21:15:59+00:00 machine gtk-status-bar[3314]: 2026-07-13T21:15:59.604383Z DEBUG gtk_status_bar::widgets: Updating client pill address=0x57c07fc75300 title="Focus Right" compact_title="Focus" class="kitty" active=true
2026-07-13T21:15:59+00:00 machine gtk-status-bar[3314]: 2026-07-13T21:15:59.604405Z DEBUG gtk_status_bar::widgets: Creating client title pill
2026-07-13T21:15:59+00:00 machine gtk-status-bar[3314]: 2026-07-13T21:15:59.662318Z DEBUG gtk_status_bar::widgets: Resolved title icon from desktop application metadata class="kitty"
2026-07-13T21:15:59+00:00 machine gtk-status-bar[3314]: 2026-07-13T21:15:59.662409Z DEBUG gtk_status_bar::widgets: Updating client pill address=0x57c07ecb0460 title="Close OS window" compact_title="Close" class="kitty" active=false
2026-07-13T21:15:59+00:00 machine gtk-status-bar[3314]: 2026-07-13T21:15:59.662431Z DEBUG gtk_status_bar::widgets: Creating client title pill
2026-07-13T21:15:59+00:00 machine gtk-status-bar[3314]: 2026-07-13T21:15:59.709026Z DEBUG gtk_status_bar::widgets: Resolved title icon from desktop application metadata class="kitty"
2026-07-13T21:15:59+00:00 machine gtk-status-bar[3314]: 2026-07-13T21:15:59.709107Z DEBUG gtk_status_bar::widgets: Updating client pill address=0x57c07fc14030 title="Renamed client" compact_title="Renamed" class="kitty" active=false
2026-07-13T21:15:59+00:00 machine gtk-status-bar[3314]: 2026-07-13T21:15:59.709131Z DEBUG gtk_status_bar::widgets: Creating client title pill
2026-07-13T21:15:59+00:00 machine gtk-status-bar[3314]: 2026-07-13T21:15:59.736129Z DEBUG gtk_status_bar::pw: 📡 PipeWire connected: pipewire-0
2026-07-13T21:15:59+00:00 machine gtk-status-bar[3314]: 2026-07-13T21:15:59.736179Z DEBUG gtk_status_bar::pw: 🚫 Skipping metadata '' (props: Some(DictRef { flags: Flags(0x0), entries: {"object.serial": "0", "core.name": "pipewire-0"} }))
2026-07-13T21:15:59+00:00 machine gtk-status-bar[3314]: 2026-07-13T21:15:59.736207Z DEBUG gtk_status_bar::pw: 🚫 Skipping metadata '' (props: Some(DictRef { flags: Flags(0x0), entries: {"object.serial": "1", "module.name": "libpipewire-module-rt"} }))
2026-07-13T21:15:59+00:00 machine gtk-status-bar[3314]: 2026-07-13T21:15:59.736228Z DEBUG gtk_status_bar::pw: 🚫 Skipping metadata '' (props: Some(DictRef { flags: Flags(0x0), entries: {"object.serial": "3"} }))
2026-07-13T21:15:59+00:00 machine gtk-status-bar[3314]: 2026-07-13T21:15:59.736246Z DEBUG gtk_status_bar::pw: 🚫 Skipping metadata '' (props: Some(DictRef { flags: Flags(0x0), entries: {"object.serial": "2", "module.name": "libpipewire-module-protocol-native"} }))
2026-07-13T21:15:59+00:00 machine gtk-status-bar[3314]: 2026-07-13T21:15:59.736264Z DEBUG gtk_status_bar::pw: 🚫 Skipping metadata '' (props: Some(DictRef { flags: Flags(0x0), entries: {"object.serial": "5"} }))
2026-07-13T21:15:59+00:00 machine gtk-status-bar[3314]: 2026-07-13T21:15:59.736282Z DEBUG gtk_status_bar::pw: 🚫 Skipping metadata '' (props: Some(DictRef { flags: Flags(0x0), entries: {"object.serial": "4", "module.name": "libpipewire-module-profiler"} }))
2026-07-13T21:15:59+00:00 machine gtk-status-bar[3314]: 2026-07-13T21:15:59.736299Z DEBUG gtk_status_bar::pw: 🚫 Skipping metadata '' (props: Some(DictRef { flags: Flags(0x0), entries: {"object.serial": "6", "module.name": "libpipewire-module-metadata"} }))
2026-07-13T21:15:59+00:00 machine gtk-status-bar[3314]: 2026-07-13T21:15:59.736318Z DEBUG gtk_status_bar::pw: 🚫 Skipping metadata '' (props: Some(DictRef { flags: Flags(0x0), entries: {"object.serial": "7", "module.id": "6", "factory.name": "metadata", "factory.type.name": "PipeWire:Interface:Metadata", "factory.type.version": "3"} }))
2026-07-13T21:15:59+00:00 machine gtk-status-bar[3314]: 2026-07-13T21:15:59.736337Z DEBUG gtk_status_bar::pw: 🚫 Skipping metadata '' (props: Some(DictRef { flags: Flags(0x0), entries: {"object.serial": "8", "module.name": "libpipewire-module-spa-device-factory"} }))
2026-07-13T21:15:59+00:00 machine gtk-status-bar[3314]: 2026-07-13T21:15:59.736354Z DEBUG gtk_status_bar::pw: 🚫 Skipping metadata '' (props: Some(DictRef { flags: Flags(0x0), entries: {"object.serial": "9", "module.id": "8", "factory.name": "spa-device-factory", "factory.type.name": "PipeWire:Interface:Device", "factory.type.version": "3"} }))
2026-07-13T21:15:59+00:00 machine gtk-status-bar[3314]: 2026-07-13T21:15:59.736373Z DEBUG gtk_status_bar::pw: 🚫 Skipping metadata '' (props: Some(DictRef { flags: Flags(0x0), entries: {"object.serial": "10", "module.name": "libpipewire-module-spa-node-factory"} }))
2026-07-13T21:15:59+00:00 machine gtk-status-bar[3314]: 2026-07-13T21:15:59.736391Z DEBUG gtk_status_bar::pw: 🚫 Skipping metadata '' (props: Some(DictRef { flags: Flags(0x0), entries: {"object.serial": "11", "module.id": "10", "factory.name": "spa-node-factory", "factory.type.name": "PipeWire:Interface:Node", "factory.type.version": "3"} }))
2026-07-13T21:15:59+00:00 machine gtk-status-bar[3314]: 2026-07-13T21:15:59.736410Z DEBUG gtk_status_bar::pw: 🚫 Skipping metadata '' (props: Some(DictRef { flags: Flags(0x0), entries: {"object.serial": "12", "module.name": "libpipewire-module-client-node"} }))
2026-07-13T21:15:59+00:00 machine gtk-status-bar[3314]: 2026-07-13T21:15:59.736431Z DEBUG gtk_status_bar::pw: 🚫 Skipping metadata '' (props: Some(DictRef { flags: Flags(0x0), entries: {"object.serial": "13", "module.id": "12", "factory.name": "client-node", "factory.type.name": "PipeWire:Interface:ClientNode", "factory.type.version": "6"} }))
2026-07-13T21:15:59+00:00 machine gtk-status-bar[3314]: 2026-07-13T21:15:59.736454Z DEBUG gtk_status_bar::pw: 🚫 Skipping metadata '' (props: Some(DictRef { flags: Flags(0x0), entries: {"object.serial": "14", "module.name": "libpipewire-module-client-device"} }))
2026-07-13T21:15:59+00:00 machine gtk-status-bar[3314]: 2026-07-13T21:15:59.736475Z DEBUG gtk_status_bar::pw: 🚫 Skipping metadata '' (props: Some(DictRef { flags: Flags(0x0), entries: {"object.serial": "15", "module.id": "14", "factory.name": "client-device", "factory.type.name": "Spa:Pointer:Interface:Device", "factory.type.version": "0"} }))
2026-07-13T21:15:59+00:00 machine gtk-status-bar[3314]: 2026-07-13T21:15:59.736497Z DEBUG gtk_status_bar::pw: 🚫 Skipping metadata '' (props: Some(DictRef { flags: Flags(0x0), entries: {"object.serial": "16", "module.name": "libpipewire-module-portal"} }))
2026-07-13T21:15:59+00:00 machine gtk-status-bar[3314]: 2026-07-13T21:15:59.736519Z DEBUG gtk_status_bar::pw: 🚫 Skipping metadata '' (props: Some(DictRef { flags: Flags(0x0), entries: {"object.serial": "17", "module.name": "libpipewire-module-access"} }))
2026-07-13T21:15:59+00:00 machine gtk-status-bar[3314]: 2026-07-13T21:15:59.736537Z DEBUG gtk_status_bar::pw: 🚫 Skipping metadata '' (props: Some(DictRef { flags: Flags(0x0), entries: {"object.serial": "18", "module.name": "libpipewire-module-adapter"} }))
2026-07-13T21:15:59+00:00 machine gtk-status-bar[3314]: 2026-07-13T21:15:59.736557Z DEBUG gtk_status_bar::pw: 🚫 Skipping metadata '' (props: Some(DictRef { flags: Flags(0x0), entries: {"object.serial": "19", "module.id": "18", "factory.name": "adapter", "factory.type.name": "PipeWire:Interface:Node", "factory.type.version": "3"} }))
2026-07-13T21:15:59+00:00 machine gtk-status-bar[3314]: 2026-07-13T21:15:59.736579Z DEBUG gtk_status_bar::pw: 🚫 Skipping metadata '' (props: Some(DictRef { flags: Flags(0x0), entries: {"object.serial": "20", "module.name": "libpipewire-module-link-factory"} }))
2026-07-13T21:15:59+00:00 machine gtk-status-bar[3314]: 2026-07-13T21:15:59.736600Z DEBUG gtk_status_bar::pw: 🚫 Skipping metadata '' (props: Some(DictRef { flags: Flags(0x0), entries: {"object.serial": "21", "module.id": "20", "factory.name": "link-factory", "factory.type.name": "PipeWire:Interface:Link", "factory.type.version": "3"} }))
2026-07-13T21:15:59+00:00 machine gtk-status-bar[3314]: 2026-07-13T21:15:59.736622Z DEBUG gtk_status_bar::pw: 🚫 Skipping metadata '' (props: Some(DictRef { flags: Flags(0x0), entries: {"object.serial": "22", "module.name": "libpipewire-module-session-manager"} }))
2026-07-13T21:15:59+00:00 machine gtk-status-bar[3314]: 2026-07-13T21:15:59.736644Z DEBUG gtk_status_bar::pw: 🚫 Skipping metadata '' (props: Some(DictRef { flags: Flags(0x0), entries: {"object.serial": "23", "module.id": "22", "factory.name": "client-endpoint", "factory.type.name": "PipeWire:Interface:ClientEndpoint", "factory.type.version": "0"} }))
2026-07-13T21:15:59+00:00 machine gtk-status-bar[3314]: 2026-07-13T21:15:59.736665Z DEBUG gtk_status_bar::pw: 🚫 Skipping metadata '' (props: Some(DictRef { flags: Flags(0x0), entries: {"object.serial": "24", "module.id": "22", "factory.name": "client-session", "factory.type.name": "PipeWire:Interface:ClientSession", "factory.type.version": "0"} }))
2026-07-13T21:15:59+00:00 machine gtk-status-bar[3314]: 2026-07-13T21:15:59.736684Z DEBUG gtk_status_bar::pw: 🚫 Skipping metadata '' (props: Some(DictRef { flags: Flags(0x0), entries: {"object.serial": "25", "module.id": "22", "factory.name": "session", "factory.type.name": "PipeWire:Interface:Session", "factory.type.version": "0"} }))
2026-07-13T21:15:59+00:00 machine gtk-status-bar[3314]: 2026-07-13T21:15:59.736753Z DEBUG gtk_status_bar::pw: 🚫 Skipping metadata '' (props: Some(DictRef { flags: Flags(0x0), entries: {"object.serial": "26", "module.id": "22", "factory.name": "endpoint", "factory.type.name": "PipeWire:Interface:Endpoint", "factory.type.version": "0"} }))
2026-07-13T21:15:59+00:00 machine gtk-status-bar[3314]: 2026-07-13T21:15:59.736777Z DEBUG gtk_status_bar::pw: 🚫 Skipping metadata '' (props: Some(DictRef { flags: Flags(0x0), entries: {"object.serial": "27", "module.id": "22", "factory.name": "endpoint-stream", "factory.type.name": "PipeWire:Interface:EndpointStream", "factory.type.version": "0"} }))
2026-07-13T21:15:59+00:00 machine gtk-status-bar[3314]: 2026-07-13T21:15:59.736809Z DEBUG gtk_status_bar::pw: 🚫 Skipping metadata '' (props: Some(DictRef { flags: Flags(0x0), entries: {"object.serial": "28", "module.id": "22", "factory.name": "endpoint-link", "factory.type.name": "PipeWire:Interface:EndpointLink", "factory.type.version": "0"} }))
2026-07-13T21:15:59+00:00 machine gtk-status-bar[3314]: 2026-07-13T21:15:59.736831Z DEBUG gtk_status_bar::pw: 🚫 Skipping metadata '' (props: Some(DictRef { flags: Flags(0x0), entries: {"object.serial": "29", "module.name": "libpipewire-module-x11-bell"} }))
2026-07-13T21:15:59+00:00 machine gtk-status-bar[3314]: 2026-07-13T21:15:59.736853Z DEBUG gtk_status_bar::pw: 🚫 Skipping metadata '' (props: Some(DictRef { flags: Flags(0x0), entries: {"object.serial": "30", "module.name": "libpipewire-module-jackdbus-detect"} }))
2026-07-13T21:15:59+00:00 machine gtk-status-bar[3314]: 2026-07-13T21:15:59.736873Z DEBUG gtk_status_bar::pw: 🚫 Skipping metadata '' (props: Some(DictRef { flags: Flags(0x0), entries: {"object.serial": "31", "factory.id": "11", "priority.driver": "200000", "node.name": "Dummy-Driver"} }))
2026-07-13T21:15:59+00:00 machine gtk-status-bar[3314]: 2026-07-13T21:15:59.736891Z DEBUG gtk_status_bar::pw: 🔍 Checking node - media.class: None
2026-07-13T21:15:59+00:00 machine gtk-status-bar[3314]: 2026-07-13T21:15:59.736908Z DEBUG gtk_status_bar::pw: 🔍 Node filter result: false for media.class: None
2026-07-13T21:15:59+00:00 machine gtk-status-bar[3314]: 2026-07-13T21:15:59.736928Z DEBUG gtk_status_bar::pw: 🚫 Skipping metadata '' (props: Some(DictRef { flags: Flags(0x0), entries: {"object.serial": "32", "factory.id": "11", "priority.driver": "190000", "node.name": "Freewheel-Driver"} }))
2026-07-13T21:15:59+00:00 machine gtk-status-bar[3314]: 2026-07-13T21:15:59.736949Z DEBUG gtk_status_bar::pw: 🔍 Checking node - media.class: None
2026-07-13T21:15:59+00:00 machine gtk-status-bar[3314]: 2026-07-13T21:15:59.736966Z DEBUG gtk_status_bar::pw: 🔍 Node filter result: false for media.class: None
2026-07-13T21:15:59+00:00 machine gtk-status-bar[3314]: 2026-07-13T21:15:59.736985Z DEBUG gtk_status_bar::pw: 🚫 Skipping metadata 'settings' (props: Some(DictRef { flags: Flags(0x0), entries: {"object.serial": "33", "metadata.name": "settings"} }))
2026-07-13T21:15:59+00:00 machine gtk-status-bar[3314]: 2026-07-13T21:15:59.737007Z DEBUG gtk_status_bar::pw: 🚫 Skipping metadata '' (props: Some(DictRef { flags: Flags(0x0), entries: {"object.serial": "34", "module.id": "2", "pipewire.protocol": "protocol-native", "pipewire.sec.pid": "1253", "pipewire.sec.uid": "1000", "pipewire.sec.gid": "100", "pipewire.sec.socket": "pipewire-0", "application.name": ".xdg-desktop-portal-wrapped", "pipewire.access": "unrestricted"} }))
2026-07-13T21:15:59+00:00 machine gtk-status-bar[3314]: 2026-07-13T21:15:59.737030Z DEBUG gtk_status_bar::pw: 🚫 Skipping metadata '' (props: Some(DictRef { flags: Flags(0x0), entries: {"object.serial": "35", "module.id": "2", "pipewire.protocol": "protocol-native", "pipewire.sec.pid": "1349", "pipewire.sec.uid": "1000", "pipewire.sec.gid": "100", "pipewire.sec.socket": "pipewire-0-manager", "application.name": "WirePlumber", "pipewire.access": "unrestricted"} }))
2026-07-13T21:15:59+00:00 machine gtk-status-bar[3314]: 2026-07-13T21:15:59.737053Z DEBUG gtk_status_bar::pw: 🚫 Skipping metadata 'schema-sm-settings' (props: Some(DictRef { flags: Flags(0x0), entries: {"metadata.name": "schema-sm-settings", "factory.id": "7", "module.id": "6", "client.id": "35", "object.serial": "36"} }))
2026-07-13T21:15:59+00:00 machine gtk-status-bar[3314]: 2026-07-13T21:15:59.737075Z DEBUG gtk_status_bar::pw: 🚫 Skipping metadata 'persistent-sm-settings' (props: Some(DictRef { flags: Flags(0x0), entries: {"metadata.name": "persistent-sm-settings", "factory.id": "7", "module.id": "6", "client.id": "35", "object.serial": "37"} }))
2026-07-13T21:15:59+00:00 machine gtk-status-bar[3314]: 2026-07-13T21:15:59.737097Z DEBUG gtk_status_bar::pw: 🚫 Skipping metadata 'sm-settings' (props: Some(DictRef { flags: Flags(0x0), entries: {"metadata.name": "sm-settings", "factory.id": "7", "module.id": "6", "client.id": "35", "object.serial": "38"} }))
2026-07-13T21:16:00+00:00 machine gtk-status-bar[3314]: 2026-07-13T21:15:59.737120Z DEBUG gtk_status_bar::pw: 🚫 Skipping metadata 'sm-objects' (props: Some(DictRef { flags: Flags(0x0), entries: {"metadata.name": "sm-objects", "factory.id": "7", "module.id": "6", "client.id": "35", "object.serial": "39"} }))
2026-07-13T21:16:00+00:00 machine gtk-status-bar[3314]: 2026-07-13T21:15:59.737141Z DEBUG gtk_status_bar::pw: 🚫 Skipping metadata 'default-profile' (props: Some(DictRef { flags: Flags(0x0), entries: {"wireplumber.state": "true", "metadata.name": "default-profile", "factory.id": "7", "module.id": "6", "client.id": "35", "object.serial": "40"} }))
2026-07-13T21:16:00+00:00 machine gtk-status-bar[3314]: 2026-07-13T21:15:59.737160Z DEBUG gtk_status_bar::pw: ✅ Processing metadata.name == default
2026-07-13T21:16:00+00:00 machine gtk-status-bar[3314]: 2026-07-13T21:15:59.737175Z DEBUG gtk_status_bar::pw: 📋 Found metadata object: Some(DictRef { flags: Flags(0x0), entries: {"metadata.name": "default", "factory.id": "7", "module.id": "6", "client.id": "35", "object.serial": "41"} })
2026-07-13T21:16:00+00:00 machine gtk-status-bar[3314]: 2026-07-13T21:15:59.737203Z DEBUG gtk_status_bar::pw: 📋 Bound 'default' Metadata (id=3)
2026-07-13T21:16:00+00:00 machine gtk-status-bar[3314]: 2026-07-13T21:15:59.737230Z DEBUG gtk_status_bar::pw: 🚫 Skipping metadata 'filters' (props: Some(DictRef { flags: Flags(0x0), entries: {"metadata.name": "filters", "factory.id": "7", "module.id": "6", "client.id": "35", "object.serial": "43"} }))
2026-07-13T21:16:00+00:00 machine gtk-status-bar[3314]: 2026-07-13T21:15:59.737253Z DEBUG gtk_status_bar::pw: 🚫 Skipping metadata '' (props: Some(DictRef { flags: Flags(0x0), entries: {"object.serial": "42", "module.id": "2", "pipewire.protocol": "protocol-native", "pipewire.sec.pid": "1359", "pipewire.sec.uid": "1000", "pipewire.sec.gid": "100", "pipewire.sec.socket": "pipewire-0", "application.name": ".xdg-desktop-portal-hyprland-wrapped", "pipewire.access": "unrestricted"} }))
2026-07-13T21:16:00+00:00 machine gtk-status-bar[3314]: 2026-07-13T21:15:59.737276Z DEBUG gtk_status_bar::pw: 🚫 Skipping metadata 'route-settings' (props: Some(DictRef { flags: Flags(0x0), entries: {"metadata.name": "route-settings", "factory.id": "7", "module.id": "6", "client.id": "35", "object.serial": "44"} }))
2026-07-13T21:16:00+00:00 machine gtk-status-bar[3314]: 2026-07-13T21:15:59.737299Z DEBUG gtk_status_bar::pw: 🚫 Skipping metadata '' (props: Some(DictRef { flags: Flags(0x0), entries: {"object.serial": "45", "module.id": "2", "pipewire.protocol": "protocol-native", "pipewire.sec.pid": "1349", "pipewire.sec.uid": "1000", "pipewire.sec.gid": "100", "pipewire.sec.socket": "pipewire-0-manager", "application.name": "WirePlumber [export]", "pipewire.access": "unrestricted"} }))
2026-07-13T21:16:00+00:00 machine gtk-status-bar[3314]: 2026-07-13T21:15:59.737322Z DEBUG gtk_status_bar::pw: 🚫 Skipping metadata '' (props: Some(DictRef { flags: Flags(0x0), entries: {"object.serial": "46", "factory.id": "11", "client.id": "45", "priority.session": "100", "priority.driver": "1", "node.name": "Midi-Bridge", "media.class": "Midi/Bridge"} }))
2026-07-13T21:16:00+00:00 machine gtk-status-bar[3314]: 2026-07-13T21:15:59.737342Z DEBUG gtk_status_bar::pw: 🔍 Checking node - media.class: Some("Midi/Bridge")
2026-07-13T21:16:00+00:00 machine gtk-status-bar[3314]: 2026-07-13T21:15:59.737361Z DEBUG gtk_status_bar::pw: 🔍 Node filter result: false for media.class: Some("Midi/Bridge")
2026-07-13T21:16:00+00:00 machine gtk-status-bar[3314]: 2026-07-13T21:15:59.737381Z DEBUG gtk_status_bar::pw: 🚫 Skipping metadata '' (props: Some(DictRef { flags: Flags(0x0), entries: {"object.serial": "47", "object.path": "alsa:seq:default:client_14:playback_0", "format.dsp": "8 bit raw midi", "node.id": "46", "port.id": "0", "port.name": "Midi Through: Port-0 (playback)", "port.direction": "in", "port.physical": "true", "port.terminal": "true", "port.alias": "Midi Through:Midi Through Port-0", "port.group": "client_14"} }))
2026-07-13T21:16:00+00:00 machine gtk-status-bar[3314]: 2026-07-13T21:15:59.737406Z DEBUG gtk_status_bar::pw: 🚫 Skipping metadata '' (props: Some(DictRef { flags: Flags(0x0), entries: {"object.serial": "48", "object.path": "alsa:seq:default:client_14:capture_0", "format.dsp": "8 bit raw midi", "node.id": "46", "port.id": "0", "port.name": "Midi Through: Port-0 (capture)", "port.direction": "out", "port.physical": "true", "port.terminal": "true", "port.alias": "Midi Through:Midi Through Port-0", "port.group": "client_14"} }))
2026-07-13T21:16:00+00:00 machine gtk-status-bar[3314]: 2026-07-13T21:15:59.737431Z DEBUG gtk_status_bar::pw: 🚫 Skipping metadata '' (props: Some(DictRef { flags: Flags(0x0), entries: {"object.serial": "49", "factory.id": "14", "client.id": "45", "node.description": "BLE MIDI 1", "node.name": "bluez_midi.server", "media.class": "Midi/Bridge"} }))
2026-07-13T21:16:00+00:00 machine gtk-status-bar[3314]: 2026-07-13T21:15:59.737453Z DEBUG gtk_status_bar::pw: 🔍 Checking node - media.class: Some("Midi/Bridge")
2026-07-13T21:16:00+00:00 machine gtk-status-bar[3314]: 2026-07-13T21:15:59.768386Z DEBUG gtk_status_bar::widgets: Resolved title icon from desktop application metadata class="kitty"
2026-07-13T21:16:00+00:00 machine gtk-status-bar[3314]: 2026-07-13T21:16:00.197526Z DEBUG gtk_status_bar::widgets: Updating time label:  9:16 PM
2026-07-13T21:16:00+00:00 machine gtk-status-bar[3314]: 2026-07-13T21:16:00.197636Z DEBUG gtk_status_bar::widgets: Updating battery label: 🔋 55%
2026-07-13T21:16:00+00:00 machine gtk-status-bar[3314]: 2026-07-13T21:16:00.197666Z DEBUG gtk_status_bar::widgets: 👁️  SHOWING battery widget - data: 🔋 55%
2026-07-13T21:16:00+00:00 machine gtk-status-bar[3314]: 2026-07-13T21:16:00.197802Z DEBUG gtk_status_bar::widgets: Updating Bluetooth battery label: R65
2026-07-13T21:16:00+00:00 machine gtk-status-bar[3314]: 2026-07-13T21:16:00.197831Z DEBUG gtk_status_bar::widgets: 👁️  SHOWING Bluetooth widget - data: R65
2026-07-13T21:16:00+00:00 machine gtk-status-bar[3314]: 2026-07-13T21:16:00.197890Z DEBUG gtk_status_bar::widgets: Updating network label: 󰤟 28% ?
2026-07-13T21:16:00+00:00 machine gtk-status-bar[3314]: 2026-07-13T21:16:00.197916Z DEBUG gtk_status_bar::widgets: Updating network label: 󰤟 28% 
2026-07-13T21:16:00+00:00 machine gtk-status-bar[3314]: 2026-07-13T21:15:59.827035Z  INFO gtk_status_bar::tray: Status notifier item registered item=":1.78/StatusNotifierItem"
2026-07-13T21:16:00+00:00 machine gtk-status-bar[3314]: 2026-07-13T21:16:00.199338Z  INFO gtk_status_bar::tray: Status notifier item registered item=":1.77/org/blueman/sni"
2026-07-13T21:16:00+00:00 machine gtk-status-bar[3314]: 2026-07-13T21:16:00.199431Z DEBUG gtk_status_bar::pw: 🔍 Node filter result: false for media.class: Some("Midi/Bridge")
2026-07-13T21:16:00+00:00 machine gtk-status-bar[3314]: 2026-07-13T21:16:00.199462Z DEBUG gtk_status_bar::pw: 🚫 Skipping metadata '' (props: Some(DictRef { flags: Flags(0x0), entries: {"object.serial": "50", "object.path": "bluez_midi.server:input_0", "format.dsp": "8 bit raw midi", "node.id": "49", "port.id": "0", "port.name": "in", "port.direction": "in", "port.physical": "true", "port.terminal": "true", "port.alias": "in", "port.group": "group.0"} }))
2026-07-13T21:16:00+00:00 machine gtk-status-bar[3314]: 2026-07-13T21:16:00.199488Z DEBUG gtk_status_bar::pw: 🚫 Skipping metadata '' (props: Some(DictRef { flags: Flags(0x0), entries: {"object.serial": "51", "object.path": "bluez_midi.server:output_0", "format.dsp": "8 bit raw midi", "node.id": "49", "port.id": "0", "port.name": "out", "port.direction": "out", "port.physical": "true", "port.terminal": "true", "port.alias": "out", "port.group": "group.0"} }))
2026-07-13T21:16:00+00:00 machine gtk-status-bar[3314]: 2026-07-13T21:16:00.199511Z DEBUG gtk_status_bar::pw: 🚫 Skipping metadata '' (props: Some(DictRef { flags: Flags(0x0), entries: {"object.serial": "53", "module.id": "2", "pipewire.protocol": "protocol-native", "pipewire.sec.pid": "1408", "pipewire.sec.uid": "1000", "pipewire.sec.gid": "100", "pipewire.sec.socket": "pipewire-0", "application.name": "pipewire", "pipewire.access": "unrestricted"} }))
2026-07-13T21:16:00+00:00 machine gtk-status-bar[3314]: 2026-07-13T21:16:00.199534Z DEBUG gtk_status_bar::pw: 🚫 Skipping metadata '' (props: Some(DictRef { flags: Flags(0x0), entries: {"object.serial": "55", "module.id": "2", "pipewire.protocol": "protocol-native", "pipewire.sec.pid": "1408", "pipewire.sec.uid": "1000", "pipewire.sec.gid": "100", "pipewire.sec.socket": "pipewire-0", "application.name": "Blueman", "pipewire.access": "unrestricted"} }))
2026-07-13T21:16:00+00:00 machine gtk-status-bar[3314]: 2026-07-13T21:16:00.199557Z DEBUG gtk_status_bar::pw: 🚫 Skipping metadata '' (props: Some(DictRef { flags: Flags(0x0), entries: {"object.serial": "86", "factory.id": "19", "client.id": "53", "node.description": "Dummy Output", "node.name": "auto_null", "media.class": "Audio/Sink"} }))
2026-07-13T21:16:00+00:00 machine gtk-status-bar[3314]: 2026-07-13T21:16:00.199578Z DEBUG gtk_status_bar::pw: 🔍 Checking node - media.class: Some("Audio/Sink")
2026-07-13T21:16:00+00:00 machine gtk-status-bar[3314]: 2026-07-13T21:16:00.199597Z DEBUG gtk_status_bar::pw: 🔍 Node filter result: true for media.class: Some("Audio/Sink")
2026-07-13T21:16:00+00:00 machine gtk-status-bar[3314]: 2026-07-13T21:16:00.199627Z DEBUG gtk_status_bar::pw: 📱 Monitoring audio node: Dummy Output (4) [node.name: auto_null]
2026-07-13T21:16:00+00:00 machine gtk-status-bar[3314]: 2026-07-13T21:16:00.199667Z DEBUG gtk_status_bar::pw: 🔗 ADDING NODE LISTENER for node.name: auto_null
2026-07-13T21:16:00+00:00 machine gtk-status-bar[3314]: 2026-07-13T21:16:00.199685Z DEBUG gtk_status_bar::pw: 📝 Added device to HashMap: 4 -> (auto_null, Dummy Output, no volume yet)
2026-07-13T21:16:00+00:00 machine gtk-status-bar[3314]: 2026-07-13T21:16:00.199768Z DEBUG gtk_status_bar::pw: 🗂️ Current device map size: 1
2026-07-13T21:16:00+00:00 machine gtk-status-bar[3314]: 2026-07-13T21:16:00.199836Z DEBUG gtk_status_bar::pw: 🚫 Skipping metadata '' (props: Some(DictRef { flags: Flags(0x0), entries: {"object.serial": "87", "object.path": "auto_null:playback_0", "format.dsp": "32 bit float mono audio", "node.id": "67", "audio.channel": "FL", "port.id": "0", "port.name": "playback_FL", "port.direction": "in", "port.alias": "Dummy Output:playback_FL", "port.group": "stream.0"} }))
2026-07-13T21:16:00+00:00 machine gtk-status-bar[3314]: 2026-07-13T21:16:00.199862Z DEBUG gtk_status_bar::pw: 🚫 Skipping metadata '' (props: Some(DictRef { flags: Flags(0x0), entries: {"object.serial": "88", "object.path": "auto_null:playback_1", "format.dsp": "32 bit float mono audio", "node.id": "67", "audio.channel": "FR", "port.id": "1", "port.name": "playback_FR", "port.direction": "in", "port.alias": "Dummy Output:playback_FR", "port.group": "stream.0"} }))
2026-07-13T21:16:00+00:00 machine gtk-status-bar[3314]: 2026-07-13T21:16:00.199886Z DEBUG gtk_status_bar::pw: 🚫 Skipping metadata '' (props: Some(DictRef { flags: Flags(0x0), entries: {"object.serial": "89", "object.path": "auto_null:monitor_0", "format.dsp": "32 bit float mono audio", "node.id": "67", "audio.channel": "FL", "port.id": "0", "port.name": "monitor_FL", "port.direction": "out", "port.monitor": "true", "port.alias": "Dummy Output:monitor_FL", "port.group": "stream.0"} }))
2026-07-13T21:16:00+00:00 machine gtk-status-bar[3314]: 2026-07-13T21:16:00.199909Z DEBUG gtk_status_bar::pw: 🚫 Skipping metadata '' (props: Some(DictRef { flags: Flags(0x0), entries: {"object.serial": "90", "object.path": "auto_null:monitor_1", "format.dsp": "32 bit float mono audio", "node.id": "67", "audio.channel": "FR", "port.id": "1", "port.name": "monitor_FR", "port.direction": "out", "port.monitor": "true", "port.alias": "Dummy Output:monitor_FR", "port.group": "stream.0"} }))
2026-07-13T21:16:00+00:00 machine gtk-status-bar[3314]: 2026-07-13T21:16:00.199932Z DEBUG gtk_status_bar::pw: 🚫 Skipping metadata '' (props: Some(DictRef { flags: Flags(0x0), entries: {"object.serial": "91", "module.id": "2", "pipewire.protocol": "protocol-native", "pipewire.sec.pid": "3314", "pipewire.sec.uid": "1000", "pipewire.sec.gid": "100", "pipewire.sec.socket": "pipewire-0", "application.name": ".gtk-status-bar-wrapped", "pipewire.access": "unrestricted"} }))
2026-07-13T21:16:00+00:00 machine gtk-status-bar[3314]: 2026-07-13T21:16:00.201570Z DEBUG gtk_status_bar::pw: 📝 metadata.property subject=0 key=Some("default.configured.audio.sink") value=Some("{ \"name\": \"Bravo\" }")
2026-07-13T21:16:00+00:00 machine gtk-status-bar[3314]: 2026-07-13T21:16:00.201596Z DEBUG gtk_status_bar::pw: 🔍 Processing metadata property: default.configured.audio.sink={ "name": "Bravo" }
2026-07-13T21:16:00+00:00 machine gtk-status-bar[3314]: 2026-07-13T21:16:00.201613Z DEBUG gtk_status_bar::pw: 🔧 Other metadata property: default.configured.audio.sink (ignored)
2026-07-13T21:16:00+00:00 machine gtk-status-bar[3314]: 2026-07-13T21:16:00.201631Z DEBUG gtk_status_bar::pw: 📝 metadata.property subject=0 key=Some("default.audio.sink") value=Some("{\"name\":\"auto_null\"}")
2026-07-13T21:16:00+00:00 machine gtk-status-bar[3314]: 2026-07-13T21:16:00.201648Z DEBUG gtk_status_bar::pw: 🔍 Processing metadata property: default.audio.sink={"name":"auto_null"}
2026-07-13T21:16:00+00:00 machine gtk-status-bar[3314]: 2026-07-13T21:16:00.201677Z  INFO gtk_status_bar::pw: 🔄 Default sink -> auto_null
2026-07-13T21:16:00+00:00 machine gtk-status-bar[3314]: 2026-07-13T21:16:00.201694Z DEBUG gtk_status_bar::pw: 🎯 SINK CHANGE: None -> auto_null (should trigger volume fetch)
2026-07-13T21:16:00+00:00 machine gtk-status-bar[3314]: 2026-07-13T21:16:00.201787Z DEBUG gtk_status_bar::pw: 🗂️ Searching device map for default sink 'auto_null'
2026-07-13T21:16:00+00:00 machine gtk-status-bar[3314]: 2026-07-13T21:16:00.202484Z DEBUG gtk_status_bar::pw: 🗂️ Current device map contents: {4: ("auto_null", "Dummy Output", None, None, None)}
2026-07-13T21:16:00+00:00 machine gtk-status-bar[3314]: 2026-07-13T21:16:00.203972Z DEBUG gtk_status_bar::pw: 🔍 Checking device 4: node_name='auto_null', description='Dummy Output' against default sink 'auto_null'
2026-07-13T21:16:00+00:00 machine gtk-status-bar[3314]: 2026-07-13T21:16:00.203989Z DEBUG gtk_status_bar::pw: 🎯 MATCH! Found device 4 with node_name 'auto_null' matching default sink
2026-07-13T21:16:00+00:00 machine gtk-status-bar[3314]: 2026-07-13T21:16:00.204516Z DEBUG gtk_status_bar::pw: 🎨 Updating GUI label to: 'Dummy Output' with cached volume data
2026-07-13T21:16:00+00:00 machine gtk-status-bar[3314]: 2026-07-13T21:16:00.204541Z DEBUG gtk_status_bar::pw: 💾 Cached volume data: Vol: None%, Ch: None%, Mute: None
2026-07-13T21:16:00+00:00 machine gtk-status-bar[3314]: 2026-07-13T21:16:00.204565Z DEBUG gtk_status_bar::pw: ✅ Sent REAL volume data to GUI: 'Dummy Output' Vol: None%, Ch: None%, Mute: None
2026-07-13T21:16:00+00:00 machine gtk-status-bar[3314]: 2026-07-13T21:16:00.204601Z DEBUG gtk_status_bar::pw: 🎛️  NODE PARAM CALLBACK: Dummy Output (4) received Props param
2026-07-13T21:16:00+00:00 machine gtk-status-bar[3314]: 2026-07-13T21:16:00.204626Z DEBUG gtk_status_bar::pw: 🔊 Node 4: Dummy Output - Vol: Some(100)% | Ch: Some(100)% | Mute: Some(false) [CACHING]
2026-07-13T21:16:00+00:00 machine gtk-status-bar[3314]: 2026-07-13T21:16:00.204650Z DEBUG gtk_status_bar::pw: 📝 Updated volume cache for device 4: Dummy Output -> Vol: Some(100)%, Ch: Some(100)%, Mute: Some(false)
2026-07-13T21:16:00+00:00 machine gtk-status-bar[3314]: 2026-07-13T21:16:00.204670Z DEBUG gtk_status_bar::pw: 🎯 Checking if device 4 is default: current_default=Some("auto_null"), node_name=auto_null, is_default=true
2026-07-13T21:16:00+00:00 machine gtk-status-bar[3314]: 2026-07-13T21:16:00.204690Z DEBUG gtk_status_bar::pw: 📤 SENDING VOLUME UPDATE to GUI for default sink (node id=4)
2026-07-13T21:16:00+00:00 machine gtk-status-bar[3314]: 2026-07-13T21:16:00.204776Z ERROR gtk_status_bar::pw: ❌ PipeWire error id:4 seq:5 res:-2: enum params id:13 (Spa:Enum:ParamId:Route) failed
2026-07-13T21:16:00+00:00 machine gtk-status-bar[3314]: 2026-07-13T21:16:00.247680Z DEBUG gtk_status_bar::tray: Tray item property is unavailable property="IconPixmap" error=org.freedesktop.DBus.Error.InvalidArgs: No such property “IconPixmap”
2026-07-13T21:16:00+00:00 machine gtk-status-bar[3314]: 2026-07-13T21:16:00.249397Z DEBUG gtk_status_bar::tray: Tray item property is unavailable property="IconThemePath" error=org.freedesktop.DBus.Error.InvalidArgs: No such property “IconThemePath”
2026-07-13T21:16:00+00:00 machine gtk-status-bar[3314]: 2026-07-13T21:16:00.381805Z  INFO gtk_status_bar::network: Network reachability probe completed target=198.51.100.1 success=false elapsed_ms=108
2026-07-13T21:16:00+00:00 machine gtk-status-bar[3314]: 2026-07-13T21:16:00.382022Z DEBUG gtk_status_bar::network: Sent network update label="\u{f091f} 28% \u{f0ac}"
2026-07-13T21:16:00+00:00 machine gtk-status-bar[3314]: 2026-07-13T21:16:00.391352Z  INFO gtk_status_bar::widgets: Added system tray item item=":1.78/StatusNotifierItem"
2026-07-13T21:16:00+00:00 machine gtk-status-bar[3314]: 2026-07-13T21:16:00.396312Z  INFO gtk_status_bar::widgets: Added system tray item item=":1.77/org/blueman/sni"
2026-07-13T21:16:00+00:00 machine gtk-status-bar[3314]: 2026-07-13T21:16:00.396417Z DEBUG gtk_status_bar::widgets: 📺 Skipping GUI update - no volume data available
2026-07-13T21:16:00+00:00 machine gtk-status-bar[3314]: 2026-07-13T21:16:00.396453Z DEBUG gtk_status_bar::widgets: 📺 GTK UI updated via ASYNC: 🔊D100
2026-07-13T21:16:00+00:00 machine gtk-status-bar[3314]: 2026-07-13T21:16:00.398250Z DEBUG gtk_status_bar::widgets: Updating network label: 󰤟 28% 
2026-07-13T21:16:00+00:00 machine gtk-status-bar[3314]: 2026-07-13T21:16:00.407002Z DEBUG gtk_status_bar::widgets: Pinning bar height to font-derived line height char_height=18 multiplier=1.4 pinned=25
2026-07-13T21:16:00+00:00 machine gtk-status-bar[3314]: 2026-07-13T21:16:00.971533Z  INFO gtk_status_bar::network: Network reachability probe completed target=192.0.2.1 success=true elapsed_ms=16
2026-07-13T21:16:00+00:00 machine gtk-status-bar[3314]: 2026-07-13T21:16:00.971585Z DEBUG gtk_status_bar::network: Sent network update label="\u{f091f} 28% \u{f0ac}"
2026-07-13T21:16:00+00:00 machine gtk-status-bar[3314]: 2026-07-13T21:16:00.971921Z DEBUG gtk_status_bar::widgets: Updating network label: 󰤟 28% 
2026-07-13T21:16:01+00:00 machine gtk-status-bar[3314]: 2026-07-13T21:16:01.001056Z DEBUG gtk_status_bar::widgets: Updating time label:  9:16 PM
2026-07-13T21:16:02+00:00 machine gtk-status-bar[3314]: 2026-07-13T21:16:02.001515Z DEBUG gtk_status_bar::widgets: Updating time label:  9:16 PM
2026-07-13T21:16:02+00:00 machine gtk-status-bar[3314]: 2026-07-13T21:16:02.553773Z  INFO gtk_status_bar::network: Network reachability probe completed target=198.51.100.1 success=false elapsed_ms=12
2026-07-13T21:16:02+00:00 machine gtk-status-bar[3314]: 2026-07-13T21:16:02.553833Z DEBUG gtk_status_bar::network: Sent network update label="\u{f091f} 28% \u{f0ac}"
2026-07-13T21:16:02+00:00 machine gtk-status-bar[3314]: 2026-07-13T21:16:02.554256Z DEBUG gtk_status_bar::widgets: Updating network label: 󰤟 28% 
2026-07-13T21:16:02+00:00 machine gtk-status-bar[3314]: 2026-07-13T21:16:02.737892Z  INFO gtk_status_bar::network: Network reachability probe completed target=192.0.2.1 success=true elapsed_ms=16
2026-07-13T21:16:02+00:00 machine gtk-status-bar[3314]: 2026-07-13T21:16:02.737950Z DEBUG gtk_status_bar::network: Sent network update label="\u{f091f} 28% \u{f0ac}"
2026-07-13T21:16:02+00:00 machine gtk-status-bar[3314]: 2026-07-13T21:16:02.738295Z DEBUG gtk_status_bar::widgets: Updating network label: 󰤟 28% 
2026-07-13T21:16:03+00:00 machine gtk-status-bar[3314]: 2026-07-13T21:16:03.001212Z DEBUG gtk_status_bar::widgets: Updating time label:  9:16 PM
2026-07-13T21:16:03+00:00 machine gtk-status-bar[3314]: 2026-07-13T21:16:03.845142Z DEBUG gtk_status_bar::tray: Tray item property is unavailable property="IconPixmap" error=org.freedesktop.DBus.Error.InvalidArgs: No such property “IconPixmap”
2026-07-13T21:16:03+00:00 machine gtk-status-bar[3314]: 2026-07-13T21:16:03.855337Z DEBUG gtk_status_bar::tray: Tray item property is unavailable property="IconThemePath" error=org.freedesktop.DBus.Error.InvalidArgs: No such property “IconThemePath”
2026-07-13T21:16:03+00:00 machine gtk-status-bar[3314]: 2026-07-13T21:16:03.875458Z DEBUG gtk_status_bar::tray: Tray item property is unavailable property="IconPixmap" error=org.freedesktop.DBus.Error.InvalidArgs: No such property “IconPixmap”
2026-07-13T21:16:03+00:00 machine gtk-status-bar[3314]: 2026-07-13T21:16:03.877414Z DEBUG gtk_status_bar::tray: Tray item property is unavailable property="IconThemePath" error=org.freedesktop.DBus.Error.InvalidArgs: No such property “IconThemePath”
2026-07-13T21:16:03+00:00 machine gtk-status-bar[3314]: 2026-07-13T21:16:03.888022Z DEBUG gtk_status_bar::tray: Tray item property is unavailable property="IconPixmap" error=org.freedesktop.DBus.Error.InvalidArgs: No such property “IconPixmap”
2026-07-13T21:16:03+00:00 machine gtk-status-bar[3314]: 2026-07-13T21:16:03.891017Z DEBUG gtk_status_bar::tray: Tray item property is unavailable property="IconThemePath" error=org.freedesktop.DBus.Error.InvalidArgs: No such property “IconThemePath”
2026-07-13T21:16:03+00:00 machine gtk-status-bar[3314]: 2026-07-13T21:16:03.901678Z DEBUG gtk_status_bar::tray: Tray item property is unavailable property="IconPixmap" error=org.freedesktop.DBus.Error.InvalidArgs: No such property “IconPixmap”
2026-07-13T21:16:03+00:00 machine gtk-status-bar[3314]: 2026-07-13T21:16:03.903399Z DEBUG gtk_status_bar::tray: Tray item property is unavailable property="IconThemePath" error=org.freedesktop.DBus.Error.InvalidArgs: No such property “IconThemePath”
2026-07-13T21:16:03+00:00 machine gtk-status-bar[3314]: 2026-07-13T21:16:03.908413Z DEBUG gtk_status_bar::tray: Tray item property is unavailable property="IconPixmap" error=org.freedesktop.DBus.Error.InvalidArgs: No such property “IconPixmap”
2026-07-13T21:16:03+00:00 machine gtk-status-bar[3314]: 2026-07-13T21:16:03.909623Z DEBUG gtk_status_bar::tray: Tray item property is unavailable property="IconThemePath" error=org.freedesktop.DBus.Error.InvalidArgs: No such property “IconThemePath”
2026-07-13T21:16:03+00:00 machine gtk-status-bar[3314]: 2026-07-13T21:16:03.913481Z DEBUG gtk_status_bar::tray: Tray item property is unavailable property="IconPixmap" error=org.freedesktop.DBus.Error.InvalidArgs: No such property “IconPixmap”
2026-07-13T21:16:03+00:00 machine gtk-status-bar[3314]: 2026-07-13T21:16:03.914411Z DEBUG gtk_status_bar::tray: Tray item property is unavailable property="IconThemePath" error=org.freedesktop.DBus.Error.InvalidArgs: No such property “IconThemePath”
2026-07-13T21:16:04+00:00 machine gtk-status-bar[3314]: 2026-07-13T21:16:04.000861Z DEBUG gtk_status_bar::widgets: Updating time label:  9:16 PM
2026-07-13T21:16:04+00:00 machine gtk-status-bar[3314]: 2026-07-13T21:16:04.110033Z  INFO gtk_status_bar::network: Network reachability probe completed target=198.51.100.1 success=false elapsed_ms=13
2026-07-13T21:16:04+00:00 machine gtk-status-bar[3314]: 2026-07-13T21:16:04.110095Z DEBUG gtk_status_bar::network: Sent network update label="\u{f091f} 28% \u{f0ac}"
2026-07-13T21:16:04+00:00 machine gtk-status-bar[3314]: 2026-07-13T21:16:04.110355Z DEBUG gtk_status_bar::widgets: Updating network label: 󰤟 28% 
2026-07-13T21:16:05+00:00 machine gtk-status-bar[3314]: 2026-07-13T21:16:05.002148Z DEBUG gtk_status_bar::widgets: Updating time label:  9:16 PM
2026-07-13T21:16:06+00:00 machine gtk-status-bar[3314]: 2026-07-13T21:16:06.001621Z DEBUG gtk_status_bar::widgets: Updating time label:  9:16 PM
2026-07-13T21:16:06+00:00 machine gtk-status-bar[3314]: 2026-07-13T21:16:06.026337Z  INFO gtk_status_bar::network: Network reachability probe completed target=198.51.100.1 success=false elapsed_ms=13
2026-07-13T21:16:06+00:00 machine gtk-status-bar[3314]: 2026-07-13T21:16:06.026383Z DEBUG gtk_status_bar::network: Sent network update label="\u{f091f} 28% \u{f0ac}"
2026-07-13T21:16:06+00:00 machine gtk-status-bar[3314]: 2026-07-13T21:16:06.026561Z DEBUG gtk_status_bar::widgets: Updating network label: 󰤟 28% 
2026-07-13T21:16:07+00:00 machine gtk-status-bar[3314]: 2026-07-13T21:16:07.002059Z DEBUG gtk_status_bar::widgets: Updating time label:  9:16 PM
2026-07-13T21:16:07+00:00 machine gtk-status-bar[3314]: 2026-07-13T21:16:07.028543Z  INFO gtk_status_bar::network: Network reachability probe completed target=192.0.2.1 success=true elapsed_ms=14
2026-07-13T21:16:07+00:00 machine gtk-status-bar[3314]: 2026-07-13T21:16:07.028605Z DEBUG gtk_status_bar::network: Sent network update label="\u{f091f} 28% \u{f0ac}"
2026-07-13T21:16:07+00:00 machine gtk-status-bar[3314]: 2026-07-13T21:16:07.028842Z DEBUG gtk_status_bar::widgets: Updating network label: 󰤟 28% 
2026-07-13T21:16:07+00:00 machine gtk-status-bar[3314]: 2026-07-13T21:16:07.818190Z DEBUG gtk_status_bar::tray: Tray item property is unavailable property="IconPixmap" error=org.freedesktop.DBus.Error.InvalidArgs: No such property “IconPixmap”
2026-07-13T21:16:07+00:00 machine gtk-status-bar[3314]: 2026-07-13T21:16:07.819343Z DEBUG gtk_status_bar::tray: Tray item property is unavailable property="IconThemePath" error=org.freedesktop.DBus.Error.InvalidArgs: No such property “IconThemePath”
2026-07-13T21:16:07+00:00 machine gtk-status-bar[3314]: 2026-07-13T21:16:07.833460Z  INFO gtk_status_bar::network: Network reachability probe completed target=192.0.2.1 success=true elapsed_ms=23
2026-07-13T21:16:07+00:00 machine gtk-status-bar[3314]: 2026-07-13T21:16:07.833525Z DEBUG gtk_status_bar::network: Sent network update label="\u{f091f} 28% \u{f0ac}"
2026-07-13T21:16:07+00:00 machine gtk-status-bar[3314]: 2026-07-13T21:16:07.834922Z DEBUG gtk_status_bar::widgets: Updating network label: 󰤟 28% 
2026-07-13T21:16:07+00:00 machine gtk-status-bar[3314]: 2026-07-13T21:16:07.871899Z DEBUG gtk_status_bar::dbus: Got an event in event stream: Msg { type: Signal, serial: 18, sender: UniqueName(":1.67"), path: ObjectPath("/"), iface: InterfaceName("org.freedesktop.DBus.ObjectManager"), member: MemberName("InterfacesAdded"), body: Structure(Dynamic { fields: [ObjectPath, Dict { key: Dynamic { child: Str }, value: Dynamic { child: Dict { key: Dynamic { child: Str }, value: Dynamic { child: Variant } } } }] }), fds: [] }
2026-07-13T21:16:07+00:00 machine gtk-status-bar[3314]: 2026-07-13T21:16:07.871940Z DEBUG gtk_status_bar::dbus: Dbus monitor: Received D-Bus message from path: Some(ObjectPath("/")), interface: Some(InterfaceName("org.freedesktop.DBus.ObjectManager")), member: Some(MemberName("InterfacesAdded"))
2026-07-13T21:16:07+00:00 machine gtk-status-bar[3314]: 2026-07-13T21:16:07.871959Z  INFO gtk_status_bar::dbus: Dbus monitor: Received signal
2026-07-13T21:16:07+00:00 machine gtk-status-bar[3314]: 2026-07-13T21:16:07.871975Z  INFO gtk_status_bar::dbus: Dbus monitor: Received InterfacesAdded signal from ObjectManager
2026-07-13T21:16:07+00:00 machine gtk-status-bar[3314]: 2026-07-13T21:16:07.872026Z DEBUG gtk_status_bar::dbus: Available interfaces in InterfacesAdded: [Str("org.bluez.Adapter1")]
2026-07-13T21:16:07+00:00 machine gtk-status-bar[3314]: 2026-07-13T21:16:07.872043Z DEBUG gtk_status_bar::dbus: Device1 interface not found in interfaces
2026-07-13T21:16:07+00:00 machine gtk-status-bar[3314]: 2026-07-13T21:16:07.872058Z DEBUG gtk_status_bar::dbus: Not a device with org.bluez.Battery1 interface
2026-07-13T21:16:07+00:00 machine gtk-status-bar[3314]: 2026-07-13T21:16:07.876428Z DEBUG gtk_status_bar::dbus: Got an event in event stream: Msg { type: Signal, serial: 21, sender: UniqueName(":1.67"), path: ObjectPath("/"), iface: InterfaceName("org.freedesktop.DBus.ObjectManager"), member: MemberName("InterfacesAdded"), body: Structure(Dynamic { fields: [ObjectPath, Dict { key: Dynamic { child: Str }, value: Dynamic { child: Dict { key: Dynamic { child: Str }, value: Dynamic { child: Variant } } } }] }), fds: [] }
2026-07-13T21:16:07+00:00 machine gtk-status-bar[3314]: 2026-07-13T21:16:07.876455Z DEBUG gtk_status_bar::dbus: Dbus monitor: Received D-Bus message from path: Some(ObjectPath("/")), interface: Some(InterfaceName("org.freedesktop.DBus.ObjectManager")), member: Some(MemberName("InterfacesAdded"))
2026-07-13T21:16:07+00:00 machine gtk-status-bar[3314]: 2026-07-13T21:16:07.876472Z  INFO gtk_status_bar::dbus: Dbus monitor: Received signal
2026-07-13T21:16:07+00:00 machine gtk-status-bar[3314]: 2026-07-13T21:16:07.876486Z  INFO gtk_status_bar::dbus: Dbus monitor: Received InterfacesAdded signal from ObjectManager
2026-07-13T21:16:07+00:00 machine gtk-status-bar[3314]: 2026-07-13T21:16:07.876534Z DEBUG gtk_status_bar::dbus: Available interfaces in InterfacesAdded: [Str("org.bluez.Device1")]
2026-07-13T21:16:07+00:00 machine gtk-status-bar[3314]: 2026-07-13T21:16:07.876574Z DEBUG gtk_status_bar::dbus: Found Device1 interface properties: Dict { map: {Str("Adapter"): Value(ObjectPath(ObjectPath("/org/bluez/hci0"))), Str("Address"): Value(Str("AA:BB:CC:DD:EE:10")), Str("AddressType"): Value(Str("public")), Str("AdvertisingData"): Value(Array(Array { elements: [], signature: Array(Dynamic { child: Dict { key: Dynamic { child: U8 }, value: Dynamic { child: Variant } } }) })), Str("AdvertisingFlags"): Value(Array(Array { elements: [], signature: Array(Dynamic { child: Array(Dynamic { child: U8 }) }) })), Str("Alias"): Value(Str("Post Recovery Buds")), Str("Appearance"): Value(U16(0)), Str("Blocked"): Value(Bool(false)), Str("Class"): Value(U32(5898764)), Str("Connected"): Value(Bool(false)), Str("Icon"): Value(Str("phone")), Str("LegacyPairing"): Value(Bool(false)), Str("ManufacturerData"): Value(Array(Array { elements: [], signature: Array(Dynamic { child: Dict { key: Dynamic { child: U16 }, value: Dynamic { child: Variant } } }) })), Str("Modalias"): Value(Str("bluetooth:v000Fp1200d1436")), Str("Name"): Value(Str("Post Recovery Buds")), Str("Paired"): Value(Bool(false)), Str("RSSI"): Value(I16(-79)), Str("ServiceData"): Value(Array(Array { elements: [], signature: Array(Dynamic { child: Dict { key: Dynamic { child: Str }, value: Dynamic { child: Variant } } }) })), Str("ServicesResolved"): Value(Bool(false)), Str("Trusted"): Value(Bool(false)), Str("TxPower"): Value(I16(0)), Str("UUIDs"): Value(Array(Array { elements: [], signature: Array(Dynamic { child: Str }) })), Str("WakeAllowed"): Value(Bool(false))}, signature: Dict { key: Dynamic { child: Str }, value: Dynamic { child: Variant } } }
2026-07-13T21:16:07+00:00 machine gtk-status-bar[3314]: 2026-07-13T21:16:07.876602Z DEBUG gtk_status_bar::dbus: Found Bluetooth device name: Post Recovery Buds
2026-07-13T21:16:07+00:00 machine gtk-status-bar[3314]: 2026-07-13T21:16:07.876618Z  INFO gtk_status_bar::dbus: Created new device /org/bluez/hci0/dev_AA_BB_CC_DD_EE_10 with name: Some("Post Recovery Buds")
2026-07-13T21:16:07+00:00 machine gtk-status-bar[3314]: 2026-07-13T21:16:07.876638Z DEBUG gtk_status_bar::dbus: Not a device with org.bluez.Battery1 interface
2026-07-13T21:16:07+00:00 machine gtk-status-bar[3314]: 2026-07-13T21:16:07.877140Z DEBUG gtk_status_bar::dbus: Got an event in event stream: Msg { type: Signal, serial: 23, sender: UniqueName(":1.67"), path: ObjectPath("/org/bluez/hci0"), iface: InterfaceName("org.freedesktop.DBus.Properties"), member: MemberName("PropertiesChanged"), body: Structure(Dynamic { fields: [Str, Dict { key: Dynamic { child: Str }, value: Dynamic { child: Variant } }, Array(Dynamic { child: Str })] }), fds: [] }
2026-07-13T21:16:07+00:00 machine gtk-status-bar[3314]: 2026-07-13T21:16:07.877173Z DEBUG gtk_status_bar::dbus: Dbus monitor: Received D-Bus message from path: Some(ObjectPath("/org/bluez/hci0")), interface: Some(InterfaceName("org.freedesktop.DBus.Properties")), member: Some(MemberName("PropertiesChanged"))
2026-07-13T21:16:07+00:00 machine gtk-status-bar[3314]: 2026-07-13T21:16:07.877203Z  INFO gtk_status_bar::dbus: Dbus monitor: Received signal
2026-07-13T21:16:07+00:00 machine gtk-status-bar[3314]: 2026-07-13T21:16:07.877224Z  INFO gtk_status_bar::dbus: Dbus monitor: Received PropertiesChanged signal
2026-07-13T21:16:07+00:00 machine gtk-status-bar[3314]: 2026-07-13T21:16:07.877255Z DEBUG gtk_status_bar::dbus: Dbus monitor: Ignored PropertiesChanged for interface: "org.bluez.Adapter1"
2026-07-13T21:16:07+00:00 machine gtk-status-bar[3314]: 2026-07-13T21:16:07.877447Z DEBUG gtk_status_bar::widgets: Updating Bluetooth battery label: R65
2026-07-13T21:16:07+00:00 machine gtk-status-bar[3314]: 2026-07-13T21:16:07.877478Z DEBUG gtk_status_bar::widgets: 👁️  SHOWING Bluetooth widget - data: R65
2026-07-13T21:16:07+00:00 machine gtk-status-bar[3314]: 2026-07-13T21:16:07.882389Z DEBUG gtk_status_bar::tray: Tray item property is unavailable property="IconPixmap" error=org.freedesktop.DBus.Error.InvalidArgs: No such property “IconPixmap”
2026-07-13T21:16:08+00:00 machine gtk-status-bar[3314]: 2026-07-13T21:16:07.886438Z DEBUG gtk_status_bar::tray: Tray item property is unavailable property="IconThemePath" error=org.freedesktop.DBus.Error.InvalidArgs: No such property “IconThemePath”
2026-07-13T21:16:08+00:00 machine gtk-status-bar[3314]: 2026-07-13T21:16:08.001568Z DEBUG gtk_status_bar::widgets: Updating time label:  9:16 PM
2026-07-13T21:16:08+00:00 machine gtk-status-bar[3314]: 2026-07-13T21:16:08.149269Z DEBUG gtk_status_bar::tray: Tray item property is unavailable property="IconPixmap" error=org.freedesktop.DBus.Error.InvalidArgs: No such property “IconPixmap”
2026-07-13T21:16:08+00:00 machine gtk-status-bar[3314]: 2026-07-13T21:16:08.155229Z DEBUG gtk_status_bar::tray: Tray item property is unavailable property="IconThemePath" error=org.freedesktop.DBus.Error.InvalidArgs: No such property “IconThemePath”
2026-07-13T21:16:08+00:00 machine gtk-status-bar[3314]: 2026-07-13T21:16:08.155392Z DEBUG gtk_status_bar::dbus: Got an event in event stream: Msg { type: Signal, serial: 11, sender: UniqueName(":1.68"), path: ObjectPath("/org/freedesktop/UPower/devices/battery_BAT0"), iface: InterfaceName("org.freedesktop.DBus.Properties"), member: MemberName("PropertiesChanged"), body: Structure(Dynamic { fields: [Str, Dict { key: Dynamic { child: Str }, value: Dynamic { child: Variant } }, Array(Dynamic { child: Str })] }), fds: [] }
2026-07-13T21:16:08+00:00 machine gtk-status-bar[3314]: 2026-07-13T21:16:08.156006Z DEBUG gtk_status_bar::dbus: Dbus monitor: Received D-Bus message from path: Some(ObjectPath("/org/freedesktop/UPower/devices/battery_BAT0")), interface: Some(InterfaceName("org.freedesktop.DBus.Properties")), member: Some(MemberName("PropertiesChanged"))
2026-07-13T21:16:08+00:00 machine gtk-status-bar[3314]: 2026-07-13T21:16:08.156029Z  INFO gtk_status_bar::dbus: Dbus monitor: Received signal
2026-07-13T21:16:08+00:00 machine gtk-status-bar[3314]: 2026-07-13T21:16:08.156049Z  INFO gtk_status_bar::dbus: Dbus monitor: Received PropertiesChanged signal
2026-07-13T21:16:08+00:00 machine gtk-status-bar[3314]: 2026-07-13T21:16:08.156088Z DEBUG gtk_status_bar::dbus: Battery device properties contain no State property
2026-07-13T21:16:08+00:00 machine gtk-status-bar[3314]: 2026-07-13T21:16:08.156109Z  INFO gtk_status_bar::dbus: Battery percentage changed to 33.0%
2026-07-13T21:16:08+00:00 machine gtk-status-bar[3314]: 2026-07-13T21:16:08.156138Z DEBUG gtk_status_bar::dbus: Got an event in event stream: Msg { type: Signal, serial: 12, sender: UniqueName(":1.68"), path: ObjectPath("/org/freedesktop/UPower/devices/battery_BAT0"), iface: InterfaceName("org.freedesktop.DBus.Properties"), member: MemberName("PropertiesChanged"), body: Structure(Dynamic { fields: [Str, Dict { key: Dynamic { child: Str }, value: Dynamic { child: Variant } }, Array(Dynamic { child: Str })] }), fds: [] }
2026-07-13T21:16:08+00:00 machine gtk-status-bar[3314]: 2026-07-13T21:16:08.156162Z DEBUG gtk_status_bar::dbus: Dbus monitor: Received D-Bus message from path: Some(ObjectPath("/org/freedesktop/UPower/devices/battery_BAT0")), interface: Some(InterfaceName("org.freedesktop.DBus.Properties")), member: Some(MemberName("PropertiesChanged"))
2026-07-13T21:16:08+00:00 machine gtk-status-bar[3314]: 2026-07-13T21:16:08.156182Z  INFO gtk_status_bar::dbus: Dbus monitor: Received signal
2026-07-13T21:16:08+00:00 machine gtk-status-bar[3314]: 2026-07-13T21:16:08.156199Z  INFO gtk_status_bar::dbus: Dbus monitor: Received PropertiesChanged signal
2026-07-13T21:16:08+00:00 machine gtk-status-bar[3314]: 2026-07-13T21:16:08.156226Z  INFO gtk_status_bar::dbus: Battery is discharging (state: 2)
2026-07-13T21:16:08+00:00 machine gtk-status-bar[3314]: 2026-07-13T21:16:08.156245Z DEBUG gtk_status_bar::dbus: Battery device properties contain no Percentage property
2026-07-13T21:16:08+00:00 machine gtk-status-bar[3314]: 2026-07-13T21:16:08.160287Z DEBUG gtk_status_bar::widgets: Updating battery label: 🔋 33%
2026-07-13T21:16:08+00:00 machine gtk-status-bar[3314]: 2026-07-13T21:16:08.160370Z DEBUG gtk_status_bar::widgets: 👁️  SHOWING battery widget - data: 🔋 33%
2026-07-13T21:16:08+00:00 machine gtk-status-bar[3314]: 2026-07-13T21:16:08.160388Z DEBUG gtk_status_bar::widgets: Updating battery label: 🔋 33%
2026-07-13T21:16:08+00:00 machine gtk-status-bar[3314]: 2026-07-13T21:16:08.160405Z DEBUG gtk_status_bar::widgets: 👁️  SHOWING battery widget - data: 🔋 33%
2026-07-13T21:16:08+00:00 machine gtk-status-bar[3314]: 2026-07-13T21:16:08.252059Z DEBUG gtk_status_bar::tray: Tray item property is unavailable property="IconPixmap" error=org.freedesktop.DBus.Error.InvalidArgs: No such property “IconPixmap”
2026-07-13T21:16:08+00:00 machine gtk-status-bar[3314]: 2026-07-13T21:16:08.253095Z DEBUG gtk_status_bar::tray: Tray item property is unavailable property="IconThemePath" error=org.freedesktop.DBus.Error.InvalidArgs: No such property “IconThemePath”
2026-07-13T21:16:09+00:00 machine gtk-status-bar[3314]: 2026-07-13T21:16:09.001904Z DEBUG gtk_status_bar::widgets: Updating time label:  9:16 PM
2026-07-13T21:16:09+00:00 machine gtk-status-bar[3314]: 2026-07-13T21:16:09.541230Z  INFO gtk_status_bar::network: Network reachability probe completed target=198.51.100.1 success=false elapsed_ms=20
2026-07-13T21:16:09+00:00 machine gtk-status-bar[3314]: 2026-07-13T21:16:09.541276Z DEBUG gtk_status_bar::network: Sent network update label="\u{f091f} 28% \u{f0ac}"
2026-07-13T21:16:09+00:00 machine gtk-status-bar[3314]: 2026-07-13T21:16:09.541452Z DEBUG gtk_status_bar::widgets: Updating network label: 󰤟 28% 
2026-07-13T21:16:09+00:00 machine gtk-status-bar[3314]: 2026-07-13T21:16:09.825684Z  INFO gtk_status_bar::tray: Status notifier item disappeared item=":1.77/org/blueman/sni"
2026-07-13T21:16:09+00:00 machine gtk-status-bar[3314]: 2026-07-13T21:16:09.827110Z  INFO gtk_status_bar::widgets: Removed system tray item item=":1.77/org/blueman/sni"
2026-07-13T21:16:09+00:00 machine gtk-status-bar[3314]: 2026-07-13T21:16:09.973472Z  INFO gtk_status_bar::network: Network reachability probe completed target=192.0.2.1 success=true elapsed_ms=11
2026-07-13T21:16:09+00:00 machine gtk-status-bar[3314]: 2026-07-13T21:16:09.973528Z DEBUG gtk_status_bar::network: Sent network update label="\u{f091f} 28% \u{f0ac}"
2026-07-13T21:16:09+00:00 machine gtk-status-bar[3314]: 2026-07-13T21:16:09.973674Z DEBUG gtk_status_bar::widgets: Updating network label: 󰤟 28% 
2026-07-13T21:16:10+00:00 machine gtk-status-bar[3314]: 2026-07-13T21:16:10.001310Z DEBUG gtk_status_bar::widgets: Updating time label:  9:16 PM
2026-07-13T21:16:10+00:00 machine gtk-status-bar[3314]: 2026-07-13T21:16:10.751393Z  INFO gtk_status_bar::tray: Status notifier item registered item=":1.81/org/blueman/sni"
2026-07-13T21:16:10+00:00 machine gtk-status-bar[3314]: 2026-07-13T21:16:10.773303Z DEBUG gtk_status_bar::tray: Tray item property is unavailable property="IconPixmap" error=org.freedesktop.DBus.Error.InvalidArgs: No such property “IconPixmap”
2026-07-13T21:16:10+00:00 machine gtk-status-bar[3314]: 2026-07-13T21:16:10.782553Z DEBUG gtk_status_bar::tray: Tray item property is unavailable property="IconThemePath" error=org.freedesktop.DBus.Error.InvalidArgs: No such property “IconThemePath”
2026-07-13T21:16:10+00:00 machine gtk-status-bar[3314]: 2026-07-13T21:16:10.787284Z  INFO gtk_status_bar::widgets: Added system tray item item=":1.81/org/blueman/sni"
2026-07-13T21:16:10+00:00 machine gtk-status-bar[3314]: 2026-07-13T21:16:10.917902Z  INFO gtk_status_bar::network: Network reachability probe completed target=198.51.100.1 success=false elapsed_ms=22
2026-07-13T21:16:10+00:00 machine gtk-status-bar[3314]: 2026-07-13T21:16:10.917966Z DEBUG gtk_status_bar::network: Sent network update label="\u{f091f} 28% \u{f0ac}"
2026-07-13T21:16:10+00:00 machine gtk-status-bar[3314]: 2026-07-13T21:16:10.918185Z DEBUG gtk_status_bar::widgets: Updating network label: 󰤟 28% 
2026-07-13T21:16:11+00:00 machine gtk-status-bar[3314]: 2026-07-13T21:16:11.001330Z DEBUG gtk_status_bar::widgets: Updating time label:  9:16 PM
2026-07-13T21:16:12+00:00 machine gtk-status-bar[3314]: 2026-07-13T21:16:12.000973Z DEBUG gtk_status_bar::widgets: Updating time label:  9:16 PM
2026-07-13T21:16:14+00:00 machine gtk-status-bar[3537]: 2026-07-13T21:16:14.680506Z  INFO gtk_status_bar: Starting GTK status bar application
2026-07-13T21:16:14+00:00 machine gtk-status-bar[3537]: 2026-07-13T21:16:14.681685Z  INFO gtk_status_bar: Running GTK application
2026-07-13T21:16:16+00:00 machine gtk-status-bar[3537]: 2026-07-13T21:16:16.492685Z  INFO gtk_status_bar: Activating GTK application
2026-07-13T21:16:16+00:00 machine gtk-status-bar[3537]: 2026-07-13T21:16:16.493551Z DEBUG gtk_status_bar::widgets: Loading CSS styles
2026-07-13T21:16:16+00:00 machine gtk-status-bar[3537]: 2026-07-13T21:16:16.500405Z  INFO gtk_status_bar::widgets: CSS styles loaded successfully
2026-07-13T21:16:16+00:00 machine gtk-status-bar[3537]: 2026-07-13T21:16:16.500460Z DEBUG gtk_status_bar::widgets: Configuring layer shell
2026-07-13T21:16:16+00:00 machine gtk-status-bar[3537]: 2026-07-13T21:16:16.512077Z  INFO gtk_status_bar::widgets: Layer shell configured successfully
2026-07-13T21:16:16+00:00 machine gtk-status-bar[3537]: 2026-07-13T21:16:16.512127Z DEBUG gtk_status_bar::widgets: Creating experimental bar
2026-07-13T21:16:16+00:00 machine gtk-status-bar[3537]: 2026-07-13T21:16:16.512261Z DEBUG gtk_status_bar::widgets: Creating left group
2026-07-13T21:16:16+00:00 machine gtk-status-bar[3537]: 2026-07-13T21:16:16.512348Z DEBUG gtk_status_bar::widgets: Creating workspace widget
2026-07-13T21:16:16+00:00 machine gtk-status-bar[3537]: 2026-07-13T21:16:16.512810Z DEBUG gtk_status_bar::widgets: Creating workspace client strip
2026-07-13T21:16:16+00:00 machine gtk-status-bar[3537]: 2026-07-13T21:16:16.512978Z DEBUG gtk_status_bar::widgets: Creating right group
2026-07-13T21:16:16+00:00 machine gtk-status-bar[3537]: 2026-07-13T21:16:16.513025Z DEBUG gtk_status_bar::widgets: Creating system tray widget
2026-07-13T21:16:16+00:00 machine gtk-status-bar[3537]: 2026-07-13T21:16:16.513061Z DEBUG gtk_status_bar::widgets: Creating bluetooth widget
2026-07-13T21:16:16+00:00 machine gtk-status-bar[3537]: 2026-07-13T21:16:16.513116Z DEBUG gtk_status_bar::widgets: Creating volume widget
2026-07-13T21:16:16+00:00 machine gtk-status-bar[3537]: 2026-07-13T21:16:16.513173Z DEBUG gtk_status_bar::widgets: Creating network widget
2026-07-13T21:16:16+00:00 machine gtk-status-bar[3537]: 2026-07-13T21:16:16.513226Z DEBUG gtk_status_bar::widgets: Creating battery widget
2026-07-13T21:16:16+00:00 machine gtk-status-bar[3537]: 2026-07-13T21:16:16.513282Z DEBUG gtk_status_bar::widgets: Creating time widget
2030-01-02T03:04:58+00:00 machine gtk-status-bar[3537]: 2030-01-02T03:04:58.503385Z DEBUG gtk_status_bar::widgets: Setting up time widget updates
2030-01-02T03:04:58+00:00 machine gtk-status-bar[3537]: 2030-01-02T03:04:58.503484Z DEBUG gtk_status_bar::widgets: Updating time label:  3:04 AM
2030-01-02T03:04:58+00:00 machine gtk-status-bar[3537]: 2030-01-02T03:04:58.503545Z DEBUG gtk_status_bar::widgets: Setting up system tray updates
2030-01-02T03:04:58+00:00 machine gtk-status-bar[3537]: 2030-01-02T03:04:58.503598Z DEBUG gtk_status_bar::widgets: Setting up workspace updates
2030-01-02T03:04:58+00:00 machine gtk-status-bar[3537]: 2030-01-02T03:04:58.503635Z DEBUG gtk_status_bar::widgets: Setting up workspace client updates
2030-01-02T03:04:58+00:00 machine gtk-status-bar[3537]: 2030-01-02T03:04:58.503670Z DEBUG gtk_status_bar::widgets: Setting up battery updates
2030-01-02T03:04:58+00:00 machine gtk-status-bar[3537]: 2030-01-02T03:04:58.503704Z DEBUG gtk_status_bar::widgets: Setting up Bluetooth battery updates
2030-01-02T03:04:58+00:00 machine gtk-status-bar[3537]: 2030-01-02T03:04:58.503740Z DEBUG gtk_status_bar::widgets: Setting up network updates
2030-01-02T03:04:58+00:00 machine gtk-status-bar[3537]: 2030-01-02T03:04:58.503774Z DEBUG gtk_status_bar::widgets: Setting up volume updates with tokio async channels
2030-01-02T03:04:58+00:00 machine gtk-status-bar[3537]: 2030-01-02T03:04:58.504180Z DEBUG gtk_status_bar::pw: 🔧 Initializing PipeWire on dedicated thread...
2030-01-02T03:04:58+00:00 machine gtk-status-bar[3537]: 2030-01-02T03:04:58.504186Z  INFO gtk_status_bar: Application activated successfully
2030-01-02T03:04:58+00:00 machine gtk-status-bar[3537]: 2030-01-02T03:04:58.504226Z DEBUG gtk_status_bar::pw: 📋 Created device tracking HashMap for (node_name, description, volume, channel, mute)
2030-01-02T03:04:58+00:00 machine gtk-status-bar[3537]: 2030-01-02T03:04:58.505550Z DEBUG gtk_status_bar::widgets: 🚀 Starting async volume update loop...
2030-01-02T03:04:58+00:00 machine gtk-status-bar[3537]: 2030-01-02T03:04:58.510624Z  INFO gtk_status_bar::hypr: 🔌 Starting workspace event listener
2030-01-02T03:04:58+00:00 machine gtk-status-bar[3537]: 2030-01-02T03:04:58.510674Z DEBUG gtk_status_bar::hypr: Setting up workspace event listener
2030-01-02T03:04:58+00:00 machine gtk-status-bar[3537]: 2030-01-02T03:04:58.510625Z DEBUG gtk_status_bar::pw: ✅ PipeWire initialized
2030-01-02T03:04:58+00:00 machine gtk-status-bar[3537]: 2030-01-02T03:04:58.510782Z DEBUG gtk_status_bar::pw: ✅ ThreadLoop created
2030-01-02T03:04:58+00:00 machine gtk-status-bar[3537]: 2030-01-02T03:04:58.510812Z  INFO gtk_status_bar::hypr: 🔌 Starting title event listener
2030-01-02T03:04:58+00:00 machine gtk-status-bar[3537]: 2030-01-02T03:04:58.510840Z DEBUG gtk_status_bar::hypr: Setting up title event listener
2030-01-02T03:04:58+00:00 machine gtk-status-bar[3537]: 2030-01-02T03:04:58.511081Z  INFO gtk_status_bar::network: Starting network monitor
2030-01-02T03:04:58+00:00 machine gtk-status-bar[3537]: 2030-01-02T03:04:58.511404Z  INFO gtk_status_bar::dbus: 🔌 Starting D-Bus monitor
2030-01-02T03:04:58+00:00 machine gtk-status-bar[3537]: 2030-01-02T03:04:58.511440Z  INFO gtk_status_bar::dbus: Starting D-Bus monitoring task
2030-01-02T03:04:58+00:00 machine gtk-status-bar[3537]: 2030-01-02T03:04:58.511530Z  INFO gtk_status_bar: Starting tray IPC server
2030-01-02T03:04:58+00:00 machine gtk-status-bar[3537]: 2030-01-02T03:04:58.511799Z  INFO gtk_status_bar::tray: 🔌 Starting system tray backend
2030-01-02T03:04:58+00:00 machine gtk-status-bar[3537]: 2030-01-02T03:04:58.512428Z  INFO tray_ipc: Tray IPC server is listening path=/run/user/1000/gtk-status-bar/tray.sock
2030-01-02T03:04:58+00:00 machine gtk-status-bar[3537]: 2030-01-02T03:04:58.518319Z DEBUG gtk_status_bar::dbus: 🔌 Registered battery match rule
2030-01-02T03:04:58+00:00 machine gtk-status-bar[3537]: 2030-01-02T03:04:58.518877Z DEBUG gtk_status_bar::dbus: 🔌 Registered bluez PropertiesChanged match rule
2030-01-02T03:04:58+00:00 machine gtk-status-bar[3537]: 2030-01-02T03:04:58.519180Z DEBUG gtk_status_bar::dbus: 🔌 Registered bluez InterfacesAdded match rule
2030-01-02T03:04:58+00:00 machine gtk-status-bar[3537]: 2030-01-02T03:04:58.528405Z DEBUG gtk_status_bar::dbus: 🔌 Registered bluez InterfacesRemoved match rule
2030-01-02T03:04:58+00:00 machine gtk-status-bar[3537]: 2030-01-02T03:04:58.531247Z  INFO gtk_status_bar::tray: Serving StatusNotifierWatcher for tray applications
2030-01-02T03:04:58+00:00 machine gtk-status-bar[3537]: 2030-01-02T03:04:58.531577Z DEBUG gtk_status_bar::pw: ✅ Context created
2030-01-02T03:04:58+00:00 machine gtk-status-bar[3537]: 2030-01-02T03:04:58.531708Z DEBUG gtk_status_bar::pw: ✅ Core connected
2030-01-02T03:04:58+00:00 machine gtk-status-bar[3537]: 2030-01-02T03:04:58.531729Z DEBUG gtk_status_bar::pw: ✅ Registry obtained
2030-01-02T03:04:58+00:00 machine gtk-status-bar[3537]: 2030-01-02T03:04:58.531748Z DEBUG gtk_status_bar::pw: 🎵 PipeWire ThreadLoop started - monitoring volume changes with default sink filtering
2030-01-02T03:04:58+00:00 machine gtk-status-bar[3537]: 2030-01-02T03:04:58.531893Z DEBUG gtk_status_bar::pw: ✅ ThreadLoop started successfully
2030-01-02T03:04:58+00:00 machine gtk-status-bar[3537]: 2030-01-02T03:04:58.531972Z DEBUG gtk_status_bar::pw: 🔄 PipeWire thread running - async event delivery active...
2030-01-02T03:04:58+00:00 machine gtk-status-bar[3537]: 2030-01-02T03:04:58.532111Z  INFO gtk_status_bar::dbus: Battery is discharging (state: 2)
2030-01-02T03:04:58+00:00 machine gtk-status-bar[3537]: 2030-01-02T03:04:58.532149Z  INFO gtk_status_bar::dbus: Battery is at 33.0%
2030-01-02T03:04:58+00:00 machine gtk-status-bar[3537]: 2030-01-02T03:04:58.537215Z  INFO gtk_status_bar::dbus: Found 3 Bluetooth objects
2030-01-02T03:04:58+00:00 machine gtk-status-bar[3537]: 2030-01-02T03:04:58.537249Z  INFO gtk_status_bar::dbus: Found Bluetooth device with battery at: /org/bluez/hci0/dev_AA_BB_CC_DD_EE_10
2030-01-02T03:04:58+00:00 machine gtk-status-bar[3537]: 2030-01-02T03:04:58.537270Z  INFO gtk_status_bar::dbus: Bluetooth device battery at 77%
2030-01-02T03:04:58+00:00 machine gtk-status-bar[3537]: 2030-01-02T03:04:58.537292Z DEBUG gtk_status_bar::dbus: Added device /org/bluez/hci0/dev_AA_BB_CC_DD_EE_10 to HashMap (has_battery: true, has_media: false)
2030-01-02T03:04:58+00:00 machine gtk-status-bar[3537]: 2030-01-02T03:04:58.537327Z DEBUG gtk_status_bar::dbus: Initial bluetooth devices: {"/org/bluez/hci0/dev_AA_BB_CC_DD_EE_10": BluetoothDevice { has_battery: true, has_media: false, battery_percentage: Some(77), device_name: Some("Post Recovery Buds") }}
2030-01-02T03:04:58+00:00 machine gtk-status-bar[3537]: 2030-01-02T03:04:58.537383Z  INFO gtk_status_bar::dbus: Sent initial Bluetooth display: P77
2030-01-02T03:04:58+00:00 machine gtk-status-bar[3537]: 2030-01-02T03:04:58.537423Z  INFO gtk_status_bar::dbus: Dbus monitor: Starting to listen for D-Bus messages
2030-01-02T03:04:58+00:00 machine gtk-status-bar[3537]: 2030-01-02T03:04:58.537463Z DEBUG gtk_status_bar::dbus: Got an event in event stream: Msg { type: MethodReturn, serial: 14, sender: UniqueName(":1.68"), reply-serial: 13, body: Variant, fds: [] }
2030-01-02T03:04:58+00:00 machine gtk-status-bar[3537]: 2030-01-02T03:04:58.537503Z DEBUG gtk_status_bar::dbus: Dbus monitor: Received D-Bus message from path: None, interface: None, member: None
2030-01-02T03:04:58+00:00 machine gtk-status-bar[3537]: 2030-01-02T03:04:58.537539Z ERROR gtk_status_bar::dbus: Dbus monitor: Received message with no path, ignoring
2030-01-02T03:04:58+00:00 machine gtk-status-bar[3537]: 2030-01-02T03:04:58.537567Z DEBUG gtk_status_bar::dbus: Got an event in event stream: Msg { type: MethodReturn, serial: 15, sender: UniqueName(":1.68"), reply-serial: 16, body: Variant, fds: [] }
2030-01-02T03:04:58+00:00 machine gtk-status-bar[3537]: 2030-01-02T03:04:58.537588Z DEBUG gtk_status_bar::dbus: Dbus monitor: Received D-Bus message from path: None, interface: None, member: None
2030-01-02T03:04:58+00:00 machine gtk-status-bar[3537]: 2030-01-02T03:04:58.537611Z ERROR gtk_status_bar::dbus: Dbus monitor: Received message with no path, ignoring
2030-01-02T03:04:58+00:00 machine gtk-status-bar[3537]: 2030-01-02T03:04:58.537635Z DEBUG gtk_status_bar::dbus: Got an event in event stream: Msg { type: MethodReturn, serial: 33, sender: UniqueName(":1.67"), reply-serial: 23, body: Dict { key: Dynamic { child: ObjectPath }, value: Dynamic { child: Dict { key: Dynamic { child: Str }, value: Dynamic { child: Dict { key: Dynamic { child: Str }, value: Dynamic { child: Variant } } } } } }, fds: [] }
2030-01-02T03:04:58+00:00 machine gtk-status-bar[3537]: 2030-01-02T03:04:58.537661Z DEBUG gtk_status_bar::dbus: Dbus monitor: Received D-Bus message from path: None, interface: None, member: None
2030-01-02T03:04:58+00:00 machine gtk-status-bar[3537]: 2030-01-02T03:04:58.537693Z ERROR gtk_status_bar::dbus: Dbus monitor: Received message with no path, ignoring
2030-01-02T03:04:58+00:00 machine gtk-status-bar[3537]: 2030-01-02T03:04:58.538641Z DEBUG gtk_status_bar::pw: 📡 PipeWire connected: pipewire-0
2030-01-02T03:04:58+00:00 machine gtk-status-bar[3537]: 2030-01-02T03:04:58.538696Z DEBUG gtk_status_bar::pw: 🚫 Skipping metadata '' (props: Some(DictRef { flags: Flags(0x0), entries: {"object.serial": "0", "core.name": "pipewire-0"} }))
2030-01-02T03:04:58+00:00 machine gtk-status-bar[3537]: 2030-01-02T03:04:58.538718Z DEBUG gtk_status_bar::pw: 🚫 Skipping metadata '' (props: Some(DictRef { flags: Flags(0x0), entries: {"object.serial": "1", "module.name": "libpipewire-module-rt"} }))
2030-01-02T03:04:58+00:00 machine gtk-status-bar[3537]: 2030-01-02T03:04:58.538737Z DEBUG gtk_status_bar::pw: 🚫 Skipping metadata '' (props: Some(DictRef { flags: Flags(0x0), entries: {"object.serial": "3"} }))
2030-01-02T03:04:58+00:00 machine gtk-status-bar[3537]: 2030-01-02T03:04:58.538755Z DEBUG gtk_status_bar::pw: 🚫 Skipping metadata '' (props: Some(DictRef { flags: Flags(0x0), entries: {"object.serial": "2", "module.name": "libpipewire-module-protocol-native"} }))
2030-01-02T03:04:58+00:00 machine gtk-status-bar[3537]: 2030-01-02T03:04:58.538772Z DEBUG gtk_status_bar::pw: 🚫 Skipping metadata '' (props: Some(DictRef { flags: Flags(0x0), entries: {"object.serial": "5"} }))
2030-01-02T03:04:58+00:00 machine gtk-status-bar[3537]: 2030-01-02T03:04:58.538790Z DEBUG gtk_status_bar::pw: 🚫 Skipping metadata '' (props: Some(DictRef { flags: Flags(0x0), entries: {"object.serial": "4", "module.name": "libpipewire-module-profiler"} }))
2030-01-02T03:04:58+00:00 machine gtk-status-bar[3537]: 2030-01-02T03:04:58.538808Z DEBUG gtk_status_bar::pw: 🚫 Skipping metadata '' (props: Some(DictRef { flags: Flags(0x0), entries: {"object.serial": "6", "module.name": "libpipewire-module-metadata"} }))
2030-01-02T03:04:58+00:00 machine gtk-status-bar[3537]: 2030-01-02T03:04:58.538826Z DEBUG gtk_status_bar::pw: 🚫 Skipping metadata '' (props: Some(DictRef { flags: Flags(0x0), entries: {"object.serial": "7", "module.id": "6", "factory.name": "metadata", "factory.type.name": "PipeWire:Interface:Metadata", "factory.type.version": "3"} }))
2030-01-02T03:04:58+00:00 machine gtk-status-bar[3537]: 2030-01-02T03:04:58.538844Z DEBUG gtk_status_bar::pw: 🚫 Skipping metadata '' (props: Some(DictRef { flags: Flags(0x0), entries: {"object.serial": "8", "module.name": "libpipewire-module-spa-device-factory"} }))
2030-01-02T03:04:58+00:00 machine gtk-status-bar[3537]: 2030-01-02T03:04:58.538863Z DEBUG gtk_status_bar::pw: 🚫 Skipping metadata '' (props: Some(DictRef { flags: Flags(0x0), entries: {"object.serial": "9", "module.id": "8", "factory.name": "spa-device-factory", "factory.type.name": "PipeWire:Interface:Device", "factory.type.version": "3"} }))
2030-01-02T03:04:58+00:00 machine gtk-status-bar[3537]: 2030-01-02T03:04:58.538881Z DEBUG gtk_status_bar::pw: 🚫 Skipping metadata '' (props: Some(DictRef { flags: Flags(0x0), entries: {"object.serial": "10", "module.name": "libpipewire-module-spa-node-factory"} }))
2030-01-02T03:04:58+00:00 machine gtk-status-bar[3537]: 2030-01-02T03:04:58.539272Z DEBUG gtk_status_bar::pw: 🚫 Skipping metadata '' (props: Some(DictRef { flags: Flags(0x0), entries: {"object.serial": "11", "module.id": "10", "factory.name": "spa-node-factory", "factory.type.name": "PipeWire:Interface:Node", "factory.type.version": "3"} }))
2030-01-02T03:04:58+00:00 machine gtk-status-bar[3537]: 2030-01-02T03:04:58.539294Z DEBUG gtk_status_bar::pw: 🚫 Skipping metadata '' (props: Some(DictRef { flags: Flags(0x0), entries: {"object.serial": "12", "module.name": "libpipewire-module-client-node"} }))
2030-01-02T03:04:58+00:00 machine gtk-status-bar[3537]: 2030-01-02T03:04:58.539312Z DEBUG gtk_status_bar::pw: 🚫 Skipping metadata '' (props: Some(DictRef { flags: Flags(0x0), entries: {"object.serial": "13", "module.id": "12", "factory.name": "client-node", "factory.type.name": "PipeWire:Interface:ClientNode", "factory.type.version": "6"} }))
2030-01-02T03:04:58+00:00 machine gtk-status-bar[3537]: 2030-01-02T03:04:58.539331Z DEBUG gtk_status_bar::pw: 🚫 Skipping metadata '' (props: Some(DictRef { flags: Flags(0x0), entries: {"object.serial": "14", "module.name": "libpipewire-module-client-device"} }))
2030-01-02T03:04:58+00:00 machine gtk-status-bar[3537]: 2030-01-02T03:04:58.539350Z DEBUG gtk_status_bar::pw: 🚫 Skipping metadata '' (props: Some(DictRef { flags: Flags(0x0), entries: {"object.serial": "15", "module.id": "14", "factory.name": "client-device", "factory.type.name": "Spa:Pointer:Interface:Device", "factory.type.version": "0"} }))
2030-01-02T03:04:58+00:00 machine gtk-status-bar[3537]: 2030-01-02T03:04:58.539369Z DEBUG gtk_status_bar::pw: 🚫 Skipping metadata '' (props: Some(DictRef { flags: Flags(0x0), entries: {"object.serial": "16", "module.name": "libpipewire-module-portal"} }))
2030-01-02T03:04:58+00:00 machine gtk-status-bar[3537]: 2030-01-02T03:04:58.539386Z DEBUG gtk_status_bar::pw: 🚫 Skipping metadata '' (props: Some(DictRef { flags: Flags(0x0), entries: {"object.serial": "17", "module.name": "libpipewire-module-access"} }))
2030-01-02T03:04:58+00:00 machine gtk-status-bar[3537]: 2030-01-02T03:04:58.539405Z DEBUG gtk_status_bar::pw: 🚫 Skipping metadata '' (props: Some(DictRef { flags: Flags(0x0), entries: {"object.serial": "18", "module.name": "libpipewire-module-adapter"} }))
2030-01-02T03:04:58+00:00 machine gtk-status-bar[3537]: 2030-01-02T03:04:58.539423Z DEBUG gtk_status_bar::pw: 🚫 Skipping metadata '' (props: Some(DictRef { flags: Flags(0x0), entries: {"object.serial": "19", "module.id": "18", "factory.name": "adapter", "factory.type.name": "PipeWire:Interface:Node", "factory.type.version": "3"} }))
2030-01-02T03:04:58+00:00 machine gtk-status-bar[3537]: 2030-01-02T03:04:58.539442Z DEBUG gtk_status_bar::pw: 🚫 Skipping metadata '' (props: Some(DictRef { flags: Flags(0x0), entries: {"object.serial": "20", "module.name": "libpipewire-module-link-factory"} }))
2030-01-02T03:04:58+00:00 machine gtk-status-bar[3537]: 2030-01-02T03:04:58.539459Z DEBUG gtk_status_bar::pw: 🚫 Skipping metadata '' (props: Some(DictRef { flags: Flags(0x0), entries: {"object.serial": "21", "module.id": "20", "factory.name": "link-factory", "factory.type.name": "PipeWire:Interface:Link", "factory.type.version": "3"} }))
2030-01-02T03:04:58+00:00 machine gtk-status-bar[3537]: 2030-01-02T03:04:58.539477Z DEBUG gtk_status_bar::pw: 🚫 Skipping metadata '' (props: Some(DictRef { flags: Flags(0x0), entries: {"object.serial": "22", "module.name": "libpipewire-module-session-manager"} }))
2030-01-02T03:04:58+00:00 machine gtk-status-bar[3537]: 2030-01-02T03:04:58.539495Z DEBUG gtk_status_bar::pw: 🚫 Skipping metadata '' (props: Some(DictRef { flags: Flags(0x0), entries: {"object.serial": "23", "module.id": "22", "factory.name": "client-endpoint", "factory.type.name": "PipeWire:Interface:ClientEndpoint", "factory.type.version": "0"} }))
2030-01-02T03:04:58+00:00 machine gtk-status-bar[3537]: 2030-01-02T03:04:58.539568Z DEBUG gtk_status_bar::pw: 🚫 Skipping metadata '' (props: Some(DictRef { flags: Flags(0x0), entries: {"object.serial": "24", "module.id": "22", "factory.name": "client-session", "factory.type.name": "PipeWire:Interface:ClientSession", "factory.type.version": "0"} }))
2030-01-02T03:04:58+00:00 machine gtk-status-bar[3537]: 2030-01-02T03:04:58.539596Z DEBUG gtk_status_bar::pw: 🚫 Skipping metadata '' (props: Some(DictRef { flags: Flags(0x0), entries: {"object.serial": "25", "module.id": "22", "factory.name": "session", "factory.type.name": "PipeWire:Interface:Session", "factory.type.version": "0"} }))
2030-01-02T03:04:58+00:00 machine gtk-status-bar[3537]: 2030-01-02T03:04:58.539620Z DEBUG gtk_status_bar::pw: 🚫 Skipping metadata '' (props: Some(DictRef { flags: Flags(0x0), entries: {"object.serial": "26", "module.id": "22", "factory.name": "endpoint", "factory.type.name": "PipeWire:Interface:Endpoint", "factory.type.version": "0"} }))
2030-01-02T03:04:58+00:00 machine gtk-status-bar[3537]: 2030-01-02T03:04:58.539656Z DEBUG gtk_status_bar::pw: 🚫 Skipping metadata '' (props: Some(DictRef { flags: Flags(0x0), entries: {"object.serial": "27", "module.id": "22", "factory.name": "endpoint-stream", "factory.type.name": "PipeWire:Interface:EndpointStream", "factory.type.version": "0"} }))
2030-01-02T03:04:58+00:00 machine gtk-status-bar[3537]: 2030-01-02T03:04:58.539686Z DEBUG gtk_status_bar::pw: 🚫 Skipping metadata '' (props: Some(DictRef { flags: Flags(0x0), entries: {"object.serial": "28", "module.id": "22", "factory.name": "endpoint-link", "factory.type.name": "PipeWire:Interface:EndpointLink", "factory.type.version": "0"} }))
2030-01-02T03:04:58+00:00 machine gtk-status-bar[3537]: 2030-01-02T03:04:58.539706Z DEBUG gtk_status_bar::pw: 🚫 Skipping metadata '' (props: Some(DictRef { flags: Flags(0x0), entries: {"object.serial": "29", "module.name": "libpipewire-module-x11-bell"} }))
2030-01-02T03:04:58+00:00 machine gtk-status-bar[3537]: 2030-01-02T03:04:58.539728Z DEBUG gtk_status_bar::pw: 🚫 Skipping metadata '' (props: Some(DictRef { flags: Flags(0x0), entries: {"object.serial": "30", "module.name": "libpipewire-module-jackdbus-detect"} }))
2030-01-02T03:04:58+00:00 machine gtk-status-bar[3537]: 2030-01-02T03:04:58.539748Z DEBUG gtk_status_bar::pw: 🚫 Skipping metadata '' (props: Some(DictRef { flags: Flags(0x0), entries: {"object.serial": "31", "factory.id": "11", "priority.driver": "200000", "node.name": "Dummy-Driver"} }))
2030-01-02T03:04:58+00:00 machine gtk-status-bar[3537]: 2030-01-02T03:04:58.539769Z DEBUG gtk_status_bar::pw: 🔍 Checking node - media.class: None
2030-01-02T03:04:58+00:00 machine gtk-status-bar[3537]: 2030-01-02T03:04:58.539787Z DEBUG gtk_status_bar::pw: 🔍 Node filter result: false for media.class: None
2030-01-02T03:04:58+00:00 machine gtk-status-bar[3537]: 2030-01-02T03:04:58.539805Z DEBUG gtk_status_bar::pw: 🚫 Skipping metadata '' (props: Some(DictRef { flags: Flags(0x0), entries: {"object.serial": "32", "factory.id": "11", "priority.driver": "190000", "node.name": "Freewheel-Driver"} }))
2030-01-02T03:04:58+00:00 machine gtk-status-bar[3537]: 2030-01-02T03:04:58.539825Z DEBUG gtk_status_bar::pw: 🔍 Checking node - media.class: None
2030-01-02T03:04:58+00:00 machine gtk-status-bar[3537]: 2030-01-02T03:04:58.539856Z DEBUG gtk_status_bar::pw: 🔍 Node filter result: false for media.class: None
2030-01-02T03:04:58+00:00 machine gtk-status-bar[3537]: 2030-01-02T03:04:58.539892Z DEBUG gtk_status_bar::pw: 🚫 Skipping metadata 'settings' (props: Some(DictRef { flags: Flags(0x0), entries: {"object.serial": "33", "metadata.name": "settings"} }))
2030-01-02T03:04:58+00:00 machine gtk-status-bar[3537]: 2030-01-02T03:04:58.540031Z DEBUG gtk_status_bar::pw: 🚫 Skipping metadata '' (props: Some(DictRef { flags: Flags(0x0), entries: {"object.serial": "34", "module.id": "2", "pipewire.protocol": "protocol-native", "pipewire.sec.pid": "1253", "pipewire.sec.uid": "1000", "pipewire.sec.gid": "100", "pipewire.sec.socket": "pipewire-0", "application.name": ".xdg-desktop-portal-wrapped", "pipewire.access": "unrestricted"} }))
2030-01-02T03:04:58+00:00 machine gtk-status-bar[3537]: 2030-01-02T03:04:58.540076Z DEBUG gtk_status_bar::pw: 🚫 Skipping metadata '' (props: Some(DictRef { flags: Flags(0x0), entries: {"object.serial": "35", "module.id": "2", "pipewire.protocol": "protocol-native", "pipewire.sec.pid": "1349", "pipewire.sec.uid": "1000", "pipewire.sec.gid": "100", "pipewire.sec.socket": "pipewire-0-manager", "application.name": "WirePlumber", "pipewire.access": "unrestricted"} }))
2030-01-02T03:04:58+00:00 machine gtk-status-bar[3537]: 2030-01-02T03:04:58.540112Z DEBUG gtk_status_bar::pw: 🚫 Skipping metadata 'schema-sm-settings' (props: Some(DictRef { flags: Flags(0x0), entries: {"metadata.name": "schema-sm-settings", "factory.id": "7", "module.id": "6", "client.id": "35", "object.serial": "36"} }))
2030-01-02T03:04:58+00:00 machine gtk-status-bar[3537]: 2030-01-02T03:04:58.540135Z DEBUG gtk_status_bar::pw: 🚫 Skipping metadata 'persistent-sm-settings' (props: Some(DictRef { flags: Flags(0x0), entries: {"metadata.name": "persistent-sm-settings", "factory.id": "7", "module.id": "6", "client.id": "35", "object.serial": "37"} }))
2030-01-02T03:04:58+00:00 machine gtk-status-bar[3537]: 2030-01-02T03:04:58.540157Z DEBUG gtk_status_bar::pw: 🚫 Skipping metadata 'sm-settings' (props: Some(DictRef { flags: Flags(0x0), entries: {"metadata.name": "sm-settings", "factory.id": "7", "module.id": "6", "client.id": "35", "object.serial": "38"} }))
2030-01-02T03:04:58+00:00 machine gtk-status-bar[3537]: 2030-01-02T03:04:58.540177Z DEBUG gtk_status_bar::pw: 🚫 Skipping metadata 'sm-objects' (props: Some(DictRef { flags: Flags(0x0), entries: {"metadata.name": "sm-objects", "factory.id": "7", "module.id": "6", "client.id": "35", "object.serial": "39"} }))
2030-01-02T03:04:58+00:00 machine gtk-status-bar[3537]: 2030-01-02T03:04:58.540219Z DEBUG gtk_status_bar::pw: 🚫 Skipping metadata 'default-profile' (props: Some(DictRef { flags: Flags(0x0), entries: {"wireplumber.state": "true", "metadata.name": "default-profile", "factory.id": "7", "module.id": "6", "client.id": "35", "object.serial": "40"} }))
2030-01-02T03:04:59+00:00 machine gtk-status-bar[3537]: 2030-01-02T03:04:58.540254Z DEBUG gtk_status_bar::pw: ✅ Processing metadata.name == default
2030-01-02T03:04:59+00:00 machine gtk-status-bar[3537]: 2030-01-02T03:04:58.540289Z DEBUG gtk_status_bar::pw: 📋 Found metadata object: Some(DictRef { flags: Flags(0x0), entries: {"metadata.name": "default", "factory.id": "7", "module.id": "6", "client.id": "35", "object.serial": "41"} })
2030-01-02T03:04:59+00:00 machine gtk-status-bar[3537]: 2030-01-02T03:04:58.540430Z DEBUG gtk_status_bar::pw: 📋 Bound 'default' Metadata (id=3)
2030-01-02T03:04:59+00:00 machine gtk-status-bar[3537]: 2030-01-02T03:04:58.540492Z DEBUG gtk_status_bar::pw: 🚫 Skipping metadata 'filters' (props: Some(DictRef { flags: Flags(0x0), entries: {"metadata.name": "filters", "factory.id": "7", "module.id": "6", "client.id": "35", "object.serial": "43"} }))
2030-01-02T03:04:59+00:00 machine gtk-status-bar[3537]: 2030-01-02T03:04:58.540524Z DEBUG gtk_status_bar::pw: 🚫 Skipping metadata '' (props: Some(DictRef { flags: Flags(0x0), entries: {"object.serial": "42", "module.id": "2", "pipewire.protocol": "protocol-native", "pipewire.sec.pid": "1359", "pipewire.sec.uid": "1000", "pipewire.sec.gid": "100", "pipewire.sec.socket": "pipewire-0", "application.name": ".xdg-desktop-portal-hyprland-wrapped", "pipewire.access": "unrestricted"} }))
2030-01-02T03:04:59+00:00 machine gtk-status-bar[3537]: 2030-01-02T03:04:58.540566Z DEBUG gtk_status_bar::pw: 🚫 Skipping metadata 'route-settings' (props: Some(DictRef { flags: Flags(0x0), entries: {"metadata.name": "route-settings", "factory.id": "7", "module.id": "6", "client.id": "35", "object.serial": "44"} }))
2030-01-02T03:04:59+00:00 machine gtk-status-bar[3537]: 2030-01-02T03:04:58.540607Z DEBUG gtk_status_bar::pw: 🚫 Skipping metadata '' (props: Some(DictRef { flags: Flags(0x0), entries: {"object.serial": "45", "module.id": "2", "pipewire.protocol": "protocol-native", "pipewire.sec.pid": "1349", "pipewire.sec.uid": "1000", "pipewire.sec.gid": "100", "pipewire.sec.socket": "pipewire-0-manager", "application.name": "WirePlumber [export]", "pipewire.access": "unrestricted"} }))
2030-01-02T03:04:59+00:00 machine gtk-status-bar[3537]: 2030-01-02T03:04:58.540646Z DEBUG gtk_status_bar::pw: 🚫 Skipping metadata '' (props: Some(DictRef { flags: Flags(0x0), entries: {"object.serial": "46", "factory.id": "11", "client.id": "45", "priority.session": "100", "priority.driver": "1", "node.name": "Midi-Bridge", "media.class": "Midi/Bridge"} }))
2030-01-02T03:04:59+00:00 machine gtk-status-bar[3537]: 2030-01-02T03:04:58.540680Z DEBUG gtk_status_bar::pw: 🔍 Checking node - media.class: Some("Midi/Bridge")
2030-01-02T03:04:59+00:00 machine gtk-status-bar[3537]: 2030-01-02T03:04:58.540707Z DEBUG gtk_status_bar::pw: 🔍 Node filter result: false for media.class: Some("Midi/Bridge")
2030-01-02T03:04:59+00:00 machine gtk-status-bar[3537]: 2030-01-02T03:04:58.540742Z DEBUG gtk_status_bar::pw: 🚫 Skipping metadata '' (props: Some(DictRef { flags: Flags(0x0), entries: {"object.serial": "47", "object.path": "alsa:seq:default:client_14:playback_0", "format.dsp": "8 bit raw midi", "node.id": "46", "port.id": "0", "port.name": "Midi Through: Port-0 (playback)", "port.direction": "in", "port.physical": "true", "port.terminal": "true", "port.alias": "Midi Through:Midi Through Port-0", "port.group": "client_14"} }))
2030-01-02T03:04:59+00:00 machine gtk-status-bar[3537]: 2030-01-02T03:04:58.540774Z DEBUG gtk_status_bar::pw: 🚫 Skipping metadata '' (props: Some(DictRef { flags: Flags(0x0), entries: {"object.serial": "48", "object.path": "alsa:seq:default:client_14:capture_0", "format.dsp": "8 bit raw midi", "node.id": "46", "port.id": "0", "port.name": "Midi Through: Port-0 (capture)", "port.direction": "out", "port.physical": "true", "port.terminal": "true", "port.alias": "Midi Through:Midi Through Port-0", "port.group": "client_14"} }))
2030-01-02T03:04:59+00:00 machine gtk-status-bar[3537]: 2030-01-02T03:04:58.540797Z DEBUG gtk_status_bar::pw: 🚫 Skipping metadata '' (props: Some(DictRef { flags: Flags(0x0), entries: {"object.serial": "49", "factory.id": "14", "client.id": "45", "node.description": "BLE MIDI 1", "node.name": "bluez_midi.server", "media.class": "Midi/Bridge"} }))
2030-01-02T03:04:59+00:00 machine gtk-status-bar[3537]: 2030-01-02T03:04:58.540816Z DEBUG gtk_status_bar::pw: 🔍 Checking node - media.class: Some("Midi/Bridge")
2030-01-02T03:04:59+00:00 machine gtk-status-bar[3537]: 2030-01-02T03:04:58.540833Z DEBUG gtk_status_bar::pw: 🔍 Node filter result: false for media.class: Some("Midi/Bridge")
2030-01-02T03:04:59+00:00 machine gtk-status-bar[3537]: 2030-01-02T03:04:58.540852Z DEBUG gtk_status_bar::pw: 🚫 Skipping metadata '' (props: Some(DictRef { flags: Flags(0x0), entries: {"object.serial": "50", "object.path": "bluez_midi.server:input_0", "format.dsp": "8 bit raw midi", "node.id": "49", "port.id": "0", "port.name": "in", "port.direction": "in", "port.physical": "true", "port.terminal": "true", "port.alias": "in", "port.group": "group.0"} }))
2030-01-02T03:04:59+00:00 machine gtk-status-bar[3537]: 2030-01-02T03:04:58.540875Z DEBUG gtk_status_bar::pw: 🚫 Skipping metadata '' (props: Some(DictRef { flags: Flags(0x0), entries: {"object.serial": "51", "object.path": "bluez_midi.server:output_0", "format.dsp": "8 bit raw midi", "node.id": "49", "port.id": "0", "port.name": "out", "port.direction": "out", "port.physical": "true", "port.terminal": "true", "port.alias": "out", "port.group": "group.0"} }))
2030-01-02T03:04:59+00:00 machine gtk-status-bar[3537]: 2030-01-02T03:04:58.540964Z DEBUG gtk_status_bar::pw: 🚫 Skipping metadata '' (props: Some(DictRef { flags: Flags(0x0), entries: {"object.serial": "53", "module.id": "2", "pipewire.protocol": "protocol-native", "pipewire.sec.pid": "1408", "pipewire.sec.uid": "1000", "pipewire.sec.gid": "100", "pipewire.sec.socket": "pipewire-0", "application.name": "pipewire", "pipewire.access": "unrestricted"} }))
2030-01-02T03:04:59+00:00 machine gtk-status-bar[3537]: 2030-01-02T03:04:58.540998Z DEBUG gtk_status_bar::pw: 🚫 Skipping metadata '' (props: Some(DictRef { flags: Flags(0x0), entries: {"object.serial": "55", "module.id": "2", "pipewire.protocol": "protocol-native", "pipewire.sec.pid": "1408", "pipewire.sec.uid": "1000", "pipewire.sec.gid": "100", "pipewire.sec.socket": "pipewire-0", "application.name": "Blueman", "pipewire.access": "unrestricted"} }))
2030-01-02T03:04:59+00:00 machine gtk-status-bar[3537]: 2030-01-02T03:04:58.541022Z DEBUG gtk_status_bar::pw: 🚫 Skipping metadata '' (props: Some(DictRef { flags: Flags(0x0), entries: {"object.serial": "86", "factory.id": "19", "client.id": "53", "node.description": "Dummy Output", "node.name": "auto_null", "media.class": "Audio/Sink"} }))
2030-01-02T03:04:59+00:00 machine gtk-status-bar[3537]: 2030-01-02T03:04:58.541042Z DEBUG gtk_status_bar::pw: 🔍 Checking node - media.class: Some("Audio/Sink")
2030-01-02T03:04:59+00:00 machine gtk-status-bar[3537]: 2030-01-02T03:04:58.541059Z DEBUG gtk_status_bar::pw: 🔍 Node filter result: true for media.class: Some("Audio/Sink")
2030-01-02T03:04:59+00:00 machine gtk-status-bar[3537]: 2030-01-02T03:04:58.541084Z DEBUG gtk_status_bar::pw: 📱 Monitoring audio node: Dummy Output (4) [node.name: auto_null]
2030-01-02T03:04:59+00:00 machine gtk-status-bar[3537]: 2030-01-02T03:04:58.541102Z DEBUG gtk_status_bar::pw: 🔗 ADDING NODE LISTENER for node.name: auto_null
2030-01-02T03:04:59+00:00 machine gtk-status-bar[3537]: 2030-01-02T03:04:58.541121Z DEBUG gtk_status_bar::pw: 📝 Added device to HashMap: 4 -> (auto_null, Dummy Output, no volume yet)
2030-01-02T03:04:59+00:00 machine gtk-status-bar[3537]: 2030-01-02T03:04:58.541136Z DEBUG gtk_status_bar::pw: 🗂️ Current device map size: 1
2030-01-02T03:04:59+00:00 machine gtk-status-bar[3537]: 2030-01-02T03:04:58.541162Z DEBUG gtk_status_bar::pw: 🚫 Skipping metadata '' (props: Some(DictRef { flags: Flags(0x0), entries: {"object.serial": "87", "object.path": "auto_null:playback_0", "format.dsp": "32 bit float mono audio", "node.id": "67", "audio.channel": "FL", "port.id": "0", "port.name": "playback_FL", "port.direction": "in", "port.alias": "Dummy Output:playback_FL", "port.group": "stream.0"} }))
2030-01-02T03:04:59+00:00 machine gtk-status-bar[3537]: 2030-01-02T03:04:58.541195Z DEBUG gtk_status_bar::pw: 🚫 Skipping metadata '' (props: Some(DictRef { flags: Flags(0x0), entries: {"object.serial": "88", "object.path": "auto_null:playback_1", "format.dsp": "32 bit float mono audio", "node.id": "67", "audio.channel": "FR", "port.id": "1", "port.name": "playback_FR", "port.direction": "in", "port.alias": "Dummy Output:playback_FR", "port.group": "stream.0"} }))
2030-01-02T03:04:59+00:00 machine gtk-status-bar[3537]: 2030-01-02T03:04:58.541221Z DEBUG gtk_status_bar::pw: 🚫 Skipping metadata '' (props: Some(DictRef { flags: Flags(0x0), entries: {"object.serial": "89", "object.path": "auto_null:monitor_0", "format.dsp": "32 bit float mono audio", "node.id": "67", "audio.channel": "FL", "port.id": "0", "port.name": "monitor_FL", "port.direction": "out", "port.monitor": "true", "port.alias": "Dummy Output:monitor_FL", "port.group": "stream.0"} }))
2030-01-02T03:04:59+00:00 machine gtk-status-bar[3537]: 2030-01-02T03:04:58.541249Z DEBUG gtk_status_bar::pw: 🚫 Skipping metadata '' (props: Some(DictRef { flags: Flags(0x0), entries: {"object.serial": "90", "object.path": "auto_null:monitor_1", "format.dsp": "32 bit float mono audio", "node.id": "67", "audio.channel": "FR", "port.id": "1", "port.name": "monitor_FR", "port.direction": "out", "port.monitor": "true", "port.alias": "Dummy Output:monitor_FR", "port.group": "stream.0"} }))
2030-01-02T03:04:59+00:00 machine gtk-status-bar[3537]: 2030-01-02T03:04:58.541275Z DEBUG gtk_status_bar::pw: 🚫 Skipping metadata '' (props: Some(DictRef { flags: Flags(0x0), entries: {"object.serial": "92", "module.id": "2", "pipewire.protocol": "protocol-native", "pipewire.sec.pid": "3537", "pipewire.sec.uid": "1000", "pipewire.sec.gid": "100", "pipewire.sec.socket": "pipewire-0", "application.name": ".gtk-status-bar-wrapped", "pipewire.access": "unrestricted"} }))
2030-01-02T03:04:59+00:00 machine gtk-status-bar[3537]: 2030-01-02T03:04:58.542016Z DEBUG gtk_status_bar::pw: 📝 metadata.property subject=0 key=Some("default.configured.audio.sink") value=Some("{ \"name\": \"Bravo\" }")
2030-01-02T03:04:59+00:00 machine gtk-status-bar[3537]: 2030-01-02T03:04:58.542042Z DEBUG gtk_status_bar::pw: 🔍 Processing metadata property: default.configured.audio.sink={ "name": "Bravo" }
2030-01-02T03:04:59+00:00 machine gtk-status-bar[3537]: 2030-01-02T03:04:58.542063Z DEBUG gtk_status_bar::pw: 🔧 Other metadata property: default.configured.audio.sink (ignored)
2030-01-02T03:04:59+00:00 machine gtk-status-bar[3537]: 2030-01-02T03:04:58.542085Z DEBUG gtk_status_bar::pw: 📝 metadata.property subject=0 key=Some("default.audio.sink") value=Some("{\"name\":\"auto_null\"}")
2030-01-02T03:04:59+00:00 machine gtk-status-bar[3537]: 2030-01-02T03:04:58.542107Z DEBUG gtk_status_bar::pw: 🔍 Processing metadata property: default.audio.sink={"name":"auto_null"}
2030-01-02T03:04:59+00:00 machine gtk-status-bar[3537]: 2030-01-02T03:04:58.542130Z  INFO gtk_status_bar::pw: 🔄 Default sink -> auto_null
2030-01-02T03:04:59+00:00 machine gtk-status-bar[3537]: 2030-01-02T03:04:58.542147Z DEBUG gtk_status_bar::pw: 🎯 SINK CHANGE: None -> auto_null (should trigger volume fetch)
2030-01-02T03:04:59+00:00 machine gtk-status-bar[3537]: 2030-01-02T03:04:58.542179Z DEBUG gtk_status_bar::pw: 🗂️ Searching device map for default sink 'auto_null'
2030-01-02T03:04:59+00:00 machine gtk-status-bar[3537]: 2030-01-02T03:04:58.542211Z DEBUG gtk_status_bar::pw: 🗂️ Current device map contents: {4: ("auto_null", "Dummy Output", None, None, None)}
2030-01-02T03:04:59+00:00 machine gtk-status-bar[3537]: 2030-01-02T03:04:58.542249Z DEBUG gtk_status_bar::pw: 🔍 Checking device 4: node_name='auto_null', description='Dummy Output' against default sink 'auto_null'
2030-01-02T03:04:59+00:00 machine gtk-status-bar[3537]: 2030-01-02T03:04:58.542284Z DEBUG gtk_status_bar::pw: 🎯 MATCH! Found device 4 with node_name 'auto_null' matching default sink
2030-01-02T03:04:59+00:00 machine gtk-status-bar[3537]: 2030-01-02T03:04:58.542314Z DEBUG gtk_status_bar::pw: 🎨 Updating GUI label to: 'Dummy Output' with cached volume data
2030-01-02T03:04:59+00:00 machine gtk-status-bar[3537]: 2030-01-02T03:04:58.542348Z DEBUG gtk_status_bar::pw: 💾 Cached volume data: Vol: None%, Ch: None%, Mute: None
2030-01-02T03:04:59+00:00 machine gtk-status-bar[3537]: 2030-01-02T03:04:58.542393Z DEBUG gtk_status_bar::pw: ✅ Sent REAL volume data to GUI: 'Dummy Output' Vol: None%, Ch: None%, Mute: None
2030-01-02T03:04:59+00:00 machine gtk-status-bar[3537]: 2030-01-02T03:04:58.542441Z DEBUG gtk_status_bar::pw: 🎛️  NODE PARAM CALLBACK: Dummy Output (4) received Props param
2030-01-02T03:04:59+00:00 machine gtk-status-bar[3537]: 2030-01-02T03:04:58.542480Z DEBUG gtk_status_bar::pw: 🔊 Node 4: Dummy Output - Vol: Some(100)% | Ch: Some(100)% | Mute: Some(false) [CACHING]
2030-01-02T03:04:59+00:00 machine gtk-status-bar[3537]: 2030-01-02T03:04:58.542518Z DEBUG gtk_status_bar::pw: 📝 Updated volume cache for device 4: Dummy Output -> Vol: Some(100)%, Ch: Some(100)%, Mute: Some(false)
2030-01-02T03:04:59+00:00 machine gtk-status-bar[3537]: 2030-01-02T03:04:58.542553Z DEBUG gtk_status_bar::pw: 🎯 Checking if device 4 is default: current_default=Some("auto_null"), node_name=auto_null, is_default=true
2030-01-02T03:04:59+00:00 machine gtk-status-bar[3537]: 2030-01-02T03:04:58.542592Z DEBUG gtk_status_bar::pw: 📤 SENDING VOLUME UPDATE to GUI for default sink (node id=4)
2030-01-02T03:04:59+00:00 machine gtk-status-bar[3537]: 2030-01-02T03:04:58.542629Z ERROR gtk_status_bar::pw: ❌ PipeWire error id:4 seq:5 res:-2: enum params id:13 (Spa:Enum:ParamId:Route) failed
2030-01-02T03:04:59+00:00 machine gtk-status-bar[3537]: 2030-01-02T03:04:58.555077Z  INFO gtk_status_bar::hypr: Starting workspace event listener
2030-01-02T03:04:59+00:00 machine gtk-status-bar[3537]: 2030-01-02T03:04:58.555656Z  INFO gtk_status_bar::hypr: Starting title event listener
2030-01-02T03:04:59+00:00 machine gtk-status-bar[3537]: 2030-01-02T03:04:58.561324Z DEBUG gtk_status_bar::network: Sent network update label="\u{f091f} 28% ?"
2030-01-02T03:04:59+00:00 machine gtk-status-bar[3537]: 2030-01-02T03:04:58.571846Z DEBUG gtk_status_bar::widgets: Updating workspace - label: 'Workspace i', color for workspace: 2
2030-01-02T03:04:59+00:00 machine gtk-status-bar[3537]: 2030-01-02T03:04:58.572052Z DEBUG gtk_status_bar::widgets: Updated title widget color to: rgba(125, 207, 255, 0.5) for workspace: 2
2030-01-02T03:04:59+00:00 machine gtk-status-bar[3537]: 2030-01-02T03:04:58.572122Z DEBUG gtk_status_bar::widgets: Updating workspace client strip workspace_id=2 client_count=8
2030-01-02T03:04:59+00:00 machine gtk-status-bar[3537]: 2030-01-02T03:04:58.572145Z DEBUG gtk_status_bar::widgets: Updating client pill address=0x57c07edca530 title="hello" compact_title="hello" class="kitty" active=false
2030-01-02T03:04:59+00:00 machine gtk-status-bar[3537]: 2030-01-02T03:04:58.572172Z DEBUG gtk_status_bar::widgets: Creating client title pill
2030-01-02T03:04:59+00:00 machine gtk-status-bar[3537]: 2030-01-02T03:04:58.589889Z  INFO gtk_status_bar::network: Network reachability probe completed target=198.51.100.1 success=false elapsed_ms=27
2030-01-02T03:04:59+00:00 machine gtk-status-bar[3537]: 2030-01-02T03:04:58.589980Z DEBUG gtk_status_bar::network: Sent network update label="\u{f091f} 28% ?"
2030-01-02T03:04:59+00:00 machine gtk-status-bar[3537]: 2030-01-02T03:04:58.717101Z DEBUG gtk_status_bar::widgets: Resolved title icon from desktop application metadata class="kitty"
2030-01-02T03:04:59+00:00 machine gtk-status-bar[3537]: 2030-01-02T03:04:58.717194Z DEBUG gtk_status_bar::widgets: Updating client pill address=0x57c07ebdd140 title="AAAAAAAAAAAAAAAAAAAAAAAAAAAAAAAAAAAAAAAAAAAAAAAAAAAAAAAAAAAAAAAA" compact_title="AAAAAAAAAAA…" class="kitty" active=false
2030-01-02T03:04:59+00:00 machine gtk-status-bar[3537]: 2030-01-02T03:04:58.717224Z DEBUG gtk_status_bar::widgets: Creating client title pill
2030-01-02T03:04:59+00:00 machine gtk-status-bar[3537]: 2030-01-02T03:04:58.852850Z  INFO gtk_status_bar::network: Network reachability probe completed target=192.0.2.1 success=true elapsed_ms=75
2030-01-02T03:04:59+00:00 machine gtk-status-bar[3537]: 2030-01-02T03:04:58.852882Z DEBUG gtk_status_bar::network: Sent network update label="\u{f091f} 28% \u{f0ac}"
2030-01-02T03:04:59+00:00 machine gtk-status-bar[3537]: 2030-01-02T03:04:58.860173Z DEBUG gtk_status_bar::widgets: Resolved title icon from desktop application metadata class="kitty"
2030-01-02T03:04:59+00:00 machine gtk-status-bar[3537]: 2030-01-02T03:04:58.860255Z DEBUG gtk_status_bar::widgets: Updating client pill address=0x57c07ec51e80 title="0123456789012345678901234567890…89012345678901234567890123456789" compact_title="01234567890…" class="kitty" active=false
2030-01-02T03:04:59+00:00 machine gtk-status-bar[3537]: 2030-01-02T03:04:58.860281Z DEBUG gtk_status_bar::widgets: Creating client title pill
2030-01-02T03:04:59+00:00 machine gtk-status-bar[3537]: 2030-01-02T03:04:58.914152Z DEBUG gtk_status_bar::widgets: Resolved title icon from desktop application metadata class="kitty"
2030-01-02T03:04:59+00:00 machine gtk-status-bar[3537]: 2030-01-02T03:04:58.914245Z DEBUG gtk_status_bar::widgets: Updating client pill address=0x57c07fc69630 title="界🙂界🙂界🙂界🙂界🙂界🙂界🙂界🙂界🙂界🙂界🙂界🙂界🙂界🙂界🙂界…界🙂界🙂界🙂界🙂界🙂界🙂界🙂界🙂界🙂界🙂界🙂界🙂界🙂界🙂界🙂界🙂" compact_title="界🙂界🙂界🙂界🙂界🙂界…" class="kitty" active=false
2030-01-02T03:04:59+00:00 machine gtk-status-bar[3537]: 2030-01-02T03:04:58.914329Z DEBUG gtk_status_bar::widgets: Creating client title pill
2030-01-02T03:04:59+00:00 machine gtk-status-bar[3537]: 2030-01-02T03:04:58.960564Z  INFO gtk_status_bar::tray: Status notifier item registered item=":1.89/StatusNotifierItem"
2030-01-02T03:04:59+00:00 machine gtk-status-bar[3537]: 2030-01-02T03:04:58.965948Z DEBUG gtk_status_bar::widgets: Resolved title icon from desktop application metadata class="kitty"
2030-01-02T03:04:59+00:00 machine gtk-status-bar[3537]: 2030-01-02T03:04:58.966047Z DEBUG gtk_status_bar::widgets: Updating client pill address=0x57c07fdc32d0 title="Focus Left" compact_title="Focus" class="kitty" active=false
2030-01-02T03:04:59+00:00 machine gtk-status-bar[3537]: 2030-01-02T03:04:58.966072Z DEBUG gtk_status_bar::widgets: Creating client title pill
2030-01-02T03:04:59+00:00 machine gtk-status-bar[3537]: 2030-01-02T03:04:58.999191Z DEBUG gtk_status_bar::widgets: Resolved title icon from desktop application metadata class="kitty"
2030-01-02T03:04:59+00:00 machine gtk-status-bar[3537]: 2030-01-02T03:04:58.999264Z DEBUG gtk_status_bar::widgets: Updating client pill address=0x57c07fc75300 title="Focus Right" compact_title="Focus" class="kitty" active=true
2030-01-02T03:04:59+00:00 machine gtk-status-bar[3537]: 2030-01-02T03:04:58.999287Z DEBUG gtk_status_bar::widgets: Creating client title pill
2030-01-02T03:04:59+00:00 machine gtk-status-bar[3537]: 2030-01-02T03:04:59.034675Z DEBUG gtk_status_bar::widgets: Resolved title icon from desktop application metadata class="kitty"
2030-01-02T03:04:59+00:00 machine gtk-status-bar[3537]: 2030-01-02T03:04:59.034752Z DEBUG gtk_status_bar::widgets: Updating client pill address=0x57c07ecb0460 title="Close OS window" compact_title="Close" class="kitty" active=false
2030-01-02T03:04:59+00:00 machine gtk-status-bar[3537]: 2030-01-02T03:04:59.034776Z DEBUG gtk_status_bar::widgets: Creating client title pill
2030-01-02T03:04:59+00:00 machine gtk-status-bar[3537]: 2030-01-02T03:04:59.079526Z DEBUG gtk_status_bar::widgets: Resolved title icon from desktop application metadata class="kitty"
2030-01-02T03:04:59+00:00 machine gtk-status-bar[3537]: 2030-01-02T03:04:59.079607Z DEBUG gtk_status_bar::widgets: Updating client pill address=0x57c07fc14030 title="Renamed client" compact_title="Renamed" class="kitty" active=false
2030-01-02T03:04:59+00:00 machine gtk-status-bar[3537]: 2030-01-02T03:04:59.079636Z DEBUG gtk_status_bar::widgets: Creating client title pill
2030-01-02T03:04:59+00:00 machine gtk-status-bar[3537]: 2030-01-02T03:04:59.115895Z DEBUG gtk_status_bar::widgets: Resolved title icon from desktop application metadata class="kitty"
2030-01-02T03:04:59+00:00 machine gtk-status-bar[3537]: 2030-01-02T03:04:59.116089Z DEBUG gtk_status_bar::widgets: Updating battery label: 🔋 33%
2030-01-02T03:04:59+00:00 machine gtk-status-bar[3537]: 2030-01-02T03:04:59.116128Z DEBUG gtk_status_bar::widgets: 👁️  SHOWING battery widget - data: 🔋 33%
2030-01-02T03:04:59+00:00 machine gtk-status-bar[3537]: 2030-01-02T03:04:59.116194Z DEBUG gtk_status_bar::widgets: Updating Bluetooth battery label: P77
2030-01-02T03:04:59+00:00 machine gtk-status-bar[3537]: 2030-01-02T03:04:59.116222Z DEBUG gtk_status_bar::widgets: 👁️  SHOWING Bluetooth widget - data: P77
2030-01-02T03:04:59+00:00 machine gtk-status-bar[3537]: 2030-01-02T03:04:59.116284Z DEBUG gtk_status_bar::widgets: Updating network label: 󰤟 28% ?
2030-01-02T03:04:59+00:00 machine gtk-status-bar[3537]: 2030-01-02T03:04:59.116315Z DEBUG gtk_status_bar::widgets: Updating network label: 󰤟 28% ?
2030-01-02T03:04:59+00:00 machine gtk-status-bar[3537]: 2030-01-02T03:04:59.116336Z DEBUG gtk_status_bar::widgets: Updating network label: 󰤟 28% 
2030-01-02T03:04:59+00:00 machine gtk-status-bar[3537]: 2030-01-02T03:04:59.116407Z DEBUG gtk_status_bar::widgets: 📺 Skipping GUI update - no volume data available
2030-01-02T03:04:59+00:00 machine gtk-status-bar[3537]: 2030-01-02T03:04:59.116439Z DEBUG gtk_status_bar::widgets: 📺 GTK UI updated via ASYNC: 🔊D100
2030-01-02T03:04:59+00:00 machine gtk-status-bar[3537]: 2030-01-02T03:04:59.116678Z DEBUG gtk_status_bar::widgets: Updating time label:  3:04 AM
2030-01-02T03:04:59+00:00 machine gtk-status-bar[3537]: 2030-01-02T03:04:59.131240Z  INFO gtk_status_bar::widgets: Added system tray item item=":1.89/StatusNotifierItem"
2030-01-02T03:04:59+00:00 machine gtk-status-bar[3537]: 2030-01-02T03:04:59.169174Z DEBUG gtk_status_bar::widgets: Pinning bar height to font-derived line height char_height=18 multiplier=1.4 pinned=25
2030-01-02T03:04:59+00:00 machine gtk-status-bar[3537]: 2030-01-02T03:04:59.365305Z  INFO gtk_status_bar::network: Network reachability probe completed target=192.0.2.1 success=true elapsed_ms=23
2030-01-02T03:04:59+00:00 machine gtk-status-bar[3537]: 2030-01-02T03:04:59.365346Z DEBUG gtk_status_bar::network: Sent network update label="\u{f091f} 28% \u{f0ac}"
2030-01-02T03:04:59+00:00 machine gtk-status-bar[3537]: 2030-01-02T03:04:59.365842Z DEBUG gtk_status_bar::widgets: Updating network label: 󰤟 28% 
2030-01-02T03:05:00+00:00 machine gtk-status-bar[3537]: 2030-01-02T03:05:00.001165Z DEBUG gtk_status_bar::widgets: Updating time label:  3:05 AM
2030-01-02T03:05:00+00:00 machine gtk-status-bar[3537]: 2030-01-02T03:05:00.027129Z  INFO gtk_status_bar::network: Network reachability probe completed target=198.51.100.1 success=false elapsed_ms=26
2030-01-02T03:05:00+00:00 machine gtk-status-bar[3537]: 2030-01-02T03:05:00.029036Z DEBUG gtk_status_bar::network: Sent network update label="\u{f091f} 28% \u{f0ac}"
2030-01-02T03:05:00+00:00 machine gtk-status-bar[3537]: 2030-01-02T03:05:00.031143Z DEBUG gtk_status_bar::widgets: Updating network label: 󰤟 28% 
2030-01-02T11:58:30+00:00 machine gtk-status-bar[3537]: 2030-01-02T11:58:30.235462Z  INFO gtk_status_bar::tray: Status notifier item registered item=":1.90/org/blueman/sni"
2030-01-02T11:58:30+00:00 machine gtk-status-bar[3537]: 2030-01-02T11:58:30.261444Z DEBUG gtk_status_bar::tray: Tray item property is unavailable property="IconPixmap" error=org.freedesktop.DBus.Error.InvalidArgs: No such property “IconPixmap”
2030-01-02T11:58:30+00:00 machine gtk-status-bar[3537]: 2030-01-02T11:58:30.270362Z DEBUG gtk_status_bar::tray: Tray item property is unavailable property="IconThemePath" error=org.freedesktop.DBus.Error.InvalidArgs: No such property “IconThemePath”
2030-01-02T11:58:30+00:00 machine gtk-status-bar[3537]: 2030-01-02T11:58:30.281722Z  INFO gtk_status_bar::widgets: Added system tray item item=":1.90/org/blueman/sni"
2030-01-02T11:58:30+00:00 machine gtk-status-bar[3537]: 2030-01-02T11:58:30.354244Z DEBUG gtk_status_bar::widgets: Updating time label: 11:58 AM
2030-01-02T11:58:31+00:00 machine gtk-status-bar[3537]: 2030-01-02T11:58:31.001355Z DEBUG gtk_status_bar::widgets: Updating time label: 11:58 AM
2030-01-02T11:58:31+00:00 machine gtk-status-bar[3537]: 2030-01-02T11:58:31.138923Z  INFO gtk_status_bar::network: Network reachability probe completed target=198.51.100.1 success=false elapsed_ms=11
2030-01-02T11:58:31+00:00 machine gtk-status-bar[3537]: 2030-01-02T11:58:31.138970Z DEBUG gtk_status_bar::network: Sent network update label="\u{f091f} 28% \u{f0ac}"
2030-01-02T11:58:31+00:00 machine gtk-status-bar[3537]: 2030-01-02T11:58:31.147991Z DEBUG gtk_status_bar::widgets: Updating network label: 󰤟 28% 
2030-01-02T11:58:31+00:00 machine gtk-status-bar[3537]: 2030-01-02T11:58:31.778013Z  INFO gtk_status_bar::network: Network reachability probe completed target=192.0.2.1 success=true elapsed_ms=10
2030-01-02T11:58:31+00:00 machine gtk-status-bar[3537]: 2030-01-02T11:58:31.778057Z DEBUG gtk_status_bar::network: Sent network update label="\u{f091f} 28% \u{f0ac}"
2030-01-02T11:58:31+00:00 machine gtk-status-bar[3537]: 2030-01-02T11:58:31.778199Z DEBUG gtk_status_bar::widgets: Updating network label: 󰤟 28% 
2030-01-02T11:58:32+00:00 machine gtk-status-bar[3537]: 2030-01-02T11:58:32.000791Z DEBUG gtk_status_bar::widgets: Updating time label: 11:58 AM
2030-01-02T11:58:32+00:00 machine gtk-status-bar[3537]: 2030-01-02T11:58:32.118025Z  INFO gtk_status_bar::tray: Status notifier item registered item=":1.92/StatusNotifierItem"
2030-01-02T11:58:32+00:00 machine gtk-status-bar[3537]: 2030-01-02T11:58:32.140076Z  INFO gtk_status_bar::widgets: Added system tray item item=":1.92/StatusNotifierItem"
2030-01-02T11:58:33+00:00 machine gtk-status-bar[3537]: 2030-01-02T11:58:33.002039Z DEBUG gtk_status_bar::widgets: Updating time label: 11:58 AM
2030-01-02T11:58:33+00:00 machine gtk-status-bar[3537]: 2030-01-02T11:58:33.739489Z  INFO gtk_status_bar::network: Network reachability probe completed target=192.0.2.1 success=true elapsed_ms=12
2030-01-02T11:58:33+00:00 machine gtk-status-bar[3537]: 2030-01-02T11:58:33.739613Z DEBUG gtk_status_bar::network: Sent network update label="\u{f091f} 28% \u{f0ac}"
2030-01-02T11:58:33+00:00 machine gtk-status-bar[3537]: 2030-01-02T11:58:33.739930Z DEBUG gtk_status_bar::widgets: Updating network label: 󰤟 28% 
2030-01-02T11:58:33+00:00 machine gtk-status-bar[3537]: 2030-01-02T11:58:33.805731Z  INFO gtk_status_bar::network: Network reachability probe completed target=198.51.100.1 success=false elapsed_ms=15
2030-01-02T11:58:33+00:00 machine gtk-status-bar[3537]: 2030-01-02T11:58:33.805780Z DEBUG gtk_status_bar::network: Sent network update label="\u{f091f} 28% \u{f0ac}"
2030-01-02T11:58:33+00:00 machine gtk-status-bar[3537]: 2030-01-02T11:58:33.820094Z DEBUG gtk_status_bar::widgets: Updating network label: 󰤟 28% 
2030-01-02T11:58:34+00:00 machine gtk-status-bar[3537]: 2030-01-02T11:58:34.001510Z DEBUG gtk_status_bar::widgets: Updating time label: 11:58 AM
2030-01-02T11:58:34+00:00 machine gtk-status-bar[3537]: 2030-01-02T11:58:34.378927Z  INFO gtk_status_bar::network: Network reachability probe completed target=198.51.100.1 success=false elapsed_ms=10
2030-01-02T11:58:34+00:00 machine gtk-status-bar[3537]: 2030-01-02T11:58:34.378982Z DEBUG gtk_status_bar::network: Sent network update label="\u{f091f} 28% \u{f0ac}"
2030-01-02T11:58:34+00:00 machine gtk-status-bar[3537]: 2030-01-02T11:58:34.379136Z DEBUG gtk_status_bar::widgets: Updating network label: 󰤟 28% 
2030-01-02T11:58:34+00:00 machine gtk-status-bar[3537]: 2030-01-02T11:58:34.702337Z  INFO gtk_status_bar::network: Network reachability probe completed target=192.0.2.1 success=true elapsed_ms=12
2030-01-02T11:58:34+00:00 machine gtk-status-bar[3537]: 2030-01-02T11:58:34.702397Z DEBUG gtk_status_bar::network: Sent network update label="\u{f091f} 28% \u{f0ac}"
2030-01-02T11:58:34+00:00 machine gtk-status-bar[3537]: 2030-01-02T11:58:34.702740Z DEBUG gtk_status_bar::widgets: Updating network label: 󰤟 28% 
2030-01-02T11:58:34+00:00 machine gtk-status-bar[3537]: 2030-01-02T11:58:34.834792Z DEBUG gtk_status_bar::pw: 🚫 Skipping metadata '' (props: Some(DictRef { flags: Flags(0x0), entries: {"object.serial": "93", "module.id": "2", "pipewire.protocol": "protocol-native", "pipewire.sec.pid": "1408", "pipewire.sec.uid": "1000", "pipewire.sec.gid": "100", "pipewire.sec.socket": "pipewire-0", "application.name": "Blueman", "pipewire.access": "unrestricted"} }))
2030-01-02T11:58:34+00:00 machine gtk-status-bar[3537]: 2030-01-02T11:58:34.961433Z  INFO gtk_status_bar::network: Network reachability probe completed target=192.0.2.1 success=true elapsed_ms=13
2030-01-02T11:58:34+00:00 machine gtk-status-bar[3537]: 2030-01-02T11:58:34.961480Z DEBUG gtk_status_bar::network: Sent network update label="\u{f091f} 28% \u{f0ac}"
2030-01-02T11:58:34+00:00 machine gtk-status-bar[3537]: 2030-01-02T11:58:34.961749Z DEBUG gtk_status_bar::widgets: Updating network label: 󰤟 28% 
2030-01-02T11:58:35+00:00 machine gtk-status-bar[3537]: 2030-01-02T11:58:35.002023Z DEBUG gtk_status_bar::widgets: Updating time label: 11:58 AM
2030-01-02T11:58:36+00:00 machine gtk-status-bar[3537]: 2030-01-02T11:58:36.001774Z DEBUG gtk_status_bar::widgets: Updating time label: 11:58 AM
2030-01-02T11:58:36+00:00 machine gtk-status-bar[3537]: 2030-01-02T11:58:36.957105Z  INFO gtk_status_bar::network: Network reachability probe completed target=198.51.100.1 success=false elapsed_ms=11
2030-01-02T11:58:36+00:00 machine gtk-status-bar[3537]: 2030-01-02T11:58:36.957158Z DEBUG gtk_status_bar::network: Sent network update label="\u{f091f} 28% \u{f0ac}"
2030-01-02T11:58:36+00:00 machine gtk-status-bar[3537]: 2030-01-02T11:58:36.957316Z DEBUG gtk_status_bar::widgets: Updating network label: 󰤟 28% 
2030-01-02T11:58:37+00:00 machine gtk-status-bar[3537]: 2030-01-02T11:58:37.001142Z DEBUG gtk_status_bar::widgets: Updating time label: 11:58 AM
2030-01-02T11:58:37+00:00 machine gtk-status-bar[3537]: 2030-01-02T11:58:37.308930Z  INFO gtk_status_bar::tray: Status notifier item disappeared item=":1.90/org/blueman/sni"
2030-01-02T11:58:37+00:00 machine gtk-status-bar[3537]: 2030-01-02T11:58:37.316740Z  INFO gtk_status_bar::widgets: Removed system tray item item=":1.90/org/blueman/sni"
2030-01-02T11:58:38+00:00 machine gtk-status-bar[3537]: 2030-01-02T11:58:38.000786Z DEBUG gtk_status_bar::widgets: Updating time label: 11:58 AM
2030-01-02T11:58:38+00:00 machine gtk-status-bar[3537]: 2030-01-02T11:58:38.098961Z  INFO gtk_status_bar::network: Network reachability probe completed target=192.0.2.1 success=true elapsed_ms=10
2030-01-02T11:58:38+00:00 machine gtk-status-bar[3537]: 2030-01-02T11:58:38.099006Z DEBUG gtk_status_bar::network: Sent network update label="\u{f091f} 28% \u{f0ac}"
2030-01-02T11:58:38+00:00 machine gtk-status-bar[3537]: 2030-01-02T11:58:38.099238Z DEBUG gtk_status_bar::widgets: Updating network label: 󰤟 28% 
2030-01-02T11:58:38+00:00 machine gtk-status-bar[3537]: 2030-01-02T11:58:38.271514Z  INFO gtk_status_bar::tray: Status notifier item registered item=":1.96/org/blueman/sni"
2030-01-02T11:58:38+00:00 machine gtk-status-bar[3537]: 2030-01-02T11:58:38.290519Z DEBUG gtk_status_bar::tray: Tray item property is unavailable property="IconPixmap" error=org.freedesktop.DBus.Error.InvalidArgs: No such property “IconPixmap”
2030-01-02T11:58:38+00:00 machine gtk-status-bar[3537]: 2030-01-02T11:58:38.291633Z DEBUG gtk_status_bar::tray: Tray item property is unavailable property="IconThemePath" error=org.freedesktop.DBus.Error.InvalidArgs: No such property “IconThemePath”
2030-01-02T11:58:38+00:00 machine gtk-status-bar[3537]: 2030-01-02T11:58:38.298307Z  INFO gtk_status_bar::widgets: Added system tray item item=":1.96/org/blueman/sni"
2030-01-02T11:58:39+00:00 machine gtk-status-bar[3537]: 2030-01-02T11:58:39.002386Z DEBUG gtk_status_bar::widgets: Updating time label: 11:58 AM
2030-01-02T11:58:39+00:00 machine gtk-status-bar[3537]: 2030-01-02T11:58:39.945632Z  INFO gtk_status_bar::network: Network reachability probe completed target=198.51.100.1 success=false elapsed_ms=12
2030-01-02T11:58:39+00:00 machine gtk-status-bar[3537]: 2030-01-02T11:58:39.945683Z DEBUG gtk_status_bar::network: Sent network update label="\u{f091f} 28% \u{f0ac}"
2030-01-02T11:58:39+00:00 machine gtk-status-bar[3537]: 2030-01-02T11:58:39.957433Z DEBUG gtk_status_bar::widgets: Updating network label: 󰤟 28% 
2030-01-02T11:58:40+00:00 machine gtk-status-bar[3537]: 2030-01-02T11:58:40.001785Z DEBUG gtk_status_bar::widgets: Updating time label: 11:58 AM
2030-01-02T11:58:40+00:00 machine gtk-status-bar[3537]: 2030-01-02T11:58:40.296840Z  INFO gtk_status_bar::network: Network reachability probe completed target=198.51.100.1 success=false elapsed_ms=17
2030-01-02T11:58:40+00:00 machine gtk-status-bar[3537]: 2030-01-02T11:58:40.296896Z DEBUG gtk_status_bar::network: Sent network update label="\u{f091f} 28% \u{f0ac}"
2030-01-02T11:58:40+00:00 machine gtk-status-bar[3537]: 2030-01-02T11:58:40.297113Z DEBUG gtk_status_bar::widgets: Updating network label: 󰤟 28% 
2030-01-02T11:58:40+00:00 machine gtk-status-bar[3537]: 2030-01-02T11:58:40.751904Z  INFO gtk_status_bar::network: Network reachability probe completed target=192.0.2.1 success=true elapsed_ms=13
2030-01-02T11:58:40+00:00 machine gtk-status-bar[3537]: 2030-01-02T11:58:40.751954Z DEBUG gtk_status_bar::network: Sent network update label="\u{f091f} 28% \u{f0ac}"
2030-01-02T11:58:40+00:00 machine gtk-status-bar[3537]: 2030-01-02T11:58:40.752136Z DEBUG gtk_status_bar::widgets: Updating network label: 󰤟 28% 
2030-01-02T11:58:41+00:00 machine gtk-status-bar[3537]: 2030-01-02T11:58:41.001363Z DEBUG gtk_status_bar::widgets: Updating time label: 11:58 AM
2030-01-02T11:58:41+00:00 machine gtk-status-bar[3537]: 2030-01-02T11:58:41.238748Z  INFO gtk_status_bar::network: Network reachability probe completed target=198.51.100.1 success=false elapsed_ms=12
2030-01-02T11:58:41+00:00 machine gtk-status-bar[3537]: 2030-01-02T11:58:41.238801Z DEBUG gtk_status_bar::network: Sent network update label="\u{f091f} 28% \u{f0ac}"
2030-01-02T11:58:41+00:00 machine gtk-status-bar[3537]: 2030-01-02T11:58:41.238975Z DEBUG gtk_status_bar::widgets: Updating network label: 󰤟 28% 
2030-01-02T11:58:41+00:00 machine gtk-status-bar[3537]: 2030-01-02T11:58:41.396959Z  INFO gtk_status_bar::network: Network reachability probe completed target=192.0.2.1 success=true elapsed_ms=20
2030-01-02T11:58:41+00:00 machine gtk-status-bar[3537]: 2030-01-02T11:58:41.397010Z DEBUG gtk_status_bar::network: Sent network update label="\u{f091f} 28% \u{f0ac}"
2030-01-02T11:58:41+00:00 machine gtk-status-bar[3537]: 2030-01-02T11:58:41.397188Z DEBUG gtk_status_bar::widgets: Updating network label: 󰤟 28% 
2030-01-02T11:58:41+00:00 machine gtk-status-bar[3537]: 2030-01-02T11:58:41.640122Z DEBUG gtk_status_bar::hypr: Window title changed address=0x57c07ec5f330 title="Claude"
2030-01-02T11:58:41+00:00 machine gtk-status-bar[3537]: 2030-01-02T11:58:41.642336Z DEBUG gtk_status_bar::hypr: Refreshing current workspace clients reason="title-changed" workspace_id=2 client_count=8 active_address="0x57c07fc75300"
2030-01-02T11:58:41+00:00 machine gtk-status-bar[3537]: 2030-01-02T11:58:41.642972Z DEBUG gtk_status_bar::widgets: Updating workspace client strip workspace_id=2 client_count=8
2030-01-02T11:58:41+00:00 machine gtk-status-bar[3537]: 2030-01-02T11:58:41.643199Z DEBUG gtk_status_bar::widgets: Updating client pill address=0x57c07edca530 title="hello" compact_title="hello" class="kitty" active=false
2030-01-02T11:58:41+00:00 machine gtk-status-bar[3537]: 2030-01-02T11:58:41.643254Z DEBUG gtk_status_bar::widgets: Updating client pill address=0x57c07ebdd140 title="AAAAAAAAAAAAAAAAAAAAAAAAAAAAAAAAAAAAAAAAAAAAAAAAAAAAAAAAAAAAAAAA" compact_title="AAAAAAAAAAA…" class="kitty" active=false
2030-01-02T11:58:41+00:00 machine gtk-status-bar[3537]: 2030-01-02T11:58:41.643293Z DEBUG gtk_status_bar::widgets: Updating client pill address=0x57c07ec51e80 title="0123456789012345678901234567890…89012345678901234567890123456789" compact_title="01234567890…" class="kitty" active=false
2030-01-02T11:58:41+00:00 machine gtk-status-bar[3537]: 2030-01-02T11:58:41.643332Z DEBUG gtk_status_bar::widgets: Updating client pill address=0x57c07fc69630 title="界🙂界🙂界🙂界🙂界🙂界🙂界🙂界🙂界🙂界🙂界🙂界🙂界🙂界🙂界🙂界…界🙂界🙂界🙂界🙂界🙂界🙂界🙂界🙂界🙂界🙂界🙂界🙂界🙂界🙂界🙂界🙂" compact_title="界🙂界🙂界🙂界🙂界🙂界…" class="kitty" active=false
2030-01-02T11:58:41+00:00 machine gtk-status-bar[3537]: 2030-01-02T11:58:41.643408Z DEBUG gtk_status_bar::widgets: Updating client pill address=0x57c07fdc32d0 title="Focus Left" compact_title="Focus" class="kitty" active=false
2030-01-02T11:58:41+00:00 machine gtk-status-bar[3537]: 2030-01-02T11:58:41.643444Z DEBUG gtk_status_bar::widgets: Updating client pill address=0x57c07fc75300 title="Focus Right" compact_title="Focus" class="kitty" active=true
2030-01-02T11:58:41+00:00 machine gtk-status-bar[3537]: 2030-01-02T11:58:41.643479Z DEBUG gtk_status_bar::widgets: Updating client pill address=0x57c07ecb0460 title="Close OS window" compact_title="Close" class="kitty" active=false
2030-01-02T11:58:41+00:00 machine gtk-status-bar[3537]: 2030-01-02T11:58:41.643515Z DEBUG gtk_status_bar::widgets: Updating client pill address=0x57c07fc14030 title="Renamed client" compact_title="Renamed" class="kitty" active=false
2030-01-02T11:58:42+00:00 machine gtk-status-bar[3537]: 2030-01-02T11:58:42.002328Z DEBUG gtk_status_bar::widgets: Updating time label: 11:58 AM
2030-01-02T11:58:42+00:00 machine gtk-status-bar[3537]: 2030-01-02T11:58:42.110187Z  INFO gtk_status_bar::tray: Status notifier item registered item=":1.99/StatusNotifierItem"
2030-01-02T11:58:42+00:00 machine gtk-status-bar[3537]: 2030-01-02T11:58:42.217055Z DEBUG gtk_status_bar::tray: Tray item property is unavailable property="IconName" error=org.freedesktop.DBus.Error.Failed: error occurred in Get
2030-01-02T11:58:42+00:00 machine gtk-status-bar[3537]: 2030-01-02T11:58:42.245779Z  INFO gtk_status_bar::network: Network reachability probe completed target=192.0.2.1 success=true elapsed_ms=11
2030-01-02T11:58:42+00:00 machine gtk-status-bar[3537]: 2030-01-02T11:58:42.245835Z DEBUG gtk_status_bar::network: Sent network update label="\u{f091f} 28% \u{f0ac}"
2030-01-02T11:58:42+00:00 machine gtk-status-bar[3537]: 2030-01-02T11:58:42.248507Z DEBUG gtk_status_bar::widgets: Updating network label: 󰤟 28% 
2030-01-02T11:58:42+00:00 machine gtk-status-bar[3537]: 2030-01-02T11:58:42.262215Z DEBUG gtk_status_bar::tray: Tray item property is unavailable property="IconThemePath" error=org.freedesktop.DBus.Error.Failed: error occurred in Get
2030-01-02T11:58:42+00:00 machine gtk-status-bar[3537]: 2030-01-02T11:58:42.263513Z  INFO gtk_status_bar::widgets: Added system tray item item=":1.99/StatusNotifierItem"
2030-01-02T11:58:42+00:00 machine gtk-status-bar[3537]: 2030-01-02T11:58:42.466235Z DEBUG gtk_status_bar::tray: Tray backend received command item=":1.89/StatusNotifierItem" action=ContextMenu { request_id: 1, keyboard_grab: false } x=1322 y=11
2030-01-02T11:58:42+00:00 machine gtk-status-bar[3537]: 2030-01-02T11:58:42.472075Z DEBUG gtk_status_bar::tray: dbusmenu GetLayout reply decoded item=":1.89/StatusNotifierItem" fields=2
2030-01-02T11:58:42+00:00 machine gtk-status-bar[3537]: 2030-01-02T11:58:42.472121Z DEBUG gtk_status_bar::tray: dbusmenu layout parsed item=":1.89/StatusNotifierItem" count=5
2030-01-02T11:58:42+00:00 machine gtk-status-bar[3537]: 2030-01-02T11:58:42.473067Z DEBUG gtk_status_bar::widgets: Tray menu entry labels item=":1.89/StatusNotifierItem" labels=[Some("Keyboard - English (US)"), None, Some("Restart"), Some("Input Method Settings"), Some("Exit")]
2030-01-02T11:58:42+00:00 machine gtk-status-bar[3537]: 2030-01-02T11:58:42.473429Z DEBUG gtk_status_bar::widgets: Presenting tray menu item=":1.89/StatusNotifierItem" entries=5 keyboard_grab=false
2030-01-02T11:58:42+00:00 machine gtk-status-bar[3537]: 2030-01-02T11:58:42.540772Z  INFO gtk_status_bar::network: Network reachability probe completed target=198.51.100.1 success=false elapsed_ms=14
2030-01-02T11:58:42+00:00 machine gtk-status-bar[3537]: 2030-01-02T11:58:42.540826Z DEBUG gtk_status_bar::network: Sent network update label="\u{f091f} 28% \u{f0ac}"
2030-01-02T11:58:42+00:00 machine gtk-status-bar[3537]: 2030-01-02T11:58:42.540955Z DEBUG gtk_status_bar::widgets: Updating network label: 󰤟 28% 
2030-01-02T11:58:42+00:00 machine gtk-status-bar[3537]: 2030-01-02T11:58:42.710711Z DEBUG gtk_status_bar::hypr: Window opened window=WindowOpenEvent { window_address: Address("0x57c07ec5f330"), workspace_name: "i", window_class: "claude-desktop", window_title: "Claude" }
2030-01-02T11:58:43+00:00 machine gtk-status-bar[3537]: 2030-01-02T11:58:43.000826Z DEBUG gtk_status_bar::widgets: Updating time label: 11:58 AM
2030-01-02T11:58:43+00:00 machine gtk-status-bar[3537]: 2030-01-02T11:58:43.116658Z  INFO gtk_status_bar::network: Network reachability probe completed target=192.0.2.1 success=true elapsed_ms=9
2030-01-02T11:58:43+00:00 machine gtk-status-bar[3537]: 2030-01-02T11:58:43.116712Z DEBUG gtk_status_bar::network: Sent network update label="\u{f091f} 28% \u{f0ac}"
2030-01-02T11:58:43+00:00 machine gtk-status-bar[3537]: 2030-01-02T11:58:43.116877Z DEBUG gtk_status_bar::widgets: Updating network label: 󰤟 28% 
2030-01-02T11:58:43+00:00 machine gtk-status-bar[3537]: 2030-01-02T11:58:43.178952Z  INFO gtk_status_bar::network: Network reachability probe completed target=198.51.100.1 success=false elapsed_ms=10
2030-01-02T11:58:43+00:00 machine gtk-status-bar[3537]: 2030-01-02T11:58:43.179054Z DEBUG gtk_status_bar::network: Sent network update label="\u{f091f} 28% \u{f0ac}"
2030-01-02T11:58:43+00:00 machine gtk-status-bar[3537]: 2030-01-02T11:58:43.187978Z DEBUG gtk_status_bar::widgets: Updating network label: 󰤟 28% 
2030-01-02T11:58:43+00:00 machine gtk-status-bar[3537]: 2030-01-02T11:58:43.346187Z  INFO gtk_status_bar::network: Network reachability probe completed target=192.0.2.1 success=true elapsed_ms=14
2030-01-02T11:58:43+00:00 machine gtk-status-bar[3537]: 2030-01-02T11:58:43.352164Z DEBUG gtk_status_bar::network: Sent network update label="\u{f091f} 28% \u{f0ac}"
2030-01-02T11:58:43+00:00 machine gtk-status-bar[3537]: 2030-01-02T11:58:43.352881Z DEBUG gtk_status_bar::widgets: Updating network label: 󰤟 28% 
2030-01-02T11:58:43+00:00 machine gtk-status-bar[3537]: 2030-01-02T11:58:43.535497Z DEBUG gtk_status_bar::hypr: Refreshing current workspace clients reason="window-opened" workspace_id=2 client_count=9 active_address="0x57c07ec5f330"
2030-01-02T11:58:43+00:00 machine gtk-status-bar[3537]: 2030-01-02T11:58:43.535660Z DEBUG gtk_status_bar::hypr: Active window changed window=Some(WindowEventData { class: "claude-desktop", title: "Claude", address: Address("0x57c07ec5f330") })
2030-01-02T11:58:43+00:00 machine gtk-status-bar[3537]: 2030-01-02T11:58:43.536134Z DEBUG gtk_status_bar::widgets: Updating workspace client strip workspace_id=2 client_count=9
2030-01-02T11:58:43+00:00 machine gtk-status-bar[3537]: 2030-01-02T11:58:43.553105Z DEBUG gtk_status_bar::widgets: Updating client pill address=0x57c07edca530 title="hello" compact_title="hello" class="kitty" active=false
2030-01-02T11:58:43+00:00 machine gtk-status-bar[3537]: 2030-01-02T11:58:43.553201Z DEBUG gtk_status_bar::widgets: Updating client pill address=0x57c07ebdd140 title="AAAAAAAAAAAAAAAAAAAAAAAAAAAAAAAAAAAAAAAAAAAAAAAAAAAAAAAAAAAAAAAA" compact_title="AAAAAAAAAAA…" class="kitty" active=false
2030-01-02T11:58:43+00:00 machine gtk-status-bar[3537]: 2030-01-02T11:58:43.553248Z DEBUG gtk_status_bar::widgets: Updating client pill address=0x57c07ec51e80 title="0123456789012345678901234567890…89012345678901234567890123456789" compact_title="01234567890…" class="kitty" active=false
2030-01-02T11:58:43+00:00 machine gtk-status-bar[3537]: 2030-01-02T11:58:43.553293Z DEBUG gtk_status_bar::widgets: Updating client pill address=0x57c07fc69630 title="界🙂界🙂界🙂界🙂界🙂界🙂界🙂界🙂界🙂界🙂界🙂界🙂界🙂界🙂界🙂界…界🙂界🙂界🙂界🙂界🙂界🙂界🙂界🙂界🙂界🙂界🙂界🙂界🙂界🙂界🙂界🙂" compact_title="界🙂界🙂界🙂界🙂界🙂界…" class="kitty" active=false
2030-01-02T11:58:43+00:00 machine gtk-status-bar[3537]: 2030-01-02T11:58:43.553384Z DEBUG gtk_status_bar::widgets: Updating client pill address=0x57c07fdc32d0 title="Focus Left" compact_title="Focus" class="kitty" active=false
2030-01-02T11:58:43+00:00 machine gtk-status-bar[3537]: 2030-01-02T11:58:43.553423Z DEBUG gtk_status_bar::widgets: Updating client pill address=0x57c07fc75300 title="Focus Right" compact_title="Focus" class="kitty" active=false
2030-01-02T11:58:43+00:00 machine gtk-status-bar[3537]: 2030-01-02T11:58:43.553467Z DEBUG gtk_status_bar::widgets: Updating client pill address=0x57c07ecb0460 title="Close OS window" compact_title="Close" class="kitty" active=false
2030-01-02T11:58:43+00:00 machine gtk-status-bar[3537]: 2030-01-02T11:58:43.553506Z DEBUG gtk_status_bar::widgets: Updating client pill address=0x57c07fc14030 title="Renamed client" compact_title="Renamed" class="kitty" active=false
2030-01-02T11:58:43+00:00 machine gtk-status-bar[3537]: 2030-01-02T11:58:43.553607Z DEBUG gtk_status_bar::widgets: Updating client pill address=0x57c07ec5f330 title="Claude" compact_title="Claude" class="claude-desktop" active=true
2030-01-02T11:58:43+00:00 machine gtk-status-bar[3537]: 2030-01-02T11:58:43.553636Z DEBUG gtk_status_bar::widgets: Creating client title pill
2030-01-02T11:58:43+00:00 machine gtk-status-bar[3537]: 2030-01-02T11:58:43.578792Z DEBUG gtk_status_bar::hypr: Refreshing current workspace clients reason="active-window-changed" workspace_id=2 client_count=9 active_address="0x57c07ec5f330"
2030-01-02T11:58:43+00:00 machine gtk-status-bar[3537]: 2030-01-02T11:58:43.658405Z DEBUG gtk_status_bar::widgets: Resolved title icon from desktop application metadata class="claude-desktop"
2030-01-02T11:58:43+00:00 machine gtk-status-bar[3537]: 2030-01-02T11:58:43.658493Z DEBUG gtk_status_bar::widgets: Updating workspace client strip workspace_id=2 client_count=9
2030-01-02T11:58:43+00:00 machine gtk-status-bar[3537]: 2030-01-02T11:58:43.658683Z DEBUG gtk_status_bar::widgets: Updating client pill address=0x57c07edca530 title="hello" compact_title="hello" class="kitty" active=false
2030-01-02T11:58:43+00:00 machine gtk-status-bar[3537]: 2030-01-02T11:58:43.658727Z DEBUG gtk_status_bar::widgets: Updating client pill address=0x57c07ebdd140 title="AAAAAAAAAAAAAAAAAAAAAAAAAAAAAAAAAAAAAAAAAAAAAAAAAAAAAAAAAAAAAAAA" compact_title="AAAAAAAAAAA…" class="kitty" active=false
2030-01-02T11:58:43+00:00 machine gtk-status-bar[3537]: 2030-01-02T11:58:43.658765Z DEBUG gtk_status_bar::widgets: Updating client pill address=0x57c07ec51e80 title="0123456789012345678901234567890…89012345678901234567890123456789" compact_title="01234567890…" class="kitty" active=false
2030-01-02T11:58:43+00:00 machine gtk-status-bar[3537]: 2030-01-02T11:58:43.658808Z DEBUG gtk_status_bar::widgets: Updating client pill address=0x57c07fc69630 title="界🙂界🙂界🙂界🙂界🙂界🙂界🙂界🙂界🙂界🙂界🙂界🙂界🙂界🙂界🙂界…界🙂界🙂界🙂界🙂界🙂界🙂界🙂界🙂界🙂界🙂界🙂界🙂界🙂界🙂界🙂界🙂" compact_title="界🙂界🙂界🙂界🙂界🙂界…" class="kitty" active=false
2030-01-02T11:58:43+00:00 machine gtk-status-bar[3537]: 2030-01-02T11:58:43.658881Z DEBUG gtk_status_bar::widgets: Updating client pill address=0x57c07fdc32d0 title="Focus Left" compact_title="Focus" class="kitty" active=false
2030-01-02T11:58:43+00:00 machine gtk-status-bar[3537]: 2030-01-02T11:58:43.658913Z DEBUG gtk_status_bar::widgets: Updating client pill address=0x57c07fc75300 title="Focus Right" compact_title="Focus" class="kitty" active=false
2030-01-02T11:58:43+00:00 machine gtk-status-bar[3537]: 2030-01-02T11:58:43.658945Z DEBUG gtk_status_bar::widgets: Updating client pill address=0x57c07ecb0460 title="Close OS window" compact_title="Close" class="kitty" active=false
2030-01-02T11:58:43+00:00 machine gtk-status-bar[3537]: 2030-01-02T11:58:43.658978Z DEBUG gtk_status_bar::widgets: Updating client pill address=0x57c07fc14030 title="Renamed client" compact_title="Renamed" class="kitty" active=false
2030-01-02T11:58:43+00:00 machine gtk-status-bar[3537]: 2030-01-02T11:58:43.659010Z DEBUG gtk_status_bar::widgets: Updating client pill address=0x57c07ec5f330 title="Claude" compact_title="Claude" class="claude-desktop" active=true
2030-01-02T11:58:44+00:00 machine gtk-status-bar[3537]: 2030-01-02T11:58:44.002396Z DEBUG gtk_status_bar::widgets: Updating time label: 11:58 AM
2030-01-02T11:58:44+00:00 machine gtk-status-bar[3537]: 2030-01-02T11:58:44.783800Z  INFO gtk_status_bar::network: Network reachability probe completed target=198.51.100.1 success=false elapsed_ms=18
2030-01-02T11:58:44+00:00 machine gtk-status-bar[3537]: 2030-01-02T11:58:44.783859Z DEBUG gtk_status_bar::network: Sent network update label="\u{f091f} 28% \u{f0ac}"
2030-01-02T11:58:44+00:00 machine gtk-status-bar[3537]: 2030-01-02T11:58:44.784046Z DEBUG gtk_status_bar::widgets: Updating network label: 󰤟 28% 
2030-01-02T11:58:45+00:00 machine gtk-status-bar[3537]: 2030-01-02T11:58:45.001035Z DEBUG gtk_status_bar::widgets: Updating time label: 11:58 AM
2030-01-02T11:58:45+00:00 machine gtk-status-bar[3537]: 2030-01-02T11:58:45.911268Z  INFO gtk_status_bar::network: Network reachability probe completed target=198.51.100.1 success=false elapsed_ms=17
2030-01-02T11:58:45+00:00 machine gtk-status-bar[3537]: 2030-01-02T11:58:45.911318Z DEBUG gtk_status_bar::network: Sent network update label="\u{f091f} 28% \u{f0ac}"
2030-01-02T11:58:45+00:00 machine gtk-status-bar[3537]: 2030-01-02T11:58:45.911498Z DEBUG gtk_status_bar::widgets: Updating network label: 󰤟 28% 
2030-01-02T11:58:46+00:00 machine gtk-status-bar[3537]: 2030-01-02T11:58:46.001656Z DEBUG gtk_status_bar::widgets: Updating time label: 11:58 AM
2030-01-02T11:58:46+00:00 machine gtk-status-bar[3537]: 2030-01-02T11:58:46.100304Z  INFO gtk_status_bar::network: Network reachability probe completed target=192.0.2.1 success=true elapsed_ms=19
2030-01-02T11:58:46+00:00 machine gtk-status-bar[3537]: 2030-01-02T11:58:46.100351Z DEBUG gtk_status_bar::network: Sent network update label="\u{f091f} 28% \u{f0ac}"
2030-01-02T11:58:46+00:00 machine gtk-status-bar[3537]: 2030-01-02T11:58:46.100531Z DEBUG gtk_status_bar::widgets: Updating network label: 󰤟 28% 
2030-01-02T11:58:46+00:00 machine gtk-status-bar[3537]: 2030-01-02T11:58:46.166406Z  INFO gtk_status_bar::network: Network reachability probe completed target=192.0.2.1 success=true elapsed_ms=14
2030-01-02T11:58:46+00:00 machine gtk-status-bar[3537]: 2030-01-02T11:58:46.166487Z DEBUG gtk_status_bar::network: Sent network update label="\u{f091f} 28% \u{f0ac}"
2030-01-02T11:58:46+00:00 machine gtk-status-bar[3537]: 2030-01-02T11:58:46.166731Z DEBUG gtk_status_bar::widgets: Updating network label: 󰤟 28% 
2030-01-02T11:58:46+00:00 machine gtk-status-bar[3537]: 2030-01-02T11:58:46.581620Z  INFO gtk_status_bar::network: Network reachability probe completed target=198.51.100.1 success=false elapsed_ms=12
2030-01-02T11:58:46+00:00 machine gtk-status-bar[3537]: 2030-01-02T11:58:46.581674Z DEBUG gtk_status_bar::network: Sent network update label="\u{f091f} 28% \u{f0ac}"
2030-01-02T11:58:46+00:00 machine gtk-status-bar[3537]: 2030-01-02T11:58:46.581848Z DEBUG gtk_status_bar::widgets: Updating network label: 󰤟 28% 
2030-01-02T11:58:47+00:00 machine gtk-status-bar[3537]: 2030-01-02T11:58:47.001970Z DEBUG gtk_status_bar::widgets: Updating time label: 11:58 AM
2030-01-02T11:58:47+00:00 machine gtk-status-bar[3537]: 2030-01-02T11:58:47.270235Z  INFO gtk_status_bar::network: Network reachability probe completed target=192.0.2.1 success=true elapsed_ms=16
2030-01-02T11:58:47+00:00 machine gtk-status-bar[3537]: 2030-01-02T11:58:47.270305Z DEBUG gtk_status_bar::network: Sent network update label="\u{f091f} 28% \u{f0ac}"
2030-01-02T11:58:47+00:00 machine gtk-status-bar[3537]: 2030-01-02T11:58:47.270867Z DEBUG gtk_status_bar::widgets: Updating network label: 󰤟 28% 
2030-01-02T11:58:48+00:00 machine gtk-status-bar[3537]: 2030-01-02T11:58:48.002061Z DEBUG gtk_status_bar::widgets: Updating time label: 11:58 AM
2030-01-02T11:58:48+00:00 machine gtk-status-bar[3537]: 2030-01-02T11:58:48.317800Z  INFO gtk_status_bar::network: Network reachability probe completed target=198.51.100.1 success=false elapsed_ms=17
2030-01-02T11:58:48+00:00 machine gtk-status-bar[3537]: 2030-01-02T11:58:48.317856Z DEBUG gtk_status_bar::network: Sent network update label="\u{f091f} 28% \u{f0ac}"
2030-01-02T11:58:48+00:00 machine gtk-status-bar[3537]: 2030-01-02T11:58:48.318199Z DEBUG gtk_status_bar::widgets: Updating network label: 󰤟 28% 
2030-01-02T11:58:48+00:00 machine gtk-status-bar[3537]: 2030-01-02T11:58:48.387254Z  INFO gtk_status_bar::network: Network reachability probe completed target=192.0.2.1 success=true elapsed_ms=17
2030-01-02T11:58:48+00:00 machine gtk-status-bar[3537]: 2030-01-02T11:58:48.387309Z DEBUG gtk_status_bar::network: Sent network update label="\u{f091f} 28% \u{f0ac}"
2030-01-02T11:58:48+00:00 machine gtk-status-bar[3537]: 2030-01-02T11:58:48.387681Z DEBUG gtk_status_bar::widgets: Updating network label: 󰤟 28% 
2030-01-02T11:58:49+00:00 machine gtk-status-bar[3537]: 2030-01-02T11:58:49.002138Z DEBUG gtk_status_bar::widgets: Updating time label: 11:58 AM
2030-01-02T11:58:49+00:00 machine gtk-status-bar[3537]: 2030-01-02T11:58:49.450272Z  INFO gtk_status_bar::network: Network reachability probe completed target=198.51.100.1 success=false elapsed_ms=20
2030-01-02T11:58:49+00:00 machine gtk-status-bar[3537]: 2030-01-02T11:58:49.450323Z DEBUG gtk_status_bar::network: Sent network update label="\u{f091f} 28% \u{f0ac}"
2030-01-02T11:58:49+00:00 machine gtk-status-bar[3537]: 2030-01-02T11:58:49.450522Z DEBUG gtk_status_bar::widgets: Updating network label: 󰤟 28% 
2030-01-02T11:58:50+00:00 machine gtk-status-bar[3537]: 2030-01-02T11:58:50.001278Z DEBUG gtk_status_bar::widgets: Updating time label: 11:58 AM
2030-01-02T11:58:50+00:00 machine gtk-status-bar[3537]: 2030-01-02T11:58:50.953274Z  INFO gtk_status_bar::network: Network reachability probe completed target=192.0.2.1 success=true elapsed_ms=16
2030-01-02T11:58:50+00:00 machine gtk-status-bar[3537]: 2030-01-02T11:58:50.953382Z DEBUG gtk_status_bar::network: Sent network update label="\u{f091f} 28% \u{f0ac}"
2030-01-02T11:58:50+00:00 machine gtk-status-bar[3537]: 2030-01-02T11:58:50.953669Z DEBUG gtk_status_bar::widgets: Updating network label: 󰤟 28% 
2030-01-02T11:58:51+00:00 machine gtk-status-bar[3537]: 2030-01-02T11:58:51.000882Z DEBUG gtk_status_bar::widgets: Updating time label: 11:58 AM
2030-01-02T11:58:52+00:00 machine gtk-status-bar[3537]: 2030-01-02T11:58:52.003097Z DEBUG gtk_status_bar::widgets: Updating time label: 11:58 AM
2030-01-02T11:58:52+00:00 machine gtk-status-bar[3537]: 2030-01-02T11:58:52.690425Z  INFO gtk_status_bar::network: Network reachability probe completed target=198.51.100.1 success=false elapsed_ms=9
2030-01-02T11:58:52+00:00 machine gtk-status-bar[3537]: 2030-01-02T11:58:52.690476Z DEBUG gtk_status_bar::network: Sent network update label="\u{f091f} 28% \u{f0ac}"
2030-01-02T11:58:52+00:00 machine gtk-status-bar[3537]: 2030-01-02T11:58:52.690729Z DEBUG gtk_status_bar::widgets: Updating network label: 󰤟 28% 
2030-01-02T11:58:52+00:00 machine gtk-status-bar[3537]: 2030-01-02T11:58:52.881960Z DEBUG gtk_status_bar::tray: Tray backend received command item=":1.89/StatusNotifierItem" action=ContextMenu { request_id: 3, keyboard_grab: false } x=1322 y=11
2030-01-02T11:58:52+00:00 machine gtk-status-bar[3537]: 2030-01-02T11:58:52.893302Z DEBUG gtk_status_bar::tray: dbusmenu GetLayout reply decoded item=":1.89/StatusNotifierItem" fields=2
2030-01-02T11:58:52+00:00 machine gtk-status-bar[3537]: 2030-01-02T11:58:52.893340Z DEBUG gtk_status_bar::tray: dbusmenu layout parsed item=":1.89/StatusNotifierItem" count=5
2030-01-02T11:58:52+00:00 machine gtk-status-bar[3537]: 2030-01-02T11:58:52.908738Z DEBUG gtk_status_bar::widgets: Tray menu entry labels item=":1.89/StatusNotifierItem" labels=[Some("Keyboard - English (US)"), None, Some("Restart"), Some("Input Method Settings"), Some("Exit")]
2030-01-02T11:58:52+00:00 machine gtk-status-bar[3537]: 2030-01-02T11:58:52.909030Z DEBUG gtk_status_bar::widgets: Presenting tray menu item=":1.89/StatusNotifierItem" entries=5 keyboard_grab=false
2030-01-02T11:58:53+00:00 machine gtk-status-bar[3537]: 2030-01-02T11:58:53.001521Z DEBUG gtk_status_bar::widgets: Updating time label: 11:58 AM
2030-01-02T11:58:53+00:00 machine gtk-status-bar[3537]: 2030-01-02T11:58:53.282217Z  INFO gtk_status_bar::network: Network reachability probe completed target=198.51.100.1 success=false elapsed_ms=18
2030-01-02T11:58:53+00:00 machine gtk-status-bar[3537]: 2030-01-02T11:58:53.282263Z DEBUG gtk_status_bar::network: Sent network update label="\u{f091f} 28% \u{f0ac}"
2030-01-02T11:58:53+00:00 machine gtk-status-bar[3537]: 2030-01-02T11:58:53.282485Z DEBUG gtk_status_bar::widgets: Updating network label: 󰤟 28% 
2030-01-02T11:58:53+00:00 machine gtk-status-bar[3537]: 2030-01-02T11:58:53.665292Z  INFO gtk_status_bar::network: Network reachability probe completed target=192.0.2.1 success=true elapsed_ms=13
2030-01-02T11:58:53+00:00 machine gtk-status-bar[3537]: 2030-01-02T11:58:53.665391Z DEBUG gtk_status_bar::network: Sent network update label="\u{f091f} 28% \u{f0ac}"
2030-01-02T11:58:53+00:00 machine gtk-status-bar[3537]: 2030-01-02T11:58:53.665643Z DEBUG gtk_status_bar::widgets: Updating network label: 󰤟 28% 
2030-01-02T11:58:54+00:00 machine gtk-status-bar[3537]: 2030-01-02T11:58:54.001736Z DEBUG gtk_status_bar::widgets: Updating time label: 11:58 AM
2030-01-02T11:58:54+00:00 machine gtk-status-bar[3537]: 2030-01-02T11:58:54.205811Z DEBUG gtk_status_bar::tray: Tray backend received command item=":1.89/StatusNotifierItem" action=ContextMenu { request_id: 5, keyboard_grab: false } x=1322 y=11
2030-01-02T11:58:54+00:00 machine gtk-status-bar[3537]: 2030-01-02T11:58:54.207698Z DEBUG gtk_status_bar::tray: dbusmenu GetLayout reply decoded item=":1.89/StatusNotifierItem" fields=2
2030-01-02T11:58:54+00:00 machine gtk-status-bar[3537]: 2030-01-02T11:58:54.207739Z DEBUG gtk_status_bar::tray: dbusmenu layout parsed item=":1.89/StatusNotifierItem" count=5
2030-01-02T11:58:54+00:00 machine gtk-status-bar[3537]: 2030-01-02T11:58:54.208141Z DEBUG gtk_status_bar::widgets: Tray menu entry labels item=":1.89/StatusNotifierItem" labels=[Some("Keyboard - English (US)"), None, Some("Restart"), Some("Input Method Settings"), Some("Exit")]
2030-01-02T11:58:54+00:00 machine gtk-status-bar[3537]: 2030-01-02T11:58:54.208722Z DEBUG gtk_status_bar::widgets: Presenting tray menu item=":1.89/StatusNotifierItem" entries=5 keyboard_grab=false
2030-01-02T11:58:55+00:00 machine gtk-status-bar[3537]: 2030-01-02T11:58:55.002160Z DEBUG gtk_status_bar::widgets: Updating time label: 11:58 AM
2030-01-02T11:58:55+00:00 machine gtk-status-bar[3537]: 2030-01-02T11:58:55.437999Z  INFO gtk_status_bar::network: Network reachability probe completed target=192.0.2.1 success=true elapsed_ms=9
2030-01-02T11:58:55+00:00 machine gtk-status-bar[3537]: 2030-01-02T11:58:55.438042Z DEBUG gtk_status_bar::network: Sent network update label="\u{f091f} 28% \u{f0ac}"
2030-01-02T11:58:55+00:00 machine gtk-status-bar[3537]: 2030-01-02T11:58:55.447471Z DEBUG gtk_status_bar::widgets: Updating network label: 󰤟 28% 
2030-01-02T11:58:55+00:00 machine gtk-status-bar[3537]: 2030-01-02T11:58:55.589612Z DEBUG gtk_status_bar::tray: Tray backend received command item=":1.89/StatusNotifierItem" action=ContextMenu { request_id: 7, keyboard_grab: false } x=1322 y=11
2030-01-02T11:58:55+00:00 machine gtk-status-bar[3537]: 2030-01-02T11:58:55.590468Z DEBUG gtk_status_bar::tray: dbusmenu GetLayout reply decoded item=":1.89/StatusNotifierItem" fields=2
2030-01-02T11:58:55+00:00 machine gtk-status-bar[3537]: 2030-01-02T11:58:55.590496Z DEBUG gtk_status_bar::tray: dbusmenu layout parsed item=":1.89/StatusNotifierItem" count=5
2030-01-02T11:58:55+00:00 machine gtk-status-bar[3537]: 2030-01-02T11:58:55.591060Z DEBUG gtk_status_bar::widgets: Tray menu entry labels item=":1.89/StatusNotifierItem" labels=[Some("Keyboard - English (US)"), None, Some("Restart"), Some("Input Method Settings"), Some("Exit")]
2030-01-02T11:58:55+00:00 machine gtk-status-bar[3537]: 2030-01-02T11:58:55.591466Z DEBUG gtk_status_bar::widgets: Presenting tray menu item=":1.89/StatusNotifierItem" entries=5 keyboard_grab=false
2030-01-02T11:58:56+00:00 machine gtk-status-bar[3537]: 2030-01-02T11:58:56.002314Z DEBUG gtk_status_bar::widgets: Updating time label: 11:58 AM
2030-01-02T11:58:56+00:00 machine gtk-status-bar[3537]: 2030-01-02T11:58:56.882620Z  INFO gtk_status_bar::network: Network reachability probe completed target=198.51.100.1 success=false elapsed_ms=12
2030-01-02T11:58:56+00:00 machine gtk-status-bar[3537]: 2030-01-02T11:58:56.882681Z DEBUG gtk_status_bar::network: Sent network update label="\u{f091f} 28% \u{f0ac}"
2030-01-02T11:58:56+00:00 machine gtk-status-bar[3537]: 2030-01-02T11:58:56.882856Z DEBUG gtk_status_bar::widgets: Updating network label: 󰤟 28% 
2030-01-02T11:58:56+00:00 machine gtk-status-bar[3537]: 2030-01-02T11:58:56.928648Z DEBUG gtk_status_bar::tray: Tray backend received command item=":1.89/StatusNotifierItem" action=MenuEvent(100) x=1322 y=11
2030-01-02T11:58:56+00:00 machine gtk-status-bar[3537]: 2030-01-02T11:58:56.967289Z  INFO gtk_status_bar::network: Network reachability probe completed target=192.0.2.1 success=true elapsed_ms=18
2030-01-02T11:58:56+00:00 machine gtk-status-bar[3537]: 2030-01-02T11:58:56.967345Z DEBUG gtk_status_bar::network: Sent network update label="\u{f091f} 28% \u{f0ac}"
2030-01-02T11:58:56+00:00 machine gtk-status-bar[3537]: 2030-01-02T11:58:56.967507Z DEBUG gtk_status_bar::widgets: Updating network label: 󰤟 28% 
2030-01-02T11:58:57+00:00 machine gtk-status-bar[3537]: 2030-01-02T11:58:57.000762Z DEBUG gtk_status_bar::widgets: Updating time label: 11:58 AM
2030-01-02T11:58:57+00:00 machine gtk-status-bar[3537]: 2030-01-02T11:58:57.605931Z  INFO gtk_status_bar::network: Network reachability probe completed target=198.51.100.1 success=false elapsed_ms=12
2030-01-02T11:58:57+00:00 machine gtk-status-bar[3537]: 2030-01-02T11:58:57.605989Z DEBUG gtk_status_bar::network: Sent network update label="\u{f091f} 28% \u{f0ac}"
2030-01-02T11:58:57+00:00 machine gtk-status-bar[3537]: 2030-01-02T11:58:57.606153Z DEBUG gtk_status_bar::widgets: Updating network label: 󰤟 28% 
2030-01-02T11:58:58+00:00 machine gtk-status-bar[3537]: 2030-01-02T11:58:58.002336Z DEBUG gtk_status_bar::widgets: Updating time label: 11:58 AM
2030-01-02T11:58:58+00:00 machine gtk-status-bar[3537]: 2030-01-02T11:58:58.213935Z  INFO gtk_status_bar::network: Network reachability probe completed target=198.51.100.1 success=false elapsed_ms=26
2030-01-02T11:58:58+00:00 machine gtk-status-bar[3537]: 2030-01-02T11:58:58.214030Z DEBUG gtk_status_bar::network: Sent network update label="\u{f091f} 28% \u{f0ac}"
2030-01-02T11:58:58+00:00 machine gtk-status-bar[3537]: 2030-01-02T11:58:58.214299Z DEBUG gtk_status_bar::widgets: Updating network label: 󰤟 28% 
2030-01-02T11:58:59+00:00 machine gtk-status-bar[3537]: 2030-01-02T11:58:59.000812Z DEBUG gtk_status_bar::widgets: Updating time label: 11:58 AM
2030-01-02T11:58:59+00:00 machine gtk-status-bar[3537]: 2030-01-02T11:58:59.445185Z DEBUG gtk_status_bar::tray: Tray backend received command item=":1.89/StatusNotifierItem" action=ContextMenu { request_id: 8, keyboard_grab: false } x=1322 y=11
2030-01-02T11:58:59+00:00 machine gtk-status-bar[3537]: 2030-01-02T11:58:59.447118Z DEBUG gtk_status_bar::tray: dbusmenu GetLayout reply decoded item=":1.89/StatusNotifierItem" fields=2
2030-01-02T11:58:59+00:00 machine gtk-status-bar[3537]: 2030-01-02T11:58:59.447173Z DEBUG gtk_status_bar::tray: dbusmenu layout parsed item=":1.89/StatusNotifierItem" count=5
2030-01-02T11:58:59+00:00 machine gtk-status-bar[3537]: 2030-01-02T11:58:59.447632Z DEBUG gtk_status_bar::widgets: Tray menu entry labels item=":1.89/StatusNotifierItem" labels=[Some("Keyboard - English (US)"), None, Some("Restart"), Some("Input Method Settings"), Some("Exit")]
2030-01-02T11:58:59+00:00 machine gtk-status-bar[3537]: 2030-01-02T11:58:59.447956Z DEBUG gtk_status_bar::widgets: Presenting tray menu item=":1.89/StatusNotifierItem" entries=5 keyboard_grab=false
2030-01-02T11:59:00+00:00 machine gtk-status-bar[3537]: 2030-01-02T11:59:00.001829Z DEBUG gtk_status_bar::widgets: Updating time label: 11:59 AM
2030-01-02T11:59:00+00:00 machine gtk-status-bar[3537]: 2030-01-02T11:59:00.028479Z  INFO gtk_status_bar::network: Network reachability probe completed target=192.0.2.1 success=true elapsed_ms=15
2030-01-02T11:59:00+00:00 machine gtk-status-bar[3537]: 2030-01-02T11:59:00.028620Z DEBUG gtk_status_bar::network: Sent network update label="\u{f091f} 28% \u{f0ac}"
2030-01-02T11:59:00+00:00 machine gtk-status-bar[3537]: 2030-01-02T11:59:00.028729Z DEBUG gtk_status_bar::widgets: Updating network label: 󰤟 28% 
2030-01-02T11:59:01+00:00 machine gtk-status-bar[3537]: 2030-01-02T11:59:01.013895Z DEBUG gtk_status_bar::widgets: Updating time label: 11:59 AM
2030-01-02T11:59:01+00:00 machine gtk-status-bar[3537]: 2030-01-02T11:59:01.018996Z  INFO gtk_status_bar::network: Network reachability probe completed target=192.0.2.1 success=true elapsed_ms=24
2030-01-02T11:59:01+00:00 machine gtk-status-bar[3537]: 2030-01-02T11:59:01.019080Z DEBUG gtk_status_bar::network: Sent network update label="\u{f091f} 28% \u{f0ac}"
2030-01-02T11:59:01+00:00 machine gtk-status-bar[3537]: 2030-01-02T11:59:01.029125Z DEBUG gtk_status_bar::widgets: Updating network label: 󰤟 28% 
2030-01-02T11:59:01+00:00 machine gtk-status-bar[3537]: 2030-01-02T11:59:01.120154Z  INFO gtk_status_bar::network: Network reachability probe completed target=198.51.100.1 success=false elapsed_ms=12
2030-01-02T11:59:01+00:00 machine gtk-status-bar[3537]: 2030-01-02T11:59:01.120205Z DEBUG gtk_status_bar::network: Sent network update label="\u{f091f} 28% \u{f0ac}"
2030-01-02T11:59:01+00:00 machine gtk-status-bar[3537]: 2030-01-02T11:59:01.120458Z DEBUG gtk_status_bar::widgets: Updating network label: 󰤟 28% 
2030-01-02T11:59:02+00:00 machine gtk-status-bar[3537]: 2030-01-02T11:59:02.001250Z DEBUG gtk_status_bar::widgets: Updating time label: 11:59 AM
2030-01-02T11:59:02+00:00 machine gtk-status-bar[3537]: 2030-01-02T11:59:02.217641Z DEBUG gtk_status_bar::tray: Tray backend received command item=":1.89/StatusNotifierItem" action=MenuEvent(4) x=1322 y=11
2030-01-02T11:59:02+00:00 machine gtk-status-bar[3537]: 2030-01-02T11:59:02.727526Z  INFO gtk_status_bar::network: Network reachability probe completed target=198.51.100.1 success=false elapsed_ms=11
2030-01-02T11:59:02+00:00 machine gtk-status-bar[3537]: 2030-01-02T11:59:02.727611Z DEBUG gtk_status_bar::network: Sent network update label="\u{f091f} 28% \u{f0ac}"
2030-01-02T11:59:02+00:00 machine gtk-status-bar[3537]: 2030-01-02T11:59:02.727781Z DEBUG gtk_status_bar::widgets: Updating network label: 󰤟 28% 
2030-01-02T11:59:03+00:00 machine gtk-status-bar[3537]: 2030-01-02T11:59:03.000823Z DEBUG gtk_status_bar::widgets: Updating time label: 11:59 AM
2030-01-02T11:59:03+00:00 machine gtk-status-bar[3537]: 2030-01-02T11:59:03.579238Z  INFO gtk_status_bar::network: Network reachability probe completed target=192.0.2.1 success=true elapsed_ms=11
2030-01-02T11:59:03+00:00 machine gtk-status-bar[3537]: 2030-01-02T11:59:03.579295Z DEBUG gtk_status_bar::network: Sent network update label="\u{f091f} 28% \u{f0ac}"
2030-01-02T11:59:03+00:00 machine gtk-status-bar[3537]: 2030-01-02T11:59:03.579494Z DEBUG gtk_status_bar::widgets: Updating network label: 󰤟 28% 
2030-01-02T11:59:04+00:00 machine gtk-status-bar[3537]: 2030-01-02T11:59:04.001692Z DEBUG gtk_status_bar::widgets: Updating time label: 11:59 AM
2030-01-02T11:59:04+00:00 machine gtk-status-bar[3537]: 2030-01-02T11:59:04.659312Z  INFO gtk_status_bar::network: Network reachability probe completed target=192.0.2.1 success=true elapsed_ms=10
2030-01-02T11:59:04+00:00 machine gtk-status-bar[3537]: 2030-01-02T11:59:04.659363Z DEBUG gtk_status_bar::network: Sent network update label="\u{f091f} 28% \u{f0ac}"
2030-01-02T11:59:04+00:00 machine gtk-status-bar[3537]: 2030-01-02T11:59:04.659706Z DEBUG gtk_status_bar::widgets: Updating network label: 󰤟 28% 
2030-01-02T11:59:04+00:00 machine gtk-status-bar[3537]: 2030-01-02T11:59:04.875239Z DEBUG gtk_status_bar::tray: Tray backend received command item=":1.89/StatusNotifierItem" action=ContextMenu { request_id: 9, keyboard_grab: false } x=1322 y=11
2030-01-02T11:59:04+00:00 machine gtk-status-bar[3537]: 2030-01-02T11:59:04.876245Z DEBUG gtk_status_bar::tray: dbusmenu GetLayout reply decoded item=":1.89/StatusNotifierItem" fields=2
2030-01-02T11:59:04+00:00 machine gtk-status-bar[3537]: 2030-01-02T11:59:04.876273Z DEBUG gtk_status_bar::tray: dbusmenu layout parsed item=":1.89/StatusNotifierItem" count=5
2030-01-02T11:59:04+00:00 machine gtk-status-bar[3537]: 2030-01-02T11:59:04.876713Z DEBUG gtk_status_bar::widgets: Tray menu entry labels item=":1.89/StatusNotifierItem" labels=[Some("Keyboard - English (US)"), None, Some("Restart"), Some("Input Method Settings"), Some("Exit")]
2030-01-02T11:59:04+00:00 machine gtk-status-bar[3537]: 2030-01-02T11:59:04.877162Z DEBUG gtk_status_bar::widgets: Presenting tray menu item=":1.89/StatusNotifierItem" entries=5 keyboard_grab=false
2030-01-02T11:59:04+00:00 machine gtk-status-bar[3537]: 2030-01-02T11:59:04.909785Z  INFO gtk_status_bar::network: Network reachability probe completed target=198.51.100.1 success=false elapsed_ms=22
2030-01-02T11:59:04+00:00 machine gtk-status-bar[3537]: 2030-01-02T11:59:04.909921Z DEBUG gtk_status_bar::network: Sent network update label="\u{f091f} 28% \u{f0ac}"
2030-01-02T11:59:04+00:00 machine gtk-status-bar[3537]: 2030-01-02T11:59:04.910157Z DEBUG gtk_status_bar::widgets: Updating network label: 󰤟 28% 
2030-01-02T11:59:05+00:00 machine gtk-status-bar[3537]: 2030-01-02T11:59:05.001098Z DEBUG gtk_status_bar::widgets: Updating time label: 11:59 AM
2030-01-02T11:59:05+00:00 machine gtk-status-bar[3537]: 2030-01-02T11:59:05.391029Z  INFO gtk_status_bar::network: Network reachability probe completed target=198.51.100.1 success=false elapsed_ms=10
2030-01-02T11:59:05+00:00 machine gtk-status-bar[3537]: 2030-01-02T11:59:05.391083Z DEBUG gtk_status_bar::network: Sent network update label="\u{f091f} 28% \u{f0ac}"
2030-01-02T11:59:05+00:00 machine gtk-status-bar[3537]: 2030-01-02T11:59:05.391460Z DEBUG gtk_status_bar::widgets: Updating network label: 󰤟 28% 
2030-01-02T11:59:06+00:00 machine gtk-status-bar[3537]: 2030-01-02T11:59:06.001250Z DEBUG gtk_status_bar::widgets: Updating time label: 11:59 AM
2030-01-02T11:59:07+00:00 machine gtk-status-bar[3537]: 2030-01-02T11:59:07.001676Z DEBUG gtk_status_bar::widgets: Updating time label: 11:59 AM
2030-01-02T11:59:07+00:00 machine gtk-status-bar[3537]: 2030-01-02T11:59:07.103690Z  INFO gtk_status_bar::network: Network reachability probe completed target=192.0.2.1 success=true elapsed_ms=15
2030-01-02T11:59:07+00:00 machine gtk-status-bar[3537]: 2030-01-02T11:59:07.103737Z DEBUG gtk_status_bar::network: Sent network update label="\u{f091f} 28% \u{f0ac}"
2030-01-02T11:59:07+00:00 machine gtk-status-bar[3537]: 2030-01-02T11:59:07.103893Z DEBUG gtk_status_bar::widgets: Updating network label: 󰤟 28% 
2030-01-02T11:59:08+00:00 machine gtk-status-bar[3537]: 2030-01-02T11:59:08.001487Z DEBUG gtk_status_bar::widgets: Updating time label: 11:59 AM
2030-01-02T11:59:08+00:00 machine gtk-status-bar[3537]: 2030-01-02T11:59:08.150419Z DEBUG gtk_status_bar::hypr: Window title changed address=0x57c07ed67d00 title="KeyboardFocusEvidence"
2030-01-02T11:59:08+00:00 machine gtk-status-bar[3537]: 2030-01-02T11:59:08.151475Z DEBUG gtk_status_bar::hypr: Refreshing current workspace clients reason="title-changed" workspace_id=2 client_count=9 active_address="0x57c07ec5f330"
2030-01-02T11:59:08+00:00 machine gtk-status-bar[3537]: 2030-01-02T11:59:08.151761Z DEBUG gtk_status_bar::widgets: Updating workspace client strip workspace_id=2 client_count=9
2030-01-02T11:59:08+00:00 machine gtk-status-bar[3537]: 2030-01-02T11:59:08.152004Z DEBUG gtk_status_bar::widgets: Updating client pill address=0x57c07edca530 title="hello" compact_title="hello" class="kitty" active=false
2030-01-02T11:59:08+00:00 machine gtk-status-bar[3537]: 2030-01-02T11:59:08.152065Z DEBUG gtk_status_bar::widgets: Updating client pill address=0x57c07ebdd140 title="AAAAAAAAAAAAAAAAAAAAAAAAAAAAAAAAAAAAAAAAAAAAAAAAAAAAAAAAAAAAAAAA" compact_title="AAAAAAAAAAA…" class="kitty" active=false
2030-01-02T11:59:08+00:00 machine gtk-status-bar[3537]: 2030-01-02T11:59:08.152113Z DEBUG gtk_status_bar::widgets: Updating client pill address=0x57c07ec51e80 title="0123456789012345678901234567890…89012345678901234567890123456789" compact_title="01234567890…" class="kitty" active=false
2030-01-02T11:59:08+00:00 machine gtk-status-bar[3537]: 2030-01-02T11:59:08.152161Z DEBUG gtk_status_bar::widgets: Updating client pill address=0x57c07fc69630 title="界🙂界🙂界🙂界🙂界🙂界🙂界🙂界🙂界🙂界🙂界🙂界🙂界🙂界🙂界🙂界…界🙂界🙂界🙂界🙂界🙂界🙂界🙂界🙂界🙂界🙂界🙂界🙂界🙂界🙂界🙂界🙂" compact_title="界🙂界🙂界🙂界🙂界🙂界…" class="kitty" active=false
2030-01-02T11:59:08+00:00 machine gtk-status-bar[3537]: 2030-01-02T11:59:08.152271Z DEBUG gtk_status_bar::widgets: Updating client pill address=0x57c07fdc32d0 title="Focus Left" compact_title="Focus" class="kitty" active=false
2030-01-02T11:59:08+00:00 machine gtk-status-bar[3537]: 2030-01-02T11:59:08.152329Z DEBUG gtk_status_bar::widgets: Updating client pill address=0x57c07fc75300 title="Focus Right" compact_title="Focus" class="kitty" active=false
2030-01-02T11:59:08+00:00 machine gtk-status-bar[3537]: 2030-01-02T11:59:08.152374Z DEBUG gtk_status_bar::widgets: Updating client pill address=0x57c07ecb0460 title="Close OS window" compact_title="Close" class="kitty" active=false
2030-01-02T11:59:08+00:00 machine gtk-status-bar[3537]: 2030-01-02T11:59:08.152418Z DEBUG gtk_status_bar::widgets: Updating client pill address=0x57c07fc14030 title="Renamed client" compact_title="Renamed" class="kitty" active=false
2030-01-02T11:59:08+00:00 machine gtk-status-bar[3537]: 2030-01-02T11:59:08.152476Z DEBUG gtk_status_bar::widgets: Updating client pill address=0x57c07ec5f330 title="Claude" compact_title="Claude" class="claude-desktop" active=true
2030-01-02T11:59:08+00:00 machine gtk-status-bar[3537]: 2030-01-02T11:59:08.206724Z DEBUG gtk_status_bar::hypr: Window opened window=WindowOpenEvent { window_address: Address("0x57c07ed67d00"), workspace_name: "i", window_class: "kitty", window_title: "KeyboardFocusEvidence" }
2030-01-02T11:59:08+00:00 machine gtk-status-bar[3537]: 2030-01-02T11:59:08.239592Z DEBUG gtk_status_bar::hypr: Refreshing current workspace clients reason="window-opened" workspace_id=2 client_count=10 active_address="0x57c07ed67d00"
2030-01-02T11:59:08+00:00 machine gtk-status-bar[3537]: 2030-01-02T11:59:08.239682Z DEBUG gtk_status_bar::hypr: Active window changed window=Some(WindowEventData { class: "kitty", title: "KeyboardFocusEvidence", address: Address("0x57c07ed67d00") })
2030-01-02T11:59:08+00:00 machine gtk-status-bar[3537]: 2030-01-02T11:59:08.240093Z DEBUG gtk_status_bar::widgets: Updating workspace client strip workspace_id=2 client_count=10
2030-01-02T11:59:08+00:00 machine gtk-status-bar[3537]: 2030-01-02T11:59:08.240399Z DEBUG gtk_status_bar::widgets: Updating client pill address=0x57c07edca530 title="hello" compact_title="hello" class="kitty" active=false
2030-01-02T11:59:08+00:00 machine gtk-status-bar[3537]: 2030-01-02T11:59:08.240480Z DEBUG gtk_status_bar::widgets: Updating client pill address=0x57c07ebdd140 title="AAAAAAAAAAAAAAAAAAAAAAAAAAAAAAAAAAAAAAAAAAAAAAAAAAAAAAAAAAAAAAAA" compact_title="AAAAAAAAAAA…" class="kitty" active=false
2030-01-02T11:59:08+00:00 machine gtk-status-bar[3537]: 2030-01-02T11:59:08.240601Z DEBUG gtk_status_bar::widgets: Updating client pill address=0x57c07ec51e80 title="0123456789012345678901234567890…89012345678901234567890123456789" compact_title="01234567890…" class="kitty" active=false
2030-01-02T11:59:08+00:00 machine gtk-status-bar[3537]: 2030-01-02T11:59:08.240671Z DEBUG gtk_status_bar::widgets: Updating client pill address=0x57c07fc69630 title="界🙂界🙂界🙂界🙂界🙂界🙂界🙂界🙂界🙂界🙂界🙂界🙂界🙂界🙂界🙂界…界🙂界🙂界🙂界🙂界🙂界🙂界🙂界🙂界🙂界🙂界🙂界🙂界🙂界🙂界🙂界🙂" compact_title="界🙂界🙂界🙂界🙂界🙂界…" class="kitty" active=false
2030-01-02T11:59:08+00:00 machine gtk-status-bar[3537]: 2030-01-02T11:59:08.240783Z DEBUG gtk_status_bar::widgets: Updating client pill address=0x57c07fdc32d0 title="Focus Left" compact_title="Focus" class="kitty" active=false
2030-01-02T11:59:08+00:00 machine gtk-status-bar[3537]: 2030-01-02T11:59:08.240835Z DEBUG gtk_status_bar::widgets: Updating client pill address=0x57c07fc75300 title="Focus Right" compact_title="Focus" class="kitty" active=false
2030-01-02T11:59:08+00:00 machine gtk-status-bar[3537]: 2030-01-02T11:59:08.240885Z DEBUG gtk_status_bar::widgets: Updating client pill address=0x57c07ecb0460 title="Close OS window" compact_title="Close" class="kitty" active=false
2030-01-02T11:59:08+00:00 machine gtk-status-bar[3537]: 2030-01-02T11:59:08.240937Z DEBUG gtk_status_bar::widgets: Updating client pill address=0x57c07fc14030 title="Renamed client" compact_title="Renamed" class="kitty" active=false
2030-01-02T11:59:08+00:00 machine gtk-status-bar[3537]: 2030-01-02T11:59:08.240987Z DEBUG gtk_status_bar::widgets: Updating client pill address=0x57c07ec5f330 title="Claude" compact_title="Claude" class="claude-desktop" active=false
2030-01-02T11:59:08+00:00 machine gtk-status-bar[3537]: 2030-01-02T11:59:08.241041Z DEBUG gtk_status_bar::widgets: Updating client pill address=0x57c07ed67d00 title="KeyboardFocusEvidence" compact_title="KeyboardFoc…" class="kitty" active=true
2030-01-02T11:59:08+00:00 machine gtk-status-bar[3537]: 2030-01-02T11:59:08.241066Z DEBUG gtk_status_bar::widgets: Creating client title pill
2030-01-02T11:59:08+00:00 machine gtk-status-bar[3537]: 2030-01-02T11:59:08.272394Z DEBUG gtk_status_bar::hypr: Refreshing current workspace clients reason="active-window-changed" workspace_id=2 client_count=10 active_address="0x57c07ed67d00"
2030-01-02T11:59:08+00:00 machine gtk-status-bar[3537]: 2030-01-02T11:59:08.466504Z DEBUG gtk_status_bar::dbus: Got an event in event stream: Msg { type: Signal, serial: 70, sender: UniqueName(":1.67"), path: ObjectPath("/org/bluez/hci0"), iface: InterfaceName("org.freedesktop.DBus.Properties"), member: MemberName("PropertiesChanged"), body: Structure(Dynamic { fields: [Str, Dict { key: Dynamic { child: Str }, value: Dynamic { child: Variant } }, Array(Dynamic { child: Str })] }), fds: [] }
2030-01-02T11:59:08+00:00 machine gtk-status-bar[3537]: 2030-01-02T11:59:08.466599Z DEBUG gtk_status_bar::dbus: Dbus monitor: Received D-Bus message from path: Some(ObjectPath("/org/bluez/hci0")), interface: Some(InterfaceName("org.freedesktop.DBus.Properties")), member: Some(MemberName("PropertiesChanged"))
2030-01-02T11:59:08+00:00 machine gtk-status-bar[3537]: 2030-01-02T11:59:08.466619Z  INFO gtk_status_bar::dbus: Dbus monitor: Received signal
2030-01-02T11:59:08+00:00 machine gtk-status-bar[3537]: 2030-01-02T11:59:08.466645Z  INFO gtk_status_bar::dbus: Dbus monitor: Received PropertiesChanged signal
2030-01-02T11:59:08+00:00 machine gtk-status-bar[3537]: 2030-01-02T11:59:08.466678Z DEBUG gtk_status_bar::dbus: Dbus monitor: Ignored PropertiesChanged for interface: "org.bluez.Adapter1"
2030-01-02T11:59:08+00:00 machine gtk-status-bar[3537]: 2030-01-02T11:59:08.481744Z DEBUG gtk_status_bar::widgets: Resolved title icon from desktop application metadata class="kitty"
2030-01-02T11:59:08+00:00 machine gtk-status-bar[3537]: 2030-01-02T11:59:08.483007Z DEBUG gtk_status_bar::widgets: Updating workspace client strip workspace_id=2 client_count=10
2030-01-02T11:59:08+00:00 machine gtk-status-bar[3537]: 2030-01-02T11:59:08.483207Z DEBUG gtk_status_bar::widgets: Updating client pill address=0x57c07edca530 title="hello" compact_title="hello" class="kitty" active=false
2030-01-02T11:59:08+00:00 machine gtk-status-bar[3537]: 2030-01-02T11:59:08.483656Z DEBUG gtk_status_bar::widgets: Updating client pill address=0x57c07ebdd140 title="AAAAAAAAAAAAAAAAAAAAAAAAAAAAAAAAAAAAAAAAAAAAAAAAAAAAAAAAAAAAAAAA" compact_title="AAAAAAAAAAA…" class="kitty" active=false
2030-01-02T11:59:08+00:00 machine gtk-status-bar[3537]: 2030-01-02T11:59:08.484747Z DEBUG gtk_status_bar::widgets: Updating client pill address=0x57c07ec51e80 title="0123456789012345678901234567890…89012345678901234567890123456789" compact_title="01234567890…" class="kitty" active=false
2030-01-02T11:59:08+00:00 machine gtk-status-bar[3537]: 2030-01-02T11:59:08.484789Z DEBUG gtk_status_bar::widgets: Updating client pill address=0x57c07fc69630 title="界🙂界🙂界🙂界🙂界🙂界🙂界🙂界🙂界🙂界🙂界🙂界🙂界🙂界🙂界🙂界…界🙂界🙂界🙂界🙂界🙂界🙂界🙂界🙂界🙂界🙂界🙂界🙂界🙂界🙂界🙂界🙂" compact_title="界🙂界🙂界🙂界🙂界🙂界…" class="kitty" active=false
2030-01-02T11:59:08+00:00 machine gtk-status-bar[3537]: 2030-01-02T11:59:08.484858Z DEBUG gtk_status_bar::widgets: Updating client pill address=0x57c07fdc32d0 title="Focus Left" compact_title="Focus" class="kitty" active=false
2030-01-02T11:59:08+00:00 machine gtk-status-bar[3537]: 2030-01-02T11:59:08.484892Z DEBUG gtk_status_bar::widgets: Updating client pill address=0x57c07fc75300 title="Focus Right" compact_title="Focus" class="kitty" active=false
2030-01-02T11:59:08+00:00 machine gtk-status-bar[3537]: 2030-01-02T11:59:08.484924Z DEBUG gtk_status_bar::widgets: Updating client pill address=0x57c07ecb0460 title="Close OS window" compact_title="Close" class="kitty" active=false
2030-01-02T11:59:08+00:00 machine gtk-status-bar[3537]: 2030-01-02T11:59:08.484956Z DEBUG gtk_status_bar::widgets: Updating client pill address=0x57c07fc14030 title="Renamed client" compact_title="Renamed" class="kitty" active=false
2030-01-02T11:59:08+00:00 machine gtk-status-bar[3537]: 2030-01-02T11:59:08.484988Z DEBUG gtk_status_bar::widgets: Updating client pill address=0x57c07ec5f330 title="Claude" compact_title="Claude" class="claude-desktop" active=false
2030-01-02T11:59:08+00:00 machine gtk-status-bar[3537]: 2030-01-02T11:59:08.485020Z DEBUG gtk_status_bar::widgets: Updating client pill address=0x57c07ed67d00 title="KeyboardFocusEvidence" compact_title="KeyboardFoc…" class="kitty" active=true
2030-01-02T11:59:08+00:00 machine gtk-status-bar[3537]: 2030-01-02T11:59:08.851386Z  INFO gtk_status_bar::network: Network reachability probe completed target=192.0.2.1 success=true elapsed_ms=14
2030-01-02T11:59:08+00:00 machine gtk-status-bar[3537]: 2030-01-02T11:59:08.851435Z DEBUG gtk_status_bar::network: Sent network update label="\u{f091f} 28% \u{f0ac}"
2030-01-02T11:59:08+00:00 machine gtk-status-bar[3537]: 2030-01-02T11:59:08.851681Z DEBUG gtk_status_bar::widgets: Updating network label: 󰤟 28% 
2030-01-02T11:59:09+00:00 machine gtk-status-bar[3537]: 2030-01-02T11:59:09.000986Z DEBUG gtk_status_bar::widgets: Updating time label: 11:59 AM
2030-01-02T11:59:10+00:00 machine gtk-status-bar[3537]: 2030-01-02T11:59:10.001822Z DEBUG gtk_status_bar::widgets: Updating time label: 11:59 AM
2030-01-02T11:59:10+00:00 machine gtk-status-bar[3537]: 2030-01-02T11:59:10.142310Z  INFO gtk_status_bar::network: Network reachability probe completed target=198.51.100.1 success=false elapsed_ms=9
2030-01-02T11:59:10+00:00 machine gtk-status-bar[3537]: 2030-01-02T11:59:10.142359Z DEBUG gtk_status_bar::network: Sent network update label="\u{f091f} 28% \u{f0ac}"
2030-01-02T11:59:10+00:00 machine gtk-status-bar[3537]: 2030-01-02T11:59:10.142607Z DEBUG gtk_status_bar::widgets: Updating network label: 󰤟 28% 
2030-01-02T11:59:10+00:00 machine gtk-status-bar[3537]: 2030-01-02T11:59:10.402184Z  INFO gtk_status_bar::network: Network reachability probe completed target=192.0.2.1 success=true elapsed_ms=12
2030-01-02T11:59:10+00:00 machine gtk-status-bar[3537]: 2030-01-02T11:59:10.402240Z DEBUG gtk_status_bar::network: Sent network update label="\u{f091f} 28% \u{f0ac}"
2030-01-02T11:59:10+00:00 machine gtk-status-bar[3537]: 2030-01-02T11:59:10.402579Z DEBUG gtk_status_bar::widgets: Updating network label: 󰤟 28% 
2030-01-02T11:59:10+00:00 machine gtk-status-bar[3537]: 2030-01-02T11:59:10.632143Z  INFO gtk_status_bar::widgets: Tray menu acquired exclusive keyboard focus request_id=11
2030-01-02T11:59:10+00:00 machine gtk-status-bar[3537]: 2030-01-02T11:59:10.633532Z DEBUG gtk_status_bar::tray: Tray backend received command item=":1.89/StatusNotifierItem" action=ContextMenu { request_id: 12, keyboard_grab: true } x=1322 y=11
2030-01-02T11:59:10+00:00 machine gtk-status-bar[3537]: 2030-01-02T11:59:10.635315Z DEBUG gtk_status_bar::tray: dbusmenu GetLayout reply decoded item=":1.89/StatusNotifierItem" fields=2
2030-01-02T11:59:10+00:00 machine gtk-status-bar[3537]: 2030-01-02T11:59:10.635402Z DEBUG gtk_status_bar::tray: dbusmenu layout parsed item=":1.89/StatusNotifierItem" count=5
2030-01-02T11:59:10+00:00 machine gtk-status-bar[3537]: 2030-01-02T11:59:10.635757Z DEBUG gtk_status_bar::widgets: Tray menu entry labels item=":1.89/StatusNotifierItem" labels=[Some("Keyboard - English (US)"), None, Some("Restart"), Some("Input Method Settings"), Some("Exit")]
2030-01-02T11:59:10+00:00 machine gtk-status-bar[3537]: 2030-01-02T11:59:10.636110Z DEBUG gtk_status_bar::widgets: Presenting tray menu item=":1.89/StatusNotifierItem" entries=5 keyboard_grab=true
2030-01-02T11:59:10+00:00 machine gtk-status-bar[3537]: 2030-01-02T11:59:10.746143Z DEBUG gtk_status_bar::widgets: Tray dropdown opened at level 0 item=":1.89/StatusNotifierItem"
2030-01-02T11:59:10+00:00 machine gtk-status-bar[3537]: 2030-01-02T11:59:10.883879Z  INFO gtk_status_bar::network: Network reachability probe completed target=198.51.100.1 success=false elapsed_ms=17
2030-01-02T11:59:10+00:00 machine gtk-status-bar[3537]: 2030-01-02T11:59:10.883929Z DEBUG gtk_status_bar::network: Sent network update label="\u{f091f} 28% \u{f0ac}"
2030-01-02T11:59:10+00:00 machine gtk-status-bar[3537]: 2030-01-02T11:59:10.884066Z DEBUG gtk_status_bar::widgets: Updating network label: 󰤟 28% 
2030-01-02T11:59:11+00:00 machine gtk-status-bar[3537]: 2030-01-02T11:59:11.001184Z DEBUG gtk_status_bar::widgets: Updating time label: 11:59 AM
2030-01-02T11:59:12+00:00 machine gtk-status-bar[3537]: 2030-01-02T11:59:12.000772Z DEBUG gtk_status_bar::widgets: Updating time label: 11:59 AM
2030-01-02T11:59:12+00:00 machine gtk-status-bar[3537]: 2030-01-02T11:59:12.833231Z  INFO gtk_status_bar::network: Network reachability probe completed target=192.0.2.1 success=true elapsed_ms=17
2030-01-02T11:59:12+00:00 machine gtk-status-bar[3537]: 2030-01-02T11:59:12.833319Z DEBUG gtk_status_bar::network: Sent network update label="\u{f091f} 28% \u{f0ac}"
2030-01-02T11:59:12+00:00 machine gtk-status-bar[3537]: 2030-01-02T11:59:12.836245Z DEBUG gtk_status_bar::widgets: Updating network label: 󰤟 28% 
2030-01-02T11:59:13+00:00 machine gtk-status-bar[3537]: 2030-01-02T11:59:13.001152Z DEBUG gtk_status_bar::widgets: Updating time label: 11:59 AM
2030-01-02T11:59:13+00:00 machine gtk-status-bar[3537]: 2030-01-02T11:59:13.436246Z DEBUG gtk_status_bar::widgets: Tray nav key item=":1.89/StatusNotifierItem" cmd=Right
2030-01-02T11:59:13+00:00 machine gtk-status-bar[3537]: 2030-01-02T11:59:13.445827Z DEBUG gtk_status_bar::tray: Tray backend received command item=":1.92/StatusNotifierItem" action=ContextMenu { request_id: 13, keyboard_grab: true } x=1347 y=11
2030-01-02T11:59:13+00:00 machine gtk-status-bar[3537]: 2030-01-02T11:59:13.457034Z DEBUG gtk_status_bar::tray: dbusmenu GetLayout reply decoded item=":1.92/StatusNotifierItem" fields=2
2030-01-02T11:59:13+00:00 machine gtk-status-bar[3537]: 2030-01-02T11:59:13.457141Z DEBUG gtk_status_bar::tray: dbusmenu layout parsed item=":1.92/StatusNotifierItem" count=1
2030-01-02T11:59:13+00:00 machine gtk-status-bar[3537]: 2030-01-02T11:59:13.459346Z DEBUG gtk_status_bar::widgets: Tray menu entry labels item=":1.92/StatusNotifierItem" labels=[Some("Open app")]
2030-01-02T11:59:13+00:00 machine gtk-status-bar[3537]: 2030-01-02T11:59:13.459497Z DEBUG gtk_status_bar::widgets: Presenting tray menu item=":1.92/StatusNotifierItem" entries=1 keyboard_grab=true
2030-01-02T11:59:13+00:00 machine gtk-status-bar[3537]: 2030-01-02T11:59:13.569404Z DEBUG gtk_status_bar::widgets: Tray dropdown opened at level 0 item=":1.92/StatusNotifierItem"
2030-01-02T11:59:14+00:00 machine gtk-status-bar[3537]: 2030-01-02T11:59:14.002917Z DEBUG gtk_status_bar::widgets: Updating time label: 11:59 AM
2030-01-02T11:59:14+00:00 machine gtk-status-bar[3537]: 2030-01-02T11:59:14.331181Z  INFO gtk_status_bar::network: Network reachability probe completed target=198.51.100.1 success=false elapsed_ms=15
2030-01-02T11:59:14+00:00 machine gtk-status-bar[3537]: 2030-01-02T11:59:14.332414Z DEBUG gtk_status_bar::network: Sent network update label="\u{f091f} 28% \u{f0ac}"
2030-01-02T11:59:14+00:00 machine gtk-status-bar[3537]: 2030-01-02T11:59:14.332714Z DEBUG gtk_status_bar::widgets: Updating network label: 󰤟 28% 
2030-01-02T11:59:15+00:00 machine gtk-status-bar[3537]: 2030-01-02T11:59:15.001287Z DEBUG gtk_status_bar::widgets: Updating time label: 11:59 AM
2030-01-02T11:59:15+00:00 machine gtk-status-bar[3537]: 2030-01-02T11:59:15.150213Z DEBUG gtk_status_bar::widgets: Tray nav key item=":1.92/StatusNotifierItem" cmd=Left
2030-01-02T11:59:15+00:00 machine gtk-status-bar[3537]: 2030-01-02T11:59:15.151162Z DEBUG gtk_status_bar::tray: Tray backend received command item=":1.89/StatusNotifierItem" action=ContextMenu { request_id: 14, keyboard_grab: true } x=1322 y=11
2030-01-02T11:59:15+00:00 machine gtk-status-bar[3537]: 2030-01-02T11:59:15.153917Z DEBUG gtk_status_bar::tray: dbusmenu GetLayout reply decoded item=":1.89/StatusNotifierItem" fields=2
2030-01-02T11:59:15+00:00 machine gtk-status-bar[3537]: 2030-01-02T11:59:15.153958Z DEBUG gtk_status_bar::tray: dbusmenu layout parsed item=":1.89/StatusNotifierItem" count=5
2030-01-02T11:59:15+00:00 machine gtk-status-bar[3537]: 2030-01-02T11:59:15.154387Z DEBUG gtk_status_bar::widgets: Tray menu entry labels item=":1.89/StatusNotifierItem" labels=[Some("Keyboard - English (US)"), None, Some("Restart"), Some("Input Method Settings"), Some("Exit")]
2030-01-02T11:59:15+00:00 machine gtk-status-bar[3537]: 2030-01-02T11:59:15.154754Z DEBUG gtk_status_bar::widgets: Presenting tray menu item=":1.89/StatusNotifierItem" entries=5 keyboard_grab=true
2030-01-02T11:59:15+00:00 machine gtk-status-bar[3537]: 2030-01-02T11:59:15.261166Z DEBUG gtk_status_bar::widgets: Tray dropdown opened at level 0 item=":1.89/StatusNotifierItem"
2030-01-02T11:59:16+00:00 machine gtk-status-bar[3537]: 2030-01-02T11:59:16.001798Z DEBUG gtk_status_bar::widgets: Updating time label: 11:59 AM
2030-01-02T11:59:16+00:00 machine gtk-status-bar[3537]: 2030-01-02T11:59:16.298231Z  INFO gtk_status_bar::network: Network reachability probe completed target=192.0.2.1 success=true elapsed_ms=61
2030-01-02T11:59:16+00:00 machine gtk-status-bar[3537]: 2030-01-02T11:59:16.298291Z DEBUG gtk_status_bar::network: Sent network update label="\u{f091f} 28% \u{f0ac}"
2030-01-02T11:59:16+00:00 machine gtk-status-bar[3537]: 2030-01-02T11:59:16.298677Z DEBUG gtk_status_bar::widgets: Updating network label: 󰤟 28% 
2030-01-02T11:59:17+00:00 machine gtk-status-bar[3537]: 2030-01-02T11:59:17.002969Z DEBUG gtk_status_bar::widgets: Updating time label: 11:59 AM
2030-01-02T11:59:17+00:00 machine gtk-status-bar[3537]: 2030-01-02T11:59:17.219781Z DEBUG gtk_status_bar::widgets: Tray nav key item=":1.89/StatusNotifierItem" cmd=Right
2030-01-02T11:59:17+00:00 machine gtk-status-bar[3537]: 2030-01-02T11:59:17.224441Z DEBUG gtk_status_bar::tray: Tray backend received command item=":1.92/StatusNotifierItem" action=ContextMenu { request_id: 15, keyboard_grab: true } x=1347 y=11
2030-01-02T11:59:17+00:00 machine gtk-status-bar[3537]: 2030-01-02T11:59:17.230645Z DEBUG gtk_status_bar::tray: dbusmenu GetLayout reply decoded item=":1.92/StatusNotifierItem" fields=2
2030-01-02T11:59:17+00:00 machine gtk-status-bar[3537]: 2030-01-02T11:59:17.233091Z DEBUG gtk_status_bar::tray: dbusmenu layout parsed item=":1.92/StatusNotifierItem" count=1
2030-01-02T11:59:17+00:00 machine gtk-status-bar[3537]: 2030-01-02T11:59:17.233532Z DEBUG gtk_status_bar::widgets: Tray menu entry labels item=":1.92/StatusNotifierItem" labels=[Some("Open app")]
2030-01-02T11:59:17+00:00 machine gtk-status-bar[3537]: 2030-01-02T11:59:17.233857Z DEBUG gtk_status_bar::widgets: Presenting tray menu item=":1.92/StatusNotifierItem" entries=1 keyboard_grab=true
2030-01-02T11:59:17+00:00 machine gtk-status-bar[3537]: 2030-01-02T11:59:17.338291Z DEBUG gtk_status_bar::widgets: Tray dropdown opened at level 0 item=":1.92/StatusNotifierItem"
2030-01-02T11:59:17+00:00 machine gtk-status-bar[3537]: 2030-01-02T11:59:17.898718Z  INFO gtk_status_bar::network: Network reachability probe completed target=198.51.100.1 success=false elapsed_ms=15
2030-01-02T11:59:17+00:00 machine gtk-status-bar[3537]: 2030-01-02T11:59:17.898775Z DEBUG gtk_status_bar::network: Sent network update label="\u{f091f} 28% \u{f0ac}"
2030-01-02T11:59:17+00:00 machine gtk-status-bar[3537]: 2030-01-02T11:59:17.900732Z DEBUG gtk_status_bar::widgets: Updating network label: 󰤟 28% 
2030-01-02T11:59:18+00:00 machine gtk-status-bar[3537]: 2030-01-02T11:59:18.002690Z DEBUG gtk_status_bar::widgets: Updating time label: 11:59 AM
2030-01-02T11:59:18+00:00 machine gtk-status-bar[3537]: 2030-01-02T11:59:18.287057Z DEBUG gtk_status_bar::widgets: Tray nav key item=":1.92/StatusNotifierItem" cmd=Left
2030-01-02T11:59:18+00:00 machine gtk-status-bar[3537]: 2030-01-02T11:59:18.293719Z DEBUG gtk_status_bar::tray: Tray backend received command item=":1.89/StatusNotifierItem" action=ContextMenu { request_id: 16, keyboard_grab: true } x=1322 y=11
2030-01-02T11:59:18+00:00 machine gtk-status-bar[3537]: 2030-01-02T11:59:18.296613Z DEBUG gtk_status_bar::tray: dbusmenu GetLayout reply decoded item=":1.89/StatusNotifierItem" fields=2
2030-01-02T11:59:18+00:00 machine gtk-status-bar[3537]: 2030-01-02T11:59:18.296660Z DEBUG gtk_status_bar::tray: dbusmenu layout parsed item=":1.89/StatusNotifierItem" count=5
2030-01-02T11:59:18+00:00 machine gtk-status-bar[3537]: 2030-01-02T11:59:18.319145Z DEBUG gtk_status_bar::widgets: Tray menu entry labels item=":1.89/StatusNotifierItem" labels=[Some("Keyboard - English (US)"), None, Some("Restart"), Some("Input Method Settings"), Some("Exit")]
2030-01-02T11:59:18+00:00 machine gtk-status-bar[3537]: 2030-01-02T11:59:18.330283Z DEBUG gtk_status_bar::widgets: Presenting tray menu item=":1.89/StatusNotifierItem" entries=5 keyboard_grab=true
2030-01-02T11:59:18+00:00 machine gtk-status-bar[3537]: 2030-01-02T11:59:18.446171Z DEBUG gtk_status_bar::widgets: Tray dropdown opened at level 0 item=":1.89/StatusNotifierItem"
2030-01-02T11:59:19+00:00 machine gtk-status-bar[3537]: 2030-01-02T11:59:19.001115Z DEBUG gtk_status_bar::widgets: Updating time label: 11:59 AM
2030-01-02T11:59:19+00:00 machine gtk-status-bar[3537]: 2030-01-02T11:59:19.581296Z  INFO gtk_status_bar::network: Network reachability probe completed target=192.0.2.1 success=true elapsed_ms=26
2030-01-02T11:59:19+00:00 machine gtk-status-bar[3537]: 2030-01-02T11:59:19.581342Z DEBUG gtk_status_bar::network: Sent network update label="\u{f091f} 28% \u{f0ac}"
2030-01-02T11:59:19+00:00 machine gtk-status-bar[3537]: 2030-01-02T11:59:19.581760Z DEBUG gtk_status_bar::widgets: Updating network label: 󰤟 28% 
2030-01-02T11:59:19+00:00 machine gtk-status-bar[3537]: 2030-01-02T11:59:19.939766Z DEBUG gtk_status_bar::widgets: Tray nav key item=":1.89/StatusNotifierItem" cmd=Last
2030-01-02T11:59:19+00:00 machine gtk-status-bar[3537]: 2030-01-02T11:59:19.947412Z DEBUG gtk_status_bar::tray: Tray backend received command item=":1.99/StatusNotifierItem" action=ContextMenu { request_id: 17, keyboard_grab: true } x=1397 y=11
2030-01-02T11:59:19+00:00 machine gtk-status-bar[3537]: 2030-01-02T11:59:19.963740Z DEBUG gtk_status_bar::tray: dbusmenu GetLayout reply decoded item=":1.99/StatusNotifierItem" fields=2
2030-01-02T11:59:19+00:00 machine gtk-status-bar[3537]: 2030-01-02T11:59:19.963793Z DEBUG gtk_status_bar::tray: dbusmenu layout parsed item=":1.99/StatusNotifierItem" count=4
2030-01-02T11:59:19+00:00 machine gtk-status-bar[3537]: 2030-01-02T11:59:19.981777Z DEBUG gtk_status_bar::widgets: Tray menu entry labels item=":1.99/StatusNotifierItem" labels=[Some("Show App"), Some("Open Quick Entry"), None, Some("Quit")]
2030-01-02T11:59:19+00:00 machine gtk-status-bar[3537]: 2030-01-02T11:59:19.983168Z DEBUG gtk_status_bar::widgets: Presenting tray menu item=":1.99/StatusNotifierItem" entries=4 keyboard_grab=true
2030-01-02T11:59:20+00:00 machine gtk-status-bar[3537]: 2030-01-02T11:59:20.004694Z DEBUG gtk_status_bar::widgets: Updating time label: 11:59 AM
2030-01-02T11:59:20+00:00 machine gtk-status-bar[3537]: 2030-01-02T11:59:20.017474Z  INFO gtk_status_bar::network: Network reachability probe completed target=198.51.100.1 success=false elapsed_ms=38
2030-01-02T11:59:20+00:00 machine gtk-status-bar[3537]: 2030-01-02T11:59:20.019100Z DEBUG gtk_status_bar::network: Sent network update label="\u{f091f} 28% \u{f0ac}"
2030-01-02T11:59:20+00:00 machine gtk-status-bar[3537]: 2030-01-02T11:59:20.019383Z DEBUG gtk_status_bar::widgets: Updating network label: 󰤟 28% 
2030-01-02T11:59:20+00:00 machine gtk-status-bar[3537]: 2030-01-02T11:59:20.095391Z DEBUG gtk_status_bar::widgets: Tray dropdown opened at level 0 item=":1.99/StatusNotifierItem"
2030-01-02T11:59:21+00:00 machine gtk-status-bar[3537]: 2030-01-02T11:59:21.005059Z DEBUG gtk_status_bar::widgets: Updating time label: 11:59 AM
2030-01-02T11:59:21+00:00 machine gtk-status-bar[3537]: 2030-01-02T11:59:21.540315Z  INFO gtk_status_bar::network: Network reachability probe completed target=198.51.100.1 success=false elapsed_ms=19
2030-01-02T11:59:21+00:00 machine gtk-status-bar[3537]: 2030-01-02T11:59:21.541008Z DEBUG gtk_status_bar::network: Sent network update label="\u{f091f} 28% \u{f0ac}"
2030-01-02T11:59:21+00:00 machine gtk-status-bar[3537]: 2030-01-02T11:59:21.541238Z DEBUG gtk_status_bar::widgets: Updating network label: 󰤟 28% 
2030-01-02T11:59:21+00:00 machine gtk-status-bar[3537]: 2030-01-02T11:59:21.615173Z DEBUG gtk_status_bar::tray: Tray backend received command item=":1.89/StatusNotifierItem" action=ContextMenu { request_id: 18, keyboard_grab: true } x=1322 y=11
2030-01-02T11:59:21+00:00 machine gtk-status-bar[3537]: 2030-01-02T11:59:21.616860Z DEBUG gtk_status_bar::tray: dbusmenu GetLayout reply decoded item=":1.89/StatusNotifierItem" fields=2
2030-01-02T11:59:21+00:00 machine gtk-status-bar[3537]: 2030-01-02T11:59:21.616985Z DEBUG gtk_status_bar::tray: dbusmenu layout parsed item=":1.89/StatusNotifierItem" count=5
2030-01-02T11:59:21+00:00 machine gtk-status-bar[3537]: 2030-01-02T11:59:21.617495Z DEBUG gtk_status_bar::widgets: Tray menu entry labels item=":1.89/StatusNotifierItem" labels=[Some("Keyboard - English (US)"), None, Some("Restart"), Some("Input Method Settings"), Some("Exit")]
2030-01-02T11:59:21+00:00 machine gtk-status-bar[3537]: 2030-01-02T11:59:21.620162Z DEBUG gtk_status_bar::widgets: Presenting tray menu item=":1.89/StatusNotifierItem" entries=5 keyboard_grab=true
2030-01-02T11:59:21+00:00 machine gtk-status-bar[3537]: 2030-01-02T11:59:21.735963Z DEBUG gtk_status_bar::widgets: Tray dropdown opened at level 0 item=":1.89/StatusNotifierItem"
2030-01-02T11:59:22+00:00 machine gtk-status-bar[3537]: 2030-01-02T11:59:22.001460Z DEBUG gtk_status_bar::widgets: Updating time label: 11:59 AM
2030-01-02T11:59:23+00:00 machine gtk-status-bar[3537]: 2030-01-02T11:59:23.003650Z DEBUG gtk_status_bar::widgets: Updating time label: 11:59 AM
2030-01-02T11:59:23+00:00 machine gtk-status-bar[3537]: 2030-01-02T11:59:23.301124Z  INFO gtk_status_bar::network: Network reachability probe completed target=192.0.2.1 success=true elapsed_ms=12
2030-01-02T11:59:23+00:00 machine gtk-status-bar[3537]: 2030-01-02T11:59:23.302793Z DEBUG gtk_status_bar::network: Sent network update label="\u{f091f} 28% \u{f0ac}"
2030-01-02T11:59:23+00:00 machine gtk-status-bar[3537]: 2030-01-02T11:59:23.303796Z DEBUG gtk_status_bar::widgets: Updating network label: 󰤟 28% 
2030-01-02T11:59:23+00:00 machine gtk-status-bar[3537]: 2030-01-02T11:59:23.510299Z DEBUG gtk_status_bar::tray: Tray backend received command item=":1.89/StatusNotifierItem" action=ContextMenu { request_id: 19, keyboard_grab: true } x=1322 y=11
2030-01-02T11:59:23+00:00 machine gtk-status-bar[3537]: 2030-01-02T11:59:23.514110Z DEBUG gtk_status_bar::tray: dbusmenu GetLayout reply decoded item=":1.89/StatusNotifierItem" fields=2
2030-01-02T11:59:23+00:00 machine gtk-status-bar[3537]: 2030-01-02T11:59:23.517325Z DEBUG gtk_status_bar::tray: dbusmenu layout parsed item=":1.89/StatusNotifierItem" count=5
2030-01-02T11:59:23+00:00 machine gtk-status-bar[3537]: 2030-01-02T11:59:23.536490Z DEBUG gtk_status_bar::widgets: Tray menu entry labels item=":1.89/StatusNotifierItem" labels=[Some("Keyboard - English (US)"), None, Some("Restart"), Some("Input Method Settings"), Some("Exit")]
2030-01-02T11:59:23+00:00 machine gtk-status-bar[3537]: 2030-01-02T11:59:23.544031Z DEBUG gtk_status_bar::widgets: Presenting tray menu item=":1.89/StatusNotifierItem" entries=5 keyboard_grab=true
2030-01-02T11:59:23+00:00 machine gtk-status-bar[3537]: 2030-01-02T11:59:23.655977Z DEBUG gtk_status_bar::widgets: Tray dropdown opened at level 0 item=":1.89/StatusNotifierItem"
2030-01-02T11:59:23+00:00 machine gtk-status-bar[3537]: 2030-01-02T11:59:23.850984Z DEBUG gtk_status_bar::widgets: Tray nav key item=":1.89/StatusNotifierItem" cmd=Down
2030-01-02T11:59:24+00:00 machine gtk-status-bar[3537]: 2030-01-02T11:59:24.008962Z DEBUG gtk_status_bar::widgets: Updating time label: 11:59 AM
2030-01-02T11:59:24+00:00 machine gtk-status-bar[3537]: 2030-01-02T11:59:24.347029Z  INFO gtk_status_bar::network: Network reachability probe completed target=192.0.2.1 success=true elapsed_ms=16
2030-01-02T11:59:24+00:00 machine gtk-status-bar[3537]: 2030-01-02T11:59:24.347115Z DEBUG gtk_status_bar::network: Sent network update label="\u{f091f} 28% \u{f0ac}"
2030-01-02T11:59:24+00:00 machine gtk-status-bar[3537]: 2030-01-02T11:59:24.347300Z DEBUG gtk_status_bar::widgets: Updating network label: 󰤟 28% 
2030-01-02T11:59:25+00:00 machine gtk-status-bar[3537]: 2030-01-02T11:59:25.001390Z DEBUG gtk_status_bar::widgets: Updating time label: 11:59 AM
2030-01-02T11:59:25+00:00 machine gtk-status-bar[3537]: 2030-01-02T11:59:25.158255Z  INFO gtk_status_bar::network: Network reachability probe completed target=198.51.100.1 success=false elapsed_ms=21
2030-01-02T11:59:25+00:00 machine gtk-status-bar[3537]: 2030-01-02T11:59:25.158309Z DEBUG gtk_status_bar::network: Sent network update label="\u{f091f} 28% \u{f0ac}"
2030-01-02T11:59:25+00:00 machine gtk-status-bar[3537]: 2030-01-02T11:59:25.158655Z DEBUG gtk_status_bar::widgets: Updating network label: 󰤟 28% 
2030-01-02T11:59:25+00:00 machine gtk-status-bar[3537]: 2030-01-02T11:59:25.344240Z  INFO gtk_status_bar::network: Network reachability probe completed target=192.0.2.1 success=true elapsed_ms=17
2030-01-02T11:59:25+00:00 machine gtk-status-bar[3537]: 2030-01-02T11:59:25.344291Z DEBUG gtk_status_bar::network: Sent network update label="\u{f091f} 28% \u{f0ac}"
2030-01-02T11:59:25+00:00 machine gtk-status-bar[3537]: 2030-01-02T11:59:25.349788Z DEBUG gtk_status_bar::widgets: Updating network label: 󰤟 28% 
2030-01-02T11:59:25+00:00 machine gtk-status-bar[3537]: 2030-01-02T11:59:25.434897Z DEBUG gtk_status_bar::widgets: Tray nav key item=":1.89/StatusNotifierItem" cmd=Up
2030-01-02T11:59:26+00:00 machine gtk-status-bar[3537]: 2030-01-02T11:59:26.000961Z DEBUG gtk_status_bar::widgets: Updating time label: 11:59 AM
2030-01-02T11:59:26+00:00 machine gtk-status-bar[3537]: 2030-01-02T11:59:26.292712Z  INFO gtk_status_bar::network: Network reachability probe completed target=198.51.100.1 success=false elapsed_ms=11
2030-01-02T11:59:26+00:00 machine gtk-status-bar[3537]: 2030-01-02T11:59:26.292771Z DEBUG gtk_status_bar::network: Sent network update label="\u{f091f} 28% \u{f0ac}"
2030-01-02T11:59:26+00:00 machine gtk-status-bar[3537]: 2030-01-02T11:59:26.297775Z DEBUG gtk_status_bar::widgets: Updating network label: 󰤟 28% 
2030-01-02T11:59:27+00:00 machine gtk-status-bar[3537]: 2030-01-02T11:59:27.001389Z DEBUG gtk_status_bar::widgets: Updating time label: 11:59 AM
2030-01-02T11:59:27+00:00 machine gtk-status-bar[3537]: 2030-01-02T11:59:27.746024Z  INFO gtk_status_bar::network: Network reachability probe completed target=198.51.100.1 success=false elapsed_ms=27
2030-01-02T11:59:27+00:00 machine gtk-status-bar[3537]: 2030-01-02T11:59:27.752618Z DEBUG gtk_status_bar::network: Sent network update label="\u{f091f} 28% \u{f0ac}"
2030-01-02T11:59:27+00:00 machine gtk-status-bar[3537]: 2030-01-02T11:59:27.753668Z DEBUG gtk_status_bar::widgets: Updating network label: 󰤟 28% 
2030-01-02T11:59:28+00:00 machine gtk-status-bar[3537]: 2030-01-02T11:59:28.000794Z DEBUG gtk_status_bar::widgets: Updating time label: 11:59 AM
2030-01-02T11:59:28+00:00 machine gtk-status-bar[3537]: 2030-01-02T11:59:28.588340Z  INFO gtk_status_bar::network: Network reachability probe completed target=192.0.2.1 success=true elapsed_ms=12
2030-01-02T11:59:28+00:00 machine gtk-status-bar[3537]: 2030-01-02T11:59:28.589714Z DEBUG gtk_status_bar::network: Sent network update label="\u{f091f} 28% \u{f0ac}"
2030-01-02T11:59:28+00:00 machine gtk-status-bar[3537]: 2030-01-02T11:59:28.590012Z DEBUG gtk_status_bar::widgets: Updating network label: 󰤟 28% 
2030-01-02T11:59:28+00:00 machine gtk-status-bar[3537]: 2030-01-02T11:59:28.649788Z  INFO gtk_status_bar::network: Network reachability probe completed target=198.51.100.1 success=false elapsed_ms=10
2030-01-02T11:59:28+00:00 machine gtk-status-bar[3537]: 2030-01-02T11:59:28.651290Z DEBUG gtk_status_bar::network: Sent network update label="\u{f091f} 28% \u{f0ac}"
2030-01-02T11:59:28+00:00 machine gtk-status-bar[3537]: 2030-01-02T11:59:28.653352Z DEBUG gtk_status_bar::widgets: Updating network label: 󰤟 28% 
2030-01-02T11:59:28+00:00 machine gtk-status-bar[3537]: 2030-01-02T11:59:28.767884Z DEBUG gtk_status_bar::widgets: Tray nav key item=":1.89/StatusNotifierItem" cmd=Last
2030-01-02T11:59:29+00:00 machine gtk-status-bar[3537]: 2030-01-02T11:59:29.001264Z DEBUG gtk_status_bar::widgets: Updating time label: 11:59 AM
2030-01-02T11:59:30+00:00 machine gtk-status-bar[3537]: 2030-01-02T11:59:30.000843Z DEBUG gtk_status_bar::widgets: Updating time label: 11:59 AM
2030-01-02T11:59:30+00:00 machine gtk-status-bar[3537]: 2030-01-02T11:59:30.354468Z  INFO gtk_status_bar::network: Network reachability probe completed target=192.0.2.1 success=true elapsed_ms=29
2030-01-02T11:59:30+00:00 machine gtk-status-bar[3537]: 2030-01-02T11:59:30.354512Z DEBUG gtk_status_bar::network: Sent network update label="\u{f091f} 28% \u{f0ac}"
2030-01-02T11:59:30+00:00 machine gtk-status-bar[3537]: 2030-01-02T11:59:30.356889Z DEBUG gtk_status_bar::widgets: Updating network label: 󰤟 28% 
2030-01-02T11:59:30+00:00 machine gtk-status-bar[3537]: 2030-01-02T11:59:30.448216Z DEBUG gtk_status_bar::widgets: Tray nav key item=":1.89/StatusNotifierItem" cmd=Escape
2030-01-02T11:59:30+00:00 machine gtk-status-bar[3537]: 2030-01-02T11:59:30.495494Z  INFO gtk_status_bar::network: Network reachability probe completed target=192.0.2.1 success=true elapsed_ms=34
2030-01-02T11:59:30+00:00 machine gtk-status-bar[3537]: 2030-01-02T11:59:30.495615Z DEBUG gtk_status_bar::network: Sent network update label="\u{f091f} 28% \u{f0ac}"
2030-01-02T11:59:30+00:00 machine gtk-status-bar[3537]: 2030-01-02T11:59:30.496812Z DEBUG gtk_status_bar::widgets: Updating network label: 󰤟 28% 
2030-01-02T11:59:31+00:00 machine gtk-status-bar[3537]: 2030-01-02T11:59:31.001257Z DEBUG gtk_status_bar::widgets: Updating time label: 11:59 AM
2030-01-02T11:59:31+00:00 machine gtk-status-bar[3537]: 2030-01-02T11:59:31.950806Z  INFO gtk_status_bar::network: Network reachability probe completed target=198.51.100.1 success=false elapsed_ms=34
2030-01-02T11:59:31+00:00 machine gtk-status-bar[3537]: 2030-01-02T11:59:31.950880Z DEBUG gtk_status_bar::network: Sent network update label="\u{f091f} 28% \u{f0ac}"
2030-01-02T11:59:31+00:00 machine gtk-status-bar[3537]: 2030-01-02T11:59:31.961944Z DEBUG gtk_status_bar::widgets: Updating network label: 󰤟 28% 
2030-01-02T11:59:32+00:00 machine gtk-status-bar[3537]: 2030-01-02T11:59:32.000717Z DEBUG gtk_status_bar::widgets: Updating time label: 11:59 AM
2030-01-02T11:59:32+00:00 machine gtk-status-bar[3537]: 2030-01-02T11:59:32.111409Z DEBUG gtk_status_bar::widgets: Tray nav key item=":1.89/StatusNotifierItem" cmd=Escape
2030-01-02T11:59:32+00:00 machine gtk-status-bar[3537]: 2030-01-02T11:59:32.112398Z  INFO gtk_status_bar::widgets: Tray menu released keyboard focus request_id=11
2030-01-02T11:59:32+00:00 machine gtk-status-bar[3537]: 2030-01-02T11:59:32.112484Z DEBUG gtk_status_bar::widgets: Tray keyboard navigation ended
2030-01-02T11:59:32+00:00 machine gtk-status-bar[3537]: 2030-01-02T11:59:32.413837Z  INFO gtk_status_bar::network: Network reachability probe completed target=198.51.100.1 success=false elapsed_ms=10
2030-01-02T11:59:32+00:00 machine gtk-status-bar[3537]: 2030-01-02T11:59:32.413894Z DEBUG gtk_status_bar::network: Sent network update label="\u{f091f} 28% \u{f0ac}"
2030-01-02T11:59:32+00:00 machine gtk-status-bar[3537]: 2030-01-02T11:59:32.414066Z DEBUG gtk_status_bar::widgets: Updating network label: 󰤟 28% 
2030-01-02T11:59:32+00:00 machine gtk-status-bar[3537]: 2030-01-02T11:59:32.893182Z  INFO gtk_status_bar::network: Network reachability probe completed target=192.0.2.1 success=true elapsed_ms=12
2030-01-02T11:59:32+00:00 machine gtk-status-bar[3537]: 2030-01-02T11:59:32.893239Z DEBUG gtk_status_bar::network: Sent network update label="\u{f091f} 28% \u{f0ac}"
2030-01-02T11:59:32+00:00 machine gtk-status-bar[3537]: 2030-01-02T11:59:32.893383Z DEBUG gtk_status_bar::widgets: Updating network label: 󰤟 28% 
2030-01-02T11:59:33+00:00 machine gtk-status-bar[3537]: 2030-01-02T11:59:33.001176Z DEBUG gtk_status_bar::widgets: Updating time label: 11:59 AM
2030-01-02T11:59:33+00:00 machine gtk-status-bar[3537]: 2030-01-02T11:59:33.226966Z  INFO gtk_status_bar::network: Network reachability probe completed target=192.0.2.1 success=true elapsed_ms=10
2030-01-02T11:59:33+00:00 machine gtk-status-bar[3537]: 2030-01-02T11:59:33.227030Z DEBUG gtk_status_bar::network: Sent network update label="\u{f091f} 28% \u{f0ac}"
2030-01-02T11:59:33+00:00 machine gtk-status-bar[3537]: 2030-01-02T11:59:33.227182Z DEBUG gtk_status_bar::widgets: Updating network label: 󰤟 28% 
2030-01-02T11:59:34+00:00 machine gtk-status-bar[3537]: 2030-01-02T11:59:34.000809Z DEBUG gtk_status_bar::widgets: Updating time label: 11:59 AM
2030-01-02T11:59:34+00:00 machine gtk-status-bar[3537]: 2030-01-02T11:59:34.058213Z  INFO gtk_status_bar::widgets: Tray menu acquired exclusive keyboard focus request_id=21
2030-01-02T11:59:34+00:00 machine gtk-status-bar[3537]: 2030-01-02T11:59:34.058405Z DEBUG gtk_status_bar::tray: Tray backend received command item=":1.89/StatusNotifierItem" action=ContextMenu { request_id: 22, keyboard_grab: true } x=1322 y=11
2030-01-02T11:59:34+00:00 machine gtk-status-bar[3537]: 2030-01-02T11:59:34.059396Z DEBUG gtk_status_bar::tray: dbusmenu GetLayout reply decoded item=":1.89/StatusNotifierItem" fields=2
2030-01-02T11:59:34+00:00 machine gtk-status-bar[3537]: 2030-01-02T11:59:34.059424Z DEBUG gtk_status_bar::tray: dbusmenu layout parsed item=":1.89/StatusNotifierItem" count=5
2030-01-02T11:59:34+00:00 machine gtk-status-bar[3537]: 2030-01-02T11:59:34.062484Z DEBUG gtk_status_bar::widgets: Tray menu entry labels item=":1.89/StatusNotifierItem" labels=[Some("Keyboard - English (US)"), None, Some("Restart"), Some("Input Method Settings"), Some("Exit")]
2030-01-02T11:59:34+00:00 machine gtk-status-bar[3537]: 2030-01-02T11:59:34.062899Z DEBUG gtk_status_bar::widgets: Presenting tray menu item=":1.89/StatusNotifierItem" entries=5 keyboard_grab=true
2030-01-02T11:59:34+00:00 machine gtk-status-bar[3537]: 2030-01-02T11:59:34.172066Z DEBUG gtk_status_bar::widgets: Tray dropdown opened at level 0 item=":1.89/StatusNotifierItem"
2030-01-02T11:59:34+00:00 machine gtk-status-bar[3537]: 2030-01-02T11:59:34.334262Z DEBUG gtk_status_bar::widgets: Tray nav key item=":1.89/StatusNotifierItem" cmd=Up
2030-01-02T11:59:34+00:00 machine gtk-status-bar[3537]: 2030-01-02T11:59:34.748689Z  INFO gtk_status_bar::network: Network reachability probe completed target=198.51.100.1 success=false elapsed_ms=14
2030-01-02T11:59:34+00:00 machine gtk-status-bar[3537]: 2030-01-02T11:59:34.749802Z DEBUG gtk_status_bar::network: Sent network update label="\u{f091f} 28% \u{f0ac}"
2030-01-02T11:59:34+00:00 machine gtk-status-bar[3537]: 2030-01-02T11:59:34.750720Z DEBUG gtk_status_bar::widgets: Updating network label: 󰤟 28% 
2030-01-02T11:59:35+00:00 machine gtk-status-bar[3537]: 2030-01-02T11:59:35.001801Z DEBUG gtk_status_bar::widgets: Updating time label: 11:59 AM
2030-01-02T11:59:35+00:00 machine gtk-status-bar[3537]: 2030-01-02T11:59:35.106714Z  INFO gtk_status_bar::network: Network reachability probe completed target=192.0.2.1 success=true elapsed_ms=23
2030-01-02T11:59:35+00:00 machine gtk-status-bar[3537]: 2030-01-02T11:59:35.106764Z DEBUG gtk_status_bar::network: Sent network update label="\u{f091f} 28% \u{f0ac}"
2030-01-02T11:59:35+00:00 machine gtk-status-bar[3537]: 2030-01-02T11:59:35.107844Z DEBUG gtk_status_bar::widgets: Updating network label: 󰤟 28% 
2030-01-02T11:59:35+00:00 machine gtk-status-bar[3537]: 2030-01-02T11:59:35.207912Z  INFO gtk_status_bar::network: Network reachability probe completed target=198.51.100.1 success=false elapsed_ms=10
2030-01-02T11:59:35+00:00 machine gtk-status-bar[3537]: 2030-01-02T11:59:35.209152Z DEBUG gtk_status_bar::network: Sent network update label="\u{f091f} 28% \u{f0ac}"
2030-01-02T11:59:35+00:00 machine gtk-status-bar[3537]: 2030-01-02T11:59:35.209426Z DEBUG gtk_status_bar::widgets: Updating network label: 󰤟 28% 
2030-01-02T11:59:35+00:00 machine gtk-status-bar[3537]: 2030-01-02T11:59:35.408907Z DEBUG gtk_status_bar::widgets: Tray nav key item=":1.89/StatusNotifierItem" cmd=Escape
2030-01-02T11:59:36+00:00 machine gtk-status-bar[3537]: 2030-01-02T11:59:36.001748Z DEBUG gtk_status_bar::widgets: Updating time label: 11:59 AM
2030-01-02T11:59:36+00:00 machine gtk-status-bar[3537]: 2030-01-02T11:59:36.994692Z  INFO gtk_status_bar::network: Network reachability probe completed target=192.0.2.1 success=true elapsed_ms=13
2030-01-02T11:59:36+00:00 machine gtk-status-bar[3537]: 2030-01-02T11:59:36.994744Z DEBUG gtk_status_bar::network: Sent network update label="\u{f091f} 28% \u{f0ac}"
2030-01-02T11:59:36+00:00 machine gtk-status-bar[3537]: 2030-01-02T11:59:36.995857Z DEBUG gtk_status_bar::widgets: Updating network label: 󰤟 28% 
2030-01-02T11:59:37+00:00 machine gtk-status-bar[3537]: 2030-01-02T11:59:37.001432Z DEBUG gtk_status_bar::widgets: Updating time label: 11:59 AM
2030-01-02T11:59:37+00:00 machine gtk-status-bar[3537]: 2030-01-02T11:59:37.043481Z DEBUG gtk_status_bar::widgets: Tray nav key item=":1.89/StatusNotifierItem" cmd=Escape
2030-01-02T11:59:37+00:00 machine gtk-status-bar[3537]: 2030-01-02T11:59:37.044397Z  INFO gtk_status_bar::widgets: Tray menu released keyboard focus request_id=21
2030-01-02T11:59:37+00:00 machine gtk-status-bar[3537]: 2030-01-02T11:59:37.044484Z DEBUG gtk_status_bar::widgets: Tray keyboard navigation ended
2030-01-02T11:59:38+00:00 machine gtk-status-bar[3537]: 2030-01-02T11:59:38.000744Z DEBUG gtk_status_bar::widgets: Updating time label: 11:59 AM
2030-01-02T11:59:38+00:00 machine gtk-status-bar[3537]: 2030-01-02T11:59:38.720888Z  INFO gtk_status_bar::network: Network reachability probe completed target=198.51.100.1 success=false elapsed_ms=18
2030-01-02T11:59:38+00:00 machine gtk-status-bar[3537]: 2030-01-02T11:59:38.720949Z DEBUG gtk_status_bar::network: Sent network update label="\u{f091f} 28% \u{f0ac}"
2030-01-02T11:59:38+00:00 machine gtk-status-bar[3537]: 2030-01-02T11:59:38.738772Z DEBUG gtk_status_bar::widgets: Updating network label: 󰤟 28% 
2030-01-02T11:59:38+00:00 machine gtk-status-bar[3537]: 2030-01-02T11:59:38.962974Z  INFO gtk_status_bar::widgets: Tray menu acquired exclusive keyboard focus request_id=24
2030-01-02T11:59:38+00:00 machine gtk-status-bar[3537]: 2030-01-02T11:59:38.963678Z DEBUG gtk_status_bar::tray: Tray backend received command item=":1.89/StatusNotifierItem" action=ContextMenu { request_id: 25, keyboard_grab: true } x=1322 y=11
2030-01-02T11:59:38+00:00 machine gtk-status-bar[3537]: 2030-01-02T11:59:38.965695Z DEBUG gtk_status_bar::tray: dbusmenu GetLayout reply decoded item=":1.89/StatusNotifierItem" fields=2
2030-01-02T11:59:38+00:00 machine gtk-status-bar[3537]: 2030-01-02T11:59:38.966618Z DEBUG gtk_status_bar::tray: dbusmenu layout parsed item=":1.89/StatusNotifierItem" count=5
2030-01-02T11:59:38+00:00 machine gtk-status-bar[3537]: 2030-01-02T11:59:38.969353Z DEBUG gtk_status_bar::widgets: Tray menu entry labels item=":1.89/StatusNotifierItem" labels=[Some("Keyboard - English (US)"), None, Some("Restart"), Some("Input Method Settings"), Some("Exit")]
2030-01-02T11:59:38+00:00 machine gtk-status-bar[3537]: 2030-01-02T11:59:38.969876Z DEBUG gtk_status_bar::widgets: Presenting tray menu item=":1.89/StatusNotifierItem" entries=5 keyboard_grab=true
2030-01-02T11:59:39+00:00 machine gtk-status-bar[3537]: 2030-01-02T11:59:39.001113Z DEBUG gtk_status_bar::widgets: Updating time label: 11:59 AM
2030-01-02T11:59:39+00:00 machine gtk-status-bar[3537]: 2030-01-02T11:59:39.088390Z DEBUG gtk_status_bar::widgets: Tray dropdown opened at level 0 item=":1.89/StatusNotifierItem"
2030-01-02T11:59:39+00:00 machine gtk-status-bar[3537]: 2030-01-02T11:59:39.420010Z  INFO gtk_status_bar::widgets: Tray menu released keyboard focus request_id=24
2030-01-02T11:59:39+00:00 machine gtk-status-bar[3537]: 2030-01-02T11:59:39.420091Z DEBUG gtk_status_bar::widgets: Tray keyboard navigation ended
2030-01-02T11:59:40+00:00 machine gtk-status-bar[3537]: 2030-01-02T11:59:40.000923Z DEBUG gtk_status_bar::widgets: Updating time label: 11:59 AM
2030-01-02T11:59:40+00:00 machine gtk-status-bar[3537]: 2030-01-02T11:59:40.217670Z  INFO gtk_status_bar::network: Network reachability probe completed target=198.51.100.1 success=false elapsed_ms=10
2030-01-02T11:59:40+00:00 machine gtk-status-bar[3537]: 2030-01-02T11:59:40.217717Z DEBUG gtk_status_bar::network: Sent network update label="\u{f091f} 28% \u{f0ac}"
2030-01-02T11:59:40+00:00 machine gtk-status-bar[3537]: 2030-01-02T11:59:40.217893Z DEBUG gtk_status_bar::widgets: Updating network label: 󰤟 28% 
2030-01-02T11:59:40+00:00 machine gtk-status-bar[3537]: 2030-01-02T11:59:40.928463Z  INFO gtk_status_bar::network: Network reachability probe completed target=192.0.2.1 success=true elapsed_ms=11
2030-01-02T11:59:40+00:00 machine gtk-status-bar[3537]: 2030-01-02T11:59:40.928511Z DEBUG gtk_status_bar::network: Sent network update label="\u{f091f} 28% \u{f0ac}"
2030-01-02T11:59:40+00:00 machine gtk-status-bar[3537]: 2030-01-02T11:59:40.943436Z DEBUG gtk_status_bar::widgets: Updating network label: 󰤟 28% 
2030-01-02T11:59:41+00:00 machine gtk-status-bar[3537]: 2030-01-02T11:59:41.001354Z DEBUG gtk_status_bar::widgets: Updating time label: 11:59 AM
2030-01-02T11:59:41+00:00 machine gtk-status-bar[3537]: 2030-01-02T11:59:41.273723Z  INFO gtk_status_bar::widgets: Tray menu acquired exclusive keyboard focus request_id=28
2030-01-02T11:59:41+00:00 machine gtk-status-bar[3537]: 2030-01-02T11:59:41.273958Z DEBUG gtk_status_bar::tray: Tray backend received command item=":1.89/StatusNotifierItem" action=ContextMenu { request_id: 29, keyboard_grab: true } x=1322 y=11
2030-01-02T11:59:41+00:00 machine gtk-status-bar[3537]: 2030-01-02T11:59:41.275259Z DEBUG gtk_status_bar::tray: dbusmenu GetLayout reply decoded item=":1.89/StatusNotifierItem" fields=2
2030-01-02T11:59:41+00:00 machine gtk-status-bar[3537]: 2030-01-02T11:59:41.275287Z DEBUG gtk_status_bar::tray: dbusmenu layout parsed item=":1.89/StatusNotifierItem" count=5
2030-01-02T11:59:41+00:00 machine gtk-status-bar[3537]: 2030-01-02T11:59:41.283643Z DEBUG gtk_status_bar::widgets: Tray menu entry labels item=":1.89/StatusNotifierItem" labels=[Some("Keyboard - English (US)"), None, Some("Restart"), Some("Input Method Settings"), Some("Exit")]
2030-01-02T11:59:41+00:00 machine gtk-status-bar[3537]: 2030-01-02T11:59:41.283935Z DEBUG gtk_status_bar::widgets: Presenting tray menu item=":1.89/StatusNotifierItem" entries=5 keyboard_grab=true
2030-01-02T11:59:41+00:00 machine gtk-status-bar[3537]: 2030-01-02T11:59:41.401991Z DEBUG gtk_status_bar::widgets: Tray dropdown opened at level 0 item=":1.89/StatusNotifierItem"
2030-01-02T11:59:41+00:00 machine gtk-status-bar[3537]: 2030-01-02T11:59:41.467062Z DEBUG gtk_status_bar::hypr: Active window changed window=Some(WindowEventData { class: "kitty", title: "界🙂界🙂界🙂界🙂界🙂界🙂界🙂界🙂界🙂界🙂界🙂界🙂界🙂界🙂界🙂界🙂界🙂界🙂界🙂界🙂界🙂界🙂界🙂界🙂界🙂界🙂界🙂界🙂界🙂界🙂界🙂界🙂界🙂界🙂界🙂界🙂界🙂界🙂界🙂界🙂", address: Address("0x57c07fc69630") })
2030-01-02T11:59:41+00:00 machine gtk-status-bar[3537]: 2030-01-02T11:59:41.514616Z DEBUG gtk_status_bar::hypr: Refreshing current workspace clients reason="active-window-changed" workspace_id=2 client_count=10 active_address="0x57c07ed67d00"
2030-01-02T11:59:41+00:00 machine gtk-status-bar[3537]: 2030-01-02T11:59:41.515737Z DEBUG gtk_status_bar::hypr: Active window changed window=Some(WindowEventData { class: "kitty", title: "KeyboardFocusEvidence", address: Address("0x57c07ed67d00") })
2030-01-02T11:59:41+00:00 machine gtk-status-bar[3537]: 2030-01-02T11:59:41.515989Z DEBUG gtk_status_bar::widgets: Updating workspace client strip workspace_id=2 client_count=10
2030-01-02T11:59:41+00:00 machine gtk-status-bar[3537]: 2030-01-02T11:59:41.516260Z DEBUG gtk_status_bar::widgets: Updating client pill address=0x57c07edca530 title="hello" compact_title="hello" class="kitty" active=false
2030-01-02T11:59:41+00:00 machine gtk-status-bar[3537]: 2030-01-02T11:59:41.516318Z DEBUG gtk_status_bar::widgets: Updating client pill address=0x57c07ebdd140 title="AAAAAAAAAAAAAAAAAAAAAAAAAAAAAAAAAAAAAAAAAAAAAAAAAAAAAAAAAAAAAAAA" compact_title="AAAAAAAAAAA…" class="kitty" active=false
2030-01-02T11:59:41+00:00 machine gtk-status-bar[3537]: 2030-01-02T11:59:41.516370Z DEBUG gtk_status_bar::widgets: Updating client pill address=0x57c07ec51e80 title="0123456789012345678901234567890…89012345678901234567890123456789" compact_title="01234567890…" class="kitty" active=false
2030-01-02T11:59:41+00:00 machine gtk-status-bar[3537]: 2030-01-02T11:59:41.516413Z DEBUG gtk_status_bar::widgets: Updating client pill address=0x57c07fc69630 title="界🙂界🙂界🙂界🙂界🙂界🙂界🙂界🙂界🙂界🙂界🙂界🙂界🙂界🙂界🙂界…界🙂界🙂界🙂界🙂界🙂界🙂界🙂界🙂界🙂界🙂界🙂界🙂界🙂界🙂界🙂界🙂" compact_title="界🙂界🙂界🙂界🙂界🙂界…" class="kitty" active=false
2030-01-02T11:59:41+00:00 machine gtk-status-bar[3537]: 2030-01-02T11:59:41.516596Z DEBUG gtk_status_bar::widgets: Updating client pill address=0x57c07fdc32d0 title="Focus Left" compact_title="Focus" class="kitty" active=false
2030-01-02T11:59:41+00:00 machine gtk-status-bar[3537]: 2030-01-02T11:59:41.516661Z DEBUG gtk_status_bar::widgets: Updating client pill address=0x57c07fc75300 title="Focus Right" compact_title="Focus" class="kitty" active=false
2030-01-02T11:59:41+00:00 machine gtk-status-bar[3537]: 2030-01-02T11:59:41.516707Z DEBUG gtk_status_bar::widgets: Updating client pill address=0x57c07ecb0460 title="Close OS window" compact_title="Close" class="kitty" active=false
2030-01-02T11:59:41+00:00 machine gtk-status-bar[3537]: 2030-01-02T11:59:41.516748Z DEBUG gtk_status_bar::widgets: Updating client pill address=0x57c07fc14030 title="Renamed client" compact_title="Renamed" class="kitty" active=false
2030-01-02T11:59:41+00:00 machine gtk-status-bar[3537]: 2030-01-02T11:59:41.516787Z DEBUG gtk_status_bar::widgets: Updating client pill address=0x57c07ec5f330 title="Claude" compact_title="Claude" class="claude-desktop" active=false
2030-01-02T11:59:41+00:00 machine gtk-status-bar[3537]: 2030-01-02T11:59:41.516835Z DEBUG gtk_status_bar::widgets: Updating client pill address=0x57c07ed67d00 title="KeyboardFocusEvidence" compact_title="KeyboardFoc…" class="kitty" active=true
2030-01-02T11:59:41+00:00 machine gtk-status-bar[3537]: 2030-01-02T11:59:41.587748Z DEBUG gtk_status_bar::hypr: Refreshing current workspace clients reason="active-window-changed" workspace_id=2 client_count=10 active_address="0x57c07ed67d00"
2030-01-02T11:59:41+00:00 machine gtk-status-bar[3537]: 2030-01-02T11:59:41.592734Z DEBUG gtk_status_bar::widgets: Updating workspace client strip workspace_id=2 client_count=10
2030-01-02T11:59:41+00:00 machine gtk-status-bar[3537]: 2030-01-02T11:59:41.593005Z DEBUG gtk_status_bar::widgets: Updating client pill address=0x57c07edca530 title="hello" compact_title="hello" class="kitty" active=false
2030-01-02T11:59:41+00:00 machine gtk-status-bar[3537]: 2030-01-02T11:59:41.593073Z DEBUG gtk_status_bar::widgets: Updating client pill address=0x57c07ebdd140 title="AAAAAAAAAAAAAAAAAAAAAAAAAAAAAAAAAAAAAAAAAAAAAAAAAAAAAAAAAAAAAAAA" compact_title="AAAAAAAAAAA…" class="kitty" active=false
2030-01-02T11:59:41+00:00 machine gtk-status-bar[3537]: 2030-01-02T11:59:41.593120Z DEBUG gtk_status_bar::widgets: Updating client pill address=0x57c07ec51e80 title="0123456789012345678901234567890…89012345678901234567890123456789" compact_title="01234567890…" class="kitty" active=false
2030-01-02T11:59:41+00:00 machine gtk-status-bar[3537]: 2030-01-02T11:59:41.593171Z DEBUG gtk_status_bar::widgets: Updating client pill address=0x57c07fc69630 title="界🙂界🙂界🙂界🙂界🙂界🙂界🙂界🙂界🙂界🙂界🙂界🙂界🙂界🙂界🙂界…界🙂界🙂界🙂界🙂界🙂界🙂界🙂界🙂界🙂界🙂界🙂界🙂界🙂界🙂界🙂界🙂" compact_title="界🙂界🙂界🙂界🙂界🙂界…" class="kitty" active=false
2030-01-02T11:59:41+00:00 machine gtk-status-bar[3537]: 2030-01-02T11:59:41.593259Z DEBUG gtk_status_bar::widgets: Updating client pill address=0x57c07fdc32d0 title="Focus Left" compact_title="Focus" class="kitty" active=false
2030-01-02T11:59:41+00:00 machine gtk-status-bar[3537]: 2030-01-02T11:59:41.593298Z DEBUG gtk_status_bar::widgets: Updating client pill address=0x57c07fc75300 title="Focus Right" compact_title="Focus" class="kitty" active=false
2030-01-02T11:59:41+00:00 machine gtk-status-bar[3537]: 2030-01-02T11:59:41.593343Z DEBUG gtk_status_bar::widgets: Updating client pill address=0x57c07ecb0460 title="Close OS window" compact_title="Close" class="kitty" active=false
2030-01-02T11:59:41+00:00 machine gtk-status-bar[3537]: 2030-01-02T11:59:41.593386Z DEBUG gtk_status_bar::widgets: Updating client pill address=0x57c07fc14030 title="Renamed client" compact_title="Renamed" class="kitty" active=false
2030-01-02T11:59:41+00:00 machine gtk-status-bar[3537]: 2030-01-02T11:59:41.593430Z DEBUG gtk_status_bar::widgets: Updating client pill address=0x57c07ec5f330 title="Claude" compact_title="Claude" class="claude-desktop" active=false
2030-01-02T11:59:41+00:00 machine gtk-status-bar[3537]: 2030-01-02T11:59:41.593475Z DEBUG gtk_status_bar::widgets: Updating client pill address=0x57c07ed67d00 title="KeyboardFocusEvidence" compact_title="KeyboardFoc…" class="kitty" active=true
2030-01-02T11:59:41+00:00 machine gtk-status-bar[3537]: 2030-01-02T11:59:41.752980Z  INFO gtk_status_bar::network: Network reachability probe completed target=192.0.2.1 success=true elapsed_ms=94
2030-01-02T11:59:41+00:00 machine gtk-status-bar[3537]: 2030-01-02T11:59:41.753023Z DEBUG gtk_status_bar::network: Sent network update label="\u{f091f} 28% \u{f0ac}"
2030-01-02T11:59:41+00:00 machine gtk-status-bar[3537]: 2030-01-02T11:59:41.753475Z DEBUG gtk_status_bar::widgets: Updating network label: 󰤟 28% 
2030-01-02T11:59:42+00:00 machine gtk-status-bar[3537]: 2030-01-02T11:59:42.000726Z DEBUG gtk_status_bar::widgets: Updating time label: 11:59 AM
2030-01-02T11:59:42+00:00 machine gtk-status-bar[3537]: 2030-01-02T11:59:42.284771Z  INFO gtk_status_bar::network: Network reachability probe completed target=198.51.100.1 success=false elapsed_ms=20
2030-01-02T11:59:42+00:00 machine gtk-status-bar[3537]: 2030-01-02T11:59:42.284832Z DEBUG gtk_status_bar::network: Sent network update label="\u{f091f} 28% \u{f0ac}"
2030-01-02T11:59:42+00:00 machine gtk-status-bar[3537]: 2030-01-02T11:59:42.285019Z DEBUG gtk_status_bar::widgets: Updating network label: 󰤟 28% 
2030-01-02T11:59:42+00:00 machine gtk-status-bar[3537]: 2030-01-02T11:59:42.894679Z  INFO gtk_status_bar::widgets: Tray menu released keyboard focus request_id=28
2030-01-02T11:59:42+00:00 machine gtk-status-bar[3537]: 2030-01-02T11:59:42.894815Z DEBUG gtk_status_bar::widgets: Tray keyboard navigation ended
2030-01-02T11:59:43+00:00 machine gtk-status-bar[3537]: 2030-01-02T11:59:43.001165Z DEBUG gtk_status_bar::widgets: Updating time label: 11:59 AM
2030-01-02T11:59:43+00:00 machine gtk-status-bar[3537]: 2030-01-02T11:59:43.519934Z  INFO gtk_status_bar::network: Network reachability probe completed target=198.51.100.1 success=false elapsed_ms=10
2030-01-02T11:59:43+00:00 machine gtk-status-bar[3537]: 2030-01-02T11:59:43.519987Z DEBUG gtk_status_bar::network: Sent network update label="\u{f091f} 28% \u{f0ac}"
2030-01-02T11:59:43+00:00 machine gtk-status-bar[3537]: 2030-01-02T11:59:43.520156Z DEBUG gtk_status_bar::widgets: Updating network label: 󰤟 28% 
2030-01-02T11:59:44+00:00 machine gtk-status-bar[3537]: 2030-01-02T11:59:44.001064Z DEBUG gtk_status_bar::widgets: Updating time label: 11:59 AM
2030-01-02T11:59:44+00:00 machine gtk-status-bar[3537]: 2030-01-02T11:59:44.274114Z  INFO gtk_status_bar::network: Network reachability probe completed target=192.0.2.1 success=true elapsed_ms=11
2030-01-02T11:59:44+00:00 machine gtk-status-bar[3537]: 2030-01-02T11:59:44.274162Z DEBUG gtk_status_bar::network: Sent network update label="\u{f091f} 28% \u{f0ac}"
2030-01-02T11:59:44+00:00 machine gtk-status-bar[3537]: 2030-01-02T11:59:44.274325Z DEBUG gtk_status_bar::widgets: Updating network label: 󰤟 28% 
2030-01-02T11:59:44+00:00 machine gtk-status-bar[3537]: 2030-01-02T11:59:44.652178Z  INFO gtk_status_bar::network: Network reachability probe completed target=192.0.2.1 success=true elapsed_ms=9
2030-01-02T11:59:44+00:00 machine gtk-status-bar[3537]: 2030-01-02T11:59:44.652232Z DEBUG gtk_status_bar::network: Sent network update label="\u{f091f} 28% \u{f0ac}"
2030-01-02T11:59:44+00:00 machine gtk-status-bar[3537]: 2030-01-02T11:59:44.655304Z DEBUG gtk_status_bar::widgets: Updating network label: 󰤟 28% 
2030-01-02T11:59:44+00:00 machine gtk-status-bar[3537]: 2030-01-02T11:59:44.752810Z  INFO gtk_status_bar::widgets: Tray menu acquired exclusive keyboard focus request_id=31
2030-01-02T11:59:44+00:00 machine gtk-status-bar[3537]: 2030-01-02T11:59:44.754140Z DEBUG gtk_status_bar::tray: Tray backend received command item=":1.89/StatusNotifierItem" action=ContextMenu { request_id: 32, keyboard_grab: true } x=1322 y=11
2030-01-02T11:59:44+00:00 machine gtk-status-bar[3537]: 2030-01-02T11:59:44.755291Z DEBUG gtk_status_bar::tray: dbusmenu GetLayout reply decoded item=":1.89/StatusNotifierItem" fields=2
2030-01-02T11:59:44+00:00 machine gtk-status-bar[3537]: 2030-01-02T11:59:44.755320Z DEBUG gtk_status_bar::tray: dbusmenu layout parsed item=":1.89/StatusNotifierItem" count=5
2030-01-02T11:59:44+00:00 machine gtk-status-bar[3537]: 2030-01-02T11:59:44.758766Z DEBUG gtk_status_bar::widgets: Tray menu entry labels item=":1.89/StatusNotifierItem" labels=[Some("Keyboard - English (US)"), None, Some("Restart"), Some("Input Method Settings"), Some("Exit")]
2030-01-02T11:59:44+00:00 machine gtk-status-bar[3537]: 2030-01-02T11:59:44.759069Z DEBUG gtk_status_bar::widgets: Presenting tray menu item=":1.89/StatusNotifierItem" entries=5 keyboard_grab=true
2030-01-02T11:59:44+00:00 machine gtk-status-bar[3537]: 2030-01-02T11:59:44.874256Z DEBUG gtk_status_bar::widgets: Tray dropdown opened at level 0 item=":1.89/StatusNotifierItem"
2030-01-02T11:59:45+00:00 machine gtk-status-bar[3537]: 2030-01-02T11:59:45.003804Z DEBUG gtk_status_bar::widgets: Updating time label: 11:59 AM
2030-01-02T11:59:45+00:00 machine gtk-status-bar[3537]: 2030-01-02T11:59:45.028117Z DEBUG gtk_status_bar::widgets: Tray nav key item=":1.89/StatusNotifierItem" cmd=Activate
2030-01-02T11:59:45+00:00 machine gtk-status-bar[3537]: 2030-01-02T11:59:45.505998Z  INFO gtk_status_bar::network: Network reachability probe completed target=198.51.100.1 success=false elapsed_ms=15
2030-01-02T11:59:45+00:00 machine gtk-status-bar[3537]: 2030-01-02T11:59:45.506059Z DEBUG gtk_status_bar::network: Sent network update label="\u{f091f} 28% \u{f0ac}"
2030-01-02T11:59:45+00:00 machine gtk-status-bar[3537]: 2030-01-02T11:59:45.506340Z DEBUG gtk_status_bar::widgets: Updating network label: 󰤟 28% 
2030-01-02T11:59:45+00:00 machine gtk-status-bar[3537]: 2030-01-02T11:59:45.768934Z  INFO gtk_status_bar::network: Network reachability probe completed target=198.51.100.1 success=false elapsed_ms=14
2030-01-02T11:59:45+00:00 machine gtk-status-bar[3537]: 2030-01-02T11:59:45.775413Z DEBUG gtk_status_bar::network: Sent network update label="\u{f091f} 28% \u{f0ac}"
2030-01-02T11:59:45+00:00 machine gtk-status-bar[3537]: 2030-01-02T11:59:45.775682Z DEBUG gtk_status_bar::widgets: Updating network label: 󰤟 28% 
2030-01-02T11:59:46+00:00 machine gtk-status-bar[3537]: 2030-01-02T11:59:46.001122Z DEBUG gtk_status_bar::widgets: Updating time label: 11:59 AM
2030-01-02T11:59:46+00:00 machine gtk-status-bar[3537]: 2030-01-02T11:59:46.674384Z DEBUG gtk_status_bar::widgets: Tray nav key item=":1.89/StatusNotifierItem" cmd=Activate
2030-01-02T11:59:46+00:00 machine gtk-status-bar[3537]: 2030-01-02T11:59:46.676032Z  INFO gtk_status_bar::widgets: Tray menu released keyboard focus request_id=31
2030-01-02T11:59:46+00:00 machine gtk-status-bar[3537]: 2030-01-02T11:59:46.676168Z DEBUG gtk_status_bar::widgets: Tray keyboard navigation ended
2030-01-02T11:59:46+00:00 machine gtk-status-bar[3537]: 2030-01-02T11:59:46.694646Z DEBUG gtk_status_bar::tray: Tray backend received command item=":1.89/StatusNotifierItem" action=MenuEvent(100) x=0 y=0
2030-01-02T11:59:46+00:00 machine gtk-status-bar[3537]: 2030-01-02T11:59:46.745345Z  INFO gtk_status_bar::network: Network reachability probe completed target=192.0.2.1 success=true elapsed_ms=31
2030-01-02T11:59:46+00:00 machine gtk-status-bar[3537]: 2030-01-02T11:59:46.746903Z DEBUG gtk_status_bar::network: Sent network update label="\u{f091f} 28% \u{f0ac}"
2030-01-02T11:59:46+00:00 machine gtk-status-bar[3537]: 2030-01-02T11:59:46.747083Z DEBUG gtk_status_bar::widgets: Updating network label: 󰤟 28% 
2030-01-02T11:59:47+00:00 machine gtk-status-bar[3537]: 2030-01-02T11:59:47.000753Z DEBUG gtk_status_bar::widgets: Updating time label: 11:59 AM
2030-01-02T11:59:47+00:00 machine gtk-status-bar[3537]: 2030-01-02T11:59:47.891865Z  INFO gtk_status_bar::network: Network reachability probe completed target=192.0.2.1 success=true elapsed_ms=9
2030-01-02T11:59:47+00:00 machine gtk-status-bar[3537]: 2030-01-02T11:59:47.891920Z DEBUG gtk_status_bar::network: Sent network update label="\u{f091f} 28% \u{f0ac}"
2030-01-02T11:59:47+00:00 machine gtk-status-bar[3537]: 2030-01-02T11:59:47.892122Z DEBUG gtk_status_bar::widgets: Updating network label: 󰤟 28% 
2030-01-02T11:59:48+00:00 machine gtk-status-bar[3537]: 2030-01-02T11:59:48.001188Z DEBUG gtk_status_bar::widgets: Updating time label: 11:59 AM
2030-01-02T11:59:48+00:00 machine gtk-status-bar[3537]: 2030-01-02T11:59:48.373894Z DEBUG gtk_status_bar::dbus: Got an event in event stream: Msg { type: Signal, serial: 81, sender: UniqueName(":1.67"), path: ObjectPath("/org/bluez/hci0"), iface: InterfaceName("org.freedesktop.DBus.Properties"), member: MemberName("PropertiesChanged"), body: Structure(Dynamic { fields: [Str, Dict { key: Dynamic { child: Str }, value: Dynamic { child: Variant } }, Array(Dynamic { child: Str })] }), fds: [] }
2030-01-02T11:59:48+00:00 machine gtk-status-bar[3537]: 2030-01-02T11:59:48.375114Z DEBUG gtk_status_bar::dbus: Dbus monitor: Received D-Bus message from path: Some(ObjectPath("/org/bluez/hci0")), interface: Some(InterfaceName("org.freedesktop.DBus.Properties")), member: Some(MemberName("PropertiesChanged"))
2030-01-02T11:59:48+00:00 machine gtk-status-bar[3537]: 2030-01-02T11:59:48.375147Z  INFO gtk_status_bar::dbus: Dbus monitor: Received signal
2030-01-02T11:59:48+00:00 machine gtk-status-bar[3537]: 2030-01-02T11:59:48.375166Z  INFO gtk_status_bar::dbus: Dbus monitor: Received PropertiesChanged signal
2030-01-02T11:59:48+00:00 machine gtk-status-bar[3537]: 2030-01-02T11:59:48.375206Z DEBUG gtk_status_bar::dbus: Dbus monitor: Ignored PropertiesChanged for interface: "org.bluez.Adapter1"
2030-01-02T11:59:48+00:00 machine gtk-status-bar[3537]: 2030-01-02T11:59:48.420181Z  INFO gtk_status_bar::widgets: Tray menu acquired exclusive keyboard focus request_id=34
2030-01-02T11:59:48+00:00 machine gtk-status-bar[3537]: 2030-01-02T11:59:48.421386Z DEBUG gtk_status_bar::tray: Tray backend received command item=":1.89/StatusNotifierItem" action=ContextMenu { request_id: 35, keyboard_grab: true } x=1322 y=11
2030-01-02T11:59:48+00:00 machine gtk-status-bar[3537]: 2030-01-02T11:59:48.424085Z DEBUG gtk_status_bar::tray: dbusmenu GetLayout reply decoded item=":1.89/StatusNotifierItem" fields=2
2030-01-02T11:59:48+00:00 machine gtk-status-bar[3537]: 2030-01-02T11:59:48.424128Z DEBUG gtk_status_bar::tray: dbusmenu layout parsed item=":1.89/StatusNotifierItem" count=5
2030-01-02T11:59:48+00:00 machine gtk-status-bar[3537]: 2030-01-02T11:59:48.424533Z DEBUG gtk_status_bar::widgets: Tray menu entry labels item=":1.89/StatusNotifierItem" labels=[Some("Keyboard - English (US)"), None, Some("Restart"), Some("Input Method Settings"), Some("Exit")]
2030-01-02T11:59:48+00:00 machine gtk-status-bar[3537]: 2030-01-02T11:59:48.424890Z DEBUG gtk_status_bar::widgets: Presenting tray menu item=":1.89/StatusNotifierItem" entries=5 keyboard_grab=true
2030-01-02T11:59:48+00:00 machine gtk-status-bar[3537]: 2030-01-02T11:59:48.531271Z DEBUG gtk_status_bar::widgets: Tray dropdown opened at level 0 item=":1.89/StatusNotifierItem"
2030-01-02T11:59:48+00:00 machine gtk-status-bar[3537]: 2030-01-02T11:59:48.587869Z  INFO gtk_status_bar::network: Network reachability probe completed target=198.51.100.1 success=false elapsed_ms=10
2030-01-02T11:59:48+00:00 machine gtk-status-bar[3537]: 2030-01-02T11:59:48.588644Z DEBUG gtk_status_bar::network: Sent network update label="\u{f091f} 28% \u{f0ac}"
2030-01-02T11:59:48+00:00 machine gtk-status-bar[3537]: 2030-01-02T11:59:48.588913Z DEBUG gtk_status_bar::widgets: Updating network label: 󰤟 28% 
2030-01-02T11:59:48+00:00 machine gtk-status-bar[3537]: 2030-01-02T11:59:48.695453Z  INFO gtk_status_bar::widgets: Tray menu released keyboard focus request_id=34
2030-01-02T11:59:48+00:00 machine gtk-status-bar[3537]: 2030-01-02T11:59:48.695602Z DEBUG gtk_status_bar::widgets: Tray keyboard navigation ended
2030-01-02T11:59:49+00:00 machine gtk-status-bar[3537]: 2030-01-02T11:59:49.000871Z DEBUG gtk_status_bar::widgets: Updating time label: 11:59 AM
2030-01-02T11:59:49+00:00 machine gtk-status-bar[3537]: 2030-01-02T11:59:49.335751Z  INFO gtk_status_bar::network: Network reachability probe completed target=192.0.2.1 success=true elapsed_ms=11
2030-01-02T11:59:49+00:00 machine gtk-status-bar[3537]: 2030-01-02T11:59:49.335806Z DEBUG gtk_status_bar::network: Sent network update label="\u{f091f} 28% \u{f0ac}"
2030-01-02T11:59:49+00:00 machine gtk-status-bar[3537]: 2030-01-02T11:59:49.335947Z DEBUG gtk_status_bar::widgets: Updating network label: 󰤟 28% 
2030-01-02T11:59:49+00:00 machine gtk-status-bar[3537]: 2030-01-02T11:59:49.824188Z  INFO gtk_status_bar::network: Network reachability probe completed target=198.51.100.1 success=false elapsed_ms=12
2030-01-02T11:59:49+00:00 machine gtk-status-bar[3537]: 2030-01-02T11:59:49.824247Z DEBUG gtk_status_bar::network: Sent network update label="\u{f091f} 28% \u{f0ac}"
2030-01-02T11:59:49+00:00 machine gtk-status-bar[3537]: 2030-01-02T11:59:49.824401Z DEBUG gtk_status_bar::widgets: Updating network label: 󰤟 28% 
2030-01-02T11:59:50+00:00 machine gtk-status-bar[3537]: 2030-01-02T11:59:50.001345Z DEBUG gtk_status_bar::widgets: Updating time label: 11:59 AM
2030-01-02T11:59:50+00:00 machine gtk-status-bar[3537]: 2030-01-02T11:59:50.448819Z  INFO gtk_status_bar::network: Network reachability probe completed target=192.0.2.1 success=true elapsed_ms=11
2030-01-02T11:59:50+00:00 machine gtk-status-bar[3537]: 2030-01-02T11:59:50.448877Z DEBUG gtk_status_bar::network: Sent network update label="\u{f091f} 28% \u{f0ac}"
2030-01-02T11:59:50+00:00 machine gtk-status-bar[3537]: 2030-01-02T11:59:50.449054Z DEBUG gtk_status_bar::widgets: Updating network label: 󰤟 28% 
2030-01-02T11:59:51+00:00 machine gtk-status-bar[3537]: 2030-01-02T11:59:51.000791Z DEBUG gtk_status_bar::widgets: Updating time label: 11:59 AM
2030-01-02T11:59:52+00:00 machine gtk-status-bar[3537]: 2030-01-02T11:59:52.001802Z DEBUG gtk_status_bar::widgets: Updating time label: 11:59 AM
2030-01-02T11:59:52+00:00 machine gtk-status-bar[3537]: 2030-01-02T11:59:52.236354Z  INFO gtk_status_bar::network: Network reachability probe completed target=198.51.100.1 success=false elapsed_ms=12
2030-01-02T11:59:52+00:00 machine gtk-status-bar[3537]: 2030-01-02T11:59:52.236407Z DEBUG gtk_status_bar::network: Sent network update label="\u{f091f} 28% \u{f0ac}"
2030-01-02T11:59:52+00:00 machine gtk-status-bar[3537]: 2030-01-02T11:59:52.256847Z DEBUG gtk_status_bar::widgets: Updating network label: 󰤟 28% 
2030-01-02T11:59:53+00:00 machine gtk-status-bar[3537]: 2030-01-02T11:59:53.001844Z DEBUG gtk_status_bar::widgets: Updating time label: 11:59 AM
2030-01-02T11:59:53+00:00 machine gtk-status-bar[3537]: 2030-01-02T11:59:53.090726Z  INFO gtk_status_bar::network: Network reachability probe completed target=198.51.100.1 success=false elapsed_ms=12
2030-01-02T11:59:53+00:00 machine gtk-status-bar[3537]: 2030-01-02T11:59:53.090790Z DEBUG gtk_status_bar::network: Sent network update label="\u{f091f} 28% \u{f0ac}"
2030-01-02T11:59:53+00:00 machine gtk-status-bar[3537]: 2030-01-02T11:59:53.091066Z DEBUG gtk_status_bar::widgets: Updating network label: 󰤟 28% 
2030-01-02T11:59:53+00:00 machine gtk-status-bar[3537]: 2030-01-02T11:59:53.700154Z  INFO gtk_status_bar::tray: Status notifier item disappeared item=":1.92/StatusNotifierItem"
2030-01-02T11:59:53+00:00 machine gtk-status-bar[3537]: 2030-01-02T11:59:53.712272Z  INFO gtk_status_bar::widgets: Removed system tray item item=":1.92/StatusNotifierItem"
2030-01-02T11:59:54+00:00 machine gtk-status-bar[3537]: 2030-01-02T11:59:54.001449Z DEBUG gtk_status_bar::widgets: Updating time label: 11:59 AM
2030-01-02T11:59:54+00:00 machine gtk-status-bar[3537]: 2030-01-02T11:59:54.856130Z  INFO gtk_status_bar::network: Network reachability probe completed target=192.0.2.1 success=true elapsed_ms=8
2030-01-02T11:59:54+00:00 machine gtk-status-bar[3537]: 2030-01-02T11:59:54.856173Z DEBUG gtk_status_bar::network: Sent network update label="\u{f091f} 28% \u{f0ac}"
2030-01-02T11:59:54+00:00 machine gtk-status-bar[3537]: 2030-01-02T11:59:54.856398Z DEBUG gtk_status_bar::widgets: Updating network label: 󰤟 28% 
2030-01-02T11:59:55+00:00 machine gtk-status-bar[3537]: 2030-01-02T11:59:55.001027Z DEBUG gtk_status_bar::widgets: Updating time label: 11:59 AM
2030-01-02T11:59:56+00:00 machine gtk-status-bar[3537]: 2030-01-02T11:59:56.002394Z DEBUG gtk_status_bar::widgets: Updating time label: 11:59 AM
2030-01-02T11:59:56+00:00 machine gtk-status-bar[3537]: 2030-01-02T11:59:56.118901Z  INFO gtk_status_bar::network: Network reachability probe completed target=198.51.100.1 success=false elapsed_ms=9
2030-01-02T11:59:56+00:00 machine gtk-status-bar[3537]: 2030-01-02T11:59:56.118954Z DEBUG gtk_status_bar::network: Sent network update label="\u{f091f} 28% \u{f0ac}"
2030-01-02T11:59:56+00:00 machine gtk-status-bar[3537]: 2030-01-02T11:59:56.133788Z DEBUG gtk_status_bar::widgets: Updating network label: 󰤟 28% 
2030-01-02T11:59:57+00:00 machine gtk-status-bar[3537]: 2030-01-02T11:59:57.001677Z DEBUG gtk_status_bar::widgets: Updating time label: 11:59 AM
2030-01-02T11:59:57+00:00 machine gtk-status-bar[3537]: 2030-01-02T11:59:57.926712Z  INFO gtk_status_bar::network: Network reachability probe completed target=192.0.2.1 success=true elapsed_ms=10
2030-01-02T11:59:57+00:00 machine gtk-status-bar[3537]: 2030-01-02T11:59:57.926761Z DEBUG gtk_status_bar::network: Sent network update label="\u{f091f} 28% \u{f0ac}"
2030-01-02T11:59:57+00:00 machine gtk-status-bar[3537]: 2030-01-02T11:59:57.926918Z DEBUG gtk_status_bar::widgets: Updating network label: 󰤟 28% 
2030-01-02T11:59:58+00:00 machine gtk-status-bar[3537]: 2030-01-02T11:59:58.001171Z DEBUG gtk_status_bar::widgets: Updating time label: 11:59 AM
