2026-07-12T00:15:40+00:00 machine gtk-status-bar[1170]: 2026-07-12T00:15:40.304236Z  INFO gtk_status_bar: Starting GTK status bar application
2026-07-12T00:15:40+00:00 machine gtk-status-bar[1170]: 2026-07-12T00:15:40.329106Z  INFO gtk_status_bar: Running GTK application
2026-07-12T00:15:44+00:00 machine gtk-status-bar[1170]: 2026-07-12T00:15:44.136517Z  INFO gtk_status_bar: Activating GTK application
2026-07-12T00:15:44+00:00 machine gtk-status-bar[1170]: 2026-07-12T00:15:44.151222Z DEBUG gtk_status_bar::widgets: Loading CSS styles
2026-07-12T00:15:44+00:00 machine gtk-status-bar[1170]: 2026-07-12T00:15:44.151454Z  INFO gtk_status_bar::widgets: CSS styles loaded successfully
2026-07-12T00:15:44+00:00 machine gtk-status-bar[1170]: 2026-07-12T00:15:44.151471Z DEBUG gtk_status_bar::widgets: Configuring layer shell
2026-07-12T00:15:44+00:00 machine gtk-status-bar[1170]: 2026-07-12T00:15:44.165810Z  INFO gtk_status_bar::widgets: Layer shell configured successfully
2026-07-12T00:15:44+00:00 machine gtk-status-bar[1170]: 2026-07-12T00:15:44.165997Z DEBUG gtk_status_bar::widgets: Creating experimental bar
2026-07-12T00:15:44+00:00 machine gtk-status-bar[1170]: 2026-07-12T00:15:44.178157Z DEBUG gtk_status_bar::widgets: Creating left group
2026-07-12T00:15:44+00:00 machine gtk-status-bar[1170]: 2026-07-12T00:15:44.178213Z DEBUG gtk_status_bar::widgets: Creating workspace widget
2026-07-12T00:15:44+00:00 machine gtk-status-bar[1170]: 2026-07-12T00:15:44.188068Z DEBUG gtk_status_bar::widgets: Creating center group
2026-07-12T00:15:44+00:00 machine gtk-status-bar[1170]: 2026-07-12T00:15:44.188115Z DEBUG gtk_status_bar::widgets: Creating title widget
2026-07-12T00:15:44+00:00 machine gtk-status-bar[1170]: 2026-07-12T00:15:44.188181Z DEBUG gtk_status_bar::widgets: Creating right group
2026-07-12T00:15:44+00:00 machine gtk-status-bar[1170]: 2026-07-12T00:15:44.188219Z DEBUG gtk_status_bar::widgets: Creating bluetooth widget
2026-07-12T00:15:44+00:00 machine gtk-status-bar[1170]: 2026-07-12T00:15:44.188261Z DEBUG gtk_status_bar::widgets: Creating volume widget
2026-07-12T00:15:44+00:00 machine gtk-status-bar[1170]: 2026-07-12T00:15:44.208009Z DEBUG gtk_status_bar::widgets: Creating battery widget
2026-07-12T00:15:44+00:00 machine gtk-status-bar[1170]: 2026-07-12T00:15:44.208107Z DEBUG gtk_status_bar::widgets: Creating time widget
2026-07-12T00:15:45+00:00 machine gtk-status-bar[1170]: 2026-07-12T00:15:45.864512Z DEBUG gtk_status_bar::widgets: Setting up time widget updates
2026-07-12T00:15:45+00:00 machine gtk-status-bar[1170]: 2026-07-12T00:15:45.864641Z DEBUG gtk_status_bar::widgets: Setting up workspace updates
2026-07-12T00:15:45+00:00 machine gtk-status-bar[1170]: 2026-07-12T00:15:45.864689Z DEBUG gtk_status_bar::widgets: Setting up title updates
2026-07-12T00:15:45+00:00 machine gtk-status-bar[1170]: 2026-07-12T00:15:45.864728Z DEBUG gtk_status_bar::widgets: Setting up battery updates
2026-07-12T00:15:45+00:00 machine gtk-status-bar[1170]: 2026-07-12T00:15:45.864768Z DEBUG gtk_status_bar::widgets: Setting up Bluetooth battery updates
2026-07-12T00:15:45+00:00 machine gtk-status-bar[1170]: 2026-07-12T00:15:45.864809Z DEBUG gtk_status_bar::widgets: Setting up volume updates with tokio async channels
2026-07-12T00:15:45+00:00 machine gtk-status-bar[1170]: 2026-07-12T00:15:45.866013Z  INFO gtk_status_bar: Application activated successfully
2026-07-12T00:15:45+00:00 machine gtk-status-bar[1170]: 2026-07-12T00:15:45.867049Z DEBUG gtk_status_bar::widgets: 🚀 Starting async volume update loop...
2026-07-12T00:15:45+00:00 machine gtk-status-bar[1170]: 2026-07-12T00:15:45.865032Z DEBUG gtk_status_bar::pw: 🔧 Initializing PipeWire on dedicated thread...
2026-07-12T00:15:45+00:00 machine gtk-status-bar[1170]: 2026-07-12T00:15:45.899336Z DEBUG gtk_status_bar::pw: 📋 Created device tracking HashMap for (node_name, description, volume, channel, mute)
2026-07-12T00:15:45+00:00 machine gtk-status-bar[1170]: 2026-07-12T00:15:45.900443Z  INFO gtk_status_bar::hypr: 🔌 Starting workspace event listener
2026-07-12T00:15:45+00:00 machine gtk-status-bar[1170]: 2026-07-12T00:15:45.900465Z DEBUG gtk_status_bar::hypr: Setting up workspace event listener
2026-07-12T00:15:45+00:00 machine gtk-status-bar[1170]: 2026-07-12T00:15:45.913763Z  INFO gtk_status_bar::dbus: 🔌 Starting D-Bus monitor
2026-07-12T00:15:45+00:00 machine gtk-status-bar[1170]: 2026-07-12T00:15:45.913816Z  INFO gtk_status_bar::dbus: Starting D-Bus monitoring task
2026-07-12T00:15:45+00:00 machine gtk-status-bar[1170]: 2026-07-12T00:15:45.914237Z  INFO gtk_status_bar::hypr: 🔌 Starting title event listener
2026-07-12T00:15:45+00:00 machine gtk-status-bar[1170]: 2026-07-12T00:15:45.914274Z DEBUG gtk_status_bar::hypr: Setting up title event listener
2026-07-12T00:15:45+00:00 machine gtk-status-bar[1170]: 2026-07-12T00:15:45.914317Z DEBUG gtk_status_bar::hypr: Fetching initial title state
2026-07-12T00:15:45+00:00 machine gtk-status-bar[1170]: 2026-07-12T00:15:45.935637Z DEBUG gtk_status_bar::hypr: Initial title: ""
2026-07-12T00:15:45+00:00 machine gtk-status-bar[1170]: 2026-07-12T00:15:45.935669Z  INFO gtk_status_bar::hypr: Starting title event listener
2026-07-12T00:15:45+00:00 machine gtk-status-bar[1170]: 2026-07-12T00:15:45.938047Z  INFO gtk_status_bar::hypr: Starting workspace event listener
2026-07-12T00:15:45+00:00 machine gtk-status-bar[1170]: 2026-07-12T00:15:45.961154Z DEBUG gtk_status_bar::pw: ✅ PipeWire initialized
2026-07-12T00:15:45+00:00 machine gtk-status-bar[1170]: 2026-07-12T00:15:45.963229Z DEBUG gtk_status_bar::pw: ✅ ThreadLoop created
2026-07-12T00:15:45+00:00 machine gtk-status-bar[1170]: 2026-07-12T00:15:45.972272Z DEBUG gtk_status_bar::dbus: 🔌 Registered battery match rule
2026-07-12T00:15:45+00:00 machine gtk-status-bar[1170]: 2026-07-12T00:15:45.972767Z DEBUG gtk_status_bar::dbus: 🔌 Registered bluez PropertiesChanged match rule
2026-07-12T00:15:45+00:00 machine gtk-status-bar[1170]: 2026-07-12T00:15:45.972980Z DEBUG gtk_status_bar::dbus: 🔌 Registered bluez InterfacesAdded match rule
2026-07-12T00:15:45+00:00 machine gtk-status-bar[1170]: 2026-07-12T00:15:45.973350Z DEBUG gtk_status_bar::dbus: 🔌 Registered bluez InterfacesRemoved match rule
2026-07-12T00:15:45+00:00 machine gtk-status-bar[1170]: 2026-07-12T00:15:45.978352Z  INFO gtk_status_bar::dbus: Battery is at 73.0%
2026-07-12T00:15:45+00:00 machine gtk-status-bar[1170]: 2026-07-12T00:15:45.979881Z DEBUG gtk_status_bar::widgets: Updating workspace - label: 'Workspace u', color for workspace: 1
2026-07-12T00:15:45+00:00 machine gtk-status-bar[1170]: 2026-07-12T00:15:45.979960Z DEBUG gtk_status_bar::widgets: Updated title widget color to: rgba(122, 162, 247, 0.5) for workspace: 1
2026-07-12T00:15:45+00:00 machine gtk-status-bar[1170]: 2026-07-12T00:15:45.980014Z DEBUG gtk_status_bar::widgets: Updating title label:
2026-07-12T00:15:45+00:00 machine gtk-status-bar[1170]: 2026-07-12T00:15:45.980071Z DEBUG gtk_status_bar::widgets: Updating battery label: 🔋 73%
2026-07-12T00:15:45+00:00 machine gtk-status-bar[1170]: 2026-07-12T00:15:45.980093Z DEBUG gtk_status_bar::widgets: 👁️  SHOWING battery widget - data: 🔋 73%
2026-07-12T00:15:45+00:00 machine gtk-status-bar[1170]: 2026-07-12T00:15:45.980465Z  INFO gtk_status_bar::dbus: Battery is discharging (state: 2)
2026-07-12T00:15:45+00:00 machine gtk-status-bar[1170]: 2026-07-12T00:15:45.987090Z  INFO gtk_status_bar::dbus: Found 3 Bluetooth objects
2026-07-12T00:15:45+00:00 machine gtk-status-bar[1170]: 2026-07-12T00:15:45.987122Z  INFO gtk_status_bar::dbus: Found Bluetooth device with battery at: /org/bluez/hci0/dev_AA_BB_CC_DD_EE_01
2026-07-12T00:15:45+00:00 machine gtk-status-bar[1170]: 2026-07-12T00:15:45.987140Z  INFO gtk_status_bar::dbus: Bluetooth device battery at 80%
2026-07-12T00:15:45+00:00 machine gtk-status-bar[1170]: 2026-07-12T00:15:45.987158Z DEBUG gtk_status_bar::dbus: Added device /org/bluez/hci0/dev_AA_BB_CC_DD_EE_01 to HashMap (has_battery: true, has_media: false)
2026-07-12T00:15:45+00:00 machine gtk-status-bar[1170]: 2026-07-12T00:15:45.987480Z DEBUG gtk_status_bar::dbus: Initial bluetooth devices: {"/org/bluez/hci0/dev_AA_BB_CC_DD_EE_01": BluetoothDevice { has_battery: true, has_media: false, battery_percentage: Some(80), device_name: Some("Pixel Buds") }}
2026-07-12T00:15:45+00:00 machine gtk-status-bar[1170]: 2026-07-12T00:15:45.987870Z  INFO gtk_status_bar::dbus: Sent initial Bluetooth display: P80
2026-07-12T00:15:45+00:00 machine gtk-status-bar[1170]: 2026-07-12T00:15:45.987894Z  INFO gtk_status_bar::dbus: Dbus monitor: Starting to listen for D-Bus messages
2026-07-12T00:15:45+00:00 machine gtk-status-bar[1170]: 2026-07-12T00:15:45.987917Z DEBUG gtk_status_bar::dbus: Got an event in event stream: Msg { type: MethodReturn, serial: 8, sender: UniqueName(":1.5"), reply-serial: 6, body: Variant, fds: [] }
2026-07-12T00:15:45+00:00 machine gtk-status-bar[1170]: 2026-07-12T00:15:45.987955Z DEBUG gtk_status_bar::dbus: Dbus monitor: Received D-Bus message from path: None, interface: None, member: None
2026-07-12T00:15:45+00:00 machine gtk-status-bar[1170]: 2026-07-12T00:15:45.987978Z ERROR gtk_status_bar::dbus: Dbus monitor: Received message with no path, ignoring
2026-07-12T00:15:45+00:00 machine gtk-status-bar[1170]: 2026-07-12T00:15:45.988005Z DEBUG gtk_status_bar::dbus: Got an event in event stream: Msg { type: MethodReturn, serial: 9, sender: UniqueName(":1.5"), reply-serial: 7, body: Variant, fds: [] }
2026-07-12T00:15:46+00:00 machine gtk-status-bar[1170]: 2026-07-12T00:15:45.988029Z DEBUG gtk_status_bar::dbus: Dbus monitor: Received D-Bus message from path: None, interface: None, member: None
2026-07-12T00:15:46+00:00 machine gtk-status-bar[1170]: 2026-07-12T00:15:45.988127Z ERROR gtk_status_bar::dbus: Dbus monitor: Received message with no path, ignoring
2026-07-12T00:15:46+00:00 machine gtk-status-bar[1170]: 2026-07-12T00:15:45.988150Z DEBUG gtk_status_bar::dbus: Got an event in event stream: Msg { type: MethodReturn, serial: 14, sender: UniqueName(":1.6"), reply-serial: 8, body: Dict { key: Dynamic { child: ObjectPath }, value: Dynamic { child: Dict { key: Dynamic { child: Str }, value: Dynamic { child: Dict { key: Dynamic { child: Str }, value: Dynamic { child: Variant } } } } } }, fds: [] }
2026-07-12T00:15:46+00:00 machine gtk-status-bar[1170]: 2026-07-12T00:15:45.988177Z DEBUG gtk_status_bar::dbus: Dbus monitor: Received D-Bus message from path: None, interface: None, member: None
2026-07-12T00:15:46+00:00 machine gtk-status-bar[1170]: 2026-07-12T00:15:45.988200Z ERROR gtk_status_bar::dbus: Dbus monitor: Received message with no path, ignoring
2026-07-12T00:15:46+00:00 machine gtk-status-bar[1170]: 2026-07-12T00:15:46.011478Z DEBUG gtk_status_bar::widgets: Updating Bluetooth battery label: P80
2026-07-12T00:15:46+00:00 machine gtk-status-bar[1170]: 2026-07-12T00:15:46.011528Z DEBUG gtk_status_bar::widgets: 👁️  SHOWING Bluetooth widget - data: P80
2026-07-12T00:15:46+00:00 machine gtk-status-bar[1170]: 2026-07-12T00:15:46.038448Z DEBUG gtk_status_bar::pw: ✅ Context created
2026-07-12T00:15:46+00:00 machine gtk-status-bar[1170]: 2026-07-12T00:15:46.041465Z DEBUG gtk_status_bar::pw: ✅ Core connected
2026-07-12T00:15:46+00:00 machine gtk-status-bar[1170]: 2026-07-12T00:15:46.041488Z DEBUG gtk_status_bar::pw: ✅ Registry obtained
2026-07-12T00:15:46+00:00 machine gtk-status-bar[1170]: 2026-07-12T00:15:46.041504Z DEBUG gtk_status_bar::pw: 🎵 PipeWire ThreadLoop started - monitoring volume changes with default sink filtering
2026-07-12T00:15:46+00:00 machine gtk-status-bar[1170]: 2026-07-12T00:15:46.045421Z DEBUG gtk_status_bar::pw: ✅ ThreadLoop started successfully
2026-07-12T00:15:46+00:00 machine gtk-status-bar[1170]: 2026-07-12T00:15:46.045440Z DEBUG gtk_status_bar::pw: 🔄 PipeWire thread running - async event delivery active...
2026-07-12T00:15:46+00:00 machine gtk-status-bar[1170]: 2026-07-12T00:15:46.404057Z DEBUG gtk_status_bar::pw: 📡 PipeWire connected: pipewire-0
2026-07-12T00:15:46+00:00 machine gtk-status-bar[1170]: 2026-07-12T00:15:46.404974Z DEBUG gtk_status_bar::pw: 🚫 Skipping metadata '' (props: Some(DictRef { flags: Flags(0x0), entries: {"object.serial": "0", "core.name": "pipewire-0"} }))
2026-07-12T00:15:46+00:00 machine gtk-status-bar[1170]: 2026-07-12T00:15:46.405173Z DEBUG gtk_status_bar::pw: 🚫 Skipping metadata '' (props: Some(DictRef { flags: Flags(0x0), entries: {"object.serial": "1", "module.name": "libpipewire-module-rt"} }))
2026-07-12T00:15:46+00:00 machine gtk-status-bar[1170]: 2026-07-12T00:15:46.405194Z DEBUG gtk_status_bar::pw: 🚫 Skipping metadata '' (props: Some(DictRef { flags: Flags(0x0), entries: {"object.serial": "3"} }))
2026-07-12T00:15:46+00:00 machine gtk-status-bar[1170]: 2026-07-12T00:15:46.405212Z DEBUG gtk_status_bar::pw: 🚫 Skipping metadata '' (props: Some(DictRef { flags: Flags(0x0), entries: {"object.serial": "2", "module.name": "libpipewire-module-protocol-native"} }))
2026-07-12T00:15:46+00:00 machine gtk-status-bar[1170]: 2026-07-12T00:15:46.405229Z DEBUG gtk_status_bar::pw: 🚫 Skipping metadata '' (props: Some(DictRef { flags: Flags(0x0), entries: {"object.serial": "5"} }))
2026-07-12T00:15:46+00:00 machine gtk-status-bar[1170]: 2026-07-12T00:15:46.405246Z DEBUG gtk_status_bar::pw: 🚫 Skipping metadata '' (props: Some(DictRef { flags: Flags(0x0), entries: {"object.serial": "4", "module.name": "libpipewire-module-profiler"} }))
2026-07-12T00:15:46+00:00 machine gtk-status-bar[1170]: 2026-07-12T00:15:46.405263Z DEBUG gtk_status_bar::pw: 🚫 Skipping metadata '' (props: Some(DictRef { flags: Flags(0x0), entries: {"object.serial": "6", "module.name": "libpipewire-module-metadata"} }))
2026-07-12T00:15:46+00:00 machine gtk-status-bar[1170]: 2026-07-12T00:15:46.405279Z DEBUG gtk_status_bar::pw: 🚫 Skipping metadata '' (props: Some(DictRef { flags: Flags(0x0), entries: {"object.serial": "7", "module.id": "6", "factory.name": "metadata", "factory.type.name": "PipeWire:Interface:Metadata", "factory.type.version": "3"} }))
2026-07-12T00:15:46+00:00 machine gtk-status-bar[1170]: 2026-07-12T00:15:46.405297Z DEBUG gtk_status_bar::pw: 🚫 Skipping metadata '' (props: Some(DictRef { flags: Flags(0x0), entries: {"object.serial": "8", "module.name": "libpipewire-module-spa-device-factory"} }))
2026-07-12T00:15:46+00:00 machine gtk-status-bar[1170]: 2026-07-12T00:15:46.405315Z DEBUG gtk_status_bar::pw: 🚫 Skipping metadata '' (props: Some(DictRef { flags: Flags(0x0), entries: {"object.serial": "9", "module.id": "8", "factory.name": "spa-device-factory", "factory.type.name": "PipeWire:Interface:Device", "factory.type.version": "3"} }))
2026-07-12T00:15:46+00:00 machine gtk-status-bar[1170]: 2026-07-12T00:15:46.405332Z DEBUG gtk_status_bar::pw: 🚫 Skipping metadata '' (props: Some(DictRef { flags: Flags(0x0), entries: {"object.serial": "10", "module.name": "libpipewire-module-spa-node-factory"} }))
2026-07-12T00:15:46+00:00 machine gtk-status-bar[1170]: 2026-07-12T00:15:46.405349Z DEBUG gtk_status_bar::pw: 🚫 Skipping metadata '' (props: Some(DictRef { flags: Flags(0x0), entries: {"object.serial": "11", "module.id": "10", "factory.name": "spa-node-factory", "factory.type.name": "PipeWire:Interface:Node", "factory.type.version": "3"} }))
2026-07-12T00:15:46+00:00 machine gtk-status-bar[1170]: 2026-07-12T00:15:46.405366Z DEBUG gtk_status_bar::pw: 🚫 Skipping metadata '' (props: Some(DictRef { flags: Flags(0x0), entries: {"object.serial": "12", "module.name": "libpipewire-module-client-node"} }))
2026-07-12T00:15:46+00:00 machine gtk-status-bar[1170]: 2026-07-12T00:15:46.405383Z DEBUG gtk_status_bar::pw: 🚫 Skipping metadata '' (props: Some(DictRef { flags: Flags(0x0), entries: {"object.serial": "13", "module.id": "12", "factory.name": "client-node", "factory.type.name": "PipeWire:Interface:ClientNode", "factory.type.version": "6"} }))
2026-07-12T00:15:46+00:00 machine gtk-status-bar[1170]: 2026-07-12T00:15:46.405401Z DEBUG gtk_status_bar::pw: 🚫 Skipping metadata '' (props: Some(DictRef { flags: Flags(0x0), entries: {"object.serial": "14", "module.name": "libpipewire-module-client-device"} }))
2026-07-12T00:15:46+00:00 machine gtk-status-bar[1170]: 2026-07-12T00:15:46.405418Z DEBUG gtk_status_bar::pw: 🚫 Skipping metadata '' (props: Some(DictRef { flags: Flags(0x0), entries: {"object.serial": "15", "module.id": "14", "factory.name": "client-device", "factory.type.name": "Spa:Pointer:Interface:Device", "factory.type.version": "0"} }))
2026-07-12T00:15:46+00:00 machine gtk-status-bar[1170]: 2026-07-12T00:15:46.405435Z DEBUG gtk_status_bar::pw: 🚫 Skipping metadata '' (props: Some(DictRef { flags: Flags(0x0), entries: {"object.serial": "16", "module.name": "libpipewire-module-portal"} }))
2026-07-12T00:15:46+00:00 machine gtk-status-bar[1170]: 2026-07-12T00:15:46.405451Z DEBUG gtk_status_bar::pw: 🚫 Skipping metadata '' (props: Some(DictRef { flags: Flags(0x0), entries: {"object.serial": "17", "module.name": "libpipewire-module-access"} }))
2026-07-12T00:15:46+00:00 machine gtk-status-bar[1170]: 2026-07-12T00:15:46.405468Z DEBUG gtk_status_bar::pw: 🚫 Skipping metadata '' (props: Some(DictRef { flags: Flags(0x0), entries: {"object.serial": "18", "module.name": "libpipewire-module-adapter"} }))
2026-07-12T00:15:46+00:00 machine gtk-status-bar[1170]: 2026-07-12T00:15:46.405498Z DEBUG gtk_status_bar::pw: 🚫 Skipping metadata '' (props: Some(DictRef { flags: Flags(0x0), entries: {"object.serial": "19", "module.id": "18", "factory.name": "adapter", "factory.type.name": "PipeWire:Interface:Node", "factory.type.version": "3"} }))
2026-07-12T00:15:46+00:00 machine gtk-status-bar[1170]: 2026-07-12T00:15:46.405516Z DEBUG gtk_status_bar::pw: 🚫 Skipping metadata '' (props: Some(DictRef { flags: Flags(0x0), entries: {"object.serial": "20", "module.name": "libpipewire-module-link-factory"} }))
2026-07-12T00:15:46+00:00 machine gtk-status-bar[1170]: 2026-07-12T00:15:46.405533Z DEBUG gtk_status_bar::pw: 🚫 Skipping metadata '' (props: Some(DictRef { flags: Flags(0x0), entries: {"object.serial": "21", "module.id": "20", "factory.name": "link-factory", "factory.type.name": "PipeWire:Interface:Link", "factory.type.version": "3"} }))
2026-07-12T00:15:46+00:00 machine gtk-status-bar[1170]: 2026-07-12T00:15:46.405551Z DEBUG gtk_status_bar::pw: 🚫 Skipping metadata '' (props: Some(DictRef { flags: Flags(0x0), entries: {"object.serial": "22", "module.name": "libpipewire-module-session-manager"} }))
2026-07-12T00:15:46+00:00 machine gtk-status-bar[1170]: 2026-07-12T00:15:46.405568Z DEBUG gtk_status_bar::pw: 🚫 Skipping metadata '' (props: Some(DictRef { flags: Flags(0x0), entries: {"object.serial": "23", "module.id": "22", "factory.name": "client-endpoint", "factory.type.name": "PipeWire:Interface:ClientEndpoint", "factory.type.version": "0"} }))
2026-07-12T00:15:46+00:00 machine gtk-status-bar[1170]: 2026-07-12T00:15:46.405660Z DEBUG gtk_status_bar::pw: 🚫 Skipping metadata '' (props: Some(DictRef { flags: Flags(0x0), entries: {"object.serial": "24", "module.id": "22", "factory.name": "client-session", "factory.type.name": "PipeWire:Interface:ClientSession", "factory.type.version": "0"} }))
2026-07-12T00:15:46+00:00 machine gtk-status-bar[1170]: 2026-07-12T00:15:46.406681Z DEBUG gtk_status_bar::pw: 🚫 Skipping metadata '' (props: Some(DictRef { flags: Flags(0x0), entries: {"object.serial": "25", "module.id": "22", "factory.name": "session", "factory.type.name": "PipeWire:Interface:Session", "factory.type.version": "0"} }))
2026-07-12T00:15:46+00:00 machine gtk-status-bar[1170]: 2026-07-12T00:15:46.406717Z DEBUG gtk_status_bar::pw: 🚫 Skipping metadata '' (props: Some(DictRef { flags: Flags(0x0), entries: {"object.serial": "26", "module.id": "22", "factory.name": "endpoint", "factory.type.name": "PipeWire:Interface:Endpoint", "factory.type.version": "0"} }))
2026-07-12T00:15:46+00:00 machine gtk-status-bar[1170]: 2026-07-12T00:15:46.406740Z DEBUG gtk_status_bar::pw: 🚫 Skipping metadata '' (props: Some(DictRef { flags: Flags(0x0), entries: {"object.serial": "27", "module.id": "22", "factory.name": "endpoint-stream", "factory.type.name": "PipeWire:Interface:EndpointStream", "factory.type.version": "0"} }))
2026-07-12T00:15:46+00:00 machine gtk-status-bar[1170]: 2026-07-12T00:15:46.406761Z DEBUG gtk_status_bar::pw: 🚫 Skipping metadata '' (props: Some(DictRef { flags: Flags(0x0), entries: {"object.serial": "28", "module.id": "22", "factory.name": "endpoint-link", "factory.type.name": "PipeWire:Interface:EndpointLink", "factory.type.version": "0"} }))
2026-07-12T00:15:46+00:00 machine gtk-status-bar[1170]: 2026-07-12T00:15:46.406782Z DEBUG gtk_status_bar::pw: 🚫 Skipping metadata '' (props: Some(DictRef { flags: Flags(0x0), entries: {"object.serial": "29", "module.name": "libpipewire-module-x11-bell"} }))
2026-07-12T00:15:46+00:00 machine gtk-status-bar[1170]: 2026-07-12T00:15:46.406803Z DEBUG gtk_status_bar::pw: 🚫 Skipping metadata '' (props: Some(DictRef { flags: Flags(0x0), entries: {"object.serial": "30", "module.name": "libpipewire-module-jackdbus-detect"} }))
2026-07-12T00:15:46+00:00 machine gtk-status-bar[1170]: 2026-07-12T00:15:46.406824Z DEBUG gtk_status_bar::pw: 🚫 Skipping metadata '' (props: Some(DictRef { flags: Flags(0x0), entries: {"object.serial": "31", "factory.id": "11", "priority.driver": "200000", "node.name": "Dummy-Driver"} }))
2026-07-12T00:15:46+00:00 machine gtk-status-bar[1170]: 2026-07-12T00:15:46.406847Z DEBUG gtk_status_bar::pw: 🔍 Checking node - media.class: None
2026-07-12T00:15:46+00:00 machine gtk-status-bar[1170]: 2026-07-12T00:15:46.406865Z DEBUG gtk_status_bar::pw: 🔍 Node filter result: false for media.class: None
2026-07-12T00:15:46+00:00 machine gtk-status-bar[1170]: 2026-07-12T00:15:46.406883Z DEBUG gtk_status_bar::pw: 🚫 Skipping metadata '' (props: Some(DictRef { flags: Flags(0x0), entries: {"object.serial": "32", "factory.id": "11", "priority.driver": "190000", "node.name": "Freewheel-Driver"} }))
2026-07-12T00:15:46+00:00 machine gtk-status-bar[1170]: 2026-07-12T00:15:46.406905Z DEBUG gtk_status_bar::pw: 🔍 Checking node - media.class: None
2026-07-12T00:15:46+00:00 machine gtk-status-bar[1170]: 2026-07-12T00:15:46.406922Z DEBUG gtk_status_bar::pw: 🔍 Node filter result: false for media.class: None
2026-07-12T00:15:46+00:00 machine gtk-status-bar[1170]: 2026-07-12T00:15:46.406939Z DEBUG gtk_status_bar::pw: 🚫 Skipping metadata 'settings' (props: Some(DictRef { flags: Flags(0x0), entries: {"object.serial": "33", "metadata.name": "settings"} }))
2026-07-12T00:15:46+00:00 machine gtk-status-bar[1170]: 2026-07-12T00:15:46.406966Z DEBUG gtk_status_bar::pw: 🚫 Skipping metadata '' (props: Some(DictRef { flags: Flags(0x0), entries: {"object.serial": "34", "module.id": "2", "pipewire.protocol": "protocol-native", "pipewire.sec.pid": "1170", "pipewire.sec.uid": "1000", "pipewire.sec.gid": "100", "pipewire.sec.socket": "pipewire-0", "application.name": "gtk-status-bar", "pipewire.access": "unrestricted"} }))
2026-07-12T00:15:46+00:00 machine gtk-status-bar[1170]: 2026-07-12T00:15:46.406995Z DEBUG gtk_status_bar::pw: 🚫 Skipping metadata '' (props: Some(DictRef { flags: Flags(0x0), entries: {"object.serial": "35", "module.id": "2", "pipewire.protocol": "protocol-native", "pipewire.sec.pid": "1294", "pipewire.sec.uid": "1000", "pipewire.sec.gid": "100", "pipewire.sec.socket": "pipewire-0-manager", "application.name": "WirePlumber", "pipewire.access": "unrestricted"} }))
2026-07-12T00:15:46+00:00 machine gtk-status-bar[1170]: 2026-07-12T00:15:46.413680Z DEBUG gtk_status_bar::pw: 🚫 Skipping metadata 'schema-sm-settings' (props: Some(DictRef { flags: Flags(0x0), entries: {"metadata.name": "schema-sm-settings", "factory.id": "7", "module.id": "6", "client.id": "35", "object.serial": "36"} }))
2026-07-12T00:15:46+00:00 machine gtk-status-bar[1170]: 2026-07-12T00:15:46.415215Z DEBUG gtk_status_bar::pw: 🚫 Skipping metadata 'persistent-sm-settings' (props: Some(DictRef { flags: Flags(0x0), entries: {"metadata.name": "persistent-sm-settings", "factory.id": "7", "module.id": "6", "client.id": "35", "object.serial": "37"} }))
2026-07-12T00:15:46+00:00 machine gtk-status-bar[1170]: 2026-07-12T00:15:46.416247Z DEBUG gtk_status_bar::pw: 🚫 Skipping metadata 'sm-settings' (props: Some(DictRef { flags: Flags(0x0), entries: {"metadata.name": "sm-settings", "factory.id": "7", "module.id": "6", "client.id": "35", "object.serial": "38"} }))
2026-07-12T00:15:46+00:00 machine gtk-status-bar[1170]: 2026-07-12T00:15:46.450145Z DEBUG gtk_status_bar::pw: 🚫 Skipping metadata 'sm-objects' (props: Some(DictRef { flags: Flags(0x0), entries: {"metadata.name": "sm-objects", "factory.id": "7", "module.id": "6", "client.id": "35", "object.serial": "39"} }))
2026-07-12T00:15:46+00:00 machine gtk-status-bar[1170]: 2026-07-12T00:15:46.520486Z DEBUG gtk_status_bar::pw: 🚫 Skipping metadata 'default-profile' (props: Some(DictRef { flags: Flags(0x0), entries: {"wireplumber.state": "true", "metadata.name": "default-profile", "factory.id": "7", "module.id": "6", "client.id": "35", "object.serial": "40"} }))
2026-07-12T00:15:46+00:00 machine gtk-status-bar[1170]: 2026-07-12T00:15:46.541005Z DEBUG gtk_status_bar::pw: ✅ Processing metadata.name == default
2026-07-12T00:15:46+00:00 machine gtk-status-bar[1170]: 2026-07-12T00:15:46.541029Z DEBUG gtk_status_bar::pw: 📋 Found metadata object: Some(DictRef { flags: Flags(0x0), entries: {"metadata.name": "default", "factory.id": "7", "module.id": "6", "client.id": "35", "object.serial": "41"} })
2026-07-12T00:15:46+00:00 machine gtk-status-bar[1170]: 2026-07-12T00:15:46.541060Z DEBUG gtk_status_bar::pw: 📋 Bound 'default' Metadata (id=3)
2026-07-12T00:15:46+00:00 machine gtk-status-bar[1170]: 2026-07-12T00:15:46.592471Z DEBUG gtk_status_bar::pw: 🚫 Skipping metadata 'filters' (props: Some(DictRef { flags: Flags(0x0), entries: {"metadata.name": "filters", "factory.id": "7", "module.id": "6", "client.id": "35", "object.serial": "42"} }))
2026-07-12T00:15:46+00:00 machine gtk-status-bar[1170]: 2026-07-12T00:15:46.643928Z DEBUG gtk_status_bar::pw: 🚫 Skipping metadata 'route-settings' (props: Some(DictRef { flags: Flags(0x0), entries: {"metadata.name": "route-settings", "factory.id": "7", "module.id": "6", "client.id": "35", "object.serial": "43"} }))
2026-07-12T00:15:46+00:00 machine gtk-status-bar[1170]: 2026-07-12T00:15:46.661133Z DEBUG gtk_status_bar::pw: 🚫 Skipping metadata '' (props: Some(DictRef { flags: Flags(0x0), entries: {"object.serial": "44", "module.id": "2", "pipewire.protocol": "protocol-native", "pipewire.sec.pid": "1294", "pipewire.sec.uid": "1000", "pipewire.sec.gid": "100", "pipewire.sec.socket": "pipewire-0-manager", "application.name": "WirePlumber [export]", "pipewire.access": "unrestricted"} }))
2026-07-12T00:15:47+00:00 machine gtk-status-bar[1170]: 2026-07-12T00:15:47.024740Z DEBUG gtk_status_bar::pw: 🚫 Skipping metadata '' (props: Some(DictRef { flags: Flags(0x0), entries: {"object.serial": "45", "factory.id": "11", "client.id": "44", "priority.session": "100", "priority.driver": "1", "node.name": "Midi-Bridge", "media.class": "Midi/Bridge"} }))
2026-07-12T00:15:47+00:00 machine gtk-status-bar[1170]: 2026-07-12T00:15:47.026877Z DEBUG gtk_status_bar::pw: 🔍 Checking node - media.class: Some("Midi/Bridge")
2026-07-12T00:15:47+00:00 machine gtk-status-bar[1170]: 2026-07-12T00:15:47.026931Z DEBUG gtk_status_bar::pw: 🔍 Node filter result: false for media.class: Some("Midi/Bridge")
2026-07-12T00:15:47+00:00 machine gtk-status-bar[1170]: 2026-07-12T00:15:47.026971Z DEBUG gtk_status_bar::pw: 🚫 Skipping metadata '' (props: Some(DictRef { flags: Flags(0x0), entries: {"object.serial": "46", "object.path": "alsa:seq:default:client_14:playback_0", "format.dsp": "8 bit raw midi", "node.id": "45", "port.id": "0", "port.name": "Midi Through: Port-0 (playback)", "port.direction": "in", "port.physical": "true", "port.terminal": "true", "port.alias": "Midi Through:Midi Through Port-0", "port.group": "client_14"} }))
2026-07-12T00:15:47+00:00 machine gtk-status-bar[1170]: 2026-07-12T00:15:47.027011Z DEBUG gtk_status_bar::pw: 🚫 Skipping metadata '' (props: Some(DictRef { flags: Flags(0x0), entries: {"object.serial": "47", "object.path": "alsa:seq:default:client_14:capture_0", "format.dsp": "8 bit raw midi", "node.id": "45", "port.id": "0", "port.name": "Midi Through: Port-0 (capture)", "port.direction": "out", "port.physical": "true", "port.terminal": "true", "port.alias": "Midi Through:Midi Through Port-0", "port.group": "client_14"} }))
2026-07-12T00:15:47+00:00 machine gtk-status-bar[1170]: 2026-07-12T00:15:47.100419Z DEBUG gtk_status_bar::pw: 🚫 Skipping metadata '' (props: Some(DictRef { flags: Flags(0x0), entries: {"object.serial": "48", "factory.id": "14", "client.id": "44", "node.description": "BLE MIDI 1", "node.name": "bluez_midi.server", "media.class": "Midi/Bridge"} }))
2026-07-12T00:15:47+00:00 machine gtk-status-bar[1170]: 2026-07-12T00:15:47.103802Z DEBUG gtk_status_bar::pw: 🔍 Checking node - media.class: Some("Midi/Bridge")
2026-07-12T00:15:47+00:00 machine gtk-status-bar[1170]: 2026-07-12T00:15:47.103842Z DEBUG gtk_status_bar::pw: 🔍 Node filter result: false for media.class: Some("Midi/Bridge")
2026-07-12T00:15:47+00:00 machine gtk-status-bar[1170]: 2026-07-12T00:15:47.103870Z DEBUG gtk_status_bar::pw: 🚫 Skipping metadata '' (props: Some(DictRef { flags: Flags(0x0), entries: {"object.serial": "49", "object.path": "bluez_midi.server:input_0", "format.dsp": "8 bit raw midi", "node.id": "48", "port.id": "0", "port.name": "in", "port.direction": "in", "port.physical": "true", "port.terminal": "true", "port.alias": "in", "port.group": "group.0"} }))
2026-07-12T00:15:47+00:00 machine gtk-status-bar[1170]: 2026-07-12T00:15:47.103899Z DEBUG gtk_status_bar::pw: 🚫 Skipping metadata '' (props: Some(DictRef { flags: Flags(0x0), entries: {"object.serial": "50", "object.path": "bluez_midi.server:output_0", "format.dsp": "8 bit raw midi", "node.id": "48", "port.id": "0", "port.name": "out", "port.direction": "out", "port.physical": "true", "port.terminal": "true", "port.alias": "out", "port.group": "group.0"} }))
2026-07-12T00:15:52+00:00 machine gtk-status-bar[1170]: 2026-07-12T00:15:52.020636Z DEBUG gtk_status_bar::hypr: Handling workspace change event
2026-07-12T00:15:52+00:00 machine gtk-status-bar[1170]: 2026-07-12T00:15:52.020674Z DEBUG gtk_status_bar::hypr: Workspace changed to: Workspace i
2026-07-12T00:15:52+00:00 machine gtk-status-bar[1170]: 2026-07-12T00:15:52.020841Z DEBUG gtk_status_bar::widgets: Updating workspace - label: 'Workspace i', color for workspace: 2
2026-07-12T00:15:52+00:00 machine gtk-status-bar[1170]: 2026-07-12T00:15:52.021050Z DEBUG gtk_status_bar::widgets: Updated title widget color to: rgba(125, 207, 255, 0.5) for workspace: 2
2026-07-12T00:15:54+00:00 machine gtk-status-bar[1170]: 2026-07-12T00:15:54.653898Z DEBUG gtk_status_bar::hypr: Handling workspace change event
2026-07-12T00:15:54+00:00 machine gtk-status-bar[1170]: 2026-07-12T00:15:54.653928Z DEBUG gtk_status_bar::hypr: Workspace changed to: Workspace c
2026-07-12T00:15:54+00:00 machine gtk-status-bar[1170]: 2026-07-12T00:15:54.655149Z DEBUG gtk_status_bar::widgets: Updating workspace - label: 'Workspace c', color for workspace: 10
2026-07-12T00:15:54+00:00 machine gtk-status-bar[1170]: 2026-07-12T00:15:54.655523Z DEBUG gtk_status_bar::widgets: Updated title widget color to: rgba(13, 185, 215, 0.5) for workspace: 10
2026-07-12T00:15:57+00:00 machine gtk-status-bar[1170]: 2026-07-12T00:15:57.416845Z DEBUG gtk_status_bar::hypr: Handling workspace change event
2026-07-12T00:15:57+00:00 machine gtk-status-bar[1170]: 2026-07-12T00:15:57.416901Z DEBUG gtk_status_bar::hypr: Workspace changed to: Workspace 11
2026-07-12T00:15:57+00:00 machine gtk-status-bar[1170]: 2026-07-12T00:15:57.418048Z DEBUG gtk_status_bar::widgets: Updating workspace - label: 'Workspace 11', color for workspace: 11
2026-07-12T00:15:57+00:00 machine gtk-status-bar[1170]: 2026-07-12T00:15:57.418401Z DEBUG gtk_status_bar::widgets: Updated title widget color to: rgba(67, 233, 123, 0.5) for workspace: 11
2026-07-12T00:16:00+00:00 machine gtk-status-bar[1170]: 2026-07-12T00:16:00.093025Z DEBUG gtk_status_bar::widgets: Updating workspace - label: 'Special: evidence', color for workspace: -99
2026-07-12T00:16:00+00:00 machine gtk-status-bar[1170]: 2026-07-12T00:16:00.093362Z DEBUG gtk_status_bar::widgets: Updated title widget color to: rgba(67, 233, 123, 0.5) for workspace: -99
2026-07-12T00:16:02+00:00 machine gtk-status-bar[1170]: 2026-07-12T00:16:02.772901Z DEBUG gtk_status_bar::widgets: Updating workspace - label: 'Workspace 11', color for workspace: 11
2026-07-12T00:16:02+00:00 machine gtk-status-bar[1170]: 2026-07-12T00:16:02.773110Z DEBUG gtk_status_bar::widgets: Updated title widget color to: rgba(67, 233, 123, 0.5) for workspace: 11
2026-07-12T00:16:02+00:00 machine gtk-status-bar[1170]: 2026-07-12T00:16:02.964732Z DEBUG gtk_status_bar::widgets: Updating workspace - label: 'Special: special', color for workspace: -99
2026-07-12T00:16:02+00:00 machine gtk-status-bar[1170]: 2026-07-12T00:16:02.965166Z DEBUG gtk_status_bar::widgets: Updated title widget color to: rgba(67, 233, 123, 0.5) for workspace: -99
2026-07-12T00:16:05+00:00 machine gtk-status-bar[1170]: 2026-07-12T00:16:05.637396Z DEBUG gtk_status_bar::widgets: Updating workspace - label: 'Workspace 11', color for workspace: 11
2026-07-12T00:16:05+00:00 machine gtk-status-bar[1170]: 2026-07-12T00:16:05.637702Z DEBUG gtk_status_bar::widgets: Updated title widget color to: rgba(67, 233, 123, 0.5) for workspace: 11
2026-07-12T00:16:05+00:00 machine gtk-status-bar[1170]: 2026-07-12T00:16:05.820711Z DEBUG gtk_status_bar::hypr: Handling workspace change event
2026-07-12T00:16:05+00:00 machine gtk-status-bar[1170]: 2026-07-12T00:16:05.820749Z DEBUG gtk_status_bar::hypr: Workspace changed to: Workspace u
2026-07-12T00:16:05+00:00 machine gtk-status-bar[1170]: 2026-07-12T00:16:05.820967Z DEBUG gtk_status_bar::widgets: Updating workspace - label: 'Workspace u', color for workspace: 1
2026-07-12T00:16:05+00:00 machine gtk-status-bar[1170]: 2026-07-12T00:16:05.821156Z DEBUG gtk_status_bar::widgets: Updated title widget color to: rgba(122, 162, 247, 0.5) for workspace: 1
2026-07-12T00:16:06+00:00 machine gtk-status-bar[1170]: 2026-07-12T00:16:06.022223Z DEBUG gtk_status_bar::hypr: Handling workspace change event
2026-07-12T00:16:06+00:00 machine gtk-status-bar[1170]: 2026-07-12T00:16:06.022260Z DEBUG gtk_status_bar::hypr: Workspace changed to: Workspace i
2026-07-12T00:16:06+00:00 machine gtk-status-bar[1170]: 2026-07-12T00:16:06.022546Z DEBUG gtk_status_bar::widgets: Updating workspace - label: 'Workspace i', color for workspace: 2
2026-07-12T00:16:06+00:00 machine gtk-status-bar[1170]: 2026-07-12T00:16:06.022779Z DEBUG gtk_status_bar::widgets: Updated title widget color to: rgba(125, 207, 255, 0.5) for workspace: 2
2026-07-12T00:16:06+00:00 machine gtk-status-bar[1170]: 2026-07-12T00:16:06.215535Z DEBUG gtk_status_bar::hypr: Handling workspace change event
2026-07-12T00:16:06+00:00 machine gtk-status-bar[1170]: 2026-07-12T00:16:06.215563Z DEBUG gtk_status_bar::hypr: Workspace changed to: Workspace o
2026-07-12T00:16:06+00:00 machine gtk-status-bar[1170]: 2026-07-12T00:16:06.215812Z DEBUG gtk_status_bar::widgets: Updating workspace - label: 'Workspace o', color for workspace: 3
2026-07-12T00:16:06+00:00 machine gtk-status-bar[1170]: 2026-07-12T00:16:06.247400Z DEBUG gtk_status_bar::widgets: Updated title widget color to: rgba(158, 206, 106, 0.5) for workspace: 3
2026-07-12T00:16:06+00:00 machine gtk-status-bar[1170]: 2026-07-12T00:16:06.412835Z DEBUG gtk_status_bar::hypr: Handling workspace change event
2026-07-12T00:16:06+00:00 machine gtk-status-bar[1170]: 2026-07-12T00:16:06.412890Z DEBUG gtk_status_bar::hypr: Workspace changed to: Workspace p
2026-07-12T00:16:06+00:00 machine gtk-status-bar[1170]: 2026-07-12T00:16:06.413263Z DEBUG gtk_status_bar::widgets: Updating workspace - label: 'Workspace p', color for workspace: 4
2026-07-12T00:16:06+00:00 machine gtk-status-bar[1170]: 2026-07-12T00:16:06.413751Z DEBUG gtk_status_bar::widgets: Updated title widget color to: rgba(187, 154, 247, 0.5) for workspace: 4
2026-07-12T00:16:06+00:00 machine gtk-status-bar[1170]: 2026-07-12T00:16:06.593530Z DEBUG gtk_status_bar::hypr: Handling workspace change event
2026-07-12T00:16:06+00:00 machine gtk-status-bar[1170]: 2026-07-12T00:16:06.593559Z DEBUG gtk_status_bar::hypr: Workspace changed to: Workspace j
2026-07-12T00:16:06+00:00 machine gtk-status-bar[1170]: 2026-07-12T00:16:06.595758Z DEBUG gtk_status_bar::widgets: Updating workspace - label: 'Workspace j', color for workspace: 5
2026-07-12T00:16:06+00:00 machine gtk-status-bar[1170]: 2026-07-12T00:16:06.595980Z DEBUG gtk_status_bar::widgets: Updated title widget color to: rgba(247, 118, 142, 0.5) for workspace: 5
2026-07-12T00:16:06+00:00 machine gtk-status-bar[1170]: 2026-07-12T00:16:06.782537Z DEBUG gtk_status_bar::hypr: Handling workspace change event
2026-07-12T00:16:06+00:00 machine gtk-status-bar[1170]: 2026-07-12T00:16:06.782633Z DEBUG gtk_status_bar::hypr: Workspace changed to: Workspace u
2026-07-12T00:16:06+00:00 machine gtk-status-bar[1170]: 2026-07-12T00:16:06.782824Z DEBUG gtk_status_bar::widgets: Updating workspace - label: 'Workspace u', color for workspace: 1
2026-07-12T00:16:06+00:00 machine gtk-status-bar[1170]: 2026-07-12T00:16:06.783016Z DEBUG gtk_status_bar::widgets: Updated title widget color to: rgba(122, 162, 247, 0.5) for workspace: 1
2026-07-12T00:16:06+00:00 machine gtk-status-bar[1170]: 2026-07-12T00:16:06.957752Z DEBUG gtk_status_bar::hypr: Handling workspace change event
2026-07-12T00:16:06+00:00 machine gtk-status-bar[1170]: 2026-07-12T00:16:06.957787Z DEBUG gtk_status_bar::hypr: Workspace changed to: Workspace i
2026-07-12T00:16:06+00:00 machine gtk-status-bar[1170]: 2026-07-12T00:16:06.958785Z DEBUG gtk_status_bar::widgets: Updating workspace - label: 'Workspace i', color for workspace: 2
2026-07-12T00:16:06+00:00 machine gtk-status-bar[1170]: 2026-07-12T00:16:06.958979Z DEBUG gtk_status_bar::widgets: Updated title widget color to: rgba(125, 207, 255, 0.5) for workspace: 2
2026-07-12T00:16:07+00:00 machine gtk-status-bar[1170]: 2026-07-12T00:16:07.131326Z DEBUG gtk_status_bar::hypr: Handling workspace change event
2026-07-12T00:16:07+00:00 machine gtk-status-bar[1170]: 2026-07-12T00:16:07.131380Z DEBUG gtk_status_bar::hypr: Workspace changed to: Workspace o
2026-07-12T00:16:07+00:00 machine gtk-status-bar[1170]: 2026-07-12T00:16:07.132787Z DEBUG gtk_status_bar::widgets: Updating workspace - label: 'Workspace o', color for workspace: 3
2026-07-12T00:16:07+00:00 machine gtk-status-bar[1170]: 2026-07-12T00:16:07.132967Z DEBUG gtk_status_bar::widgets: Updated title widget color to: rgba(158, 206, 106, 0.5) for workspace: 3
2026-07-12T00:16:07+00:00 machine gtk-status-bar[1170]: 2026-07-12T00:16:07.326421Z DEBUG gtk_status_bar::hypr: Handling workspace change event
2026-07-12T00:16:07+00:00 machine gtk-status-bar[1170]: 2026-07-12T00:16:07.326450Z DEBUG gtk_status_bar::hypr: Workspace changed to: Workspace p
2026-07-12T00:16:07+00:00 machine gtk-status-bar[1170]: 2026-07-12T00:16:07.326934Z DEBUG gtk_status_bar::widgets: Updating workspace - label: 'Workspace p', color for workspace: 4
2026-07-12T00:16:07+00:00 machine gtk-status-bar[1170]: 2026-07-12T00:16:07.357762Z DEBUG gtk_status_bar::widgets: Updated title widget color to: rgba(187, 154, 247, 0.5) for workspace: 4
2026-07-12T00:16:07+00:00 machine gtk-status-bar[1170]: 2026-07-12T00:16:07.543077Z DEBUG gtk_status_bar::hypr: Handling workspace change event
2026-07-12T00:16:07+00:00 machine gtk-status-bar[1170]: 2026-07-12T00:16:07.543109Z DEBUG gtk_status_bar::hypr: Workspace changed to: Workspace j
2026-07-12T00:16:07+00:00 machine gtk-status-bar[1170]: 2026-07-12T00:16:07.543377Z DEBUG gtk_status_bar::widgets: Updating workspace - label: 'Workspace j', color for workspace: 5
2026-07-12T00:16:07+00:00 machine gtk-status-bar[1170]: 2026-07-12T00:16:07.543560Z DEBUG gtk_status_bar::widgets: Updated title widget color to: rgba(247, 118, 142, 0.5) for workspace: 5
2026-07-12T00:16:07+00:00 machine gtk-status-bar[1170]: 2026-07-12T00:16:07.759103Z DEBUG gtk_status_bar::hypr: Handling workspace change event
2026-07-12T00:16:07+00:00 machine gtk-status-bar[1170]: 2026-07-12T00:16:07.759130Z DEBUG gtk_status_bar::hypr: Workspace changed to: Workspace u
2026-07-12T00:16:07+00:00 machine gtk-status-bar[1170]: 2026-07-12T00:16:07.787440Z DEBUG gtk_status_bar::widgets: Updating workspace - label: 'Workspace u', color for workspace: 1
2026-07-12T00:16:07+00:00 machine gtk-status-bar[1170]: 2026-07-12T00:16:07.788112Z DEBUG gtk_status_bar::widgets: Updated title widget color to: rgba(122, 162, 247, 0.5) for workspace: 1
2026-07-12T00:16:07+00:00 machine gtk-status-bar[1170]: 2026-07-12T00:16:07.973958Z DEBUG gtk_status_bar::hypr: Handling workspace change event
2026-07-12T00:16:07+00:00 machine gtk-status-bar[1170]: 2026-07-12T00:16:07.973990Z DEBUG gtk_status_bar::hypr: Workspace changed to: Workspace i
2026-07-12T00:16:07+00:00 machine gtk-status-bar[1170]: 2026-07-12T00:16:07.998370Z DEBUG gtk_status_bar::widgets: Updating workspace - label: 'Workspace i', color for workspace: 2
2026-07-12T00:16:08+00:00 machine gtk-status-bar[1170]: 2026-07-12T00:16:08.002570Z DEBUG gtk_status_bar::widgets: Updated title widget color to: rgba(125, 207, 255, 0.5) for workspace: 2
2026-07-12T00:16:08+00:00 machine gtk-status-bar[1170]: 2026-07-12T00:16:08.168835Z DEBUG gtk_status_bar::hypr: Handling workspace change event
2026-07-12T00:16:08+00:00 machine gtk-status-bar[1170]: 2026-07-12T00:16:08.168873Z DEBUG gtk_status_bar::hypr: Workspace changed to: Workspace o
2026-07-12T00:16:08+00:00 machine gtk-status-bar[1170]: 2026-07-12T00:16:08.169076Z DEBUG gtk_status_bar::widgets: Updating workspace - label: 'Workspace o', color for workspace: 3
2026-07-12T00:16:08+00:00 machine gtk-status-bar[1170]: 2026-07-12T00:16:08.185236Z DEBUG gtk_status_bar::widgets: Updated title widget color to: rgba(158, 206, 106, 0.5) for workspace: 3
2026-07-12T00:16:08+00:00 machine gtk-status-bar[1170]: 2026-07-12T00:16:08.410448Z DEBUG gtk_status_bar::hypr: Handling workspace change event
2026-07-12T00:16:08+00:00 machine gtk-status-bar[1170]: 2026-07-12T00:16:08.410532Z DEBUG gtk_status_bar::hypr: Workspace changed to: Workspace p
2026-07-12T00:16:08+00:00 machine gtk-status-bar[1170]: 2026-07-12T00:16:08.433119Z DEBUG gtk_status_bar::widgets: Updating workspace - label: 'Workspace p', color for workspace: 4
2026-07-12T00:16:08+00:00 machine gtk-status-bar[1170]: 2026-07-12T00:16:08.437814Z DEBUG gtk_status_bar::widgets: Updated title widget color to: rgba(187, 154, 247, 0.5) for workspace: 4
2026-07-12T00:16:08+00:00 machine gtk-status-bar[1170]: 2026-07-12T00:16:08.611286Z DEBUG gtk_status_bar::hypr: Handling workspace change event
2026-07-12T00:16:08+00:00 machine gtk-status-bar[1170]: 2026-07-12T00:16:08.611313Z DEBUG gtk_status_bar::hypr: Workspace changed to: Workspace j
2026-07-12T00:16:08+00:00 machine gtk-status-bar[1170]: 2026-07-12T00:16:08.611766Z DEBUG gtk_status_bar::widgets: Updating workspace - label: 'Workspace j', color for workspace: 5
2026-07-12T00:16:08+00:00 machine gtk-status-bar[1170]: 2026-07-12T00:16:08.612119Z DEBUG gtk_status_bar::widgets: Updated title widget color to: rgba(247, 118, 142, 0.5) for workspace: 5
2026-07-12T00:16:08+00:00 machine gtk-status-bar[1170]: 2026-07-12T00:16:08.846138Z DEBUG gtk_status_bar::hypr: Handling workspace change event
2026-07-12T00:16:08+00:00 machine gtk-status-bar[1170]: 2026-07-12T00:16:08.846168Z DEBUG gtk_status_bar::hypr: Workspace changed to: Workspace u
2026-07-12T00:16:08+00:00 machine gtk-status-bar[1170]: 2026-07-12T00:16:08.846354Z DEBUG gtk_status_bar::widgets: Updating workspace - label: 'Workspace u', color for workspace: 1
2026-07-12T00:16:08+00:00 machine gtk-status-bar[1170]: 2026-07-12T00:16:08.846511Z DEBUG gtk_status_bar::widgets: Updated title widget color to: rgba(122, 162, 247, 0.5) for workspace: 1
2026-07-12T00:16:09+00:00 machine gtk-status-bar[1170]: 2026-07-12T00:16:09.070416Z DEBUG gtk_status_bar::hypr: Handling workspace change event
2026-07-12T00:16:09+00:00 machine gtk-status-bar[1170]: 2026-07-12T00:16:09.070446Z DEBUG gtk_status_bar::hypr: Workspace changed to: Workspace i
2026-07-12T00:16:09+00:00 machine gtk-status-bar[1170]: 2026-07-12T00:16:09.074025Z DEBUG gtk_status_bar::widgets: Updating workspace - label: 'Workspace i', color for workspace: 2
2026-07-12T00:16:09+00:00 machine gtk-status-bar[1170]: 2026-07-12T00:16:09.074347Z DEBUG gtk_status_bar::widgets: Updated title widget color to: rgba(125, 207, 255, 0.5) for workspace: 2
2026-07-12T00:16:09+00:00 machine gtk-status-bar[1170]: 2026-07-12T00:16:09.282768Z DEBUG gtk_status_bar::hypr: Handling workspace change event
2026-07-12T00:16:09+00:00 machine gtk-status-bar[1170]: 2026-07-12T00:16:09.282807Z DEBUG gtk_status_bar::hypr: Workspace changed to: Workspace o
2026-07-12T00:16:09+00:00 machine gtk-status-bar[1170]: 2026-07-12T00:16:09.285174Z DEBUG gtk_status_bar::widgets: Updating workspace - label: 'Workspace o', color for workspace: 3
2026-07-12T00:16:09+00:00 machine gtk-status-bar[1170]: 2026-07-12T00:16:09.285394Z DEBUG gtk_status_bar::widgets: Updated title widget color to: rgba(158, 206, 106, 0.5) for workspace: 3
2026-07-12T00:16:09+00:00 machine gtk-status-bar[1170]: 2026-07-12T00:16:09.542226Z DEBUG gtk_status_bar::hypr: Handling workspace change event
2026-07-12T00:16:09+00:00 machine gtk-status-bar[1170]: 2026-07-12T00:16:09.542283Z DEBUG gtk_status_bar::hypr: Workspace changed to: Workspace p
2026-07-12T00:16:09+00:00 machine gtk-status-bar[1170]: 2026-07-12T00:16:09.542778Z DEBUG gtk_status_bar::widgets: Updating workspace - label: 'Workspace p', color for workspace: 4
2026-07-12T00:16:09+00:00 machine gtk-status-bar[1170]: 2026-07-12T00:16:09.543106Z DEBUG gtk_status_bar::widgets: Updated title widget color to: rgba(187, 154, 247, 0.5) for workspace: 4
2026-07-12T00:16:09+00:00 machine gtk-status-bar[1170]: 2026-07-12T00:16:09.805338Z DEBUG gtk_status_bar::hypr: Handling workspace change event
2026-07-12T00:16:09+00:00 machine gtk-status-bar[1170]: 2026-07-12T00:16:09.805370Z DEBUG gtk_status_bar::hypr: Workspace changed to: Workspace j
2026-07-12T00:16:09+00:00 machine gtk-status-bar[1170]: 2026-07-12T00:16:09.805562Z DEBUG gtk_status_bar::widgets: Updating workspace - label: 'Workspace j', color for workspace: 5
2026-07-12T00:16:09+00:00 machine gtk-status-bar[1170]: 2026-07-12T00:16:09.805833Z DEBUG gtk_status_bar::widgets: Updated title widget color to: rgba(247, 118, 142, 0.5) for workspace: 5
2026-07-12T00:16:10+00:00 machine gtk-status-bar[1170]: 2026-07-12T00:16:10.073460Z DEBUG gtk_status_bar::hypr: Handling workspace change event
2026-07-12T00:16:10+00:00 machine gtk-status-bar[1170]: 2026-07-12T00:16:10.073494Z DEBUG gtk_status_bar::hypr: Workspace changed to: Workspace c
2026-07-12T00:16:10+00:00 machine gtk-status-bar[1170]: 2026-07-12T00:16:10.074058Z DEBUG gtk_status_bar::widgets: Updating workspace - label: 'Workspace c', color for workspace: 10
2026-07-12T00:16:10+00:00 machine gtk-status-bar[1170]: 2026-07-12T00:16:10.074318Z DEBUG gtk_status_bar::widgets: Updated title widget color to: rgba(13, 185, 215, 0.5) for workspace: 10
2026-07-12T00:16:12+00:00 machine gtk-status-bar[1170]: 2026-07-12T00:16:12.779006Z DEBUG gtk_status_bar::hypr: Handling workspace change event
2026-07-12T00:16:12+00:00 machine gtk-status-bar[1170]: 2026-07-12T00:16:12.779037Z DEBUG gtk_status_bar::hypr: Workspace changed to: Workspace i
2026-07-12T00:16:12+00:00 machine gtk-status-bar[1170]: 2026-07-12T00:16:12.779522Z DEBUG gtk_status_bar::widgets: Updating workspace - label: 'Workspace i', color for workspace: 2
2026-07-12T00:16:12+00:00 machine gtk-status-bar[1170]: 2026-07-12T00:16:12.780022Z DEBUG gtk_status_bar::widgets: Updated title widget color to: rgba(125, 207, 255, 0.5) for workspace: 2
2026-07-12T00:16:13+00:00 machine gtk-status-bar[1170]: 2026-07-12T00:16:13.897138Z DEBUG gtk_status_bar::hypr: Handling title change event
2026-07-12T00:16:13+00:00 machine gtk-status-bar[1170]: 2026-07-12T00:16:13.898285Z DEBUG gtk_status_bar::hypr: No active client matches the title change event
2026-07-12T00:16:13+00:00 machine gtk-status-bar[1170]: 2026-07-12T00:16:13.951429Z DEBUG gtk_status_bar::hypr: Handling active window change event
2026-07-12T00:16:13+00:00 machine gtk-status-bar[1170]: 2026-07-12T00:16:13.951454Z DEBUG gtk_status_bar::hypr: Window data - class: 'kitty', title: 'kitty', address: '0x634a813c6100'
2026-07-12T00:16:13+00:00 machine gtk-status-bar[1170]: 2026-07-12T00:16:13.951477Z DEBUG gtk_status_bar::hypr: Active window changed, title: 'kitty'
2026-07-12T00:16:13+00:00 machine gtk-status-bar[1170]: 2026-07-12T00:16:13.951491Z DEBUG gtk_status_bar::hypr: Sending title update: 'kitty'
2026-07-12T00:16:13+00:00 machine gtk-status-bar[1170]: 2026-07-12T00:16:13.968132Z DEBUG gtk_status_bar::widgets: Updating title label: kitty
2026-07-12T00:16:14+00:00 machine gtk-status-bar[1170]: 2026-07-12T00:16:14.895961Z DEBUG gtk_status_bar::pw: 🚫 Skipping metadata '' (props: Some(DictRef { flags: Flags(0x0), entries: {"object.serial": "51", "module.id": "2", "pipewire.protocol": "protocol-native", "pipewire.sec.pid": "1669", "pipewire.sec.uid": "1000", "pipewire.sec.gid": "100", "pipewire.sec.socket": "pipewire-0", "application.name": ".xdg-desktop-portal-wrapped", "pipewire.access": "unrestricted"} }))
2026-07-12T00:16:15+00:00 machine gtk-status-bar[1170]: 2026-07-12T00:16:15.229672Z DEBUG gtk_status_bar::pw: 🚫 Skipping metadata '' (props: Some(DictRef { flags: Flags(0x0), entries: {"object.serial": "52", "module.id": "2", "pipewire.protocol": "protocol-native", "pipewire.sec.pid": "1720", "pipewire.sec.uid": "1000", "pipewire.sec.gid": "100", "pipewire.sec.socket": "pipewire-0", "application.name": ".xdg-desktop-portal-hyprland-wrapped", "pipewire.access": "unrestricted"} }))
2026-07-12T00:16:15+00:00 machine gtk-status-bar[1170]: 2026-07-12T00:16:15.656515Z DEBUG gtk_status_bar::hypr: Handling title change event
2026-07-12T00:16:15+00:00 machine gtk-status-bar[1170]: 2026-07-12T00:16:15.679363Z DEBUG gtk_status_bar::hypr: Title changed to: bash
2026-07-12T00:16:15+00:00 machine gtk-status-bar[1170]: 2026-07-12T00:16:15.679502Z DEBUG gtk_status_bar::hypr: Handling active window change event
2026-07-12T00:16:15+00:00 machine gtk-status-bar[1170]: 2026-07-12T00:16:15.679628Z DEBUG gtk_status_bar::widgets: Updating title label: bash
2026-07-12T00:16:15+00:00 machine gtk-status-bar[1170]: 2026-07-12T00:16:15.679824Z DEBUG gtk_status_bar::hypr: Window data - class: 'kitty', title: 'bash', address: '0x634a813c6100'
2026-07-12T00:16:15+00:00 machine gtk-status-bar[1170]: 2026-07-12T00:16:15.679940Z DEBUG gtk_status_bar::hypr: Active window changed, title: 'bash'
2026-07-12T00:16:15+00:00 machine gtk-status-bar[1170]: 2026-07-12T00:16:15.680056Z DEBUG gtk_status_bar::hypr: Sending title update: 'bash'
2026-07-12T00:16:15+00:00 machine gtk-status-bar[1170]: 2026-07-12T00:16:15.680512Z DEBUG gtk_status_bar::widgets: Updating title label: bash
2026-07-12T00:16:15+00:00 machine gtk-status-bar[1170]: 2026-07-12T00:16:15.752999Z DEBUG gtk_status_bar::hypr: Handling title change event
2026-07-12T00:16:15+00:00 machine gtk-status-bar[1170]: 2026-07-12T00:16:15.756499Z DEBUG gtk_status_bar::hypr: Title changed to: admin@machine: ~
2026-07-12T00:16:15+00:00 machine gtk-status-bar[1170]: 2026-07-12T00:16:15.756537Z DEBUG gtk_status_bar::hypr: Handling active window change event
2026-07-12T00:16:15+00:00 machine gtk-status-bar[1170]: 2026-07-12T00:16:15.756553Z DEBUG gtk_status_bar::hypr: Window data - class: 'kitty', title: 'admin@machine: ~', address: '0x634a813c6100'
2026-07-12T00:16:15+00:00 machine gtk-status-bar[1170]: 2026-07-12T00:16:15.756570Z DEBUG gtk_status_bar::hypr: Active window changed, title: 'admin@machine: ~'
2026-07-12T00:16:15+00:00 machine gtk-status-bar[1170]: 2026-07-12T00:16:15.757702Z DEBUG gtk_status_bar::hypr: Sending title update: 'admin@machine: ~'
2026-07-12T00:16:15+00:00 machine gtk-status-bar[1170]: 2026-07-12T00:16:15.758809Z DEBUG gtk_status_bar::widgets: Updating title label: admin@machine: ~
2026-07-12T00:16:15+00:00 machine gtk-status-bar[1170]: 2026-07-12T00:16:15.758896Z DEBUG gtk_status_bar::widgets: Updating title label: admin@machine: ~
2026-07-12T00:16:18+00:00 machine gtk-status-bar[1170]: 2026-07-12T00:16:18.481975Z DEBUG gtk_status_bar::hypr: Handling title change event
2026-07-12T00:16:18+00:00 machine gtk-status-bar[1170]: 2026-07-12T00:16:18.483834Z DEBUG gtk_status_bar::hypr: Title changed to: Close OS window
2026-07-12T00:16:18+00:00 machine gtk-status-bar[1170]: 2026-07-12T00:16:18.483864Z DEBUG gtk_status_bar::hypr: Handling active window change event
2026-07-12T00:16:18+00:00 machine gtk-status-bar[1170]: 2026-07-12T00:16:18.483878Z DEBUG gtk_status_bar::hypr: Window data - class: 'kitty', title: 'kitten', address: '0x634a813c6100'
2026-07-12T00:16:18+00:00 machine gtk-status-bar[1170]: 2026-07-12T00:16:18.483920Z DEBUG gtk_status_bar::hypr: Active window changed, title: 'kitten'
2026-07-12T00:16:18+00:00 machine gtk-status-bar[1170]: 2026-07-12T00:16:18.483934Z DEBUG gtk_status_bar::hypr: Sending title update: 'kitten'
2026-07-12T00:16:18+00:00 machine gtk-status-bar[1170]: 2026-07-12T00:16:18.483968Z DEBUG gtk_status_bar::hypr: Handling title change event
2026-07-12T00:16:18+00:00 machine gtk-status-bar[1170]: 2026-07-12T00:16:18.484221Z DEBUG gtk_status_bar::widgets: Updating title label: Close OS window
2026-07-12T00:16:18+00:00 machine gtk-status-bar[1170]: 2026-07-12T00:16:18.484296Z DEBUG gtk_status_bar::widgets: Updating title label: kitten
2026-07-12T00:16:18+00:00 machine gtk-status-bar[1170]: 2026-07-12T00:16:18.508486Z DEBUG gtk_status_bar::hypr: Title changed to: Close OS window
2026-07-12T00:16:18+00:00 machine gtk-status-bar[1170]: 2026-07-12T00:16:18.508530Z DEBUG gtk_status_bar::hypr: Handling active window change event
2026-07-12T00:16:18+00:00 machine gtk-status-bar[1170]: 2026-07-12T00:16:18.508545Z DEBUG gtk_status_bar::hypr: Window data - class: 'kitty', title: 'Close OS window', address: '0x634a813c6100'
2026-07-12T00:16:18+00:00 machine gtk-status-bar[1170]: 2026-07-12T00:16:18.508560Z DEBUG gtk_status_bar::hypr: Active window changed, title: 'Close OS window'
2026-07-12T00:16:18+00:00 machine gtk-status-bar[1170]: 2026-07-12T00:16:18.508624Z DEBUG gtk_status_bar::hypr: Sending title update: 'Close OS window'
2026-07-12T00:16:18+00:00 machine gtk-status-bar[1170]: 2026-07-12T00:16:18.508823Z DEBUG gtk_status_bar::widgets: Updating title label: Close OS window
2026-07-12T00:16:18+00:00 machine gtk-status-bar[1170]: 2026-07-12T00:16:18.508879Z DEBUG gtk_status_bar::widgets: Updating title label: Close OS window
2026-07-12T00:16:19+00:00 machine gtk-status-bar[1170]: 2026-07-12T00:16:19.094404Z DEBUG gtk_status_bar::hypr: Handling title change event
2026-07-12T00:16:19+00:00 machine gtk-status-bar[1170]: 2026-07-12T00:16:19.096634Z DEBUG gtk_status_bar::hypr: No active client matches the title change event
2026-07-12T00:16:19+00:00 machine gtk-status-bar[1170]: 2026-07-12T00:16:19.139940Z DEBUG gtk_status_bar::hypr: Handling active window change event
2026-07-12T00:16:19+00:00 machine gtk-status-bar[1170]: 2026-07-12T00:16:19.139987Z DEBUG gtk_status_bar::hypr: Window data - class: 'kitty', title: 'hello', address: '0x634a823630b0'
2026-07-12T00:16:19+00:00 machine gtk-status-bar[1170]: 2026-07-12T00:16:19.140005Z DEBUG gtk_status_bar::hypr: Active window changed, title: 'hello'
2026-07-12T00:16:19+00:00 machine gtk-status-bar[1170]: 2026-07-12T00:16:19.140026Z DEBUG gtk_status_bar::hypr: Sending title update: 'hello'
2026-07-12T00:16:19+00:00 machine gtk-status-bar[1170]: 2026-07-12T00:16:19.140210Z DEBUG gtk_status_bar::widgets: Updating title label: hello
2026-07-12T00:16:23+00:00 machine gtk-status-bar[1170]: 2026-07-12T00:16:23.412921Z DEBUG gtk_status_bar::hypr: Handling title change event
2026-07-12T00:16:23+00:00 machine gtk-status-bar[1170]: 2026-07-12T00:16:23.413381Z DEBUG gtk_status_bar::hypr: No active client matches the title change event
2026-07-12T00:16:23+00:00 machine gtk-status-bar[1170]: 2026-07-12T00:16:23.472766Z DEBUG gtk_status_bar::hypr: Handling active window change event
2026-07-12T00:16:23+00:00 machine gtk-status-bar[1170]: 2026-07-12T00:16:23.472799Z DEBUG gtk_status_bar::hypr: Window data - class: 'kitty', title: 'AAAAAAAAAAAAAAAAAAAAAAAAAAAAAAAAAAAAAAAAAAAAAAAAAAAAAAAAAAAAAAAA', address: '0x634a82684750'
2026-07-12T00:16:23+00:00 machine gtk-status-bar[1170]: 2026-07-12T00:16:23.472814Z DEBUG gtk_status_bar::hypr: Active window changed, title: 'AAAAAAAAAAAAAAAAAAAAAAAAAAAAAAAAAAAAAAAAAAAAAAAAAAAAAAAAAAAAAAAA'
2026-07-12T00:16:23+00:00 machine gtk-status-bar[1170]: 2026-07-12T00:16:23.472828Z DEBUG gtk_status_bar::hypr: Sending title update: 'AAAAAAAAAAAAAAAAAAAAAAAAAAAAAAAAAAAAAAAAAAAAAAAAAAAAAAAAAAAAAAAA'
2026-07-12T00:16:23+00:00 machine gtk-status-bar[1170]: 2026-07-12T00:16:23.473170Z DEBUG gtk_status_bar::widgets: Updating title label: AAAAAAAAAAAAAAAAAAAAAAAAAAAAAAAAAAAAAAAAAAAAAAAAAAAAAAAAAAAAAAAA
2026-07-12T00:16:27+00:00 machine gtk-status-bar[1170]: 2026-07-12T00:16:27.722546Z DEBUG gtk_status_bar::hypr: Handling title change event
2026-07-12T00:16:27+00:00 machine gtk-status-bar[1170]: 2026-07-12T00:16:27.723020Z DEBUG gtk_status_bar::hypr: No active client matches the title change event
2026-07-12T00:16:27+00:00 machine gtk-status-bar[1170]: 2026-07-12T00:16:27.790916Z DEBUG gtk_status_bar::hypr: Handling active window change event
2026-07-12T00:16:27+00:00 machine gtk-status-bar[1170]: 2026-07-12T00:16:27.790952Z DEBUG gtk_status_bar::hypr: Window data - class: 'kitty', title: '01234567890123456789012345678901234567890123456789012345678901234567890123456789', address: '0x634a811315b0'
2026-07-12T00:16:27+00:00 machine gtk-status-bar[1170]: 2026-07-12T00:16:27.790971Z DEBUG gtk_status_bar::hypr: Active window changed, title: '0123456789012345678901234567890…89012345678901234567890123456789'
2026-07-12T00:16:27+00:00 machine gtk-status-bar[1170]: 2026-07-12T00:16:27.790985Z DEBUG gtk_status_bar::hypr: Sending title update: '0123456789012345678901234567890…89012345678901234567890123456789'
2026-07-12T00:16:27+00:00 machine gtk-status-bar[1170]: 2026-07-12T00:16:27.791410Z DEBUG gtk_status_bar::widgets: Updating title label: 0123456789012345678901234567890…89012345678901234567890123456789
2026-07-12T00:16:31+00:00 machine gtk-status-bar[1170]: 2026-07-12T00:16:31.995153Z DEBUG gtk_status_bar::hypr: Handling title change event
2026-07-12T00:16:32+00:00 machine gtk-status-bar[1170]: 2026-07-12T00:16:32.003771Z DEBUG gtk_status_bar::hypr: No active client matches the title change event
2026-07-12T00:16:32+00:00 machine gtk-status-bar[1170]: 2026-07-12T00:16:32.032569Z DEBUG gtk_status_bar::hypr: Handling active window change event
2026-07-12T00:16:32+00:00 machine gtk-status-bar[1170]: 2026-07-12T00:16:32.032648Z DEBUG gtk_status_bar::hypr: Window data - class: 'kitty', title: '界🙂界🙂界🙂界🙂界🙂界🙂界🙂界🙂界🙂界🙂界🙂界🙂界🙂界🙂界🙂界🙂界🙂界🙂界🙂界🙂界🙂界🙂界🙂界🙂界🙂界🙂界🙂界🙂界🙂界🙂界🙂界🙂界🙂界🙂界🙂界🙂界🙂界🙂界🙂界🙂', address: '0x634a81329d70'
2026-07-12T00:16:32+00:00 machine gtk-status-bar[1170]: 2026-07-12T00:16:32.032672Z DEBUG gtk_status_bar::hypr: Active window changed, title: '界🙂界🙂界🙂界🙂界🙂界🙂界🙂界🙂界🙂界🙂界🙂界🙂界🙂界🙂界🙂界…界🙂界🙂界🙂界🙂界🙂界🙂界🙂界🙂界🙂界🙂界🙂界🙂界🙂界🙂界🙂界🙂'
2026-07-12T00:16:32+00:00 machine gtk-status-bar[1170]: 2026-07-12T00:16:32.032692Z DEBUG gtk_status_bar::hypr: Sending title update: '界🙂界🙂界🙂界🙂界🙂界🙂界🙂界🙂界🙂界🙂界🙂界🙂界🙂界🙂界🙂界…界🙂界🙂界🙂界🙂界🙂界🙂界🙂界🙂界🙂界🙂界🙂界🙂界🙂界🙂界🙂界🙂'
2026-07-12T00:16:32+00:00 machine gtk-status-bar[1170]: 2026-07-12T00:16:32.032864Z DEBUG gtk_status_bar::widgets: Updating title label: 界🙂界🙂界🙂界🙂界🙂界🙂界🙂界🙂界🙂界🙂界🙂界🙂界🙂界🙂界🙂界…界🙂界🙂界🙂界🙂界🙂界🙂界🙂界🙂界🙂界🙂界🙂界🙂界🙂界🙂界🙂界🙂
2026-07-12T00:16:35+00:00 machine gtk-status-bar[1170]: 2026-07-12T00:16:35.633227Z DEBUG gtk_status_bar::hypr: Handling active window change event
2026-07-12T00:16:35+00:00 machine gtk-status-bar[1170]: 2026-07-12T00:16:35.633293Z DEBUG gtk_status_bar::hypr: Handling workspace change event
2026-07-12T00:16:35+00:00 machine gtk-status-bar[1170]: 2026-07-12T00:16:35.633301Z DEBUG gtk_status_bar::hypr: No active window (window_data is None)
2026-07-12T00:16:35+00:00 machine gtk-status-bar[1170]: 2026-07-12T00:16:35.633335Z DEBUG gtk_status_bar::hypr: Workspace changed to: Workspace u
2026-07-12T00:16:35+00:00 machine gtk-status-bar[1170]: 2026-07-12T00:16:35.633359Z DEBUG gtk_status_bar::hypr: Active window changed, title: ''
2026-07-12T00:16:35+00:00 machine gtk-status-bar[1170]: 2026-07-12T00:16:35.633401Z DEBUG gtk_status_bar::hypr: Sending title update: ''
2026-07-12T00:16:35+00:00 machine gtk-status-bar[1170]: 2026-07-12T00:16:35.633662Z DEBUG gtk_status_bar::widgets: Updating workspace - label: 'Workspace u', color for workspace: 1
2026-07-12T00:16:35+00:00 machine gtk-status-bar[1170]: 2026-07-12T00:16:35.633829Z DEBUG gtk_status_bar::widgets: Updated title widget color to: rgba(122, 162, 247, 0.5) for workspace: 1
2026-07-12T00:16:35+00:00 machine gtk-status-bar[1170]: 2026-07-12T00:16:35.633893Z DEBUG gtk_status_bar::widgets: Updating title label:
2026-07-12T00:16:38+00:00 machine gtk-status-bar[1170]: 2026-07-12T00:16:38.202011Z DEBUG gtk_status_bar::hypr: Handling active window change event
2026-07-12T00:16:38+00:00 machine gtk-status-bar[1170]: 2026-07-12T00:16:38.202050Z DEBUG gtk_status_bar::hypr: Window data - class: 'kitty', title: '界🙂界🙂界🙂界🙂界🙂界🙂界🙂界🙂界🙂界🙂界🙂界🙂界🙂界🙂界🙂界🙂界🙂界🙂界🙂界🙂界🙂界🙂界🙂界🙂界🙂界🙂界🙂界🙂界🙂界🙂界🙂界🙂界🙂界🙂界🙂界🙂界🙂界🙂界🙂界🙂', address: '0x634a81329d70'
2026-07-12T00:16:38+00:00 machine gtk-status-bar[1170]: 2026-07-12T00:16:38.202072Z DEBUG gtk_status_bar::hypr: Active window changed, title: '界🙂界🙂界🙂界🙂界🙂界🙂界🙂界🙂界🙂界🙂界🙂界🙂界🙂界🙂界🙂界…界🙂界🙂界🙂界🙂界🙂界🙂界🙂界🙂界🙂界🙂界🙂界🙂界🙂界🙂界🙂界🙂'
2026-07-12T00:16:38+00:00 machine gtk-status-bar[1170]: 2026-07-12T00:16:38.202092Z DEBUG gtk_status_bar::hypr: Sending title update: '界🙂界🙂界🙂界🙂界🙂界🙂界🙂界🙂界🙂界🙂界🙂界🙂界🙂界🙂界🙂界…界🙂界🙂界🙂界🙂界🙂界🙂界🙂界🙂界🙂界🙂界🙂界🙂界🙂界🙂界🙂界🙂'
2026-07-12T00:16:38+00:00 machine gtk-status-bar[1170]: 2026-07-12T00:16:38.202265Z DEBUG gtk_status_bar::hypr: Handling workspace change event
2026-07-12T00:16:38+00:00 machine gtk-status-bar[1170]: 2026-07-12T00:16:38.202290Z DEBUG gtk_status_bar::hypr: Workspace changed to: Workspace i
2026-07-12T00:16:38+00:00 machine gtk-status-bar[1170]: 2026-07-12T00:16:38.202496Z DEBUG gtk_status_bar::widgets: Updating workspace - label: 'Workspace i', color for workspace: 2
2026-07-12T00:16:38+00:00 machine gtk-status-bar[1170]: 2026-07-12T00:16:38.278361Z DEBUG gtk_status_bar::widgets: Updated title widget color to: rgba(125, 207, 255, 0.5) for workspace: 2
2026-07-12T00:16:38+00:00 machine gtk-status-bar[1170]: 2026-07-12T00:16:38.278445Z DEBUG gtk_status_bar::widgets: Updating title label: 界🙂界🙂界🙂界🙂界🙂界🙂界🙂界🙂界🙂界🙂界🙂界🙂界🙂界🙂界🙂界…界🙂界🙂界🙂界🙂界🙂界🙂界🙂界🙂界🙂界🙂界🙂界🙂界🙂界🙂界🙂界🙂
2026-07-12T00:16:43+00:00 machine gtk-status-bar[1170]: 2026-07-12T00:16:43.295822Z DEBUG gtk_status_bar::hypr: Handling title change event
2026-07-12T00:16:43+00:00 machine gtk-status-bar[1170]: 2026-07-12T00:16:43.297359Z DEBUG gtk_status_bar::hypr: No active client matches the title change event
2026-07-12T00:16:43+00:00 machine gtk-status-bar[1170]: 2026-07-12T00:16:43.337003Z DEBUG gtk_status_bar::hypr: Handling active window change event
2026-07-12T00:16:43+00:00 machine gtk-status-bar[1170]: 2026-07-12T00:16:43.337037Z DEBUG gtk_status_bar::hypr: Window data - class: 'kitty', title: 'Focus Left', address: '0x634a81135450'
2026-07-12T00:16:43+00:00 machine gtk-status-bar[1170]: 2026-07-12T00:16:43.337058Z DEBUG gtk_status_bar::hypr: Active window changed, title: 'Focus Left'
2026-07-12T00:16:43+00:00 machine gtk-status-bar[1170]: 2026-07-12T00:16:43.337074Z DEBUG gtk_status_bar::hypr: Sending title update: 'Focus Left'
2026-07-12T00:16:43+00:00 machine gtk-status-bar[1170]: 2026-07-12T00:16:43.338966Z DEBUG gtk_status_bar::widgets: Updating title label: Focus Left
2026-07-12T00:16:45+00:00 machine gtk-status-bar[1170]: 2026-07-12T00:16:45.362549Z DEBUG gtk_status_bar::hypr: Handling title change event
2026-07-12T00:16:45+00:00 machine gtk-status-bar[1170]: 2026-07-12T00:16:45.362966Z DEBUG gtk_status_bar::hypr: No active client matches the title change event
2026-07-12T00:16:45+00:00 machine gtk-status-bar[1170]: 2026-07-12T00:16:45.403316Z DEBUG gtk_status_bar::hypr: Handling active window change event
2026-07-12T00:16:45+00:00 machine gtk-status-bar[1170]: 2026-07-12T00:16:45.403346Z DEBUG gtk_status_bar::hypr: Window data - class: 'kitty', title: 'Focus Right', address: '0x634a813065f0'
2026-07-12T00:16:45+00:00 machine gtk-status-bar[1170]: 2026-07-12T00:16:45.403362Z DEBUG gtk_status_bar::hypr: Active window changed, title: 'Focus Right'
2026-07-12T00:16:45+00:00 machine gtk-status-bar[1170]: 2026-07-12T00:16:45.403376Z DEBUG gtk_status_bar::hypr: Sending title update: 'Focus Right'
2026-07-12T00:16:45+00:00 machine gtk-status-bar[1170]: 2026-07-12T00:16:45.403527Z DEBUG gtk_status_bar::widgets: Updating title label: Focus Right
2026-07-12T00:16:46+00:00 machine gtk-status-bar[1170]: 2026-07-12T00:16:46.763565Z DEBUG gtk_status_bar::hypr: Handling active window change event
2026-07-12T00:16:46+00:00 machine gtk-status-bar[1170]: 2026-07-12T00:16:46.763653Z DEBUG gtk_status_bar::hypr: Window data - class: 'kitty', title: 'Focus Left', address: '0x634a81135450'
2026-07-12T00:16:46+00:00 machine gtk-status-bar[1170]: 2026-07-12T00:16:46.763671Z DEBUG gtk_status_bar::hypr: Active window changed, title: 'Focus Left'
2026-07-12T00:16:46+00:00 machine gtk-status-bar[1170]: 2026-07-12T00:16:46.763687Z DEBUG gtk_status_bar::hypr: Sending title update: 'Focus Left'
2026-07-12T00:16:46+00:00 machine gtk-status-bar[1170]: 2026-07-12T00:16:46.766146Z DEBUG gtk_status_bar::widgets: Updating title label: Focus Left
2026-07-12T00:16:49+00:00 machine gtk-status-bar[1170]: 2026-07-12T00:16:49.454258Z DEBUG gtk_status_bar::hypr: Handling active window change event
2026-07-12T00:16:49+00:00 machine gtk-status-bar[1170]: 2026-07-12T00:16:49.454326Z DEBUG gtk_status_bar::hypr: Window data - class: 'kitty', title: 'Focus Right', address: '0x634a813065f0'
2026-07-12T00:16:49+00:00 machine gtk-status-bar[1170]: 2026-07-12T00:16:49.454363Z DEBUG gtk_status_bar::hypr: Active window changed, title: 'Focus Right'
2026-07-12T00:16:49+00:00 machine gtk-status-bar[1170]: 2026-07-12T00:16:49.454396Z DEBUG gtk_status_bar::hypr: Sending title update: 'Focus Right'
2026-07-12T00:16:49+00:00 machine gtk-status-bar[1170]: 2026-07-12T00:16:49.455073Z DEBUG gtk_status_bar::widgets: Updating title label: Focus Right
2026-07-12T00:16:53+00:00 machine gtk-status-bar[1170]: 2026-07-12T00:16:53.972777Z DEBUG gtk_status_bar::hypr: Handling active window change event
2026-07-12T00:16:53+00:00 machine gtk-status-bar[1170]: 2026-07-12T00:16:53.972822Z DEBUG gtk_status_bar::hypr: Window data - class: 'kitty', title: 'Close OS window', address: '0x634a813c6100'
2026-07-12T00:16:53+00:00 machine gtk-status-bar[1170]: 2026-07-12T00:16:53.973038Z DEBUG gtk_status_bar::hypr: Active window changed, title: 'Close OS window'
2026-07-12T00:16:53+00:00 machine gtk-status-bar[1170]: 2026-07-12T00:16:53.973054Z DEBUG gtk_status_bar::hypr: Sending title update: 'Close OS window'
2026-07-12T00:16:53+00:00 machine gtk-status-bar[1170]: 2026-07-12T00:16:53.973286Z DEBUG gtk_status_bar::widgets: Updating title label: Close OS window
2026-07-12T00:16:56+00:00 machine gtk-status-bar[1170]: 2026-07-12T00:16:56.979434Z DEBUG gtk_status_bar::dbus: Got an event in event stream: Msg { type: Signal, serial: 13, sender: UniqueName(":1.5"), path: ObjectPath("/org/freedesktop/UPower/devices/battery_BAT0"), iface: InterfaceName("org.freedesktop.DBus.Properties"), member: MemberName("PropertiesChanged"), body: Structure(Dynamic { fields: [Str, Dict { key: Dynamic { child: Str }, value: Dynamic { child: Variant } }, Array(Dynamic { child: Str })] }), fds: [] }
2026-07-12T00:16:56+00:00 machine gtk-status-bar[1170]: 2026-07-12T00:16:56.979498Z DEBUG gtk_status_bar::dbus: Dbus monitor: Received D-Bus message from path: Some(ObjectPath("/org/freedesktop/UPower/devices/battery_BAT0")), interface: Some(InterfaceName("org.freedesktop.DBus.Properties")), member: Some(MemberName("PropertiesChanged"))
2026-07-12T00:16:56+00:00 machine gtk-status-bar[1170]: 2026-07-12T00:16:56.979526Z  INFO gtk_status_bar::dbus: Dbus monitor: Received signal
2026-07-12T00:16:56+00:00 machine gtk-status-bar[1170]: 2026-07-12T00:16:56.980065Z  INFO gtk_status_bar::dbus: Dbus monitor: Received PropertiesChanged signal
2026-07-12T00:16:56+00:00 machine gtk-status-bar[1170]: 2026-07-12T00:16:56.988660Z DEBUG gtk_status_bar::dbus: Battery device properties contain no State property
2026-07-12T00:16:56+00:00 machine gtk-status-bar[1170]: 2026-07-12T00:16:56.988690Z  INFO gtk_status_bar::dbus: Battery percentage changed to 42.0%
2026-07-12T00:16:56+00:00 machine gtk-status-bar[1170]: 2026-07-12T00:16:56.988735Z DEBUG gtk_status_bar::dbus: Got an event in event stream: Msg { type: Signal, serial: 14, sender: UniqueName(":1.5"), path: ObjectPath("/org/freedesktop/UPower/devices/battery_BAT0"), iface: InterfaceName("org.freedesktop.DBus.Properties"), member: MemberName("PropertiesChanged"), body: Structure(Dynamic { fields: [Str, Dict { key: Dynamic { child: Str }, value: Dynamic { child: Variant } }, Array(Dynamic { child: Str })] }), fds: [] }
2026-07-12T00:16:56+00:00 machine gtk-status-bar[1170]: 2026-07-12T00:16:56.988760Z DEBUG gtk_status_bar::dbus: Dbus monitor: Received D-Bus message from path: Some(ObjectPath("/org/freedesktop/UPower/devices/battery_BAT0")), interface: Some(InterfaceName("org.freedesktop.DBus.Properties")), member: Some(MemberName("PropertiesChanged"))
2026-07-12T00:16:56+00:00 machine gtk-status-bar[1170]: 2026-07-12T00:16:56.988776Z  INFO gtk_status_bar::dbus: Dbus monitor: Received signal
2026-07-12T00:16:56+00:00 machine gtk-status-bar[1170]: 2026-07-12T00:16:56.988792Z  INFO gtk_status_bar::dbus: Dbus monitor: Received PropertiesChanged signal
2026-07-12T00:16:56+00:00 machine gtk-status-bar[1170]: 2026-07-12T00:16:56.988817Z  INFO gtk_status_bar::dbus: Battery is discharging (state: 2)
2026-07-12T00:16:57+00:00 machine gtk-status-bar[1170]: 2026-07-12T00:16:56.995757Z DEBUG gtk_status_bar::widgets: Updating battery label: 🔋 42%
2026-07-12T00:16:57+00:00 machine gtk-status-bar[1170]: 2026-07-12T00:16:56.995836Z DEBUG gtk_status_bar::widgets: 👁️  SHOWING battery widget - data: 🔋 42%
2026-07-12T00:16:59+00:00 machine gtk-status-bar[1170]: 2026-07-12T00:16:59.850299Z DEBUG gtk_status_bar::dbus: Got an event in event stream: Msg { type: Signal, serial: 18, sender: UniqueName(":1.5"), path: ObjectPath("/org/freedesktop/UPower/devices/battery_BAT0"), iface: InterfaceName("org.freedesktop.DBus.Properties"), member: MemberName("PropertiesChanged"), body: Structure(Dynamic { fields: [Str, Dict { key: Dynamic { child: Str }, value: Dynamic { child: Variant } }, Array(Dynamic { child: Str })] }), fds: [] }
2026-07-12T00:16:59+00:00 machine gtk-status-bar[1170]: 2026-07-12T00:16:59.850338Z DEBUG gtk_status_bar::dbus: Dbus monitor: Received D-Bus message from path: Some(ObjectPath("/org/freedesktop/UPower/devices/battery_BAT0")), interface: Some(InterfaceName("org.freedesktop.DBus.Properties")), member: Some(MemberName("PropertiesChanged"))
2026-07-12T00:16:59+00:00 machine gtk-status-bar[1170]: 2026-07-12T00:16:59.850355Z  INFO gtk_status_bar::dbus: Dbus monitor: Received signal
2026-07-12T00:16:59+00:00 machine gtk-status-bar[1170]: 2026-07-12T00:16:59.850369Z  INFO gtk_status_bar::dbus: Dbus monitor: Received PropertiesChanged signal
2026-07-12T00:16:59+00:00 machine gtk-status-bar[1170]: 2026-07-12T00:16:59.850401Z DEBUG gtk_status_bar::dbus: Battery device properties contain no State property
2026-07-12T00:16:59+00:00 machine gtk-status-bar[1170]: 2026-07-12T00:16:59.850416Z  INFO gtk_status_bar::dbus: Battery percentage changed to 42.0%
2026-07-12T00:16:59+00:00 machine gtk-status-bar[1170]: 2026-07-12T00:16:59.850901Z DEBUG gtk_status_bar::widgets: Updating battery label: 🔋 42%
2026-07-12T00:16:59+00:00 machine gtk-status-bar[1170]: 2026-07-12T00:16:59.850980Z DEBUG gtk_status_bar::widgets: 👁️  SHOWING battery widget - data: 🔋 42%
2026-07-12T00:16:59+00:00 machine gtk-status-bar[1170]: 2026-07-12T00:16:59.884822Z DEBUG gtk_status_bar::dbus: Got an event in event stream: Msg { type: Signal, serial: 19, sender: UniqueName(":1.5"), path: ObjectPath("/org/freedesktop/UPower/devices/battery_BAT0"), iface: InterfaceName("org.freedesktop.DBus.Properties"), member: MemberName("PropertiesChanged"), body: Structure(Dynamic { fields: [Str, Dict { key: Dynamic { child: Str }, value: Dynamic { child: Variant } }, Array(Dynamic { child: Str })] }), fds: [] }
2026-07-12T00:16:59+00:00 machine gtk-status-bar[1170]: 2026-07-12T00:16:59.884871Z DEBUG gtk_status_bar::dbus: Dbus monitor: Received D-Bus message from path: Some(ObjectPath("/org/freedesktop/UPower/devices/battery_BAT0")), interface: Some(InterfaceName("org.freedesktop.DBus.Properties")), member: Some(MemberName("PropertiesChanged"))
2026-07-12T00:16:59+00:00 machine gtk-status-bar[1170]: 2026-07-12T00:16:59.884894Z  INFO gtk_status_bar::dbus: Dbus monitor: Received signal
2026-07-12T00:16:59+00:00 machine gtk-status-bar[1170]: 2026-07-12T00:16:59.884912Z  INFO gtk_status_bar::dbus: Dbus monitor: Received PropertiesChanged signal
2026-07-12T00:16:59+00:00 machine gtk-status-bar[1170]: 2026-07-12T00:16:59.884965Z  INFO gtk_status_bar::dbus: Battery is charging (state: 1)
2026-07-12T00:17:02+00:00 machine gtk-status-bar[1170]: 2026-07-12T00:17:02.676407Z DEBUG gtk_status_bar::dbus: Got an event in event stream: Msg { type: Signal, serial: 23, sender: UniqueName(":1.5"), path: ObjectPath("/org/freedesktop/UPower/devices/battery_BAT0"), iface: InterfaceName("org.freedesktop.DBus.Properties"), member: MemberName("PropertiesChanged"), body: Structure(Dynamic { fields: [Str, Dict { key: Dynamic { child: Str }, value: Dynamic { child: Variant } }, Array(Dynamic { child: Str })] }), fds: [] }
2026-07-12T00:17:02+00:00 machine gtk-status-bar[1170]: 2026-07-12T00:17:02.676449Z DEBUG gtk_status_bar::dbus: Dbus monitor: Received D-Bus message from path: Some(ObjectPath("/org/freedesktop/UPower/devices/battery_BAT0")), interface: Some(InterfaceName("org.freedesktop.DBus.Properties")), member: Some(MemberName("PropertiesChanged"))
2026-07-12T00:17:02+00:00 machine gtk-status-bar[1170]: 2026-07-12T00:17:02.676471Z  INFO gtk_status_bar::dbus: Dbus monitor: Received signal
2026-07-12T00:17:02+00:00 machine gtk-status-bar[1170]: 2026-07-12T00:17:02.676493Z  INFO gtk_status_bar::dbus: Dbus monitor: Received PropertiesChanged signal
2026-07-12T00:17:02+00:00 machine gtk-status-bar[1170]: 2026-07-12T00:17:02.676537Z DEBUG gtk_status_bar::dbus: Battery device properties contain no State property
2026-07-12T00:17:02+00:00 machine gtk-status-bar[1170]: 2026-07-12T00:17:02.676558Z  INFO gtk_status_bar::dbus: Battery percentage changed to 0.0%
2026-07-12T00:17:02+00:00 machine gtk-status-bar[1170]: 2026-07-12T00:17:02.676650Z DEBUG gtk_status_bar::dbus: Got an event in event stream: Msg { type: Signal, serial: 24, sender: UniqueName(":1.5"), path: ObjectPath("/org/freedesktop/UPower/devices/battery_BAT0"), iface: InterfaceName("org.freedesktop.DBus.Properties"), member: MemberName("PropertiesChanged"), body: Structure(Dynamic { fields: [Str, Dict { key: Dynamic { child: Str }, value: Dynamic { child: Variant } }, Array(Dynamic { child: Str })] }), fds: [] }
2026-07-12T00:17:02+00:00 machine gtk-status-bar[1170]: 2026-07-12T00:17:02.676674Z DEBUG gtk_status_bar::dbus: Dbus monitor: Received D-Bus message from path: Some(ObjectPath("/org/freedesktop/UPower/devices/battery_BAT0")), interface: Some(InterfaceName("org.freedesktop.DBus.Properties")), member: Some(MemberName("PropertiesChanged"))
2026-07-12T00:17:02+00:00 machine gtk-status-bar[1170]: 2026-07-12T00:17:02.676692Z  INFO gtk_status_bar::dbus: Dbus monitor: Received signal
2026-07-12T00:17:02+00:00 machine gtk-status-bar[1170]: 2026-07-12T00:17:02.676708Z  INFO gtk_status_bar::dbus: Dbus monitor: Received PropertiesChanged signal
2026-07-12T00:17:02+00:00 machine gtk-status-bar[1170]: 2026-07-12T00:17:02.676732Z  INFO gtk_status_bar::dbus: Battery is discharging (state: 2)
2026-07-12T00:17:02+00:00 machine gtk-status-bar[1170]: 2026-07-12T00:17:02.677007Z DEBUG gtk_status_bar::widgets: Updating battery label: 🔋 0%
2026-07-12T00:17:02+00:00 machine gtk-status-bar[1170]: 2026-07-12T00:17:02.677154Z DEBUG gtk_status_bar::widgets: 👁️  SHOWING battery widget - data: 🔋 0%
2026-07-12T00:17:05+00:00 machine gtk-status-bar[1170]: 2026-07-12T00:17:05.379080Z DEBUG gtk_status_bar::dbus: Got an event in event stream: Msg { type: Signal, serial: 28, sender: UniqueName(":1.5"), path: ObjectPath("/org/freedesktop/UPower/devices/battery_BAT0"), iface: InterfaceName("org.freedesktop.DBus.Properties"), member: MemberName("PropertiesChanged"), body: Structure(Dynamic { fields: [Str, Dict { key: Dynamic { child: Str }, value: Dynamic { child: Variant } }, Array(Dynamic { child: Str })] }), fds: [] }
2026-07-12T00:17:05+00:00 machine gtk-status-bar[1170]: 2026-07-12T00:17:05.379171Z DEBUG gtk_status_bar::dbus: Dbus monitor: Received D-Bus message from path: Some(ObjectPath("/org/freedesktop/UPower/devices/battery_BAT0")), interface: Some(InterfaceName("org.freedesktop.DBus.Properties")), member: Some(MemberName("PropertiesChanged"))
2026-07-12T00:17:05+00:00 machine gtk-status-bar[1170]: 2026-07-12T00:17:05.379223Z  INFO gtk_status_bar::dbus: Dbus monitor: Received signal
2026-07-12T00:17:05+00:00 machine gtk-status-bar[1170]: 2026-07-12T00:17:05.379270Z  INFO gtk_status_bar::dbus: Dbus monitor: Received PropertiesChanged signal
2026-07-12T00:17:05+00:00 machine gtk-status-bar[1170]: 2026-07-12T00:17:05.379346Z DEBUG gtk_status_bar::dbus: Battery device properties contain no State property
2026-07-12T00:17:05+00:00 machine gtk-status-bar[1170]: 2026-07-12T00:17:05.379396Z  INFO gtk_status_bar::dbus: Battery percentage changed to 100.0%
2026-07-12T00:17:05+00:00 machine gtk-status-bar[1170]: 2026-07-12T00:17:05.379484Z DEBUG gtk_status_bar::dbus: Got an event in event stream: Msg { type: Signal, serial: 29, sender: UniqueName(":1.5"), path: ObjectPath("/org/freedesktop/UPower/devices/battery_BAT0"), iface: InterfaceName("org.freedesktop.DBus.Properties"), member: MemberName("PropertiesChanged"), body: Structure(Dynamic { fields: [Str, Dict { key: Dynamic { child: Str }, value: Dynamic { child: Variant } }, Array(Dynamic { child: Str })] }), fds: [] }
2026-07-12T00:17:05+00:00 machine gtk-status-bar[1170]: 2026-07-12T00:17:05.379546Z DEBUG gtk_status_bar::dbus: Dbus monitor: Received D-Bus message from path: Some(ObjectPath("/org/freedesktop/UPower/devices/battery_BAT0")), interface: Some(InterfaceName("org.freedesktop.DBus.Properties")), member: Some(MemberName("PropertiesChanged"))
2026-07-12T00:17:05+00:00 machine gtk-status-bar[1170]: 2026-07-12T00:17:05.379691Z  INFO gtk_status_bar::dbus: Dbus monitor: Received signal
2026-07-12T00:17:05+00:00 machine gtk-status-bar[1170]: 2026-07-12T00:17:05.379714Z  INFO gtk_status_bar::dbus: Dbus monitor: Received PropertiesChanged signal
2026-07-12T00:17:05+00:00 machine gtk-status-bar[1170]: 2026-07-12T00:17:05.379750Z  INFO gtk_status_bar::dbus: Battery is fully charged (state: 4)
2026-07-12T00:17:05+00:00 machine gtk-status-bar[1170]: 2026-07-12T00:17:05.380050Z DEBUG gtk_status_bar::widgets: Updating battery label: 🔋 100%
2026-07-12T00:17:05+00:00 machine gtk-status-bar[1170]: 2026-07-12T00:17:05.380162Z DEBUG gtk_status_bar::widgets: 👁️  SHOWING battery widget - data: 🔋 100%
2026-07-12T00:17:08+00:00 machine gtk-status-bar[1170]: 2026-07-12T00:17:08.068418Z DEBUG gtk_status_bar::dbus: Got an event in event stream: Msg { type: Signal, serial: 33, sender: UniqueName(":1.5"), path: ObjectPath("/org/freedesktop/UPower/devices/battery_BAT0"), iface: InterfaceName("org.freedesktop.DBus.Properties"), member: MemberName("PropertiesChanged"), body: Structure(Dynamic { fields: [Str, Dict { key: Dynamic { child: Str }, value: Dynamic { child: Variant } }, Array(Dynamic { child: Str })] }), fds: [] }
2026-07-12T00:17:08+00:00 machine gtk-status-bar[1170]: 2026-07-12T00:17:08.068456Z DEBUG gtk_status_bar::dbus: Dbus monitor: Received D-Bus message from path: Some(ObjectPath("/org/freedesktop/UPower/devices/battery_BAT0")), interface: Some(InterfaceName("org.freedesktop.DBus.Properties")), member: Some(MemberName("PropertiesChanged"))
2026-07-12T00:17:08+00:00 machine gtk-status-bar[1170]: 2026-07-12T00:17:08.068473Z  INFO gtk_status_bar::dbus: Dbus monitor: Received signal
2026-07-12T00:17:08+00:00 machine gtk-status-bar[1170]: 2026-07-12T00:17:08.068489Z  INFO gtk_status_bar::dbus: Dbus monitor: Received PropertiesChanged signal
2026-07-12T00:17:08+00:00 machine gtk-status-bar[1170]: 2026-07-12T00:17:08.068520Z DEBUG gtk_status_bar::dbus: Battery device properties contain no State property
2026-07-12T00:17:08+00:00 machine gtk-status-bar[1170]: 2026-07-12T00:17:08.068536Z  INFO gtk_status_bar::dbus: Battery percentage changed to 79.5%
2026-07-12T00:17:08+00:00 machine gtk-status-bar[1170]: 2026-07-12T00:17:08.069013Z DEBUG gtk_status_bar::widgets: Updating battery label: 🔋 80%
2026-07-12T00:17:08+00:00 machine gtk-status-bar[1170]: 2026-07-12T00:17:08.069111Z DEBUG gtk_status_bar::widgets: 👁️  SHOWING battery widget - data: 🔋 80%
2026-07-12T00:17:08+00:00 machine gtk-status-bar[1170]: 2026-07-12T00:17:08.068568Z DEBUG gtk_status_bar::dbus: Got an event in event stream: Msg { type: Signal, serial: 34, sender: UniqueName(":1.5"), path: ObjectPath("/org/freedesktop/UPower/devices/battery_BAT0"), iface: InterfaceName("org.freedesktop.DBus.Properties"), member: MemberName("PropertiesChanged"), body: Structure(Dynamic { fields: [Str, Dict { key: Dynamic { child: Str }, value: Dynamic { child: Variant } }, Array(Dynamic { child: Str })] }), fds: [] }
2026-07-12T00:17:08+00:00 machine gtk-status-bar[1170]: 2026-07-12T00:17:08.070226Z DEBUG gtk_status_bar::dbus: Dbus monitor: Received D-Bus message from path: Some(ObjectPath("/org/freedesktop/UPower/devices/battery_BAT0")), interface: Some(InterfaceName("org.freedesktop.DBus.Properties")), member: Some(MemberName("PropertiesChanged"))
2026-07-12T00:17:08+00:00 machine gtk-status-bar[1170]: 2026-07-12T00:17:08.070249Z  INFO gtk_status_bar::dbus: Dbus monitor: Received signal
2026-07-12T00:17:08+00:00 machine gtk-status-bar[1170]: 2026-07-12T00:17:08.070267Z  INFO gtk_status_bar::dbus: Dbus monitor: Received PropertiesChanged signal
2026-07-12T00:17:08+00:00 machine gtk-status-bar[1170]: 2026-07-12T00:17:08.070303Z  INFO gtk_status_bar::dbus: Battery is discharging (state: 2)
2026-07-12T00:17:13+00:00 machine gtk-status-bar[1170]: 2026-07-12T00:17:13.453728Z DEBUG gtk_status_bar::dbus: Got an event in event stream: Msg { type: Signal, serial: 24, sender: UniqueName(":1.6"), path: ObjectPath("/"), iface: InterfaceName("org.freedesktop.DBus.ObjectManager"), member: MemberName("InterfacesAdded"), body: Structure(Dynamic { fields: [ObjectPath, Dict { key: Dynamic { child: Str }, value: Dynamic { child: Dict { key: Dynamic { child: Str }, value: Dynamic { child: Variant } } } }] }), fds: [] }
2026-07-12T00:17:13+00:00 machine gtk-status-bar[1170]: 2026-07-12T00:17:13.453774Z DEBUG gtk_status_bar::dbus: Dbus monitor: Received D-Bus message from path: Some(ObjectPath("/")), interface: Some(InterfaceName("org.freedesktop.DBus.ObjectManager")), member: Some(MemberName("InterfacesAdded"))
2026-07-12T00:17:13+00:00 machine gtk-status-bar[1170]: 2026-07-12T00:17:13.453796Z  INFO gtk_status_bar::dbus: Dbus monitor: Received signal
2026-07-12T00:17:13+00:00 machine gtk-status-bar[1170]: 2026-07-12T00:17:13.453823Z  INFO gtk_status_bar::dbus: Dbus monitor: Received InterfacesAdded signal from ObjectManager
2026-07-12T00:17:13+00:00 machine gtk-status-bar[1170]: 2026-07-12T00:17:13.453921Z DEBUG gtk_status_bar::dbus: Available interfaces in InterfacesAdded: [Str("org.bluez.Device1")]
2026-07-12T00:17:13+00:00 machine gtk-status-bar[1170]: 2026-07-12T00:17:13.453992Z DEBUG gtk_status_bar::dbus: Found Device1 interface properties: Dict { map: {Str("Adapter"): Value(ObjectPath(ObjectPath("/org/bluez/hci0"))), Str("Address"): Value(Str("AA:BB:CC:DD:EE:03")), Str("AddressType"): Value(Str("public")), Str("AdvertisingData"): Value(Array(Array { elements: [], signature: Array(Dynamic { child: Dict { key: Dynamic { child: U8 }, value: Dynamic { child: Variant } } }) })), Str("AdvertisingFlags"): Value(Array(Array { elements: [], signature: Array(Dynamic { child: Array(Dynamic { child: U8 }) }) })), Str("Alias"): Value(Str("🎧 Sony")), Str("Appearance"): Value(U16(0)), Str("Blocked"): Value(Bool(false)), Str("Class"): Value(U32(5898764)), Str("Connected"): Value(Bool(false)), Str("Icon"): Value(Str("phone")), Str("LegacyPairing"): Value(Bool(false)), Str("ManufacturerData"): Value(Array(Array { elements: [], signature: Array(Dynamic { child: Dict { key: Dynamic { child: U16 }, value: Dynamic { child: Variant } } }) })), Str("Modalias"): Value(Str("bluetooth:v000Fp1200d1436")), Str("Name"): Value(Str("🎧 Sony")), Str("Paired"): Value(Bool(false)), Str("RSSI"): Value(I16(-79)), Str("ServiceData"): Value(Array(Array { elements: [], signature: Array(Dynamic { child: Dict { key: Dynamic { child: Str }, value: Dynamic { child: Variant } } }) })), Str("ServicesResolved"): Value(Bool(false)), Str("Trusted"): Value(Bool(false)), Str("TxPower"): Value(I16(0)), Str("UUIDs"): Value(Array(Array { elements: [], signature: Array(Dynamic { child: Str }) })), Str("WakeAllowed"): Value(Bool(false))}, signature: Dict { key: Dynamic { child: Str }, value: Dynamic { child: Variant } } }
2026-07-12T00:17:13+00:00 machine gtk-status-bar[1170]: 2026-07-12T00:17:13.454322Z DEBUG gtk_status_bar::dbus: Found Bluetooth device name: 🎧 Sony
2026-07-12T00:17:13+00:00 machine gtk-status-bar[1170]: 2026-07-12T00:17:13.454347Z  INFO gtk_status_bar::dbus: Created new device /org/bluez/hci0/dev_AA_BB_CC_DD_EE_03 with name: Some("🎧 Sony")
2026-07-12T00:17:13+00:00 machine gtk-status-bar[1170]: 2026-07-12T00:17:13.454367Z DEBUG gtk_status_bar::dbus: Not a device with org.bluez.Battery1 interface
2026-07-12T00:17:13+00:00 machine gtk-status-bar[1170]: 2026-07-12T00:17:13.454567Z DEBUG gtk_status_bar::widgets: Updating Bluetooth battery label: P80
2026-07-12T00:17:13+00:00 machine gtk-status-bar[1170]: 2026-07-12T00:17:13.454657Z DEBUG gtk_status_bar::widgets: 👁️  SHOWING Bluetooth widget - data: P80
2026-07-12T00:17:14+00:00 machine gtk-status-bar[2454]: 2026-07-12T00:17:14.074556Z  INFO gtk_status_bar: Starting GTK status bar application
2026-07-12T00:17:14+00:00 machine gtk-status-bar[2454]: 2026-07-12T00:17:14.078985Z  INFO gtk_status_bar: Running GTK application
2026-07-12T00:17:15+00:00 machine gtk-status-bar[2454]: 2026-07-12T00:17:15.493413Z  INFO gtk_status_bar: Activating GTK application
2026-07-12T00:17:15+00:00 machine gtk-status-bar[2454]: 2026-07-12T00:17:15.494100Z DEBUG gtk_status_bar::widgets: Loading CSS styles
2026-07-12T00:17:15+00:00 machine gtk-status-bar[2454]: 2026-07-12T00:17:15.494273Z  INFO gtk_status_bar::widgets: CSS styles loaded successfully
2026-07-12T00:17:15+00:00 machine gtk-status-bar[2454]: 2026-07-12T00:17:15.494292Z DEBUG gtk_status_bar::widgets: Configuring layer shell
2026-07-12T00:17:15+00:00 machine gtk-status-bar[2454]: 2026-07-12T00:17:15.525442Z  INFO gtk_status_bar::widgets: Layer shell configured successfully
2026-07-12T00:17:15+00:00 machine gtk-status-bar[2454]: 2026-07-12T00:17:15.525476Z DEBUG gtk_status_bar::widgets: Creating experimental bar
2026-07-12T00:17:15+00:00 machine gtk-status-bar[2454]: 2026-07-12T00:17:15.525569Z DEBUG gtk_status_bar::widgets: Creating left group
2026-07-12T00:17:15+00:00 machine gtk-status-bar[2454]: 2026-07-12T00:17:15.525645Z DEBUG gtk_status_bar::widgets: Creating workspace widget
2026-07-12T00:17:15+00:00 machine gtk-status-bar[2454]: 2026-07-12T00:17:15.525900Z DEBUG gtk_status_bar::widgets: Creating center group
2026-07-12T00:17:15+00:00 machine gtk-status-bar[2454]: 2026-07-12T00:17:15.525928Z DEBUG gtk_status_bar::widgets: Creating title widget
2026-07-12T00:17:15+00:00 machine gtk-status-bar[2454]: 2026-07-12T00:17:15.525984Z DEBUG gtk_status_bar::widgets: Creating right group
2026-07-12T00:17:15+00:00 machine gtk-status-bar[2454]: 2026-07-12T00:17:15.526013Z DEBUG gtk_status_bar::widgets: Creating bluetooth widget
2026-07-12T00:17:15+00:00 machine gtk-status-bar[2454]: 2026-07-12T00:17:15.526049Z DEBUG gtk_status_bar::widgets: Creating volume widget
2026-07-12T00:17:15+00:00 machine gtk-status-bar[2454]: 2026-07-12T00:17:15.526087Z DEBUG gtk_status_bar::widgets: Creating battery widget
2026-07-12T00:17:15+00:00 machine gtk-status-bar[2454]: 2026-07-12T00:17:15.526125Z DEBUG gtk_status_bar::widgets: Creating time widget
2026-07-12T00:17:16+00:00 machine gtk-status-bar[2454]: 2026-07-12T00:17:16.139126Z DEBUG gtk_status_bar::widgets: Setting up time widget updates
2026-07-12T00:17:16+00:00 machine gtk-status-bar[2454]: 2026-07-12T00:17:16.139184Z DEBUG gtk_status_bar::widgets: Setting up workspace updates
2026-07-12T00:17:16+00:00 machine gtk-status-bar[2454]: 2026-07-12T00:17:16.139220Z DEBUG gtk_status_bar::widgets: Setting up title updates
2026-07-12T00:17:16+00:00 machine gtk-status-bar[2454]: 2026-07-12T00:17:16.139253Z DEBUG gtk_status_bar::widgets: Setting up battery updates
2026-07-12T00:17:16+00:00 machine gtk-status-bar[2454]: 2026-07-12T00:17:16.139285Z DEBUG gtk_status_bar::widgets: Setting up Bluetooth battery updates
2026-07-12T00:17:16+00:00 machine gtk-status-bar[2454]: 2026-07-12T00:17:16.139319Z DEBUG gtk_status_bar::widgets: Setting up volume updates with tokio async channels
2026-07-12T00:17:16+00:00 machine gtk-status-bar[2454]: 2026-07-12T00:17:16.139469Z  INFO gtk_status_bar: Application activated successfully
2026-07-12T00:17:16+00:00 machine gtk-status-bar[2454]: 2026-07-12T00:17:16.139883Z DEBUG gtk_status_bar::widgets: 🚀 Starting async volume update loop...
2026-07-12T00:17:16+00:00 machine gtk-status-bar[2454]: 2026-07-12T00:17:16.139930Z  INFO gtk_status_bar::hypr: 🔌 Starting workspace event listener
2026-07-12T00:17:16+00:00 machine gtk-status-bar[2454]: 2026-07-12T00:17:16.140027Z DEBUG gtk_status_bar::hypr: Setting up workspace event listener
2026-07-12T00:17:16+00:00 machine gtk-status-bar[2454]: 2026-07-12T00:17:16.140251Z  INFO gtk_status_bar::hypr: 🔌 Starting title event listener
2026-07-12T00:17:16+00:00 machine gtk-status-bar[2454]: 2026-07-12T00:17:16.140299Z DEBUG gtk_status_bar::hypr: Setting up title event listener
2026-07-12T00:17:16+00:00 machine gtk-status-bar[2454]: 2026-07-12T00:17:16.140344Z DEBUG gtk_status_bar::hypr: Fetching initial title state
2026-07-12T00:17:16+00:00 machine gtk-status-bar[2454]: 2026-07-12T00:17:16.140465Z  INFO gtk_status_bar::dbus: 🔌 Starting D-Bus monitor
2026-07-12T00:17:16+00:00 machine gtk-status-bar[2454]: 2026-07-12T00:17:16.140537Z  INFO gtk_status_bar::dbus: Starting D-Bus monitoring task
2026-07-12T00:17:16+00:00 machine gtk-status-bar[2454]: 2026-07-12T00:17:16.141970Z DEBUG gtk_status_bar::pw: 🔧 Initializing PipeWire on dedicated thread...
2026-07-12T00:17:16+00:00 machine gtk-status-bar[2454]: 2026-07-12T00:17:16.142032Z DEBUG gtk_status_bar::pw: 📋 Created device tracking HashMap for (node_name, description, volume, channel, mute)
2026-07-12T00:17:16+00:00 machine gtk-status-bar[2454]: 2026-07-12T00:17:16.148756Z DEBUG gtk_status_bar::pw: ✅ PipeWire initialized
2026-07-12T00:17:16+00:00 machine gtk-status-bar[2454]: 2026-07-12T00:17:16.148918Z DEBUG gtk_status_bar::pw: ✅ ThreadLoop created
2026-07-12T00:17:16+00:00 machine gtk-status-bar[2454]: 2026-07-12T00:17:16.150047Z DEBUG gtk_status_bar::dbus: 🔌 Registered battery match rule
2026-07-12T00:17:16+00:00 machine gtk-status-bar[2454]: 2026-07-12T00:17:16.150357Z DEBUG gtk_status_bar::dbus: 🔌 Registered bluez PropertiesChanged match rule
2026-07-12T00:17:16+00:00 machine gtk-status-bar[2454]: 2026-07-12T00:17:16.151070Z DEBUG gtk_status_bar::hypr: Initial title: "Close OS window"
2026-07-12T00:17:16+00:00 machine gtk-status-bar[2454]: 2026-07-12T00:17:16.151128Z  INFO gtk_status_bar::hypr: Starting title event listener
2026-07-12T00:17:16+00:00 machine gtk-status-bar[2454]: 2026-07-12T00:17:16.151667Z  INFO gtk_status_bar::hypr: Starting workspace event listener
2026-07-12T00:17:16+00:00 machine gtk-status-bar[2454]: 2026-07-12T00:17:16.152023Z DEBUG gtk_status_bar::dbus: 🔌 Registered bluez InterfacesAdded match rule
2026-07-12T00:17:16+00:00 machine gtk-status-bar[2454]: 2026-07-12T00:17:16.153037Z DEBUG gtk_status_bar::dbus: 🔌 Registered bluez InterfacesRemoved match rule
2026-07-12T00:17:16+00:00 machine gtk-status-bar[2454]: 2026-07-12T00:17:16.154282Z  INFO gtk_status_bar::dbus: No battery detected initially (likely desktop system): org.freedesktop.DBus.Error.UnknownMethod: Method "Get" with signature "ss" on interface "org.freedesktop.DBus.Properties" doesn't exist
2026-07-12T00:17:16+00:00 machine gtk-status-bar[2454]: 2026-07-12T00:17:16.154569Z DEBUG gtk_status_bar::dbus: Using empty battery text
2026-07-12T00:17:16+00:00 machine gtk-status-bar[2454]: 2026-07-12T00:17:16.156129Z  INFO gtk_status_bar::dbus: No battery state detected initially (likely desktop system): org.freedesktop.DBus.Error.UnknownMethod: Method "Get" with signature "ss" on interface "org.freedesktop.DBus.Properties" doesn't exist
2026-07-12T00:17:16+00:00 machine gtk-status-bar[2454]: 2026-07-12T00:17:16.160267Z  INFO gtk_status_bar::dbus: Found 5 Bluetooth objects
2026-07-12T00:17:16+00:00 machine gtk-status-bar[2454]: 2026-07-12T00:17:16.160298Z  INFO gtk_status_bar::dbus: Found Bluetooth device with battery at: /org/bluez/hci0/dev_AA_BB_CC_DD_EE_03
2026-07-12T00:17:16+00:00 machine gtk-status-bar[2454]: 2026-07-12T00:17:16.160313Z  INFO gtk_status_bar::dbus: Bluetooth device battery at 55%
2026-07-12T00:17:16+00:00 machine gtk-status-bar[2454]: 2026-07-12T00:17:16.160330Z DEBUG gtk_status_bar::dbus: Added device /org/bluez/hci0/dev_AA_BB_CC_DD_EE_03 to HashMap (has_battery: true, has_media: false)
2026-07-12T00:17:16+00:00 machine gtk-status-bar[2454]: 2026-07-12T00:17:16.160350Z  INFO gtk_status_bar::dbus: Found Bluetooth device with battery at: /org/bluez/hci0/dev_AA_BB_CC_DD_EE_02
2026-07-12T00:17:16+00:00 machine gtk-status-bar[2454]: 2026-07-12T00:17:16.160367Z  INFO gtk_status_bar::dbus: Bluetooth device battery at 42%
2026-07-12T00:17:16+00:00 machine gtk-status-bar[2454]: 2026-07-12T00:17:16.160384Z DEBUG gtk_status_bar::dbus: Added device /org/bluez/hci0/dev_AA_BB_CC_DD_EE_02 to HashMap (has_battery: true, has_media: false)
2026-07-12T00:17:16+00:00 machine gtk-status-bar[2454]: 2026-07-12T00:17:16.160402Z  INFO gtk_status_bar::dbus: Found Bluetooth device with battery at: /org/bluez/hci0/dev_AA_BB_CC_DD_EE_01
2026-07-12T00:17:16+00:00 machine gtk-status-bar[2454]: 2026-07-12T00:17:16.160417Z  INFO gtk_status_bar::dbus: Bluetooth device battery at 80%
2026-07-12T00:17:16+00:00 machine gtk-status-bar[2454]: 2026-07-12T00:17:16.160431Z DEBUG gtk_status_bar::dbus: Added device /org/bluez/hci0/dev_AA_BB_CC_DD_EE_01 to HashMap (has_battery: true, has_media: false)
2026-07-12T00:17:16+00:00 machine gtk-status-bar[2454]: 2026-07-12T00:17:16.160460Z DEBUG gtk_status_bar::dbus: Initial bluetooth devices: {"/org/bluez/hci0/dev_AA_BB_CC_DD_EE_02": BluetoothDevice { has_battery: true, has_media: false, battery_percentage: Some(42), device_name: None }, "/org/bluez/hci0/dev_AA_BB_CC_DD_EE_03": BluetoothDevice { has_battery: true, has_media: false, battery_percentage: Some(55), device_name: Some("🎧 Sony") }, "/org/bluez/hci0/dev_AA_BB_CC_DD_EE_01": BluetoothDevice { has_battery: true, has_media: false, battery_percentage: Some(80), device_name: Some("Pixel Buds") }}
2026-07-12T00:17:16+00:00 machine gtk-status-bar[2454]: 2026-07-12T00:17:16.160489Z  INFO gtk_status_bar::dbus: Sent initial Bluetooth display: D42 🎧55 P80
2026-07-12T00:17:16+00:00 machine gtk-status-bar[2454]: 2026-07-12T00:17:16.160505Z  INFO gtk_status_bar::dbus: Dbus monitor: Starting to listen for D-Bus messages
2026-07-12T00:17:16+00:00 machine gtk-status-bar[2454]: 2026-07-12T00:17:16.160521Z DEBUG gtk_status_bar::dbus: Got an event in event stream: Msg { type: Error, serial: 40, sender: UniqueName(":1.5"), reply-serial: 6, body: Str, fds: [] }
2026-07-12T00:17:16+00:00 machine gtk-status-bar[2454]: 2026-07-12T00:17:16.160539Z DEBUG gtk_status_bar::dbus: Dbus monitor: Received D-Bus message from path: None, interface: None, member: None
2026-07-12T00:17:16+00:00 machine gtk-status-bar[2454]: 2026-07-12T00:17:16.160554Z ERROR gtk_status_bar::dbus: Dbus monitor: Received message with no path, ignoring
2026-07-12T00:17:16+00:00 machine gtk-status-bar[2454]: 2026-07-12T00:17:16.160625Z DEBUG gtk_status_bar::dbus: Got an event in event stream: Msg { type: Error, serial: 41, sender: UniqueName(":1.5"), reply-serial: 7, body: Str, fds: [] }
2026-07-12T00:17:16+00:00 machine gtk-status-bar[2454]: 2026-07-12T00:17:16.161305Z DEBUG gtk_status_bar::dbus: Dbus monitor: Received D-Bus message from path: None, interface: None, member: None
2026-07-12T00:17:16+00:00 machine gtk-status-bar[2454]: 2026-07-12T00:17:16.161320Z ERROR gtk_status_bar::dbus: Dbus monitor: Received message with no path, ignoring
2026-07-12T00:17:16+00:00 machine gtk-status-bar[2454]: 2026-07-12T00:17:16.161336Z DEBUG gtk_status_bar::dbus: Got an event in event stream: Msg { type: MethodReturn, serial: 29, sender: UniqueName(":1.6"), reply-serial: 8, body: Dict { key: Dynamic { child: ObjectPath }, value: Dynamic { child: Dict { key: Dynamic { child: Str }, value: Dynamic { child: Dict { key: Dynamic { child: Str }, value: Dynamic { child: Variant } } } } } }, fds: [] }
2026-07-12T00:17:16+00:00 machine gtk-status-bar[2454]: 2026-07-12T00:17:16.161355Z DEBUG gtk_status_bar::dbus: Dbus monitor: Received D-Bus message from path: None, interface: None, member: None
2026-07-12T00:17:16+00:00 machine gtk-status-bar[2454]: 2026-07-12T00:17:16.161370Z ERROR gtk_status_bar::dbus: Dbus monitor: Received message with no path, ignoring
2026-07-12T00:17:16+00:00 machine gtk-status-bar[2454]: 2026-07-12T00:17:16.175329Z DEBUG gtk_status_bar::widgets: Updating title label: Close OS window
2026-07-12T00:17:16+00:00 machine gtk-status-bar[2454]: 2026-07-12T00:17:16.175636Z DEBUG gtk_status_bar::widgets: Updating workspace - label: 'Workspace i', color for workspace: 2
2026-07-12T00:17:16+00:00 machine gtk-status-bar[2454]: 2026-07-12T00:17:16.175737Z DEBUG gtk_status_bar::widgets: Updated title widget color to: rgba(125, 207, 255, 0.5) for workspace: 2
2026-07-12T00:17:16+00:00 machine gtk-status-bar[2454]: 2026-07-12T00:17:16.175808Z DEBUG gtk_status_bar::widgets: Updating battery label:
2026-07-12T00:17:16+00:00 machine gtk-status-bar[2454]: 2026-07-12T00:17:16.175838Z DEBUG gtk_status_bar::widgets: 🙈 HIDING battery widget with set_visible(false)
2026-07-12T00:17:16+00:00 machine gtk-status-bar[2454]: 2026-07-12T00:17:16.175896Z DEBUG gtk_status_bar::widgets: Updating Bluetooth battery label: D42 🎧55 P80
2026-07-12T00:17:16+00:00 machine gtk-status-bar[2454]: 2026-07-12T00:17:16.175922Z DEBUG gtk_status_bar::widgets: 👁️  SHOWING Bluetooth widget - data: D42 🎧55 P80
2026-07-12T00:17:16+00:00 machine gtk-status-bar[2454]: 2026-07-12T00:17:16.176084Z DEBUG gtk_status_bar::pw: ✅ Context created
2026-07-12T00:17:16+00:00 machine gtk-status-bar[2454]: 2026-07-12T00:17:16.176302Z DEBUG gtk_status_bar::pw: ✅ Core connected
2026-07-12T00:17:16+00:00 machine gtk-status-bar[2454]: 2026-07-12T00:17:16.176321Z DEBUG gtk_status_bar::pw: ✅ Registry obtained
2026-07-12T00:17:16+00:00 machine gtk-status-bar[2454]: 2026-07-12T00:17:16.176336Z DEBUG gtk_status_bar::pw: 🎵 PipeWire ThreadLoop started - monitoring volume changes with default sink filtering
2026-07-12T00:17:16+00:00 machine gtk-status-bar[2454]: 2026-07-12T00:17:16.176453Z DEBUG gtk_status_bar::pw: ✅ ThreadLoop started successfully
2026-07-12T00:17:16+00:00 machine gtk-status-bar[2454]: 2026-07-12T00:17:16.176469Z DEBUG gtk_status_bar::pw: 🔄 PipeWire thread running - async event delivery active...
2026-07-12T00:17:16+00:00 machine gtk-status-bar[2454]: 2026-07-12T00:17:16.403211Z DEBUG gtk_status_bar::pw: 📡 PipeWire connected: pipewire-0
2026-07-12T00:17:16+00:00 machine gtk-status-bar[2454]: 2026-07-12T00:17:16.403267Z DEBUG gtk_status_bar::pw: 🚫 Skipping metadata '' (props: Some(DictRef { flags: Flags(0x0), entries: {"object.serial": "0", "core.name": "pipewire-0"} }))
2026-07-12T00:17:16+00:00 machine gtk-status-bar[2454]: 2026-07-12T00:17:16.403292Z DEBUG gtk_status_bar::pw: 🚫 Skipping metadata '' (props: Some(DictRef { flags: Flags(0x0), entries: {"object.serial": "1", "module.name": "libpipewire-module-rt"} }))
2026-07-12T00:17:16+00:00 machine gtk-status-bar[2454]: 2026-07-12T00:17:16.403315Z DEBUG gtk_status_bar::pw: 🚫 Skipping metadata '' (props: Some(DictRef { flags: Flags(0x0), entries: {"object.serial": "3"} }))
2026-07-12T00:17:16+00:00 machine gtk-status-bar[2454]: 2026-07-12T00:17:16.403336Z DEBUG gtk_status_bar::pw: 🚫 Skipping metadata '' (props: Some(DictRef { flags: Flags(0x0), entries: {"object.serial": "2", "module.name": "libpipewire-module-protocol-native"} }))
2026-07-12T00:17:16+00:00 machine gtk-status-bar[2454]: 2026-07-12T00:17:16.403358Z DEBUG gtk_status_bar::pw: 🚫 Skipping metadata '' (props: Some(DictRef { flags: Flags(0x0), entries: {"object.serial": "5"} }))
2026-07-12T00:17:16+00:00 machine gtk-status-bar[2454]: 2026-07-12T00:17:16.403378Z DEBUG gtk_status_bar::pw: 🚫 Skipping metadata '' (props: Some(DictRef { flags: Flags(0x0), entries: {"object.serial": "4", "module.name": "libpipewire-module-profiler"} }))
2026-07-12T00:17:16+00:00 machine gtk-status-bar[2454]: 2026-07-12T00:17:16.403398Z DEBUG gtk_status_bar::pw: 🚫 Skipping metadata '' (props: Some(DictRef { flags: Flags(0x0), entries: {"object.serial": "6", "module.name": "libpipewire-module-metadata"} }))
2026-07-12T00:17:16+00:00 machine gtk-status-bar[2454]: 2026-07-12T00:17:16.403420Z DEBUG gtk_status_bar::pw: 🚫 Skipping metadata '' (props: Some(DictRef { flags: Flags(0x0), entries: {"object.serial": "7", "module.id": "6", "factory.name": "metadata", "factory.type.name": "PipeWire:Interface:Metadata", "factory.type.version": "3"} }))
2026-07-12T00:17:16+00:00 machine gtk-status-bar[2454]: 2026-07-12T00:17:16.403444Z DEBUG gtk_status_bar::pw: 🚫 Skipping metadata '' (props: Some(DictRef { flags: Flags(0x0), entries: {"object.serial": "8", "module.name": "libpipewire-module-spa-device-factory"} }))
2026-07-12T00:17:16+00:00 machine gtk-status-bar[2454]: 2026-07-12T00:17:16.403464Z DEBUG gtk_status_bar::pw: 🚫 Skipping metadata '' (props: Some(DictRef { flags: Flags(0x0), entries: {"object.serial": "9", "module.id": "8", "factory.name": "spa-device-factory", "factory.type.name": "PipeWire:Interface:Device", "factory.type.version": "3"} }))
2026-07-12T00:17:16+00:00 machine gtk-status-bar[2454]: 2026-07-12T00:17:16.403487Z DEBUG gtk_status_bar::pw: 🚫 Skipping metadata '' (props: Some(DictRef { flags: Flags(0x0), entries: {"object.serial": "10", "module.name": "libpipewire-module-spa-node-factory"} }))
2026-07-12T00:17:16+00:00 machine gtk-status-bar[2454]: 2026-07-12T00:17:16.403507Z DEBUG gtk_status_bar::pw: 🚫 Skipping metadata '' (props: Some(DictRef { flags: Flags(0x0), entries: {"object.serial": "11", "module.id": "10", "factory.name": "spa-node-factory", "factory.type.name": "PipeWire:Interface:Node", "factory.type.version": "3"} }))
2026-07-12T00:17:16+00:00 machine gtk-status-bar[2454]: 2026-07-12T00:17:16.403530Z DEBUG gtk_status_bar::pw: 🚫 Skipping metadata '' (props: Some(DictRef { flags: Flags(0x0), entries: {"object.serial": "12", "module.name": "libpipewire-module-client-node"} }))
2026-07-12T00:17:16+00:00 machine gtk-status-bar[2454]: 2026-07-12T00:17:16.403550Z DEBUG gtk_status_bar::pw: 🚫 Skipping metadata '' (props: Some(DictRef { flags: Flags(0x0), entries: {"object.serial": "13", "module.id": "12", "factory.name": "client-node", "factory.type.name": "PipeWire:Interface:ClientNode", "factory.type.version": "6"} }))
2026-07-12T00:17:16+00:00 machine gtk-status-bar[2454]: 2026-07-12T00:17:16.403634Z DEBUG gtk_status_bar::pw: 🚫 Skipping metadata '' (props: Some(DictRef { flags: Flags(0x0), entries: {"object.serial": "14", "module.name": "libpipewire-module-client-device"} }))
2026-07-12T00:17:16+00:00 machine gtk-status-bar[2454]: 2026-07-12T00:17:16.403656Z DEBUG gtk_status_bar::pw: 🚫 Skipping metadata '' (props: Some(DictRef { flags: Flags(0x0), entries: {"object.serial": "15", "module.id": "14", "factory.name": "client-device", "factory.type.name": "Spa:Pointer:Interface:Device", "factory.type.version": "0"} }))
2026-07-12T00:17:16+00:00 machine gtk-status-bar[2454]: 2026-07-12T00:17:16.403679Z DEBUG gtk_status_bar::pw: 🚫 Skipping metadata '' (props: Some(DictRef { flags: Flags(0x0), entries: {"object.serial": "16", "module.name": "libpipewire-module-portal"} }))
2026-07-12T00:17:16+00:00 machine gtk-status-bar[2454]: 2026-07-12T00:17:16.403699Z DEBUG gtk_status_bar::pw: 🚫 Skipping metadata '' (props: Some(DictRef { flags: Flags(0x0), entries: {"object.serial": "17", "module.name": "libpipewire-module-access"} }))
2026-07-12T00:17:16+00:00 machine gtk-status-bar[2454]: 2026-07-12T00:17:16.403720Z DEBUG gtk_status_bar::pw: 🚫 Skipping metadata '' (props: Some(DictRef { flags: Flags(0x0), entries: {"object.serial": "18", "module.name": "libpipewire-module-adapter"} }))
2026-07-12T00:17:16+00:00 machine gtk-status-bar[2454]: 2026-07-12T00:17:16.403740Z DEBUG gtk_status_bar::pw: 🚫 Skipping metadata '' (props: Some(DictRef { flags: Flags(0x0), entries: {"object.serial": "19", "module.id": "18", "factory.name": "adapter", "factory.type.name": "PipeWire:Interface:Node", "factory.type.version": "3"} }))
2026-07-12T00:17:16+00:00 machine gtk-status-bar[2454]: 2026-07-12T00:17:16.403763Z DEBUG gtk_status_bar::pw: 🚫 Skipping metadata '' (props: Some(DictRef { flags: Flags(0x0), entries: {"object.serial": "20", "module.name": "libpipewire-module-link-factory"} }))
2026-07-12T00:17:16+00:00 machine gtk-status-bar[2454]: 2026-07-12T00:17:16.403784Z DEBUG gtk_status_bar::pw: 🚫 Skipping metadata '' (props: Some(DictRef { flags: Flags(0x0), entries: {"object.serial": "21", "module.id": "20", "factory.name": "link-factory", "factory.type.name": "PipeWire:Interface:Link", "factory.type.version": "3"} }))
2026-07-12T00:17:16+00:00 machine gtk-status-bar[2454]: 2026-07-12T00:17:16.403808Z DEBUG gtk_status_bar::pw: 🚫 Skipping metadata '' (props: Some(DictRef { flags: Flags(0x0), entries: {"object.serial": "22", "module.name": "libpipewire-module-session-manager"} }))
2026-07-12T00:17:16+00:00 machine gtk-status-bar[2454]: 2026-07-12T00:17:16.403828Z DEBUG gtk_status_bar::pw: 🚫 Skipping metadata '' (props: Some(DictRef { flags: Flags(0x0), entries: {"object.serial": "23", "module.id": "22", "factory.name": "client-endpoint", "factory.type.name": "PipeWire:Interface:ClientEndpoint", "factory.type.version": "0"} }))
2026-07-12T00:17:16+00:00 machine gtk-status-bar[2454]: 2026-07-12T00:17:16.403850Z DEBUG gtk_status_bar::pw: 🚫 Skipping metadata '' (props: Some(DictRef { flags: Flags(0x0), entries: {"object.serial": "24", "module.id": "22", "factory.name": "client-session", "factory.type.name": "PipeWire:Interface:ClientSession", "factory.type.version": "0"} }))
2026-07-12T00:17:16+00:00 machine gtk-status-bar[2454]: 2026-07-12T00:17:16.403872Z DEBUG gtk_status_bar::pw: 🚫 Skipping metadata '' (props: Some(DictRef { flags: Flags(0x0), entries: {"object.serial": "25", "module.id": "22", "factory.name": "session", "factory.type.name": "PipeWire:Interface:Session", "factory.type.version": "0"} }))
2026-07-12T00:17:16+00:00 machine gtk-status-bar[2454]: 2026-07-12T00:17:16.403895Z DEBUG gtk_status_bar::pw: 🚫 Skipping metadata '' (props: Some(DictRef { flags: Flags(0x0), entries: {"object.serial": "26", "module.id": "22", "factory.name": "endpoint", "factory.type.name": "PipeWire:Interface:Endpoint", "factory.type.version": "0"} }))
2026-07-12T00:17:16+00:00 machine gtk-status-bar[2454]: 2026-07-12T00:17:16.403915Z DEBUG gtk_status_bar::pw: 🚫 Skipping metadata '' (props: Some(DictRef { flags: Flags(0x0), entries: {"object.serial": "27", "module.id": "22", "factory.name": "endpoint-stream", "factory.type.name": "PipeWire:Interface:EndpointStream", "factory.type.version": "0"} }))
2026-07-12T00:17:16+00:00 machine gtk-status-bar[2454]: 2026-07-12T00:17:16.403938Z DEBUG gtk_status_bar::pw: 🚫 Skipping metadata '' (props: Some(DictRef { flags: Flags(0x0), entries: {"object.serial": "28", "module.id": "22", "factory.name": "endpoint-link", "factory.type.name": "PipeWire:Interface:EndpointLink", "factory.type.version": "0"} }))
2026-07-12T00:17:16+00:00 machine gtk-status-bar[2454]: 2026-07-12T00:17:16.403965Z DEBUG gtk_status_bar::pw: 🚫 Skipping metadata '' (props: Some(DictRef { flags: Flags(0x0), entries: {"object.serial": "29", "module.name": "libpipewire-module-x11-bell"} }))
2026-07-12T00:17:16+00:00 machine gtk-status-bar[2454]: 2026-07-12T00:17:16.403986Z DEBUG gtk_status_bar::pw: 🚫 Skipping metadata '' (props: Some(DictRef { flags: Flags(0x0), entries: {"object.serial": "30", "module.name": "libpipewire-module-jackdbus-detect"} }))
2026-07-12T00:17:16+00:00 machine gtk-status-bar[2454]: 2026-07-12T00:17:16.404007Z DEBUG gtk_status_bar::pw: 🚫 Skipping metadata '' (props: Some(DictRef { flags: Flags(0x0), entries: {"object.serial": "31", "factory.id": "11", "priority.driver": "200000", "node.name": "Dummy-Driver"} }))
2026-07-12T00:17:16+00:00 machine gtk-status-bar[2454]: 2026-07-12T00:17:16.404029Z DEBUG gtk_status_bar::pw: 🔍 Checking node - media.class: None
2026-07-12T00:17:16+00:00 machine gtk-status-bar[2454]: 2026-07-12T00:17:16.404047Z DEBUG gtk_status_bar::pw: 🔍 Node filter result: false for media.class: None
2026-07-12T00:17:16+00:00 machine gtk-status-bar[2454]: 2026-07-12T00:17:16.404065Z DEBUG gtk_status_bar::pw: 🚫 Skipping metadata '' (props: Some(DictRef { flags: Flags(0x0), entries: {"object.serial": "32", "factory.id": "11", "priority.driver": "190000", "node.name": "Freewheel-Driver"} }))
2026-07-12T00:17:16+00:00 machine gtk-status-bar[2454]: 2026-07-12T00:17:16.404087Z DEBUG gtk_status_bar::pw: 🔍 Checking node - media.class: None
2026-07-12T00:17:16+00:00 machine gtk-status-bar[2454]: 2026-07-12T00:17:16.404104Z DEBUG gtk_status_bar::pw: 🔍 Node filter result: false for media.class: None
2026-07-12T00:17:16+00:00 machine gtk-status-bar[2454]: 2026-07-12T00:17:16.404121Z DEBUG gtk_status_bar::pw: 🚫 Skipping metadata 'settings' (props: Some(DictRef { flags: Flags(0x0), entries: {"object.serial": "33", "metadata.name": "settings"} }))
2026-07-12T00:17:16+00:00 machine gtk-status-bar[2454]: 2026-07-12T00:17:16.404145Z DEBUG gtk_status_bar::pw: 🚫 Skipping metadata '' (props: Some(DictRef { flags: Flags(0x0), entries: {"object.serial": "35", "module.id": "2", "pipewire.protocol": "protocol-native", "pipewire.sec.pid": "1294", "pipewire.sec.uid": "1000", "pipewire.sec.gid": "100", "pipewire.sec.socket": "pipewire-0-manager", "application.name": "WirePlumber", "pipewire.access": "unrestricted"} }))
2026-07-12T00:17:16+00:00 machine gtk-status-bar[2454]: 2026-07-12T00:17:16.404172Z DEBUG gtk_status_bar::pw: 🚫 Skipping metadata 'schema-sm-settings' (props: Some(DictRef { flags: Flags(0x0), entries: {"metadata.name": "schema-sm-settings", "factory.id": "7", "module.id": "6", "client.id": "35", "object.serial": "36"} }))
2026-07-12T00:17:16+00:00 machine gtk-status-bar[2454]: 2026-07-12T00:17:16.404193Z DEBUG gtk_status_bar::pw: 🚫 Skipping metadata 'persistent-sm-settings' (props: Some(DictRef { flags: Flags(0x0), entries: {"metadata.name": "persistent-sm-settings", "factory.id": "7", "module.id": "6", "client.id": "35", "object.serial": "37"} }))
2026-07-12T00:17:16+00:00 machine gtk-status-bar[2454]: 2026-07-12T00:17:16.404214Z DEBUG gtk_status_bar::pw: 🚫 Skipping metadata 'sm-settings' (props: Some(DictRef { flags: Flags(0x0), entries: {"metadata.name": "sm-settings", "factory.id": "7", "module.id": "6", "client.id": "35", "object.serial": "38"} }))
2026-07-12T00:17:16+00:00 machine gtk-status-bar[2454]: 2026-07-12T00:17:16.404234Z DEBUG gtk_status_bar::pw: 🚫 Skipping metadata 'sm-objects' (props: Some(DictRef { flags: Flags(0x0), entries: {"metadata.name": "sm-objects", "factory.id": "7", "module.id": "6", "client.id": "35", "object.serial": "39"} }))
2026-07-12T00:17:16+00:00 machine gtk-status-bar[2454]: 2026-07-12T00:17:16.404257Z DEBUG gtk_status_bar::pw: 🚫 Skipping metadata 'default-profile' (props: Some(DictRef { flags: Flags(0x0), entries: {"wireplumber.state": "true", "metadata.name": "default-profile", "factory.id": "7", "module.id": "6", "client.id": "35", "object.serial": "40"} }))
2026-07-12T00:17:16+00:00 machine gtk-status-bar[2454]: 2026-07-12T00:17:16.404277Z DEBUG gtk_status_bar::pw: ✅ Processing metadata.name == default
2026-07-12T00:17:16+00:00 machine gtk-status-bar[2454]: 2026-07-12T00:17:16.404295Z DEBUG gtk_status_bar::pw: 📋 Found metadata object: Some(DictRef { flags: Flags(0x0), entries: {"metadata.name": "default", "factory.id": "7", "module.id": "6", "client.id": "35", "object.serial": "41"} })
2026-07-12T00:17:16+00:00 machine gtk-status-bar[2454]: 2026-07-12T00:17:16.404330Z DEBUG gtk_status_bar::pw: 📋 Bound 'default' Metadata (id=3)
2026-07-12T00:17:16+00:00 machine gtk-status-bar[2454]: 2026-07-12T00:17:16.404359Z DEBUG gtk_status_bar::pw: 🚫 Skipping metadata 'filters' (props: Some(DictRef { flags: Flags(0x0), entries: {"metadata.name": "filters", "factory.id": "7", "module.id": "6", "client.id": "35", "object.serial": "42"} }))
2026-07-12T00:17:16+00:00 machine gtk-status-bar[2454]: 2026-07-12T00:17:16.404382Z DEBUG gtk_status_bar::pw: 🚫 Skipping metadata 'route-settings' (props: Some(DictRef { flags: Flags(0x0), entries: {"metadata.name": "route-settings", "factory.id": "7", "module.id": "6", "client.id": "35", "object.serial": "43"} }))
2026-07-12T00:17:16+00:00 machine gtk-status-bar[2454]: 2026-07-12T00:17:16.404403Z DEBUG gtk_status_bar::pw: 🚫 Skipping metadata '' (props: Some(DictRef { flags: Flags(0x0), entries: {"object.serial": "44", "module.id": "2", "pipewire.protocol": "protocol-native", "pipewire.sec.pid": "1294", "pipewire.sec.uid": "1000", "pipewire.sec.gid": "100", "pipewire.sec.socket": "pipewire-0-manager", "application.name": "WirePlumber [export]", "pipewire.access": "unrestricted"} }))
2026-07-12T00:17:16+00:00 machine gtk-status-bar[2454]: 2026-07-12T00:17:16.404425Z DEBUG gtk_status_bar::pw: 🚫 Skipping metadata '' (props: Some(DictRef { flags: Flags(0x0), entries: {"object.serial": "45", "factory.id": "11", "client.id": "44", "priority.session": "100", "priority.driver": "1", "node.name": "Midi-Bridge", "media.class": "Midi/Bridge"} }))
2026-07-12T00:17:16+00:00 machine gtk-status-bar[2454]: 2026-07-12T00:17:16.404445Z DEBUG gtk_status_bar::pw: 🔍 Checking node - media.class: Some("Midi/Bridge")
2026-07-12T00:17:16+00:00 machine gtk-status-bar[2454]: 2026-07-12T00:17:16.404462Z DEBUG gtk_status_bar::pw: 🔍 Node filter result: false for media.class: Some("Midi/Bridge")
2026-07-12T00:17:16+00:00 machine gtk-status-bar[2454]: 2026-07-12T00:17:16.404483Z DEBUG gtk_status_bar::pw: 🚫 Skipping metadata '' (props: Some(DictRef { flags: Flags(0x0), entries: {"object.serial": "46", "object.path": "alsa:seq:default:client_14:playback_0", "format.dsp": "8 bit raw midi", "node.id": "45", "port.id": "0", "port.name": "Midi Through: Port-0 (playback)", "port.direction": "in", "port.physical": "true", "port.terminal": "true", "port.alias": "Midi Through:Midi Through Port-0", "port.group": "client_14"} }))
2026-07-12T00:17:16+00:00 machine gtk-status-bar[2454]: 2026-07-12T00:17:16.404507Z DEBUG gtk_status_bar::pw: 🚫 Skipping metadata '' (props: Some(DictRef { flags: Flags(0x0), entries: {"object.serial": "47", "object.path": "alsa:seq:default:client_14:capture_0", "format.dsp": "8 bit raw midi", "node.id": "45", "port.id": "0", "port.name": "Midi Through: Port-0 (capture)", "port.direction": "out", "port.physical": "true", "port.terminal": "true", "port.alias": "Midi Through:Midi Through Port-0", "port.group": "client_14"} }))
2026-07-12T00:17:16+00:00 machine gtk-status-bar[2454]: 2026-07-12T00:17:16.404530Z DEBUG gtk_status_bar::pw: 🚫 Skipping metadata '' (props: Some(DictRef { flags: Flags(0x0), entries: {"object.serial": "48", "factory.id": "14", "client.id": "44", "node.description": "BLE MIDI 1", "node.name": "bluez_midi.server", "media.class": "Midi/Bridge"} }))
2026-07-12T00:17:16+00:00 machine gtk-status-bar[2454]: 2026-07-12T00:17:16.404550Z DEBUG gtk_status_bar::pw: 🔍 Checking node - media.class: Some("Midi/Bridge")
2026-07-12T00:17:16+00:00 machine gtk-status-bar[2454]: 2026-07-12T00:17:16.404567Z DEBUG gtk_status_bar::pw: 🔍 Node filter result: false for media.class: Some("Midi/Bridge")
2026-07-12T00:17:16+00:00 machine gtk-status-bar[2454]: 2026-07-12T00:17:16.404639Z DEBUG gtk_status_bar::pw: 🚫 Skipping metadata '' (props: Some(DictRef { flags: Flags(0x0), entries: {"object.serial": "49", "object.path": "bluez_midi.server:input_0", "format.dsp": "8 bit raw midi", "node.id": "48", "port.id": "0", "port.name": "in", "port.direction": "in", "port.physical": "true", "port.terminal": "true", "port.alias": "in", "port.group": "group.0"} }))
2026-07-12T00:17:16+00:00 machine gtk-status-bar[2454]: 2026-07-12T00:17:16.404664Z DEBUG gtk_status_bar::pw: 🚫 Skipping metadata '' (props: Some(DictRef { flags: Flags(0x0), entries: {"object.serial": "50", "object.path": "bluez_midi.server:output_0", "format.dsp": "8 bit raw midi", "node.id": "48", "port.id": "0", "port.name": "out", "port.direction": "out", "port.physical": "true", "port.terminal": "true", "port.alias": "out", "port.group": "group.0"} }))
2026-07-12T00:17:16+00:00 machine gtk-status-bar[2454]: 2026-07-12T00:17:16.404686Z DEBUG gtk_status_bar::pw: 🚫 Skipping metadata '' (props: Some(DictRef { flags: Flags(0x0), entries: {"object.serial": "51", "module.id": "2", "pipewire.protocol": "protocol-native", "pipewire.sec.pid": "1669", "pipewire.sec.uid": "1000", "pipewire.sec.gid": "100", "pipewire.sec.socket": "pipewire-0", "application.name": ".xdg-desktop-portal-wrapped", "pipewire.access": "unrestricted"} }))
2026-07-12T00:17:16+00:00 machine gtk-status-bar[2454]: 2026-07-12T00:17:16.404716Z DEBUG gtk_status_bar::pw: 🚫 Skipping metadata '' (props: Some(DictRef { flags: Flags(0x0), entries: {"object.serial": "52", "module.id": "2", "pipewire.protocol": "protocol-native", "pipewire.sec.pid": "1720", "pipewire.sec.uid": "1000", "pipewire.sec.gid": "100", "pipewire.sec.socket": "pipewire-0", "application.name": ".xdg-desktop-portal-hyprland-wrapped", "pipewire.access": "unrestricted"} }))
2026-07-12T00:17:16+00:00 machine gtk-status-bar[2454]: 2026-07-12T00:17:16.404738Z DEBUG gtk_status_bar::pw: 🚫 Skipping metadata '' (props: Some(DictRef { flags: Flags(0x0), entries: {"object.serial": "53", "module.id": "2", "pipewire.protocol": "protocol-native", "pipewire.sec.pid": "2454", "pipewire.sec.uid": "1000", "pipewire.sec.gid": "100", "pipewire.sec.socket": "pipewire-0", "application.name": "gtk-status-bar", "pipewire.access": "unrestricted"} }))
2026-07-12T00:17:19+00:00 machine gtk-status-bar[2454]: 2026-07-12T00:17:19.005503Z DEBUG gtk_status_bar::dbus: Got an event in event stream: Msg { type: Signal, serial: 31, sender: UniqueName(":1.6"), path: ObjectPath("/org/bluez/hci0/dev_AA_BB_CC_DD_EE_01"), iface: InterfaceName("org.freedesktop.DBus.Properties"), member: MemberName("PropertiesChanged"), body: Structure(Dynamic { fields: [Str, Dict { key: Dynamic { child: Str }, value: Dynamic { child: Variant } }, Array(Dynamic { child: Str })] }), fds: [] }
2026-07-12T00:17:19+00:00 machine gtk-status-bar[2454]: 2026-07-12T00:17:19.005721Z DEBUG gtk_status_bar::dbus: Dbus monitor: Received D-Bus message from path: Some(ObjectPath("/org/bluez/hci0/dev_AA_BB_CC_DD_EE_01")), interface: Some(InterfaceName("org.freedesktop.DBus.Properties")), member: Some(MemberName("PropertiesChanged"))
2026-07-12T00:17:19+00:00 machine gtk-status-bar[2454]: 2026-07-12T00:17:19.005775Z  INFO gtk_status_bar::dbus: Dbus monitor: Received signal
2026-07-12T00:17:19+00:00 machine gtk-status-bar[2454]: 2026-07-12T00:17:19.005815Z  INFO gtk_status_bar::dbus: Dbus monitor: Received PropertiesChanged signal
2026-07-12T00:17:19+00:00 machine gtk-status-bar[2454]: 2026-07-12T00:17:19.005889Z  INFO gtk_status_bar::dbus: Bluetooth device battery at 65%
2026-07-12T00:17:19+00:00 machine gtk-status-bar[2454]: 2026-07-12T00:17:19.005927Z  INFO gtk_status_bar::dbus: Updated device /org/bluez/hci0/dev_AA_BB_CC_DD_EE_01 battery via PropertiesChanged: Some(65)%
2026-07-12T00:17:19+00:00 machine gtk-status-bar[2454]: 2026-07-12T00:17:19.006421Z DEBUG gtk_status_bar::widgets: Updating Bluetooth battery label: D42 🎧55 P65
2026-07-12T00:17:19+00:00 machine gtk-status-bar[2454]: 2026-07-12T00:17:19.006781Z DEBUG gtk_status_bar::widgets: 👁️  SHOWING Bluetooth widget - data: D42 🎧55 P65
2026-07-12T00:17:22+00:00 machine gtk-status-bar[2454]: 2026-07-12T00:17:22.803083Z DEBUG gtk_status_bar::dbus: Got an event in event stream: Msg { type: Signal, serial: 35, sender: UniqueName(":1.6"), path: ObjectPath("/"), iface: InterfaceName("org.freedesktop.DBus.ObjectManager"), member: MemberName("InterfacesRemoved"), body: Structure(Dynamic { fields: [ObjectPath, Array(Dynamic { child: Str })] }), fds: [] }
2026-07-12T00:17:22+00:00 machine gtk-status-bar[2454]: 2026-07-12T00:17:22.803155Z DEBUG gtk_status_bar::dbus: Dbus monitor: Received D-Bus message from path: Some(ObjectPath("/")), interface: Some(InterfaceName("org.freedesktop.DBus.ObjectManager")), member: Some(MemberName("InterfacesRemoved"))
2026-07-12T00:17:22+00:00 machine gtk-status-bar[2454]: 2026-07-12T00:17:22.803195Z  INFO gtk_status_bar::dbus: Dbus monitor: Received signal
2026-07-12T00:17:22+00:00 machine gtk-status-bar[2454]: 2026-07-12T00:17:22.803232Z  INFO gtk_status_bar::dbus: Dbus monitor: Received InterfacesRemoved signal from ObjectManager
2026-07-12T00:17:22+00:00 machine gtk-status-bar[2454]: 2026-07-12T00:17:22.803279Z DEBUG gtk_status_bar::dbus: Dbus monitor: Interfaces removed from /org/bluez/hci0/dev_AA_BB_CC_DD_EE_01: Array { elements: [Str("org.bluez.Device1")], signature: Array(Dynamic { child: Str }) }
2026-07-12T00:17:22+00:00 machine gtk-status-bar[2454]: 2026-07-12T00:17:22.806227Z  INFO gtk_status_bar::dbus: Dbus monitor: Bluetooth Device1 interface removed from /org/bluez/hci0/dev_AA_BB_CC_DD_EE_01
2026-07-12T00:17:22+00:00 machine gtk-status-bar[2454]: 2026-07-12T00:17:22.806281Z  INFO gtk_status_bar::dbus: Removed device /org/bluez/hci0/dev_AA_BB_CC_DD_EE_01 from HashMap (Device1 gone)
2026-07-12T00:17:22+00:00 machine gtk-status-bar[2454]: 2026-07-12T00:17:22.806850Z DEBUG gtk_status_bar::widgets: Updating Bluetooth battery label: D42 🎧55
2026-07-12T00:17:22+00:00 machine gtk-status-bar[2454]: 2026-07-12T00:17:22.807071Z DEBUG gtk_status_bar::widgets: 👁️  SHOWING Bluetooth widget - data: D42 🎧55
2026-07-12T00:17:25+00:00 machine gtk-status-bar[2454]: 2026-07-12T00:17:25.598415Z DEBUG gtk_status_bar::dbus: Got an event in event stream: Msg { type: Signal, serial: 39, sender: UniqueName(":1.6"), path: ObjectPath("/"), iface: InterfaceName("org.freedesktop.DBus.ObjectManager"), member: MemberName("InterfacesRemoved"), body: Structure(Dynamic { fields: [ObjectPath, Array(Dynamic { child: Str })] }), fds: [] }
2026-07-12T00:17:25+00:00 machine gtk-status-bar[2454]: 2026-07-12T00:17:25.598447Z DEBUG gtk_status_bar::dbus: Dbus monitor: Received D-Bus message from path: Some(ObjectPath("/")), interface: Some(InterfaceName("org.freedesktop.DBus.ObjectManager")), member: Some(MemberName("InterfacesRemoved"))
2026-07-12T00:17:25+00:00 machine gtk-status-bar[2454]: 2026-07-12T00:17:25.598463Z  INFO gtk_status_bar::dbus: Dbus monitor: Received signal
2026-07-12T00:17:25+00:00 machine gtk-status-bar[2454]: 2026-07-12T00:17:25.598477Z  INFO gtk_status_bar::dbus: Dbus monitor: Received InterfacesRemoved signal from ObjectManager
2026-07-12T00:17:25+00:00 machine gtk-status-bar[2454]: 2026-07-12T00:17:25.598498Z DEBUG gtk_status_bar::dbus: Dbus monitor: Interfaces removed from /org/bluez/hci0/dev_AA_BB_CC_DD_EE_02: Array { elements: [Str("org.bluez.Device1")], signature: Array(Dynamic { child: Str }) }
2026-07-12T00:17:25+00:00 machine gtk-status-bar[2454]: 2026-07-12T00:17:25.598515Z  INFO gtk_status_bar::dbus: Dbus monitor: Bluetooth Device1 interface removed from /org/bluez/hci0/dev_AA_BB_CC_DD_EE_02
2026-07-12T00:17:25+00:00 machine gtk-status-bar[2454]: 2026-07-12T00:17:25.598529Z  INFO gtk_status_bar::dbus: Removed device /org/bluez/hci0/dev_AA_BB_CC_DD_EE_02 from HashMap (Device1 gone)
2026-07-12T00:17:25+00:00 machine gtk-status-bar[2454]: 2026-07-12T00:17:25.600094Z DEBUG gtk_status_bar::widgets: Updating Bluetooth battery label: 🎧55
2026-07-12T00:17:25+00:00 machine gtk-status-bar[2454]: 2026-07-12T00:17:25.600169Z DEBUG gtk_status_bar::widgets: 👁️  SHOWING Bluetooth widget - data: 🎧55
2026-07-12T00:17:25+00:00 machine gtk-status-bar[2454]: 2026-07-12T00:17:25.854311Z DEBUG gtk_status_bar::dbus: Got an event in event stream: Msg { type: Signal, serial: 43, sender: UniqueName(":1.6"), path: ObjectPath("/"), iface: InterfaceName("org.freedesktop.DBus.ObjectManager"), member: MemberName("InterfacesRemoved"), body: Structure(Dynamic { fields: [ObjectPath, Array(Dynamic { child: Str })] }), fds: [] }
2026-07-12T00:17:25+00:00 machine gtk-status-bar[2454]: 2026-07-12T00:17:25.854388Z DEBUG gtk_status_bar::dbus: Dbus monitor: Received D-Bus message from path: Some(ObjectPath("/")), interface: Some(InterfaceName("org.freedesktop.DBus.ObjectManager")), member: Some(MemberName("InterfacesRemoved"))
2026-07-12T00:17:25+00:00 machine gtk-status-bar[2454]: 2026-07-12T00:17:25.854425Z  INFO gtk_status_bar::dbus: Dbus monitor: Received signal
2026-07-12T00:17:25+00:00 machine gtk-status-bar[2454]: 2026-07-12T00:17:25.854457Z  INFO gtk_status_bar::dbus: Dbus monitor: Received InterfacesRemoved signal from ObjectManager
2026-07-12T00:17:25+00:00 machine gtk-status-bar[2454]: 2026-07-12T00:17:25.854507Z DEBUG gtk_status_bar::dbus: Dbus monitor: Interfaces removed from /org/bluez/hci0/dev_AA_BB_CC_DD_EE_03: Array { elements: [Str("org.bluez.Device1")], signature: Array(Dynamic { child: Str }) }
2026-07-12T00:17:25+00:00 machine gtk-status-bar[2454]: 2026-07-12T00:17:25.854547Z  INFO gtk_status_bar::dbus: Dbus monitor: Bluetooth Device1 interface removed from /org/bluez/hci0/dev_AA_BB_CC_DD_EE_03
2026-07-12T00:17:25+00:00 machine gtk-status-bar[2454]: 2026-07-12T00:17:25.854678Z  INFO gtk_status_bar::dbus: Removed device /org/bluez/hci0/dev_AA_BB_CC_DD_EE_03 from HashMap (Device1 gone)
2026-07-12T00:17:25+00:00 machine gtk-status-bar[2454]: 2026-07-12T00:17:25.854888Z DEBUG gtk_status_bar::widgets: Updating Bluetooth battery label:
2026-07-12T00:17:25+00:00 machine gtk-status-bar[2454]: 2026-07-12T00:17:25.854985Z DEBUG gtk_status_bar::widgets: 🙈 HIDING Bluetooth widget - no devices
2026-07-12T00:17:28+00:00 machine gtk-status-bar[2454]: 2026-07-12T00:17:28.646680Z DEBUG gtk_status_bar::pw: 🚫 Skipping metadata '' (props: Some(DictRef { flags: Flags(0x0), entries: {"object.serial": "54", "module.id": "2", "pipewire.protocol": "protocol-native", "pipewire.sec.pid": "2565", "pipewire.sec.uid": "1000", "pipewire.sec.gid": "100", "pipewire.sec.socket": "pipewire-0", "application.name": "pipewire", "pipewire.access": "unrestricted"} }))
2026-07-12T00:17:28+00:00 machine gtk-status-bar[2454]: 2026-07-12T00:17:28.676510Z DEBUG gtk_status_bar::pw: 🚫 Skipping metadata '' (props: Some(DictRef { flags: Flags(0x0), entries: {"object.serial": "55", "module.id": "2", "pipewire.protocol": "protocol-native", "pipewire.sec.pid": "2565", "pipewire.sec.uid": "1000", "pipewire.sec.gid": "100", "pipewire.sec.socket": "pipewire-0", "application.name": "pactl", "pipewire.access": "unrestricted"} }))
2026-07-12T00:17:28+00:00 machine gtk-status-bar[2454]: 2026-07-12T00:17:28.676546Z DEBUG gtk_status_bar::pw: 🚫 Skipping metadata '' (props: Some(DictRef { flags: Flags(0x0), entries: {"object.serial": "56", "factory.id": "19", "client.id": "53", "node.description": "Dummy Output", "node.name": "auto_null", "media.class": "Audio/Sink"} }))
2026-07-12T00:17:28+00:00 machine gtk-status-bar[2454]: 2026-07-12T00:17:28.676564Z DEBUG gtk_status_bar::pw: 🔍 Checking node - media.class: Some("Audio/Sink")
2026-07-12T00:17:28+00:00 machine gtk-status-bar[2454]: 2026-07-12T00:17:28.676580Z DEBUG gtk_status_bar::pw: 🔍 Node filter result: true for media.class: Some("Audio/Sink")
2026-07-12T00:17:28+00:00 machine gtk-status-bar[2454]: 2026-07-12T00:17:28.676641Z DEBUG gtk_status_bar::pw: 📱 Monitoring audio node: Dummy Output (4) [node.name: auto_null]
2026-07-12T00:17:28+00:00 machine gtk-status-bar[2454]: 2026-07-12T00:17:28.676656Z DEBUG gtk_status_bar::pw: 🔗 ADDING NODE LISTENER for node.name: auto_null
2026-07-12T00:17:28+00:00 machine gtk-status-bar[2454]: 2026-07-12T00:17:28.676671Z DEBUG gtk_status_bar::pw: 📝 Added device to HashMap: 4 -> (auto_null, Dummy Output, no volume yet)
2026-07-12T00:17:28+00:00 machine gtk-status-bar[2454]: 2026-07-12T00:17:28.676685Z DEBUG gtk_status_bar::pw: 🗂️ Current device map size: 1
2026-07-12T00:17:28+00:00 machine gtk-status-bar[2454]: 2026-07-12T00:17:28.711755Z DEBUG gtk_status_bar::pw: 🎛️  NODE PARAM CALLBACK: Dummy Output (4) received Props param
2026-07-12T00:17:28+00:00 machine gtk-status-bar[2454]: 2026-07-12T00:17:28.714097Z DEBUG gtk_status_bar::pw: 🔊 Node 4: Dummy Output - Vol: Some(100)% | Ch: Some(100)% | Mute: Some(false) [CACHING]
2026-07-12T00:17:28+00:00 machine gtk-status-bar[2454]: 2026-07-12T00:17:28.714137Z DEBUG gtk_status_bar::pw: 📝 Updated volume cache for device 4: Dummy Output -> Vol: Some(100)%, Ch: Some(100)%, Mute: Some(false)
2026-07-12T00:17:28+00:00 machine gtk-status-bar[2454]: 2026-07-12T00:17:28.714161Z DEBUG gtk_status_bar::pw: 🎯 Checking if device 4 is default: current_default=None, node_name=auto_null, is_default=false
2026-07-12T00:17:28+00:00 machine gtk-status-bar[2454]: 2026-07-12T00:17:28.714182Z DEBUG gtk_status_bar::pw: 📊 Cached volume for non-default device 4 (Dummy Output)
2026-07-12T00:17:28+00:00 machine gtk-status-bar[2454]: 2026-07-12T00:17:28.714211Z ERROR gtk_status_bar::pw: ❌ PipeWire error id:4 seq:5 res:-2: enum params id:13 (Spa:Enum:ParamId:Route) failed
2026-07-12T00:17:28+00:00 machine gtk-status-bar[2454]: 2026-07-12T00:17:28.722435Z DEBUG gtk_status_bar::pw: 🎛️  NODE PARAM CALLBACK: Dummy Output (4) received Props param
2026-07-12T00:17:28+00:00 machine gtk-status-bar[2454]: 2026-07-12T00:17:28.722465Z DEBUG gtk_status_bar::pw: 🔊 Node 4: Dummy Output - Vol: Some(100)% | Ch: Some(100)% | Mute: Some(false) [CACHING]
2026-07-12T00:17:28+00:00 machine gtk-status-bar[2454]: 2026-07-12T00:17:28.722481Z DEBUG gtk_status_bar::pw: 📝 Updated volume cache for device 4: Dummy Output -> Vol: Some(100)%, Ch: Some(100)%, Mute: Some(false)
2026-07-12T00:17:28+00:00 machine gtk-status-bar[2454]: 2026-07-12T00:17:28.722495Z DEBUG gtk_status_bar::pw: 🎯 Checking if device 4 is default: current_default=None, node_name=auto_null, is_default=false
2026-07-12T00:17:28+00:00 machine gtk-status-bar[2454]: 2026-07-12T00:17:28.722510Z DEBUG gtk_status_bar::pw: 📊 Cached volume for non-default device 4 (Dummy Output)
2026-07-12T00:17:28+00:00 machine gtk-status-bar[2454]: 2026-07-12T00:17:28.722526Z DEBUG gtk_status_bar::pw: 🎛️  NODE PARAM CALLBACK: Dummy Output (4) received Props param
2026-07-12T00:17:28+00:00 machine gtk-status-bar[2454]: 2026-07-12T00:17:28.722544Z DEBUG gtk_status_bar::pw: 🔊 Node 4: Dummy Output - Vol: Some(100)% | Ch: Some(100)% | Mute: Some(false) [CACHING]
2026-07-12T00:17:28+00:00 machine gtk-status-bar[2454]: 2026-07-12T00:17:28.722560Z DEBUG gtk_status_bar::pw: 📝 Updated volume cache for device 4: Dummy Output -> Vol: Some(100)%, Ch: Some(100)%, Mute: Some(false)
2026-07-12T00:17:28+00:00 machine gtk-status-bar[2454]: 2026-07-12T00:17:28.722637Z DEBUG gtk_status_bar::pw: 🎯 Checking if device 4 is default: current_default=None, node_name=auto_null, is_default=false
2026-07-12T00:17:28+00:00 machine gtk-status-bar[2454]: 2026-07-12T00:17:28.722912Z DEBUG gtk_status_bar::pw: 📊 Cached volume for non-default device 4 (Dummy Output)
2026-07-12T00:17:28+00:00 machine gtk-status-bar[2454]: 2026-07-12T00:17:28.722935Z DEBUG gtk_status_bar::pw: 🚫 Skipping metadata '' (props: Some(DictRef { flags: Flags(0x0), entries: {"object.serial": "57", "object.path": "auto_null:playback_0", "format.dsp": "32 bit float mono audio", "node.id": "55", "audio.channel": "FL", "port.id": "0", "port.name": "playback_FL", "port.direction": "in", "port.alias": "Dummy Output:playback_FL", "port.group": "stream.0"} }))
2026-07-12T00:17:28+00:00 machine gtk-status-bar[2454]: 2026-07-12T00:17:28.722981Z DEBUG gtk_status_bar::pw: 🚫 Skipping metadata '' (props: Some(DictRef { flags: Flags(0x0), entries: {"object.serial": "58", "object.path": "auto_null:playback_1", "format.dsp": "32 bit float mono audio", "node.id": "55", "audio.channel": "FR", "port.id": "1", "port.name": "playback_FR", "port.direction": "in", "port.alias": "Dummy Output:playback_FR", "port.group": "stream.0"} }))
2026-07-12T00:17:28+00:00 machine gtk-status-bar[2454]: 2026-07-12T00:17:28.723004Z DEBUG gtk_status_bar::pw: 🚫 Skipping metadata '' (props: Some(DictRef { flags: Flags(0x0), entries: {"object.serial": "59", "object.path": "auto_null:monitor_0", "format.dsp": "32 bit float mono audio", "node.id": "55", "audio.channel": "FL", "port.id": "0", "port.name": "monitor_FL", "port.direction": "out", "port.monitor": "true", "port.alias": "Dummy Output:monitor_FL", "port.group": "stream.0"} }))
2026-07-12T00:17:28+00:00 machine gtk-status-bar[2454]: 2026-07-12T00:17:28.723026Z DEBUG gtk_status_bar::pw: 🚫 Skipping metadata '' (props: Some(DictRef { flags: Flags(0x0), entries: {"object.serial": "60", "object.path": "auto_null:monitor_1", "format.dsp": "32 bit float mono audio", "node.id": "55", "audio.channel": "FR", "port.id": "1", "port.name": "monitor_FR", "port.direction": "out", "port.monitor": "true", "port.alias": "Dummy Output:monitor_FR", "port.group": "stream.0"} }))
2026-07-12T00:17:28+00:00 machine gtk-status-bar[2454]: 2026-07-12T00:17:28.723049Z DEBUG gtk_status_bar::pw: 🎛️  NODE PARAM CALLBACK: Dummy Output (4) received Props param
2026-07-12T00:17:28+00:00 machine gtk-status-bar[2454]: 2026-07-12T00:17:28.723067Z DEBUG gtk_status_bar::pw: 🔊 Node 4: Dummy Output - Vol: Some(100)% | Ch: Some(100)% | Mute: Some(false) [CACHING]
2026-07-12T00:17:28+00:00 machine gtk-status-bar[2454]: 2026-07-12T00:17:28.723082Z DEBUG gtk_status_bar::pw: 📝 Updated volume cache for device 4: Dummy Output -> Vol: Some(100)%, Ch: Some(100)%, Mute: Some(false)
2026-07-12T00:17:28+00:00 machine gtk-status-bar[2454]: 2026-07-12T00:17:28.723097Z DEBUG gtk_status_bar::pw: 🎯 Checking if device 4 is default: current_default=None, node_name=auto_null, is_default=false
2026-07-12T00:17:28+00:00 machine gtk-status-bar[2454]: 2026-07-12T00:17:28.723114Z DEBUG gtk_status_bar::pw: 📊 Cached volume for non-default device 4 (Dummy Output)
2026-07-12T00:17:28+00:00 machine gtk-status-bar[2454]: 2026-07-12T00:17:28.733938Z DEBUG gtk_status_bar::pw: 🎛️  NODE PARAM CALLBACK: Dummy Output (4) received Props param
2026-07-12T00:17:28+00:00 machine gtk-status-bar[2454]: 2026-07-12T00:17:28.733977Z DEBUG gtk_status_bar::pw: 🔊 Node 4: Dummy Output - Vol: Some(100)% | Ch: Some(100)% | Mute: Some(false) [CACHING]
2026-07-12T00:17:28+00:00 machine gtk-status-bar[2454]: 2026-07-12T00:17:28.733995Z DEBUG gtk_status_bar::pw: 📝 Updated volume cache for device 4: Dummy Output -> Vol: Some(100)%, Ch: Some(100)%, Mute: Some(false)
2026-07-12T00:17:28+00:00 machine gtk-status-bar[2454]: 2026-07-12T00:17:28.734012Z DEBUG gtk_status_bar::pw: 🎯 Checking if device 4 is default: current_default=None, node_name=auto_null, is_default=false
2026-07-12T00:17:28+00:00 machine gtk-status-bar[2454]: 2026-07-12T00:17:28.734028Z DEBUG gtk_status_bar::pw: 📊 Cached volume for non-default device 4 (Dummy Output)
2026-07-12T00:17:28+00:00 machine gtk-status-bar[2454]: 2026-07-12T00:17:28.738794Z DEBUG gtk_status_bar::pw: 📝 metadata.property subject=0 key=Some("default.audio.sink") value=Some("{\"name\":\"auto_null\"}")
2026-07-12T00:17:28+00:00 machine gtk-status-bar[2454]: 2026-07-12T00:17:28.738843Z DEBUG gtk_status_bar::pw: 🔍 Processing metadata property: default.audio.sink={"name":"auto_null"}
2026-07-12T00:17:28+00:00 machine gtk-status-bar[2454]: 2026-07-12T00:17:28.739139Z  INFO gtk_status_bar::pw: 🔄 Default sink -> auto_null
2026-07-12T00:17:28+00:00 machine gtk-status-bar[2454]: 2026-07-12T00:17:28.739182Z DEBUG gtk_status_bar::pw: 🎯 SINK CHANGE: None -> auto_null (should trigger volume fetch)
2026-07-12T00:17:28+00:00 machine gtk-status-bar[2454]: 2026-07-12T00:17:28.739222Z DEBUG gtk_status_bar::pw: 🗂️ Searching device map for default sink 'auto_null'
2026-07-12T00:17:28+00:00 machine gtk-status-bar[2454]: 2026-07-12T00:17:28.739260Z DEBUG gtk_status_bar::pw: 🗂️ Current device map contents: {4: ("auto_null", "Dummy Output", Some(100), Some(100), Some(false))}
2026-07-12T00:17:28+00:00 machine gtk-status-bar[2454]: 2026-07-12T00:17:28.739303Z DEBUG gtk_status_bar::pw: 🔍 Checking device 4: node_name='auto_null', description='Dummy Output' against default sink 'auto_null'
2026-07-12T00:17:28+00:00 machine gtk-status-bar[2454]: 2026-07-12T00:17:28.739345Z DEBUG gtk_status_bar::pw: 🎯 MATCH! Found device 4 with node_name 'auto_null' matching default sink
2026-07-12T00:17:28+00:00 machine gtk-status-bar[2454]: 2026-07-12T00:17:28.739395Z DEBUG gtk_status_bar::pw: 🎨 Updating GUI label to: 'Dummy Output' with cached volume data
2026-07-12T00:17:28+00:00 machine gtk-status-bar[2454]: 2026-07-12T00:17:28.739431Z DEBUG gtk_status_bar::pw: 💾 Cached volume data: Vol: Some(100)%, Ch: Some(100)%, Mute: Some(false)
2026-07-12T00:17:28+00:00 machine gtk-status-bar[2454]: 2026-07-12T00:17:28.739489Z DEBUG gtk_status_bar::pw: ✅ Sent REAL volume data to GUI: 'Dummy Output' Vol: Some(100)%, Ch: Some(100)%, Mute: Some(false)
2026-07-12T00:17:28+00:00 machine gtk-status-bar[2454]: 2026-07-12T00:17:28.740247Z DEBUG gtk_status_bar::widgets: 📺 GTK UI updated via ASYNC: 🔊D100
2026-07-12T00:17:28+00:00 machine gtk-status-bar[2454]: 2026-07-12T00:17:28.892915Z DEBUG gtk_status_bar::pw: 🚫 Skipping metadata '' (props: Some(DictRef { flags: Flags(0x0), entries: {"object.serial": "61", "module.id": "2", "pipewire.protocol": "protocol-native", "pipewire.sec.pid": "2565", "pipewire.sec.uid": "1000", "pipewire.sec.gid": "100", "pipewire.sec.socket": "pipewire-0", "application.name": "pipewire", "pipewire.access": "unrestricted"} }))
2026-07-12T00:17:28+00:00 machine gtk-status-bar[2454]: 2026-07-12T00:17:28.892962Z DEBUG gtk_status_bar::pw: 🚫 Skipping metadata '' (props: Some(DictRef { flags: Flags(0x0), entries: {"object.serial": "62", "factory.id": "19", "client.id": "60", "node.description": "Alpha", "node.name": "Alpha", "media.class": "Audio/Sink"} }))
2026-07-12T00:17:28+00:00 machine gtk-status-bar[2454]: 2026-07-12T00:17:28.892982Z DEBUG gtk_status_bar::pw: 🔍 Checking node - media.class: Some("Audio/Sink")
2026-07-12T00:17:28+00:00 machine gtk-status-bar[2454]: 2026-07-12T00:17:28.893004Z DEBUG gtk_status_bar::pw: 🔍 Node filter result: true for media.class: Some("Audio/Sink")
2026-07-12T00:17:28+00:00 machine gtk-status-bar[2454]: 2026-07-12T00:17:28.893036Z DEBUG gtk_status_bar::pw: 📱 Monitoring audio node: Alpha (5) [node.name: Alpha]
2026-07-12T00:17:28+00:00 machine gtk-status-bar[2454]: 2026-07-12T00:17:28.893053Z DEBUG gtk_status_bar::pw: 🔗 ADDING NODE LISTENER for node.name: Alpha
2026-07-12T00:17:28+00:00 machine gtk-status-bar[2454]: 2026-07-12T00:17:28.893075Z DEBUG gtk_status_bar::pw: 📝 Added device to HashMap: 5 -> (Alpha, Alpha, no volume yet)
2026-07-12T00:17:28+00:00 machine gtk-status-bar[2454]: 2026-07-12T00:17:28.893094Z DEBUG gtk_status_bar::pw: 🗂️ Current device map size: 2
2026-07-12T00:17:28+00:00 machine gtk-status-bar[2454]: 2026-07-12T00:17:28.893365Z DEBUG gtk_status_bar::pw: 🎛️  NODE PARAM CALLBACK: Alpha (5) received Props param
2026-07-12T00:17:28+00:00 machine gtk-status-bar[2454]: 2026-07-12T00:17:28.893390Z DEBUG gtk_status_bar::pw: 🔊 Node 5: Alpha - Vol: Some(100)% | Ch: Some(100)% | Mute: Some(false) [CACHING]
2026-07-12T00:17:28+00:00 machine gtk-status-bar[2454]: 2026-07-12T00:17:28.893410Z DEBUG gtk_status_bar::pw: 📝 Updated volume cache for device 5: Alpha -> Vol: Some(100)%, Ch: Some(100)%, Mute: Some(false)
2026-07-12T00:17:28+00:00 machine gtk-status-bar[2454]: 2026-07-12T00:17:28.893427Z DEBUG gtk_status_bar::pw: 🎯 Checking if device 5 is default: current_default=Some("auto_null"), node_name=Alpha, is_default=false
2026-07-12T00:17:28+00:00 machine gtk-status-bar[2454]: 2026-07-12T00:17:28.893447Z DEBUG gtk_status_bar::pw: 📊 Cached volume for non-default device 5 (Alpha)
2026-07-12T00:17:28+00:00 machine gtk-status-bar[2454]: 2026-07-12T00:17:28.893467Z ERROR gtk_status_bar::pw: ❌ PipeWire error id:5 seq:7 res:-2: enum params id:13 (Spa:Enum:ParamId:Route) failed
2026-07-12T00:17:28+00:00 machine gtk-status-bar[2454]: 2026-07-12T00:17:28.901744Z DEBUG gtk_status_bar::pw: 🎛️  NODE PARAM CALLBACK: Alpha (5) received Props param
2026-07-12T00:17:28+00:00 machine gtk-status-bar[2454]: 2026-07-12T00:17:28.901769Z DEBUG gtk_status_bar::pw: 🔊 Node 5: Alpha - Vol: Some(100)% | Ch: Some(100)% | Mute: Some(false) [CACHING]
2026-07-12T00:17:28+00:00 machine gtk-status-bar[2454]: 2026-07-12T00:17:28.901787Z DEBUG gtk_status_bar::pw: 📝 Updated volume cache for device 5: Alpha -> Vol: Some(100)%, Ch: Some(100)%, Mute: Some(false)
2026-07-12T00:17:28+00:00 machine gtk-status-bar[2454]: 2026-07-12T00:17:28.901805Z DEBUG gtk_status_bar::pw: 🎯 Checking if device 5 is default: current_default=Some("auto_null"), node_name=Alpha, is_default=false
2026-07-12T00:17:28+00:00 machine gtk-status-bar[2454]: 2026-07-12T00:17:28.901823Z DEBUG gtk_status_bar::pw: 📊 Cached volume for non-default device 5 (Alpha)
2026-07-12T00:17:28+00:00 machine gtk-status-bar[2454]: 2026-07-12T00:17:28.901842Z DEBUG gtk_status_bar::pw: 🎛️  NODE PARAM CALLBACK: Alpha (5) received Props param
2026-07-12T00:17:28+00:00 machine gtk-status-bar[2454]: 2026-07-12T00:17:28.901862Z DEBUG gtk_status_bar::pw: 🔊 Node 5: Alpha - Vol: Some(100)% | Ch: Some(100)% | Mute: Some(false) [CACHING]
2026-07-12T00:17:28+00:00 machine gtk-status-bar[2454]: 2026-07-12T00:17:28.901879Z DEBUG gtk_status_bar::pw: 📝 Updated volume cache for device 5: Alpha -> Vol: Some(100)%, Ch: Some(100)%, Mute: Some(false)
2026-07-12T00:17:28+00:00 machine gtk-status-bar[2454]: 2026-07-12T00:17:28.901896Z DEBUG gtk_status_bar::pw: 🎯 Checking if device 5 is default: current_default=Some("auto_null"), node_name=Alpha, is_default=false
2026-07-12T00:17:28+00:00 machine gtk-status-bar[2454]: 2026-07-12T00:17:28.901913Z DEBUG gtk_status_bar::pw: 📊 Cached volume for non-default device 5 (Alpha)
2026-07-12T00:17:28+00:00 machine gtk-status-bar[2454]: 2026-07-12T00:17:28.901934Z DEBUG gtk_status_bar::pw: 🚫 Skipping metadata '' (props: Some(DictRef { flags: Flags(0x0), entries: {"object.serial": "63", "object.path": "Alpha:playback_0", "format.dsp": "32 bit float mono audio", "node.id": "61", "audio.channel": "FL", "port.id": "0", "port.name": "playback_FL", "port.direction": "in", "port.alias": "Alpha:playback_FL", "port.group": "stream.0"} }))
2026-07-12T00:17:28+00:00 machine gtk-status-bar[2454]: 2026-07-12T00:17:28.901966Z DEBUG gtk_status_bar::pw: 🚫 Skipping metadata '' (props: Some(DictRef { flags: Flags(0x0), entries: {"object.serial": "64", "object.path": "Alpha:playback_1", "format.dsp": "32 bit float mono audio", "node.id": "61", "audio.channel": "FR", "port.id": "1", "port.name": "playback_FR", "port.direction": "in", "port.alias": "Alpha:playback_FR", "port.group": "stream.0"} }))
2026-07-12T00:17:28+00:00 machine gtk-status-bar[2454]: 2026-07-12T00:17:28.901988Z DEBUG gtk_status_bar::pw: 🚫 Skipping metadata '' (props: Some(DictRef { flags: Flags(0x0), entries: {"object.serial": "65", "object.path": "Alpha:monitor_0", "format.dsp": "32 bit float mono audio", "node.id": "61", "audio.channel": "FL", "port.id": "0", "port.name": "monitor_FL", "port.direction": "out", "port.monitor": "true", "port.alias": "Alpha:monitor_FL", "port.group": "stream.0"} }))
2026-07-12T00:17:28+00:00 machine gtk-status-bar[2454]: 2026-07-12T00:17:28.902011Z DEBUG gtk_status_bar::pw: 🚫 Skipping metadata '' (props: Some(DictRef { flags: Flags(0x0), entries: {"object.serial": "66", "object.path": "Alpha:monitor_1", "format.dsp": "32 bit float mono audio", "node.id": "61", "audio.channel": "FR", "port.id": "1", "port.name": "monitor_FR", "port.direction": "out", "port.monitor": "true", "port.alias": "Alpha:monitor_FR", "port.group": "stream.0"} }))
2026-07-12T00:17:28+00:00 machine gtk-status-bar[2454]: 2026-07-12T00:17:28.902033Z DEBUG gtk_status_bar::pw: 🎛️  NODE PARAM CALLBACK: Alpha (5) received Props param
2026-07-12T00:17:28+00:00 machine gtk-status-bar[2454]: 2026-07-12T00:17:28.902050Z DEBUG gtk_status_bar::pw: 🔊 Node 5: Alpha - Vol: Some(100)% | Ch: Some(100)% | Mute: Some(false) [CACHING]
2026-07-12T00:17:28+00:00 machine gtk-status-bar[2454]: 2026-07-12T00:17:28.902067Z DEBUG gtk_status_bar::pw: 📝 Updated volume cache for device 5: Alpha -> Vol: Some(100)%, Ch: Some(100)%, Mute: Some(false)
2026-07-12T00:17:28+00:00 machine gtk-status-bar[2454]: 2026-07-12T00:17:28.902084Z DEBUG gtk_status_bar::pw: 🎯 Checking if device 5 is default: current_default=Some("auto_null"), node_name=Alpha, is_default=false
2026-07-12T00:17:28+00:00 machine gtk-status-bar[2454]: 2026-07-12T00:17:28.902100Z DEBUG gtk_status_bar::pw: 📊 Cached volume for non-default device 5 (Alpha)
2026-07-12T00:17:28+00:00 machine gtk-status-bar[2454]: 2026-07-12T00:17:28.908063Z DEBUG gtk_status_bar::pw: 🎛️  NODE PARAM CALLBACK: Alpha (5) received Props param
2026-07-12T00:17:28+00:00 machine gtk-status-bar[2454]: 2026-07-12T00:17:28.908093Z DEBUG gtk_status_bar::pw: 🔊 Node 5: Alpha - Vol: Some(100)% | Ch: Some(100)% | Mute: Some(false) [CACHING]
2026-07-12T00:17:28+00:00 machine gtk-status-bar[2454]: 2026-07-12T00:17:28.908113Z DEBUG gtk_status_bar::pw: 📝 Updated volume cache for device 5: Alpha -> Vol: Some(100)%, Ch: Some(100)%, Mute: Some(false)
2026-07-12T00:17:28+00:00 machine gtk-status-bar[2454]: 2026-07-12T00:17:28.908130Z DEBUG gtk_status_bar::pw: 🎯 Checking if device 5 is default: current_default=Some("auto_null"), node_name=Alpha, is_default=false
2026-07-12T00:17:28+00:00 machine gtk-status-bar[2454]: 2026-07-12T00:17:28.908148Z DEBUG gtk_status_bar::pw: 📊 Cached volume for non-default device 5 (Alpha)
2026-07-12T00:17:29+00:00 machine gtk-status-bar[2454]: 2026-07-12T00:17:29.058898Z DEBUG gtk_status_bar::pw: 🗑️ Node 4 removed, cleaning up
2026-07-12T00:17:29+00:00 machine gtk-status-bar[2454]: 2026-07-12T00:17:29.058995Z DEBUG gtk_status_bar::pw: ✅ Removed device from HashMap: 4 -> (auto_null, Dummy Output)
2026-07-12T00:17:29+00:00 machine gtk-status-bar[2454]: 2026-07-12T00:17:29.059045Z DEBUG gtk_status_bar::pw: 🗂️ Device map size after removal: 1
2026-07-12T00:17:29+00:00 machine gtk-status-bar[2454]: 2026-07-12T00:17:29.075178Z DEBUG gtk_status_bar::pw: 📝 metadata.property subject=0 key=Some("default.audio.sink") value=Some("{\"name\":\"Alpha\"}")
2026-07-12T00:17:29+00:00 machine gtk-status-bar[2454]: 2026-07-12T00:17:29.075247Z DEBUG gtk_status_bar::pw: 🔍 Processing metadata property: default.audio.sink={"name":"Alpha"}
2026-07-12T00:17:29+00:00 machine gtk-status-bar[2454]: 2026-07-12T00:17:29.075304Z  INFO gtk_status_bar::pw: 🔄 Default sink -> Alpha
2026-07-12T00:17:29+00:00 machine gtk-status-bar[2454]: 2026-07-12T00:17:29.075341Z DEBUG gtk_status_bar::pw: 🎯 SINK CHANGE: Some("auto_null") -> Alpha (should trigger volume fetch)
2026-07-12T00:17:29+00:00 machine gtk-status-bar[2454]: 2026-07-12T00:17:29.075391Z DEBUG gtk_status_bar::pw: 🗂️ Searching device map for default sink 'Alpha'
2026-07-12T00:17:29+00:00 machine gtk-status-bar[2454]: 2026-07-12T00:17:29.075435Z DEBUG gtk_status_bar::pw: 🗂️ Current device map contents: {5: ("Alpha", "Alpha", Some(100), Some(100), Some(false))}
2026-07-12T00:17:29+00:00 machine gtk-status-bar[2454]: 2026-07-12T00:17:29.075490Z DEBUG gtk_status_bar::pw: 🔍 Checking device 5: node_name='Alpha', description='Alpha' against default sink 'Alpha'
2026-07-12T00:17:29+00:00 machine gtk-status-bar[2454]: 2026-07-12T00:17:29.075541Z DEBUG gtk_status_bar::pw: 🎯 MATCH! Found device 5 with node_name 'Alpha' matching default sink
2026-07-12T00:17:29+00:00 machine gtk-status-bar[2454]: 2026-07-12T00:17:29.075746Z DEBUG gtk_status_bar::pw: 🎨 Updating GUI label to: 'Alpha' with cached volume data
2026-07-12T00:17:29+00:00 machine gtk-status-bar[2454]: 2026-07-12T00:17:29.075804Z DEBUG gtk_status_bar::pw: 💾 Cached volume data: Vol: Some(100)%, Ch: Some(100)%, Mute: Some(false)
2026-07-12T00:17:29+00:00 machine gtk-status-bar[2454]: 2026-07-12T00:17:29.075879Z DEBUG gtk_status_bar::pw: ✅ Sent REAL volume data to GUI: 'Alpha' Vol: Some(100)%, Ch: Some(100)%, Mute: Some(false)
2026-07-12T00:17:29+00:00 machine gtk-status-bar[2454]: 2026-07-12T00:17:29.077156Z DEBUG gtk_status_bar::widgets: 📺 GTK UI updated via ASYNC: 🔊A100
2026-07-12T00:17:29+00:00 machine gtk-status-bar[2454]: 2026-07-12T00:17:29.279663Z DEBUG gtk_status_bar::pw: 🚫 Skipping metadata '' (props: Some(DictRef { flags: Flags(0x0), entries: {"object.serial": "67", "module.id": "2", "pipewire.protocol": "protocol-native", "pipewire.sec.pid": "2565", "pipewire.sec.uid": "1000", "pipewire.sec.gid": "100", "pipewire.sec.socket": "pipewire-0", "application.name": "pactl", "pipewire.access": "unrestricted"} }))
2026-07-12T00:17:29+00:00 machine gtk-status-bar[2454]: 2026-07-12T00:17:29.300954Z DEBUG gtk_status_bar::pw: 📝 metadata.property subject=0 key=Some("default.configured.audio.sink") value=Some("{ \"name\": \"Alpha\" }")
2026-07-12T00:17:29+00:00 machine gtk-status-bar[2454]: 2026-07-12T00:17:29.300991Z DEBUG gtk_status_bar::pw: 🔍 Processing metadata property: default.configured.audio.sink={ "name": "Alpha" }
2026-07-12T00:17:29+00:00 machine gtk-status-bar[2454]: 2026-07-12T00:17:29.301012Z DEBUG gtk_status_bar::pw: 🔧 Other metadata property: default.configured.audio.sink (ignored)
2026-07-12T00:17:29+00:00 machine gtk-status-bar[2454]: 2026-07-12T00:17:29.506086Z DEBUG gtk_status_bar::pw: 🚫 Skipping metadata '' (props: Some(DictRef { flags: Flags(0x0), entries: {"object.serial": "68", "module.id": "2", "pipewire.protocol": "protocol-native", "pipewire.sec.pid": "2565", "pipewire.sec.uid": "1000", "pipewire.sec.gid": "100", "pipewire.sec.socket": "pipewire-0", "application.name": "pactl", "pipewire.access": "unrestricted"} }))
2026-07-12T00:17:29+00:00 machine gtk-status-bar[2454]: 2026-07-12T00:17:29.535981Z DEBUG gtk_status_bar::pw: 🎛️  NODE PARAM CALLBACK: Alpha (5) received Props param
2026-07-12T00:17:29+00:00 machine gtk-status-bar[2454]: 2026-07-12T00:17:29.536050Z DEBUG gtk_status_bar::pw: 🔊 Node 5: Alpha - Vol: Some(100)% | Ch: Some(50)% | Mute: Some(false) [CACHING]
2026-07-12T00:17:29+00:00 machine gtk-status-bar[2454]: 2026-07-12T00:17:29.536097Z DEBUG gtk_status_bar::pw: 📝 Updated volume cache for device 5: Alpha -> Vol: Some(100)%, Ch: Some(50)%, Mute: Some(false)
2026-07-12T00:17:29+00:00 machine gtk-status-bar[2454]: 2026-07-12T00:17:29.536139Z DEBUG gtk_status_bar::pw: 🎯 Checking if device 5 is default: current_default=Some("Alpha"), node_name=Alpha, is_default=true
2026-07-12T00:17:29+00:00 machine gtk-status-bar[2454]: 2026-07-12T00:17:29.536183Z DEBUG gtk_status_bar::pw: 📤 SENDING VOLUME UPDATE to GUI for default sink (node id=5)
2026-07-12T00:17:29+00:00 machine gtk-status-bar[2454]: 2026-07-12T00:17:29.536809Z DEBUG gtk_status_bar::widgets: 📺 GTK UI updated via ASYNC: 🔊A50
2026-07-12T00:17:33+00:00 machine gtk-status-bar[2454]: 2026-07-12T00:17:33.327543Z DEBUG gtk_status_bar::pw: 🚫 Skipping metadata '' (props: Some(DictRef { flags: Flags(0x0), entries: {"object.serial": "69", "module.id": "2", "pipewire.protocol": "protocol-native", "pipewire.sec.pid": "2565", "pipewire.sec.uid": "1000", "pipewire.sec.gid": "100", "pipewire.sec.socket": "pipewire-0", "application.name": "pactl", "pipewire.access": "unrestricted"} }))
2026-07-12T00:17:33+00:00 machine gtk-status-bar[2454]: 2026-07-12T00:17:33.353270Z DEBUG gtk_status_bar::pw: 🎛️  NODE PARAM CALLBACK: Alpha (5) received Props param
2026-07-12T00:17:33+00:00 machine gtk-status-bar[2454]: 2026-07-12T00:17:33.353317Z DEBUG gtk_status_bar::pw: 🔊 Node 5: Alpha - Vol: Some(100)% | Ch: Some(75)% | Mute: Some(false) [CACHING]
2026-07-12T00:17:33+00:00 machine gtk-status-bar[2454]: 2026-07-12T00:17:33.353339Z DEBUG gtk_status_bar::pw: 📝 Updated volume cache for device 5: Alpha -> Vol: Some(100)%, Ch: Some(75)%, Mute: Some(false)
2026-07-12T00:17:33+00:00 machine gtk-status-bar[2454]: 2026-07-12T00:17:33.353356Z DEBUG gtk_status_bar::pw: 🎯 Checking if device 5 is default: current_default=Some("Alpha"), node_name=Alpha, is_default=true
2026-07-12T00:17:33+00:00 machine gtk-status-bar[2454]: 2026-07-12T00:17:33.353377Z DEBUG gtk_status_bar::pw: 📤 SENDING VOLUME UPDATE to GUI for default sink (node id=5)
2026-07-12T00:17:33+00:00 machine gtk-status-bar[2454]: 2026-07-12T00:17:33.353699Z DEBUG gtk_status_bar::widgets: 📺 GTK UI updated via ASYNC: 🔊A75
2026-07-12T00:17:37+00:00 machine gtk-status-bar[2454]: 2026-07-12T00:17:37.033141Z DEBUG gtk_status_bar::pw: 🚫 Skipping metadata '' (props: Some(DictRef { flags: Flags(0x0), entries: {"object.serial": "70", "module.id": "2", "pipewire.protocol": "protocol-native", "pipewire.sec.pid": "2565", "pipewire.sec.uid": "1000", "pipewire.sec.gid": "100", "pipewire.sec.socket": "pipewire-0", "application.name": "pactl", "pipewire.access": "unrestricted"} }))
2026-07-12T00:17:37+00:00 machine gtk-status-bar[2454]: 2026-07-12T00:17:37.053437Z DEBUG gtk_status_bar::pw: 🎛️  NODE PARAM CALLBACK: Alpha (5) received Props param
2026-07-12T00:17:37+00:00 machine gtk-status-bar[2454]: 2026-07-12T00:17:37.053515Z DEBUG gtk_status_bar::pw: 🔊 Node 5: Alpha - Vol: Some(100)% | Ch: Some(75)% | Mute: Some(true) [CACHING]
2026-07-12T00:17:37+00:00 machine gtk-status-bar[2454]: 2026-07-12T00:17:37.053561Z DEBUG gtk_status_bar::pw: 📝 Updated volume cache for device 5: Alpha -> Vol: Some(100)%, Ch: Some(75)%, Mute: Some(true)
2026-07-12T00:17:37+00:00 machine gtk-status-bar[2454]: 2026-07-12T00:17:37.053750Z DEBUG gtk_status_bar::pw: 🎯 Checking if device 5 is default: current_default=Some("Alpha"), node_name=Alpha, is_default=true
2026-07-12T00:17:37+00:00 machine gtk-status-bar[2454]: 2026-07-12T00:17:37.053796Z DEBUG gtk_status_bar::pw: 📤 SENDING VOLUME UPDATE to GUI for default sink (node id=5)
2026-07-12T00:17:37+00:00 machine gtk-status-bar[2454]: 2026-07-12T00:17:37.054456Z DEBUG gtk_status_bar::widgets: 📺 GTK UI updated via ASYNC: 🔇A75
2026-07-12T00:17:40+00:00 machine gtk-status-bar[2454]: 2026-07-12T00:17:40.743418Z DEBUG gtk_status_bar::pw: 🚫 Skipping metadata '' (props: Some(DictRef { flags: Flags(0x0), entries: {"object.serial": "71", "module.id": "2", "pipewire.protocol": "protocol-native", "pipewire.sec.pid": "2565", "pipewire.sec.uid": "1000", "pipewire.sec.gid": "100", "pipewire.sec.socket": "pipewire-0", "application.name": "pactl", "pipewire.access": "unrestricted"} }))
2026-07-12T00:17:40+00:00 machine gtk-status-bar[2454]: 2026-07-12T00:17:40.760780Z DEBUG gtk_status_bar::pw: 🎛️  NODE PARAM CALLBACK: Alpha (5) received Props param
2026-07-12T00:17:40+00:00 machine gtk-status-bar[2454]: 2026-07-12T00:17:40.760816Z DEBUG gtk_status_bar::pw: 🔊 Node 5: Alpha - Vol: Some(100)% | Ch: Some(75)% | Mute: Some(false) [CACHING]
2026-07-12T00:17:40+00:00 machine gtk-status-bar[2454]: 2026-07-12T00:17:40.760835Z DEBUG gtk_status_bar::pw: 📝 Updated volume cache for device 5: Alpha -> Vol: Some(100)%, Ch: Some(75)%, Mute: Some(false)
2026-07-12T00:17:40+00:00 machine gtk-status-bar[2454]: 2026-07-12T00:17:40.760853Z DEBUG gtk_status_bar::pw: 🎯 Checking if device 5 is default: current_default=Some("Alpha"), node_name=Alpha, is_default=true
2026-07-12T00:17:40+00:00 machine gtk-status-bar[2454]: 2026-07-12T00:17:40.760872Z DEBUG gtk_status_bar::pw: 📤 SENDING VOLUME UPDATE to GUI for default sink (node id=5)
2026-07-12T00:17:40+00:00 machine gtk-status-bar[2454]: 2026-07-12T00:17:40.761449Z DEBUG gtk_status_bar::widgets: 📺 GTK UI updated via ASYNC: 🔊A75
2026-07-12T00:17:40+00:00 machine gtk-status-bar[2454]: 2026-07-12T00:17:40.974761Z DEBUG gtk_status_bar::pw: 🚫 Skipping metadata '' (props: Some(DictRef { flags: Flags(0x0), entries: {"object.serial": "72", "module.id": "2", "pipewire.protocol": "protocol-native", "pipewire.sec.pid": "2565", "pipewire.sec.uid": "1000", "pipewire.sec.gid": "100", "pipewire.sec.socket": "pipewire-0", "application.name": "pactl", "pipewire.access": "unrestricted"} }))
2026-07-12T00:17:41+00:00 machine gtk-status-bar[2454]: 2026-07-12T00:17:41.002511Z DEBUG gtk_status_bar::pw: 🎛️  NODE PARAM CALLBACK: Alpha (5) received Props param
2026-07-12T00:17:41+00:00 machine gtk-status-bar[2454]: 2026-07-12T00:17:41.002759Z DEBUG gtk_status_bar::pw: 🔊 Node 5: Alpha - Vol: Some(100)% | Ch: Some(0)% | Mute: Some(false) [CACHING]
2026-07-12T00:17:41+00:00 machine gtk-status-bar[2454]: 2026-07-12T00:17:41.002816Z DEBUG gtk_status_bar::pw: 📝 Updated volume cache for device 5: Alpha -> Vol: Some(100)%, Ch: Some(0)%, Mute: Some(false)
2026-07-12T00:17:41+00:00 machine gtk-status-bar[2454]: 2026-07-12T00:17:41.002865Z DEBUG gtk_status_bar::pw: 🎯 Checking if device 5 is default: current_default=Some("Alpha"), node_name=Alpha, is_default=true
2026-07-12T00:17:41+00:00 machine gtk-status-bar[2454]: 2026-07-12T00:17:41.002914Z DEBUG gtk_status_bar::pw: 📤 SENDING VOLUME UPDATE to GUI for default sink (node id=5)
2026-07-12T00:17:41+00:00 machine gtk-status-bar[2454]: 2026-07-12T00:17:41.003497Z DEBUG gtk_status_bar::widgets: 📺 GTK UI updated via ASYNC: 🔊A0
2026-07-12T00:17:44+00:00 machine gtk-status-bar[2454]: 2026-07-12T00:17:44.630336Z DEBUG gtk_status_bar::pw: 🚫 Skipping metadata '' (props: Some(DictRef { flags: Flags(0x0), entries: {"object.serial": "73", "module.id": "2", "pipewire.protocol": "protocol-native", "pipewire.sec.pid": "2565", "pipewire.sec.uid": "1000", "pipewire.sec.gid": "100", "pipewire.sec.socket": "pipewire-0", "application.name": "pactl", "pipewire.access": "unrestricted"} }))
2026-07-12T00:17:44+00:00 machine gtk-status-bar[2454]: 2026-07-12T00:17:44.646502Z DEBUG gtk_status_bar::pw: 🎛️  NODE PARAM CALLBACK: Alpha (5) received Props param
2026-07-12T00:17:44+00:00 machine gtk-status-bar[2454]: 2026-07-12T00:17:44.646565Z DEBUG gtk_status_bar::pw: 🔊 Node 5: Alpha - Vol: Some(100)% | Ch: Some(100)% | Mute: Some(false) [CACHING]
2026-07-12T00:17:44+00:00 machine gtk-status-bar[2454]: 2026-07-12T00:17:44.646694Z DEBUG gtk_status_bar::pw: 📝 Updated volume cache for device 5: Alpha -> Vol: Some(100)%, Ch: Some(100)%, Mute: Some(false)
2026-07-12T00:17:44+00:00 machine gtk-status-bar[2454]: 2026-07-12T00:17:44.646730Z DEBUG gtk_status_bar::pw: 🎯 Checking if device 5 is default: current_default=Some("Alpha"), node_name=Alpha, is_default=true
2026-07-12T00:17:44+00:00 machine gtk-status-bar[2454]: 2026-07-12T00:17:44.646766Z DEBUG gtk_status_bar::pw: 📤 SENDING VOLUME UPDATE to GUI for default sink (node id=5)
2026-07-12T00:17:44+00:00 machine gtk-status-bar[2454]: 2026-07-12T00:17:44.647890Z DEBUG gtk_status_bar::widgets: 📺 GTK UI updated via ASYNC: 🔊A100
2026-07-12T00:17:48+00:00 machine gtk-status-bar[2454]: 2026-07-12T00:17:48.303662Z DEBUG gtk_status_bar::pw: 🚫 Skipping metadata '' (props: Some(DictRef { flags: Flags(0x0), entries: {"object.serial": "74", "module.id": "2", "pipewire.protocol": "protocol-native", "pipewire.sec.pid": "2565", "pipewire.sec.uid": "1000", "pipewire.sec.gid": "100", "pipewire.sec.socket": "pipewire-0", "application.name": "pactl", "pipewire.access": "unrestricted"} }))
2026-07-12T00:17:48+00:00 machine gtk-status-bar[2454]: 2026-07-12T00:17:48.312448Z DEBUG gtk_status_bar::pw: 🚫 Skipping metadata '' (props: Some(DictRef { flags: Flags(0x0), entries: {"object.serial": "75", "module.id": "2", "pipewire.protocol": "protocol-native", "pipewire.sec.pid": "2565", "pipewire.sec.uid": "1000", "pipewire.sec.gid": "100", "pipewire.sec.socket": "pipewire-0", "application.name": "pipewire", "pipewire.access": "unrestricted"} }))
2026-07-12T00:17:48+00:00 machine gtk-status-bar[2454]: 2026-07-12T00:17:48.312483Z DEBUG gtk_status_bar::pw: 🚫 Skipping metadata '' (props: Some(DictRef { flags: Flags(0x0), entries: {"object.serial": "76", "factory.id": "19", "client.id": "55", "node.description": "Bravo", "node.name": "Bravo", "media.class": "Audio/Sink"} }))
2026-07-12T00:17:48+00:00 machine gtk-status-bar[2454]: 2026-07-12T00:17:48.312506Z DEBUG gtk_status_bar::pw: 🔍 Checking node - media.class: Some("Audio/Sink")
2026-07-12T00:17:48+00:00 machine gtk-status-bar[2454]: 2026-07-12T00:17:48.312525Z DEBUG gtk_status_bar::pw: 🔍 Node filter result: true for media.class: Some("Audio/Sink")
2026-07-12T00:17:48+00:00 machine gtk-status-bar[2454]: 2026-07-12T00:17:48.312562Z DEBUG gtk_status_bar::pw: 📱 Monitoring audio node: Bravo (4) [node.name: Bravo]
2026-07-12T00:17:48+00:00 machine gtk-status-bar[2454]: 2026-07-12T00:17:48.312633Z DEBUG gtk_status_bar::pw: 🔗 ADDING NODE LISTENER for node.name: Bravo
2026-07-12T00:17:48+00:00 machine gtk-status-bar[2454]: 2026-07-12T00:17:48.312649Z DEBUG gtk_status_bar::pw: 📝 Added device to HashMap: 4 -> (Bravo, Bravo, no volume yet)
2026-07-12T00:17:48+00:00 machine gtk-status-bar[2454]: 2026-07-12T00:17:48.312663Z DEBUG gtk_status_bar::pw: 🗂️ Current device map size: 2
2026-07-12T00:17:48+00:00 machine gtk-status-bar[2454]: 2026-07-12T00:17:48.317967Z DEBUG gtk_status_bar::pw: 🎛️  NODE PARAM CALLBACK: Bravo (4) received Props param
2026-07-12T00:17:48+00:00 machine gtk-status-bar[2454]: 2026-07-12T00:17:48.318022Z DEBUG gtk_status_bar::pw: 🔊 Node 4: Bravo - Vol: Some(100)% | Ch: Some(100)% | Mute: Some(false) [CACHING]
2026-07-12T00:17:48+00:00 machine gtk-status-bar[2454]: 2026-07-12T00:17:48.318060Z DEBUG gtk_status_bar::pw: 📝 Updated volume cache for device 4: Bravo -> Vol: Some(100)%, Ch: Some(100)%, Mute: Some(false)
2026-07-12T00:17:48+00:00 machine gtk-status-bar[2454]: 2026-07-12T00:17:48.318096Z DEBUG gtk_status_bar::pw: 🎯 Checking if device 4 is default: current_default=Some("Alpha"), node_name=Bravo, is_default=false
2026-07-12T00:17:48+00:00 machine gtk-status-bar[2454]: 2026-07-12T00:17:48.318131Z DEBUG gtk_status_bar::pw: 📊 Cached volume for non-default device 4 (Bravo)
2026-07-12T00:17:48+00:00 machine gtk-status-bar[2454]: 2026-07-12T00:17:48.318169Z ERROR gtk_status_bar::pw: ❌ PipeWire error id:4 seq:9 res:-2: enum params id:13 (Spa:Enum:ParamId:Route) failed
2026-07-12T00:17:48+00:00 machine gtk-status-bar[2454]: 2026-07-12T00:17:48.321121Z DEBUG gtk_status_bar::pw: 🎛️  NODE PARAM CALLBACK: Bravo (4) received Props param
2026-07-12T00:17:48+00:00 machine gtk-status-bar[2454]: 2026-07-12T00:17:48.321166Z DEBUG gtk_status_bar::pw: 🔊 Node 4: Bravo - Vol: Some(100)% | Ch: Some(100)% | Mute: Some(false) [CACHING]
2026-07-12T00:17:48+00:00 machine gtk-status-bar[2454]: 2026-07-12T00:17:48.321202Z DEBUG gtk_status_bar::pw: 📝 Updated volume cache for device 4: Bravo -> Vol: Some(100)%, Ch: Some(100)%, Mute: Some(false)
2026-07-12T00:17:48+00:00 machine gtk-status-bar[2454]: 2026-07-12T00:17:48.321237Z DEBUG gtk_status_bar::pw: 🎯 Checking if device 4 is default: current_default=Some("Alpha"), node_name=Bravo, is_default=false
2026-07-12T00:17:48+00:00 machine gtk-status-bar[2454]: 2026-07-12T00:17:48.321271Z DEBUG gtk_status_bar::pw: 📊 Cached volume for non-default device 4 (Bravo)
2026-07-12T00:17:48+00:00 machine gtk-status-bar[2454]: 2026-07-12T00:17:48.321309Z DEBUG gtk_status_bar::pw: 🎛️  NODE PARAM CALLBACK: Bravo (4) received Props param
2026-07-12T00:17:48+00:00 machine gtk-status-bar[2454]: 2026-07-12T00:17:48.321366Z DEBUG gtk_status_bar::pw: 🔊 Node 4: Bravo - Vol: Some(100)% | Ch: Some(100)% | Mute: Some(false) [CACHING]
2026-07-12T00:17:48+00:00 machine gtk-status-bar[2454]: 2026-07-12T00:17:48.321401Z DEBUG gtk_status_bar::pw: 📝 Updated volume cache for device 4: Bravo -> Vol: Some(100)%, Ch: Some(100)%, Mute: Some(false)
2026-07-12T00:17:48+00:00 machine gtk-status-bar[2454]: 2026-07-12T00:17:48.321435Z DEBUG gtk_status_bar::pw: 🎯 Checking if device 4 is default: current_default=Some("Alpha"), node_name=Bravo, is_default=false
2026-07-12T00:17:48+00:00 machine gtk-status-bar[2454]: 2026-07-12T00:17:48.321470Z DEBUG gtk_status_bar::pw: 📊 Cached volume for non-default device 4 (Bravo)
2026-07-12T00:17:48+00:00 machine gtk-status-bar[2454]: 2026-07-12T00:17:48.321514Z DEBUG gtk_status_bar::pw: 🚫 Skipping metadata '' (props: Some(DictRef { flags: Flags(0x0), entries: {"object.serial": "77", "object.path": "Bravo:playback_0", "format.dsp": "32 bit float mono audio", "node.id": "59", "audio.channel": "FL", "port.id": "0", "port.name": "playback_FL", "port.direction": "in", "port.alias": "Bravo:playback_FL", "port.group": "stream.0"} }))
2026-07-12T00:17:48+00:00 machine gtk-status-bar[2454]: 2026-07-12T00:17:48.321574Z DEBUG gtk_status_bar::pw: 🚫 Skipping metadata '' (props: Some(DictRef { flags: Flags(0x0), entries: {"object.serial": "78", "object.path": "Bravo:playback_1", "format.dsp": "32 bit float mono audio", "node.id": "59", "audio.channel": "FR", "port.id": "1", "port.name": "playback_FR", "port.direction": "in", "port.alias": "Bravo:playback_FR", "port.group": "stream.0"} }))
2026-07-12T00:17:48+00:00 machine gtk-status-bar[2454]: 2026-07-12T00:17:48.321716Z DEBUG gtk_status_bar::pw: 🚫 Skipping metadata '' (props: Some(DictRef { flags: Flags(0x0), entries: {"object.serial": "79", "object.path": "Bravo:monitor_0", "format.dsp": "32 bit float mono audio", "node.id": "59", "audio.channel": "FL", "port.id": "0", "port.name": "monitor_FL", "port.direction": "out", "port.monitor": "true", "port.alias": "Bravo:monitor_FL", "port.group": "stream.0"} }))
2026-07-12T00:17:48+00:00 machine gtk-status-bar[2454]: 2026-07-12T00:17:48.321765Z DEBUG gtk_status_bar::pw: 🚫 Skipping metadata '' (props: Some(DictRef { flags: Flags(0x0), entries: {"object.serial": "80", "object.path": "Bravo:monitor_1", "format.dsp": "32 bit float mono audio", "node.id": "59", "audio.channel": "FR", "port.id": "1", "port.name": "monitor_FR", "port.direction": "out", "port.monitor": "true", "port.alias": "Bravo:monitor_FR", "port.group": "stream.0"} }))
2026-07-12T00:17:48+00:00 machine gtk-status-bar[2454]: 2026-07-12T00:17:48.321820Z DEBUG gtk_status_bar::pw: 🎛️  NODE PARAM CALLBACK: Bravo (4) received Props param
2026-07-12T00:17:48+00:00 machine gtk-status-bar[2454]: 2026-07-12T00:17:48.321862Z DEBUG gtk_status_bar::pw: 🔊 Node 4: Bravo - Vol: Some(100)% | Ch: Some(100)% | Mute: Some(false) [CACHING]
2026-07-12T00:17:48+00:00 machine gtk-status-bar[2454]: 2026-07-12T00:17:48.321899Z DEBUG gtk_status_bar::pw: 📝 Updated volume cache for device 4: Bravo -> Vol: Some(100)%, Ch: Some(100)%, Mute: Some(false)
2026-07-12T00:17:48+00:00 machine gtk-status-bar[2454]: 2026-07-12T00:17:48.321935Z DEBUG gtk_status_bar::pw: 🎯 Checking if device 4 is default: current_default=Some("Alpha"), node_name=Bravo, is_default=false
2026-07-12T00:17:48+00:00 machine gtk-status-bar[2454]: 2026-07-12T00:17:48.321988Z DEBUG gtk_status_bar::pw: 📊 Cached volume for non-default device 4 (Bravo)
2026-07-12T00:17:48+00:00 machine gtk-status-bar[2454]: 2026-07-12T00:17:48.327057Z DEBUG gtk_status_bar::pw: 🎛️  NODE PARAM CALLBACK: Bravo (4) received Props param
2026-07-12T00:17:48+00:00 machine gtk-status-bar[2454]: 2026-07-12T00:17:48.327107Z DEBUG gtk_status_bar::pw: 🔊 Node 4: Bravo - Vol: Some(100)% | Ch: Some(100)% | Mute: Some(false) [CACHING]
2026-07-12T00:17:48+00:00 machine gtk-status-bar[2454]: 2026-07-12T00:17:48.327143Z DEBUG gtk_status_bar::pw: 📝 Updated volume cache for device 4: Bravo -> Vol: Some(100)%, Ch: Some(100)%, Mute: Some(false)
2026-07-12T00:17:48+00:00 machine gtk-status-bar[2454]: 2026-07-12T00:17:48.327178Z DEBUG gtk_status_bar::pw: 🎯 Checking if device 4 is default: current_default=Some("Alpha"), node_name=Bravo, is_default=false
2026-07-12T00:17:48+00:00 machine gtk-status-bar[2454]: 2026-07-12T00:17:48.327217Z DEBUG gtk_status_bar::pw: 📊 Cached volume for non-default device 4 (Bravo)
2026-07-12T00:17:48+00:00 machine gtk-status-bar[2454]: 2026-07-12T00:17:48.530779Z DEBUG gtk_status_bar::pw: 🚫 Skipping metadata '' (props: Some(DictRef { flags: Flags(0x0), entries: {"object.serial": "81", "module.id": "2", "pipewire.protocol": "protocol-native", "pipewire.sec.pid": "2565", "pipewire.sec.uid": "1000", "pipewire.sec.gid": "100", "pipewire.sec.socket": "pipewire-0", "application.name": "pactl", "pipewire.access": "unrestricted"} }))
2026-07-12T00:17:48+00:00 machine gtk-status-bar[2454]: 2026-07-12T00:17:48.541978Z DEBUG gtk_status_bar::pw: 🎛️  NODE PARAM CALLBACK: Bravo (4) received Props param
2026-07-12T00:17:48+00:00 machine gtk-status-bar[2454]: 2026-07-12T00:17:48.542021Z DEBUG gtk_status_bar::pw: 🔊 Node 4: Bravo - Vol: Some(100)% | Ch: Some(60)% | Mute: Some(false) [CACHING]
2026-07-12T00:17:48+00:00 machine gtk-status-bar[2454]: 2026-07-12T00:17:48.542044Z DEBUG gtk_status_bar::pw: 📝 Updated volume cache for device 4: Bravo -> Vol: Some(100)%, Ch: Some(60)%, Mute: Some(false)
2026-07-12T00:17:48+00:00 machine gtk-status-bar[2454]: 2026-07-12T00:17:48.542066Z DEBUG gtk_status_bar::pw: 🎯 Checking if device 4 is default: current_default=Some("Alpha"), node_name=Bravo, is_default=false
2026-07-12T00:17:48+00:00 machine gtk-status-bar[2454]: 2026-07-12T00:17:48.542087Z DEBUG gtk_status_bar::pw: 📊 Cached volume for non-default device 4 (Bravo)
2026-07-12T00:17:48+00:00 machine gtk-status-bar[2454]: 2026-07-12T00:17:48.717742Z DEBUG gtk_status_bar::pw: 🚫 Skipping metadata '' (props: Some(DictRef { flags: Flags(0x0), entries: {"object.serial": "82", "module.id": "2", "pipewire.protocol": "protocol-native", "pipewire.sec.pid": "2565", "pipewire.sec.uid": "1000", "pipewire.sec.gid": "100", "pipewire.sec.socket": "pipewire-0", "application.name": "pactl", "pipewire.access": "unrestricted"} }))
2026-07-12T00:17:48+00:00 machine gtk-status-bar[2454]: 2026-07-12T00:17:48.719411Z DEBUG gtk_status_bar::pw: 📝 metadata.property subject=0 key=Some("default.configured.audio.sink") value=Some("{ \"name\": \"Bravo\" }")
2026-07-12T00:17:48+00:00 machine gtk-status-bar[2454]: 2026-07-12T00:17:48.719440Z DEBUG gtk_status_bar::pw: 🔍 Processing metadata property: default.configured.audio.sink={ "name": "Bravo" }
2026-07-12T00:17:48+00:00 machine gtk-status-bar[2454]: 2026-07-12T00:17:48.719461Z DEBUG gtk_status_bar::pw: 🔧 Other metadata property: default.configured.audio.sink (ignored)
2026-07-12T00:17:48+00:00 machine gtk-status-bar[2454]: 2026-07-12T00:17:48.723478Z DEBUG gtk_status_bar::pw: 📝 metadata.property subject=0 key=Some("default.audio.sink") value=Some("{\"name\":\"Bravo\"}")
2026-07-12T00:17:48+00:00 machine gtk-status-bar[2454]: 2026-07-12T00:17:48.723505Z DEBUG gtk_status_bar::pw: 🔍 Processing metadata property: default.audio.sink={"name":"Bravo"}
2026-07-12T00:17:48+00:00 machine gtk-status-bar[2454]: 2026-07-12T00:17:48.723534Z  INFO gtk_status_bar::pw: 🔄 Default sink -> Bravo
2026-07-12T00:17:48+00:00 machine gtk-status-bar[2454]: 2026-07-12T00:17:48.723552Z DEBUG gtk_status_bar::pw: 🎯 SINK CHANGE: Some("Alpha") -> Bravo (should trigger volume fetch)
2026-07-12T00:17:48+00:00 machine gtk-status-bar[2454]: 2026-07-12T00:17:48.723568Z DEBUG gtk_status_bar::pw: 🗂️ Searching device map for default sink 'Bravo'
2026-07-12T00:17:48+00:00 machine gtk-status-bar[2454]: 2026-07-12T00:17:48.723637Z DEBUG gtk_status_bar::pw: 🗂️ Current device map contents: {4: ("Bravo", "Bravo", Some(100), Some(60), Some(false)), 5: ("Alpha", "Alpha", Some(100), Some(100), Some(false))}
2026-07-12T00:17:48+00:00 machine gtk-status-bar[2454]: 2026-07-12T00:17:48.723663Z DEBUG gtk_status_bar::pw: 🔍 Checking device 4: node_name='Bravo', description='Bravo' against default sink 'Bravo'
2026-07-12T00:17:48+00:00 machine gtk-status-bar[2454]: 2026-07-12T00:17:48.723683Z DEBUG gtk_status_bar::pw: 🎯 MATCH! Found device 4 with node_name 'Bravo' matching default sink
2026-07-12T00:17:48+00:00 machine gtk-status-bar[2454]: 2026-07-12T00:17:48.723703Z DEBUG gtk_status_bar::pw: 🎨 Updating GUI label to: 'Bravo' with cached volume data
2026-07-12T00:17:48+00:00 machine gtk-status-bar[2454]: 2026-07-12T00:17:48.723723Z DEBUG gtk_status_bar::pw: 💾 Cached volume data: Vol: Some(100)%, Ch: Some(60)%, Mute: Some(false)
2026-07-12T00:17:48+00:00 machine gtk-status-bar[2454]: 2026-07-12T00:17:48.723756Z DEBUG gtk_status_bar::pw: ✅ Sent REAL volume data to GUI: 'Bravo' Vol: Some(100)%, Ch: Some(60)%, Mute: Some(false)
2026-07-12T00:17:48+00:00 machine gtk-status-bar[2454]: 2026-07-12T00:17:48.724238Z DEBUG gtk_status_bar::widgets: 📺 GTK UI updated via ASYNC: 🔊B60
2026-07-12T00:17:53+00:00 machine gtk-status-bar[2454]: 2026-07-12T00:17:53.400217Z DEBUG gtk_status_bar::pw: 🚫 Skipping metadata '' (props: Some(DictRef { flags: Flags(0x0), entries: {"object.serial": "83", "module.id": "2", "pipewire.protocol": "protocol-native", "pipewire.sec.pid": "2565", "pipewire.sec.uid": "1000", "pipewire.sec.gid": "100", "pipewire.sec.socket": "pipewire-0", "application.name": "pactl", "pipewire.access": "unrestricted"} }))
2026-07-12T00:17:53+00:00 machine gtk-status-bar[2454]: 2026-07-12T00:17:53.419112Z DEBUG gtk_status_bar::pw: 🗑️ Node 4 removed, cleaning up
2026-07-12T00:17:53+00:00 machine gtk-status-bar[2454]: 2026-07-12T00:17:53.419168Z DEBUG gtk_status_bar::pw: ✅ Removed device from HashMap: 4 -> (Bravo, Bravo)
2026-07-12T00:17:53+00:00 machine gtk-status-bar[2454]: 2026-07-12T00:17:53.419209Z DEBUG gtk_status_bar::pw: 🗂️ Device map size after removal: 1
2026-07-12T00:17:53+00:00 machine gtk-status-bar[2454]: 2026-07-12T00:17:53.435499Z DEBUG gtk_status_bar::pw: 📝 metadata.property subject=0 key=Some("default.audio.sink") value=Some("{\"name\":\"Alpha\"}")
2026-07-12T00:17:53+00:00 machine gtk-status-bar[2454]: 2026-07-12T00:17:53.435558Z DEBUG gtk_status_bar::pw: 🔍 Processing metadata property: default.audio.sink={"name":"Alpha"}
2026-07-12T00:17:53+00:00 machine gtk-status-bar[2454]: 2026-07-12T00:17:53.435730Z  INFO gtk_status_bar::pw: 🔄 Default sink -> Alpha
2026-07-12T00:17:53+00:00 machine gtk-status-bar[2454]: 2026-07-12T00:17:53.435769Z DEBUG gtk_status_bar::pw: 🎯 SINK CHANGE: Some("Bravo") -> Alpha (should trigger volume fetch)
2026-07-12T00:17:53+00:00 machine gtk-status-bar[2454]: 2026-07-12T00:17:53.435807Z DEBUG gtk_status_bar::pw: 🗂️ Searching device map for default sink 'Alpha'
2026-07-12T00:17:53+00:00 machine gtk-status-bar[2454]: 2026-07-12T00:17:53.435844Z DEBUG gtk_status_bar::pw: 🗂️ Current device map contents: {5: ("Alpha", "Alpha", Some(100), Some(100), Some(false))}
2026-07-12T00:17:53+00:00 machine gtk-status-bar[2454]: 2026-07-12T00:17:53.435886Z DEBUG gtk_status_bar::pw: 🔍 Checking device 5: node_name='Alpha', description='Alpha' against default sink 'Alpha'
2026-07-12T00:17:53+00:00 machine gtk-status-bar[2454]: 2026-07-12T00:17:53.435924Z DEBUG gtk_status_bar::pw: 🎯 MATCH! Found device 5 with node_name 'Alpha' matching default sink
2026-07-12T00:17:53+00:00 machine gtk-status-bar[2454]: 2026-07-12T00:17:53.435980Z DEBUG gtk_status_bar::pw: 🎨 Updating GUI label to: 'Alpha' with cached volume data
2026-07-12T00:17:53+00:00 machine gtk-status-bar[2454]: 2026-07-12T00:17:53.436023Z DEBUG gtk_status_bar::pw: 💾 Cached volume data: Vol: Some(100)%, Ch: Some(100)%, Mute: Some(false)
2026-07-12T00:17:53+00:00 machine gtk-status-bar[2454]: 2026-07-12T00:17:53.436092Z DEBUG gtk_status_bar::pw: ✅ Sent REAL volume data to GUI: 'Alpha' Vol: Some(100)%, Ch: Some(100)%, Mute: Some(false)
2026-07-12T00:17:53+00:00 machine gtk-status-bar[2454]: 2026-07-12T00:17:53.436510Z DEBUG gtk_status_bar::widgets: 📺 GTK UI updated via ASYNC: 🔊A100
2026-07-12T00:17:57+00:00 machine gtk-status-bar[2454]: 2026-07-12T00:17:57.169677Z DEBUG gtk_status_bar::pw: 🚫 Skipping metadata '' (props: Some(DictRef { flags: Flags(0x0), entries: {"object.serial": "84", "module.id": "2", "pipewire.protocol": "protocol-native", "pipewire.sec.pid": "2565", "pipewire.sec.uid": "1000", "pipewire.sec.gid": "100", "pipewire.sec.socket": "pipewire-0", "application.name": "pactl", "pipewire.access": "unrestricted"} }))
2026-07-12T00:17:57+00:00 machine gtk-status-bar[2454]: 2026-07-12T00:17:57.180518Z DEBUG gtk_status_bar::pw: 🗑️ Node 5 removed, cleaning up
2026-07-12T00:17:57+00:00 machine gtk-status-bar[2454]: 2026-07-12T00:17:57.180559Z DEBUG gtk_status_bar::pw: ✅ Removed device from HashMap: 5 -> (Alpha, Alpha)
2026-07-12T00:17:57+00:00 machine gtk-status-bar[2454]: 2026-07-12T00:17:57.180637Z DEBUG gtk_status_bar::pw: 🗂️ Device map size after removal: 0
2026-07-12T00:17:57+00:00 machine gtk-status-bar[2454]: 2026-07-12T00:17:57.182746Z DEBUG gtk_status_bar::pw: 🚫 Skipping metadata '' (props: Some(DictRef { flags: Flags(0x0), entries: {"object.serial": "85", "factory.id": "19", "client.id": "53", "node.description": "Dummy Output", "node.name": "auto_null", "media.class": "Audio/Sink"} }))
2026-07-12T00:17:57+00:00 machine gtk-status-bar[2454]: 2026-07-12T00:17:57.182776Z DEBUG gtk_status_bar::pw: 🔍 Checking node - media.class: Some("Audio/Sink")
2026-07-12T00:17:57+00:00 machine gtk-status-bar[2454]: 2026-07-12T00:17:57.182793Z DEBUG gtk_status_bar::pw: 🔍 Node filter result: true for media.class: Some("Audio/Sink")
2026-07-12T00:17:57+00:00 machine gtk-status-bar[2454]: 2026-07-12T00:17:57.182821Z DEBUG gtk_status_bar::pw: 📱 Monitoring audio node: Dummy Output (5) [node.name: auto_null]
2026-07-12T00:17:57+00:00 machine gtk-status-bar[2454]: 2026-07-12T00:17:57.182837Z DEBUG gtk_status_bar::pw: 🔗 ADDING NODE LISTENER for node.name: auto_null
2026-07-12T00:17:57+00:00 machine gtk-status-bar[2454]: 2026-07-12T00:17:57.182856Z DEBUG gtk_status_bar::pw: 📝 Added device to HashMap: 5 -> (auto_null, Dummy Output, no volume yet)
2026-07-12T00:17:57+00:00 machine gtk-status-bar[2454]: 2026-07-12T00:17:57.182870Z DEBUG gtk_status_bar::pw: 🗂️ Current device map size: 1
2026-07-12T00:17:57+00:00 machine gtk-status-bar[2454]: 2026-07-12T00:17:57.183031Z DEBUG gtk_status_bar::pw: 🎛️  NODE PARAM CALLBACK: Dummy Output (5) received Props param
2026-07-12T00:17:57+00:00 machine gtk-status-bar[2454]: 2026-07-12T00:17:57.183060Z DEBUG gtk_status_bar::pw: 🔊 Node 5: Dummy Output - Vol: Some(100)% | Ch: Some(100)% | Mute: Some(false) [CACHING]
2026-07-12T00:17:57+00:00 machine gtk-status-bar[2454]: 2026-07-12T00:17:57.183076Z DEBUG gtk_status_bar::pw: 📝 Updated volume cache for device 5: Dummy Output -> Vol: Some(100)%, Ch: Some(100)%, Mute: Some(false)
2026-07-12T00:17:57+00:00 machine gtk-status-bar[2454]: 2026-07-12T00:17:57.183091Z DEBUG gtk_status_bar::pw: 🎯 Checking if device 5 is default: current_default=Some("Alpha"), node_name=auto_null, is_default=false
2026-07-12T00:17:57+00:00 machine gtk-status-bar[2454]: 2026-07-12T00:17:57.183108Z DEBUG gtk_status_bar::pw: 📊 Cached volume for non-default device 5 (Dummy Output)
2026-07-12T00:17:57+00:00 machine gtk-status-bar[2454]: 2026-07-12T00:17:57.183125Z ERROR gtk_status_bar::pw: ❌ PipeWire error id:5 seq:11 res:-2: enum params id:13 (Spa:Enum:ParamId:Route) failed
2026-07-12T00:17:57+00:00 machine gtk-status-bar[2454]: 2026-07-12T00:17:57.187030Z DEBUG gtk_status_bar::pw: 📝 metadata.property subject=0 key=Some("default.audio.sink") value=None
2026-07-12T00:17:57+00:00 machine gtk-status-bar[2454]: 2026-07-12T00:17:57.187059Z DEBUG gtk_status_bar::pw: 🚫 Skipping metadata property: value is None for key Some("default.audio.sink")
2026-07-12T00:17:57+00:00 machine gtk-status-bar[2454]: 2026-07-12T00:17:57.197517Z DEBUG gtk_status_bar::pw: 🎛️  NODE PARAM CALLBACK: Dummy Output (5) received Props param
2026-07-12T00:17:57+00:00 machine gtk-status-bar[2454]: 2026-07-12T00:17:57.197556Z DEBUG gtk_status_bar::pw: 🔊 Node 5: Dummy Output - Vol: Some(100)% | Ch: Some(100)% | Mute: Some(false) [CACHING]
2026-07-12T00:17:57+00:00 machine gtk-status-bar[2454]: 2026-07-12T00:17:57.197626Z DEBUG gtk_status_bar::pw: 📝 Updated volume cache for device 5: Dummy Output -> Vol: Some(100)%, Ch: Some(100)%, Mute: Some(false)
2026-07-12T00:17:57+00:00 machine gtk-status-bar[2454]: 2026-07-12T00:17:57.197646Z DEBUG gtk_status_bar::pw: 🎯 Checking if device 5 is default: current_default=Some("Alpha"), node_name=auto_null, is_default=false
2026-07-12T00:17:57+00:00 machine gtk-status-bar[2454]: 2026-07-12T00:17:57.197666Z DEBUG gtk_status_bar::pw: 📊 Cached volume for non-default device 5 (Dummy Output)
2026-07-12T00:17:57+00:00 machine gtk-status-bar[2454]: 2026-07-12T00:17:57.197687Z DEBUG gtk_status_bar::pw: 🎛️  NODE PARAM CALLBACK: Dummy Output (5) received Props param
2026-07-12T00:17:57+00:00 machine gtk-status-bar[2454]: 2026-07-12T00:17:57.197707Z DEBUG gtk_status_bar::pw: 🔊 Node 5: Dummy Output - Vol: Some(100)% | Ch: Some(100)% | Mute: Some(false) [CACHING]
2026-07-12T00:17:57+00:00 machine gtk-status-bar[2454]: 2026-07-12T00:17:57.197725Z DEBUG gtk_status_bar::pw: 📝 Updated volume cache for device 5: Dummy Output -> Vol: Some(100)%, Ch: Some(100)%, Mute: Some(false)
2026-07-12T00:17:57+00:00 machine gtk-status-bar[2454]: 2026-07-12T00:17:57.197743Z DEBUG gtk_status_bar::pw: 🎯 Checking if device 5 is default: current_default=Some("Alpha"), node_name=auto_null, is_default=false
2026-07-12T00:17:57+00:00 machine gtk-status-bar[2454]: 2026-07-12T00:17:57.197764Z DEBUG gtk_status_bar::pw: 📊 Cached volume for non-default device 5 (Dummy Output)
2026-07-12T00:17:57+00:00 machine gtk-status-bar[2454]: 2026-07-12T00:17:57.197790Z DEBUG gtk_status_bar::pw: 🚫 Skipping metadata '' (props: Some(DictRef { flags: Flags(0x0), entries: {"object.serial": "86", "object.path": "auto_null:playback_0", "format.dsp": "32 bit float mono audio", "node.id": "60", "audio.channel": "FL", "port.id": "0", "port.name": "playback_FL", "port.direction": "in", "port.alias": "Dummy Output:playback_FL", "port.group": "stream.0"} }))
2026-07-12T00:17:57+00:00 machine gtk-status-bar[2454]: 2026-07-12T00:17:57.197819Z DEBUG gtk_status_bar::pw: 🚫 Skipping metadata '' (props: Some(DictRef { flags: Flags(0x0), entries: {"object.serial": "87", "object.path": "auto_null:playback_1", "format.dsp": "32 bit float mono audio", "node.id": "60", "audio.channel": "FR", "port.id": "1", "port.name": "playback_FR", "port.direction": "in", "port.alias": "Dummy Output:playback_FR", "port.group": "stream.0"} }))
2026-07-12T00:17:57+00:00 machine gtk-status-bar[2454]: 2026-07-12T00:17:57.197843Z DEBUG gtk_status_bar::pw: 🚫 Skipping metadata '' (props: Some(DictRef { flags: Flags(0x0), entries: {"object.serial": "88", "object.path": "auto_null:monitor_0", "format.dsp": "32 bit float mono audio", "node.id": "60", "audio.channel": "FL", "port.id": "0", "port.name": "monitor_FL", "port.direction": "out", "port.monitor": "true", "port.alias": "Dummy Output:monitor_FL", "port.group": "stream.0"} }))
2026-07-12T00:17:57+00:00 machine gtk-status-bar[2454]: 2026-07-12T00:17:57.197871Z DEBUG gtk_status_bar::pw: 🚫 Skipping metadata '' (props: Some(DictRef { flags: Flags(0x0), entries: {"object.serial": "89", "object.path": "auto_null:monitor_1", "format.dsp": "32 bit float mono audio", "node.id": "60", "audio.channel": "FR", "port.id": "1", "port.name": "monitor_FR", "port.direction": "out", "port.monitor": "true", "port.alias": "Dummy Output:monitor_FR", "port.group": "stream.0"} }))
2026-07-12T00:17:57+00:00 machine gtk-status-bar[2454]: 2026-07-12T00:17:57.197895Z DEBUG gtk_status_bar::pw: 🎛️  NODE PARAM CALLBACK: Dummy Output (5) received Props param
2026-07-12T00:17:57+00:00 machine gtk-status-bar[2454]: 2026-07-12T00:17:57.197915Z DEBUG gtk_status_bar::pw: 🔊 Node 5: Dummy Output - Vol: Some(100)% | Ch: Some(100)% | Mute: Some(false) [CACHING]
2026-07-12T00:17:57+00:00 machine gtk-status-bar[2454]: 2026-07-12T00:17:57.197934Z DEBUG gtk_status_bar::pw: 📝 Updated volume cache for device 5: Dummy Output -> Vol: Some(100)%, Ch: Some(100)%, Mute: Some(false)
2026-07-12T00:17:57+00:00 machine gtk-status-bar[2454]: 2026-07-12T00:17:57.197960Z DEBUG gtk_status_bar::pw: 🎯 Checking if device 5 is default: current_default=Some("Alpha"), node_name=auto_null, is_default=false
2026-07-12T00:17:57+00:00 machine gtk-status-bar[2454]: 2026-07-12T00:17:57.197978Z DEBUG gtk_status_bar::pw: 📊 Cached volume for non-default device 5 (Dummy Output)
2026-07-12T00:17:57+00:00 machine gtk-status-bar[2454]: 2026-07-12T00:17:57.203731Z DEBUG gtk_status_bar::pw: 🎛️  NODE PARAM CALLBACK: Dummy Output (5) received Props param
2026-07-12T00:17:57+00:00 machine gtk-status-bar[2454]: 2026-07-12T00:17:57.203770Z DEBUG gtk_status_bar::pw: 🔊 Node 5: Dummy Output - Vol: Some(100)% | Ch: Some(100)% | Mute: Some(false) [CACHING]
2026-07-12T00:17:57+00:00 machine gtk-status-bar[2454]: 2026-07-12T00:17:57.203791Z DEBUG gtk_status_bar::pw: 📝 Updated volume cache for device 5: Dummy Output -> Vol: Some(100)%, Ch: Some(100)%, Mute: Some(false)
2026-07-12T00:17:57+00:00 machine gtk-status-bar[2454]: 2026-07-12T00:17:57.203811Z DEBUG gtk_status_bar::pw: 🎯 Checking if device 5 is default: current_default=Some("Alpha"), node_name=auto_null, is_default=false
2026-07-12T00:17:57+00:00 machine gtk-status-bar[2454]: 2026-07-12T00:17:57.203832Z DEBUG gtk_status_bar::pw: 📊 Cached volume for non-default device 5 (Dummy Output)
2026-07-12T00:17:57+00:00 machine gtk-status-bar[2454]: 2026-07-12T00:17:57.211758Z DEBUG gtk_status_bar::pw: 📝 metadata.property subject=0 key=Some("default.audio.sink") value=Some("{\"name\":\"auto_null\"}")
2026-07-12T00:17:57+00:00 machine gtk-status-bar[2454]: 2026-07-12T00:17:57.211792Z DEBUG gtk_status_bar::pw: 🔍 Processing metadata property: default.audio.sink={"name":"auto_null"}
2026-07-12T00:17:57+00:00 machine gtk-status-bar[2454]: 2026-07-12T00:17:57.211818Z  INFO gtk_status_bar::pw: 🔄 Default sink -> auto_null
2026-07-12T00:17:57+00:00 machine gtk-status-bar[2454]: 2026-07-12T00:17:57.211836Z DEBUG gtk_status_bar::pw: 🎯 SINK CHANGE: Some("Alpha") -> auto_null (should trigger volume fetch)
2026-07-12T00:17:57+00:00 machine gtk-status-bar[2454]: 2026-07-12T00:17:57.211854Z DEBUG gtk_status_bar::pw: 🗂️ Searching device map for default sink 'auto_null'
2026-07-12T00:17:57+00:00 machine gtk-status-bar[2454]: 2026-07-12T00:17:57.211871Z DEBUG gtk_status_bar::pw: 🗂️ Current device map contents: {5: ("auto_null", "Dummy Output", Some(100), Some(100), Some(false))}
2026-07-12T00:17:57+00:00 machine gtk-status-bar[2454]: 2026-07-12T00:17:57.211893Z DEBUG gtk_status_bar::pw: 🔍 Checking device 5: node_name='auto_null', description='Dummy Output' against default sink 'auto_null'
2026-07-12T00:17:57+00:00 machine gtk-status-bar[2454]: 2026-07-12T00:17:57.211912Z DEBUG gtk_status_bar::pw: 🎯 MATCH! Found device 5 with node_name 'auto_null' matching default sink
2026-07-12T00:17:57+00:00 machine gtk-status-bar[2454]: 2026-07-12T00:17:57.211930Z DEBUG gtk_status_bar::pw: 🎨 Updating GUI label to: 'Dummy Output' with cached volume data
2026-07-12T00:17:57+00:00 machine gtk-status-bar[2454]: 2026-07-12T00:17:57.211955Z DEBUG gtk_status_bar::pw: 💾 Cached volume data: Vol: Some(100)%, Ch: Some(100)%, Mute: Some(false)
2026-07-12T00:17:57+00:00 machine gtk-status-bar[2454]: 2026-07-12T00:17:57.211990Z DEBUG gtk_status_bar::pw: ✅ Sent REAL volume data to GUI: 'Dummy Output' Vol: Some(100)%, Ch: Some(100)%, Mute: Some(false)
2026-07-12T00:17:57+00:00 machine gtk-status-bar[2454]: 2026-07-12T00:17:57.212245Z DEBUG gtk_status_bar::widgets: 📺 GTK UI updated via ASYNC: 🔊D100
2026-07-12T00:17:58+00:00 machine gtk-status-bar[2454]: 2026-07-12T00:17:58.027070Z DEBUG gtk_status_bar::dbus: Got an event in event stream: Msg { type: Signal, serial: 12, sender: UniqueName(":1.52"), path: ObjectPath("/"), iface: InterfaceName("org.freedesktop.DBus.ObjectManager"), member: MemberName("InterfacesAdded"), body: Structure(Dynamic { fields: [ObjectPath, Dict { key: Dynamic { child: Str }, value: Dynamic { child: Dict { key: Dynamic { child: Str }, value: Dynamic { child: Variant } } } }] }), fds: [] }
2026-07-12T00:17:58+00:00 machine gtk-status-bar[2454]: 2026-07-12T00:17:58.029134Z DEBUG gtk_status_bar::dbus: Dbus monitor: Received D-Bus message from path: Some(ObjectPath("/")), interface: Some(InterfaceName("org.freedesktop.DBus.ObjectManager")), member: Some(MemberName("InterfacesAdded"))
2026-07-12T00:17:58+00:00 machine gtk-status-bar[2454]: 2026-07-12T00:17:58.029285Z  INFO gtk_status_bar::dbus: Dbus monitor: Received signal
2026-07-12T00:17:58+00:00 machine gtk-status-bar[2454]: 2026-07-12T00:17:58.029330Z  INFO gtk_status_bar::dbus: Dbus monitor: Received InterfacesAdded signal from ObjectManager
2026-07-12T00:17:58+00:00 machine gtk-status-bar[2454]: 2026-07-12T00:17:58.029446Z DEBUG gtk_status_bar::dbus: Available interfaces in InterfacesAdded: [Str("org.bluez.Adapter1")]
2026-07-12T00:17:58+00:00 machine gtk-status-bar[2454]: 2026-07-12T00:17:58.029493Z DEBUG gtk_status_bar::dbus: Device1 interface not found in interfaces
2026-07-12T00:17:58+00:00 machine gtk-status-bar[2454]: 2026-07-12T00:17:58.029537Z DEBUG gtk_status_bar::dbus: Not a device with org.bluez.Battery1 interface
2026-07-12T00:17:58+00:00 machine gtk-status-bar[2454]: 2026-07-12T00:17:58.038197Z DEBUG gtk_status_bar::dbus: Got an event in event stream: Msg { type: Signal, serial: 15, sender: UniqueName(":1.52"), path: ObjectPath("/"), iface: InterfaceName("org.freedesktop.DBus.ObjectManager"), member: MemberName("InterfacesAdded"), body: Structure(Dynamic { fields: [ObjectPath, Dict { key: Dynamic { child: Str }, value: Dynamic { child: Dict { key: Dynamic { child: Str }, value: Dynamic { child: Variant } } } }] }), fds: [] }
2026-07-12T00:17:58+00:00 machine gtk-status-bar[2454]: 2026-07-12T00:17:58.038277Z DEBUG gtk_status_bar::dbus: Dbus monitor: Received D-Bus message from path: Some(ObjectPath("/")), interface: Some(InterfaceName("org.freedesktop.DBus.ObjectManager")), member: Some(MemberName("InterfacesAdded"))
2026-07-12T00:17:58+00:00 machine gtk-status-bar[2454]: 2026-07-12T00:17:58.038325Z  INFO gtk_status_bar::dbus: Dbus monitor: Received signal
2026-07-12T00:17:58+00:00 machine gtk-status-bar[2454]: 2026-07-12T00:17:58.038367Z  INFO gtk_status_bar::dbus: Dbus monitor: Received InterfacesAdded signal from ObjectManager
2026-07-12T00:17:58+00:00 machine gtk-status-bar[2454]: 2026-07-12T00:17:58.038518Z DEBUG gtk_status_bar::dbus: Available interfaces in InterfacesAdded: [Str("org.bluez.Device1")]
2026-07-12T00:17:58+00:00 machine gtk-status-bar[2454]: 2026-07-12T00:17:58.038743Z DEBUG gtk_status_bar::dbus: Found Device1 interface properties: Dict { map: {Str("Adapter"): Value(ObjectPath(ObjectPath("/org/bluez/hci0"))), Str("Address"): Value(Str("AA:BB:CC:DD:EE:09")), Str("AddressType"): Value(Str("public")), Str("AdvertisingData"): Value(Array(Array { elements: [], signature: Array(Dynamic { child: Dict { key: Dynamic { child: U8 }, value: Dynamic { child: Variant } } }) })), Str("AdvertisingFlags"): Value(Array(Array { elements: [], signature: Array(Dynamic { child: Array(Dynamic { child: U8 }) }) })), Str("Alias"): Value(Str("Recovery Buds")), Str("Appearance"): Value(U16(0)), Str("Blocked"): Value(Bool(false)), Str("Class"): Value(U32(5898764)), Str("Connected"): Value(Bool(false)), Str("Icon"): Value(Str("phone")), Str("LegacyPairing"): Value(Bool(false)), Str("ManufacturerData"): Value(Array(Array { elements: [], signature: Array(Dynamic { child: Dict { key: Dynamic { child: U16 }, value: Dynamic { child: Variant } } }) })), Str("Modalias"): Value(Str("bluetooth:v000Fp1200d1436")), Str("Name"): Value(Str("Recovery Buds")), Str("Paired"): Value(Bool(false)), Str("RSSI"): Value(I16(-79)), Str("ServiceData"): Value(Array(Array { elements: [], signature: Array(Dynamic { child: Dict { key: Dynamic { child: Str }, value: Dynamic { child: Variant } } }) })), Str("ServicesResolved"): Value(Bool(false)), Str("Trusted"): Value(Bool(false)), Str("TxPower"): Value(I16(0)), Str("UUIDs"): Value(Array(Array { elements: [], signature: Array(Dynamic { child: Str }) })), Str("WakeAllowed"): Value(Bool(false))}, signature: Dict { key: Dynamic { child: Str }, value: Dynamic { child: Variant } } }
2026-07-12T00:17:58+00:00 machine gtk-status-bar[2454]: 2026-07-12T00:17:58.038833Z DEBUG gtk_status_bar::dbus: Found Bluetooth device name: Recovery Buds
2026-07-12T00:17:58+00:00 machine gtk-status-bar[2454]: 2026-07-12T00:17:58.038885Z  INFO gtk_status_bar::dbus: Created new device /org/bluez/hci0/dev_AA_BB_CC_DD_EE_09 with name: Some("Recovery Buds")
2026-07-12T00:17:58+00:00 machine gtk-status-bar[2454]: 2026-07-12T00:17:58.038991Z DEBUG gtk_status_bar::dbus: Not a device with org.bluez.Battery1 interface
2026-07-12T00:17:58+00:00 machine gtk-status-bar[2454]: 2026-07-12T00:17:58.039443Z DEBUG gtk_status_bar::widgets: Updating Bluetooth battery label:
2026-07-12T00:17:58+00:00 machine gtk-status-bar[2454]: 2026-07-12T00:17:58.039489Z DEBUG gtk_status_bar::widgets: 🙈 HIDING Bluetooth widget - no devices
2026-07-12T00:17:58+00:00 machine gtk-status-bar[2784]: 2026-07-12T00:17:58.563782Z  INFO gtk_status_bar: Starting GTK status bar application
2026-07-12T00:17:58+00:00 machine gtk-status-bar[2784]: 2026-07-12T00:17:58.564449Z  INFO gtk_status_bar: Running GTK application
2026-07-12T00:17:59+00:00 machine gtk-status-bar[2784]: 2026-07-12T00:17:59.880852Z  INFO gtk_status_bar: Activating GTK application
2026-07-12T00:17:59+00:00 machine gtk-status-bar[2784]: 2026-07-12T00:17:59.888749Z DEBUG gtk_status_bar::widgets: Loading CSS styles
2026-07-12T00:17:59+00:00 machine gtk-status-bar[2784]: 2026-07-12T00:17:59.895136Z  INFO gtk_status_bar::widgets: CSS styles loaded successfully
2026-07-12T00:17:59+00:00 machine gtk-status-bar[2784]: 2026-07-12T00:17:59.895185Z DEBUG gtk_status_bar::widgets: Configuring layer shell
2026-07-12T00:17:59+00:00 machine gtk-status-bar[2784]: 2026-07-12T00:17:59.911496Z  INFO gtk_status_bar::widgets: Layer shell configured successfully
2026-07-12T00:17:59+00:00 machine gtk-status-bar[2784]: 2026-07-12T00:17:59.911522Z DEBUG gtk_status_bar::widgets: Creating experimental bar
2026-07-12T00:17:59+00:00 machine gtk-status-bar[2784]: 2026-07-12T00:17:59.911658Z DEBUG gtk_status_bar::widgets: Creating left group
2026-07-12T00:17:59+00:00 machine gtk-status-bar[2784]: 2026-07-12T00:17:59.911686Z DEBUG gtk_status_bar::widgets: Creating workspace widget
2026-07-12T00:17:59+00:00 machine gtk-status-bar[2784]: 2026-07-12T00:17:59.922925Z DEBUG gtk_status_bar::widgets: Creating center group
2026-07-12T00:17:59+00:00 machine gtk-status-bar[2784]: 2026-07-12T00:17:59.922976Z DEBUG gtk_status_bar::widgets: Creating title widget
2026-07-12T00:17:59+00:00 machine gtk-status-bar[2784]: 2026-07-12T00:17:59.923028Z DEBUG gtk_status_bar::widgets: Creating right group
2026-07-12T00:17:59+00:00 machine gtk-status-bar[2784]: 2026-07-12T00:17:59.923059Z DEBUG gtk_status_bar::widgets: Creating bluetooth widget
2026-07-12T00:17:59+00:00 machine gtk-status-bar[2784]: 2026-07-12T00:17:59.923098Z DEBUG gtk_status_bar::widgets: Creating volume widget
2026-07-12T00:17:59+00:00 machine gtk-status-bar[2784]: 2026-07-12T00:17:59.937278Z DEBUG gtk_status_bar::widgets: Creating battery widget
2026-07-12T00:17:59+00:00 machine gtk-status-bar[2784]: 2026-07-12T00:17:59.937342Z DEBUG gtk_status_bar::widgets: Creating time widget
2026-07-12T00:18:00+00:00 machine gtk-status-bar[2784]: 2026-07-12T00:18:00.603666Z DEBUG gtk_status_bar::widgets: Setting up time widget updates
2026-07-12T00:18:00+00:00 machine gtk-status-bar[2784]: 2026-07-12T00:18:00.603718Z DEBUG gtk_status_bar::widgets: Setting up workspace updates
2026-07-12T00:18:00+00:00 machine gtk-status-bar[2784]: 2026-07-12T00:18:00.603753Z DEBUG gtk_status_bar::widgets: Setting up title updates
2026-07-12T00:18:00+00:00 machine gtk-status-bar[2784]: 2026-07-12T00:18:00.603786Z DEBUG gtk_status_bar::widgets: Setting up battery updates
2026-07-12T00:18:00+00:00 machine gtk-status-bar[2784]: 2026-07-12T00:18:00.603819Z DEBUG gtk_status_bar::widgets: Setting up Bluetooth battery updates
2026-07-12T00:18:00+00:00 machine gtk-status-bar[2784]: 2026-07-12T00:18:00.603852Z DEBUG gtk_status_bar::widgets: Setting up volume updates with tokio async channels
2026-07-12T00:18:00+00:00 machine gtk-status-bar[2784]: 2026-07-12T00:18:00.603992Z  INFO gtk_status_bar: Application activated successfully
2026-07-12T00:18:00+00:00 machine gtk-status-bar[2784]: 2026-07-12T00:18:00.604348Z DEBUG gtk_status_bar::widgets: 🚀 Starting async volume update loop...
2026-07-12T00:18:00+00:00 machine gtk-status-bar[2784]: 2026-07-12T00:18:00.604730Z DEBUG gtk_status_bar::pw: 🔧 Initializing PipeWire on dedicated thread...
2026-07-12T00:18:00+00:00 machine gtk-status-bar[2784]: 2026-07-12T00:18:00.604757Z DEBUG gtk_status_bar::pw: 📋 Created device tracking HashMap for (node_name, description, volume, channel, mute)
2026-07-12T00:18:00+00:00 machine gtk-status-bar[2784]: 2026-07-12T00:18:00.608912Z DEBUG gtk_status_bar::pw: ✅ PipeWire initialized
2026-07-12T00:18:00+00:00 machine gtk-status-bar[2784]: 2026-07-12T00:18:00.608972Z DEBUG gtk_status_bar::pw: ✅ ThreadLoop created
2026-07-12T00:18:00+00:00 machine gtk-status-bar[2784]: 2026-07-12T00:18:00.609814Z  INFO gtk_status_bar::hypr: 🔌 Starting workspace event listener
2026-07-12T00:18:00+00:00 machine gtk-status-bar[2784]: 2026-07-12T00:18:00.609837Z DEBUG gtk_status_bar::hypr: Setting up workspace event listener
2026-07-12T00:18:00+00:00 machine gtk-status-bar[2784]: 2026-07-12T00:18:00.610635Z  INFO gtk_status_bar::hypr: 🔌 Starting title event listener
2026-07-12T00:18:00+00:00 machine gtk-status-bar[2784]: 2026-07-12T00:18:00.610653Z DEBUG gtk_status_bar::hypr: Setting up title event listener
2026-07-12T00:18:00+00:00 machine gtk-status-bar[2784]: 2026-07-12T00:18:00.610667Z DEBUG gtk_status_bar::hypr: Fetching initial title state
2026-07-12T00:18:00+00:00 machine gtk-status-bar[2784]: 2026-07-12T00:18:00.611794Z  INFO gtk_status_bar::dbus: 🔌 Starting D-Bus monitor
2026-07-12T00:18:00+00:00 machine gtk-status-bar[2784]: 2026-07-12T00:18:00.611821Z  INFO gtk_status_bar::dbus: Starting D-Bus monitoring task
2026-07-12T00:18:00+00:00 machine gtk-status-bar[2784]: 2026-07-12T00:18:00.619196Z DEBUG gtk_status_bar::dbus: 🔌 Registered battery match rule
2026-07-12T00:18:00+00:00 machine gtk-status-bar[2784]: 2026-07-12T00:18:00.619884Z DEBUG gtk_status_bar::dbus: 🔌 Registered bluez PropertiesChanged match rule
2026-07-12T00:18:00+00:00 machine gtk-status-bar[2784]: 2026-07-12T00:18:00.620967Z DEBUG gtk_status_bar::dbus: 🔌 Registered bluez InterfacesAdded match rule
2026-07-12T00:18:00+00:00 machine gtk-status-bar[2784]: 2026-07-12T00:18:00.622880Z DEBUG gtk_status_bar::dbus: 🔌 Registered bluez InterfacesRemoved match rule
2026-07-12T00:18:00+00:00 machine gtk-status-bar[2784]: 2026-07-12T00:18:00.625405Z  INFO gtk_status_bar::dbus: Battery is at 55.0%
2026-07-12T00:18:00+00:00 machine gtk-status-bar[2784]: 2026-07-12T00:18:00.627212Z  INFO gtk_status_bar::dbus: Battery is discharging (state: 2)
2026-07-12T00:18:00+00:00 machine gtk-status-bar[2784]: 2026-07-12T00:18:00.629797Z DEBUG gtk_status_bar::widgets: Updating battery label: 🔋 55%
2026-07-12T00:18:00+00:00 machine gtk-status-bar[2784]: 2026-07-12T00:18:00.629839Z DEBUG gtk_status_bar::widgets: 👁️  SHOWING battery widget - data: 🔋 55%
2026-07-12T00:18:00+00:00 machine gtk-status-bar[2784]: 2026-07-12T00:18:00.631858Z  INFO gtk_status_bar::dbus: Found 3 Bluetooth objects
2026-07-12T00:18:00+00:00 machine gtk-status-bar[2784]: 2026-07-12T00:18:00.631885Z  INFO gtk_status_bar::dbus: Found Bluetooth device with battery at: /org/bluez/hci0/dev_AA_BB_CC_DD_EE_09
2026-07-12T00:18:00+00:00 machine gtk-status-bar[2784]: 2026-07-12T00:18:00.631903Z  INFO gtk_status_bar::dbus: Bluetooth device battery at 65%
2026-07-12T00:18:00+00:00 machine gtk-status-bar[2784]: 2026-07-12T00:18:00.631921Z DEBUG gtk_status_bar::dbus: Added device /org/bluez/hci0/dev_AA_BB_CC_DD_EE_09 to HashMap (has_battery: true, has_media: false)
2026-07-12T00:18:00+00:00 machine gtk-status-bar[2784]: 2026-07-12T00:18:00.631940Z DEBUG gtk_status_bar::dbus: Initial bluetooth devices: {"/org/bluez/hci0/dev_AA_BB_CC_DD_EE_09": BluetoothDevice { has_battery: true, has_media: false, battery_percentage: Some(65), device_name: Some("Recovery Buds") }}
2026-07-12T00:18:00+00:00 machine gtk-status-bar[2784]: 2026-07-12T00:18:00.632159Z DEBUG gtk_status_bar::widgets: Updating Bluetooth battery label: R65
2026-07-12T00:18:00+00:00 machine gtk-status-bar[2784]: 2026-07-12T00:18:00.632207Z DEBUG gtk_status_bar::widgets: 👁️  SHOWING Bluetooth widget - data: R65
2026-07-12T00:18:00+00:00 machine gtk-status-bar[2784]: 2026-07-12T00:18:00.632349Z  INFO gtk_status_bar::dbus: Sent initial Bluetooth display: R65
2026-07-12T00:18:00+00:00 machine gtk-status-bar[2784]: 2026-07-12T00:18:00.632368Z  INFO gtk_status_bar::dbus: Dbus monitor: Starting to listen for D-Bus messages
2026-07-12T00:18:00+00:00 machine gtk-status-bar[2784]: 2026-07-12T00:18:00.632386Z DEBUG gtk_status_bar::dbus: Got an event in event stream: Msg { type: MethodReturn, serial: 4294967295, sender: UniqueName("org.freedesktop.DBus"), reply-serial: 5, fds: [] }
2026-07-12T00:18:00+00:00 machine gtk-status-bar[2784]: 2026-07-12T00:18:00.632407Z DEBUG gtk_status_bar::dbus: Dbus monitor: Received D-Bus message from path: None, interface: None, member: None
2026-07-12T00:18:00+00:00 machine gtk-status-bar[2784]: 2026-07-12T00:18:00.632425Z ERROR gtk_status_bar::dbus: Dbus monitor: Received message with no path, ignoring
2026-07-12T00:18:00+00:00 machine gtk-status-bar[2784]: 2026-07-12T00:18:00.632442Z DEBUG gtk_status_bar::dbus: Got an event in event stream: Msg { type: MethodReturn, serial: 9, sender: UniqueName(":1.53"), reply-serial: 6, body: Variant, fds: [] }
2026-07-12T00:18:00+00:00 machine gtk-status-bar[2784]: 2026-07-12T00:18:00.632462Z DEBUG gtk_status_bar::dbus: Dbus monitor: Received D-Bus message from path: None, interface: None, member: None
2026-07-12T00:18:00+00:00 machine gtk-status-bar[2784]: 2026-07-12T00:18:00.632479Z ERROR gtk_status_bar::dbus: Dbus monitor: Received message with no path, ignoring
2026-07-12T00:18:00+00:00 machine gtk-status-bar[2784]: 2026-07-12T00:18:00.632495Z DEBUG gtk_status_bar::dbus: Got an event in event stream: Msg { type: MethodReturn, serial: 10, sender: UniqueName(":1.53"), reply-serial: 7, body: Variant, fds: [] }
2026-07-12T00:18:00+00:00 machine gtk-status-bar[2784]: 2026-07-12T00:18:00.632514Z DEBUG gtk_status_bar::dbus: Dbus monitor: Received D-Bus message from path: None, interface: None, member: None
2026-07-12T00:18:00+00:00 machine gtk-status-bar[2784]: 2026-07-12T00:18:00.632529Z ERROR gtk_status_bar::dbus: Dbus monitor: Received message with no path, ignoring
2026-07-12T00:18:00+00:00 machine gtk-status-bar[2784]: 2026-07-12T00:18:00.632546Z DEBUG gtk_status_bar::dbus: Got an event in event stream: Msg { type: MethodReturn, serial: 20, sender: UniqueName(":1.52"), reply-serial: 8, body: Dict { key: Dynamic { child: ObjectPath }, value: Dynamic { child: Dict { key: Dynamic { child: Str }, value: Dynamic { child: Dict { key: Dynamic { child: Str }, value: Dynamic { child: Variant } } } } } }, fds: [] }
2026-07-12T00:18:00+00:00 machine gtk-status-bar[2784]: 2026-07-12T00:18:00.632567Z DEBUG gtk_status_bar::dbus: Dbus monitor: Received D-Bus message from path: None, interface: None, member: None
2026-07-12T00:18:00+00:00 machine gtk-status-bar[2784]: 2026-07-12T00:18:00.632638Z ERROR gtk_status_bar::dbus: Dbus monitor: Received message with no path, ignoring
2026-07-12T00:18:00+00:00 machine gtk-status-bar[2784]: 2026-07-12T00:18:00.632779Z DEBUG gtk_status_bar::pw: ✅ Context created
2026-07-12T00:18:00+00:00 machine gtk-status-bar[2784]: 2026-07-12T00:18:00.632879Z DEBUG gtk_status_bar::pw: ✅ Core connected
2026-07-12T00:18:00+00:00 machine gtk-status-bar[2784]: 2026-07-12T00:18:00.632897Z DEBUG gtk_status_bar::pw: ✅ Registry obtained
2026-07-12T00:18:00+00:00 machine gtk-status-bar[2784]: 2026-07-12T00:18:00.632912Z DEBUG gtk_status_bar::pw: 🎵 PipeWire ThreadLoop started - monitoring volume changes with default sink filtering
2026-07-12T00:18:00+00:00 machine gtk-status-bar[2784]: 2026-07-12T00:18:00.633030Z DEBUG gtk_status_bar::pw: ✅ ThreadLoop started successfully
2026-07-12T00:18:00+00:00 machine gtk-status-bar[2784]: 2026-07-12T00:18:00.633044Z DEBUG gtk_status_bar::pw: 🔄 PipeWire thread running - async event delivery active...
2026-07-12T00:18:00+00:00 machine gtk-status-bar[2784]: 2026-07-12T00:18:00.649848Z  INFO gtk_status_bar::hypr: Starting workspace event listener
2026-07-12T00:18:00+00:00 machine gtk-status-bar[2784]: 2026-07-12T00:18:00.650031Z DEBUG gtk_status_bar::pw: 📡 PipeWire connected: pipewire-0
2026-07-12T00:18:00+00:00 machine gtk-status-bar[2784]: 2026-07-12T00:18:00.650058Z DEBUG gtk_status_bar::pw: 🚫 Skipping metadata '' (props: Some(DictRef { flags: Flags(0x0), entries: {"object.serial": "0", "core.name": "pipewire-0"} }))
2026-07-12T00:18:00+00:00 machine gtk-status-bar[2784]: 2026-07-12T00:18:00.650079Z DEBUG gtk_status_bar::pw: 🚫 Skipping metadata '' (props: Some(DictRef { flags: Flags(0x0), entries: {"object.serial": "1", "module.name": "libpipewire-module-rt"} }))
2026-07-12T00:18:00+00:00 machine gtk-status-bar[2784]: 2026-07-12T00:18:00.650096Z DEBUG gtk_status_bar::pw: 🚫 Skipping metadata '' (props: Some(DictRef { flags: Flags(0x0), entries: {"object.serial": "3"} }))
2026-07-12T00:18:00+00:00 machine gtk-status-bar[2784]: 2026-07-12T00:18:00.650114Z DEBUG gtk_status_bar::pw: 🚫 Skipping metadata '' (props: Some(DictRef { flags: Flags(0x0), entries: {"object.serial": "2", "module.name": "libpipewire-module-protocol-native"} }))
2026-07-12T00:18:00+00:00 machine gtk-status-bar[2784]: 2026-07-12T00:18:00.650130Z DEBUG gtk_status_bar::pw: 🚫 Skipping metadata '' (props: Some(DictRef { flags: Flags(0x0), entries: {"object.serial": "5"} }))
2026-07-12T00:18:00+00:00 machine gtk-status-bar[2784]: 2026-07-12T00:18:00.650147Z DEBUG gtk_status_bar::pw: 🚫 Skipping metadata '' (props: Some(DictRef { flags: Flags(0x0), entries: {"object.serial": "4", "module.name": "libpipewire-module-profiler"} }))
2026-07-12T00:18:00+00:00 machine gtk-status-bar[2784]: 2026-07-12T00:18:00.650164Z DEBUG gtk_status_bar::pw: 🚫 Skipping metadata '' (props: Some(DictRef { flags: Flags(0x0), entries: {"object.serial": "6", "module.name": "libpipewire-module-metadata"} }))
2026-07-12T00:18:00+00:00 machine gtk-status-bar[2784]: 2026-07-12T00:18:00.650181Z DEBUG gtk_status_bar::pw: 🚫 Skipping metadata '' (props: Some(DictRef { flags: Flags(0x0), entries: {"object.serial": "7", "module.id": "6", "factory.name": "metadata", "factory.type.name": "PipeWire:Interface:Metadata", "factory.type.version": "3"} }))
2026-07-12T00:18:00+00:00 machine gtk-status-bar[2784]: 2026-07-12T00:18:00.650198Z DEBUG gtk_status_bar::pw: 🚫 Skipping metadata '' (props: Some(DictRef { flags: Flags(0x0), entries: {"object.serial": "8", "module.name": "libpipewire-module-spa-device-factory"} }))
2026-07-12T00:18:00+00:00 machine gtk-status-bar[2784]: 2026-07-12T00:18:00.650220Z DEBUG gtk_status_bar::pw: 🚫 Skipping metadata '' (props: Some(DictRef { flags: Flags(0x0), entries: {"object.serial": "9", "module.id": "8", "factory.name": "spa-device-factory", "factory.type.name": "PipeWire:Interface:Device", "factory.type.version": "3"} }))
2026-07-12T00:18:00+00:00 machine gtk-status-bar[2784]: 2026-07-12T00:18:00.650238Z DEBUG gtk_status_bar::pw: 🚫 Skipping metadata '' (props: Some(DictRef { flags: Flags(0x0), entries: {"object.serial": "10", "module.name": "libpipewire-module-spa-node-factory"} }))
2026-07-12T00:18:00+00:00 machine gtk-status-bar[2784]: 2026-07-12T00:18:00.650255Z DEBUG gtk_status_bar::pw: 🚫 Skipping metadata '' (props: Some(DictRef { flags: Flags(0x0), entries: {"object.serial": "11", "module.id": "10", "factory.name": "spa-node-factory", "factory.type.name": "PipeWire:Interface:Node", "factory.type.version": "3"} }))
2026-07-12T00:18:00+00:00 machine gtk-status-bar[2784]: 2026-07-12T00:18:00.650271Z DEBUG gtk_status_bar::pw: 🚫 Skipping metadata '' (props: Some(DictRef { flags: Flags(0x0), entries: {"object.serial": "12", "module.name": "libpipewire-module-client-node"} }))
2026-07-12T00:18:00+00:00 machine gtk-status-bar[2784]: 2026-07-12T00:18:00.650288Z DEBUG gtk_status_bar::pw: 🚫 Skipping metadata '' (props: Some(DictRef { flags: Flags(0x0), entries: {"object.serial": "13", "module.id": "12", "factory.name": "client-node", "factory.type.name": "PipeWire:Interface:ClientNode", "factory.type.version": "6"} }))
2026-07-12T00:18:00+00:00 machine gtk-status-bar[2784]: 2026-07-12T00:18:00.650287Z DEBUG gtk_status_bar::widgets: Updating workspace - label: 'Workspace i', color for workspace: 2
2026-07-12T00:18:00+00:00 machine gtk-status-bar[2784]: 2026-07-12T00:18:00.650306Z DEBUG gtk_status_bar::pw: 🚫 Skipping metadata '' (props: Some(DictRef { flags: Flags(0x0), entries: {"object.serial": "14", "module.name": "libpipewire-module-client-device"} }))
2026-07-12T00:18:00+00:00 machine gtk-status-bar[2784]: 2026-07-12T00:18:00.650323Z DEBUG gtk_status_bar::pw: 🚫 Skipping metadata '' (props: Some(DictRef { flags: Flags(0x0), entries: {"object.serial": "15", "module.id": "14", "factory.name": "client-device", "factory.type.name": "Spa:Pointer:Interface:Device", "factory.type.version": "0"} }))
2026-07-12T00:18:00+00:00 machine gtk-status-bar[2784]: 2026-07-12T00:18:00.650340Z DEBUG gtk_status_bar::pw: 🚫 Skipping metadata '' (props: Some(DictRef { flags: Flags(0x0), entries: {"object.serial": "16", "module.name": "libpipewire-module-portal"} }))
2026-07-12T00:18:00+00:00 machine gtk-status-bar[2784]: 2026-07-12T00:18:00.650357Z DEBUG gtk_status_bar::pw: 🚫 Skipping metadata '' (props: Some(DictRef { flags: Flags(0x0), entries: {"object.serial": "17", "module.name": "libpipewire-module-access"} }))
2026-07-12T00:18:00+00:00 machine gtk-status-bar[2784]: 2026-07-12T00:18:00.650374Z DEBUG gtk_status_bar::pw: 🚫 Skipping metadata '' (props: Some(DictRef { flags: Flags(0x0), entries: {"object.serial": "18", "module.name": "libpipewire-module-adapter"} }))
2026-07-12T00:18:00+00:00 machine gtk-status-bar[2784]: 2026-07-12T00:18:00.650390Z DEBUG gtk_status_bar::pw: 🚫 Skipping metadata '' (props: Some(DictRef { flags: Flags(0x0), entries: {"object.serial": "19", "module.id": "18", "factory.name": "adapter", "factory.type.name": "PipeWire:Interface:Node", "factory.type.version": "3"} }))
2026-07-12T00:18:00+00:00 machine gtk-status-bar[2784]: 2026-07-12T00:18:00.650407Z DEBUG gtk_status_bar::pw: 🚫 Skipping metadata '' (props: Some(DictRef { flags: Flags(0x0), entries: {"object.serial": "20", "module.name": "libpipewire-module-link-factory"} }))
2026-07-12T00:18:00+00:00 machine gtk-status-bar[2784]: 2026-07-12T00:18:00.650417Z DEBUG gtk_status_bar::widgets: Updated title widget color to: rgba(125, 207, 255, 0.5) for workspace: 2
2026-07-12T00:18:00+00:00 machine gtk-status-bar[2784]: 2026-07-12T00:18:00.650424Z DEBUG gtk_status_bar::pw: 🚫 Skipping metadata '' (props: Some(DictRef { flags: Flags(0x0), entries: {"object.serial": "21", "module.id": "20", "factory.name": "link-factory", "factory.type.name": "PipeWire:Interface:Link", "factory.type.version": "3"} }))
2026-07-12T00:18:00+00:00 machine gtk-status-bar[2784]: 2026-07-12T00:18:00.650441Z DEBUG gtk_status_bar::pw: 🚫 Skipping metadata '' (props: Some(DictRef { flags: Flags(0x0), entries: {"object.serial": "22", "module.name": "libpipewire-module-session-manager"} }))
2026-07-12T00:18:00+00:00 machine gtk-status-bar[2784]: 2026-07-12T00:18:00.650457Z DEBUG gtk_status_bar::pw: 🚫 Skipping metadata '' (props: Some(DictRef { flags: Flags(0x0), entries: {"object.serial": "23", "module.id": "22", "factory.name": "client-endpoint", "factory.type.name": "PipeWire:Interface:ClientEndpoint", "factory.type.version": "0"} }))
2026-07-12T00:18:00+00:00 machine gtk-status-bar[2784]: 2026-07-12T00:18:00.650474Z DEBUG gtk_status_bar::pw: 🚫 Skipping metadata '' (props: Some(DictRef { flags: Flags(0x0), entries: {"object.serial": "24", "module.id": "22", "factory.name": "client-session", "factory.type.name": "PipeWire:Interface:ClientSession", "factory.type.version": "0"} }))
2026-07-12T00:18:00+00:00 machine gtk-status-bar[2784]: 2026-07-12T00:18:00.650493Z DEBUG gtk_status_bar::pw: 🚫 Skipping metadata '' (props: Some(DictRef { flags: Flags(0x0), entries: {"object.serial": "25", "module.id": "22", "factory.name": "session", "factory.type.name": "PipeWire:Interface:Session", "factory.type.version": "0"} }))
2026-07-12T00:18:00+00:00 machine gtk-status-bar[2784]: 2026-07-12T00:18:00.650510Z DEBUG gtk_status_bar::pw: 🚫 Skipping metadata '' (props: Some(DictRef { flags: Flags(0x0), entries: {"object.serial": "26", "module.id": "22", "factory.name": "endpoint", "factory.type.name": "PipeWire:Interface:Endpoint", "factory.type.version": "0"} }))
2026-07-12T00:18:00+00:00 machine gtk-status-bar[2784]: 2026-07-12T00:18:00.650527Z DEBUG gtk_status_bar::pw: 🚫 Skipping metadata '' (props: Some(DictRef { flags: Flags(0x0), entries: {"object.serial": "27", "module.id": "22", "factory.name": "endpoint-stream", "factory.type.name": "PipeWire:Interface:EndpointStream", "factory.type.version": "0"} }))
2026-07-12T00:18:00+00:00 machine gtk-status-bar[2784]: 2026-07-12T00:18:00.650545Z DEBUG gtk_status_bar::pw: 🚫 Skipping metadata '' (props: Some(DictRef { flags: Flags(0x0), entries: {"object.serial": "28", "module.id": "22", "factory.name": "endpoint-link", "factory.type.name": "PipeWire:Interface:EndpointLink", "factory.type.version": "0"} }))
2026-07-12T00:18:00+00:00 machine gtk-status-bar[2784]: 2026-07-12T00:18:00.650562Z DEBUG gtk_status_bar::pw: 🚫 Skipping metadata '' (props: Some(DictRef { flags: Flags(0x0), entries: {"object.serial": "29", "module.name": "libpipewire-module-x11-bell"} }))
2026-07-12T00:18:00+00:00 machine gtk-status-bar[2784]: 2026-07-12T00:18:00.650623Z DEBUG gtk_status_bar::pw: 🚫 Skipping metadata '' (props: Some(DictRef { flags: Flags(0x0), entries: {"object.serial": "30", "module.name": "libpipewire-module-jackdbus-detect"} }))
2026-07-12T00:18:00+00:00 machine gtk-status-bar[2784]: 2026-07-12T00:18:00.650641Z DEBUG gtk_status_bar::pw: 🚫 Skipping metadata '' (props: Some(DictRef { flags: Flags(0x0), entries: {"object.serial": "31", "factory.id": "11", "priority.driver": "200000", "node.name": "Dummy-Driver"} }))
2026-07-12T00:18:00+00:00 machine gtk-status-bar[2784]: 2026-07-12T00:18:00.650658Z DEBUG gtk_status_bar::pw: 🔍 Checking node - media.class: None
2026-07-12T00:18:00+00:00 machine gtk-status-bar[2784]: 2026-07-12T00:18:00.650672Z DEBUG gtk_status_bar::pw: 🔍 Node filter result: false for media.class: None
2026-07-12T00:18:00+00:00 machine gtk-status-bar[2784]: 2026-07-12T00:18:00.650687Z DEBUG gtk_status_bar::pw: 🚫 Skipping metadata '' (props: Some(DictRef { flags: Flags(0x0), entries: {"object.serial": "32", "factory.id": "11", "priority.driver": "190000", "node.name": "Freewheel-Driver"} }))
2026-07-12T00:18:01+00:00 machine gtk-status-bar[2784]: 2026-07-12T00:18:00.650703Z DEBUG gtk_status_bar::pw: 🔍 Checking node - media.class: None
2026-07-12T00:18:01+00:00 machine gtk-status-bar[2784]: 2026-07-12T00:18:00.650717Z DEBUG gtk_status_bar::pw: 🔍 Node filter result: false for media.class: None
2026-07-12T00:18:01+00:00 machine gtk-status-bar[2784]: 2026-07-12T00:18:00.650732Z DEBUG gtk_status_bar::pw: 🚫 Skipping metadata 'settings' (props: Some(DictRef { flags: Flags(0x0), entries: {"object.serial": "33", "metadata.name": "settings"} }))
2026-07-12T00:18:01+00:00 machine gtk-status-bar[2784]: 2026-07-12T00:18:00.650753Z DEBUG gtk_status_bar::pw: 🚫 Skipping metadata '' (props: Some(DictRef { flags: Flags(0x0), entries: {"object.serial": "35", "module.id": "2", "pipewire.protocol": "protocol-native", "pipewire.sec.pid": "1294", "pipewire.sec.uid": "1000", "pipewire.sec.gid": "100", "pipewire.sec.socket": "pipewire-0-manager", "application.name": "WirePlumber", "pipewire.access": "unrestricted"} }))
2026-07-12T00:18:01+00:00 machine gtk-status-bar[2784]: 2026-07-12T00:18:00.650771Z DEBUG gtk_status_bar::pw: 🚫 Skipping metadata 'schema-sm-settings' (props: Some(DictRef { flags: Flags(0x0), entries: {"metadata.name": "schema-sm-settings", "factory.id": "7", "module.id": "6", "client.id": "35", "object.serial": "36"} }))
2026-07-12T00:18:01+00:00 machine gtk-status-bar[2784]: 2026-07-12T00:18:00.650788Z DEBUG gtk_status_bar::pw: 🚫 Skipping metadata 'persistent-sm-settings' (props: Some(DictRef { flags: Flags(0x0), entries: {"metadata.name": "persistent-sm-settings", "factory.id": "7", "module.id": "6", "client.id": "35", "object.serial": "37"} }))
2026-07-12T00:18:01+00:00 machine gtk-status-bar[2784]: 2026-07-12T00:18:00.650804Z DEBUG gtk_status_bar::pw: 🚫 Skipping metadata 'sm-settings' (props: Some(DictRef { flags: Flags(0x0), entries: {"metadata.name": "sm-settings", "factory.id": "7", "module.id": "6", "client.id": "35", "object.serial": "38"} }))
2026-07-12T00:18:01+00:00 machine gtk-status-bar[2784]: 2026-07-12T00:18:00.650821Z DEBUG gtk_status_bar::pw: 🚫 Skipping metadata 'sm-objects' (props: Some(DictRef { flags: Flags(0x0), entries: {"metadata.name": "sm-objects", "factory.id": "7", "module.id": "6", "client.id": "35", "object.serial": "39"} }))
2026-07-12T00:18:01+00:00 machine gtk-status-bar[2784]: 2026-07-12T00:18:00.650838Z DEBUG gtk_status_bar::pw: 🚫 Skipping metadata 'default-profile' (props: Some(DictRef { flags: Flags(0x0), entries: {"wireplumber.state": "true", "metadata.name": "default-profile", "factory.id": "7", "module.id": "6", "client.id": "35", "object.serial": "40"} }))
2026-07-12T00:18:01+00:00 machine gtk-status-bar[2784]: 2026-07-12T00:18:00.650855Z DEBUG gtk_status_bar::pw: ✅ Processing metadata.name == default
2026-07-12T00:18:01+00:00 machine gtk-status-bar[2784]: 2026-07-12T00:18:00.650869Z DEBUG gtk_status_bar::pw: 📋 Found metadata object: Some(DictRef { flags: Flags(0x0), entries: {"metadata.name": "default", "factory.id": "7", "module.id": "6", "client.id": "35", "object.serial": "41"} })
2026-07-12T00:18:01+00:00 machine gtk-status-bar[2784]: 2026-07-12T00:18:00.650894Z DEBUG gtk_status_bar::pw: 📋 Bound 'default' Metadata (id=3)
2026-07-12T00:18:01+00:00 machine gtk-status-bar[2784]: 2026-07-12T00:18:00.650921Z DEBUG gtk_status_bar::pw: 🚫 Skipping metadata 'filters' (props: Some(DictRef { flags: Flags(0x0), entries: {"metadata.name": "filters", "factory.id": "7", "module.id": "6", "client.id": "35", "object.serial": "42"} }))
2026-07-12T00:18:01+00:00 machine gtk-status-bar[2784]: 2026-07-12T00:18:00.650938Z DEBUG gtk_status_bar::pw: 🚫 Skipping metadata 'route-settings' (props: Some(DictRef { flags: Flags(0x0), entries: {"metadata.name": "route-settings", "factory.id": "7", "module.id": "6", "client.id": "35", "object.serial": "43"} }))
2026-07-12T00:18:01+00:00 machine gtk-status-bar[2784]: 2026-07-12T00:18:00.650964Z DEBUG gtk_status_bar::pw: 🚫 Skipping metadata '' (props: Some(DictRef { flags: Flags(0x0), entries: {"object.serial": "44", "module.id": "2", "pipewire.protocol": "protocol-native", "pipewire.sec.pid": "1294", "pipewire.sec.uid": "1000", "pipewire.sec.gid": "100", "pipewire.sec.socket": "pipewire-0-manager", "application.name": "WirePlumber [export]", "pipewire.access": "unrestricted"} }))
2026-07-12T00:18:01+00:00 machine gtk-status-bar[2784]: 2026-07-12T00:18:00.650982Z DEBUG gtk_status_bar::pw: 🚫 Skipping metadata '' (props: Some(DictRef { flags: Flags(0x0), entries: {"object.serial": "45", "factory.id": "11", "client.id": "44", "priority.session": "100", "priority.driver": "1", "node.name": "Midi-Bridge", "media.class": "Midi/Bridge"} }))
2026-07-12T00:18:01+00:00 machine gtk-status-bar[2784]: 2026-07-12T00:18:00.650999Z DEBUG gtk_status_bar::pw: 🔍 Checking node - media.class: Some("Midi/Bridge")
2026-07-12T00:18:01+00:00 machine gtk-status-bar[2784]: 2026-07-12T00:18:00.651013Z DEBUG gtk_status_bar::pw: 🔍 Node filter result: false for media.class: Some("Midi/Bridge")
2026-07-12T00:18:01+00:00 machine gtk-status-bar[2784]: 2026-07-12T00:18:00.651029Z DEBUG gtk_status_bar::pw: 🚫 Skipping metadata '' (props: Some(DictRef { flags: Flags(0x0), entries: {"object.serial": "46", "object.path": "alsa:seq:default:client_14:playback_0", "format.dsp": "8 bit raw midi", "node.id": "45", "port.id": "0", "port.name": "Midi Through: Port-0 (playback)", "port.direction": "in", "port.physical": "true", "port.terminal": "true", "port.alias": "Midi Through:Midi Through Port-0", "port.group": "client_14"} }))
2026-07-12T00:18:01+00:00 machine gtk-status-bar[2784]: 2026-07-12T00:18:00.651048Z DEBUG gtk_status_bar::pw: 🚫 Skipping metadata '' (props: Some(DictRef { flags: Flags(0x0), entries: {"object.serial": "47", "object.path": "alsa:seq:default:client_14:capture_0", "format.dsp": "8 bit raw midi", "node.id": "45", "port.id": "0", "port.name": "Midi Through: Port-0 (capture)", "port.direction": "out", "port.physical": "true", "port.terminal": "true", "port.alias": "Midi Through:Midi Through Port-0", "port.group": "client_14"} }))
2026-07-12T00:18:01+00:00 machine gtk-status-bar[2784]: 2026-07-12T00:18:00.651066Z DEBUG gtk_status_bar::pw: 🚫 Skipping metadata '' (props: Some(DictRef { flags: Flags(0x0), entries: {"object.serial": "48", "factory.id": "14", "client.id": "44", "node.description": "BLE MIDI 1", "node.name": "bluez_midi.server", "media.class": "Midi/Bridge"} }))
2026-07-12T00:18:01+00:00 machine gtk-status-bar[2784]: 2026-07-12T00:18:00.651083Z DEBUG gtk_status_bar::pw: 🔍 Checking node - media.class: Some("Midi/Bridge")
2026-07-12T00:18:01+00:00 machine gtk-status-bar[2784]: 2026-07-12T00:18:00.651097Z DEBUG gtk_status_bar::pw: 🔍 Node filter result: false for media.class: Some("Midi/Bridge")
2026-07-12T00:18:01+00:00 machine gtk-status-bar[2784]: 2026-07-12T00:18:00.651113Z DEBUG gtk_status_bar::pw: 🚫 Skipping metadata '' (props: Some(DictRef { flags: Flags(0x0), entries: {"object.serial": "49", "object.path": "bluez_midi.server:input_0", "format.dsp": "8 bit raw midi", "node.id": "48", "port.id": "0", "port.name": "in", "port.direction": "in", "port.physical": "true", "port.terminal": "true", "port.alias": "in", "port.group": "group.0"} }))
2026-07-12T00:18:01+00:00 machine gtk-status-bar[2784]: 2026-07-12T00:18:00.651131Z DEBUG gtk_status_bar::pw: 🚫 Skipping metadata '' (props: Some(DictRef { flags: Flags(0x0), entries: {"object.serial": "50", "object.path": "bluez_midi.server:output_0", "format.dsp": "8 bit raw midi", "node.id": "48", "port.id": "0", "port.name": "out", "port.direction": "out", "port.physical": "true", "port.terminal": "true", "port.alias": "out", "port.group": "group.0"} }))
2026-07-12T00:18:01+00:00 machine gtk-status-bar[2784]: 2026-07-12T00:18:00.651153Z DEBUG gtk_status_bar::pw: 🚫 Skipping metadata '' (props: Some(DictRef { flags: Flags(0x0), entries: {"object.serial": "51", "module.id": "2", "pipewire.protocol": "protocol-native", "pipewire.sec.pid": "1669", "pipewire.sec.uid": "1000", "pipewire.sec.gid": "100", "pipewire.sec.socket": "pipewire-0", "application.name": ".xdg-desktop-portal-wrapped", "pipewire.access": "unrestricted"} }))
2026-07-12T00:18:01+00:00 machine gtk-status-bar[2784]: 2026-07-12T00:18:00.651171Z DEBUG gtk_status_bar::pw: 🚫 Skipping metadata '' (props: Some(DictRef { flags: Flags(0x0), entries: {"object.serial": "52", "module.id": "2", "pipewire.protocol": "protocol-native", "pipewire.sec.pid": "1720", "pipewire.sec.uid": "1000", "pipewire.sec.gid": "100", "pipewire.sec.socket": "pipewire-0", "application.name": ".xdg-desktop-portal-hyprland-wrapped", "pipewire.access": "unrestricted"} }))
2026-07-12T00:18:01+00:00 machine gtk-status-bar[2784]: 2026-07-12T00:18:00.651189Z DEBUG gtk_status_bar::pw: 🚫 Skipping metadata '' (props: Some(DictRef { flags: Flags(0x0), entries: {"object.serial": "54", "module.id": "2", "pipewire.protocol": "protocol-native", "pipewire.sec.pid": "2565", "pipewire.sec.uid": "1000", "pipewire.sec.gid": "100", "pipewire.sec.socket": "pipewire-0", "application.name": "pipewire", "pipewire.access": "unrestricted"} }))
2026-07-12T00:18:01+00:00 machine gtk-status-bar[2784]: 2026-07-12T00:18:00.651208Z DEBUG gtk_status_bar::pw: 🚫 Skipping metadata '' (props: Some(DictRef { flags: Flags(0x0), entries: {"object.serial": "85", "factory.id": "19", "client.id": "53", "node.description": "Dummy Output", "node.name": "auto_null", "media.class": "Audio/Sink"} }))
2026-07-12T00:18:01+00:00 machine gtk-status-bar[2784]: 2026-07-12T00:18:00.651225Z DEBUG gtk_status_bar::pw: 🔍 Checking node - media.class: Some("Audio/Sink")
2026-07-12T00:18:01+00:00 machine gtk-status-bar[2784]: 2026-07-12T00:18:00.651239Z DEBUG gtk_status_bar::pw: 🔍 Node filter result: true for media.class: Some("Audio/Sink")
2026-07-12T00:18:01+00:00 machine gtk-status-bar[2784]: 2026-07-12T00:18:00.651258Z DEBUG gtk_status_bar::pw: 📱 Monitoring audio node: Dummy Output (4) [node.name: auto_null]
2026-07-12T00:18:01+00:00 machine gtk-status-bar[2784]: 2026-07-12T00:18:00.651272Z DEBUG gtk_status_bar::pw: 🔗 ADDING NODE LISTENER for node.name: auto_null
2026-07-12T00:18:01+00:00 machine gtk-status-bar[2784]: 2026-07-12T00:18:00.651287Z DEBUG gtk_status_bar::pw: 📝 Added device to HashMap: 4 -> (auto_null, Dummy Output, no volume yet)
2026-07-12T00:18:01+00:00 machine gtk-status-bar[2784]: 2026-07-12T00:18:00.651304Z DEBUG gtk_status_bar::pw: 🗂️ Current device map size: 1
2026-07-12T00:18:01+00:00 machine gtk-status-bar[2784]: 2026-07-12T00:18:00.651323Z DEBUG gtk_status_bar::pw: 🚫 Skipping metadata '' (props: Some(DictRef { flags: Flags(0x0), entries: {"object.serial": "86", "object.path": "auto_null:playback_0", "format.dsp": "32 bit float mono audio", "node.id": "60", "audio.channel": "FL", "port.id": "0", "port.name": "playback_FL", "port.direction": "in", "port.alias": "Dummy Output:playback_FL", "port.group": "stream.0"} }))
2026-07-12T00:18:01+00:00 machine gtk-status-bar[2784]: 2026-07-12T00:18:00.651341Z DEBUG gtk_status_bar::pw: 🚫 Skipping metadata '' (props: Some(DictRef { flags: Flags(0x0), entries: {"object.serial": "87", "object.path": "auto_null:playback_1", "format.dsp": "32 bit float mono audio", "node.id": "60", "audio.channel": "FR", "port.id": "1", "port.name": "playback_FR", "port.direction": "in", "port.alias": "Dummy Output:playback_FR", "port.group": "stream.0"} }))
2026-07-12T00:18:01+00:00 machine gtk-status-bar[2784]: 2026-07-12T00:18:00.651359Z DEBUG gtk_status_bar::pw: 🚫 Skipping metadata '' (props: Some(DictRef { flags: Flags(0x0), entries: {"object.serial": "88", "object.path": "auto_null:monitor_0", "format.dsp": "32 bit float mono audio", "node.id": "60", "audio.channel": "FL", "port.id": "0", "port.name": "monitor_FL", "port.direction": "out", "port.monitor": "true", "port.alias": "Dummy Output:monitor_FL", "port.group": "stream.0"} }))
2026-07-12T00:18:01+00:00 machine gtk-status-bar[2784]: 2026-07-12T00:18:00.651378Z DEBUG gtk_status_bar::pw: 🚫 Skipping metadata '' (props: Some(DictRef { flags: Flags(0x0), entries: {"object.serial": "89", "object.path": "auto_null:monitor_1", "format.dsp": "32 bit float mono audio", "node.id": "60", "audio.channel": "FR", "port.id": "1", "port.name": "monitor_FR", "port.direction": "out", "port.monitor": "true", "port.alias": "Dummy Output:monitor_FR", "port.group": "stream.0"} }))
2026-07-12T00:18:01+00:00 machine gtk-status-bar[2784]: 2026-07-12T00:18:00.651396Z DEBUG gtk_status_bar::pw: 🚫 Skipping metadata '' (props: Some(DictRef { flags: Flags(0x0), entries: {"object.serial": "90", "module.id": "2", "pipewire.protocol": "protocol-native", "pipewire.sec.pid": "2784", "pipewire.sec.uid": "1000", "pipewire.sec.gid": "100", "pipewire.sec.socket": "pipewire-0", "application.name": "gtk-status-bar", "pipewire.access": "unrestricted"} }))
2026-07-12T00:18:01+00:00 machine gtk-status-bar[2784]: 2026-07-12T00:18:00.657139Z DEBUG gtk_status_bar::pw: 📝 metadata.property subject=0 key=Some("default.configured.audio.sink") value=Some("{ \"name\": \"Bravo\" }")
2026-07-12T00:18:01+00:00 machine gtk-status-bar[2784]: 2026-07-12T00:18:00.657164Z DEBUG gtk_status_bar::pw: 🔍 Processing metadata property: default.configured.audio.sink={ "name": "Bravo" }
2026-07-12T00:18:01+00:00 machine gtk-status-bar[2784]: 2026-07-12T00:18:00.657178Z DEBUG gtk_status_bar::pw: 🔧 Other metadata property: default.configured.audio.sink (ignored)
2026-07-12T00:18:01+00:00 machine gtk-status-bar[2784]: 2026-07-12T00:18:00.657193Z DEBUG gtk_status_bar::pw: 📝 metadata.property subject=0 key=Some("default.audio.sink") value=Some("{\"name\":\"auto_null\"}")
2026-07-12T00:18:01+00:00 machine gtk-status-bar[2784]: 2026-07-12T00:18:00.657207Z DEBUG gtk_status_bar::pw: 🔍 Processing metadata property: default.audio.sink={"name":"auto_null"}
2026-07-12T00:18:01+00:00 machine gtk-status-bar[2784]: 2026-07-12T00:18:00.657226Z  INFO gtk_status_bar::pw: 🔄 Default sink -> auto_null
2026-07-12T00:18:01+00:00 machine gtk-status-bar[2784]: 2026-07-12T00:18:00.657239Z DEBUG gtk_status_bar::pw: 🎯 SINK CHANGE: None -> auto_null (should trigger volume fetch)
2026-07-12T00:18:01+00:00 machine gtk-status-bar[2784]: 2026-07-12T00:18:00.657253Z DEBUG gtk_status_bar::pw: 🗂️ Searching device map for default sink 'auto_null'
2026-07-12T00:18:01+00:00 machine gtk-status-bar[2784]: 2026-07-12T00:18:00.657267Z DEBUG gtk_status_bar::pw: 🗂️ Current device map contents: {4: ("auto_null", "Dummy Output", None, None, None)}
2026-07-12T00:18:01+00:00 machine gtk-status-bar[2784]: 2026-07-12T00:18:00.657282Z DEBUG gtk_status_bar::pw: 🔍 Checking device 4: node_name='auto_null', description='Dummy Output' against default sink 'auto_null'
2026-07-12T00:18:01+00:00 machine gtk-status-bar[2784]: 2026-07-12T00:18:00.657296Z DEBUG gtk_status_bar::pw: 🎯 MATCH! Found device 4 with node_name 'auto_null' matching default sink
2026-07-12T00:18:01+00:00 machine gtk-status-bar[2784]: 2026-07-12T00:18:00.657310Z DEBUG gtk_status_bar::pw: 🎨 Updating GUI label to: 'Dummy Output' with cached volume data
2026-07-12T00:18:01+00:00 machine gtk-status-bar[2784]: 2026-07-12T00:18:00.657324Z DEBUG gtk_status_bar::pw: 💾 Cached volume data: Vol: None%, Ch: None%, Mute: None
2026-07-12T00:18:01+00:00 machine gtk-status-bar[2784]: 2026-07-12T00:18:00.657348Z DEBUG gtk_status_bar::pw: ✅ Sent REAL volume data to GUI: 'Dummy Output' Vol: None%, Ch: None%, Mute: None
2026-07-12T00:18:01+00:00 machine gtk-status-bar[2784]: 2026-07-12T00:18:00.657368Z DEBUG gtk_status_bar::pw: 🎛️  NODE PARAM CALLBACK: Dummy Output (4) received Props param
2026-07-12T00:18:01+00:00 machine gtk-status-bar[2784]: 2026-07-12T00:18:00.657394Z DEBUG gtk_status_bar::pw: 🔊 Node 4: Dummy Output - Vol: Some(100)% | Ch: Some(100)% | Mute: Some(false) [CACHING]
2026-07-12T00:18:01+00:00 machine gtk-status-bar[2784]: 2026-07-12T00:18:00.657409Z DEBUG gtk_status_bar::pw: 📝 Updated volume cache for device 4: Dummy Output -> Vol: Some(100)%, Ch: Some(100)%, Mute: Some(false)
2026-07-12T00:18:01+00:00 machine gtk-status-bar[2784]: 2026-07-12T00:18:00.657424Z DEBUG gtk_status_bar::pw: 🎯 Checking if device 4 is default: current_default=Some("auto_null"), node_name=auto_null, is_default=true
2026-07-12T00:18:01+00:00 machine gtk-status-bar[2784]: 2026-07-12T00:18:00.657438Z DEBUG gtk_status_bar::pw: 📤 SENDING VOLUME UPDATE to GUI for default sink (node id=4)
2026-07-12T00:18:01+00:00 machine gtk-status-bar[2784]: 2026-07-12T00:18:00.657489Z ERROR gtk_status_bar::pw: ❌ PipeWire error id:4 seq:5 res:-2: enum params id:13 (Spa:Enum:ParamId:Route) failed
2026-07-12T00:18:01+00:00 machine gtk-status-bar[2784]: 2026-07-12T00:18:00.657659Z DEBUG gtk_status_bar::widgets: 📺 Skipping GUI update - no volume data available
2026-07-12T00:18:01+00:00 machine gtk-status-bar[2784]: 2026-07-12T00:18:00.657698Z DEBUG gtk_status_bar::widgets: 📺 GTK UI updated via ASYNC: 🔊D100
2026-07-12T00:18:01+00:00 machine gtk-status-bar[2784]: 2026-07-12T00:18:00.738300Z DEBUG gtk_status_bar::hypr: Initial title: "Close OS window"
2026-07-12T00:18:01+00:00 machine gtk-status-bar[2784]: 2026-07-12T00:18:00.738330Z  INFO gtk_status_bar::hypr: Starting title event listener
2026-07-12T00:18:01+00:00 machine gtk-status-bar[2784]: 2026-07-12T00:18:00.739247Z DEBUG gtk_status_bar::widgets: Updating title label: Close OS window
2026-07-12T00:18:08+00:00 machine gtk-status-bar[2784]: 2026-07-12T00:18:08.767735Z DEBUG gtk_status_bar::dbus: Got an event in event stream: Msg { type: Signal, serial: 12, sender: UniqueName(":1.59"), path: ObjectPath("/"), iface: InterfaceName("org.freedesktop.DBus.ObjectManager"), member: MemberName("InterfacesAdded"), body: Structure(Dynamic { fields: [ObjectPath, Dict { key: Dynamic { child: Str }, value: Dynamic { child: Dict { key: Dynamic { child: Str }, value: Dynamic { child: Variant } } } }] }), fds: [] }
2026-07-12T00:18:08+00:00 machine gtk-status-bar[2784]: 2026-07-12T00:18:08.767768Z DEBUG gtk_status_bar::dbus: Dbus monitor: Received D-Bus message from path: Some(ObjectPath("/")), interface: Some(InterfaceName("org.freedesktop.DBus.ObjectManager")), member: Some(MemberName("InterfacesAdded"))
2026-07-12T00:18:08+00:00 machine gtk-status-bar[2784]: 2026-07-12T00:18:08.767784Z  INFO gtk_status_bar::dbus: Dbus monitor: Received signal
2026-07-12T00:18:08+00:00 machine gtk-status-bar[2784]: 2026-07-12T00:18:08.767799Z  INFO gtk_status_bar::dbus: Dbus monitor: Received InterfacesAdded signal from ObjectManager
2026-07-12T00:18:08+00:00 machine gtk-status-bar[2784]: 2026-07-12T00:18:08.767859Z DEBUG gtk_status_bar::dbus: Available interfaces in InterfacesAdded: [Str("org.bluez.Adapter1")]
2026-07-12T00:18:08+00:00 machine gtk-status-bar[2784]: 2026-07-12T00:18:08.767876Z DEBUG gtk_status_bar::dbus: Device1 interface not found in interfaces
2026-07-12T00:18:08+00:00 machine gtk-status-bar[2784]: 2026-07-12T00:18:08.767891Z DEBUG gtk_status_bar::dbus: Not a device with org.bluez.Battery1 interface
2026-07-12T00:18:08+00:00 machine gtk-status-bar[2784]: 2026-07-12T00:18:08.803268Z DEBUG gtk_status_bar::dbus: Got an event in event stream: Msg { type: Signal, serial: 15, sender: UniqueName(":1.59"), path: ObjectPath("/"), iface: InterfaceName("org.freedesktop.DBus.ObjectManager"), member: MemberName("InterfacesAdded"), body: Structure(Dynamic { fields: [ObjectPath, Dict { key: Dynamic { child: Str }, value: Dynamic { child: Dict { key: Dynamic { child: Str }, value: Dynamic { child: Variant } } } }] }), fds: [] }
2026-07-12T00:18:08+00:00 machine gtk-status-bar[2784]: 2026-07-12T00:18:08.803313Z DEBUG gtk_status_bar::dbus: Dbus monitor: Received D-Bus message from path: Some(ObjectPath("/")), interface: Some(InterfaceName("org.freedesktop.DBus.ObjectManager")), member: Some(MemberName("InterfacesAdded"))
2026-07-12T00:18:08+00:00 machine gtk-status-bar[2784]: 2026-07-12T00:18:08.803330Z  INFO gtk_status_bar::dbus: Dbus monitor: Received signal
2026-07-12T00:18:08+00:00 machine gtk-status-bar[2784]: 2026-07-12T00:18:08.803344Z  INFO gtk_status_bar::dbus: Dbus monitor: Received InterfacesAdded signal from ObjectManager
2026-07-12T00:18:08+00:00 machine gtk-status-bar[2784]: 2026-07-12T00:18:08.803393Z DEBUG gtk_status_bar::dbus: Available interfaces in InterfacesAdded: [Str("org.bluez.Device1")]
2026-07-12T00:18:08+00:00 machine gtk-status-bar[2784]: 2026-07-12T00:18:08.803431Z DEBUG gtk_status_bar::dbus: Found Device1 interface properties: Dict { map: {Str("Adapter"): Value(ObjectPath(ObjectPath("/org/bluez/hci0"))), Str("Address"): Value(Str("AA:BB:CC:DD:EE:10")), Str("AddressType"): Value(Str("public")), Str("AdvertisingData"): Value(Array(Array { elements: [], signature: Array(Dynamic { child: Dict { key: Dynamic { child: U8 }, value: Dynamic { child: Variant } } }) })), Str("AdvertisingFlags"): Value(Array(Array { elements: [], signature: Array(Dynamic { child: Array(Dynamic { child: U8 }) }) })), Str("Alias"): Value(Str("Post Recovery Buds")), Str("Appearance"): Value(U16(0)), Str("Blocked"): Value(Bool(false)), Str("Class"): Value(U32(5898764)), Str("Connected"): Value(Bool(false)), Str("Icon"): Value(Str("phone")), Str("LegacyPairing"): Value(Bool(false)), Str("ManufacturerData"): Value(Array(Array { elements: [], signature: Array(Dynamic { child: Dict { key: Dynamic { child: U16 }, value: Dynamic { child: Variant } } }) })), Str("Modalias"): Value(Str("bluetooth:v000Fp1200d1436")), Str("Name"): Value(Str("Post Recovery Buds")), Str("Paired"): Value(Bool(false)), Str("RSSI"): Value(I16(-79)), Str("ServiceData"): Value(Array(Array { elements: [], signature: Array(Dynamic { child: Dict { key: Dynamic { child: Str }, value: Dynamic { child: Variant } } }) })), Str("ServicesResolved"): Value(Bool(false)), Str("Trusted"): Value(Bool(false)), Str("TxPower"): Value(I16(0)), Str("UUIDs"): Value(Array(Array { elements: [], signature: Array(Dynamic { child: Str }) })), Str("WakeAllowed"): Value(Bool(false))}, signature: Dict { key: Dynamic { child: Str }, value: Dynamic { child: Variant } } }
2026-07-12T00:18:08+00:00 machine gtk-status-bar[2784]: 2026-07-12T00:18:08.803458Z DEBUG gtk_status_bar::dbus: Found Bluetooth device name: Post Recovery Buds
2026-07-12T00:18:08+00:00 machine gtk-status-bar[2784]: 2026-07-12T00:18:08.803474Z  INFO gtk_status_bar::dbus: Created new device /org/bluez/hci0/dev_AA_BB_CC_DD_EE_10 with name: Some("Post Recovery Buds")
2026-07-12T00:18:08+00:00 machine gtk-status-bar[2784]: 2026-07-12T00:18:08.803492Z DEBUG gtk_status_bar::dbus: Not a device with org.bluez.Battery1 interface
2026-07-12T00:18:08+00:00 machine gtk-status-bar[2784]: 2026-07-12T00:18:08.803741Z DEBUG gtk_status_bar::widgets: Updating Bluetooth battery label: R65
2026-07-12T00:18:08+00:00 machine gtk-status-bar[2784]: 2026-07-12T00:18:08.803765Z DEBUG gtk_status_bar::widgets: 👁️  SHOWING Bluetooth widget - data: R65
2026-07-12T00:18:09+00:00 machine gtk-status-bar[2784]: 2026-07-12T00:18:09.159743Z DEBUG gtk_status_bar::dbus: Got an event in event stream: Msg { type: Signal, serial: 11, sender: UniqueName(":1.58"), path: ObjectPath("/org/freedesktop/UPower/devices/battery_BAT0"), iface: InterfaceName("org.freedesktop.DBus.Properties"), member: MemberName("PropertiesChanged"), body: Structure(Dynamic { fields: [Str, Dict { key: Dynamic { child: Str }, value: Dynamic { child: Variant } }, Array(Dynamic { child: Str })] }), fds: [] }
2026-07-12T00:18:09+00:00 machine gtk-status-bar[2784]: 2026-07-12T00:18:09.159779Z DEBUG gtk_status_bar::dbus: Dbus monitor: Received D-Bus message from path: Some(ObjectPath("/org/freedesktop/UPower/devices/battery_BAT0")), interface: Some(InterfaceName("org.freedesktop.DBus.Properties")), member: Some(MemberName("PropertiesChanged"))
2026-07-12T00:18:09+00:00 machine gtk-status-bar[2784]: 2026-07-12T00:18:09.159799Z  INFO gtk_status_bar::dbus: Dbus monitor: Received signal
2026-07-12T00:18:09+00:00 machine gtk-status-bar[2784]: 2026-07-12T00:18:09.159818Z  INFO gtk_status_bar::dbus: Dbus monitor: Received PropertiesChanged signal
2026-07-12T00:18:09+00:00 machine gtk-status-bar[2784]: 2026-07-12T00:18:09.159858Z DEBUG gtk_status_bar::dbus: Battery device properties contain no State property
2026-07-12T00:18:09+00:00 machine gtk-status-bar[2784]: 2026-07-12T00:18:09.159876Z  INFO gtk_status_bar::dbus: Battery percentage changed to 33.0%
2026-07-12T00:18:09+00:00 machine gtk-status-bar[2784]: 2026-07-12T00:18:09.160215Z DEBUG gtk_status_bar::widgets: Updating battery label: 🔋 33%
2026-07-12T00:18:09+00:00 machine gtk-status-bar[2784]: 2026-07-12T00:18:09.160355Z DEBUG gtk_status_bar::widgets: 👁️  SHOWING battery widget - data: 🔋 33%
2026-07-12T00:18:09+00:00 machine gtk-status-bar[2784]: 2026-07-12T00:18:09.160846Z DEBUG gtk_status_bar::dbus: Got an event in event stream: Msg { type: Signal, serial: 12, sender: UniqueName(":1.58"), path: ObjectPath("/org/freedesktop/UPower/devices/battery_BAT0"), iface: InterfaceName("org.freedesktop.DBus.Properties"), member: MemberName("PropertiesChanged"), body: Structure(Dynamic { fields: [Str, Dict { key: Dynamic { child: Str }, value: Dynamic { child: Variant } }, Array(Dynamic { child: Str })] }), fds: [] }
2026-07-12T00:18:09+00:00 machine gtk-status-bar[2784]: 2026-07-12T00:18:09.160868Z DEBUG gtk_status_bar::dbus: Dbus monitor: Received D-Bus message from path: Some(ObjectPath("/org/freedesktop/UPower/devices/battery_BAT0")), interface: Some(InterfaceName("org.freedesktop.DBus.Properties")), member: Some(MemberName("PropertiesChanged"))
2026-07-12T00:18:09+00:00 machine gtk-status-bar[2784]: 2026-07-12T00:18:09.160884Z  INFO gtk_status_bar::dbus: Dbus monitor: Received signal
2026-07-12T00:18:09+00:00 machine gtk-status-bar[2784]: 2026-07-12T00:18:09.160898Z  INFO gtk_status_bar::dbus: Dbus monitor: Received PropertiesChanged signal
2026-07-12T00:18:09+00:00 machine gtk-status-bar[2784]: 2026-07-12T00:18:09.160920Z  INFO gtk_status_bar::dbus: Battery is discharging (state: 2)
2026-07-12T00:18:15+00:00 machine gtk-status-bar[2941]: 2026-07-12T00:18:15.820102Z  INFO gtk_status_bar: Starting GTK status bar application
2026-07-12T00:18:15+00:00 machine gtk-status-bar[2941]: 2026-07-12T00:18:15.821218Z  INFO gtk_status_bar: Running GTK application
2026-07-12T00:18:17+00:00 machine gtk-status-bar[2941]: 2026-07-12T00:18:17.057537Z  INFO gtk_status_bar: Activating GTK application
2026-07-12T00:18:17+00:00 machine gtk-status-bar[2941]: 2026-07-12T00:18:17.058306Z DEBUG gtk_status_bar::widgets: Loading CSS styles
2026-07-12T00:18:17+00:00 machine gtk-status-bar[2941]: 2026-07-12T00:18:17.058480Z  INFO gtk_status_bar::widgets: CSS styles loaded successfully
2026-07-12T00:18:17+00:00 machine gtk-status-bar[2941]: 2026-07-12T00:18:17.058496Z DEBUG gtk_status_bar::widgets: Configuring layer shell
2026-07-12T00:18:17+00:00 machine gtk-status-bar[2941]: 2026-07-12T00:18:17.073669Z  INFO gtk_status_bar::widgets: Layer shell configured successfully
2026-07-12T00:18:17+00:00 machine gtk-status-bar[2941]: 2026-07-12T00:18:17.073697Z DEBUG gtk_status_bar::widgets: Creating experimental bar
2026-07-12T00:18:17+00:00 machine gtk-status-bar[2941]: 2026-07-12T00:18:17.073791Z DEBUG gtk_status_bar::widgets: Creating left group
2026-07-12T00:18:17+00:00 machine gtk-status-bar[2941]: 2026-07-12T00:18:17.073820Z DEBUG gtk_status_bar::widgets: Creating workspace widget
2026-07-12T00:18:17+00:00 machine gtk-status-bar[2941]: 2026-07-12T00:18:17.086082Z DEBUG gtk_status_bar::widgets: Creating center group
2026-07-12T00:18:17+00:00 machine gtk-status-bar[2941]: 2026-07-12T00:18:17.086136Z DEBUG gtk_status_bar::widgets: Creating title widget
2026-07-12T00:18:17+00:00 machine gtk-status-bar[2941]: 2026-07-12T00:18:17.086215Z DEBUG gtk_status_bar::widgets: Creating right group
2026-07-12T00:18:17+00:00 machine gtk-status-bar[2941]: 2026-07-12T00:18:17.086265Z DEBUG gtk_status_bar::widgets: Creating bluetooth widget
2026-07-12T00:18:17+00:00 machine gtk-status-bar[2941]: 2026-07-12T00:18:17.086317Z DEBUG gtk_status_bar::widgets: Creating volume widget
2026-07-12T00:18:17+00:00 machine gtk-status-bar[2941]: 2026-07-12T00:18:17.086373Z DEBUG gtk_status_bar::widgets: Creating battery widget
2026-07-12T00:18:17+00:00 machine gtk-status-bar[2941]: 2026-07-12T00:18:17.086430Z DEBUG gtk_status_bar::widgets: Creating time widget
2026-07-12T00:18:17+00:00 machine gtk-status-bar[2941]: 2026-07-12T00:18:17.733848Z DEBUG gtk_status_bar::widgets: Setting up time widget updates
2026-07-12T00:18:17+00:00 machine gtk-status-bar[2941]: 2026-07-12T00:18:17.733978Z DEBUG gtk_status_bar::widgets: Setting up workspace updates
2026-07-12T00:18:17+00:00 machine gtk-status-bar[2941]: 2026-07-12T00:18:17.734067Z DEBUG gtk_status_bar::widgets: Setting up title updates
2026-07-12T00:18:17+00:00 machine gtk-status-bar[2941]: 2026-07-12T00:18:17.734149Z DEBUG gtk_status_bar::widgets: Setting up battery updates
2026-07-12T00:18:17+00:00 machine gtk-status-bar[2941]: 2026-07-12T00:18:17.734231Z DEBUG gtk_status_bar::widgets: Setting up Bluetooth battery updates
2026-07-12T00:18:17+00:00 machine gtk-status-bar[2941]: 2026-07-12T00:18:17.734314Z DEBUG gtk_status_bar::widgets: Setting up volume updates with tokio async channels
2026-07-12T00:18:17+00:00 machine gtk-status-bar[2941]: 2026-07-12T00:18:17.734701Z  INFO gtk_status_bar: Application activated successfully
2026-07-12T00:18:17+00:00 machine gtk-status-bar[2941]: 2026-07-12T00:18:17.734757Z  INFO gtk_status_bar::hypr: 🔌 Starting workspace event listener
2026-07-12T00:18:17+00:00 machine gtk-status-bar[2941]: 2026-07-12T00:18:17.734788Z DEBUG gtk_status_bar::hypr: Setting up workspace event listener
2026-07-12T00:18:17+00:00 machine gtk-status-bar[2941]: 2026-07-12T00:18:17.734901Z  INFO gtk_status_bar::hypr: 🔌 Starting title event listener
2026-07-12T00:18:17+00:00 machine gtk-status-bar[2941]: 2026-07-12T00:18:17.734920Z DEBUG gtk_status_bar::hypr: Setting up title event listener
2026-07-12T00:18:17+00:00 machine gtk-status-bar[2941]: 2026-07-12T00:18:17.734938Z DEBUG gtk_status_bar::hypr: Fetching initial title state
2026-07-12T00:18:17+00:00 machine gtk-status-bar[2941]: 2026-07-12T00:18:17.734996Z  INFO gtk_status_bar::dbus: 🔌 Starting D-Bus monitor
2026-07-12T00:18:17+00:00 machine gtk-status-bar[2941]: 2026-07-12T00:18:17.735027Z  INFO gtk_status_bar::dbus: Starting D-Bus monitoring task
2026-07-12T00:18:17+00:00 machine gtk-status-bar[2941]: 2026-07-12T00:18:17.735715Z DEBUG gtk_status_bar::widgets: 🚀 Starting async volume update loop...
2026-07-12T00:18:17+00:00 machine gtk-status-bar[2941]: 2026-07-12T00:18:17.737996Z DEBUG gtk_status_bar::dbus: 🔌 Registered battery match rule
2026-07-12T00:18:17+00:00 machine gtk-status-bar[2941]: 2026-07-12T00:18:17.738292Z DEBUG gtk_status_bar::dbus: 🔌 Registered bluez PropertiesChanged match rule
2026-07-12T00:18:17+00:00 machine gtk-status-bar[2941]: 2026-07-12T00:18:17.738511Z DEBUG gtk_status_bar::dbus: 🔌 Registered bluez InterfacesAdded match rule
2026-07-12T00:18:17+00:00 machine gtk-status-bar[2941]: 2026-07-12T00:18:17.738809Z DEBUG gtk_status_bar::dbus: 🔌 Registered bluez InterfacesRemoved match rule
2026-07-12T00:18:17+00:00 machine gtk-status-bar[2941]: 2026-07-12T00:18:17.739514Z  INFO gtk_status_bar::dbus: Battery is at 33.0%
2026-07-12T00:18:17+00:00 machine gtk-status-bar[2941]: 2026-07-12T00:18:17.739782Z DEBUG gtk_status_bar::widgets: Updating battery label: 🔋 33%
2026-07-12T00:18:17+00:00 machine gtk-status-bar[2941]: 2026-07-12T00:18:17.739822Z DEBUG gtk_status_bar::widgets: 👁️  SHOWING battery widget - data: 🔋 33%
2026-07-12T00:18:17+00:00 machine gtk-status-bar[2941]: 2026-07-12T00:18:17.740188Z  INFO gtk_status_bar::dbus: Battery is discharging (state: 2)
2026-07-12T00:18:17+00:00 machine gtk-status-bar[2941]: 2026-07-12T00:18:17.741758Z  INFO gtk_status_bar::dbus: Found 3 Bluetooth objects
2026-07-12T00:18:17+00:00 machine gtk-status-bar[2941]: 2026-07-12T00:18:17.741781Z  INFO gtk_status_bar::dbus: Found Bluetooth device with battery at: /org/bluez/hci0/dev_AA_BB_CC_DD_EE_10
2026-07-12T00:18:17+00:00 machine gtk-status-bar[2941]: 2026-07-12T00:18:17.741796Z  INFO gtk_status_bar::dbus: Bluetooth device battery at 77%
2026-07-12T00:18:17+00:00 machine gtk-status-bar[2941]: 2026-07-12T00:18:17.741811Z DEBUG gtk_status_bar::dbus: Added device /org/bluez/hci0/dev_AA_BB_CC_DD_EE_10 to HashMap (has_battery: true, has_media: false)
2026-07-12T00:18:17+00:00 machine gtk-status-bar[2941]: 2026-07-12T00:18:17.741829Z DEBUG gtk_status_bar::dbus: Initial bluetooth devices: {"/org/bluez/hci0/dev_AA_BB_CC_DD_EE_10": BluetoothDevice { has_battery: true, has_media: false, battery_percentage: Some(77), device_name: Some("Post Recovery Buds") }}
2026-07-12T00:18:17+00:00 machine gtk-status-bar[2941]: 2026-07-12T00:18:17.741856Z  INFO gtk_status_bar::dbus: Sent initial Bluetooth display: P77
2026-07-12T00:18:17+00:00 machine gtk-status-bar[2941]: 2026-07-12T00:18:17.741872Z  INFO gtk_status_bar::dbus: Dbus monitor: Starting to listen for D-Bus messages
2026-07-12T00:18:17+00:00 machine gtk-status-bar[2941]: 2026-07-12T00:18:17.741887Z DEBUG gtk_status_bar::dbus: Got an event in event stream: Msg { type: MethodReturn, serial: 14, sender: UniqueName(":1.58"), reply-serial: 6, body: Variant, fds: [] }
2026-07-12T00:18:17+00:00 machine gtk-status-bar[2941]: 2026-07-12T00:18:17.741905Z DEBUG gtk_status_bar::dbus: Dbus monitor: Received D-Bus message from path: None, interface: None, member: None
2026-07-12T00:18:17+00:00 machine gtk-status-bar[2941]: 2026-07-12T00:18:17.741919Z ERROR gtk_status_bar::dbus: Dbus monitor: Received message with no path, ignoring
2026-07-12T00:18:17+00:00 machine gtk-status-bar[2941]: 2026-07-12T00:18:17.741934Z DEBUG gtk_status_bar::dbus: Got an event in event stream: Msg { type: MethodReturn, serial: 15, sender: UniqueName(":1.58"), reply-serial: 7, body: Variant, fds: [] }
2026-07-12T00:18:17+00:00 machine gtk-status-bar[2941]: 2026-07-12T00:18:17.741961Z DEBUG gtk_status_bar::dbus: Dbus monitor: Received D-Bus message from path: None, interface: None, member: None
2026-07-12T00:18:17+00:00 machine gtk-status-bar[2941]: 2026-07-12T00:18:17.741975Z ERROR gtk_status_bar::dbus: Dbus monitor: Received message with no path, ignoring
2026-07-12T00:18:17+00:00 machine gtk-status-bar[2941]: 2026-07-12T00:18:17.741989Z DEBUG gtk_status_bar::dbus: Got an event in event stream: Msg { type: MethodReturn, serial: 20, sender: UniqueName(":1.59"), reply-serial: 8, body: Dict { key: Dynamic { child: ObjectPath }, value: Dynamic { child: Dict { key: Dynamic { child: Str }, value: Dynamic { child: Dict { key: Dynamic { child: Str }, value: Dynamic { child: Variant } } } } } }, fds: [] }
2026-07-12T00:18:17+00:00 machine gtk-status-bar[2941]: 2026-07-12T00:18:17.742007Z DEBUG gtk_status_bar::dbus: Dbus monitor: Received D-Bus message from path: None, interface: None, member: None
2026-07-12T00:18:17+00:00 machine gtk-status-bar[2941]: 2026-07-12T00:18:17.742021Z ERROR gtk_status_bar::dbus: Dbus monitor: Received message with no path, ignoring
2026-07-12T00:18:17+00:00 machine gtk-status-bar[2941]: 2026-07-12T00:18:17.742203Z DEBUG gtk_status_bar::widgets: Updating Bluetooth battery label: P77
2026-07-12T00:18:17+00:00 machine gtk-status-bar[2941]: 2026-07-12T00:18:17.742278Z DEBUG gtk_status_bar::widgets: 👁️  SHOWING Bluetooth widget - data: P77
2026-07-12T00:18:17+00:00 machine gtk-status-bar[2941]: 2026-07-12T00:18:17.743076Z DEBUG gtk_status_bar::pw: 🔧 Initializing PipeWire on dedicated thread...
2026-07-12T00:18:17+00:00 machine gtk-status-bar[2941]: 2026-07-12T00:18:17.743097Z DEBUG gtk_status_bar::pw: 📋 Created device tracking HashMap for (node_name, description, volume, channel, mute)
2026-07-12T00:18:17+00:00 machine gtk-status-bar[2941]: 2026-07-12T00:18:17.747658Z DEBUG gtk_status_bar::pw: ✅ PipeWire initialized
2026-07-12T00:18:17+00:00 machine gtk-status-bar[2941]: 2026-07-12T00:18:17.747718Z DEBUG gtk_status_bar::pw: ✅ ThreadLoop created
2026-07-12T00:18:17+00:00 machine gtk-status-bar[2941]: 2026-07-12T00:18:17.761996Z DEBUG gtk_status_bar::pw: ✅ Context created
2026-07-12T00:18:17+00:00 machine gtk-status-bar[2941]: 2026-07-12T00:18:17.762166Z DEBUG gtk_status_bar::pw: ✅ Core connected
2026-07-12T00:18:17+00:00 machine gtk-status-bar[2941]: 2026-07-12T00:18:17.762197Z DEBUG gtk_status_bar::pw: ✅ Registry obtained
2026-07-12T00:18:17+00:00 machine gtk-status-bar[2941]: 2026-07-12T00:18:17.762225Z DEBUG gtk_status_bar::pw: 🎵 PipeWire ThreadLoop started - monitoring volume changes with default sink filtering
2026-07-12T00:18:17+00:00 machine gtk-status-bar[2941]: 2026-07-12T00:18:17.762391Z DEBUG gtk_status_bar::pw: ✅ ThreadLoop started successfully
2026-07-12T00:18:17+00:00 machine gtk-status-bar[2941]: 2026-07-12T00:18:17.762415Z DEBUG gtk_status_bar::pw: 🔄 PipeWire thread running - async event delivery active...
2026-07-12T00:18:17+00:00 machine gtk-status-bar[2941]: 2026-07-12T00:18:17.763073Z DEBUG gtk_status_bar::pw: 📡 PipeWire connected: pipewire-0
2026-07-12T00:18:17+00:00 machine gtk-status-bar[2941]: 2026-07-12T00:18:17.763100Z DEBUG gtk_status_bar::pw: 🚫 Skipping metadata '' (props: Some(DictRef { flags: Flags(0x0), entries: {"object.serial": "0", "core.name": "pipewire-0"} }))
2026-07-12T00:18:17+00:00 machine gtk-status-bar[2941]: 2026-07-12T00:18:17.763120Z DEBUG gtk_status_bar::pw: 🚫 Skipping metadata '' (props: Some(DictRef { flags: Flags(0x0), entries: {"object.serial": "1", "module.name": "libpipewire-module-rt"} }))
2026-07-12T00:18:17+00:00 machine gtk-status-bar[2941]: 2026-07-12T00:18:17.763137Z DEBUG gtk_status_bar::pw: 🚫 Skipping metadata '' (props: Some(DictRef { flags: Flags(0x0), entries: {"object.serial": "3"} }))
2026-07-12T00:18:17+00:00 machine gtk-status-bar[2941]: 2026-07-12T00:18:17.763154Z DEBUG gtk_status_bar::pw: 🚫 Skipping metadata '' (props: Some(DictRef { flags: Flags(0x0), entries: {"object.serial": "2", "module.name": "libpipewire-module-protocol-native"} }))
2026-07-12T00:18:17+00:00 machine gtk-status-bar[2941]: 2026-07-12T00:18:17.763171Z DEBUG gtk_status_bar::pw: 🚫 Skipping metadata '' (props: Some(DictRef { flags: Flags(0x0), entries: {"object.serial": "5"} }))
2026-07-12T00:18:17+00:00 machine gtk-status-bar[2941]: 2026-07-12T00:18:17.763188Z DEBUG gtk_status_bar::pw: 🚫 Skipping metadata '' (props: Some(DictRef { flags: Flags(0x0), entries: {"object.serial": "4", "module.name": "libpipewire-module-profiler"} }))
2026-07-12T00:18:17+00:00 machine gtk-status-bar[2941]: 2026-07-12T00:18:17.763204Z DEBUG gtk_status_bar::pw: 🚫 Skipping metadata '' (props: Some(DictRef { flags: Flags(0x0), entries: {"object.serial": "6", "module.name": "libpipewire-module-metadata"} }))
2026-07-12T00:18:17+00:00 machine gtk-status-bar[2941]: 2026-07-12T00:18:17.763224Z DEBUG gtk_status_bar::pw: 🚫 Skipping metadata '' (props: Some(DictRef { flags: Flags(0x0), entries: {"object.serial": "7", "module.id": "6", "factory.name": "metadata", "factory.type.name": "PipeWire:Interface:Metadata", "factory.type.version": "3"} }))
2026-07-12T00:18:17+00:00 machine gtk-status-bar[2941]: 2026-07-12T00:18:17.763246Z DEBUG gtk_status_bar::pw: 🚫 Skipping metadata '' (props: Some(DictRef { flags: Flags(0x0), entries: {"object.serial": "8", "module.name": "libpipewire-module-spa-device-factory"} }))
2026-07-12T00:18:17+00:00 machine gtk-status-bar[2941]: 2026-07-12T00:18:17.763268Z DEBUG gtk_status_bar::pw: 🚫 Skipping metadata '' (props: Some(DictRef { flags: Flags(0x0), entries: {"object.serial": "9", "module.id": "8", "factory.name": "spa-device-factory", "factory.type.name": "PipeWire:Interface:Device", "factory.type.version": "3"} }))
2026-07-12T00:18:17+00:00 machine gtk-status-bar[2941]: 2026-07-12T00:18:17.763289Z DEBUG gtk_status_bar::pw: 🚫 Skipping metadata '' (props: Some(DictRef { flags: Flags(0x0), entries: {"object.serial": "10", "module.name": "libpipewire-module-spa-node-factory"} }))
2026-07-12T00:18:18+00:00 machine gtk-status-bar[2941]: 2026-07-12T00:18:17.763308Z DEBUG gtk_status_bar::pw: 🚫 Skipping metadata '' (props: Some(DictRef { flags: Flags(0x0), entries: {"object.serial": "11", "module.id": "10", "factory.name": "spa-node-factory", "factory.type.name": "PipeWire:Interface:Node", "factory.type.version": "3"} }))
2026-07-12T00:18:18+00:00 machine gtk-status-bar[2941]: 2026-07-12T00:18:17.763327Z DEBUG gtk_status_bar::pw: 🚫 Skipping metadata '' (props: Some(DictRef { flags: Flags(0x0), entries: {"object.serial": "12", "module.name": "libpipewire-module-client-node"} }))
2026-07-12T00:18:18+00:00 machine gtk-status-bar[2941]: 2026-07-12T00:18:17.763345Z DEBUG gtk_status_bar::pw: 🚫 Skipping metadata '' (props: Some(DictRef { flags: Flags(0x0), entries: {"object.serial": "13", "module.id": "12", "factory.name": "client-node", "factory.type.name": "PipeWire:Interface:ClientNode", "factory.type.version": "6"} }))
2026-07-12T00:18:18+00:00 machine gtk-status-bar[2941]: 2026-07-12T00:18:17.763362Z DEBUG gtk_status_bar::pw: 🚫 Skipping metadata '' (props: Some(DictRef { flags: Flags(0x0), entries: {"object.serial": "14", "module.name": "libpipewire-module-client-device"} }))
2026-07-12T00:18:18+00:00 machine gtk-status-bar[2941]: 2026-07-12T00:18:17.763379Z DEBUG gtk_status_bar::pw: 🚫 Skipping metadata '' (props: Some(DictRef { flags: Flags(0x0), entries: {"object.serial": "15", "module.id": "14", "factory.name": "client-device", "factory.type.name": "Spa:Pointer:Interface:Device", "factory.type.version": "0"} }))
2026-07-12T00:18:18+00:00 machine gtk-status-bar[2941]: 2026-07-12T00:18:17.763399Z DEBUG gtk_status_bar::pw: 🚫 Skipping metadata '' (props: Some(DictRef { flags: Flags(0x0), entries: {"object.serial": "16", "module.name": "libpipewire-module-portal"} }))
2026-07-12T00:18:18+00:00 machine gtk-status-bar[2941]: 2026-07-12T00:18:17.763417Z DEBUG gtk_status_bar::pw: 🚫 Skipping metadata '' (props: Some(DictRef { flags: Flags(0x0), entries: {"object.serial": "17", "module.name": "libpipewire-module-access"} }))
2026-07-12T00:18:18+00:00 machine gtk-status-bar[2941]: 2026-07-12T00:18:17.763434Z DEBUG gtk_status_bar::pw: 🚫 Skipping metadata '' (props: Some(DictRef { flags: Flags(0x0), entries: {"object.serial": "18", "module.name": "libpipewire-module-adapter"} }))
2026-07-12T00:18:18+00:00 machine gtk-status-bar[2941]: 2026-07-12T00:18:17.763451Z DEBUG gtk_status_bar::pw: 🚫 Skipping metadata '' (props: Some(DictRef { flags: Flags(0x0), entries: {"object.serial": "19", "module.id": "18", "factory.name": "adapter", "factory.type.name": "PipeWire:Interface:Node", "factory.type.version": "3"} }))
2026-07-12T00:18:18+00:00 machine gtk-status-bar[2941]: 2026-07-12T00:18:17.763468Z DEBUG gtk_status_bar::pw: 🚫 Skipping metadata '' (props: Some(DictRef { flags: Flags(0x0), entries: {"object.serial": "20", "module.name": "libpipewire-module-link-factory"} }))
2026-07-12T00:18:18+00:00 machine gtk-status-bar[2941]: 2026-07-12T00:18:17.763487Z DEBUG gtk_status_bar::pw: 🚫 Skipping metadata '' (props: Some(DictRef { flags: Flags(0x0), entries: {"object.serial": "21", "module.id": "20", "factory.name": "link-factory", "factory.type.name": "PipeWire:Interface:Link", "factory.type.version": "3"} }))
2026-07-12T00:18:18+00:00 machine gtk-status-bar[2941]: 2026-07-12T00:18:17.763510Z DEBUG gtk_status_bar::pw: 🚫 Skipping metadata '' (props: Some(DictRef { flags: Flags(0x0), entries: {"object.serial": "22", "module.name": "libpipewire-module-session-manager"} }))
2026-07-12T00:18:18+00:00 machine gtk-status-bar[2941]: 2026-07-12T00:18:17.763530Z DEBUG gtk_status_bar::pw: 🚫 Skipping metadata '' (props: Some(DictRef { flags: Flags(0x0), entries: {"object.serial": "23", "module.id": "22", "factory.name": "client-endpoint", "factory.type.name": "PipeWire:Interface:ClientEndpoint", "factory.type.version": "0"} }))
2026-07-12T00:18:18+00:00 machine gtk-status-bar[2941]: 2026-07-12T00:18:17.763551Z DEBUG gtk_status_bar::pw: 🚫 Skipping metadata '' (props: Some(DictRef { flags: Flags(0x0), entries: {"object.serial": "24", "module.id": "22", "factory.name": "client-session", "factory.type.name": "PipeWire:Interface:ClientSession", "factory.type.version": "0"} }))
2026-07-12T00:18:18+00:00 machine gtk-status-bar[2941]: 2026-07-12T00:18:17.763631Z DEBUG gtk_status_bar::pw: 🚫 Skipping metadata '' (props: Some(DictRef { flags: Flags(0x0), entries: {"object.serial": "25", "module.id": "22", "factory.name": "session", "factory.type.name": "PipeWire:Interface:Session", "factory.type.version": "0"} }))
2026-07-12T00:18:18+00:00 machine gtk-status-bar[2941]: 2026-07-12T00:18:17.763654Z DEBUG gtk_status_bar::pw: 🚫 Skipping metadata '' (props: Some(DictRef { flags: Flags(0x0), entries: {"object.serial": "26", "module.id": "22", "factory.name": "endpoint", "factory.type.name": "PipeWire:Interface:Endpoint", "factory.type.version": "0"} }))
2026-07-12T00:18:18+00:00 machine gtk-status-bar[2941]: 2026-07-12T00:18:17.763674Z DEBUG gtk_status_bar::pw: 🚫 Skipping metadata '' (props: Some(DictRef { flags: Flags(0x0), entries: {"object.serial": "27", "module.id": "22", "factory.name": "endpoint-stream", "factory.type.name": "PipeWire:Interface:EndpointStream", "factory.type.version": "0"} }))
2026-07-12T00:18:18+00:00 machine gtk-status-bar[2941]: 2026-07-12T00:18:17.763697Z DEBUG gtk_status_bar::pw: 🚫 Skipping metadata '' (props: Some(DictRef { flags: Flags(0x0), entries: {"object.serial": "28", "module.id": "22", "factory.name": "endpoint-link", "factory.type.name": "PipeWire:Interface:EndpointLink", "factory.type.version": "0"} }))
2026-07-12T00:18:18+00:00 machine gtk-status-bar[2941]: 2026-07-12T00:18:17.763718Z DEBUG gtk_status_bar::pw: 🚫 Skipping metadata '' (props: Some(DictRef { flags: Flags(0x0), entries: {"object.serial": "29", "module.name": "libpipewire-module-x11-bell"} }))
2026-07-12T00:18:18+00:00 machine gtk-status-bar[2941]: 2026-07-12T00:18:17.763737Z DEBUG gtk_status_bar::pw: 🚫 Skipping metadata '' (props: Some(DictRef { flags: Flags(0x0), entries: {"object.serial": "30", "module.name": "libpipewire-module-jackdbus-detect"} }))
2026-07-12T00:18:18+00:00 machine gtk-status-bar[2941]: 2026-07-12T00:18:17.763758Z DEBUG gtk_status_bar::pw: 🚫 Skipping metadata '' (props: Some(DictRef { flags: Flags(0x0), entries: {"object.serial": "31", "factory.id": "11", "priority.driver": "200000", "node.name": "Dummy-Driver"} }))
2026-07-12T00:18:18+00:00 machine gtk-status-bar[2941]: 2026-07-12T00:18:17.763779Z DEBUG gtk_status_bar::pw: 🔍 Checking node - media.class: None
2026-07-12T00:18:18+00:00 machine gtk-status-bar[2941]: 2026-07-12T00:18:17.763795Z DEBUG gtk_status_bar::pw: 🔍 Node filter result: false for media.class: None
2026-07-12T00:18:18+00:00 machine gtk-status-bar[2941]: 2026-07-12T00:18:17.763813Z DEBUG gtk_status_bar::pw: 🚫 Skipping metadata '' (props: Some(DictRef { flags: Flags(0x0), entries: {"object.serial": "32", "factory.id": "11", "priority.driver": "190000", "node.name": "Freewheel-Driver"} }))
2026-07-12T00:18:18+00:00 machine gtk-status-bar[2941]: 2026-07-12T00:18:17.763835Z DEBUG gtk_status_bar::pw: 🔍 Checking node - media.class: None
2026-07-12T00:18:18+00:00 machine gtk-status-bar[2941]: 2026-07-12T00:18:17.763856Z DEBUG gtk_status_bar::pw: 🔍 Node filter result: false for media.class: None
2026-07-12T00:18:18+00:00 machine gtk-status-bar[2941]: 2026-07-12T00:18:17.763876Z DEBUG gtk_status_bar::pw: 🚫 Skipping metadata 'settings' (props: Some(DictRef { flags: Flags(0x0), entries: {"object.serial": "33", "metadata.name": "settings"} }))
2026-07-12T00:18:18+00:00 machine gtk-status-bar[2941]: 2026-07-12T00:18:17.763896Z DEBUG gtk_status_bar::pw: 🚫 Skipping metadata '' (props: Some(DictRef { flags: Flags(0x0), entries: {"object.serial": "35", "module.id": "2", "pipewire.protocol": "protocol-native", "pipewire.sec.pid": "1294", "pipewire.sec.uid": "1000", "pipewire.sec.gid": "100", "pipewire.sec.socket": "pipewire-0-manager", "application.name": "WirePlumber", "pipewire.access": "unrestricted"} }))
2026-07-12T00:18:18+00:00 machine gtk-status-bar[2941]: 2026-07-12T00:18:17.763919Z DEBUG gtk_status_bar::pw: 🚫 Skipping metadata 'schema-sm-settings' (props: Some(DictRef { flags: Flags(0x0), entries: {"metadata.name": "schema-sm-settings", "factory.id": "7", "module.id": "6", "client.id": "35", "object.serial": "36"} }))
2026-07-12T00:18:18+00:00 machine gtk-status-bar[2941]: 2026-07-12T00:18:17.763939Z DEBUG gtk_status_bar::pw: 🚫 Skipping metadata 'persistent-sm-settings' (props: Some(DictRef { flags: Flags(0x0), entries: {"metadata.name": "persistent-sm-settings", "factory.id": "7", "module.id": "6", "client.id": "35", "object.serial": "37"} }))
2026-07-12T00:18:18+00:00 machine gtk-status-bar[2941]: 2026-07-12T00:18:17.763966Z DEBUG gtk_status_bar::pw: 🚫 Skipping metadata 'sm-settings' (props: Some(DictRef { flags: Flags(0x0), entries: {"metadata.name": "sm-settings", "factory.id": "7", "module.id": "6", "client.id": "35", "object.serial": "38"} }))
2026-07-12T00:18:18+00:00 machine gtk-status-bar[2941]: 2026-07-12T00:18:17.763986Z DEBUG gtk_status_bar::pw: 🚫 Skipping metadata 'sm-objects' (props: Some(DictRef { flags: Flags(0x0), entries: {"metadata.name": "sm-objects", "factory.id": "7", "module.id": "6", "client.id": "35", "object.serial": "39"} }))
2026-07-12T00:18:18+00:00 machine gtk-status-bar[2941]: 2026-07-12T00:18:17.764008Z DEBUG gtk_status_bar::pw: 🚫 Skipping metadata 'default-profile' (props: Some(DictRef { flags: Flags(0x0), entries: {"wireplumber.state": "true", "metadata.name": "default-profile", "factory.id": "7", "module.id": "6", "client.id": "35", "object.serial": "40"} }))
2026-07-12T00:18:18+00:00 machine gtk-status-bar[2941]: 2026-07-12T00:18:17.764029Z DEBUG gtk_status_bar::pw: ✅ Processing metadata.name == default
2026-07-12T00:18:18+00:00 machine gtk-status-bar[2941]: 2026-07-12T00:18:17.764045Z DEBUG gtk_status_bar::pw: 📋 Found metadata object: Some(DictRef { flags: Flags(0x0), entries: {"metadata.name": "default", "factory.id": "7", "module.id": "6", "client.id": "35", "object.serial": "41"} })
2026-07-12T00:18:18+00:00 machine gtk-status-bar[2941]: 2026-07-12T00:18:17.764075Z DEBUG gtk_status_bar::pw: 📋 Bound 'default' Metadata (id=3)
2026-07-12T00:18:18+00:00 machine gtk-status-bar[2941]: 2026-07-12T00:18:17.764103Z DEBUG gtk_status_bar::pw: 🚫 Skipping metadata 'filters' (props: Some(DictRef { flags: Flags(0x0), entries: {"metadata.name": "filters", "factory.id": "7", "module.id": "6", "client.id": "35", "object.serial": "42"} }))
2026-07-12T00:18:18+00:00 machine gtk-status-bar[2941]: 2026-07-12T00:18:17.764127Z DEBUG gtk_status_bar::pw: 🚫 Skipping metadata 'route-settings' (props: Some(DictRef { flags: Flags(0x0), entries: {"metadata.name": "route-settings", "factory.id": "7", "module.id": "6", "client.id": "35", "object.serial": "43"} }))
2026-07-12T00:18:18+00:00 machine gtk-status-bar[2941]: 2026-07-12T00:18:17.764147Z DEBUG gtk_status_bar::pw: 🚫 Skipping metadata '' (props: Some(DictRef { flags: Flags(0x0), entries: {"object.serial": "44", "module.id": "2", "pipewire.protocol": "protocol-native", "pipewire.sec.pid": "1294", "pipewire.sec.uid": "1000", "pipewire.sec.gid": "100", "pipewire.sec.socket": "pipewire-0-manager", "application.name": "WirePlumber [export]", "pipewire.access": "unrestricted"} }))
2026-07-12T00:18:18+00:00 machine gtk-status-bar[2941]: 2026-07-12T00:18:17.764169Z DEBUG gtk_status_bar::pw: 🚫 Skipping metadata '' (props: Some(DictRef { flags: Flags(0x0), entries: {"object.serial": "45", "factory.id": "11", "client.id": "44", "priority.session": "100", "priority.driver": "1", "node.name": "Midi-Bridge", "media.class": "Midi/Bridge"} }))
2026-07-12T00:18:18+00:00 machine gtk-status-bar[2941]: 2026-07-12T00:18:17.764188Z DEBUG gtk_status_bar::pw: 🔍 Checking node - media.class: Some("Midi/Bridge")
2026-07-12T00:18:18+00:00 machine gtk-status-bar[2941]: 2026-07-12T00:18:17.764209Z DEBUG gtk_status_bar::pw: 🔍 Node filter result: false for media.class: Some("Midi/Bridge")
2026-07-12T00:18:18+00:00 machine gtk-status-bar[2941]: 2026-07-12T00:18:17.764228Z DEBUG gtk_status_bar::pw: 🚫 Skipping metadata '' (props: Some(DictRef { flags: Flags(0x0), entries: {"object.serial": "46", "object.path": "alsa:seq:default:client_14:playback_0", "format.dsp": "8 bit raw midi", "node.id": "45", "port.id": "0", "port.name": "Midi Through: Port-0 (playback)", "port.direction": "in", "port.physical": "true", "port.terminal": "true", "port.alias": "Midi Through:Midi Through Port-0", "port.group": "client_14"} }))
2026-07-12T00:18:18+00:00 machine gtk-status-bar[2941]: 2026-07-12T00:18:17.764252Z DEBUG gtk_status_bar::pw: 🚫 Skipping metadata '' (props: Some(DictRef { flags: Flags(0x0), entries: {"object.serial": "47", "object.path": "alsa:seq:default:client_14:capture_0", "format.dsp": "8 bit raw midi", "node.id": "45", "port.id": "0", "port.name": "Midi Through: Port-0 (capture)", "port.direction": "out", "port.physical": "true", "port.terminal": "true", "port.alias": "Midi Through:Midi Through Port-0", "port.group": "client_14"} }))
2026-07-12T00:18:18+00:00 machine gtk-status-bar[2941]: 2026-07-12T00:18:17.764273Z DEBUG gtk_status_bar::pw: 🚫 Skipping metadata '' (props: Some(DictRef { flags: Flags(0x0), entries: {"object.serial": "48", "factory.id": "14", "client.id": "44", "node.description": "BLE MIDI 1", "node.name": "bluez_midi.server", "media.class": "Midi/Bridge"} }))
2026-07-12T00:18:18+00:00 machine gtk-status-bar[2941]: 2026-07-12T00:18:17.764294Z DEBUG gtk_status_bar::pw: 🔍 Checking node - media.class: Some("Midi/Bridge")
2026-07-12T00:18:18+00:00 machine gtk-status-bar[2941]: 2026-07-12T00:18:17.764310Z DEBUG gtk_status_bar::pw: 🔍 Node filter result: false for media.class: Some("Midi/Bridge")
2026-07-12T00:18:18+00:00 machine gtk-status-bar[2941]: 2026-07-12T00:18:17.764331Z DEBUG gtk_status_bar::pw: 🚫 Skipping metadata '' (props: Some(DictRef { flags: Flags(0x0), entries: {"object.serial": "49", "object.path": "bluez_midi.server:input_0", "format.dsp": "8 bit raw midi", "node.id": "48", "port.id": "0", "port.name": "in", "port.direction": "in", "port.physical": "true", "port.terminal": "true", "port.alias": "in", "port.group": "group.0"} }))
2026-07-12T00:18:18+00:00 machine gtk-status-bar[2941]: 2026-07-12T00:18:17.764353Z DEBUG gtk_status_bar::pw: 🚫 Skipping metadata '' (props: Some(DictRef { flags: Flags(0x0), entries: {"object.serial": "50", "object.path": "bluez_midi.server:output_0", "format.dsp": "8 bit raw midi", "node.id": "48", "port.id": "0", "port.name": "out", "port.direction": "out", "port.physical": "true", "port.terminal": "true", "port.alias": "out", "port.group": "group.0"} }))
2026-07-12T00:18:18+00:00 machine gtk-status-bar[2941]: 2026-07-12T00:18:17.764374Z DEBUG gtk_status_bar::pw: 🚫 Skipping metadata '' (props: Some(DictRef { flags: Flags(0x0), entries: {"object.serial": "51", "module.id": "2", "pipewire.protocol": "protocol-native", "pipewire.sec.pid": "1669", "pipewire.sec.uid": "1000", "pipewire.sec.gid": "100", "pipewire.sec.socket": "pipewire-0", "application.name": ".xdg-desktop-portal-wrapped", "pipewire.access": "unrestricted"} }))
2026-07-12T00:18:18+00:00 machine gtk-status-bar[2941]: 2026-07-12T00:18:17.764398Z DEBUG gtk_status_bar::pw: 🚫 Skipping metadata '' (props: Some(DictRef { flags: Flags(0x0), entries: {"object.serial": "52", "module.id": "2", "pipewire.protocol": "protocol-native", "pipewire.sec.pid": "1720", "pipewire.sec.uid": "1000", "pipewire.sec.gid": "100", "pipewire.sec.socket": "pipewire-0", "application.name": ".xdg-desktop-portal-hyprland-wrapped", "pipewire.access": "unrestricted"} }))
2026-07-12T00:18:18+00:00 machine gtk-status-bar[2941]: 2026-07-12T00:18:17.764420Z DEBUG gtk_status_bar::pw: 🚫 Skipping metadata '' (props: Some(DictRef { flags: Flags(0x0), entries: {"object.serial": "54", "module.id": "2", "pipewire.protocol": "protocol-native", "pipewire.sec.pid": "2565", "pipewire.sec.uid": "1000", "pipewire.sec.gid": "100", "pipewire.sec.socket": "pipewire-0", "application.name": "pipewire", "pipewire.access": "unrestricted"} }))
2026-07-12T00:18:18+00:00 machine gtk-status-bar[2941]: 2026-07-12T00:18:17.764441Z DEBUG gtk_status_bar::pw: 🚫 Skipping metadata '' (props: Some(DictRef { flags: Flags(0x0), entries: {"object.serial": "85", "factory.id": "19", "client.id": "53", "node.description": "Dummy Output", "node.name": "auto_null", "media.class": "Audio/Sink"} }))
2026-07-12T00:18:18+00:00 machine gtk-status-bar[2941]: 2026-07-12T00:18:17.764460Z DEBUG gtk_status_bar::pw: 🔍 Checking node - media.class: Some("Audio/Sink")
2026-07-12T00:18:18+00:00 machine gtk-status-bar[2941]: 2026-07-12T00:18:17.764477Z DEBUG gtk_status_bar::pw: 🔍 Node filter result: true for media.class: Some("Audio/Sink")
2026-07-12T00:18:18+00:00 machine gtk-status-bar[2941]: 2026-07-12T00:18:17.764499Z DEBUG gtk_status_bar::pw: 📱 Monitoring audio node: Dummy Output (4) [node.name: auto_null]
2026-07-12T00:18:18+00:00 machine gtk-status-bar[2941]: 2026-07-12T00:18:17.764516Z DEBUG gtk_status_bar::pw: 🔗 ADDING NODE LISTENER for node.name: auto_null
2026-07-12T00:18:18+00:00 machine gtk-status-bar[2941]: 2026-07-12T00:18:17.764538Z DEBUG gtk_status_bar::pw: 📝 Added device to HashMap: 4 -> (auto_null, Dummy Output, no volume yet)
2026-07-12T00:18:18+00:00 machine gtk-status-bar[2941]: 2026-07-12T00:18:17.764554Z DEBUG gtk_status_bar::pw: 🗂️ Current device map size: 1
2026-07-12T00:18:18+00:00 machine gtk-status-bar[2941]: 2026-07-12T00:18:17.764629Z DEBUG gtk_status_bar::pw: 🚫 Skipping metadata '' (props: Some(DictRef { flags: Flags(0x0), entries: {"object.serial": "86", "object.path": "auto_null:playback_0", "format.dsp": "32 bit float mono audio", "node.id": "60", "audio.channel": "FL", "port.id": "0", "port.name": "playback_FL", "port.direction": "in", "port.alias": "Dummy Output:playback_FL", "port.group": "stream.0"} }))
2026-07-12T00:18:18+00:00 machine gtk-status-bar[2941]: 2026-07-12T00:18:17.764652Z DEBUG gtk_status_bar::pw: 🚫 Skipping metadata '' (props: Some(DictRef { flags: Flags(0x0), entries: {"object.serial": "87", "object.path": "auto_null:playback_1", "format.dsp": "32 bit float mono audio", "node.id": "60", "audio.channel": "FR", "port.id": "1", "port.name": "playback_FR", "port.direction": "in", "port.alias": "Dummy Output:playback_FR", "port.group": "stream.0"} }))
2026-07-12T00:18:18+00:00 machine gtk-status-bar[2941]: 2026-07-12T00:18:17.764673Z DEBUG gtk_status_bar::pw: 🚫 Skipping metadata '' (props: Some(DictRef { flags: Flags(0x0), entries: {"object.serial": "88", "object.path": "auto_null:monitor_0", "format.dsp": "32 bit float mono audio", "node.id": "60", "audio.channel": "FL", "port.id": "0", "port.name": "monitor_FL", "port.direction": "out", "port.monitor": "true", "port.alias": "Dummy Output:monitor_FL", "port.group": "stream.0"} }))
2026-07-12T00:18:18+00:00 machine gtk-status-bar[2941]: 2026-07-12T00:18:17.764696Z DEBUG gtk_status_bar::pw: 🚫 Skipping metadata '' (props: Some(DictRef { flags: Flags(0x0), entries: {"object.serial": "89", "object.path": "auto_null:monitor_1", "format.dsp": "32 bit float mono audio", "node.id": "60", "audio.channel": "FR", "port.id": "1", "port.name": "monitor_FR", "port.direction": "out", "port.monitor": "true", "port.alias": "Dummy Output:monitor_FR", "port.group": "stream.0"} }))
2026-07-12T00:18:18+00:00 machine gtk-status-bar[2941]: 2026-07-12T00:18:17.764723Z DEBUG gtk_status_bar::pw: 🚫 Skipping metadata '' (props: Some(DictRef { flags: Flags(0x0), entries: {"object.serial": "91", "module.id": "2", "pipewire.protocol": "protocol-native", "pipewire.sec.pid": "2941", "pipewire.sec.uid": "1000", "pipewire.sec.gid": "100", "pipewire.sec.socket": "pipewire-0", "application.name": "gtk-status-bar", "pipewire.access": "unrestricted"} }))
2026-07-12T00:18:18+00:00 machine gtk-status-bar[2941]: 2026-07-12T00:18:17.765111Z DEBUG gtk_status_bar::pw: 📝 metadata.property subject=0 key=Some("default.configured.audio.sink") value=Some("{ \"name\": \"Bravo\" }")
2026-07-12T00:18:18+00:00 machine gtk-status-bar[2941]: 2026-07-12T00:18:17.765133Z DEBUG gtk_status_bar::pw: 🔍 Processing metadata property: default.configured.audio.sink={ "name": "Bravo" }
2026-07-12T00:18:18+00:00 machine gtk-status-bar[2941]: 2026-07-12T00:18:17.765150Z DEBUG gtk_status_bar::pw: 🔧 Other metadata property: default.configured.audio.sink (ignored)
2026-07-12T00:18:18+00:00 machine gtk-status-bar[2941]: 2026-07-12T00:18:17.765167Z DEBUG gtk_status_bar::pw: 📝 metadata.property subject=0 key=Some("default.audio.sink") value=Some("{\"name\":\"auto_null\"}")
2026-07-12T00:18:18+00:00 machine gtk-status-bar[2941]: 2026-07-12T00:18:17.765184Z DEBUG gtk_status_bar::pw: 🔍 Processing metadata property: default.audio.sink={"name":"auto_null"}
2026-07-12T00:18:18+00:00 machine gtk-status-bar[2941]: 2026-07-12T00:18:17.765207Z  INFO gtk_status_bar::pw: 🔄 Default sink -> auto_null
2026-07-12T00:18:18+00:00 machine gtk-status-bar[2941]: 2026-07-12T00:18:17.765223Z DEBUG gtk_status_bar::pw: 🎯 SINK CHANGE: None -> auto_null (should trigger volume fetch)
2026-07-12T00:18:18+00:00 machine gtk-status-bar[2941]: 2026-07-12T00:18:17.765239Z DEBUG gtk_status_bar::pw: 🗂️ Searching device map for default sink 'auto_null'
2026-07-12T00:18:18+00:00 machine gtk-status-bar[2941]: 2026-07-12T00:18:17.765255Z DEBUG gtk_status_bar::pw: 🗂️ Current device map contents: {4: ("auto_null", "Dummy Output", None, None, None)}
2026-07-12T00:18:18+00:00 machine gtk-status-bar[2941]: 2026-07-12T00:18:17.765278Z DEBUG gtk_status_bar::pw: 🔍 Checking device 4: node_name='auto_null', description='Dummy Output' against default sink 'auto_null'
2026-07-12T00:18:18+00:00 machine gtk-status-bar[2941]: 2026-07-12T00:18:17.765295Z DEBUG gtk_status_bar::pw: 🎯 MATCH! Found device 4 with node_name 'auto_null' matching default sink
2026-07-12T00:18:18+00:00 machine gtk-status-bar[2941]: 2026-07-12T00:18:17.765311Z DEBUG gtk_status_bar::pw: 🎨 Updating GUI label to: 'Dummy Output' with cached volume data
2026-07-12T00:18:18+00:00 machine gtk-status-bar[2941]: 2026-07-12T00:18:17.765327Z DEBUG gtk_status_bar::pw: 💾 Cached volume data: Vol: None%, Ch: None%, Mute: None
2026-07-12T00:18:18+00:00 machine gtk-status-bar[2941]: 2026-07-12T00:18:17.765351Z DEBUG gtk_status_bar::pw: ✅ Sent REAL volume data to GUI: 'Dummy Output' Vol: None%, Ch: None%, Mute: None
2026-07-12T00:18:18+00:00 machine gtk-status-bar[2941]: 2026-07-12T00:18:17.765552Z DEBUG gtk_status_bar::widgets: 📺 Skipping GUI update - no volume data available
2026-07-12T00:18:18+00:00 machine gtk-status-bar[2941]: 2026-07-12T00:18:17.765767Z DEBUG gtk_status_bar::pw: 🎛️  NODE PARAM CALLBACK: Dummy Output (4) received Props param
2026-07-12T00:18:18+00:00 machine gtk-status-bar[2941]: 2026-07-12T00:18:17.765791Z DEBUG gtk_status_bar::pw: 🔊 Node 4: Dummy Output - Vol: Some(100)% | Ch: Some(100)% | Mute: Some(false) [CACHING]
2026-07-12T00:18:18+00:00 machine gtk-status-bar[2941]: 2026-07-12T00:18:17.765809Z DEBUG gtk_status_bar::pw: 📝 Updated volume cache for device 4: Dummy Output -> Vol: Some(100)%, Ch: Some(100)%, Mute: Some(false)
2026-07-12T00:18:18+00:00 machine gtk-status-bar[2941]: 2026-07-12T00:18:17.765825Z DEBUG gtk_status_bar::pw: 🎯 Checking if device 4 is default: current_default=Some("auto_null"), node_name=auto_null, is_default=true
2026-07-12T00:18:18+00:00 machine gtk-status-bar[2941]: 2026-07-12T00:18:17.765842Z DEBUG gtk_status_bar::pw: 📤 SENDING VOLUME UPDATE to GUI for default sink (node id=4)
2026-07-12T00:18:18+00:00 machine gtk-status-bar[2941]: 2026-07-12T00:18:17.765865Z ERROR gtk_status_bar::pw: ❌ PipeWire error id:4 seq:5 res:-2: enum params id:13 (Spa:Enum:ParamId:Route) failed
2026-07-12T00:18:18+00:00 machine gtk-status-bar[2941]: 2026-07-12T00:18:17.766038Z DEBUG gtk_status_bar::widgets: 📺 GTK UI updated via ASYNC: 🔊D100
2026-07-12T00:18:18+00:00 machine gtk-status-bar[2941]: 2026-07-12T00:18:17.767105Z DEBUG gtk_status_bar::hypr: Initial title: "Close OS window"
2026-07-12T00:18:18+00:00 machine gtk-status-bar[2941]: 2026-07-12T00:18:17.767126Z  INFO gtk_status_bar::hypr: Starting title event listener
2026-07-12T00:18:18+00:00 machine gtk-status-bar[2941]: 2026-07-12T00:18:17.768217Z  INFO gtk_status_bar::hypr: Starting workspace event listener
2026-07-12T00:18:18+00:00 machine gtk-status-bar[2941]: 2026-07-12T00:18:18.498812Z DEBUG gtk_status_bar::widgets: Updating workspace - label: 'Workspace i', color for workspace: 2
2026-07-12T00:18:18+00:00 machine gtk-status-bar[2941]: 2026-07-12T00:18:18.498974Z DEBUG gtk_status_bar::widgets: Updated title widget color to: rgba(125, 207, 255, 0.5) for workspace: 2
2026-07-12T00:18:18+00:00 machine gtk-status-bar[2941]: 2026-07-12T00:18:18.499125Z DEBUG gtk_status_bar::widgets: Updating title label: Close OS window
