2026-07-12T06:05:32+00:00 machine gtk-status-bar[1182]: 2026-07-12T06:05:32.500115Z  INFO gtk_status_bar: Starting GTK status bar application
2026-07-12T06:05:32+00:00 machine gtk-status-bar[1182]: 2026-07-12T06:05:32.530050Z  INFO gtk_status_bar: Running GTK application
2026-07-12T06:05:36+00:00 machine gtk-status-bar[1182]: 2026-07-12T06:05:36.324900Z  INFO gtk_status_bar: Activating GTK application
2026-07-12T06:05:36+00:00 machine gtk-status-bar[1182]: 2026-07-12T06:05:36.341602Z DEBUG gtk_status_bar::widgets: Loading CSS styles
2026-07-12T06:05:36+00:00 machine gtk-status-bar[1182]: 2026-07-12T06:05:36.342516Z  INFO gtk_status_bar::widgets: CSS styles loaded successfully
2026-07-12T06:05:36+00:00 machine gtk-status-bar[1182]: 2026-07-12T06:05:36.342534Z DEBUG gtk_status_bar::widgets: Configuring layer shell
2026-07-12T06:05:36+00:00 machine gtk-status-bar[1182]: 2026-07-12T06:05:36.357717Z  INFO gtk_status_bar::widgets: Layer shell configured successfully
2026-07-12T06:05:36+00:00 machine gtk-status-bar[1182]: 2026-07-12T06:05:36.357934Z DEBUG gtk_status_bar::widgets: Creating experimental bar
2026-07-12T06:05:36+00:00 machine gtk-status-bar[1182]: 2026-07-12T06:05:36.359295Z DEBUG gtk_status_bar::widgets: Creating left group
2026-07-12T06:05:36+00:00 machine gtk-status-bar[1182]: 2026-07-12T06:05:36.359330Z DEBUG gtk_status_bar::widgets: Creating workspace widget
2026-07-12T06:05:36+00:00 machine gtk-status-bar[1182]: 2026-07-12T06:05:36.361368Z DEBUG gtk_status_bar::widgets: Creating center group
2026-07-12T06:05:36+00:00 machine gtk-status-bar[1182]: 2026-07-12T06:05:36.361410Z DEBUG gtk_status_bar::widgets: Creating title widget
2026-07-12T06:05:36+00:00 machine gtk-status-bar[1182]: 2026-07-12T06:05:36.361463Z DEBUG gtk_status_bar::widgets: Creating right group
2026-07-12T06:05:36+00:00 machine gtk-status-bar[1182]: 2026-07-12T06:05:36.361543Z DEBUG gtk_status_bar::widgets: Creating system tray widget
2026-07-12T06:05:36+00:00 machine gtk-status-bar[1182]: 2026-07-12T06:05:36.361572Z DEBUG gtk_status_bar::widgets: Creating bluetooth widget
2026-07-12T06:05:36+00:00 machine gtk-status-bar[1182]: 2026-07-12T06:05:36.361611Z DEBUG gtk_status_bar::widgets: Creating volume widget
2026-07-12T06:05:36+00:00 machine gtk-status-bar[1182]: 2026-07-12T06:05:36.361652Z DEBUG gtk_status_bar::widgets: Creating battery widget
2026-07-12T06:05:36+00:00 machine gtk-status-bar[1182]: 2026-07-12T06:05:36.361702Z DEBUG gtk_status_bar::widgets: Creating time widget
2026-07-12T06:05:37+00:00 machine gtk-status-bar[1182]: 2026-07-12T06:05:37.696694Z DEBUG gtk_status_bar::widgets: Setting up time widget updates
2026-07-12T06:05:37+00:00 machine gtk-status-bar[1182]: 2026-07-12T06:05:37.697238Z DEBUG gtk_status_bar::widgets: Setting up system tray updates
2026-07-12T06:05:37+00:00 machine gtk-status-bar[1182]: 2026-07-12T06:05:37.697279Z DEBUG gtk_status_bar::widgets: Setting up workspace updates
2026-07-12T06:05:37+00:00 machine gtk-status-bar[1182]: 2026-07-12T06:05:37.697313Z DEBUG gtk_status_bar::widgets: Setting up title updates
2026-07-12T06:05:37+00:00 machine gtk-status-bar[1182]: 2026-07-12T06:05:37.716921Z DEBUG gtk_status_bar::widgets: Setting up battery updates
2026-07-12T06:05:37+00:00 machine gtk-status-bar[1182]: 2026-07-12T06:05:37.717002Z DEBUG gtk_status_bar::widgets: Setting up Bluetooth battery updates
2026-07-12T06:05:37+00:00 machine gtk-status-bar[1182]: 2026-07-12T06:05:37.717040Z DEBUG gtk_status_bar::widgets: Setting up volume updates with tokio async channels
2026-07-12T06:05:37+00:00 machine gtk-status-bar[1182]: 2026-07-12T06:05:37.718989Z  INFO gtk_status_bar: Application activated successfully
2026-07-12T06:05:37+00:00 machine gtk-status-bar[1182]: 2026-07-12T06:05:37.722155Z DEBUG gtk_status_bar::pw: 🔧 Initializing PipeWire on dedicated thread...
2026-07-12T06:05:37+00:00 machine gtk-status-bar[1182]: 2026-07-12T06:05:37.722191Z DEBUG gtk_status_bar::pw: 📋 Created device tracking HashMap for (node_name, description, volume, channel, mute)
2026-07-12T06:05:37+00:00 machine gtk-status-bar[1182]: 2026-07-12T06:05:37.723679Z DEBUG gtk_status_bar::widgets: 🚀 Starting async volume update loop...
2026-07-12T06:05:37+00:00 machine gtk-status-bar[1182]: 2026-07-12T06:05:37.723942Z  INFO gtk_status_bar::hypr: 🔌 Starting workspace event listener
2026-07-12T06:05:37+00:00 machine gtk-status-bar[1182]: 2026-07-12T06:05:37.724679Z DEBUG gtk_status_bar::hypr: Setting up workspace event listener
2026-07-12T06:05:37+00:00 machine gtk-status-bar[1182]: 2026-07-12T06:05:37.727636Z  INFO gtk_status_bar::hypr: 🔌 Starting title event listener
2026-07-12T06:05:37+00:00 machine gtk-status-bar[1182]: 2026-07-12T06:05:37.727653Z DEBUG gtk_status_bar::hypr: Setting up title event listener
2026-07-12T06:05:37+00:00 machine gtk-status-bar[1182]: 2026-07-12T06:05:37.727667Z DEBUG gtk_status_bar::hypr: Fetching initial title state
2026-07-12T06:05:37+00:00 machine gtk-status-bar[1182]: 2026-07-12T06:05:37.736643Z  INFO gtk_status_bar::tray: 🔌 Starting system tray backend
2026-07-12T06:05:37+00:00 machine gtk-status-bar[1182]: 2026-07-12T06:05:37.736748Z  INFO gtk_status_bar::dbus: 🔌 Starting D-Bus monitor
2026-07-12T06:05:37+00:00 machine gtk-status-bar[1182]: 2026-07-12T06:05:37.736783Z  INFO gtk_status_bar::dbus: Starting D-Bus monitoring task
2026-07-12T06:05:37+00:00 machine gtk-status-bar[1182]: 2026-07-12T06:05:37.736853Z  INFO gtk_status_bar: Starting tray IPC server
2026-07-12T06:05:37+00:00 machine gtk-status-bar[1182]: 2026-07-12T06:05:37.750801Z  INFO gtk_status_bar::hypr: Starting workspace event listener
2026-07-12T06:05:37+00:00 machine gtk-status-bar[1182]: 2026-07-12T06:05:37.755657Z DEBUG gtk_status_bar::hypr: Initial title: ""
2026-07-12T06:05:37+00:00 machine gtk-status-bar[1182]: 2026-07-12T06:05:37.757653Z  INFO gtk_status_bar::hypr: Starting title event listener
2026-07-12T06:05:37+00:00 machine gtk-status-bar[1182]: 2026-07-12T06:05:37.778177Z DEBUG gtk_status_bar::pw: ✅ PipeWire initialized
2026-07-12T06:05:37+00:00 machine gtk-status-bar[1182]: 2026-07-12T06:05:37.779569Z DEBUG gtk_status_bar::pw: ✅ ThreadLoop created
2026-07-12T06:05:37+00:00 machine gtk-status-bar[1182]: 2026-07-12T06:05:37.780808Z  INFO tray_ipc: Tray IPC server is listening path=/run/user/1000/gtk-status-bar/tray.sock
2026-07-12T06:05:37+00:00 machine gtk-status-bar[1182]: 2026-07-12T06:05:37.812589Z DEBUG gtk_status_bar::widgets: Pinning bar height to font-derived line height char_height=18 multiplier=1.4 pinned=25
2026-07-12T06:05:37+00:00 machine gtk-status-bar[1182]: 2026-07-12T06:05:37.826847Z DEBUG gtk_status_bar::dbus: 🔌 Registered battery match rule
2026-07-12T06:05:37+00:00 machine gtk-status-bar[1182]: 2026-07-12T06:05:37.827170Z DEBUG gtk_status_bar::dbus: 🔌 Registered bluez PropertiesChanged match rule
2026-07-12T06:05:37+00:00 machine gtk-status-bar[1182]: 2026-07-12T06:05:37.827313Z DEBUG gtk_status_bar::dbus: 🔌 Registered bluez InterfacesAdded match rule
2026-07-12T06:05:37+00:00 machine gtk-status-bar[1182]: 2026-07-12T06:05:37.828739Z DEBUG gtk_status_bar::dbus: 🔌 Registered bluez InterfacesRemoved match rule
2026-07-12T06:05:37+00:00 machine gtk-status-bar[1182]: 2026-07-12T06:05:37.836989Z  INFO gtk_status_bar::dbus: Battery is at 73.0%
2026-07-12T06:05:37+00:00 machine gtk-status-bar[1182]: 2026-07-12T06:05:37.838277Z  INFO gtk_status_bar::dbus: Battery is discharging (state: 2)
2026-07-12T06:05:37+00:00 machine gtk-status-bar[1182]: 2026-07-12T06:05:37.839992Z  INFO gtk_status_bar::tray: Serving StatusNotifierWatcher for tray applications
2026-07-12T06:05:37+00:00 machine gtk-status-bar[1182]: 2026-07-12T06:05:37.843801Z  INFO gtk_status_bar::dbus: Found 3 Bluetooth objects
2026-07-12T06:05:37+00:00 machine gtk-status-bar[1182]: 2026-07-12T06:05:37.845610Z  INFO gtk_status_bar::dbus: Found Bluetooth device with battery at: /org/bluez/hci0/dev_AA_BB_CC_DD_EE_01
2026-07-12T06:05:37+00:00 machine gtk-status-bar[1182]: 2026-07-12T06:05:37.846703Z  INFO gtk_status_bar::dbus: Bluetooth device battery at 80%
2026-07-12T06:05:37+00:00 machine gtk-status-bar[1182]: 2026-07-12T06:05:37.847315Z DEBUG gtk_status_bar::dbus: Added device /org/bluez/hci0/dev_AA_BB_CC_DD_EE_01 to HashMap (has_battery: true, has_media: false)
2026-07-12T06:05:37+00:00 machine gtk-status-bar[1182]: 2026-07-12T06:05:37.847898Z DEBUG gtk_status_bar::dbus: Initial bluetooth devices: {"/org/bluez/hci0/dev_AA_BB_CC_DD_EE_01": BluetoothDevice { has_battery: true, has_media: false, battery_percentage: Some(80), device_name: Some("Pixel Buds") }}
2026-07-12T06:05:37+00:00 machine gtk-status-bar[1182]: 2026-07-12T06:05:37.848310Z  INFO gtk_status_bar::dbus: Sent initial Bluetooth display: P80
2026-07-12T06:05:37+00:00 machine gtk-status-bar[1182]: 2026-07-12T06:05:37.848341Z  INFO gtk_status_bar::dbus: Dbus monitor: Starting to listen for D-Bus messages
2026-07-12T06:05:37+00:00 machine gtk-status-bar[1182]: 2026-07-12T06:05:37.848359Z DEBUG gtk_status_bar::dbus: Got an event in event stream: Msg { type: MethodReturn, serial: 9, sender: UniqueName(":1.5"), reply-serial: 8, body: Variant, fds: [] }
2026-07-12T06:05:37+00:00 machine gtk-status-bar[1182]: 2026-07-12T06:05:37.848379Z DEBUG gtk_status_bar::dbus: Dbus monitor: Received D-Bus message from path: None, interface: None, member: None
2026-07-12T06:05:37+00:00 machine gtk-status-bar[1182]: 2026-07-12T06:05:37.848399Z ERROR gtk_status_bar::dbus: Dbus monitor: Received message with no path, ignoring
2026-07-12T06:05:37+00:00 machine gtk-status-bar[1182]: 2026-07-12T06:05:37.848416Z DEBUG gtk_status_bar::dbus: Got an event in event stream: Msg { type: MethodReturn, serial: 10, sender: UniqueName(":1.5"), reply-serial: 12, body: Variant, fds: [] }
2026-07-12T06:05:37+00:00 machine gtk-status-bar[1182]: 2026-07-12T06:05:37.848438Z DEBUG gtk_status_bar::dbus: Dbus monitor: Received D-Bus message from path: None, interface: None, member: None
2026-07-12T06:05:37+00:00 machine gtk-status-bar[1182]: 2026-07-12T06:05:37.848456Z ERROR gtk_status_bar::dbus: Dbus monitor: Received message with no path, ignoring
2026-07-12T06:05:37+00:00 machine gtk-status-bar[1182]: 2026-07-12T06:05:37.848523Z DEBUG gtk_status_bar::dbus: Got an event in event stream: Msg { type: MethodReturn, serial: 37, sender: UniqueName(":1.6"), reply-serial: 13, body: Dict { key: Dynamic { child: ObjectPath }, value: Dynamic { child: Dict { key: Dynamic { child: Str }, value: Dynamic { child: Dict { key: Dynamic { child: Str }, value: Dynamic { child: Variant } } } } } }, fds: [] }
2026-07-12T06:05:37+00:00 machine gtk-status-bar[1182]: 2026-07-12T06:05:37.848545Z DEBUG gtk_status_bar::dbus: Dbus monitor: Received D-Bus message from path: None, interface: None, member: None
2026-07-12T06:05:37+00:00 machine gtk-status-bar[1182]: 2026-07-12T06:05:37.848563Z ERROR gtk_status_bar::dbus: Dbus monitor: Received message with no path, ignoring
2026-07-12T06:05:37+00:00 machine gtk-status-bar[1182]: 2026-07-12T06:05:37.867088Z DEBUG gtk_status_bar::pw: ✅ Context created
2026-07-12T06:05:37+00:00 machine gtk-status-bar[1182]: 2026-07-12T06:05:37.868212Z DEBUG gtk_status_bar::widgets: Updating workspace - label: 'Workspace u', color for workspace: 1
2026-07-12T06:05:37+00:00 machine gtk-status-bar[1182]: 2026-07-12T06:05:37.868309Z DEBUG gtk_status_bar::widgets: Updated title widget color to: rgba(122, 162, 247, 0.5) for workspace: 1
2026-07-12T06:05:37+00:00 machine gtk-status-bar[1182]: 2026-07-12T06:05:37.868367Z DEBUG gtk_status_bar::widgets: Updating title label:
2026-07-12T06:05:37+00:00 machine gtk-status-bar[1182]: 2026-07-12T06:05:37.868632Z DEBUG gtk_status_bar::widgets: Updating battery label: 🔋 73%
2026-07-12T06:05:37+00:00 machine gtk-status-bar[1182]: 2026-07-12T06:05:37.868656Z DEBUG gtk_status_bar::widgets: 👁️  SHOWING battery widget - data: 🔋 73%
2026-07-12T06:05:37+00:00 machine gtk-status-bar[1182]: 2026-07-12T06:05:37.868707Z DEBUG gtk_status_bar::widgets: Updating Bluetooth battery label: P80
2026-07-12T06:05:37+00:00 machine gtk-status-bar[1182]: 2026-07-12T06:05:37.868728Z DEBUG gtk_status_bar::widgets: 👁️  SHOWING Bluetooth widget - data: P80
2026-07-12T06:05:37+00:00 machine gtk-status-bar[1182]: 2026-07-12T06:05:37.870452Z DEBUG gtk_status_bar::pw: ✅ Core connected
2026-07-12T06:05:37+00:00 machine gtk-status-bar[1182]: 2026-07-12T06:05:37.870524Z DEBUG gtk_status_bar::pw: ✅ Registry obtained
2026-07-12T06:05:37+00:00 machine gtk-status-bar[1182]: 2026-07-12T06:05:37.870542Z DEBUG gtk_status_bar::pw: 🎵 PipeWire ThreadLoop started - monitoring volume changes with default sink filtering
2026-07-12T06:05:37+00:00 machine gtk-status-bar[1182]: 2026-07-12T06:05:37.870994Z DEBUG gtk_status_bar::pw: ✅ ThreadLoop started successfully
2026-07-12T06:05:37+00:00 machine gtk-status-bar[1182]: 2026-07-12T06:05:37.871012Z DEBUG gtk_status_bar::pw: 🔄 PipeWire thread running - async event delivery active...
2026-07-12T06:05:37+00:00 machine gtk-status-bar[1182]: 2026-07-12T06:05:37.871829Z DEBUG gtk_status_bar::pw: 📡 PipeWire connected: pipewire-0
2026-07-12T06:05:37+00:00 machine gtk-status-bar[1182]: 2026-07-12T06:05:37.872391Z DEBUG gtk_status_bar::pw: 🚫 Skipping metadata '' (props: Some(DictRef { flags: Flags(0x0), entries: {"object.serial": "0", "core.name": "pipewire-0"} }))
2026-07-12T06:05:37+00:00 machine gtk-status-bar[1182]: 2026-07-12T06:05:37.872421Z DEBUG gtk_status_bar::pw: 🚫 Skipping metadata '' (props: Some(DictRef { flags: Flags(0x0), entries: {"object.serial": "1", "module.name": "libpipewire-module-rt"} }))
2026-07-12T06:05:37+00:00 machine gtk-status-bar[1182]: 2026-07-12T06:05:37.872444Z DEBUG gtk_status_bar::pw: 🚫 Skipping metadata '' (props: Some(DictRef { flags: Flags(0x0), entries: {"object.serial": "3"} }))
2026-07-12T06:05:37+00:00 machine gtk-status-bar[1182]: 2026-07-12T06:05:37.872528Z DEBUG gtk_status_bar::pw: 🚫 Skipping metadata '' (props: Some(DictRef { flags: Flags(0x0), entries: {"object.serial": "2", "module.name": "libpipewire-module-protocol-native"} }))
2026-07-12T06:05:37+00:00 machine gtk-status-bar[1182]: 2026-07-12T06:05:37.872551Z DEBUG gtk_status_bar::pw: 🚫 Skipping metadata '' (props: Some(DictRef { flags: Flags(0x0), entries: {"object.serial": "5"} }))
2026-07-12T06:05:37+00:00 machine gtk-status-bar[1182]: 2026-07-12T06:05:37.872579Z DEBUG gtk_status_bar::pw: 🚫 Skipping metadata '' (props: Some(DictRef { flags: Flags(0x0), entries: {"object.serial": "4", "module.name": "libpipewire-module-profiler"} }))
2026-07-12T06:05:37+00:00 machine gtk-status-bar[1182]: 2026-07-12T06:05:37.872600Z DEBUG gtk_status_bar::pw: 🚫 Skipping metadata '' (props: Some(DictRef { flags: Flags(0x0), entries: {"object.serial": "6", "module.name": "libpipewire-module-metadata"} }))
2026-07-12T06:05:37+00:00 machine gtk-status-bar[1182]: 2026-07-12T06:05:37.872621Z DEBUG gtk_status_bar::pw: 🚫 Skipping metadata '' (props: Some(DictRef { flags: Flags(0x0), entries: {"object.serial": "7", "module.id": "6", "factory.name": "metadata", "factory.type.name": "PipeWire:Interface:Metadata", "factory.type.version": "3"} }))
2026-07-12T06:05:37+00:00 machine gtk-status-bar[1182]: 2026-07-12T06:05:37.872643Z DEBUG gtk_status_bar::pw: 🚫 Skipping metadata '' (props: Some(DictRef { flags: Flags(0x0), entries: {"object.serial": "8", "module.name": "libpipewire-module-spa-device-factory"} }))
2026-07-12T06:05:37+00:00 machine gtk-status-bar[1182]: 2026-07-12T06:05:37.872664Z DEBUG gtk_status_bar::pw: 🚫 Skipping metadata '' (props: Some(DictRef { flags: Flags(0x0), entries: {"object.serial": "9", "module.id": "8", "factory.name": "spa-device-factory", "factory.type.name": "PipeWire:Interface:Device", "factory.type.version": "3"} }))
2026-07-12T06:05:37+00:00 machine gtk-status-bar[1182]: 2026-07-12T06:05:37.872686Z DEBUG gtk_status_bar::pw: 🚫 Skipping metadata '' (props: Some(DictRef { flags: Flags(0x0), entries: {"object.serial": "10", "module.name": "libpipewire-module-spa-node-factory"} }))
2026-07-12T06:05:37+00:00 machine gtk-status-bar[1182]: 2026-07-12T06:05:37.872771Z DEBUG gtk_status_bar::pw: 🚫 Skipping metadata '' (props: Some(DictRef { flags: Flags(0x0), entries: {"object.serial": "11", "module.id": "10", "factory.name": "spa-node-factory", "factory.type.name": "PipeWire:Interface:Node", "factory.type.version": "3"} }))
2026-07-12T06:05:37+00:00 machine gtk-status-bar[1182]: 2026-07-12T06:05:37.872792Z DEBUG gtk_status_bar::pw: 🚫 Skipping metadata '' (props: Some(DictRef { flags: Flags(0x0), entries: {"object.serial": "12", "module.name": "libpipewire-module-client-node"} }))
2026-07-12T06:05:37+00:00 machine gtk-status-bar[1182]: 2026-07-12T06:05:37.872814Z DEBUG gtk_status_bar::pw: 🚫 Skipping metadata '' (props: Some(DictRef { flags: Flags(0x0), entries: {"object.serial": "13", "module.id": "12", "factory.name": "client-node", "factory.type.name": "PipeWire:Interface:ClientNode", "factory.type.version": "6"} }))
2026-07-12T06:05:37+00:00 machine gtk-status-bar[1182]: 2026-07-12T06:05:37.872848Z DEBUG gtk_status_bar::pw: 🚫 Skipping metadata '' (props: Some(DictRef { flags: Flags(0x0), entries: {"object.serial": "14", "module.name": "libpipewire-module-client-device"} }))
2026-07-12T06:05:38+00:00 machine gtk-status-bar[1182]: 2026-07-12T06:05:37.872869Z DEBUG gtk_status_bar::pw: 🚫 Skipping metadata '' (props: Some(DictRef { flags: Flags(0x0), entries: {"object.serial": "15", "module.id": "14", "factory.name": "client-device", "factory.type.name": "Spa:Pointer:Interface:Device", "factory.type.version": "0"} }))
2026-07-12T06:05:38+00:00 machine gtk-status-bar[1182]: 2026-07-12T06:05:37.872961Z DEBUG gtk_status_bar::pw: 🚫 Skipping metadata '' (props: Some(DictRef { flags: Flags(0x0), entries: {"object.serial": "16", "module.name": "libpipewire-module-portal"} }))
2026-07-12T06:05:38+00:00 machine gtk-status-bar[1182]: 2026-07-12T06:05:37.872981Z DEBUG gtk_status_bar::pw: 🚫 Skipping metadata '' (props: Some(DictRef { flags: Flags(0x0), entries: {"object.serial": "17", "module.name": "libpipewire-module-access"} }))
2026-07-12T06:05:38+00:00 machine gtk-status-bar[1182]: 2026-07-12T06:05:37.873006Z DEBUG gtk_status_bar::pw: 🚫 Skipping metadata '' (props: Some(DictRef { flags: Flags(0x0), entries: {"object.serial": "18", "module.name": "libpipewire-module-adapter"} }))
2026-07-12T06:05:38+00:00 machine gtk-status-bar[1182]: 2026-07-12T06:05:37.873081Z DEBUG gtk_status_bar::pw: 🚫 Skipping metadata '' (props: Some(DictRef { flags: Flags(0x0), entries: {"object.serial": "19", "module.id": "18", "factory.name": "adapter", "factory.type.name": "PipeWire:Interface:Node", "factory.type.version": "3"} }))
2026-07-12T06:05:38+00:00 machine gtk-status-bar[1182]: 2026-07-12T06:05:37.873103Z DEBUG gtk_status_bar::pw: 🚫 Skipping metadata '' (props: Some(DictRef { flags: Flags(0x0), entries: {"object.serial": "20", "module.name": "libpipewire-module-link-factory"} }))
2026-07-12T06:05:38+00:00 machine gtk-status-bar[1182]: 2026-07-12T06:05:37.873123Z DEBUG gtk_status_bar::pw: 🚫 Skipping metadata '' (props: Some(DictRef { flags: Flags(0x0), entries: {"object.serial": "21", "module.id": "20", "factory.name": "link-factory", "factory.type.name": "PipeWire:Interface:Link", "factory.type.version": "3"} }))
2026-07-12T06:05:38+00:00 machine gtk-status-bar[1182]: 2026-07-12T06:05:37.873170Z DEBUG gtk_status_bar::pw: 🚫 Skipping metadata '' (props: Some(DictRef { flags: Flags(0x0), entries: {"object.serial": "22", "module.name": "libpipewire-module-session-manager"} }))
2026-07-12T06:05:38+00:00 machine gtk-status-bar[1182]: 2026-07-12T06:05:37.873192Z DEBUG gtk_status_bar::pw: 🚫 Skipping metadata '' (props: Some(DictRef { flags: Flags(0x0), entries: {"object.serial": "23", "module.id": "22", "factory.name": "client-endpoint", "factory.type.name": "PipeWire:Interface:ClientEndpoint", "factory.type.version": "0"} }))
2026-07-12T06:05:38+00:00 machine gtk-status-bar[1182]: 2026-07-12T06:05:37.873295Z DEBUG gtk_status_bar::pw: 🚫 Skipping metadata '' (props: Some(DictRef { flags: Flags(0x0), entries: {"object.serial": "24", "module.id": "22", "factory.name": "client-session", "factory.type.name": "PipeWire:Interface:ClientSession", "factory.type.version": "0"} }))
2026-07-12T06:05:38+00:00 machine gtk-status-bar[1182]: 2026-07-12T06:05:37.873319Z DEBUG gtk_status_bar::pw: 🚫 Skipping metadata '' (props: Some(DictRef { flags: Flags(0x0), entries: {"object.serial": "25", "module.id": "22", "factory.name": "session", "factory.type.name": "PipeWire:Interface:Session", "factory.type.version": "0"} }))
2026-07-12T06:05:38+00:00 machine gtk-status-bar[1182]: 2026-07-12T06:05:37.873339Z DEBUG gtk_status_bar::pw: 🚫 Skipping metadata '' (props: Some(DictRef { flags: Flags(0x0), entries: {"object.serial": "26", "module.id": "22", "factory.name": "endpoint", "factory.type.name": "PipeWire:Interface:Endpoint", "factory.type.version": "0"} }))
2026-07-12T06:05:38+00:00 machine gtk-status-bar[1182]: 2026-07-12T06:05:37.873627Z DEBUG gtk_status_bar::pw: 🚫 Skipping metadata '' (props: Some(DictRef { flags: Flags(0x0), entries: {"object.serial": "27", "module.id": "22", "factory.name": "endpoint-stream", "factory.type.name": "PipeWire:Interface:EndpointStream", "factory.type.version": "0"} }))
2026-07-12T06:05:38+00:00 machine gtk-status-bar[1182]: 2026-07-12T06:05:37.873649Z DEBUG gtk_status_bar::pw: 🚫 Skipping metadata '' (props: Some(DictRef { flags: Flags(0x0), entries: {"object.serial": "28", "module.id": "22", "factory.name": "endpoint-link", "factory.type.name": "PipeWire:Interface:EndpointLink", "factory.type.version": "0"} }))
2026-07-12T06:05:38+00:00 machine gtk-status-bar[1182]: 2026-07-12T06:05:37.873667Z DEBUG gtk_status_bar::pw: 🚫 Skipping metadata '' (props: Some(DictRef { flags: Flags(0x0), entries: {"object.serial": "29", "module.name": "libpipewire-module-x11-bell"} }))
2026-07-12T06:05:38+00:00 machine gtk-status-bar[1182]: 2026-07-12T06:05:37.873688Z DEBUG gtk_status_bar::pw: 🚫 Skipping metadata '' (props: Some(DictRef { flags: Flags(0x0), entries: {"object.serial": "30", "module.name": "libpipewire-module-jackdbus-detect"} }))
2026-07-12T06:05:38+00:00 machine gtk-status-bar[1182]: 2026-07-12T06:05:37.873708Z DEBUG gtk_status_bar::pw: 🚫 Skipping metadata '' (props: Some(DictRef { flags: Flags(0x0), entries: {"object.serial": "31", "factory.id": "11", "priority.driver": "200000", "node.name": "Dummy-Driver"} }))
2026-07-12T06:05:38+00:00 machine gtk-status-bar[1182]: 2026-07-12T06:05:37.873730Z DEBUG gtk_status_bar::pw: 🔍 Checking node - media.class: None
2026-07-12T06:05:38+00:00 machine gtk-status-bar[1182]: 2026-07-12T06:05:37.873749Z DEBUG gtk_status_bar::pw: 🔍 Node filter result: false for media.class: None
2026-07-12T06:05:38+00:00 machine gtk-status-bar[1182]: 2026-07-12T06:05:37.873766Z DEBUG gtk_status_bar::pw: 🚫 Skipping metadata '' (props: Some(DictRef { flags: Flags(0x0), entries: {"object.serial": "32", "factory.id": "11", "priority.driver": "190000", "node.name": "Freewheel-Driver"} }))
2026-07-12T06:05:38+00:00 machine gtk-status-bar[1182]: 2026-07-12T06:05:37.873784Z DEBUG gtk_status_bar::pw: 🔍 Checking node - media.class: None
2026-07-12T06:05:38+00:00 machine gtk-status-bar[1182]: 2026-07-12T06:05:37.873798Z DEBUG gtk_status_bar::pw: 🔍 Node filter result: false for media.class: None
2026-07-12T06:05:38+00:00 machine gtk-status-bar[1182]: 2026-07-12T06:05:37.873814Z DEBUG gtk_status_bar::pw: 🚫 Skipping metadata 'settings' (props: Some(DictRef { flags: Flags(0x0), entries: {"object.serial": "33", "metadata.name": "settings"} }))
2026-07-12T06:05:38+00:00 machine gtk-status-bar[1182]: 2026-07-12T06:05:37.873836Z DEBUG gtk_status_bar::pw: 🚫 Skipping metadata '' (props: Some(DictRef { flags: Flags(0x0), entries: {"object.serial": "34", "module.id": "2", "pipewire.protocol": "protocol-native", "pipewire.sec.pid": "1246", "pipewire.sec.uid": "1000", "pipewire.sec.gid": "100", "pipewire.sec.socket": "pipewire-0", "application.name": ".xdg-desktop-portal-wrapped", "pipewire.access": "unrestricted"} }))
2026-07-12T06:05:38+00:00 machine gtk-status-bar[1182]: 2026-07-12T06:05:37.873857Z DEBUG gtk_status_bar::pw: 🚫 Skipping metadata '' (props: Some(DictRef { flags: Flags(0x0), entries: {"object.serial": "35", "module.id": "2", "pipewire.protocol": "protocol-native", "pipewire.sec.pid": "1317", "pipewire.sec.uid": "1000", "pipewire.sec.gid": "100", "pipewire.sec.socket": "pipewire-0-manager", "application.name": "WirePlumber", "pipewire.access": "unrestricted"} }))
2026-07-12T06:05:38+00:00 machine gtk-status-bar[1182]: 2026-07-12T06:05:37.873880Z DEBUG gtk_status_bar::pw: 🚫 Skipping metadata 'schema-sm-settings' (props: Some(DictRef { flags: Flags(0x0), entries: {"metadata.name": "schema-sm-settings", "factory.id": "7", "module.id": "6", "client.id": "35", "object.serial": "36"} }))
2026-07-12T06:05:38+00:00 machine gtk-status-bar[1182]: 2026-07-12T06:05:37.873900Z DEBUG gtk_status_bar::pw: 🚫 Skipping metadata 'persistent-sm-settings' (props: Some(DictRef { flags: Flags(0x0), entries: {"metadata.name": "persistent-sm-settings", "factory.id": "7", "module.id": "6", "client.id": "35", "object.serial": "37"} }))
2026-07-12T06:05:38+00:00 machine gtk-status-bar[1182]: 2026-07-12T06:05:37.873921Z DEBUG gtk_status_bar::pw: 🚫 Skipping metadata 'sm-settings' (props: Some(DictRef { flags: Flags(0x0), entries: {"metadata.name": "sm-settings", "factory.id": "7", "module.id": "6", "client.id": "35", "object.serial": "38"} }))
2026-07-12T06:05:38+00:00 machine gtk-status-bar[1182]: 2026-07-12T06:05:37.873941Z DEBUG gtk_status_bar::pw: 🚫 Skipping metadata 'sm-objects' (props: Some(DictRef { flags: Flags(0x0), entries: {"metadata.name": "sm-objects", "factory.id": "7", "module.id": "6", "client.id": "35", "object.serial": "39"} }))
2026-07-12T06:05:38+00:00 machine gtk-status-bar[1182]: 2026-07-12T06:05:37.873961Z DEBUG gtk_status_bar::pw: 🚫 Skipping metadata 'default-profile' (props: Some(DictRef { flags: Flags(0x0), entries: {"wireplumber.state": "true", "metadata.name": "default-profile", "factory.id": "7", "module.id": "6", "client.id": "35", "object.serial": "40"} }))
2026-07-12T06:05:38+00:00 machine gtk-status-bar[1182]: 2026-07-12T06:05:37.873981Z DEBUG gtk_status_bar::pw: ✅ Processing metadata.name == default
2026-07-12T06:05:38+00:00 machine gtk-status-bar[1182]: 2026-07-12T06:05:37.873996Z DEBUG gtk_status_bar::pw: 📋 Found metadata object: Some(DictRef { flags: Flags(0x0), entries: {"metadata.name": "default", "factory.id": "7", "module.id": "6", "client.id": "35", "object.serial": "42"} })
2026-07-12T06:05:38+00:00 machine gtk-status-bar[1182]: 2026-07-12T06:05:37.874027Z DEBUG gtk_status_bar::pw: 📋 Bound 'default' Metadata (id=3)
2026-07-12T06:05:38+00:00 machine gtk-status-bar[1182]: 2026-07-12T06:05:37.874067Z DEBUG gtk_status_bar::pw: 🚫 Skipping metadata 'filters' (props: Some(DictRef { flags: Flags(0x0), entries: {"metadata.name": "filters", "factory.id": "7", "module.id": "6", "client.id": "35", "object.serial": "43"} }))
2026-07-12T06:05:38+00:00 machine gtk-status-bar[1182]: 2026-07-12T06:05:37.874090Z DEBUG gtk_status_bar::pw: 🚫 Skipping metadata 'route-settings' (props: Some(DictRef { flags: Flags(0x0), entries: {"metadata.name": "route-settings", "factory.id": "7", "module.id": "6", "client.id": "35", "object.serial": "44"} }))
2026-07-12T06:05:38+00:00 machine gtk-status-bar[1182]: 2026-07-12T06:05:37.874111Z DEBUG gtk_status_bar::pw: 🚫 Skipping metadata '' (props: Some(DictRef { flags: Flags(0x0), entries: {"object.serial": "45", "module.id": "2", "pipewire.protocol": "protocol-native", "pipewire.sec.pid": "1317", "pipewire.sec.uid": "1000", "pipewire.sec.gid": "100", "pipewire.sec.socket": "pipewire-0-manager", "application.name": "WirePlumber [export]", "pipewire.access": "unrestricted"} }))
2026-07-12T06:05:38+00:00 machine gtk-status-bar[1182]: 2026-07-12T06:05:37.874133Z DEBUG gtk_status_bar::pw: 🚫 Skipping metadata '' (props: Some(DictRef { flags: Flags(0x0), entries: {"object.serial": "46", "factory.id": "11", "client.id": "45", "priority.session": "100", "priority.driver": "1", "node.name": "Midi-Bridge", "media.class": "Midi/Bridge"} }))
2026-07-12T06:05:38+00:00 machine gtk-status-bar[1182]: 2026-07-12T06:05:37.874158Z DEBUG gtk_status_bar::pw: 🔍 Checking node - media.class: Some("Midi/Bridge")
2026-07-12T06:05:38+00:00 machine gtk-status-bar[1182]: 2026-07-12T06:05:37.874173Z DEBUG gtk_status_bar::pw: 🔍 Node filter result: false for media.class: Some("Midi/Bridge")
2026-07-12T06:05:38+00:00 machine gtk-status-bar[1182]: 2026-07-12T06:05:37.874190Z DEBUG gtk_status_bar::pw: 🚫 Skipping metadata '' (props: Some(DictRef { flags: Flags(0x0), entries: {"object.serial": "47", "object.path": "alsa:seq:default:client_14:playback_0", "format.dsp": "8 bit raw midi", "node.id": "46", "port.id": "0", "port.name": "Midi Through: Port-0 (playback)", "port.direction": "in", "port.physical": "true", "port.terminal": "true", "port.alias": "Midi Through:Midi Through Port-0", "port.group": "client_14"} }))
2026-07-12T06:05:38+00:00 machine gtk-status-bar[1182]: 2026-07-12T06:05:37.874209Z DEBUG gtk_status_bar::pw: 🚫 Skipping metadata '' (props: Some(DictRef { flags: Flags(0x0), entries: {"object.serial": "48", "object.path": "alsa:seq:default:client_14:capture_0", "format.dsp": "8 bit raw midi", "node.id": "46", "port.id": "0", "port.name": "Midi Through: Port-0 (capture)", "port.direction": "out", "port.physical": "true", "port.terminal": "true", "port.alias": "Midi Through:Midi Through Port-0", "port.group": "client_14"} }))
2026-07-12T06:05:38+00:00 machine gtk-status-bar[1182]: 2026-07-12T06:05:37.874228Z DEBUG gtk_status_bar::pw: 🚫 Skipping metadata '' (props: Some(DictRef { flags: Flags(0x0), entries: {"object.serial": "41", "module.id": "2", "pipewire.protocol": "protocol-native", "pipewire.sec.pid": "1330", "pipewire.sec.uid": "1000", "pipewire.sec.gid": "100", "pipewire.sec.socket": "pipewire-0", "application.name": ".xdg-desktop-portal-hyprland-wrapped", "pipewire.access": "unrestricted"} }))
2026-07-12T06:05:38+00:00 machine gtk-status-bar[1182]: 2026-07-12T06:05:37.874247Z DEBUG gtk_status_bar::pw: 🚫 Skipping metadata '' (props: Some(DictRef { flags: Flags(0x0), entries: {"object.serial": "49", "factory.id": "14", "client.id": "45", "node.description": "BLE MIDI 1", "node.name": "bluez_midi.server", "media.class": "Midi/Bridge"} }))
2026-07-12T06:05:38+00:00 machine gtk-status-bar[1182]: 2026-07-12T06:05:37.874274Z DEBUG gtk_status_bar::pw: 🔍 Checking node - media.class: Some("Midi/Bridge")
2026-07-12T06:05:38+00:00 machine gtk-status-bar[1182]: 2026-07-12T06:05:37.874290Z DEBUG gtk_status_bar::pw: 🔍 Node filter result: false for media.class: Some("Midi/Bridge")
2026-07-12T06:05:38+00:00 machine gtk-status-bar[1182]: 2026-07-12T06:05:37.874311Z DEBUG gtk_status_bar::pw: 🚫 Skipping metadata '' (props: Some(DictRef { flags: Flags(0x0), entries: {"object.serial": "50", "object.path": "bluez_midi.server:input_0", "format.dsp": "8 bit raw midi", "node.id": "49", "port.id": "0", "port.name": "in", "port.direction": "in", "port.physical": "true", "port.terminal": "true", "port.alias": "in", "port.group": "group.0"} }))
2026-07-12T06:05:38+00:00 machine gtk-status-bar[1182]: 2026-07-12T06:05:37.874334Z DEBUG gtk_status_bar::pw: 🚫 Skipping metadata '' (props: Some(DictRef { flags: Flags(0x0), entries: {"object.serial": "51", "object.path": "bluez_midi.server:output_0", "format.dsp": "8 bit raw midi", "node.id": "49", "port.id": "0", "port.name": "out", "port.direction": "out", "port.physical": "true", "port.terminal": "true", "port.alias": "out", "port.group": "group.0"} }))
2026-07-12T06:05:38+00:00 machine gtk-status-bar[1182]: 2026-07-12T06:05:37.874355Z DEBUG gtk_status_bar::pw: 🚫 Skipping metadata '' (props: Some(DictRef { flags: Flags(0x0), entries: {"object.serial": "52", "module.id": "2", "pipewire.protocol": "protocol-native", "pipewire.sec.pid": "1369", "pipewire.sec.uid": "1000", "pipewire.sec.gid": "100", "pipewire.sec.socket": "pipewire-0", "application.name": "pipewire", "pipewire.access": "unrestricted"} }))
2026-07-12T06:05:38+00:00 machine gtk-status-bar[1182]: 2026-07-12T06:05:37.874377Z DEBUG gtk_status_bar::pw: 🚫 Skipping metadata '' (props: Some(DictRef { flags: Flags(0x0), entries: {"object.serial": "53", "factory.id": "19", "client.id": "52", "node.description": "Dummy Output", "node.name": "auto_null", "media.class": "Audio/Sink"} }))
2026-07-12T06:05:38+00:00 machine gtk-status-bar[1182]: 2026-07-12T06:05:37.874397Z DEBUG gtk_status_bar::pw: 🔍 Checking node - media.class: Some("Audio/Sink")
2026-07-12T06:05:38+00:00 machine gtk-status-bar[1182]: 2026-07-12T06:05:37.874416Z DEBUG gtk_status_bar::pw: 🔍 Node filter result: true for media.class: Some("Audio/Sink")
2026-07-12T06:05:38+00:00 machine gtk-status-bar[1182]: 2026-07-12T06:05:37.874437Z DEBUG gtk_status_bar::pw: 📱 Monitoring audio node: Dummy Output (4) [node.name: auto_null]
2026-07-12T06:05:38+00:00 machine gtk-status-bar[1182]: 2026-07-12T06:05:37.874453Z DEBUG gtk_status_bar::pw: 🔗 ADDING NODE LISTENER for node.name: auto_null
2026-07-12T06:05:38+00:00 machine gtk-status-bar[1182]: 2026-07-12T06:05:37.874523Z DEBUG gtk_status_bar::pw: 📝 Added device to HashMap: 4 -> (auto_null, Dummy Output, no volume yet)
2026-07-12T06:05:38+00:00 machine gtk-status-bar[1182]: 2026-07-12T06:05:37.874541Z DEBUG gtk_status_bar::pw: 🗂️ Current device map size: 1
2026-07-12T06:05:38+00:00 machine gtk-status-bar[1182]: 2026-07-12T06:05:37.874738Z DEBUG gtk_status_bar::pw: 🚫 Skipping metadata '' (props: Some(DictRef { flags: Flags(0x0), entries: {"object.serial": "54", "module.id": "2", "pipewire.protocol": "protocol-native", "pipewire.sec.pid": "1369", "pipewire.sec.uid": "1000", "pipewire.sec.gid": "100", "pipewire.sec.socket": "pipewire-0", "application.name": "Blueman", "pipewire.access": "unrestricted"} }))
2026-07-12T06:05:38+00:00 machine gtk-status-bar[1182]: 2026-07-12T06:05:37.874766Z DEBUG gtk_status_bar::pw: 🚫 Skipping metadata '' (props: Some(DictRef { flags: Flags(0x0), entries: {"object.serial": "55", "module.id": "2", "pipewire.protocol": "protocol-native", "pipewire.sec.pid": "1182", "pipewire.sec.uid": "1000", "pipewire.sec.gid": "100", "pipewire.sec.socket": "pipewire-0", "application.name": ".gtk-status-bar-wrapped", "pipewire.access": "unrestricted"} }))
2026-07-12T06:05:38+00:00 machine gtk-status-bar[1182]: 2026-07-12T06:05:38.394850Z DEBUG gtk_status_bar::pw: 🚫 Skipping metadata '' (props: Some(DictRef { flags: Flags(0x0), entries: {"object.serial": "56", "object.path": "auto_null:playback_0", "format.dsp": "32 bit float mono audio", "node.id": "53", "audio.channel": "FL", "port.id": "0", "port.name": "playback_FL", "port.direction": "in", "port.alias": "Dummy Output:playback_FL", "port.group": "stream.0"} }))
2026-07-12T06:05:38+00:00 machine gtk-status-bar[1182]: 2026-07-12T06:05:38.394886Z DEBUG gtk_status_bar::pw: 🚫 Skipping metadata '' (props: Some(DictRef { flags: Flags(0x0), entries: {"object.serial": "57", "object.path": "auto_null:playback_1", "format.dsp": "32 bit float mono audio", "node.id": "53", "audio.channel": "FR", "port.id": "1", "port.name": "playback_FR", "port.direction": "in", "port.alias": "Dummy Output:playback_FR", "port.group": "stream.0"} }))
2026-07-12T06:05:38+00:00 machine gtk-status-bar[1182]: 2026-07-12T06:05:38.394906Z DEBUG gtk_status_bar::pw: 🚫 Skipping metadata '' (props: Some(DictRef { flags: Flags(0x0), entries: {"object.serial": "58", "object.path": "auto_null:monitor_0", "format.dsp": "32 bit float mono audio", "node.id": "53", "audio.channel": "FL", "port.id": "0", "port.name": "monitor_FL", "port.direction": "out", "port.monitor": "true", "port.alias": "Dummy Output:monitor_FL", "port.group": "stream.0"} }))
2026-07-12T06:05:38+00:00 machine gtk-status-bar[1182]: 2026-07-12T06:05:38.394924Z DEBUG gtk_status_bar::pw: 🚫 Skipping metadata '' (props: Some(DictRef { flags: Flags(0x0), entries: {"object.serial": "59", "object.path": "auto_null:monitor_1", "format.dsp": "32 bit float mono audio", "node.id": "53", "audio.channel": "FR", "port.id": "1", "port.name": "monitor_FR", "port.direction": "out", "port.monitor": "true", "port.alias": "Dummy Output:monitor_FR", "port.group": "stream.0"} }))
2026-07-12T06:05:38+00:00 machine gtk-status-bar[1182]: 2026-07-12T06:05:38.395102Z  INFO gtk_status_bar::tray: Status notifier item registered item=":1.44/StatusNotifierItem"
2026-07-12T06:05:38+00:00 machine gtk-status-bar[1182]: 2026-07-12T06:05:38.395445Z DEBUG gtk_status_bar::pw: 🎛️  NODE PARAM CALLBACK: Dummy Output (4) received Props param
2026-07-12T06:05:38+00:00 machine gtk-status-bar[1182]: 2026-07-12T06:05:38.396349Z DEBUG gtk_status_bar::pw: 🔊 Node 4: Dummy Output - Vol: Some(100)% | Ch: Some(100)% | Mute: Some(false) [CACHING]
2026-07-12T06:05:38+00:00 machine gtk-status-bar[1182]: 2026-07-12T06:05:38.396368Z DEBUG gtk_status_bar::pw: 📝 Updated volume cache for device 4: Dummy Output -> Vol: Some(100)%, Ch: Some(100)%, Mute: Some(false)
2026-07-12T06:05:38+00:00 machine gtk-status-bar[1182]: 2026-07-12T06:05:38.396382Z DEBUG gtk_status_bar::pw: 🎯 Checking if device 4 is default: current_default=None, node_name=auto_null, is_default=false
2026-07-12T06:05:38+00:00 machine gtk-status-bar[1182]: 2026-07-12T06:05:38.396397Z DEBUG gtk_status_bar::pw: 📊 Cached volume for non-default device 4 (Dummy Output)
2026-07-12T06:05:38+00:00 machine gtk-status-bar[1182]: 2026-07-12T06:05:38.396616Z ERROR gtk_status_bar::pw: ❌ PipeWire error id:4 seq:5 res:-2: enum params id:13 (Spa:Enum:ParamId:Route) failed
2026-07-12T06:05:38+00:00 machine gtk-status-bar[1182]: 2026-07-12T06:05:38.405530Z DEBUG gtk_status_bar::pw: 🎛️  NODE PARAM CALLBACK: Dummy Output (4) received Props param
2026-07-12T06:05:38+00:00 machine gtk-status-bar[1182]: 2026-07-12T06:05:38.405558Z DEBUG gtk_status_bar::pw: 🔊 Node 4: Dummy Output - Vol: Some(100)% | Ch: Some(100)% | Mute: Some(false) [CACHING]
2026-07-12T06:05:38+00:00 machine gtk-status-bar[1182]: 2026-07-12T06:05:38.405576Z DEBUG gtk_status_bar::pw: 📝 Updated volume cache for device 4: Dummy Output -> Vol: Some(100)%, Ch: Some(100)%, Mute: Some(false)
2026-07-12T06:05:38+00:00 machine gtk-status-bar[1182]: 2026-07-12T06:05:38.405606Z DEBUG gtk_status_bar::pw: 🎯 Checking if device 4 is default: current_default=None, node_name=auto_null, is_default=false
2026-07-12T06:05:38+00:00 machine gtk-status-bar[1182]: 2026-07-12T06:05:38.405622Z DEBUG gtk_status_bar::pw: 📊 Cached volume for non-default device 4 (Dummy Output)
2026-07-12T06:05:38+00:00 machine gtk-status-bar[1182]: 2026-07-12T06:05:38.436572Z DEBUG gtk_status_bar::pw: 📝 metadata.property subject=0 key=Some("default.audio.sink") value=Some("{\"name\":\"auto_null\"}")
2026-07-12T06:05:38+00:00 machine gtk-status-bar[1182]: 2026-07-12T06:05:38.436607Z DEBUG gtk_status_bar::pw: 🔍 Processing metadata property: default.audio.sink={"name":"auto_null"}
2026-07-12T06:05:38+00:00 machine gtk-status-bar[1182]: 2026-07-12T06:05:38.436631Z  INFO gtk_status_bar::pw: 🔄 Default sink -> auto_null
2026-07-12T06:05:38+00:00 machine gtk-status-bar[1182]: 2026-07-12T06:05:38.436648Z DEBUG gtk_status_bar::pw: 🎯 SINK CHANGE: None -> auto_null (should trigger volume fetch)
2026-07-12T06:05:38+00:00 machine gtk-status-bar[1182]: 2026-07-12T06:05:38.436665Z DEBUG gtk_status_bar::pw: 🗂️ Searching device map for default sink 'auto_null'
2026-07-12T06:05:38+00:00 machine gtk-status-bar[1182]: 2026-07-12T06:05:38.436682Z DEBUG gtk_status_bar::pw: 🗂️ Current device map contents: {4: ("auto_null", "Dummy Output", Some(100), Some(100), Some(false))}
2026-07-12T06:05:38+00:00 machine gtk-status-bar[1182]: 2026-07-12T06:05:38.436703Z DEBUG gtk_status_bar::pw: 🔍 Checking device 4: node_name='auto_null', description='Dummy Output' against default sink 'auto_null'
2026-07-12T06:05:38+00:00 machine gtk-status-bar[1182]: 2026-07-12T06:05:38.436721Z DEBUG gtk_status_bar::pw: 🎯 MATCH! Found device 4 with node_name 'auto_null' matching default sink
2026-07-12T06:05:38+00:00 machine gtk-status-bar[1182]: 2026-07-12T06:05:38.436738Z DEBUG gtk_status_bar::pw: 🎨 Updating GUI label to: 'Dummy Output' with cached volume data
2026-07-12T06:05:38+00:00 machine gtk-status-bar[1182]: 2026-07-12T06:05:38.436754Z DEBUG gtk_status_bar::pw: 💾 Cached volume data: Vol: Some(100)%, Ch: Some(100)%, Mute: Some(false)
2026-07-12T06:05:38+00:00 machine gtk-status-bar[1182]: 2026-07-12T06:05:38.436776Z DEBUG gtk_status_bar::pw: ✅ Sent REAL volume data to GUI: 'Dummy Output' Vol: Some(100)%, Ch: Some(100)%, Mute: Some(false)
2026-07-12T06:05:38+00:00 machine gtk-status-bar[1182]: 2026-07-12T06:05:38.667360Z  INFO gtk_status_bar::tray: Status notifier item registered item=":1.43/org/blueman/sni"
2026-07-12T06:05:38+00:00 machine gtk-status-bar[1182]: 2026-07-12T06:05:38.685305Z DEBUG gtk_status_bar::tray: Tray item property is unavailable property="IconPixmap" error=org.freedesktop.DBus.Error.InvalidArgs: No such property “IconPixmap”
2026-07-12T06:05:38+00:00 machine gtk-status-bar[1182]: 2026-07-12T06:05:38.686743Z DEBUG gtk_status_bar::tray: Tray item property is unavailable property="IconThemePath" error=org.freedesktop.DBus.Error.InvalidArgs: No such property “IconThemePath”
2026-07-12T06:05:38+00:00 machine gtk-status-bar[1182]: 2026-07-12T06:05:38.693838Z  INFO gtk_status_bar::widgets: Added system tray item item=":1.44/StatusNotifierItem"
2026-07-12T06:05:38+00:00 machine gtk-status-bar[1182]: 2026-07-12T06:05:38.703888Z  INFO gtk_status_bar::widgets: Added system tray item item=":1.43/org/blueman/sni"
2026-07-12T06:05:38+00:00 machine gtk-status-bar[1182]: 2026-07-12T06:05:38.704165Z DEBUG gtk_status_bar::widgets: 📺 GTK UI updated via ASYNC: 🔊D100
2026-07-12T06:05:44+00:00 machine gtk-status-bar[1182]: 2026-07-12T06:05:44.698877Z DEBUG gtk_status_bar::hypr: Handling workspace change event
2026-07-12T06:05:44+00:00 machine gtk-status-bar[1182]: 2026-07-12T06:05:44.698906Z DEBUG gtk_status_bar::hypr: Workspace changed to: Workspace i
2026-07-12T06:05:44+00:00 machine gtk-status-bar[1182]: 2026-07-12T06:05:44.699069Z DEBUG gtk_status_bar::widgets: Updating workspace - label: 'Workspace i', color for workspace: 2
2026-07-12T06:05:44+00:00 machine gtk-status-bar[1182]: 2026-07-12T06:05:44.699261Z DEBUG gtk_status_bar::widgets: Updated title widget color to: rgba(125, 207, 255, 0.5) for workspace: 2
2026-07-12T06:05:47+00:00 machine gtk-status-bar[1182]: 2026-07-12T06:05:47.343352Z DEBUG gtk_status_bar::hypr: Handling workspace change event
2026-07-12T06:05:47+00:00 machine gtk-status-bar[1182]: 2026-07-12T06:05:47.343385Z DEBUG gtk_status_bar::hypr: Workspace changed to: Workspace c
2026-07-12T06:05:47+00:00 machine gtk-status-bar[1182]: 2026-07-12T06:05:47.344202Z DEBUG gtk_status_bar::widgets: Updating workspace - label: 'Workspace c', color for workspace: 10
2026-07-12T06:05:47+00:00 machine gtk-status-bar[1182]: 2026-07-12T06:05:47.344402Z DEBUG gtk_status_bar::widgets: Updated title widget color to: rgba(13, 185, 215, 0.5) for workspace: 10
2026-07-12T06:05:49+00:00 machine gtk-status-bar[1182]: 2026-07-12T06:05:49.979567Z DEBUG gtk_status_bar::hypr: Handling workspace change event
2026-07-12T06:05:49+00:00 machine gtk-status-bar[1182]: 2026-07-12T06:05:49.979595Z DEBUG gtk_status_bar::hypr: Workspace changed to: Workspace 11
2026-07-12T06:05:49+00:00 machine gtk-status-bar[1182]: 2026-07-12T06:05:49.979760Z DEBUG gtk_status_bar::widgets: Updating workspace - label: 'Workspace 11', color for workspace: 11
2026-07-12T06:05:49+00:00 machine gtk-status-bar[1182]: 2026-07-12T06:05:49.979935Z DEBUG gtk_status_bar::widgets: Updated title widget color to: rgba(67, 233, 123, 0.5) for workspace: 11
2026-07-12T06:05:52+00:00 machine gtk-status-bar[1182]: 2026-07-12T06:05:52.601543Z DEBUG gtk_status_bar::widgets: Updating workspace - label: 'Special: evidence', color for workspace: -99
2026-07-12T06:05:52+00:00 machine gtk-status-bar[1182]: 2026-07-12T06:05:52.601768Z DEBUG gtk_status_bar::widgets: Updated title widget color to: rgba(67, 233, 123, 0.5) for workspace: -99
2026-07-12T06:05:55+00:00 machine gtk-status-bar[1182]: 2026-07-12T06:05:55.249845Z DEBUG gtk_status_bar::widgets: Updating workspace - label: 'Workspace 11', color for workspace: 11
2026-07-12T06:05:55+00:00 machine gtk-status-bar[1182]: 2026-07-12T06:05:55.250269Z DEBUG gtk_status_bar::widgets: Updated title widget color to: rgba(67, 233, 123, 0.5) for workspace: 11
2026-07-12T06:05:55+00:00 machine gtk-status-bar[1182]: 2026-07-12T06:05:55.423457Z DEBUG gtk_status_bar::widgets: Updating workspace - label: 'Special: special', color for workspace: -99
2026-07-12T06:05:55+00:00 machine gtk-status-bar[1182]: 2026-07-12T06:05:55.423731Z DEBUG gtk_status_bar::widgets: Updated title widget color to: rgba(67, 233, 123, 0.5) for workspace: -99
2026-07-12T06:05:57+00:00 machine gtk-status-bar[1182]: 2026-07-12T06:05:57.998679Z DEBUG gtk_status_bar::widgets: Updating workspace - label: 'Workspace 11', color for workspace: 11
2026-07-12T06:05:57+00:00 machine gtk-status-bar[1182]: 2026-07-12T06:05:57.998873Z DEBUG gtk_status_bar::widgets: Updated title widget color to: rgba(67, 233, 123, 0.5) for workspace: 11
2026-07-12T06:05:58+00:00 machine gtk-status-bar[1182]: 2026-07-12T06:05:58.192913Z DEBUG gtk_status_bar::hypr: Handling workspace change event
2026-07-12T06:05:58+00:00 machine gtk-status-bar[1182]: 2026-07-12T06:05:58.192955Z DEBUG gtk_status_bar::hypr: Workspace changed to: Workspace u
2026-07-12T06:05:58+00:00 machine gtk-status-bar[1182]: 2026-07-12T06:05:58.193197Z DEBUG gtk_status_bar::widgets: Updating workspace - label: 'Workspace u', color for workspace: 1
2026-07-12T06:05:58+00:00 machine gtk-status-bar[1182]: 2026-07-12T06:05:58.193394Z DEBUG gtk_status_bar::widgets: Updated title widget color to: rgba(122, 162, 247, 0.5) for workspace: 1
2026-07-12T06:05:58+00:00 machine gtk-status-bar[1182]: 2026-07-12T06:05:58.381323Z DEBUG gtk_status_bar::hypr: Handling workspace change event
2026-07-12T06:05:58+00:00 machine gtk-status-bar[1182]: 2026-07-12T06:05:58.381351Z DEBUG gtk_status_bar::hypr: Workspace changed to: Workspace i
2026-07-12T06:05:58+00:00 machine gtk-status-bar[1182]: 2026-07-12T06:05:58.381525Z DEBUG gtk_status_bar::widgets: Updating workspace - label: 'Workspace i', color for workspace: 2
2026-07-12T06:05:58+00:00 machine gtk-status-bar[1182]: 2026-07-12T06:05:58.381771Z DEBUG gtk_status_bar::widgets: Updated title widget color to: rgba(125, 207, 255, 0.5) for workspace: 2
2026-07-12T06:05:58+00:00 machine gtk-status-bar[1182]: 2026-07-12T06:05:58.566269Z DEBUG gtk_status_bar::hypr: Handling workspace change event
2026-07-12T06:05:58+00:00 machine gtk-status-bar[1182]: 2026-07-12T06:05:58.566302Z DEBUG gtk_status_bar::hypr: Workspace changed to: Workspace o
2026-07-12T06:05:58+00:00 machine gtk-status-bar[1182]: 2026-07-12T06:05:58.566455Z DEBUG gtk_status_bar::widgets: Updating workspace - label: 'Workspace o', color for workspace: 3
2026-07-12T06:05:58+00:00 machine gtk-status-bar[1182]: 2026-07-12T06:05:58.566704Z DEBUG gtk_status_bar::widgets: Updated title widget color to: rgba(158, 206, 106, 0.5) for workspace: 3
2026-07-12T06:05:58+00:00 machine gtk-status-bar[1182]: 2026-07-12T06:05:58.745233Z DEBUG gtk_status_bar::hypr: Handling workspace change event
2026-07-12T06:05:58+00:00 machine gtk-status-bar[1182]: 2026-07-12T06:05:58.745262Z DEBUG gtk_status_bar::hypr: Workspace changed to: Workspace p
2026-07-12T06:05:58+00:00 machine gtk-status-bar[1182]: 2026-07-12T06:05:58.746423Z DEBUG gtk_status_bar::widgets: Updating workspace - label: 'Workspace p', color for workspace: 4
2026-07-12T06:05:58+00:00 machine gtk-status-bar[1182]: 2026-07-12T06:05:58.746656Z DEBUG gtk_status_bar::widgets: Updated title widget color to: rgba(187, 154, 247, 0.5) for workspace: 4
2026-07-12T06:05:58+00:00 machine gtk-status-bar[1182]: 2026-07-12T06:05:58.933863Z DEBUG gtk_status_bar::hypr: Handling workspace change event
2026-07-12T06:05:58+00:00 machine gtk-status-bar[1182]: 2026-07-12T06:05:58.933898Z DEBUG gtk_status_bar::hypr: Workspace changed to: Workspace j
2026-07-12T06:05:58+00:00 machine gtk-status-bar[1182]: 2026-07-12T06:05:58.934217Z DEBUG gtk_status_bar::widgets: Updating workspace - label: 'Workspace j', color for workspace: 5
2026-07-12T06:05:58+00:00 machine gtk-status-bar[1182]: 2026-07-12T06:05:58.934681Z DEBUG gtk_status_bar::widgets: Updated title widget color to: rgba(247, 118, 142, 0.5) for workspace: 5
2026-07-12T06:05:59+00:00 machine gtk-status-bar[1182]: 2026-07-12T06:05:59.145683Z DEBUG gtk_status_bar::hypr: Handling workspace change event
2026-07-12T06:05:59+00:00 machine gtk-status-bar[1182]: 2026-07-12T06:05:59.145709Z DEBUG gtk_status_bar::hypr: Workspace changed to: Workspace u
2026-07-12T06:05:59+00:00 machine gtk-status-bar[1182]: 2026-07-12T06:05:59.146401Z DEBUG gtk_status_bar::widgets: Updating workspace - label: 'Workspace u', color for workspace: 1
2026-07-12T06:05:59+00:00 machine gtk-status-bar[1182]: 2026-07-12T06:05:59.146609Z DEBUG gtk_status_bar::widgets: Updated title widget color to: rgba(122, 162, 247, 0.5) for workspace: 1
2026-07-12T06:05:59+00:00 machine gtk-status-bar[1182]: 2026-07-12T06:05:59.330357Z DEBUG gtk_status_bar::hypr: Handling workspace change event
2026-07-12T06:05:59+00:00 machine gtk-status-bar[1182]: 2026-07-12T06:05:59.330386Z DEBUG gtk_status_bar::hypr: Workspace changed to: Workspace i
2026-07-12T06:05:59+00:00 machine gtk-status-bar[1182]: 2026-07-12T06:05:59.330611Z DEBUG gtk_status_bar::widgets: Updating workspace - label: 'Workspace i', color for workspace: 2
2026-07-12T06:05:59+00:00 machine gtk-status-bar[1182]: 2026-07-12T06:05:59.330777Z DEBUG gtk_status_bar::widgets: Updated title widget color to: rgba(125, 207, 255, 0.5) for workspace: 2
2026-07-12T06:05:59+00:00 machine gtk-status-bar[1182]: 2026-07-12T06:05:59.531820Z DEBUG gtk_status_bar::hypr: Handling workspace change event
2026-07-12T06:05:59+00:00 machine gtk-status-bar[1182]: 2026-07-12T06:05:59.531876Z DEBUG gtk_status_bar::hypr: Workspace changed to: Workspace o
2026-07-12T06:05:59+00:00 machine gtk-status-bar[1182]: 2026-07-12T06:05:59.532151Z DEBUG gtk_status_bar::widgets: Updating workspace - label: 'Workspace o', color for workspace: 3
2026-07-12T06:05:59+00:00 machine gtk-status-bar[1182]: 2026-07-12T06:05:59.532339Z DEBUG gtk_status_bar::widgets: Updated title widget color to: rgba(158, 206, 106, 0.5) for workspace: 3
2026-07-12T06:05:59+00:00 machine gtk-status-bar[1182]: 2026-07-12T06:05:59.747571Z DEBUG gtk_status_bar::hypr: Handling workspace change event
2026-07-12T06:05:59+00:00 machine gtk-status-bar[1182]: 2026-07-12T06:05:59.747596Z DEBUG gtk_status_bar::hypr: Workspace changed to: Workspace p
2026-07-12T06:05:59+00:00 machine gtk-status-bar[1182]: 2026-07-12T06:05:59.747754Z DEBUG gtk_status_bar::widgets: Updating workspace - label: 'Workspace p', color for workspace: 4
2026-07-12T06:05:59+00:00 machine gtk-status-bar[1182]: 2026-07-12T06:05:59.747925Z DEBUG gtk_status_bar::widgets: Updated title widget color to: rgba(187, 154, 247, 0.5) for workspace: 4
2026-07-12T06:05:59+00:00 machine gtk-status-bar[1182]: 2026-07-12T06:05:59.961110Z DEBUG gtk_status_bar::hypr: Handling workspace change event
2026-07-12T06:05:59+00:00 machine gtk-status-bar[1182]: 2026-07-12T06:05:59.961142Z DEBUG gtk_status_bar::hypr: Workspace changed to: Workspace j
2026-07-12T06:05:59+00:00 machine gtk-status-bar[1182]: 2026-07-12T06:05:59.961438Z DEBUG gtk_status_bar::widgets: Updating workspace - label: 'Workspace j', color for workspace: 5
2026-07-12T06:05:59+00:00 machine gtk-status-bar[1182]: 2026-07-12T06:05:59.961660Z DEBUG gtk_status_bar::widgets: Updated title widget color to: rgba(247, 118, 142, 0.5) for workspace: 5
2026-07-12T06:06:00+00:00 machine gtk-status-bar[1182]: 2026-07-12T06:06:00.224442Z DEBUG gtk_status_bar::hypr: Handling workspace change event
2026-07-12T06:06:00+00:00 machine gtk-status-bar[1182]: 2026-07-12T06:06:00.224544Z DEBUG gtk_status_bar::hypr: Workspace changed to: Workspace u
2026-07-12T06:06:00+00:00 machine gtk-status-bar[1182]: 2026-07-12T06:06:00.225124Z DEBUG gtk_status_bar::widgets: Updating workspace - label: 'Workspace u', color for workspace: 1
2026-07-12T06:06:00+00:00 machine gtk-status-bar[1182]: 2026-07-12T06:06:00.225827Z DEBUG gtk_status_bar::widgets: Updated title widget color to: rgba(122, 162, 247, 0.5) for workspace: 1
2026-07-12T06:06:00+00:00 machine gtk-status-bar[1182]: 2026-07-12T06:06:00.426419Z DEBUG gtk_status_bar::hypr: Handling workspace change event
2026-07-12T06:06:00+00:00 machine gtk-status-bar[1182]: 2026-07-12T06:06:00.426456Z DEBUG gtk_status_bar::hypr: Workspace changed to: Workspace i
2026-07-12T06:06:00+00:00 machine gtk-status-bar[1182]: 2026-07-12T06:06:00.426694Z DEBUG gtk_status_bar::widgets: Updating workspace - label: 'Workspace i', color for workspace: 2
2026-07-12T06:06:00+00:00 machine gtk-status-bar[1182]: 2026-07-12T06:06:00.426888Z DEBUG gtk_status_bar::widgets: Updated title widget color to: rgba(125, 207, 255, 0.5) for workspace: 2
2026-07-12T06:06:00+00:00 machine gtk-status-bar[1182]: 2026-07-12T06:06:00.617627Z DEBUG gtk_status_bar::hypr: Handling workspace change event
2026-07-12T06:06:00+00:00 machine gtk-status-bar[1182]: 2026-07-12T06:06:00.617659Z DEBUG gtk_status_bar::hypr: Workspace changed to: Workspace o
2026-07-12T06:06:00+00:00 machine gtk-status-bar[1182]: 2026-07-12T06:06:00.618001Z DEBUG gtk_status_bar::widgets: Updating workspace - label: 'Workspace o', color for workspace: 3
2026-07-12T06:06:00+00:00 machine gtk-status-bar[1182]: 2026-07-12T06:06:00.618346Z DEBUG gtk_status_bar::widgets: Updated title widget color to: rgba(158, 206, 106, 0.5) for workspace: 3
2026-07-12T06:06:00+00:00 machine gtk-status-bar[1182]: 2026-07-12T06:06:00.804773Z DEBUG gtk_status_bar::hypr: Handling workspace change event
2026-07-12T06:06:00+00:00 machine gtk-status-bar[1182]: 2026-07-12T06:06:00.804803Z DEBUG gtk_status_bar::hypr: Workspace changed to: Workspace p
2026-07-12T06:06:00+00:00 machine gtk-status-bar[1182]: 2026-07-12T06:06:00.805027Z DEBUG gtk_status_bar::widgets: Updating workspace - label: 'Workspace p', color for workspace: 4
2026-07-12T06:06:00+00:00 machine gtk-status-bar[1182]: 2026-07-12T06:06:00.805208Z DEBUG gtk_status_bar::widgets: Updated title widget color to: rgba(187, 154, 247, 0.5) for workspace: 4
2026-07-12T06:06:01+00:00 machine gtk-status-bar[1182]: 2026-07-12T06:06:01.024799Z DEBUG gtk_status_bar::hypr: Handling workspace change event
2026-07-12T06:06:01+00:00 machine gtk-status-bar[1182]: 2026-07-12T06:06:01.024828Z DEBUG gtk_status_bar::hypr: Workspace changed to: Workspace j
2026-07-12T06:06:01+00:00 machine gtk-status-bar[1182]: 2026-07-12T06:06:01.025216Z DEBUG gtk_status_bar::widgets: Updating workspace - label: 'Workspace j', color for workspace: 5
2026-07-12T06:06:01+00:00 machine gtk-status-bar[1182]: 2026-07-12T06:06:01.025448Z DEBUG gtk_status_bar::widgets: Updated title widget color to: rgba(247, 118, 142, 0.5) for workspace: 5
2026-07-12T06:06:01+00:00 machine gtk-status-bar[1182]: 2026-07-12T06:06:01.207116Z DEBUG gtk_status_bar::hypr: Handling workspace change event
2026-07-12T06:06:01+00:00 machine gtk-status-bar[1182]: 2026-07-12T06:06:01.207156Z DEBUG gtk_status_bar::hypr: Workspace changed to: Workspace u
2026-07-12T06:06:01+00:00 machine gtk-status-bar[1182]: 2026-07-12T06:06:01.207323Z DEBUG gtk_status_bar::widgets: Updating workspace - label: 'Workspace u', color for workspace: 1
2026-07-12T06:06:01+00:00 machine gtk-status-bar[1182]: 2026-07-12T06:06:01.207621Z DEBUG gtk_status_bar::widgets: Updated title widget color to: rgba(122, 162, 247, 0.5) for workspace: 1
2026-07-12T06:06:01+00:00 machine gtk-status-bar[1182]: 2026-07-12T06:06:01.392631Z DEBUG gtk_status_bar::hypr: Handling workspace change event
2026-07-12T06:06:01+00:00 machine gtk-status-bar[1182]: 2026-07-12T06:06:01.392671Z DEBUG gtk_status_bar::hypr: Workspace changed to: Workspace i
2026-07-12T06:06:01+00:00 machine gtk-status-bar[1182]: 2026-07-12T06:06:01.393688Z DEBUG gtk_status_bar::widgets: Updating workspace - label: 'Workspace i', color for workspace: 2
2026-07-12T06:06:01+00:00 machine gtk-status-bar[1182]: 2026-07-12T06:06:01.393868Z DEBUG gtk_status_bar::widgets: Updated title widget color to: rgba(125, 207, 255, 0.5) for workspace: 2
2026-07-12T06:06:01+00:00 machine gtk-status-bar[1182]: 2026-07-12T06:06:01.608014Z DEBUG gtk_status_bar::hypr: Handling workspace change event
2026-07-12T06:06:01+00:00 machine gtk-status-bar[1182]: 2026-07-12T06:06:01.608041Z DEBUG gtk_status_bar::hypr: Workspace changed to: Workspace o
2026-07-12T06:06:01+00:00 machine gtk-status-bar[1182]: 2026-07-12T06:06:01.608657Z DEBUG gtk_status_bar::widgets: Updating workspace - label: 'Workspace o', color for workspace: 3
2026-07-12T06:06:01+00:00 machine gtk-status-bar[1182]: 2026-07-12T06:06:01.608839Z DEBUG gtk_status_bar::widgets: Updated title widget color to: rgba(158, 206, 106, 0.5) for workspace: 3
2026-07-12T06:06:01+00:00 machine gtk-status-bar[1182]: 2026-07-12T06:06:01.810709Z DEBUG gtk_status_bar::hypr: Handling workspace change event
2026-07-12T06:06:01+00:00 machine gtk-status-bar[1182]: 2026-07-12T06:06:01.810738Z DEBUG gtk_status_bar::hypr: Workspace changed to: Workspace p
2026-07-12T06:06:01+00:00 machine gtk-status-bar[1182]: 2026-07-12T06:06:01.810955Z DEBUG gtk_status_bar::widgets: Updating workspace - label: 'Workspace p', color for workspace: 4
2026-07-12T06:06:01+00:00 machine gtk-status-bar[1182]: 2026-07-12T06:06:01.811171Z DEBUG gtk_status_bar::widgets: Updated title widget color to: rgba(187, 154, 247, 0.5) for workspace: 4
2026-07-12T06:06:02+00:00 machine gtk-status-bar[1182]: 2026-07-12T06:06:02.055317Z DEBUG gtk_status_bar::hypr: Handling workspace change event
2026-07-12T06:06:02+00:00 machine gtk-status-bar[1182]: 2026-07-12T06:06:02.055355Z DEBUG gtk_status_bar::hypr: Workspace changed to: Workspace j
2026-07-12T06:06:02+00:00 machine gtk-status-bar[1182]: 2026-07-12T06:06:02.056664Z DEBUG gtk_status_bar::widgets: Updating workspace - label: 'Workspace j', color for workspace: 5
2026-07-12T06:06:02+00:00 machine gtk-status-bar[1182]: 2026-07-12T06:06:02.056836Z DEBUG gtk_status_bar::widgets: Updated title widget color to: rgba(247, 118, 142, 0.5) for workspace: 5
2026-07-12T06:06:02+00:00 machine gtk-status-bar[1182]: 2026-07-12T06:06:02.275967Z DEBUG gtk_status_bar::hypr: Handling workspace change event
2026-07-12T06:06:02+00:00 machine gtk-status-bar[1182]: 2026-07-12T06:06:02.275998Z DEBUG gtk_status_bar::hypr: Workspace changed to: Workspace c
2026-07-12T06:06:02+00:00 machine gtk-status-bar[1182]: 2026-07-12T06:06:02.282318Z DEBUG gtk_status_bar::widgets: Updating workspace - label: 'Workspace c', color for workspace: 10
2026-07-12T06:06:02+00:00 machine gtk-status-bar[1182]: 2026-07-12T06:06:02.287134Z DEBUG gtk_status_bar::widgets: Updated title widget color to: rgba(13, 185, 215, 0.5) for workspace: 10
2026-07-12T06:06:04+00:00 machine gtk-status-bar[1182]: 2026-07-12T06:06:04.918934Z DEBUG gtk_status_bar::hypr: Handling workspace change event
2026-07-12T06:06:04+00:00 machine gtk-status-bar[1182]: 2026-07-12T06:06:04.918971Z DEBUG gtk_status_bar::hypr: Workspace changed to: Workspace i
2026-07-12T06:06:04+00:00 machine gtk-status-bar[1182]: 2026-07-12T06:06:04.919170Z DEBUG gtk_status_bar::widgets: Updating workspace - label: 'Workspace i', color for workspace: 2
2026-07-12T06:06:04+00:00 machine gtk-status-bar[1182]: 2026-07-12T06:06:04.919364Z DEBUG gtk_status_bar::widgets: Updated title widget color to: rgba(125, 207, 255, 0.5) for workspace: 2
2026-07-12T06:06:05+00:00 machine gtk-status-bar[1182]: 2026-07-12T06:06:05.770427Z DEBUG gtk_status_bar::hypr: Handling title change event
2026-07-12T06:06:05+00:00 machine gtk-status-bar[1182]: 2026-07-12T06:06:05.773997Z DEBUG gtk_status_bar::hypr: No active client matches the title change event
2026-07-12T06:06:05+00:00 machine gtk-status-bar[1182]: 2026-07-12T06:06:05.812658Z DEBUG gtk_status_bar::hypr: Handling active window change event
2026-07-12T06:06:05+00:00 machine gtk-status-bar[1182]: 2026-07-12T06:06:05.813799Z DEBUG gtk_status_bar::hypr: Window data - class: 'kitty', title: 'kitty', address: '0x5cd6c112ca00'
2026-07-12T06:06:05+00:00 machine gtk-status-bar[1182]: 2026-07-12T06:06:05.813838Z DEBUG gtk_status_bar::hypr: Active window changed, title: 'kitty'
2026-07-12T06:06:05+00:00 machine gtk-status-bar[1182]: 2026-07-12T06:06:05.813866Z DEBUG gtk_status_bar::hypr: Sending title update: 'kitty'
2026-07-12T06:06:05+00:00 machine gtk-status-bar[1182]: 2026-07-12T06:06:05.814041Z DEBUG gtk_status_bar::widgets: Updating title label: kitty
2026-07-12T06:06:07+00:00 machine gtk-status-bar[1182]: 2026-07-12T06:06:07.380534Z DEBUG gtk_status_bar::hypr: Handling title change event
2026-07-12T06:06:07+00:00 machine gtk-status-bar[1182]: 2026-07-12T06:06:07.398458Z DEBUG gtk_status_bar::hypr: Title changed to: bash
2026-07-12T06:06:07+00:00 machine gtk-status-bar[1182]: 2026-07-12T06:06:07.398541Z DEBUG gtk_status_bar::hypr: Handling active window change event
2026-07-12T06:06:07+00:00 machine gtk-status-bar[1182]: 2026-07-12T06:06:07.398555Z DEBUG gtk_status_bar::hypr: Window data - class: 'kitty', title: 'bash', address: '0x5cd6c112ca00'
2026-07-12T06:06:07+00:00 machine gtk-status-bar[1182]: 2026-07-12T06:06:07.398569Z DEBUG gtk_status_bar::hypr: Active window changed, title: 'bash'
2026-07-12T06:06:07+00:00 machine gtk-status-bar[1182]: 2026-07-12T06:06:07.398582Z DEBUG gtk_status_bar::hypr: Sending title update: 'bash'
2026-07-12T06:06:07+00:00 machine gtk-status-bar[1182]: 2026-07-12T06:06:07.398668Z DEBUG gtk_status_bar::widgets: Updating title label: bash
2026-07-12T06:06:07+00:00 machine gtk-status-bar[1182]: 2026-07-12T06:06:07.418316Z DEBUG gtk_status_bar::widgets: Updating title label: bash
2026-07-12T06:06:07+00:00 machine gtk-status-bar[1182]: 2026-07-12T06:06:07.440391Z DEBUG gtk_status_bar::hypr: Handling title change event
2026-07-12T06:06:07+00:00 machine gtk-status-bar[1182]: 2026-07-12T06:06:07.440961Z DEBUG gtk_status_bar::hypr: Title changed to: admin@machine: ~
2026-07-12T06:06:07+00:00 machine gtk-status-bar[1182]: 2026-07-12T06:06:07.441001Z DEBUG gtk_status_bar::hypr: Handling active window change event
2026-07-12T06:06:07+00:00 machine gtk-status-bar[1182]: 2026-07-12T06:06:07.441016Z DEBUG gtk_status_bar::hypr: Window data - class: 'kitty', title: 'admin@machine: ~', address: '0x5cd6c112ca00'
2026-07-12T06:06:07+00:00 machine gtk-status-bar[1182]: 2026-07-12T06:06:07.441031Z DEBUG gtk_status_bar::hypr: Active window changed, title: 'admin@machine: ~'
2026-07-12T06:06:07+00:00 machine gtk-status-bar[1182]: 2026-07-12T06:06:07.441045Z DEBUG gtk_status_bar::hypr: Sending title update: 'admin@machine: ~'
2026-07-12T06:06:07+00:00 machine gtk-status-bar[1182]: 2026-07-12T06:06:07.441461Z DEBUG gtk_status_bar::widgets: Updating title label: admin@machine: ~
2026-07-12T06:06:07+00:00 machine gtk-status-bar[1182]: 2026-07-12T06:06:07.441592Z DEBUG gtk_status_bar::widgets: Updating title label: admin@machine: ~
2026-07-12T06:06:10+00:00 machine gtk-status-bar[1182]: 2026-07-12T06:06:10.290402Z DEBUG gtk_status_bar::hypr: Handling title change event
2026-07-12T06:06:10+00:00 machine gtk-status-bar[1182]: 2026-07-12T06:06:10.305645Z DEBUG gtk_status_bar::hypr: Title changed to: Close OS window
2026-07-12T06:06:10+00:00 machine gtk-status-bar[1182]: 2026-07-12T06:06:10.305693Z DEBUG gtk_status_bar::hypr: Handling active window change event
2026-07-12T06:06:10+00:00 machine gtk-status-bar[1182]: 2026-07-12T06:06:10.305708Z DEBUG gtk_status_bar::hypr: Window data - class: 'kitty', title: 'kitten', address: '0x5cd6c112ca00'
2026-07-12T06:06:10+00:00 machine gtk-status-bar[1182]: 2026-07-12T06:06:10.305722Z DEBUG gtk_status_bar::hypr: Active window changed, title: 'kitten'
2026-07-12T06:06:10+00:00 machine gtk-status-bar[1182]: 2026-07-12T06:06:10.305736Z DEBUG gtk_status_bar::hypr: Sending title update: 'kitten'
2026-07-12T06:06:10+00:00 machine gtk-status-bar[1182]: 2026-07-12T06:06:10.305763Z DEBUG gtk_status_bar::hypr: Handling title change event
2026-07-12T06:06:10+00:00 machine gtk-status-bar[1182]: 2026-07-12T06:06:10.305849Z DEBUG gtk_status_bar::widgets: Updating title label: Close OS window
2026-07-12T06:06:10+00:00 machine gtk-status-bar[1182]: 2026-07-12T06:06:10.305950Z DEBUG gtk_status_bar::widgets: Updating title label: kitten
2026-07-12T06:06:10+00:00 machine gtk-status-bar[1182]: 2026-07-12T06:06:10.306772Z DEBUG gtk_status_bar::hypr: Title changed to: Close OS window
2026-07-12T06:06:10+00:00 machine gtk-status-bar[1182]: 2026-07-12T06:06:10.306865Z DEBUG gtk_status_bar::hypr: Handling active window change event
2026-07-12T06:06:10+00:00 machine gtk-status-bar[1182]: 2026-07-12T06:06:10.306881Z DEBUG gtk_status_bar::hypr: Window data - class: 'kitty', title: 'Close OS window', address: '0x5cd6c112ca00'
2026-07-12T06:06:10+00:00 machine gtk-status-bar[1182]: 2026-07-12T06:06:10.306895Z DEBUG gtk_status_bar::hypr: Active window changed, title: 'Close OS window'
2026-07-12T06:06:10+00:00 machine gtk-status-bar[1182]: 2026-07-12T06:06:10.306909Z DEBUG gtk_status_bar::hypr: Sending title update: 'Close OS window'
2026-07-12T06:06:10+00:00 machine gtk-status-bar[1182]: 2026-07-12T06:06:10.307337Z DEBUG gtk_status_bar::widgets: Updating title label: Close OS window
2026-07-12T06:06:10+00:00 machine gtk-status-bar[1182]: 2026-07-12T06:06:10.307374Z DEBUG gtk_status_bar::widgets: Updating title label: Close OS window
2026-07-12T06:06:10+00:00 machine gtk-status-bar[1182]: 2026-07-12T06:06:10.970696Z DEBUG gtk_status_bar::hypr: Handling title change event
2026-07-12T06:06:10+00:00 machine gtk-status-bar[1182]: 2026-07-12T06:06:10.971929Z DEBUG gtk_status_bar::hypr: No active client matches the title change event
2026-07-12T06:06:11+00:00 machine gtk-status-bar[1182]: 2026-07-12T06:06:11.015874Z DEBUG gtk_status_bar::hypr: Handling active window change event
2026-07-12T06:06:11+00:00 machine gtk-status-bar[1182]: 2026-07-12T06:06:11.015900Z DEBUG gtk_status_bar::hypr: Window data - class: 'kitty', title: 'hello', address: '0x5cd6c0eb87b0'
2026-07-12T06:06:11+00:00 machine gtk-status-bar[1182]: 2026-07-12T06:06:11.015916Z DEBUG gtk_status_bar::hypr: Active window changed, title: 'hello'
2026-07-12T06:06:11+00:00 machine gtk-status-bar[1182]: 2026-07-12T06:06:11.015929Z DEBUG gtk_status_bar::hypr: Sending title update: 'hello'
2026-07-12T06:06:11+00:00 machine gtk-status-bar[1182]: 2026-07-12T06:06:11.016122Z DEBUG gtk_status_bar::widgets: Updating title label: hello
2026-07-12T06:06:15+00:00 machine gtk-status-bar[1182]: 2026-07-12T06:06:15.145561Z DEBUG gtk_status_bar::hypr: Handling title change event
2026-07-12T06:06:15+00:00 machine gtk-status-bar[1182]: 2026-07-12T06:06:15.146910Z DEBUG gtk_status_bar::hypr: No active client matches the title change event
2026-07-12T06:06:15+00:00 machine gtk-status-bar[1182]: 2026-07-12T06:06:15.195160Z DEBUG gtk_status_bar::hypr: Handling active window change event
2026-07-12T06:06:15+00:00 machine gtk-status-bar[1182]: 2026-07-12T06:06:15.195196Z DEBUG gtk_status_bar::hypr: Window data - class: 'kitty', title: 'AAAAAAAAAAAAAAAAAAAAAAAAAAAAAAAAAAAAAAAAAAAAAAAAAAAAAAAAAAAAAAAA', address: '0x5cd6c2213500'
2026-07-12T06:06:15+00:00 machine gtk-status-bar[1182]: 2026-07-12T06:06:15.195216Z DEBUG gtk_status_bar::hypr: Active window changed, title: 'AAAAAAAAAAAAAAAAAAAAAAAAAAAAAAAAAAAAAAAAAAAAAAAAAAAAAAAAAAAAAAAA'
2026-07-12T06:06:15+00:00 machine gtk-status-bar[1182]: 2026-07-12T06:06:15.195234Z DEBUG gtk_status_bar::hypr: Sending title update: 'AAAAAAAAAAAAAAAAAAAAAAAAAAAAAAAAAAAAAAAAAAAAAAAAAAAAAAAAAAAAAAAA'
2026-07-12T06:06:15+00:00 machine gtk-status-bar[1182]: 2026-07-12T06:06:15.195651Z DEBUG gtk_status_bar::widgets: Updating title label: AAAAAAAAAAAAAAAAAAAAAAAAAAAAAAAAAAAAAAAAAAAAAAAAAAAAAAAAAAAAAAAA
2026-07-12T06:06:19+00:00 machine gtk-status-bar[1182]: 2026-07-12T06:06:19.472446Z DEBUG gtk_status_bar::hypr: Handling title change event
2026-07-12T06:06:19+00:00 machine gtk-status-bar[1182]: 2026-07-12T06:06:19.474738Z DEBUG gtk_status_bar::hypr: No active client matches the title change event
2026-07-12T06:06:19+00:00 machine gtk-status-bar[1182]: 2026-07-12T06:06:19.507811Z DEBUG gtk_status_bar::hypr: Handling active window change event
2026-07-12T06:06:19+00:00 machine gtk-status-bar[1182]: 2026-07-12T06:06:19.507850Z DEBUG gtk_status_bar::hypr: Window data - class: 'kitty', title: '01234567890123456789012345678901234567890123456789012345678901234567890123456789', address: '0x5cd6c10c1d00'
2026-07-12T06:06:19+00:00 machine gtk-status-bar[1182]: 2026-07-12T06:06:19.507871Z DEBUG gtk_status_bar::hypr: Active window changed, title: '0123456789012345678901234567890…89012345678901234567890123456789'
2026-07-12T06:06:19+00:00 machine gtk-status-bar[1182]: 2026-07-12T06:06:19.507892Z DEBUG gtk_status_bar::hypr: Sending title update: '0123456789012345678901234567890…89012345678901234567890123456789'
2026-07-12T06:06:19+00:00 machine gtk-status-bar[1182]: 2026-07-12T06:06:19.508080Z DEBUG gtk_status_bar::widgets: Updating title label: 0123456789012345678901234567890…89012345678901234567890123456789
2026-07-12T06:06:23+00:00 machine gtk-status-bar[1182]: 2026-07-12T06:06:23.732401Z DEBUG gtk_status_bar::hypr: Handling title change event
2026-07-12T06:06:23+00:00 machine gtk-status-bar[1182]: 2026-07-12T06:06:23.733059Z DEBUG gtk_status_bar::hypr: No active client matches the title change event
2026-07-12T06:06:23+00:00 machine gtk-status-bar[1182]: 2026-07-12T06:06:23.773334Z DEBUG gtk_status_bar::hypr: Handling active window change event
2026-07-12T06:06:23+00:00 machine gtk-status-bar[1182]: 2026-07-12T06:06:23.773385Z DEBUG gtk_status_bar::hypr: Window data - class: 'kitty', title: '界🙂界🙂界🙂界🙂界🙂界🙂界🙂界🙂界🙂界🙂界🙂界🙂界🙂界🙂界🙂界🙂界🙂界🙂界🙂界🙂界🙂界🙂界🙂界🙂界🙂界🙂界🙂界🙂界🙂界🙂界🙂界🙂界🙂界🙂界🙂界🙂界🙂界🙂界🙂界🙂', address: '0x5cd6c0c06400'
2026-07-12T06:06:23+00:00 machine gtk-status-bar[1182]: 2026-07-12T06:06:23.773600Z DEBUG gtk_status_bar::hypr: Active window changed, title: '界🙂界🙂界🙂界🙂界🙂界🙂界🙂界🙂界🙂界🙂界🙂界🙂界🙂界🙂界🙂界…界🙂界🙂界🙂界🙂界🙂界🙂界🙂界🙂界🙂界🙂界🙂界🙂界🙂界🙂界🙂界🙂'
2026-07-12T06:06:23+00:00 machine gtk-status-bar[1182]: 2026-07-12T06:06:23.773635Z DEBUG gtk_status_bar::hypr: Sending title update: '界🙂界🙂界🙂界🙂界🙂界🙂界🙂界🙂界🙂界🙂界🙂界🙂界🙂界🙂界🙂界…界🙂界🙂界🙂界🙂界🙂界🙂界🙂界🙂界🙂界🙂界🙂界🙂界🙂界🙂界🙂界🙂'
2026-07-12T06:06:23+00:00 machine gtk-status-bar[1182]: 2026-07-12T06:06:23.822198Z DEBUG gtk_status_bar::widgets: Updating title label: 界🙂界🙂界🙂界🙂界🙂界🙂界🙂界🙂界🙂界🙂界🙂界🙂界🙂界🙂界🙂界…界🙂界🙂界🙂界🙂界🙂界🙂界🙂界🙂界🙂界🙂界🙂界🙂界🙂界🙂界🙂界🙂
2026-07-12T06:06:27+00:00 machine gtk-status-bar[1182]: 2026-07-12T06:06:27.490618Z DEBUG gtk_status_bar::hypr: Handling workspace change event
2026-07-12T06:06:27+00:00 machine gtk-status-bar[1182]: 2026-07-12T06:06:27.491824Z DEBUG gtk_status_bar::hypr: Workspace changed to: Workspace u
2026-07-12T06:06:27+00:00 machine gtk-status-bar[1182]: 2026-07-12T06:06:27.490671Z DEBUG gtk_status_bar::hypr: Handling active window change event
2026-07-12T06:06:27+00:00 machine gtk-status-bar[1182]: 2026-07-12T06:06:27.491901Z DEBUG gtk_status_bar::hypr: No active window (window_data is None)
2026-07-12T06:06:27+00:00 machine gtk-status-bar[1182]: 2026-07-12T06:06:27.491935Z DEBUG gtk_status_bar::hypr: Active window changed, title: ''
2026-07-12T06:06:27+00:00 machine gtk-status-bar[1182]: 2026-07-12T06:06:27.491968Z DEBUG gtk_status_bar::hypr: Sending title update: ''
2026-07-12T06:06:27+00:00 machine gtk-status-bar[1182]: 2026-07-12T06:06:27.492158Z DEBUG gtk_status_bar::widgets: Updating workspace - label: 'Workspace u', color for workspace: 1
2026-07-12T06:06:27+00:00 machine gtk-status-bar[1182]: 2026-07-12T06:06:27.492279Z DEBUG gtk_status_bar::widgets: Updated title widget color to: rgba(122, 162, 247, 0.5) for workspace: 1
2026-07-12T06:06:27+00:00 machine gtk-status-bar[1182]: 2026-07-12T06:06:27.492330Z DEBUG gtk_status_bar::widgets: Updating title label:
2026-07-12T06:06:29+00:00 machine gtk-status-bar[1182]: 2026-07-12T06:06:29.970761Z DEBUG gtk_status_bar::hypr: Handling active window change event
2026-07-12T06:06:29+00:00 machine gtk-status-bar[1182]: 2026-07-12T06:06:29.970791Z DEBUG gtk_status_bar::hypr: Window data - class: 'kitty', title: '界🙂界🙂界🙂界🙂界🙂界🙂界🙂界🙂界🙂界🙂界🙂界🙂界🙂界🙂界🙂界🙂界🙂界🙂界🙂界🙂界🙂界🙂界🙂界🙂界🙂界🙂界🙂界🙂界🙂界🙂界🙂界🙂界🙂界🙂界🙂界🙂界🙂界🙂界🙂界🙂', address: '0x5cd6c0c06400'
2026-07-12T06:06:29+00:00 machine gtk-status-bar[1182]: 2026-07-12T06:06:29.970815Z DEBUG gtk_status_bar::hypr: Active window changed, title: '界🙂界🙂界🙂界🙂界🙂界🙂界🙂界🙂界🙂界🙂界🙂界🙂界🙂界🙂界🙂界…界🙂界🙂界🙂界🙂界🙂界🙂界🙂界🙂界🙂界🙂界🙂界🙂界🙂界🙂界🙂界🙂'
2026-07-12T06:06:29+00:00 machine gtk-status-bar[1182]: 2026-07-12T06:06:29.970832Z DEBUG gtk_status_bar::hypr: Sending title update: '界🙂界🙂界🙂界🙂界🙂界🙂界🙂界🙂界🙂界🙂界🙂界🙂界🙂界🙂界🙂界…界🙂界🙂界🙂界🙂界🙂界🙂界🙂界🙂界🙂界🙂界🙂界🙂界🙂界🙂界🙂界🙂'
2026-07-12T06:06:29+00:00 machine gtk-status-bar[1182]: 2026-07-12T06:06:29.970999Z DEBUG gtk_status_bar::widgets: Updating title label: 界🙂界🙂界🙂界🙂界🙂界🙂界🙂界🙂界🙂界🙂界🙂界🙂界🙂界🙂界🙂界…界🙂界🙂界🙂界🙂界🙂界🙂界🙂界🙂界🙂界🙂界🙂界🙂界🙂界🙂界🙂界🙂
2026-07-12T06:06:29+00:00 machine gtk-status-bar[1182]: 2026-07-12T06:06:29.971281Z DEBUG gtk_status_bar::hypr: Handling workspace change event
2026-07-12T06:06:29+00:00 machine gtk-status-bar[1182]: 2026-07-12T06:06:29.971300Z DEBUG gtk_status_bar::hypr: Workspace changed to: Workspace i
2026-07-12T06:06:29+00:00 machine gtk-status-bar[1182]: 2026-07-12T06:06:29.972936Z DEBUG gtk_status_bar::widgets: Updating workspace - label: 'Workspace i', color for workspace: 2
2026-07-12T06:06:29+00:00 machine gtk-status-bar[1182]: 2026-07-12T06:06:29.973004Z DEBUG gtk_status_bar::widgets: Updated title widget color to: rgba(125, 207, 255, 0.5) for workspace: 2
2026-07-12T06:06:35+00:00 machine gtk-status-bar[1182]: 2026-07-12T06:06:35.066620Z DEBUG gtk_status_bar::hypr: Handling title change event
2026-07-12T06:06:35+00:00 machine gtk-status-bar[1182]: 2026-07-12T06:06:35.067056Z DEBUG gtk_status_bar::hypr: No active client matches the title change event
2026-07-12T06:06:35+00:00 machine gtk-status-bar[1182]: 2026-07-12T06:06:35.100030Z DEBUG gtk_status_bar::hypr: Handling active window change event
2026-07-12T06:06:35+00:00 machine gtk-status-bar[1182]: 2026-07-12T06:06:35.100068Z DEBUG gtk_status_bar::hypr: Window data - class: 'kitty', title: 'Focus Left', address: '0x5cd6c0c2f880'
2026-07-12T06:06:35+00:00 machine gtk-status-bar[1182]: 2026-07-12T06:06:35.100086Z DEBUG gtk_status_bar::hypr: Active window changed, title: 'Focus Left'
2026-07-12T06:06:35+00:00 machine gtk-status-bar[1182]: 2026-07-12T06:06:35.100105Z DEBUG gtk_status_bar::hypr: Sending title update: 'Focus Left'
2026-07-12T06:06:35+00:00 machine gtk-status-bar[1182]: 2026-07-12T06:06:35.100280Z DEBUG gtk_status_bar::widgets: Updating title label: Focus Left
2026-07-12T06:06:36+00:00 machine gtk-status-bar[1182]: 2026-07-12T06:06:36.874190Z DEBUG gtk_status_bar::hypr: Handling title change event
2026-07-12T06:06:36+00:00 machine gtk-status-bar[1182]: 2026-07-12T06:06:36.874571Z DEBUG gtk_status_bar::hypr: No active client matches the title change event
2026-07-12T06:06:36+00:00 machine gtk-status-bar[1182]: 2026-07-12T06:06:36.911778Z DEBUG gtk_status_bar::hypr: Handling active window change event
2026-07-12T06:06:36+00:00 machine gtk-status-bar[1182]: 2026-07-12T06:06:36.911818Z DEBUG gtk_status_bar::hypr: Window data - class: 'kitty', title: 'Focus Right', address: '0x5cd6c21d24a0'
2026-07-12T06:06:36+00:00 machine gtk-status-bar[1182]: 2026-07-12T06:06:36.911839Z DEBUG gtk_status_bar::hypr: Active window changed, title: 'Focus Right'
2026-07-12T06:06:36+00:00 machine gtk-status-bar[1182]: 2026-07-12T06:06:36.911856Z DEBUG gtk_status_bar::hypr: Sending title update: 'Focus Right'
2026-07-12T06:06:36+00:00 machine gtk-status-bar[1182]: 2026-07-12T06:06:36.912036Z DEBUG gtk_status_bar::widgets: Updating title label: Focus Right
2026-07-12T06:06:38+00:00 machine gtk-status-bar[1182]: 2026-07-12T06:06:38.059735Z DEBUG gtk_status_bar::hypr: Handling active window change event
2026-07-12T06:06:38+00:00 machine gtk-status-bar[1182]: 2026-07-12T06:06:38.061283Z DEBUG gtk_status_bar::hypr: Window data - class: 'kitty', title: 'Focus Left', address: '0x5cd6c0c2f880'
2026-07-12T06:06:38+00:00 machine gtk-status-bar[1182]: 2026-07-12T06:06:38.061328Z DEBUG gtk_status_bar::hypr: Active window changed, title: 'Focus Left'
2026-07-12T06:06:38+00:00 machine gtk-status-bar[1182]: 2026-07-12T06:06:38.061370Z DEBUG gtk_status_bar::hypr: Sending title update: 'Focus Left'
2026-07-12T06:06:38+00:00 machine gtk-status-bar[1182]: 2026-07-12T06:06:38.062009Z DEBUG gtk_status_bar::widgets: Updating title label: Focus Left
2026-07-12T06:06:40+00:00 machine gtk-status-bar[1182]: 2026-07-12T06:06:40.701427Z DEBUG gtk_status_bar::hypr: Handling active window change event
2026-07-12T06:06:40+00:00 machine gtk-status-bar[1182]: 2026-07-12T06:06:40.701643Z DEBUG gtk_status_bar::hypr: Window data - class: 'kitty', title: 'Focus Right', address: '0x5cd6c21d24a0'
2026-07-12T06:06:40+00:00 machine gtk-status-bar[1182]: 2026-07-12T06:06:40.701688Z DEBUG gtk_status_bar::hypr: Active window changed, title: 'Focus Right'
2026-07-12T06:06:40+00:00 machine gtk-status-bar[1182]: 2026-07-12T06:06:40.701726Z DEBUG gtk_status_bar::hypr: Sending title update: 'Focus Right'
2026-07-12T06:06:40+00:00 machine gtk-status-bar[1182]: 2026-07-12T06:06:40.702283Z DEBUG gtk_status_bar::widgets: Updating title label: Focus Right
2026-07-12T06:06:45+00:00 machine gtk-status-bar[1182]: 2026-07-12T06:06:45.227875Z DEBUG gtk_status_bar::hypr: Handling active window change event
2026-07-12T06:06:45+00:00 machine gtk-status-bar[1182]: 2026-07-12T06:06:45.227900Z DEBUG gtk_status_bar::hypr: Window data - class: 'kitty', title: 'Close OS window', address: '0x5cd6c112ca00'
2026-07-12T06:06:45+00:00 machine gtk-status-bar[1182]: 2026-07-12T06:06:45.227915Z DEBUG gtk_status_bar::hypr: Active window changed, title: 'Close OS window'
2026-07-12T06:06:45+00:00 machine gtk-status-bar[1182]: 2026-07-12T06:06:45.227929Z DEBUG gtk_status_bar::hypr: Sending title update: 'Close OS window'
2026-07-12T06:06:45+00:00 machine gtk-status-bar[1182]: 2026-07-12T06:06:45.228242Z DEBUG gtk_status_bar::widgets: Updating title label: Close OS window
2026-07-12T06:06:48+00:00 machine gtk-status-bar[1182]: 2026-07-12T06:06:48.051322Z DEBUG gtk_status_bar::dbus: Got an event in event stream: Msg { type: Signal, serial: 13, sender: UniqueName(":1.5"), path: ObjectPath("/org/freedesktop/UPower/devices/battery_BAT0"), iface: InterfaceName("org.freedesktop.DBus.Properties"), member: MemberName("PropertiesChanged"), body: Structure(Dynamic { fields: [Str, Dict { key: Dynamic { child: Str }, value: Dynamic { child: Variant } }, Array(Dynamic { child: Str })] }), fds: [] }
2026-07-12T06:06:48+00:00 machine gtk-status-bar[1182]: 2026-07-12T06:06:48.051377Z DEBUG gtk_status_bar::dbus: Dbus monitor: Received D-Bus message from path: Some(ObjectPath("/org/freedesktop/UPower/devices/battery_BAT0")), interface: Some(InterfaceName("org.freedesktop.DBus.Properties")), member: Some(MemberName("PropertiesChanged"))
2026-07-12T06:06:48+00:00 machine gtk-status-bar[1182]: 2026-07-12T06:06:48.051398Z  INFO gtk_status_bar::dbus: Dbus monitor: Received signal
2026-07-12T06:06:48+00:00 machine gtk-status-bar[1182]: 2026-07-12T06:06:48.051624Z  INFO gtk_status_bar::dbus: Dbus monitor: Received PropertiesChanged signal
2026-07-12T06:06:48+00:00 machine gtk-status-bar[1182]: 2026-07-12T06:06:48.051657Z DEBUG gtk_status_bar::dbus: Battery device properties contain no State property
2026-07-12T06:06:48+00:00 machine gtk-status-bar[1182]: 2026-07-12T06:06:48.051704Z  INFO gtk_status_bar::dbus: Battery percentage changed to 42.0%
2026-07-12T06:06:48+00:00 machine gtk-status-bar[1182]: 2026-07-12T06:06:48.051744Z DEBUG gtk_status_bar::dbus: Got an event in event stream: Msg { type: Signal, serial: 14, sender: UniqueName(":1.5"), path: ObjectPath("/org/freedesktop/UPower/devices/battery_BAT0"), iface: InterfaceName("org.freedesktop.DBus.Properties"), member: MemberName("PropertiesChanged"), body: Structure(Dynamic { fields: [Str, Dict { key: Dynamic { child: Str }, value: Dynamic { child: Variant } }, Array(Dynamic { child: Str })] }), fds: [] }
2026-07-12T06:06:48+00:00 machine gtk-status-bar[1182]: 2026-07-12T06:06:48.051766Z DEBUG gtk_status_bar::dbus: Dbus monitor: Received D-Bus message from path: Some(ObjectPath("/org/freedesktop/UPower/devices/battery_BAT0")), interface: Some(InterfaceName("org.freedesktop.DBus.Properties")), member: Some(MemberName("PropertiesChanged"))
2026-07-12T06:06:48+00:00 machine gtk-status-bar[1182]: 2026-07-12T06:06:48.051783Z  INFO gtk_status_bar::dbus: Dbus monitor: Received signal
2026-07-12T06:06:48+00:00 machine gtk-status-bar[1182]: 2026-07-12T06:06:48.051796Z  INFO gtk_status_bar::dbus: Dbus monitor: Received PropertiesChanged signal
2026-07-12T06:06:48+00:00 machine gtk-status-bar[1182]: 2026-07-12T06:06:48.051817Z  INFO gtk_status_bar::dbus: Battery is discharging (state: 2)
2026-07-12T06:06:48+00:00 machine gtk-status-bar[1182]: 2026-07-12T06:06:48.051983Z DEBUG gtk_status_bar::widgets: Updating battery label: 🔋 42%
2026-07-12T06:06:48+00:00 machine gtk-status-bar[1182]: 2026-07-12T06:06:48.052060Z DEBUG gtk_status_bar::widgets: 👁️  SHOWING battery widget - data: 🔋 42%
2026-07-12T06:06:50+00:00 machine gtk-status-bar[1182]: 2026-07-12T06:06:50.876440Z DEBUG gtk_status_bar::dbus: Got an event in event stream: Msg { type: Signal, serial: 18, sender: UniqueName(":1.5"), path: ObjectPath("/org/freedesktop/UPower/devices/battery_BAT0"), iface: InterfaceName("org.freedesktop.DBus.Properties"), member: MemberName("PropertiesChanged"), body: Structure(Dynamic { fields: [Str, Dict { key: Dynamic { child: Str }, value: Dynamic { child: Variant } }, Array(Dynamic { child: Str })] }), fds: [] }
2026-07-12T06:06:50+00:00 machine gtk-status-bar[1182]: 2026-07-12T06:06:50.876551Z DEBUG gtk_status_bar::dbus: Dbus monitor: Received D-Bus message from path: Some(ObjectPath("/org/freedesktop/UPower/devices/battery_BAT0")), interface: Some(InterfaceName("org.freedesktop.DBus.Properties")), member: Some(MemberName("PropertiesChanged"))
2026-07-12T06:06:50+00:00 machine gtk-status-bar[1182]: 2026-07-12T06:06:50.876572Z  INFO gtk_status_bar::dbus: Dbus monitor: Received signal
2026-07-12T06:06:50+00:00 machine gtk-status-bar[1182]: 2026-07-12T06:06:50.876587Z  INFO gtk_status_bar::dbus: Dbus monitor: Received PropertiesChanged signal
2026-07-12T06:06:50+00:00 machine gtk-status-bar[1182]: 2026-07-12T06:06:50.876621Z DEBUG gtk_status_bar::dbus: Battery device properties contain no State property
2026-07-12T06:06:50+00:00 machine gtk-status-bar[1182]: 2026-07-12T06:06:50.876637Z  INFO gtk_status_bar::dbus: Battery percentage changed to 42.0%
2026-07-12T06:06:50+00:00 machine gtk-status-bar[1182]: 2026-07-12T06:06:50.876824Z DEBUG gtk_status_bar::widgets: Updating battery label: 🔋 42%
2026-07-12T06:06:50+00:00 machine gtk-status-bar[1182]: 2026-07-12T06:06:50.876856Z DEBUG gtk_status_bar::widgets: 👁️  SHOWING battery widget - data: 🔋 42%
2026-07-12T06:06:50+00:00 machine gtk-status-bar[1182]: 2026-07-12T06:06:50.877090Z DEBUG gtk_status_bar::dbus: Got an event in event stream: Msg { type: Signal, serial: 19, sender: UniqueName(":1.5"), path: ObjectPath("/org/freedesktop/UPower/devices/battery_BAT0"), iface: InterfaceName("org.freedesktop.DBus.Properties"), member: MemberName("PropertiesChanged"), body: Structure(Dynamic { fields: [Str, Dict { key: Dynamic { child: Str }, value: Dynamic { child: Variant } }, Array(Dynamic { child: Str })] }), fds: [] }
2026-07-12T06:06:50+00:00 machine gtk-status-bar[1182]: 2026-07-12T06:06:50.877118Z DEBUG gtk_status_bar::dbus: Dbus monitor: Received D-Bus message from path: Some(ObjectPath("/org/freedesktop/UPower/devices/battery_BAT0")), interface: Some(InterfaceName("org.freedesktop.DBus.Properties")), member: Some(MemberName("PropertiesChanged"))
2026-07-12T06:06:50+00:00 machine gtk-status-bar[1182]: 2026-07-12T06:06:50.877139Z  INFO gtk_status_bar::dbus: Dbus monitor: Received signal
2026-07-12T06:06:50+00:00 machine gtk-status-bar[1182]: 2026-07-12T06:06:50.877168Z  INFO gtk_status_bar::dbus: Dbus monitor: Received PropertiesChanged signal
2026-07-12T06:06:50+00:00 machine gtk-status-bar[1182]: 2026-07-12T06:06:50.877192Z  INFO gtk_status_bar::dbus: Battery is charging (state: 1)
2026-07-12T06:06:53+00:00 machine gtk-status-bar[1182]: 2026-07-12T06:06:53.626651Z DEBUG gtk_status_bar::dbus: Got an event in event stream: Msg { type: Signal, serial: 23, sender: UniqueName(":1.5"), path: ObjectPath("/org/freedesktop/UPower/devices/battery_BAT0"), iface: InterfaceName("org.freedesktop.DBus.Properties"), member: MemberName("PropertiesChanged"), body: Structure(Dynamic { fields: [Str, Dict { key: Dynamic { child: Str }, value: Dynamic { child: Variant } }, Array(Dynamic { child: Str })] }), fds: [] }
2026-07-12T06:06:53+00:00 machine gtk-status-bar[1182]: 2026-07-12T06:06:53.626730Z DEBUG gtk_status_bar::dbus: Dbus monitor: Received D-Bus message from path: Some(ObjectPath("/org/freedesktop/UPower/devices/battery_BAT0")), interface: Some(InterfaceName("org.freedesktop.DBus.Properties")), member: Some(MemberName("PropertiesChanged"))
2026-07-12T06:06:53+00:00 machine gtk-status-bar[1182]: 2026-07-12T06:06:53.626778Z  INFO gtk_status_bar::dbus: Dbus monitor: Received signal
2026-07-12T06:06:53+00:00 machine gtk-status-bar[1182]: 2026-07-12T06:06:53.626823Z  INFO gtk_status_bar::dbus: Dbus monitor: Received PropertiesChanged signal
2026-07-12T06:06:53+00:00 machine gtk-status-bar[1182]: 2026-07-12T06:06:53.626903Z DEBUG gtk_status_bar::dbus: Battery device properties contain no State property
2026-07-12T06:06:53+00:00 machine gtk-status-bar[1182]: 2026-07-12T06:06:53.626950Z  INFO gtk_status_bar::dbus: Battery percentage changed to 0.0%
2026-07-12T06:06:53+00:00 machine gtk-status-bar[1182]: 2026-07-12T06:06:53.627018Z DEBUG gtk_status_bar::dbus: Got an event in event stream: Msg { type: Signal, serial: 24, sender: UniqueName(":1.5"), path: ObjectPath("/org/freedesktop/UPower/devices/battery_BAT0"), iface: InterfaceName("org.freedesktop.DBus.Properties"), member: MemberName("PropertiesChanged"), body: Structure(Dynamic { fields: [Str, Dict { key: Dynamic { child: Str }, value: Dynamic { child: Variant } }, Array(Dynamic { child: Str })] }), fds: [] }
2026-07-12T06:06:53+00:00 machine gtk-status-bar[1182]: 2026-07-12T06:06:53.627072Z DEBUG gtk_status_bar::dbus: Dbus monitor: Received D-Bus message from path: Some(ObjectPath("/org/freedesktop/UPower/devices/battery_BAT0")), interface: Some(InterfaceName("org.freedesktop.DBus.Properties")), member: Some(MemberName("PropertiesChanged"))
2026-07-12T06:06:53+00:00 machine gtk-status-bar[1182]: 2026-07-12T06:06:53.627115Z  INFO gtk_status_bar::dbus: Dbus monitor: Received signal
2026-07-12T06:06:53+00:00 machine gtk-status-bar[1182]: 2026-07-12T06:06:53.627128Z DEBUG gtk_status_bar::widgets: Updating battery label: 🔋 0%
2026-07-12T06:06:53+00:00 machine gtk-status-bar[1182]: 2026-07-12T06:06:53.627181Z  INFO gtk_status_bar::dbus: Dbus monitor: Received PropertiesChanged signal
2026-07-12T06:06:53+00:00 machine gtk-status-bar[1182]: 2026-07-12T06:06:53.627251Z DEBUG gtk_status_bar::widgets: 👁️  SHOWING battery widget - data: 🔋 0%
2026-07-12T06:06:53+00:00 machine gtk-status-bar[1182]: 2026-07-12T06:06:53.627243Z  INFO gtk_status_bar::dbus: Battery is discharging (state: 2)
2026-07-12T06:06:56+00:00 machine gtk-status-bar[1182]: 2026-07-12T06:06:56.324947Z DEBUG gtk_status_bar::dbus: Got an event in event stream: Msg { type: Signal, serial: 28, sender: UniqueName(":1.5"), path: ObjectPath("/org/freedesktop/UPower/devices/battery_BAT0"), iface: InterfaceName("org.freedesktop.DBus.Properties"), member: MemberName("PropertiesChanged"), body: Structure(Dynamic { fields: [Str, Dict { key: Dynamic { child: Str }, value: Dynamic { child: Variant } }, Array(Dynamic { child: Str })] }), fds: [] }
2026-07-12T06:06:56+00:00 machine gtk-status-bar[1182]: 2026-07-12T06:06:56.324993Z DEBUG gtk_status_bar::dbus: Dbus monitor: Received D-Bus message from path: Some(ObjectPath("/org/freedesktop/UPower/devices/battery_BAT0")), interface: Some(InterfaceName("org.freedesktop.DBus.Properties")), member: Some(MemberName("PropertiesChanged"))
2026-07-12T06:06:56+00:00 machine gtk-status-bar[1182]: 2026-07-12T06:06:56.325012Z  INFO gtk_status_bar::dbus: Dbus monitor: Received signal
2026-07-12T06:06:56+00:00 machine gtk-status-bar[1182]: 2026-07-12T06:06:56.325028Z  INFO gtk_status_bar::dbus: Dbus monitor: Received PropertiesChanged signal
2026-07-12T06:06:56+00:00 machine gtk-status-bar[1182]: 2026-07-12T06:06:56.325062Z DEBUG gtk_status_bar::dbus: Battery device properties contain no State property
2026-07-12T06:06:56+00:00 machine gtk-status-bar[1182]: 2026-07-12T06:06:56.325081Z  INFO gtk_status_bar::dbus: Battery percentage changed to 100.0%
2026-07-12T06:06:56+00:00 machine gtk-status-bar[1182]: 2026-07-12T06:06:56.325121Z DEBUG gtk_status_bar::dbus: Got an event in event stream: Msg { type: Signal, serial: 29, sender: UniqueName(":1.5"), path: ObjectPath("/org/freedesktop/UPower/devices/battery_BAT0"), iface: InterfaceName("org.freedesktop.DBus.Properties"), member: MemberName("PropertiesChanged"), body: Structure(Dynamic { fields: [Str, Dict { key: Dynamic { child: Str }, value: Dynamic { child: Variant } }, Array(Dynamic { child: Str })] }), fds: [] }
2026-07-12T06:06:56+00:00 machine gtk-status-bar[1182]: 2026-07-12T06:06:56.325150Z DEBUG gtk_status_bar::dbus: Dbus monitor: Received D-Bus message from path: Some(ObjectPath("/org/freedesktop/UPower/devices/battery_BAT0")), interface: Some(InterfaceName("org.freedesktop.DBus.Properties")), member: Some(MemberName("PropertiesChanged"))
2026-07-12T06:06:56+00:00 machine gtk-status-bar[1182]: 2026-07-12T06:06:56.325171Z  INFO gtk_status_bar::dbus: Dbus monitor: Received signal
2026-07-12T06:06:56+00:00 machine gtk-status-bar[1182]: 2026-07-12T06:06:56.325188Z  INFO gtk_status_bar::dbus: Dbus monitor: Received PropertiesChanged signal
2026-07-12T06:06:56+00:00 machine gtk-status-bar[1182]: 2026-07-12T06:06:56.325215Z  INFO gtk_status_bar::dbus: Battery is fully charged (state: 4)
2026-07-12T06:06:56+00:00 machine gtk-status-bar[1182]: 2026-07-12T06:06:56.325602Z DEBUG gtk_status_bar::widgets: Updating battery label: 🔋 100%
2026-07-12T06:06:56+00:00 machine gtk-status-bar[1182]: 2026-07-12T06:06:56.325687Z DEBUG gtk_status_bar::widgets: 👁️  SHOWING battery widget - data: 🔋 100%
2026-07-12T06:06:58+00:00 machine gtk-status-bar[1182]: 2026-07-12T06:06:58.979084Z DEBUG gtk_status_bar::dbus: Got an event in event stream: Msg { type: Signal, serial: 33, sender: UniqueName(":1.5"), path: ObjectPath("/org/freedesktop/UPower/devices/battery_BAT0"), iface: InterfaceName("org.freedesktop.DBus.Properties"), member: MemberName("PropertiesChanged"), body: Structure(Dynamic { fields: [Str, Dict { key: Dynamic { child: Str }, value: Dynamic { child: Variant } }, Array(Dynamic { child: Str })] }), fds: [] }
2026-07-12T06:06:58+00:00 machine gtk-status-bar[1182]: 2026-07-12T06:06:58.979130Z DEBUG gtk_status_bar::dbus: Dbus monitor: Received D-Bus message from path: Some(ObjectPath("/org/freedesktop/UPower/devices/battery_BAT0")), interface: Some(InterfaceName("org.freedesktop.DBus.Properties")), member: Some(MemberName("PropertiesChanged"))
2026-07-12T06:06:58+00:00 machine gtk-status-bar[1182]: 2026-07-12T06:06:58.979161Z  INFO gtk_status_bar::dbus: Dbus monitor: Received signal
2026-07-12T06:06:58+00:00 machine gtk-status-bar[1182]: 2026-07-12T06:06:58.979180Z  INFO gtk_status_bar::dbus: Dbus monitor: Received PropertiesChanged signal
2026-07-12T06:06:58+00:00 machine gtk-status-bar[1182]: 2026-07-12T06:06:58.979216Z DEBUG gtk_status_bar::dbus: Battery device properties contain no State property
2026-07-12T06:06:58+00:00 machine gtk-status-bar[1182]: 2026-07-12T06:06:58.979237Z  INFO gtk_status_bar::dbus: Battery percentage changed to 79.5%
2026-07-12T06:06:58+00:00 machine gtk-status-bar[1182]: 2026-07-12T06:06:58.979276Z DEBUG gtk_status_bar::dbus: Got an event in event stream: Msg { type: Signal, serial: 34, sender: UniqueName(":1.5"), path: ObjectPath("/org/freedesktop/UPower/devices/battery_BAT0"), iface: InterfaceName("org.freedesktop.DBus.Properties"), member: MemberName("PropertiesChanged"), body: Structure(Dynamic { fields: [Str, Dict { key: Dynamic { child: Str }, value: Dynamic { child: Variant } }, Array(Dynamic { child: Str })] }), fds: [] }
2026-07-12T06:06:58+00:00 machine gtk-status-bar[1182]: 2026-07-12T06:06:58.979304Z DEBUG gtk_status_bar::dbus: Dbus monitor: Received D-Bus message from path: Some(ObjectPath("/org/freedesktop/UPower/devices/battery_BAT0")), interface: Some(InterfaceName("org.freedesktop.DBus.Properties")), member: Some(MemberName("PropertiesChanged"))
2026-07-12T06:06:58+00:00 machine gtk-status-bar[1182]: 2026-07-12T06:06:58.979325Z  INFO gtk_status_bar::dbus: Dbus monitor: Received signal
2026-07-12T06:06:58+00:00 machine gtk-status-bar[1182]: 2026-07-12T06:06:58.979343Z  INFO gtk_status_bar::dbus: Dbus monitor: Received PropertiesChanged signal
2026-07-12T06:06:58+00:00 machine gtk-status-bar[1182]: 2026-07-12T06:06:58.979398Z  INFO gtk_status_bar::dbus: Battery is discharging (state: 2)
2026-07-12T06:06:58+00:00 machine gtk-status-bar[1182]: 2026-07-12T06:06:58.979830Z DEBUG gtk_status_bar::widgets: Updating battery label: 🔋 80%
2026-07-12T06:06:58+00:00 machine gtk-status-bar[1182]: 2026-07-12T06:06:58.979996Z DEBUG gtk_status_bar::widgets: 👁️  SHOWING battery widget - data: 🔋 80%
2026-07-12T06:07:04+00:00 machine gtk-status-bar[1182]: 2026-07-12T06:07:04.323762Z DEBUG gtk_status_bar::dbus: Got an event in event stream: Msg { type: Signal, serial: 42, sender: UniqueName(":1.6"), path: ObjectPath("/"), iface: InterfaceName("org.freedesktop.DBus.ObjectManager"), member: MemberName("InterfacesAdded"), body: Structure(Dynamic { fields: [ObjectPath, Dict { key: Dynamic { child: Str }, value: Dynamic { child: Dict { key: Dynamic { child: Str }, value: Dynamic { child: Variant } } } }] }), fds: [] }
2026-07-12T06:07:04+00:00 machine gtk-status-bar[1182]: 2026-07-12T06:07:04.324621Z DEBUG gtk_status_bar::dbus: Dbus monitor: Received D-Bus message from path: Some(ObjectPath("/")), interface: Some(InterfaceName("org.freedesktop.DBus.ObjectManager")), member: Some(MemberName("InterfacesAdded"))
2026-07-12T06:07:04+00:00 machine gtk-status-bar[1182]: 2026-07-12T06:07:04.324649Z  INFO gtk_status_bar::dbus: Dbus monitor: Received signal
2026-07-12T06:07:04+00:00 machine gtk-status-bar[1182]: 2026-07-12T06:07:04.324671Z  INFO gtk_status_bar::dbus: Dbus monitor: Received InterfacesAdded signal from ObjectManager
2026-07-12T06:07:04+00:00 machine gtk-status-bar[1182]: 2026-07-12T06:07:04.324780Z DEBUG gtk_status_bar::dbus: Available interfaces in InterfacesAdded: [Str("org.bluez.Device1")]
2026-07-12T06:07:04+00:00 machine gtk-status-bar[1182]: 2026-07-12T06:07:04.324826Z DEBUG gtk_status_bar::dbus: Found Device1 interface properties: Dict { map: {Str("Adapter"): Value(ObjectPath(ObjectPath("/org/bluez/hci0"))), Str("Address"): Value(Str("AA:BB:CC:DD:EE:03")), Str("AddressType"): Value(Str("public")), Str("AdvertisingData"): Value(Array(Array { elements: [], signature: Array(Dynamic { child: Dict { key: Dynamic { child: U8 }, value: Dynamic { child: Variant } } }) })), Str("AdvertisingFlags"): Value(Array(Array { elements: [], signature: Array(Dynamic { child: Array(Dynamic { child: U8 }) }) })), Str("Alias"): Value(Str("🎧 Sony")), Str("Appearance"): Value(U16(0)), Str("Blocked"): Value(Bool(false)), Str("Class"): Value(U32(5898764)), Str("Connected"): Value(Bool(false)), Str("Icon"): Value(Str("phone")), Str("LegacyPairing"): Value(Bool(false)), Str("ManufacturerData"): Value(Array(Array { elements: [], signature: Array(Dynamic { child: Dict { key: Dynamic { child: U16 }, value: Dynamic { child: Variant } } }) })), Str("Modalias"): Value(Str("bluetooth:v000Fp1200d1436")), Str("Name"): Value(Str("🎧 Sony")), Str("Paired"): Value(Bool(false)), Str("RSSI"): Value(I16(-79)), Str("ServiceData"): Value(Array(Array { elements: [], signature: Array(Dynamic { child: Dict { key: Dynamic { child: Str }, value: Dynamic { child: Variant } } }) })), Str("ServicesResolved"): Value(Bool(false)), Str("Trusted"): Value(Bool(false)), Str("TxPower"): Value(I16(0)), Str("UUIDs"): Value(Array(Array { elements: [], signature: Array(Dynamic { child: Str }) })), Str("WakeAllowed"): Value(Bool(false))}, signature: Dict { key: Dynamic { child: Str }, value: Dynamic { child: Variant } } }
2026-07-12T06:07:04+00:00 machine gtk-status-bar[1182]: 2026-07-12T06:07:04.324867Z DEBUG gtk_status_bar::dbus: Found Bluetooth device name: 🎧 Sony
2026-07-12T06:07:04+00:00 machine gtk-status-bar[1182]: 2026-07-12T06:07:04.324890Z  INFO gtk_status_bar::dbus: Created new device /org/bluez/hci0/dev_AA_BB_CC_DD_EE_03 with name: Some("🎧 Sony")
2026-07-12T06:07:04+00:00 machine gtk-status-bar[1182]: 2026-07-12T06:07:04.327617Z DEBUG gtk_status_bar::dbus: Not a device with org.bluez.Battery1 interface
2026-07-12T06:07:04+00:00 machine gtk-status-bar[1182]: 2026-07-12T06:07:04.328130Z DEBUG gtk_status_bar::widgets: Updating Bluetooth battery label: P80
2026-07-12T06:07:04+00:00 machine gtk-status-bar[1182]: 2026-07-12T06:07:04.328170Z DEBUG gtk_status_bar::widgets: 👁️  SHOWING Bluetooth widget - data: P80
2026-07-12T06:07:04+00:00 machine gtk-status-bar[2517]: 2026-07-12T06:07:04.948760Z  INFO gtk_status_bar: Starting GTK status bar application
2026-07-12T06:07:04+00:00 machine gtk-status-bar[2517]: 2026-07-12T06:07:04.949802Z  INFO gtk_status_bar: Running GTK application
2026-07-12T06:07:06+00:00 machine gtk-status-bar[2517]: 2026-07-12T06:07:06.681061Z  INFO gtk_status_bar: Activating GTK application
2026-07-12T06:07:06+00:00 machine gtk-status-bar[2517]: 2026-07-12T06:07:06.682814Z DEBUG gtk_status_bar::widgets: Loading CSS styles
2026-07-12T06:07:06+00:00 machine gtk-status-bar[2517]: 2026-07-12T06:07:06.683615Z  INFO gtk_status_bar::widgets: CSS styles loaded successfully
2026-07-12T06:07:06+00:00 machine gtk-status-bar[2517]: 2026-07-12T06:07:06.683653Z DEBUG gtk_status_bar::widgets: Configuring layer shell
2026-07-12T06:07:06+00:00 machine gtk-status-bar[2517]: 2026-07-12T06:07:06.687244Z  INFO gtk_status_bar::widgets: Layer shell configured successfully
2026-07-12T06:07:06+00:00 machine gtk-status-bar[2517]: 2026-07-12T06:07:06.687276Z DEBUG gtk_status_bar::widgets: Creating experimental bar
2026-07-12T06:07:06+00:00 machine gtk-status-bar[2517]: 2026-07-12T06:07:06.687390Z DEBUG gtk_status_bar::widgets: Creating left group
2026-07-12T06:07:06+00:00 machine gtk-status-bar[2517]: 2026-07-12T06:07:06.687432Z DEBUG gtk_status_bar::widgets: Creating workspace widget
2026-07-12T06:07:06+00:00 machine gtk-status-bar[2517]: 2026-07-12T06:07:06.687768Z DEBUG gtk_status_bar::widgets: Creating center group
2026-07-12T06:07:06+00:00 machine gtk-status-bar[2517]: 2026-07-12T06:07:06.687797Z DEBUG gtk_status_bar::widgets: Creating title widget
2026-07-12T06:07:06+00:00 machine gtk-status-bar[2517]: 2026-07-12T06:07:06.687848Z DEBUG gtk_status_bar::widgets: Creating right group
2026-07-12T06:07:06+00:00 machine gtk-status-bar[2517]: 2026-07-12T06:07:06.687881Z DEBUG gtk_status_bar::widgets: Creating system tray widget
2026-07-12T06:07:06+00:00 machine gtk-status-bar[2517]: 2026-07-12T06:07:06.687907Z DEBUG gtk_status_bar::widgets: Creating bluetooth widget
2026-07-12T06:07:06+00:00 machine gtk-status-bar[2517]: 2026-07-12T06:07:06.687997Z DEBUG gtk_status_bar::widgets: Creating volume widget
2026-07-12T06:07:06+00:00 machine gtk-status-bar[2517]: 2026-07-12T06:07:06.688042Z DEBUG gtk_status_bar::widgets: Creating battery widget
2026-07-12T06:07:06+00:00 machine gtk-status-bar[2517]: 2026-07-12T06:07:06.688092Z DEBUG gtk_status_bar::widgets: Creating time widget
2026-07-12T06:07:07+00:00 machine gtk-status-bar[2517]: 2026-07-12T06:07:07.376632Z DEBUG gtk_status_bar::widgets: Setting up time widget updates
2026-07-12T06:07:07+00:00 machine gtk-status-bar[2517]: 2026-07-12T06:07:07.376684Z DEBUG gtk_status_bar::widgets: Setting up system tray updates
2026-07-12T06:07:07+00:00 machine gtk-status-bar[2517]: 2026-07-12T06:07:07.376718Z DEBUG gtk_status_bar::widgets: Setting up workspace updates
2026-07-12T06:07:07+00:00 machine gtk-status-bar[2517]: 2026-07-12T06:07:07.376751Z DEBUG gtk_status_bar::widgets: Setting up title updates
2026-07-12T06:07:07+00:00 machine gtk-status-bar[2517]: 2026-07-12T06:07:07.376784Z DEBUG gtk_status_bar::widgets: Setting up battery updates
2026-07-12T06:07:07+00:00 machine gtk-status-bar[2517]: 2026-07-12T06:07:07.376817Z DEBUG gtk_status_bar::widgets: Setting up Bluetooth battery updates
2026-07-12T06:07:07+00:00 machine gtk-status-bar[2517]: 2026-07-12T06:07:07.376852Z DEBUG gtk_status_bar::widgets: Setting up volume updates with tokio async channels
2026-07-12T06:07:07+00:00 machine gtk-status-bar[2517]: 2026-07-12T06:07:07.376994Z  INFO gtk_status_bar: Application activated successfully
2026-07-12T06:07:07+00:00 machine gtk-status-bar[2517]: 2026-07-12T06:07:07.377075Z DEBUG gtk_status_bar::pw: 🔧 Initializing PipeWire on dedicated thread...
2026-07-12T06:07:07+00:00 machine gtk-status-bar[2517]: 2026-07-12T06:07:07.377108Z DEBUG gtk_status_bar::pw: 📋 Created device tracking HashMap for (node_name, description, volume, channel, mute)
2026-07-12T06:07:07+00:00 machine gtk-status-bar[2517]: 2026-07-12T06:07:07.377405Z DEBUG gtk_status_bar::widgets: 🚀 Starting async volume update loop...
2026-07-12T06:07:07+00:00 machine gtk-status-bar[2517]: 2026-07-12T06:07:07.380388Z DEBUG gtk_status_bar::pw: ✅ PipeWire initialized
2026-07-12T06:07:07+00:00 machine gtk-status-bar[2517]: 2026-07-12T06:07:07.380433Z DEBUG gtk_status_bar::pw: ✅ ThreadLoop created
2026-07-12T06:07:07+00:00 machine gtk-status-bar[2517]: 2026-07-12T06:07:07.381643Z  INFO gtk_status_bar::hypr: 🔌 Starting workspace event listener
2026-07-12T06:07:07+00:00 machine gtk-status-bar[2517]: 2026-07-12T06:07:07.381664Z DEBUG gtk_status_bar::hypr: Setting up workspace event listener
2026-07-12T06:07:07+00:00 machine gtk-status-bar[2517]: 2026-07-12T06:07:07.381742Z  INFO gtk_status_bar::hypr: 🔌 Starting title event listener
2026-07-12T06:07:07+00:00 machine gtk-status-bar[2517]: 2026-07-12T06:07:07.381759Z DEBUG gtk_status_bar::hypr: Setting up title event listener
2026-07-12T06:07:07+00:00 machine gtk-status-bar[2517]: 2026-07-12T06:07:07.381776Z DEBUG gtk_status_bar::hypr: Fetching initial title state
2026-07-12T06:07:07+00:00 machine gtk-status-bar[2517]: 2026-07-12T06:07:07.381826Z  INFO gtk_status_bar::dbus: 🔌 Starting D-Bus monitor
2026-07-12T06:07:07+00:00 machine gtk-status-bar[2517]: 2026-07-12T06:07:07.381838Z  INFO gtk_status_bar::tray: 🔌 Starting system tray backend
2026-07-12T06:07:07+00:00 machine gtk-status-bar[2517]: 2026-07-12T06:07:07.381851Z  INFO gtk_status_bar::dbus: Starting D-Bus monitoring task
2026-07-12T06:07:07+00:00 machine gtk-status-bar[2517]: 2026-07-12T06:07:07.382024Z  INFO gtk_status_bar: Starting tray IPC server
2026-07-12T06:07:07+00:00 machine gtk-status-bar[2517]: 2026-07-12T06:07:07.387973Z DEBUG gtk_status_bar::widgets: Pinning bar height to font-derived line height char_height=18 multiplier=1.4 pinned=25
2026-07-12T06:07:07+00:00 machine gtk-status-bar[2517]: 2026-07-12T06:07:07.393656Z  INFO tray_ipc: Tray IPC server is listening path=/run/user/1000/gtk-status-bar/tray.sock
2026-07-12T06:07:07+00:00 machine gtk-status-bar[2517]: 2026-07-12T06:07:07.396964Z DEBUG gtk_status_bar::pw: ✅ Context created
2026-07-12T06:07:07+00:00 machine gtk-status-bar[2517]: 2026-07-12T06:07:07.397068Z DEBUG gtk_status_bar::pw: ✅ Core connected
2026-07-12T06:07:07+00:00 machine gtk-status-bar[2517]: 2026-07-12T06:07:07.397102Z DEBUG gtk_status_bar::pw: ✅ Registry obtained
2026-07-12T06:07:07+00:00 machine gtk-status-bar[2517]: 2026-07-12T06:07:07.397119Z DEBUG gtk_status_bar::pw: 🎵 PipeWire ThreadLoop started - monitoring volume changes with default sink filtering
2026-07-12T06:07:07+00:00 machine gtk-status-bar[2517]: 2026-07-12T06:07:07.397234Z DEBUG gtk_status_bar::pw: ✅ ThreadLoop started successfully
2026-07-12T06:07:07+00:00 machine gtk-status-bar[2517]: 2026-07-12T06:07:07.397250Z DEBUG gtk_status_bar::pw: 🔄 PipeWire thread running - async event delivery active...
2026-07-12T06:07:07+00:00 machine gtk-status-bar[2517]: 2026-07-12T06:07:07.400320Z DEBUG gtk_status_bar::pw: 📡 PipeWire connected: pipewire-0
2026-07-12T06:07:07+00:00 machine gtk-status-bar[2517]: 2026-07-12T06:07:07.400352Z DEBUG gtk_status_bar::pw: 🚫 Skipping metadata '' (props: Some(DictRef { flags: Flags(0x0), entries: {"object.serial": "0", "core.name": "pipewire-0"} }))
2026-07-12T06:07:07+00:00 machine gtk-status-bar[2517]: 2026-07-12T06:07:07.400372Z DEBUG gtk_status_bar::pw: 🚫 Skipping metadata '' (props: Some(DictRef { flags: Flags(0x0), entries: {"object.serial": "1", "module.name": "libpipewire-module-rt"} }))
2026-07-12T06:07:07+00:00 machine gtk-status-bar[2517]: 2026-07-12T06:07:07.400389Z DEBUG gtk_status_bar::pw: 🚫 Skipping metadata '' (props: Some(DictRef { flags: Flags(0x0), entries: {"object.serial": "3"} }))
2026-07-12T06:07:07+00:00 machine gtk-status-bar[2517]: 2026-07-12T06:07:07.400406Z DEBUG gtk_status_bar::pw: 🚫 Skipping metadata '' (props: Some(DictRef { flags: Flags(0x0), entries: {"object.serial": "2", "module.name": "libpipewire-module-protocol-native"} }))
2026-07-12T06:07:07+00:00 machine gtk-status-bar[2517]: 2026-07-12T06:07:07.400423Z DEBUG gtk_status_bar::pw: 🚫 Skipping metadata '' (props: Some(DictRef { flags: Flags(0x0), entries: {"object.serial": "5"} }))
2026-07-12T06:07:07+00:00 machine gtk-status-bar[2517]: 2026-07-12T06:07:07.400439Z DEBUG gtk_status_bar::pw: 🚫 Skipping metadata '' (props: Some(DictRef { flags: Flags(0x0), entries: {"object.serial": "4", "module.name": "libpipewire-module-profiler"} }))
2026-07-12T06:07:07+00:00 machine gtk-status-bar[2517]: 2026-07-12T06:07:07.400456Z DEBUG gtk_status_bar::pw: 🚫 Skipping metadata '' (props: Some(DictRef { flags: Flags(0x0), entries: {"object.serial": "6", "module.name": "libpipewire-module-metadata"} }))
2026-07-12T06:07:07+00:00 machine gtk-status-bar[2517]: 2026-07-12T06:07:07.400516Z DEBUG gtk_status_bar::pw: 🚫 Skipping metadata '' (props: Some(DictRef { flags: Flags(0x0), entries: {"object.serial": "7", "module.id": "6", "factory.name": "metadata", "factory.type.name": "PipeWire:Interface:Metadata", "factory.type.version": "3"} }))
2026-07-12T06:07:07+00:00 machine gtk-status-bar[2517]: 2026-07-12T06:07:07.400535Z DEBUG gtk_status_bar::pw: 🚫 Skipping metadata '' (props: Some(DictRef { flags: Flags(0x0), entries: {"object.serial": "8", "module.name": "libpipewire-module-spa-device-factory"} }))
2026-07-12T06:07:07+00:00 machine gtk-status-bar[2517]: 2026-07-12T06:07:07.400551Z DEBUG gtk_status_bar::pw: 🚫 Skipping metadata '' (props: Some(DictRef { flags: Flags(0x0), entries: {"object.serial": "9", "module.id": "8", "factory.name": "spa-device-factory", "factory.type.name": "PipeWire:Interface:Device", "factory.type.version": "3"} }))
2026-07-12T06:07:07+00:00 machine gtk-status-bar[2517]: 2026-07-12T06:07:07.400569Z DEBUG gtk_status_bar::pw: 🚫 Skipping metadata '' (props: Some(DictRef { flags: Flags(0x0), entries: {"object.serial": "10", "module.name": "libpipewire-module-spa-node-factory"} }))
2026-07-12T06:07:07+00:00 machine gtk-status-bar[2517]: 2026-07-12T06:07:07.400586Z DEBUG gtk_status_bar::pw: 🚫 Skipping metadata '' (props: Some(DictRef { flags: Flags(0x0), entries: {"object.serial": "11", "module.id": "10", "factory.name": "spa-node-factory", "factory.type.name": "PipeWire:Interface:Node", "factory.type.version": "3"} }))
2026-07-12T06:07:07+00:00 machine gtk-status-bar[2517]: 2026-07-12T06:07:07.400603Z DEBUG gtk_status_bar::pw: 🚫 Skipping metadata '' (props: Some(DictRef { flags: Flags(0x0), entries: {"object.serial": "12", "module.name": "libpipewire-module-client-node"} }))
2026-07-12T06:07:07+00:00 machine gtk-status-bar[2517]: 2026-07-12T06:07:07.400620Z DEBUG gtk_status_bar::pw: 🚫 Skipping metadata '' (props: Some(DictRef { flags: Flags(0x0), entries: {"object.serial": "13", "module.id": "12", "factory.name": "client-node", "factory.type.name": "PipeWire:Interface:ClientNode", "factory.type.version": "6"} }))
2026-07-12T06:07:07+00:00 machine gtk-status-bar[2517]: 2026-07-12T06:07:07.400641Z DEBUG gtk_status_bar::pw: 🚫 Skipping metadata '' (props: Some(DictRef { flags: Flags(0x0), entries: {"object.serial": "14", "module.name": "libpipewire-module-client-device"} }))
2026-07-12T06:07:07+00:00 machine gtk-status-bar[2517]: 2026-07-12T06:07:07.400658Z DEBUG gtk_status_bar::pw: 🚫 Skipping metadata '' (props: Some(DictRef { flags: Flags(0x0), entries: {"object.serial": "15", "module.id": "14", "factory.name": "client-device", "factory.type.name": "Spa:Pointer:Interface:Device", "factory.type.version": "0"} }))
2026-07-12T06:07:07+00:00 machine gtk-status-bar[2517]: 2026-07-12T06:07:07.400675Z DEBUG gtk_status_bar::pw: 🚫 Skipping metadata '' (props: Some(DictRef { flags: Flags(0x0), entries: {"object.serial": "16", "module.name": "libpipewire-module-portal"} }))
2026-07-12T06:07:07+00:00 machine gtk-status-bar[2517]: 2026-07-12T06:07:07.400691Z DEBUG gtk_status_bar::pw: 🚫 Skipping metadata '' (props: Some(DictRef { flags: Flags(0x0), entries: {"object.serial": "17", "module.name": "libpipewire-module-access"} }))
2026-07-12T06:07:07+00:00 machine gtk-status-bar[2517]: 2026-07-12T06:07:07.400707Z DEBUG gtk_status_bar::pw: 🚫 Skipping metadata '' (props: Some(DictRef { flags: Flags(0x0), entries: {"object.serial": "18", "module.name": "libpipewire-module-adapter"} }))
2026-07-12T06:07:07+00:00 machine gtk-status-bar[2517]: 2026-07-12T06:07:07.400723Z DEBUG gtk_status_bar::pw: 🚫 Skipping metadata '' (props: Some(DictRef { flags: Flags(0x0), entries: {"object.serial": "19", "module.id": "18", "factory.name": "adapter", "factory.type.name": "PipeWire:Interface:Node", "factory.type.version": "3"} }))
2026-07-12T06:07:07+00:00 machine gtk-status-bar[2517]: 2026-07-12T06:07:07.400740Z DEBUG gtk_status_bar::pw: 🚫 Skipping metadata '' (props: Some(DictRef { flags: Flags(0x0), entries: {"object.serial": "20", "module.name": "libpipewire-module-link-factory"} }))
2026-07-12T06:07:07+00:00 machine gtk-status-bar[2517]: 2026-07-12T06:07:07.400756Z DEBUG gtk_status_bar::pw: 🚫 Skipping metadata '' (props: Some(DictRef { flags: Flags(0x0), entries: {"object.serial": "21", "module.id": "20", "factory.name": "link-factory", "factory.type.name": "PipeWire:Interface:Link", "factory.type.version": "3"} }))
2026-07-12T06:07:07+00:00 machine gtk-status-bar[2517]: 2026-07-12T06:07:07.400773Z DEBUG gtk_status_bar::pw: 🚫 Skipping metadata '' (props: Some(DictRef { flags: Flags(0x0), entries: {"object.serial": "22", "module.name": "libpipewire-module-session-manager"} }))
2026-07-12T06:07:07+00:00 machine gtk-status-bar[2517]: 2026-07-12T06:07:07.400790Z DEBUG gtk_status_bar::pw: 🚫 Skipping metadata '' (props: Some(DictRef { flags: Flags(0x0), entries: {"object.serial": "23", "module.id": "22", "factory.name": "client-endpoint", "factory.type.name": "PipeWire:Interface:ClientEndpoint", "factory.type.version": "0"} }))
2026-07-12T06:07:07+00:00 machine gtk-status-bar[2517]: 2026-07-12T06:07:07.400806Z DEBUG gtk_status_bar::pw: 🚫 Skipping metadata '' (props: Some(DictRef { flags: Flags(0x0), entries: {"object.serial": "24", "module.id": "22", "factory.name": "client-session", "factory.type.name": "PipeWire:Interface:ClientSession", "factory.type.version": "0"} }))
2026-07-12T06:07:07+00:00 machine gtk-status-bar[2517]: 2026-07-12T06:07:07.400823Z DEBUG gtk_status_bar::pw: 🚫 Skipping metadata '' (props: Some(DictRef { flags: Flags(0x0), entries: {"object.serial": "25", "module.id": "22", "factory.name": "session", "factory.type.name": "PipeWire:Interface:Session", "factory.type.version": "0"} }))
2026-07-12T06:07:07+00:00 machine gtk-status-bar[2517]: 2026-07-12T06:07:07.400840Z DEBUG gtk_status_bar::pw: 🚫 Skipping metadata '' (props: Some(DictRef { flags: Flags(0x0), entries: {"object.serial": "26", "module.id": "22", "factory.name": "endpoint", "factory.type.name": "PipeWire:Interface:Endpoint", "factory.type.version": "0"} }))
2026-07-12T06:07:07+00:00 machine gtk-status-bar[2517]: 2026-07-12T06:07:07.400857Z DEBUG gtk_status_bar::pw: 🚫 Skipping metadata '' (props: Some(DictRef { flags: Flags(0x0), entries: {"object.serial": "27", "module.id": "22", "factory.name": "endpoint-stream", "factory.type.name": "PipeWire:Interface:EndpointStream", "factory.type.version": "0"} }))
2026-07-12T06:07:07+00:00 machine gtk-status-bar[2517]: 2026-07-12T06:07:07.400874Z DEBUG gtk_status_bar::pw: 🚫 Skipping metadata '' (props: Some(DictRef { flags: Flags(0x0), entries: {"object.serial": "28", "module.id": "22", "factory.name": "endpoint-link", "factory.type.name": "PipeWire:Interface:EndpointLink", "factory.type.version": "0"} }))
2026-07-12T06:07:07+00:00 machine gtk-status-bar[2517]: 2026-07-12T06:07:07.400891Z DEBUG gtk_status_bar::pw: 🚫 Skipping metadata '' (props: Some(DictRef { flags: Flags(0x0), entries: {"object.serial": "29", "module.name": "libpipewire-module-x11-bell"} }))
2026-07-12T06:07:07+00:00 machine gtk-status-bar[2517]: 2026-07-12T06:07:07.400910Z DEBUG gtk_status_bar::pw: 🚫 Skipping metadata '' (props: Some(DictRef { flags: Flags(0x0), entries: {"object.serial": "30", "module.name": "libpipewire-module-jackdbus-detect"} }))
2026-07-12T06:07:07+00:00 machine gtk-status-bar[2517]: 2026-07-12T06:07:07.400926Z DEBUG gtk_status_bar::pw: 🚫 Skipping metadata '' (props: Some(DictRef { flags: Flags(0x0), entries: {"object.serial": "31", "factory.id": "11", "priority.driver": "200000", "node.name": "Dummy-Driver"} }))
2026-07-12T06:07:07+00:00 machine gtk-status-bar[2517]: 2026-07-12T06:07:07.400943Z DEBUG gtk_status_bar::pw: 🔍 Checking node - media.class: None
2026-07-12T06:07:07+00:00 machine gtk-status-bar[2517]: 2026-07-12T06:07:07.400957Z DEBUG gtk_status_bar::pw: 🔍 Node filter result: false for media.class: None
2026-07-12T06:07:07+00:00 machine gtk-status-bar[2517]: 2026-07-12T06:07:07.400972Z DEBUG gtk_status_bar::pw: 🚫 Skipping metadata '' (props: Some(DictRef { flags: Flags(0x0), entries: {"object.serial": "32", "factory.id": "11", "priority.driver": "190000", "node.name": "Freewheel-Driver"} }))
2026-07-12T06:07:07+00:00 machine gtk-status-bar[2517]: 2026-07-12T06:07:07.400988Z DEBUG gtk_status_bar::pw: 🔍 Checking node - media.class: None
2026-07-12T06:07:07+00:00 machine gtk-status-bar[2517]: 2026-07-12T06:07:07.401002Z DEBUG gtk_status_bar::pw: 🔍 Node filter result: false for media.class: None
2026-07-12T06:07:07+00:00 machine gtk-status-bar[2517]: 2026-07-12T06:07:07.401017Z DEBUG gtk_status_bar::pw: 🚫 Skipping metadata 'settings' (props: Some(DictRef { flags: Flags(0x0), entries: {"object.serial": "33", "metadata.name": "settings"} }))
2026-07-12T06:07:07+00:00 machine gtk-status-bar[2517]: 2026-07-12T06:07:07.401033Z DEBUG gtk_status_bar::pw: 🚫 Skipping metadata '' (props: Some(DictRef { flags: Flags(0x0), entries: {"object.serial": "34", "module.id": "2", "pipewire.protocol": "protocol-native", "pipewire.sec.pid": "1246", "pipewire.sec.uid": "1000", "pipewire.sec.gid": "100", "pipewire.sec.socket": "pipewire-0", "application.name": ".xdg-desktop-portal-wrapped", "pipewire.access": "unrestricted"} }))
2026-07-12T06:07:07+00:00 machine gtk-status-bar[2517]: 2026-07-12T06:07:07.401051Z DEBUG gtk_status_bar::pw: 🚫 Skipping metadata '' (props: Some(DictRef { flags: Flags(0x0), entries: {"object.serial": "35", "module.id": "2", "pipewire.protocol": "protocol-native", "pipewire.sec.pid": "1317", "pipewire.sec.uid": "1000", "pipewire.sec.gid": "100", "pipewire.sec.socket": "pipewire-0-manager", "application.name": "WirePlumber", "pipewire.access": "unrestricted"} }))
2026-07-12T06:07:07+00:00 machine gtk-status-bar[2517]: 2026-07-12T06:07:07.401068Z DEBUG gtk_status_bar::pw: 🚫 Skipping metadata 'schema-sm-settings' (props: Some(DictRef { flags: Flags(0x0), entries: {"metadata.name": "schema-sm-settings", "factory.id": "7", "module.id": "6", "client.id": "35", "object.serial": "36"} }))
2026-07-12T06:07:07+00:00 machine gtk-status-bar[2517]: 2026-07-12T06:07:07.401085Z DEBUG gtk_status_bar::pw: 🚫 Skipping metadata 'persistent-sm-settings' (props: Some(DictRef { flags: Flags(0x0), entries: {"metadata.name": "persistent-sm-settings", "factory.id": "7", "module.id": "6", "client.id": "35", "object.serial": "37"} }))
2026-07-12T06:07:07+00:00 machine gtk-status-bar[2517]: 2026-07-12T06:07:07.401101Z DEBUG gtk_status_bar::pw: 🚫 Skipping metadata 'sm-settings' (props: Some(DictRef { flags: Flags(0x0), entries: {"metadata.name": "sm-settings", "factory.id": "7", "module.id": "6", "client.id": "35", "object.serial": "38"} }))
2026-07-12T06:07:07+00:00 machine gtk-status-bar[2517]: 2026-07-12T06:07:07.401119Z DEBUG gtk_status_bar::pw: 🚫 Skipping metadata 'sm-objects' (props: Some(DictRef { flags: Flags(0x0), entries: {"metadata.name": "sm-objects", "factory.id": "7", "module.id": "6", "client.id": "35", "object.serial": "39"} }))
2026-07-12T06:07:07+00:00 machine gtk-status-bar[2517]: 2026-07-12T06:07:07.401135Z DEBUG gtk_status_bar::pw: 🚫 Skipping metadata 'default-profile' (props: Some(DictRef { flags: Flags(0x0), entries: {"wireplumber.state": "true", "metadata.name": "default-profile", "factory.id": "7", "module.id": "6", "client.id": "35", "object.serial": "40"} }))
2026-07-12T06:07:07+00:00 machine gtk-status-bar[2517]: 2026-07-12T06:07:07.401164Z DEBUG gtk_status_bar::pw: ✅ Processing metadata.name == default
2026-07-12T06:07:07+00:00 machine gtk-status-bar[2517]: 2026-07-12T06:07:07.401179Z DEBUG gtk_status_bar::pw: 📋 Found metadata object: Some(DictRef { flags: Flags(0x0), entries: {"metadata.name": "default", "factory.id": "7", "module.id": "6", "client.id": "35", "object.serial": "42"} })
2026-07-12T06:07:07+00:00 machine gtk-status-bar[2517]: 2026-07-12T06:07:07.401205Z DEBUG gtk_status_bar::pw: 📋 Bound 'default' Metadata (id=3)
2026-07-12T06:07:07+00:00 machine gtk-status-bar[2517]: 2026-07-12T06:07:07.401228Z DEBUG gtk_status_bar::pw: 🚫 Skipping metadata 'filters' (props: Some(DictRef { flags: Flags(0x0), entries: {"metadata.name": "filters", "factory.id": "7", "module.id": "6", "client.id": "35", "object.serial": "43"} }))
2026-07-12T06:07:07+00:00 machine gtk-status-bar[2517]: 2026-07-12T06:07:07.401245Z DEBUG gtk_status_bar::pw: 🚫 Skipping metadata 'route-settings' (props: Some(DictRef { flags: Flags(0x0), entries: {"metadata.name": "route-settings", "factory.id": "7", "module.id": "6", "client.id": "35", "object.serial": "44"} }))
2026-07-12T06:07:07+00:00 machine gtk-status-bar[2517]: 2026-07-12T06:07:07.401262Z DEBUG gtk_status_bar::pw: 🚫 Skipping metadata '' (props: Some(DictRef { flags: Flags(0x0), entries: {"object.serial": "45", "module.id": "2", "pipewire.protocol": "protocol-native", "pipewire.sec.pid": "1317", "pipewire.sec.uid": "1000", "pipewire.sec.gid": "100", "pipewire.sec.socket": "pipewire-0-manager", "application.name": "WirePlumber [export]", "pipewire.access": "unrestricted"} }))
2026-07-12T06:07:07+00:00 machine gtk-status-bar[2517]: 2026-07-12T06:07:07.401280Z DEBUG gtk_status_bar::pw: 🚫 Skipping metadata '' (props: Some(DictRef { flags: Flags(0x0), entries: {"object.serial": "46", "factory.id": "11", "client.id": "45", "priority.session": "100", "priority.driver": "1", "node.name": "Midi-Bridge", "media.class": "Midi/Bridge"} }))
2026-07-12T06:07:07+00:00 machine gtk-status-bar[2517]: 2026-07-12T06:07:07.401299Z DEBUG gtk_status_bar::pw: 🔍 Checking node - media.class: Some("Midi/Bridge")
2026-07-12T06:07:07+00:00 machine gtk-status-bar[2517]: 2026-07-12T06:07:07.401313Z DEBUG gtk_status_bar::pw: 🔍 Node filter result: false for media.class: Some("Midi/Bridge")
2026-07-12T06:07:07+00:00 machine gtk-status-bar[2517]: 2026-07-12T06:07:07.401329Z DEBUG gtk_status_bar::pw: 🚫 Skipping metadata '' (props: Some(DictRef { flags: Flags(0x0), entries: {"object.serial": "47", "object.path": "alsa:seq:default:client_14:playback_0", "format.dsp": "8 bit raw midi", "node.id": "46", "port.id": "0", "port.name": "Midi Through: Port-0 (playback)", "port.direction": "in", "port.physical": "true", "port.terminal": "true", "port.alias": "Midi Through:Midi Through Port-0", "port.group": "client_14"} }))
2026-07-12T06:07:07+00:00 machine gtk-status-bar[2517]: 2026-07-12T06:07:07.401348Z DEBUG gtk_status_bar::pw: 🚫 Skipping metadata '' (props: Some(DictRef { flags: Flags(0x0), entries: {"object.serial": "48", "object.path": "alsa:seq:default:client_14:capture_0", "format.dsp": "8 bit raw midi", "node.id": "46", "port.id": "0", "port.name": "Midi Through: Port-0 (capture)", "port.direction": "out", "port.physical": "true", "port.terminal": "true", "port.alias": "Midi Through:Midi Through Port-0", "port.group": "client_14"} }))
2026-07-12T06:07:07+00:00 machine gtk-status-bar[2517]: 2026-07-12T06:07:07.401366Z DEBUG gtk_status_bar::pw: 🚫 Skipping metadata '' (props: Some(DictRef { flags: Flags(0x0), entries: {"object.serial": "41", "module.id": "2", "pipewire.protocol": "protocol-native", "pipewire.sec.pid": "1330", "pipewire.sec.uid": "1000", "pipewire.sec.gid": "100", "pipewire.sec.socket": "pipewire-0", "application.name": ".xdg-desktop-portal-hyprland-wrapped", "pipewire.access": "unrestricted"} }))
2026-07-12T06:07:07+00:00 machine gtk-status-bar[2517]: 2026-07-12T06:07:07.401384Z DEBUG gtk_status_bar::pw: 🚫 Skipping metadata '' (props: Some(DictRef { flags: Flags(0x0), entries: {"object.serial": "49", "factory.id": "14", "client.id": "45", "node.description": "BLE MIDI 1", "node.name": "bluez_midi.server", "media.class": "Midi/Bridge"} }))
2026-07-12T06:07:07+00:00 machine gtk-status-bar[2517]: 2026-07-12T06:07:07.401400Z DEBUG gtk_status_bar::pw: 🔍 Checking node - media.class: Some("Midi/Bridge")
2026-07-12T06:07:07+00:00 machine gtk-status-bar[2517]: 2026-07-12T06:07:07.401414Z DEBUG gtk_status_bar::pw: 🔍 Node filter result: false for media.class: Some("Midi/Bridge")
2026-07-12T06:07:07+00:00 machine gtk-status-bar[2517]: 2026-07-12T06:07:07.401430Z DEBUG gtk_status_bar::pw: 🚫 Skipping metadata '' (props: Some(DictRef { flags: Flags(0x0), entries: {"object.serial": "50", "object.path": "bluez_midi.server:input_0", "format.dsp": "8 bit raw midi", "node.id": "49", "port.id": "0", "port.name": "in", "port.direction": "in", "port.physical": "true", "port.terminal": "true", "port.alias": "in", "port.group": "group.0"} }))
2026-07-12T06:07:07+00:00 machine gtk-status-bar[2517]: 2026-07-12T06:07:07.401448Z DEBUG gtk_status_bar::pw: 🚫 Skipping metadata '' (props: Some(DictRef { flags: Flags(0x0), entries: {"object.serial": "51", "object.path": "bluez_midi.server:output_0", "format.dsp": "8 bit raw midi", "node.id": "49", "port.id": "0", "port.name": "out", "port.direction": "out", "port.physical": "true", "port.terminal": "true", "port.alias": "out", "port.group": "group.0"} }))
2026-07-12T06:07:07+00:00 machine gtk-status-bar[2517]: 2026-07-12T06:07:07.401516Z DEBUG gtk_status_bar::pw: 🚫 Skipping metadata '' (props: Some(DictRef { flags: Flags(0x0), entries: {"object.serial": "52", "module.id": "2", "pipewire.protocol": "protocol-native", "pipewire.sec.pid": "1369", "pipewire.sec.uid": "1000", "pipewire.sec.gid": "100", "pipewire.sec.socket": "pipewire-0", "application.name": "pipewire", "pipewire.access": "unrestricted"} }))
2026-07-12T06:07:07+00:00 machine gtk-status-bar[2517]: 2026-07-12T06:07:07.402427Z DEBUG gtk_status_bar::pw: 🚫 Skipping metadata '' (props: Some(DictRef { flags: Flags(0x0), entries: {"object.serial": "53", "factory.id": "19", "client.id": "52", "node.description": "Dummy Output", "node.name": "auto_null", "media.class": "Audio/Sink"} }))
2026-07-12T06:07:07+00:00 machine gtk-status-bar[2517]: 2026-07-12T06:07:07.402449Z DEBUG gtk_status_bar::pw: 🔍 Checking node - media.class: Some("Audio/Sink")
2026-07-12T06:07:07+00:00 machine gtk-status-bar[2517]: 2026-07-12T06:07:07.402528Z DEBUG gtk_status_bar::pw: 🔍 Node filter result: true for media.class: Some("Audio/Sink")
2026-07-12T06:07:07+00:00 machine gtk-status-bar[2517]: 2026-07-12T06:07:07.402556Z DEBUG gtk_status_bar::pw: 📱 Monitoring audio node: Dummy Output (4) [node.name: auto_null]
2026-07-12T06:07:07+00:00 machine gtk-status-bar[2517]: 2026-07-12T06:07:07.402575Z DEBUG gtk_status_bar::pw: 🔗 ADDING NODE LISTENER for node.name: auto_null
2026-07-12T06:07:07+00:00 machine gtk-status-bar[2517]: 2026-07-12T06:07:07.402593Z DEBUG gtk_status_bar::pw: 📝 Added device to HashMap: 4 -> (auto_null, Dummy Output, no volume yet)
2026-07-12T06:07:07+00:00 machine gtk-status-bar[2517]: 2026-07-12T06:07:07.402611Z DEBUG gtk_status_bar::pw: 🗂️ Current device map size: 1
2026-07-12T06:07:07+00:00 machine gtk-status-bar[2517]: 2026-07-12T06:07:07.402633Z DEBUG gtk_status_bar::pw: 🚫 Skipping metadata '' (props: Some(DictRef { flags: Flags(0x0), entries: {"object.serial": "54", "module.id": "2", "pipewire.protocol": "protocol-native", "pipewire.sec.pid": "1369", "pipewire.sec.uid": "1000", "pipewire.sec.gid": "100", "pipewire.sec.socket": "pipewire-0", "application.name": "Blueman", "pipewire.access": "unrestricted"} }))
2026-07-12T06:07:07+00:00 machine gtk-status-bar[2517]: 2026-07-12T06:07:07.402657Z DEBUG gtk_status_bar::pw: 🚫 Skipping metadata '' (props: Some(DictRef { flags: Flags(0x0), entries: {"object.serial": "56", "object.path": "auto_null:playback_0", "format.dsp": "32 bit float mono audio", "node.id": "53", "audio.channel": "FL", "port.id": "0", "port.name": "playback_FL", "port.direction": "in", "port.alias": "Dummy Output:playback_FL", "port.group": "stream.0"} }))
2026-07-12T06:07:07+00:00 machine gtk-status-bar[2517]: 2026-07-12T06:07:07.402679Z DEBUG gtk_status_bar::pw: 🚫 Skipping metadata '' (props: Some(DictRef { flags: Flags(0x0), entries: {"object.serial": "57", "object.path": "auto_null:playback_1", "format.dsp": "32 bit float mono audio", "node.id": "53", "audio.channel": "FR", "port.id": "1", "port.name": "playback_FR", "port.direction": "in", "port.alias": "Dummy Output:playback_FR", "port.group": "stream.0"} }))
2026-07-12T06:07:07+00:00 machine gtk-status-bar[2517]: 2026-07-12T06:07:07.402704Z DEBUG gtk_status_bar::pw: 🚫 Skipping metadata '' (props: Some(DictRef { flags: Flags(0x0), entries: {"object.serial": "58", "object.path": "auto_null:monitor_0", "format.dsp": "32 bit float mono audio", "node.id": "53", "audio.channel": "FL", "port.id": "0", "port.name": "monitor_FL", "port.direction": "out", "port.monitor": "true", "port.alias": "Dummy Output:monitor_FL", "port.group": "stream.0"} }))
2026-07-12T06:07:07+00:00 machine gtk-status-bar[2517]: 2026-07-12T06:07:07.402728Z DEBUG gtk_status_bar::pw: 🚫 Skipping metadata '' (props: Some(DictRef { flags: Flags(0x0), entries: {"object.serial": "59", "object.path": "auto_null:monitor_1", "format.dsp": "32 bit float mono audio", "node.id": "53", "audio.channel": "FR", "port.id": "1", "port.name": "monitor_FR", "port.direction": "out", "port.monitor": "true", "port.alias": "Dummy Output:monitor_FR", "port.group": "stream.0"} }))
2026-07-12T06:07:07+00:00 machine gtk-status-bar[2517]: 2026-07-12T06:07:07.402751Z DEBUG gtk_status_bar::pw: 🚫 Skipping metadata '' (props: Some(DictRef { flags: Flags(0x0), entries: {"object.serial": "60", "module.id": "2", "pipewire.protocol": "protocol-native", "pipewire.sec.pid": "2517", "pipewire.sec.uid": "1000", "pipewire.sec.gid": "100", "pipewire.sec.socket": "pipewire-0", "application.name": ".gtk-status-bar-wrapped", "pipewire.access": "unrestricted"} }))
2026-07-12T06:07:07+00:00 machine gtk-status-bar[2517]: 2026-07-12T06:07:07.406894Z DEBUG gtk_status_bar::pw: 📝 metadata.property subject=0 key=Some("default.audio.sink") value=Some("{\"name\":\"auto_null\"}")
2026-07-12T06:07:07+00:00 machine gtk-status-bar[2517]: 2026-07-12T06:07:07.406922Z DEBUG gtk_status_bar::pw: 🔍 Processing metadata property: default.audio.sink={"name":"auto_null"}
2026-07-12T06:07:07+00:00 machine gtk-status-bar[2517]: 2026-07-12T06:07:07.406940Z  INFO gtk_status_bar::pw: 🔄 Default sink -> auto_null
2026-07-12T06:07:07+00:00 machine gtk-status-bar[2517]: 2026-07-12T06:07:07.406954Z DEBUG gtk_status_bar::pw: 🎯 SINK CHANGE: None -> auto_null (should trigger volume fetch)
2026-07-12T06:07:07+00:00 machine gtk-status-bar[2517]: 2026-07-12T06:07:07.406969Z DEBUG gtk_status_bar::pw: 🗂️ Searching device map for default sink 'auto_null'
2026-07-12T06:07:07+00:00 machine gtk-status-bar[2517]: 2026-07-12T06:07:07.406983Z DEBUG gtk_status_bar::pw: 🗂️ Current device map contents: {4: ("auto_null", "Dummy Output", None, None, None)}
2026-07-12T06:07:07+00:00 machine gtk-status-bar[2517]: 2026-07-12T06:07:07.407000Z DEBUG gtk_status_bar::pw: 🔍 Checking device 4: node_name='auto_null', description='Dummy Output' against default sink 'auto_null'
2026-07-12T06:07:07+00:00 machine gtk-status-bar[2517]: 2026-07-12T06:07:07.407014Z DEBUG gtk_status_bar::pw: 🎯 MATCH! Found device 4 with node_name 'auto_null' matching default sink
2026-07-12T06:07:07+00:00 machine gtk-status-bar[2517]: 2026-07-12T06:07:07.407028Z DEBUG gtk_status_bar::pw: 🎨 Updating GUI label to: 'Dummy Output' with cached volume data
2026-07-12T06:07:07+00:00 machine gtk-status-bar[2517]: 2026-07-12T06:07:07.407042Z DEBUG gtk_status_bar::pw: 💾 Cached volume data: Vol: None%, Ch: None%, Mute: None
2026-07-12T06:07:07+00:00 machine gtk-status-bar[2517]: 2026-07-12T06:07:07.407060Z DEBUG gtk_status_bar::pw: ✅ Sent REAL volume data to GUI: 'Dummy Output' Vol: None%, Ch: None%, Mute: None
2026-07-12T06:07:07+00:00 machine gtk-status-bar[2517]: 2026-07-12T06:07:07.407080Z DEBUG gtk_status_bar::pw: 🎛️  NODE PARAM CALLBACK: Dummy Output (4) received Props param
2026-07-12T06:07:07+00:00 machine gtk-status-bar[2517]: 2026-07-12T06:07:07.407098Z DEBUG gtk_status_bar::pw: 🔊 Node 4: Dummy Output - Vol: Some(100)% | Ch: Some(100)% | Mute: Some(false) [CACHING]
2026-07-12T06:07:07+00:00 machine gtk-status-bar[2517]: 2026-07-12T06:07:07.407113Z DEBUG gtk_status_bar::pw: 📝 Updated volume cache for device 4: Dummy Output -> Vol: Some(100)%, Ch: Some(100)%, Mute: Some(false)
2026-07-12T06:07:07+00:00 machine gtk-status-bar[2517]: 2026-07-12T06:07:07.407128Z DEBUG gtk_status_bar::pw: 🎯 Checking if device 4 is default: current_default=Some("auto_null"), node_name=auto_null, is_default=true
2026-07-12T06:07:07+00:00 machine gtk-status-bar[2517]: 2026-07-12T06:07:07.407143Z DEBUG gtk_status_bar::pw: 📤 SENDING VOLUME UPDATE to GUI for default sink (node id=4)
2026-07-12T06:07:07+00:00 machine gtk-status-bar[2517]: 2026-07-12T06:07:07.407168Z ERROR gtk_status_bar::pw: ❌ PipeWire error id:4 seq:5 res:-2: enum params id:13 (Spa:Enum:ParamId:Route) failed
2026-07-12T06:07:07+00:00 machine gtk-status-bar[2517]: 2026-07-12T06:07:07.409275Z DEBUG gtk_status_bar::widgets: 📺 Skipping GUI update - no volume data available
2026-07-12T06:07:07+00:00 machine gtk-status-bar[2517]: 2026-07-12T06:07:07.409308Z DEBUG gtk_status_bar::widgets: 📺 GTK UI updated via ASYNC: 🔊D100
2026-07-12T06:07:07+00:00 machine gtk-status-bar[2517]: 2026-07-12T06:07:07.413602Z  INFO gtk_status_bar::hypr: Starting workspace event listener
2026-07-12T06:07:07+00:00 machine gtk-status-bar[2517]: 2026-07-12T06:07:07.414075Z DEBUG gtk_status_bar::hypr: Initial title: "Close OS window"
2026-07-12T06:07:07+00:00 machine gtk-status-bar[2517]: 2026-07-12T06:07:07.414093Z  INFO gtk_status_bar::hypr: Starting title event listener
2026-07-12T06:07:07+00:00 machine gtk-status-bar[2517]: 2026-07-12T06:07:07.429354Z DEBUG gtk_status_bar::dbus: 🔌 Registered battery match rule
2026-07-12T06:07:07+00:00 machine gtk-status-bar[2517]: 2026-07-12T06:07:07.429863Z DEBUG gtk_status_bar::dbus: 🔌 Registered bluez PropertiesChanged match rule
2026-07-12T06:07:07+00:00 machine gtk-status-bar[2517]: 2026-07-12T06:07:07.430205Z DEBUG gtk_status_bar::dbus: 🔌 Registered bluez InterfacesAdded match rule
2026-07-12T06:07:07+00:00 machine gtk-status-bar[2517]: 2026-07-12T06:07:07.430799Z DEBUG gtk_status_bar::dbus: 🔌 Registered bluez InterfacesRemoved match rule
2026-07-12T06:07:07+00:00 machine gtk-status-bar[2517]: 2026-07-12T06:07:07.431456Z  INFO gtk_status_bar::tray: Serving StatusNotifierWatcher for tray applications
2026-07-12T06:07:07+00:00 machine gtk-status-bar[2517]: 2026-07-12T06:07:07.536140Z DEBUG gtk_status_bar::widgets: Updating workspace - label: 'Workspace i', color for workspace: 2
2026-07-12T06:07:07+00:00 machine gtk-status-bar[2517]: 2026-07-12T06:07:07.536282Z DEBUG gtk_status_bar::widgets: Updated title widget color to: rgba(125, 207, 255, 0.5) for workspace: 2
2026-07-12T06:07:07+00:00 machine gtk-status-bar[2517]: 2026-07-12T06:07:07.536337Z DEBUG gtk_status_bar::widgets: Updating title label: Close OS window
2026-07-12T06:07:07+00:00 machine gtk-status-bar[2517]: 2026-07-12T06:07:07.821814Z  INFO gtk_status_bar::dbus: No battery detected initially (likely desktop system): org.freedesktop.DBus.Error.UnknownMethod: Method "Get" with signature "ss" on interface "org.freedesktop.DBus.Properties" doesn't exist
2026-07-12T06:07:07+00:00 machine gtk-status-bar[2517]: 2026-07-12T06:07:07.821864Z DEBUG gtk_status_bar::dbus: Using empty battery text
2026-07-12T06:07:07+00:00 machine gtk-status-bar[2517]: 2026-07-12T06:07:07.828587Z  INFO gtk_status_bar::dbus: No battery state detected initially (likely desktop system): org.freedesktop.DBus.Error.UnknownMethod: Method "Get" with signature "ss" on interface "org.freedesktop.DBus.Properties" doesn't exist
2026-07-12T06:07:07+00:00 machine gtk-status-bar[2517]: 2026-07-12T06:07:07.830166Z  INFO gtk_status_bar::dbus: Found 5 Bluetooth objects
2026-07-12T06:07:07+00:00 machine gtk-status-bar[2517]: 2026-07-12T06:07:07.830183Z  INFO gtk_status_bar::dbus: Found Bluetooth device with battery at: /org/bluez/hci0/dev_AA_BB_CC_DD_EE_02
2026-07-12T06:07:07+00:00 machine gtk-status-bar[2517]: 2026-07-12T06:07:07.830198Z  INFO gtk_status_bar::dbus: Bluetooth device battery at 42%
2026-07-12T06:07:07+00:00 machine gtk-status-bar[2517]: 2026-07-12T06:07:07.830213Z DEBUG gtk_status_bar::dbus: Added device /org/bluez/hci0/dev_AA_BB_CC_DD_EE_02 to HashMap (has_battery: true, has_media: false)
2026-07-12T06:07:07+00:00 machine gtk-status-bar[2517]: 2026-07-12T06:07:07.830231Z  INFO gtk_status_bar::dbus: Found Bluetooth device with battery at: /org/bluez/hci0/dev_AA_BB_CC_DD_EE_01
2026-07-12T06:07:07+00:00 machine gtk-status-bar[2517]: 2026-07-12T06:07:07.830245Z  INFO gtk_status_bar::dbus: Bluetooth device battery at 80%
2026-07-12T06:07:08+00:00 machine gtk-status-bar[2517]: 2026-07-12T06:07:07.830259Z DEBUG gtk_status_bar::dbus: Added device /org/bluez/hci0/dev_AA_BB_CC_DD_EE_01 to HashMap (has_battery: true, has_media: false)
2026-07-12T06:07:08+00:00 machine gtk-status-bar[2517]: 2026-07-12T06:07:07.830274Z  INFO gtk_status_bar::dbus: Found Bluetooth device with battery at: /org/bluez/hci0/dev_AA_BB_CC_DD_EE_03
2026-07-12T06:07:08+00:00 machine gtk-status-bar[2517]: 2026-07-12T06:07:07.830288Z  INFO gtk_status_bar::dbus: Bluetooth device battery at 55%
2026-07-12T06:07:08+00:00 machine gtk-status-bar[2517]: 2026-07-12T06:07:07.830302Z DEBUG gtk_status_bar::dbus: Added device /org/bluez/hci0/dev_AA_BB_CC_DD_EE_03 to HashMap (has_battery: true, has_media: false)
2026-07-12T06:07:08+00:00 machine gtk-status-bar[2517]: 2026-07-12T06:07:07.830320Z DEBUG gtk_status_bar::dbus: Initial bluetooth devices: {"/org/bluez/hci0/dev_AA_BB_CC_DD_EE_01": BluetoothDevice { has_battery: true, has_media: false, battery_percentage: Some(80), device_name: Some("Pixel Buds") }, "/org/bluez/hci0/dev_AA_BB_CC_DD_EE_03": BluetoothDevice { has_battery: true, has_media: false, battery_percentage: Some(55), device_name: Some("🎧 Sony") }, "/org/bluez/hci0/dev_AA_BB_CC_DD_EE_02": BluetoothDevice { has_battery: true, has_media: false, battery_percentage: Some(42), device_name: None }}
2026-07-12T06:07:08+00:00 machine gtk-status-bar[2517]: 2026-07-12T06:07:07.830345Z  INFO gtk_status_bar::dbus: Sent initial Bluetooth display: P80 🎧55 D42
2026-07-12T06:07:08+00:00 machine gtk-status-bar[2517]: 2026-07-12T06:07:07.830360Z  INFO gtk_status_bar::dbus: Dbus monitor: Starting to listen for D-Bus messages
2026-07-12T06:07:08+00:00 machine gtk-status-bar[2517]: 2026-07-12T06:07:07.830374Z DEBUG gtk_status_bar::dbus: Got an event in event stream: Msg { type: Error, serial: 40, sender: UniqueName(":1.5"), reply-serial: 11, body: Str, fds: [] }
2026-07-12T06:07:08+00:00 machine gtk-status-bar[2517]: 2026-07-12T06:07:07.830391Z DEBUG gtk_status_bar::dbus: Dbus monitor: Received D-Bus message from path: None, interface: None, member: None
2026-07-12T06:07:08+00:00 machine gtk-status-bar[2517]: 2026-07-12T06:07:07.830405Z ERROR gtk_status_bar::dbus: Dbus monitor: Received message with no path, ignoring
2026-07-12T06:07:08+00:00 machine gtk-status-bar[2517]: 2026-07-12T06:07:07.830420Z DEBUG gtk_status_bar::dbus: Got an event in event stream: Msg { type: Error, serial: 41, sender: UniqueName(":1.5"), reply-serial: 25, body: Str, fds: [] }
2026-07-12T06:07:08+00:00 machine gtk-status-bar[2517]: 2026-07-12T06:07:07.830435Z DEBUG gtk_status_bar::dbus: Dbus monitor: Received D-Bus message from path: None, interface: None, member: None
2026-07-12T06:07:08+00:00 machine gtk-status-bar[2517]: 2026-07-12T06:07:07.830449Z ERROR gtk_status_bar::dbus: Dbus monitor: Received message with no path, ignoring
2026-07-12T06:07:08+00:00 machine gtk-status-bar[2517]: 2026-07-12T06:07:07.830463Z DEBUG gtk_status_bar::dbus: Got an event in event stream: Msg { type: MethodReturn, serial: 47, sender: UniqueName(":1.6"), reply-serial: 26, body: Dict { key: Dynamic { child: ObjectPath }, value: Dynamic { child: Dict { key: Dynamic { child: Str }, value: Dynamic { child: Dict { key: Dynamic { child: Str }, value: Dynamic { child: Variant } } } } } }, fds: [] }
2026-07-12T06:07:08+00:00 machine gtk-status-bar[2517]: 2026-07-12T06:07:07.830523Z DEBUG gtk_status_bar::dbus: Dbus monitor: Received D-Bus message from path: None, interface: None, member: None
2026-07-12T06:07:08+00:00 machine gtk-status-bar[2517]: 2026-07-12T06:07:07.830536Z ERROR gtk_status_bar::dbus: Dbus monitor: Received message with no path, ignoring
2026-07-12T06:07:08+00:00 machine gtk-status-bar[2517]: 2026-07-12T06:07:07.832637Z DEBUG gtk_status_bar::widgets: Updating battery label:
2026-07-12T06:07:08+00:00 machine gtk-status-bar[2517]: 2026-07-12T06:07:07.832685Z DEBUG gtk_status_bar::widgets: 🙈 HIDING battery widget with set_visible(false)
2026-07-12T06:07:08+00:00 machine gtk-status-bar[2517]: 2026-07-12T06:07:07.832734Z DEBUG gtk_status_bar::widgets: Updating Bluetooth battery label: P80 🎧55 D42
2026-07-12T06:07:08+00:00 machine gtk-status-bar[2517]: 2026-07-12T06:07:07.832764Z DEBUG gtk_status_bar::widgets: 👁️  SHOWING Bluetooth widget - data: P80 🎧55 D42
2026-07-12T06:07:08+00:00 machine gtk-status-bar[2517]: 2026-07-12T06:07:07.857415Z  INFO gtk_status_bar::tray: Status notifier item registered item=":1.67/StatusNotifierItem"
2026-07-12T06:07:08+00:00 machine gtk-status-bar[2517]: 2026-07-12T06:07:07.866162Z  INFO gtk_status_bar::widgets: Added system tray item item=":1.67/StatusNotifierItem"
2026-07-12T06:07:09+00:00 machine gtk-status-bar[2517]: 2026-07-12T06:07:09.647373Z DEBUG gtk_status_bar::dbus: Got an event in event stream: Msg { type: Signal, serial: 49, sender: UniqueName(":1.6"), path: ObjectPath("/org/bluez/hci0/dev_AA_BB_CC_DD_EE_01"), iface: InterfaceName("org.freedesktop.DBus.Properties"), member: MemberName("PropertiesChanged"), body: Structure(Dynamic { fields: [Str, Dict { key: Dynamic { child: Str }, value: Dynamic { child: Variant } }, Array(Dynamic { child: Str })] }), fds: [] }
2026-07-12T06:07:09+00:00 machine gtk-status-bar[2517]: 2026-07-12T06:07:09.647413Z DEBUG gtk_status_bar::dbus: Dbus monitor: Received D-Bus message from path: Some(ObjectPath("/org/bluez/hci0/dev_AA_BB_CC_DD_EE_01")), interface: Some(InterfaceName("org.freedesktop.DBus.Properties")), member: Some(MemberName("PropertiesChanged"))
2026-07-12T06:07:09+00:00 machine gtk-status-bar[2517]: 2026-07-12T06:07:09.647435Z  INFO gtk_status_bar::dbus: Dbus monitor: Received signal
2026-07-12T06:07:09+00:00 machine gtk-status-bar[2517]: 2026-07-12T06:07:09.647460Z  INFO gtk_status_bar::dbus: Dbus monitor: Received PropertiesChanged signal
2026-07-12T06:07:09+00:00 machine gtk-status-bar[2517]: 2026-07-12T06:07:09.647997Z  INFO gtk_status_bar::dbus: Bluetooth device battery at 65%
2026-07-12T06:07:09+00:00 machine gtk-status-bar[2517]: 2026-07-12T06:07:09.648013Z  INFO gtk_status_bar::dbus: Updated device /org/bluez/hci0/dev_AA_BB_CC_DD_EE_01 battery via PropertiesChanged: Some(65)%
2026-07-12T06:07:09+00:00 machine gtk-status-bar[2517]: 2026-07-12T06:07:09.648257Z DEBUG gtk_status_bar::widgets: Updating Bluetooth battery label: P65 🎧55 D42
2026-07-12T06:07:09+00:00 machine gtk-status-bar[2517]: 2026-07-12T06:07:09.648430Z DEBUG gtk_status_bar::widgets: 👁️  SHOWING Bluetooth widget - data: P65 🎧55 D42
2026-07-12T06:07:09+00:00 machine gtk-status-bar[2517]: 2026-07-12T06:07:09.810367Z  INFO gtk_status_bar::tray: Status notifier item registered item=":1.68/org/blueman/sni"
2026-07-12T06:07:09+00:00 machine gtk-status-bar[2517]: 2026-07-12T06:07:09.831386Z DEBUG gtk_status_bar::tray: Tray item property is unavailable property="IconPixmap" error=org.freedesktop.DBus.Error.InvalidArgs: No such property “IconPixmap”
2026-07-12T06:07:09+00:00 machine gtk-status-bar[2517]: 2026-07-12T06:07:09.832137Z DEBUG gtk_status_bar::tray: Tray item property is unavailable property="IconThemePath" error=org.freedesktop.DBus.Error.InvalidArgs: No such property “IconThemePath”
2026-07-12T06:07:09+00:00 machine gtk-status-bar[2517]: 2026-07-12T06:07:09.835907Z  INFO gtk_status_bar::widgets: Added system tray item item=":1.68/org/blueman/sni"
2026-07-12T06:07:13+00:00 machine gtk-status-bar[2517]: 2026-07-12T06:07:13.279010Z DEBUG gtk_status_bar::dbus: Got an event in event stream: Msg { type: Signal, serial: 53, sender: UniqueName(":1.6"), path: ObjectPath("/"), iface: InterfaceName("org.freedesktop.DBus.ObjectManager"), member: MemberName("InterfacesRemoved"), body: Structure(Dynamic { fields: [ObjectPath, Array(Dynamic { child: Str })] }), fds: [] }
2026-07-12T06:07:13+00:00 machine gtk-status-bar[2517]: 2026-07-12T06:07:13.279044Z DEBUG gtk_status_bar::dbus: Dbus monitor: Received D-Bus message from path: Some(ObjectPath("/")), interface: Some(InterfaceName("org.freedesktop.DBus.ObjectManager")), member: Some(MemberName("InterfacesRemoved"))
2026-07-12T06:07:13+00:00 machine gtk-status-bar[2517]: 2026-07-12T06:07:13.279060Z  INFO gtk_status_bar::dbus: Dbus monitor: Received signal
2026-07-12T06:07:13+00:00 machine gtk-status-bar[2517]: 2026-07-12T06:07:13.279080Z  INFO gtk_status_bar::dbus: Dbus monitor: Received InterfacesRemoved signal from ObjectManager
2026-07-12T06:07:13+00:00 machine gtk-status-bar[2517]: 2026-07-12T06:07:13.279103Z DEBUG gtk_status_bar::dbus: Dbus monitor: Interfaces removed from /org/bluez/hci0/dev_AA_BB_CC_DD_EE_01: Array { elements: [Str("org.bluez.Device1")], signature: Array(Dynamic { child: Str }) }
2026-07-12T06:07:13+00:00 machine gtk-status-bar[2517]: 2026-07-12T06:07:13.281408Z  INFO gtk_status_bar::dbus: Dbus monitor: Bluetooth Device1 interface removed from /org/bluez/hci0/dev_AA_BB_CC_DD_EE_01
2026-07-12T06:07:13+00:00 machine gtk-status-bar[2517]: 2026-07-12T06:07:13.281458Z  INFO gtk_status_bar::dbus: Removed device /org/bluez/hci0/dev_AA_BB_CC_DD_EE_01 from HashMap (Device1 gone)
2026-07-12T06:07:13+00:00 machine gtk-status-bar[2517]: 2026-07-12T06:07:13.281913Z DEBUG gtk_status_bar::widgets: Updating Bluetooth battery label: 🎧55 D42
2026-07-12T06:07:13+00:00 machine gtk-status-bar[2517]: 2026-07-12T06:07:13.282113Z DEBUG gtk_status_bar::widgets: 👁️  SHOWING Bluetooth widget - data: 🎧55 D42
2026-07-12T06:07:15+00:00 machine gtk-status-bar[2517]: 2026-07-12T06:07:15.945303Z DEBUG gtk_status_bar::dbus: Got an event in event stream: Msg { type: Signal, serial: 57, sender: UniqueName(":1.6"), path: ObjectPath("/"), iface: InterfaceName("org.freedesktop.DBus.ObjectManager"), member: MemberName("InterfacesRemoved"), body: Structure(Dynamic { fields: [ObjectPath, Array(Dynamic { child: Str })] }), fds: [] }
2026-07-12T06:07:15+00:00 machine gtk-status-bar[2517]: 2026-07-12T06:07:15.945342Z DEBUG gtk_status_bar::dbus: Dbus monitor: Received D-Bus message from path: Some(ObjectPath("/")), interface: Some(InterfaceName("org.freedesktop.DBus.ObjectManager")), member: Some(MemberName("InterfacesRemoved"))
2026-07-12T06:07:15+00:00 machine gtk-status-bar[2517]: 2026-07-12T06:07:15.945359Z  INFO gtk_status_bar::dbus: Dbus monitor: Received signal
2026-07-12T06:07:15+00:00 machine gtk-status-bar[2517]: 2026-07-12T06:07:15.945373Z  INFO gtk_status_bar::dbus: Dbus monitor: Received InterfacesRemoved signal from ObjectManager
2026-07-12T06:07:15+00:00 machine gtk-status-bar[2517]: 2026-07-12T06:07:15.945395Z DEBUG gtk_status_bar::dbus: Dbus monitor: Interfaces removed from /org/bluez/hci0/dev_AA_BB_CC_DD_EE_02: Array { elements: [Str("org.bluez.Device1")], signature: Array(Dynamic { child: Str }) }
2026-07-12T06:07:15+00:00 machine gtk-status-bar[2517]: 2026-07-12T06:07:15.945411Z  INFO gtk_status_bar::dbus: Dbus monitor: Bluetooth Device1 interface removed from /org/bluez/hci0/dev_AA_BB_CC_DD_EE_02
2026-07-12T06:07:15+00:00 machine gtk-status-bar[2517]: 2026-07-12T06:07:15.945426Z  INFO gtk_status_bar::dbus: Removed device /org/bluez/hci0/dev_AA_BB_CC_DD_EE_02 from HashMap (Device1 gone)
2026-07-12T06:07:15+00:00 machine gtk-status-bar[2517]: 2026-07-12T06:07:15.947840Z DEBUG gtk_status_bar::widgets: Updating Bluetooth battery label: 🎧55
2026-07-12T06:07:15+00:00 machine gtk-status-bar[2517]: 2026-07-12T06:07:15.947916Z DEBUG gtk_status_bar::widgets: 👁️  SHOWING Bluetooth widget - data: 🎧55
2026-07-12T06:07:16+00:00 machine gtk-status-bar[2517]: 2026-07-12T06:07:16.175766Z DEBUG gtk_status_bar::dbus: Got an event in event stream: Msg { type: Signal, serial: 61, sender: UniqueName(":1.6"), path: ObjectPath("/"), iface: InterfaceName("org.freedesktop.DBus.ObjectManager"), member: MemberName("InterfacesRemoved"), body: Structure(Dynamic { fields: [ObjectPath, Array(Dynamic { child: Str })] }), fds: [] }
2026-07-12T06:07:16+00:00 machine gtk-status-bar[2517]: 2026-07-12T06:07:16.175839Z DEBUG gtk_status_bar::dbus: Dbus monitor: Received D-Bus message from path: Some(ObjectPath("/")), interface: Some(InterfaceName("org.freedesktop.DBus.ObjectManager")), member: Some(MemberName("InterfacesRemoved"))
2026-07-12T06:07:16+00:00 machine gtk-status-bar[2517]: 2026-07-12T06:07:16.175879Z  INFO gtk_status_bar::dbus: Dbus monitor: Received signal
2026-07-12T06:07:16+00:00 machine gtk-status-bar[2517]: 2026-07-12T06:07:16.175914Z  INFO gtk_status_bar::dbus: Dbus monitor: Received InterfacesRemoved signal from ObjectManager
2026-07-12T06:07:16+00:00 machine gtk-status-bar[2517]: 2026-07-12T06:07:16.175963Z DEBUG gtk_status_bar::dbus: Dbus monitor: Interfaces removed from /org/bluez/hci0/dev_AA_BB_CC_DD_EE_03: Array { elements: [Str("org.bluez.Device1")], signature: Array(Dynamic { child: Str }) }
2026-07-12T06:07:16+00:00 machine gtk-status-bar[2517]: 2026-07-12T06:07:16.176002Z  INFO gtk_status_bar::dbus: Dbus monitor: Bluetooth Device1 interface removed from /org/bluez/hci0/dev_AA_BB_CC_DD_EE_03
2026-07-12T06:07:16+00:00 machine gtk-status-bar[2517]: 2026-07-12T06:07:16.176037Z  INFO gtk_status_bar::dbus: Removed device /org/bluez/hci0/dev_AA_BB_CC_DD_EE_03 from HashMap (Device1 gone)
2026-07-12T06:07:16+00:00 machine gtk-status-bar[2517]: 2026-07-12T06:07:16.176425Z DEBUG gtk_status_bar::widgets: Updating Bluetooth battery label:
2026-07-12T06:07:16+00:00 machine gtk-status-bar[2517]: 2026-07-12T06:07:16.176689Z DEBUG gtk_status_bar::widgets: 🙈 HIDING Bluetooth widget - no devices
2026-07-12T06:07:18+00:00 machine gtk-status-bar[2517]: 2026-07-12T06:07:18.830018Z DEBUG gtk_status_bar::pw: 🚫 Skipping metadata '' (props: Some(DictRef { flags: Flags(0x0), entries: {"object.serial": "61", "module.id": "2", "pipewire.protocol": "protocol-native", "pipewire.sec.pid": "1369", "pipewire.sec.uid": "1000", "pipewire.sec.gid": "100", "pipewire.sec.socket": "pipewire-0", "application.name": "pactl", "pipewire.access": "unrestricted"} }))
2026-07-12T06:07:18+00:00 machine gtk-status-bar[2517]: 2026-07-12T06:07:18.834525Z DEBUG gtk_status_bar::pw: 🚫 Skipping metadata '' (props: Some(DictRef { flags: Flags(0x0), entries: {"object.serial": "62", "module.id": "2", "pipewire.protocol": "protocol-native", "pipewire.sec.pid": "1369", "pipewire.sec.uid": "1000", "pipewire.sec.gid": "100", "pipewire.sec.socket": "pipewire-0", "application.name": "pipewire", "pipewire.access": "unrestricted"} }))
2026-07-12T06:07:18+00:00 machine gtk-status-bar[2517]: 2026-07-12T06:07:18.834555Z DEBUG gtk_status_bar::pw: 🚫 Skipping metadata '' (props: Some(DictRef { flags: Flags(0x0), entries: {"object.serial": "63", "factory.id": "19", "client.id": "61", "node.description": "Alpha", "node.name": "Alpha", "media.class": "Audio/Sink"} }))
2026-07-12T06:07:18+00:00 machine gtk-status-bar[2517]: 2026-07-12T06:07:18.834575Z DEBUG gtk_status_bar::pw: 🔍 Checking node - media.class: Some("Audio/Sink")
2026-07-12T06:07:18+00:00 machine gtk-status-bar[2517]: 2026-07-12T06:07:18.834593Z DEBUG gtk_status_bar::pw: 🔍 Node filter result: true for media.class: Some("Audio/Sink")
2026-07-12T06:07:18+00:00 machine gtk-status-bar[2517]: 2026-07-12T06:07:18.834625Z DEBUG gtk_status_bar::pw: 📱 Monitoring audio node: Alpha (5) [node.name: Alpha]
2026-07-12T06:07:18+00:00 machine gtk-status-bar[2517]: 2026-07-12T06:07:18.834642Z DEBUG gtk_status_bar::pw: 🔗 ADDING NODE LISTENER for node.name: Alpha
2026-07-12T06:07:18+00:00 machine gtk-status-bar[2517]: 2026-07-12T06:07:18.834661Z DEBUG gtk_status_bar::pw: 📝 Added device to HashMap: 5 -> (Alpha, Alpha, no volume yet)
2026-07-12T06:07:18+00:00 machine gtk-status-bar[2517]: 2026-07-12T06:07:18.834676Z DEBUG gtk_status_bar::pw: 🗂️ Current device map size: 2
2026-07-12T06:07:18+00:00 machine gtk-status-bar[2517]: 2026-07-12T06:07:18.834873Z DEBUG gtk_status_bar::pw: 🎛️  NODE PARAM CALLBACK: Alpha (5) received Props param
2026-07-12T06:07:18+00:00 machine gtk-status-bar[2517]: 2026-07-12T06:07:18.834893Z DEBUG gtk_status_bar::pw: 🔊 Node 5: Alpha - Vol: Some(100)% | Ch: Some(100)% | Mute: Some(false) [CACHING]
2026-07-12T06:07:18+00:00 machine gtk-status-bar[2517]: 2026-07-12T06:07:18.834911Z DEBUG gtk_status_bar::pw: 📝 Updated volume cache for device 5: Alpha -> Vol: Some(100)%, Ch: Some(100)%, Mute: Some(false)
2026-07-12T06:07:18+00:00 machine gtk-status-bar[2517]: 2026-07-12T06:07:18.834928Z DEBUG gtk_status_bar::pw: 🎯 Checking if device 5 is default: current_default=Some("auto_null"), node_name=Alpha, is_default=false
2026-07-12T06:07:18+00:00 machine gtk-status-bar[2517]: 2026-07-12T06:07:18.834947Z DEBUG gtk_status_bar::pw: 📊 Cached volume for non-default device 5 (Alpha)
2026-07-12T06:07:18+00:00 machine gtk-status-bar[2517]: 2026-07-12T06:07:18.834965Z ERROR gtk_status_bar::pw: ❌ PipeWire error id:5 seq:7 res:-2: enum params id:13 (Spa:Enum:ParamId:Route) failed
2026-07-12T06:07:18+00:00 machine gtk-status-bar[2517]: 2026-07-12T06:07:18.835317Z DEBUG gtk_status_bar::pw: 🗑️ Node 4 removed, cleaning up
2026-07-12T06:07:18+00:00 machine gtk-status-bar[2517]: 2026-07-12T06:07:18.835334Z DEBUG gtk_status_bar::pw: ✅ Removed device from HashMap: 4 -> (auto_null, Dummy Output)
2026-07-12T06:07:18+00:00 machine gtk-status-bar[2517]: 2026-07-12T06:07:18.835349Z DEBUG gtk_status_bar::pw: 🗂️ Device map size after removal: 1
2026-07-12T06:07:18+00:00 machine gtk-status-bar[2517]: 2026-07-12T06:07:18.842081Z DEBUG gtk_status_bar::pw: 📝 metadata.property subject=0 key=Some("default.audio.sink") value=None
2026-07-12T06:07:18+00:00 machine gtk-status-bar[2517]: 2026-07-12T06:07:18.842103Z DEBUG gtk_status_bar::pw: 🚫 Skipping metadata property: value is None for key Some("default.audio.sink")
2026-07-12T06:07:18+00:00 machine gtk-status-bar[2517]: 2026-07-12T06:07:18.853282Z DEBUG gtk_status_bar::pw: 🎛️  NODE PARAM CALLBACK: Alpha (5) received Props param
2026-07-12T06:07:18+00:00 machine gtk-status-bar[2517]: 2026-07-12T06:07:18.853312Z DEBUG gtk_status_bar::pw: 🔊 Node 5: Alpha - Vol: Some(100)% | Ch: Some(100)% | Mute: Some(false) [CACHING]
2026-07-12T06:07:18+00:00 machine gtk-status-bar[2517]: 2026-07-12T06:07:18.853332Z DEBUG gtk_status_bar::pw: 📝 Updated volume cache for device 5: Alpha -> Vol: Some(100)%, Ch: Some(100)%, Mute: Some(false)
2026-07-12T06:07:18+00:00 machine gtk-status-bar[2517]: 2026-07-12T06:07:18.853349Z DEBUG gtk_status_bar::pw: 🎯 Checking if device 5 is default: current_default=Some("auto_null"), node_name=Alpha, is_default=false
2026-07-12T06:07:18+00:00 machine gtk-status-bar[2517]: 2026-07-12T06:07:18.853365Z DEBUG gtk_status_bar::pw: 📊 Cached volume for non-default device 5 (Alpha)
2026-07-12T06:07:18+00:00 machine gtk-status-bar[2517]: 2026-07-12T06:07:18.853381Z DEBUG gtk_status_bar::pw: 🎛️  NODE PARAM CALLBACK: Alpha (5) received Props param
2026-07-12T06:07:18+00:00 machine gtk-status-bar[2517]: 2026-07-12T06:07:18.853397Z DEBUG gtk_status_bar::pw: 🔊 Node 5: Alpha - Vol: Some(100)% | Ch: Some(100)% | Mute: Some(false) [CACHING]
2026-07-12T06:07:18+00:00 machine gtk-status-bar[2517]: 2026-07-12T06:07:18.853411Z DEBUG gtk_status_bar::pw: 📝 Updated volume cache for device 5: Alpha -> Vol: Some(100)%, Ch: Some(100)%, Mute: Some(false)
2026-07-12T06:07:18+00:00 machine gtk-status-bar[2517]: 2026-07-12T06:07:18.853425Z DEBUG gtk_status_bar::pw: 🎯 Checking if device 5 is default: current_default=Some("auto_null"), node_name=Alpha, is_default=false
2026-07-12T06:07:18+00:00 machine gtk-status-bar[2517]: 2026-07-12T06:07:18.853440Z DEBUG gtk_status_bar::pw: 📊 Cached volume for non-default device 5 (Alpha)
2026-07-12T06:07:18+00:00 machine gtk-status-bar[2517]: 2026-07-12T06:07:18.853458Z DEBUG gtk_status_bar::pw: 🚫 Skipping metadata '' (props: Some(DictRef { flags: Flags(0x0), entries: {"object.serial": "64", "object.path": "Alpha:playback_0", "format.dsp": "32 bit float mono audio", "node.id": "62", "audio.channel": "FL", "port.id": "0", "port.name": "playback_FL", "port.direction": "in", "port.alias": "Alpha:playback_FL", "port.group": "stream.0"} }))
2026-07-12T06:07:18+00:00 machine gtk-status-bar[2517]: 2026-07-12T06:07:18.853516Z DEBUG gtk_status_bar::pw: 🚫 Skipping metadata '' (props: Some(DictRef { flags: Flags(0x0), entries: {"object.serial": "65", "object.path": "Alpha:playback_1", "format.dsp": "32 bit float mono audio", "node.id": "62", "audio.channel": "FR", "port.id": "1", "port.name": "playback_FR", "port.direction": "in", "port.alias": "Alpha:playback_FR", "port.group": "stream.0"} }))
2026-07-12T06:07:18+00:00 machine gtk-status-bar[2517]: 2026-07-12T06:07:18.853536Z DEBUG gtk_status_bar::pw: 🚫 Skipping metadata '' (props: Some(DictRef { flags: Flags(0x0), entries: {"object.serial": "66", "object.path": "Alpha:monitor_0", "format.dsp": "32 bit float mono audio", "node.id": "62", "audio.channel": "FL", "port.id": "0", "port.name": "monitor_FL", "port.direction": "out", "port.monitor": "true", "port.alias": "Alpha:monitor_FL", "port.group": "stream.0"} }))
2026-07-12T06:07:18+00:00 machine gtk-status-bar[2517]: 2026-07-12T06:07:18.853556Z DEBUG gtk_status_bar::pw: 🚫 Skipping metadata '' (props: Some(DictRef { flags: Flags(0x0), entries: {"object.serial": "67", "object.path": "Alpha:monitor_1", "format.dsp": "32 bit float mono audio", "node.id": "62", "audio.channel": "FR", "port.id": "1", "port.name": "monitor_FR", "port.direction": "out", "port.monitor": "true", "port.alias": "Alpha:monitor_FR", "port.group": "stream.0"} }))
2026-07-12T06:07:18+00:00 machine gtk-status-bar[2517]: 2026-07-12T06:07:18.853574Z DEBUG gtk_status_bar::pw: 🎛️  NODE PARAM CALLBACK: Alpha (5) received Props param
2026-07-12T06:07:18+00:00 machine gtk-status-bar[2517]: 2026-07-12T06:07:18.853590Z DEBUG gtk_status_bar::pw: 🔊 Node 5: Alpha - Vol: Some(100)% | Ch: Some(100)% | Mute: Some(false) [CACHING]
2026-07-12T06:07:18+00:00 machine gtk-status-bar[2517]: 2026-07-12T06:07:18.853604Z DEBUG gtk_status_bar::pw: 📝 Updated volume cache for device 5: Alpha -> Vol: Some(100)%, Ch: Some(100)%, Mute: Some(false)
2026-07-12T06:07:18+00:00 machine gtk-status-bar[2517]: 2026-07-12T06:07:18.853619Z DEBUG gtk_status_bar::pw: 🎯 Checking if device 5 is default: current_default=Some("auto_null"), node_name=Alpha, is_default=false
2026-07-12T06:07:19+00:00 machine gtk-status-bar[2517]: 2026-07-12T06:07:18.853633Z DEBUG gtk_status_bar::pw: 📊 Cached volume for non-default device 5 (Alpha)
2026-07-12T06:07:19+00:00 machine gtk-status-bar[2517]: 2026-07-12T06:07:18.858129Z DEBUG gtk_status_bar::pw: 🎛️  NODE PARAM CALLBACK: Alpha (5) received Props param
2026-07-12T06:07:19+00:00 machine gtk-status-bar[2517]: 2026-07-12T06:07:18.858170Z DEBUG gtk_status_bar::pw: 🔊 Node 5: Alpha - Vol: Some(100)% | Ch: Some(100)% | Mute: Some(false) [CACHING]
2026-07-12T06:07:19+00:00 machine gtk-status-bar[2517]: 2026-07-12T06:07:18.858193Z DEBUG gtk_status_bar::pw: 📝 Updated volume cache for device 5: Alpha -> Vol: Some(100)%, Ch: Some(100)%, Mute: Some(false)
2026-07-12T06:07:19+00:00 machine gtk-status-bar[2517]: 2026-07-12T06:07:18.858212Z DEBUG gtk_status_bar::pw: 🎯 Checking if device 5 is default: current_default=Some("auto_null"), node_name=Alpha, is_default=false
2026-07-12T06:07:19+00:00 machine gtk-status-bar[2517]: 2026-07-12T06:07:18.858232Z DEBUG gtk_status_bar::pw: 📊 Cached volume for non-default device 5 (Alpha)
2026-07-12T06:07:19+00:00 machine gtk-status-bar[2517]: 2026-07-12T06:07:18.864984Z DEBUG gtk_status_bar::pw: 📝 metadata.property subject=0 key=Some("default.audio.sink") value=Some("{\"name\":\"Alpha\"}")
2026-07-12T06:07:19+00:00 machine gtk-status-bar[2517]: 2026-07-12T06:07:18.865009Z DEBUG gtk_status_bar::pw: 🔍 Processing metadata property: default.audio.sink={"name":"Alpha"}
2026-07-12T06:07:19+00:00 machine gtk-status-bar[2517]: 2026-07-12T06:07:18.865028Z  INFO gtk_status_bar::pw: 🔄 Default sink -> Alpha
2026-07-12T06:07:19+00:00 machine gtk-status-bar[2517]: 2026-07-12T06:07:18.865043Z DEBUG gtk_status_bar::pw: 🎯 SINK CHANGE: Some("auto_null") -> Alpha (should trigger volume fetch)
2026-07-12T06:07:19+00:00 machine gtk-status-bar[2517]: 2026-07-12T06:07:18.865057Z DEBUG gtk_status_bar::pw: 🗂️ Searching device map for default sink 'Alpha'
2026-07-12T06:07:19+00:00 machine gtk-status-bar[2517]: 2026-07-12T06:07:18.865071Z DEBUG gtk_status_bar::pw: 🗂️ Current device map contents: {5: ("Alpha", "Alpha", Some(100), Some(100), Some(false))}
2026-07-12T06:07:19+00:00 machine gtk-status-bar[2517]: 2026-07-12T06:07:18.865088Z DEBUG gtk_status_bar::pw: 🔍 Checking device 5: node_name='Alpha', description='Alpha' against default sink 'Alpha'
2026-07-12T06:07:19+00:00 machine gtk-status-bar[2517]: 2026-07-12T06:07:18.865102Z DEBUG gtk_status_bar::pw: 🎯 MATCH! Found device 5 with node_name 'Alpha' matching default sink
2026-07-12T06:07:19+00:00 machine gtk-status-bar[2517]: 2026-07-12T06:07:18.865116Z DEBUG gtk_status_bar::pw: 🎨 Updating GUI label to: 'Alpha' with cached volume data
2026-07-12T06:07:19+00:00 machine gtk-status-bar[2517]: 2026-07-12T06:07:18.865130Z DEBUG gtk_status_bar::pw: 💾 Cached volume data: Vol: Some(100)%, Ch: Some(100)%, Mute: Some(false)
2026-07-12T06:07:19+00:00 machine gtk-status-bar[2517]: 2026-07-12T06:07:18.865172Z DEBUG gtk_status_bar::pw: ✅ Sent REAL volume data to GUI: 'Alpha' Vol: Some(100)%, Ch: Some(100)%, Mute: Some(false)
2026-07-12T06:07:19+00:00 machine gtk-status-bar[2517]: 2026-07-12T06:07:18.865417Z DEBUG gtk_status_bar::widgets: 📺 GTK UI updated via ASYNC: 🔊A100
2026-07-12T06:07:19+00:00 machine gtk-status-bar[2517]: 2026-07-12T06:07:19.170815Z DEBUG gtk_status_bar::pw: 🚫 Skipping metadata '' (props: Some(DictRef { flags: Flags(0x0), entries: {"object.serial": "68", "module.id": "2", "pipewire.protocol": "protocol-native", "pipewire.sec.pid": "1369", "pipewire.sec.uid": "1000", "pipewire.sec.gid": "100", "pipewire.sec.socket": "pipewire-0", "application.name": "pactl", "pipewire.access": "unrestricted"} }))
2026-07-12T06:07:19+00:00 machine gtk-status-bar[2517]: 2026-07-12T06:07:19.187001Z DEBUG gtk_status_bar::pw: 📝 metadata.property subject=0 key=Some("default.configured.audio.sink") value=Some("{ \"name\": \"Alpha\" }")
2026-07-12T06:07:19+00:00 machine gtk-status-bar[2517]: 2026-07-12T06:07:19.187066Z DEBUG gtk_status_bar::pw: 🔍 Processing metadata property: default.configured.audio.sink={ "name": "Alpha" }
2026-07-12T06:07:19+00:00 machine gtk-status-bar[2517]: 2026-07-12T06:07:19.187109Z DEBUG gtk_status_bar::pw: 🔧 Other metadata property: default.configured.audio.sink (ignored)
2026-07-12T06:07:19+00:00 machine gtk-status-bar[2517]: 2026-07-12T06:07:19.328393Z DEBUG gtk_status_bar::pw: 🚫 Skipping metadata '' (props: Some(DictRef { flags: Flags(0x0), entries: {"object.serial": "69", "module.id": "2", "pipewire.protocol": "protocol-native", "pipewire.sec.pid": "1369", "pipewire.sec.uid": "1000", "pipewire.sec.gid": "100", "pipewire.sec.socket": "pipewire-0", "application.name": "pactl", "pipewire.access": "unrestricted"} }))
2026-07-12T06:07:19+00:00 machine gtk-status-bar[2517]: 2026-07-12T06:07:19.333967Z DEBUG gtk_status_bar::pw: 🎛️  NODE PARAM CALLBACK: Alpha (5) received Props param
2026-07-12T06:07:19+00:00 machine gtk-status-bar[2517]: 2026-07-12T06:07:19.334002Z DEBUG gtk_status_bar::pw: 🔊 Node 5: Alpha - Vol: Some(100)% | Ch: Some(50)% | Mute: Some(false) [CACHING]
2026-07-12T06:07:19+00:00 machine gtk-status-bar[2517]: 2026-07-12T06:07:19.334019Z DEBUG gtk_status_bar::pw: 📝 Updated volume cache for device 5: Alpha -> Vol: Some(100)%, Ch: Some(50)%, Mute: Some(false)
2026-07-12T06:07:19+00:00 machine gtk-status-bar[2517]: 2026-07-12T06:07:19.334034Z DEBUG gtk_status_bar::pw: 🎯 Checking if device 5 is default: current_default=Some("Alpha"), node_name=Alpha, is_default=true
2026-07-12T06:07:19+00:00 machine gtk-status-bar[2517]: 2026-07-12T06:07:19.334049Z DEBUG gtk_status_bar::pw: 📤 SENDING VOLUME UPDATE to GUI for default sink (node id=5)
2026-07-12T06:07:19+00:00 machine gtk-status-bar[2517]: 2026-07-12T06:07:19.334356Z DEBUG gtk_status_bar::widgets: 📺 GTK UI updated via ASYNC: 🔊A50
2026-07-12T06:07:23+00:00 machine gtk-status-bar[2517]: 2026-07-12T06:07:23.040203Z DEBUG gtk_status_bar::pw: 🚫 Skipping metadata '' (props: Some(DictRef { flags: Flags(0x0), entries: {"object.serial": "70", "module.id": "2", "pipewire.protocol": "protocol-native", "pipewire.sec.pid": "1369", "pipewire.sec.uid": "1000", "pipewire.sec.gid": "100", "pipewire.sec.socket": "pipewire-0", "application.name": "pactl", "pipewire.access": "unrestricted"} }))
2026-07-12T06:07:23+00:00 machine gtk-status-bar[2517]: 2026-07-12T06:07:23.045096Z DEBUG gtk_status_bar::pw: 🎛️  NODE PARAM CALLBACK: Alpha (5) received Props param
2026-07-12T06:07:23+00:00 machine gtk-status-bar[2517]: 2026-07-12T06:07:23.045173Z DEBUG gtk_status_bar::pw: 🔊 Node 5: Alpha - Vol: Some(100)% | Ch: Some(75)% | Mute: Some(false) [CACHING]
2026-07-12T06:07:23+00:00 machine gtk-status-bar[2517]: 2026-07-12T06:07:23.045215Z DEBUG gtk_status_bar::pw: 📝 Updated volume cache for device 5: Alpha -> Vol: Some(100)%, Ch: Some(75)%, Mute: Some(false)
2026-07-12T06:07:23+00:00 machine gtk-status-bar[2517]: 2026-07-12T06:07:23.045250Z DEBUG gtk_status_bar::pw: 🎯 Checking if device 5 is default: current_default=Some("Alpha"), node_name=Alpha, is_default=true
2026-07-12T06:07:23+00:00 machine gtk-status-bar[2517]: 2026-07-12T06:07:23.045284Z DEBUG gtk_status_bar::pw: 📤 SENDING VOLUME UPDATE to GUI for default sink (node id=5)
2026-07-12T06:07:23+00:00 machine gtk-status-bar[2517]: 2026-07-12T06:07:23.045685Z DEBUG gtk_status_bar::widgets: 📺 GTK UI updated via ASYNC: 🔊A75
2026-07-12T06:07:26+00:00 machine gtk-status-bar[2517]: 2026-07-12T06:07:26.663233Z DEBUG gtk_status_bar::pw: 🚫 Skipping metadata '' (props: Some(DictRef { flags: Flags(0x0), entries: {"object.serial": "71", "module.id": "2", "pipewire.protocol": "protocol-native", "pipewire.sec.pid": "1369", "pipewire.sec.uid": "1000", "pipewire.sec.gid": "100", "pipewire.sec.socket": "pipewire-0", "application.name": "pactl", "pipewire.access": "unrestricted"} }))
2026-07-12T06:07:26+00:00 machine gtk-status-bar[2517]: 2026-07-12T06:07:26.668075Z DEBUG gtk_status_bar::pw: 🎛️  NODE PARAM CALLBACK: Alpha (5) received Props param
2026-07-12T06:07:26+00:00 machine gtk-status-bar[2517]: 2026-07-12T06:07:26.668107Z DEBUG gtk_status_bar::pw: 🔊 Node 5: Alpha - Vol: Some(100)% | Ch: Some(75)% | Mute: Some(true) [CACHING]
2026-07-12T06:07:26+00:00 machine gtk-status-bar[2517]: 2026-07-12T06:07:26.668126Z DEBUG gtk_status_bar::pw: 📝 Updated volume cache for device 5: Alpha -> Vol: Some(100)%, Ch: Some(75)%, Mute: Some(true)
2026-07-12T06:07:26+00:00 machine gtk-status-bar[2517]: 2026-07-12T06:07:26.668156Z DEBUG gtk_status_bar::pw: 🎯 Checking if device 5 is default: current_default=Some("Alpha"), node_name=Alpha, is_default=true
2026-07-12T06:07:26+00:00 machine gtk-status-bar[2517]: 2026-07-12T06:07:26.668174Z DEBUG gtk_status_bar::pw: 📤 SENDING VOLUME UPDATE to GUI for default sink (node id=5)
2026-07-12T06:07:26+00:00 machine gtk-status-bar[2517]: 2026-07-12T06:07:26.668754Z DEBUG gtk_status_bar::widgets: 📺 GTK UI updated via ASYNC: 🔇A75
2026-07-12T06:07:30+00:00 machine gtk-status-bar[2517]: 2026-07-12T06:07:30.299949Z DEBUG gtk_status_bar::pw: 🚫 Skipping metadata '' (props: Some(DictRef { flags: Flags(0x0), entries: {"object.serial": "72", "module.id": "2", "pipewire.protocol": "protocol-native", "pipewire.sec.pid": "1369", "pipewire.sec.uid": "1000", "pipewire.sec.gid": "100", "pipewire.sec.socket": "pipewire-0", "application.name": "pactl", "pipewire.access": "unrestricted"} }))
2026-07-12T06:07:30+00:00 machine gtk-status-bar[2517]: 2026-07-12T06:07:30.312804Z DEBUG gtk_status_bar::pw: 🎛️  NODE PARAM CALLBACK: Alpha (5) received Props param
2026-07-12T06:07:30+00:00 machine gtk-status-bar[2517]: 2026-07-12T06:07:30.312865Z DEBUG gtk_status_bar::pw: 🔊 Node 5: Alpha - Vol: Some(100)% | Ch: Some(75)% | Mute: Some(false) [CACHING]
2026-07-12T06:07:30+00:00 machine gtk-status-bar[2517]: 2026-07-12T06:07:30.312903Z DEBUG gtk_status_bar::pw: 📝 Updated volume cache for device 5: Alpha -> Vol: Some(100)%, Ch: Some(75)%, Mute: Some(false)
2026-07-12T06:07:30+00:00 machine gtk-status-bar[2517]: 2026-07-12T06:07:30.312938Z DEBUG gtk_status_bar::pw: 🎯 Checking if device 5 is default: current_default=Some("Alpha"), node_name=Alpha, is_default=true
2026-07-12T06:07:30+00:00 machine gtk-status-bar[2517]: 2026-07-12T06:07:30.312972Z DEBUG gtk_status_bar::pw: 📤 SENDING VOLUME UPDATE to GUI for default sink (node id=5)
2026-07-12T06:07:30+00:00 machine gtk-status-bar[2517]: 2026-07-12T06:07:30.313659Z DEBUG gtk_status_bar::widgets: 📺 GTK UI updated via ASYNC: 🔊A75
2026-07-12T06:07:30+00:00 machine gtk-status-bar[2517]: 2026-07-12T06:07:30.475222Z DEBUG gtk_status_bar::pw: 🚫 Skipping metadata '' (props: Some(DictRef { flags: Flags(0x0), entries: {"object.serial": "73", "module.id": "2", "pipewire.protocol": "protocol-native", "pipewire.sec.pid": "1369", "pipewire.sec.uid": "1000", "pipewire.sec.gid": "100", "pipewire.sec.socket": "pipewire-0", "application.name": "pactl", "pipewire.access": "unrestricted"} }))
2026-07-12T06:07:30+00:00 machine gtk-status-bar[2517]: 2026-07-12T06:07:30.482696Z DEBUG gtk_status_bar::pw: 🎛️  NODE PARAM CALLBACK: Alpha (5) received Props param
2026-07-12T06:07:30+00:00 machine gtk-status-bar[2517]: 2026-07-12T06:07:30.482777Z DEBUG gtk_status_bar::pw: 🔊 Node 5: Alpha - Vol: Some(100)% | Ch: Some(0)% | Mute: Some(false) [CACHING]
2026-07-12T06:07:30+00:00 machine gtk-status-bar[2517]: 2026-07-12T06:07:30.482825Z DEBUG gtk_status_bar::pw: 📝 Updated volume cache for device 5: Alpha -> Vol: Some(100)%, Ch: Some(0)%, Mute: Some(false)
2026-07-12T06:07:30+00:00 machine gtk-status-bar[2517]: 2026-07-12T06:07:30.482871Z DEBUG gtk_status_bar::pw: 🎯 Checking if device 5 is default: current_default=Some("Alpha"), node_name=Alpha, is_default=true
2026-07-12T06:07:30+00:00 machine gtk-status-bar[2517]: 2026-07-12T06:07:30.482915Z DEBUG gtk_status_bar::pw: 📤 SENDING VOLUME UPDATE to GUI for default sink (node id=5)
2026-07-12T06:07:30+00:00 machine gtk-status-bar[2517]: 2026-07-12T06:07:30.484561Z DEBUG gtk_status_bar::widgets: 📺 GTK UI updated via ASYNC: 🔊A0
2026-07-12T06:07:34+00:00 machine gtk-status-bar[2517]: 2026-07-12T06:07:34.148323Z DEBUG gtk_status_bar::pw: 🚫 Skipping metadata '' (props: Some(DictRef { flags: Flags(0x0), entries: {"object.serial": "74", "module.id": "2", "pipewire.protocol": "protocol-native", "pipewire.sec.pid": "1369", "pipewire.sec.uid": "1000", "pipewire.sec.gid": "100", "pipewire.sec.socket": "pipewire-0", "application.name": "pactl", "pipewire.access": "unrestricted"} }))
2026-07-12T06:07:34+00:00 machine gtk-status-bar[2517]: 2026-07-12T06:07:34.165556Z DEBUG gtk_status_bar::pw: 🎛️  NODE PARAM CALLBACK: Alpha (5) received Props param
2026-07-12T06:07:34+00:00 machine gtk-status-bar[2517]: 2026-07-12T06:07:34.165595Z DEBUG gtk_status_bar::pw: 🔊 Node 5: Alpha - Vol: Some(100)% | Ch: Some(100)% | Mute: Some(false) [CACHING]
2026-07-12T06:07:34+00:00 machine gtk-status-bar[2517]: 2026-07-12T06:07:34.165615Z DEBUG gtk_status_bar::pw: 📝 Updated volume cache for device 5: Alpha -> Vol: Some(100)%, Ch: Some(100)%, Mute: Some(false)
2026-07-12T06:07:34+00:00 machine gtk-status-bar[2517]: 2026-07-12T06:07:34.165635Z DEBUG gtk_status_bar::pw: 🎯 Checking if device 5 is default: current_default=Some("Alpha"), node_name=Alpha, is_default=true
2026-07-12T06:07:34+00:00 machine gtk-status-bar[2517]: 2026-07-12T06:07:34.165654Z DEBUG gtk_status_bar::pw: 📤 SENDING VOLUME UPDATE to GUI for default sink (node id=5)
2026-07-12T06:07:34+00:00 machine gtk-status-bar[2517]: 2026-07-12T06:07:34.166827Z DEBUG gtk_status_bar::widgets: 📺 GTK UI updated via ASYNC: 🔊A100
2026-07-12T06:07:37+00:00 machine gtk-status-bar[2517]: 2026-07-12T06:07:37.808406Z DEBUG gtk_status_bar::pw: 🚫 Skipping metadata '' (props: Some(DictRef { flags: Flags(0x0), entries: {"object.serial": "75", "module.id": "2", "pipewire.protocol": "protocol-native", "pipewire.sec.pid": "1369", "pipewire.sec.uid": "1000", "pipewire.sec.gid": "100", "pipewire.sec.socket": "pipewire-0", "application.name": "pactl", "pipewire.access": "unrestricted"} }))
2026-07-12T06:07:37+00:00 machine gtk-status-bar[2517]: 2026-07-12T06:07:37.825936Z DEBUG gtk_status_bar::pw: 🚫 Skipping metadata '' (props: Some(DictRef { flags: Flags(0x0), entries: {"object.serial": "76", "module.id": "2", "pipewire.protocol": "protocol-native", "pipewire.sec.pid": "1369", "pipewire.sec.uid": "1000", "pipewire.sec.gid": "100", "pipewire.sec.socket": "pipewire-0", "application.name": "pipewire", "pipewire.access": "unrestricted"} }))
2026-07-12T06:07:37+00:00 machine gtk-status-bar[2517]: 2026-07-12T06:07:37.825989Z DEBUG gtk_status_bar::pw: 🚫 Skipping metadata '' (props: Some(DictRef { flags: Flags(0x0), entries: {"object.serial": "77", "factory.id": "19", "client.id": "56", "node.description": "Bravo", "node.name": "Bravo", "media.class": "Audio/Sink"} }))
2026-07-12T06:07:37+00:00 machine gtk-status-bar[2517]: 2026-07-12T06:07:37.826017Z DEBUG gtk_status_bar::pw: 🔍 Checking node - media.class: Some("Audio/Sink")
2026-07-12T06:07:37+00:00 machine gtk-status-bar[2517]: 2026-07-12T06:07:37.826041Z DEBUG gtk_status_bar::pw: 🔍 Node filter result: true for media.class: Some("Audio/Sink")
2026-07-12T06:07:37+00:00 machine gtk-status-bar[2517]: 2026-07-12T06:07:37.826079Z DEBUG gtk_status_bar::pw: 📱 Monitoring audio node: Bravo (4) [node.name: Bravo]
2026-07-12T06:07:37+00:00 machine gtk-status-bar[2517]: 2026-07-12T06:07:37.826104Z DEBUG gtk_status_bar::pw: 🔗 ADDING NODE LISTENER for node.name: Bravo
2026-07-12T06:07:37+00:00 machine gtk-status-bar[2517]: 2026-07-12T06:07:37.826126Z DEBUG gtk_status_bar::pw: 📝 Added device to HashMap: 4 -> (Bravo, Bravo, no volume yet)
2026-07-12T06:07:37+00:00 machine gtk-status-bar[2517]: 2026-07-12T06:07:37.826158Z DEBUG gtk_status_bar::pw: 🗂️ Current device map size: 2
2026-07-12T06:07:37+00:00 machine gtk-status-bar[2517]: 2026-07-12T06:07:37.826428Z DEBUG gtk_status_bar::pw: 🎛️  NODE PARAM CALLBACK: Bravo (4) received Props param
2026-07-12T06:07:37+00:00 machine gtk-status-bar[2517]: 2026-07-12T06:07:37.826458Z DEBUG gtk_status_bar::pw: 🔊 Node 4: Bravo - Vol: Some(100)% | Ch: Some(100)% | Mute: Some(false) [CACHING]
2026-07-12T06:07:37+00:00 machine gtk-status-bar[2517]: 2026-07-12T06:07:37.826522Z DEBUG gtk_status_bar::pw: 📝 Updated volume cache for device 4: Bravo -> Vol: Some(100)%, Ch: Some(100)%, Mute: Some(false)
2026-07-12T06:07:37+00:00 machine gtk-status-bar[2517]: 2026-07-12T06:07:37.826542Z DEBUG gtk_status_bar::pw: 🎯 Checking if device 4 is default: current_default=Some("Alpha"), node_name=Bravo, is_default=false
2026-07-12T06:07:37+00:00 machine gtk-status-bar[2517]: 2026-07-12T06:07:37.826561Z DEBUG gtk_status_bar::pw: 📊 Cached volume for non-default device 4 (Bravo)
2026-07-12T06:07:37+00:00 machine gtk-status-bar[2517]: 2026-07-12T06:07:37.826578Z ERROR gtk_status_bar::pw: ❌ PipeWire error id:4 seq:9 res:-2: enum params id:13 (Spa:Enum:ParamId:Route) failed
2026-07-12T06:07:37+00:00 machine gtk-status-bar[2517]: 2026-07-12T06:07:37.897381Z DEBUG gtk_status_bar::pw: 🎛️  NODE PARAM CALLBACK: Bravo (4) received Props param
2026-07-12T06:07:37+00:00 machine gtk-status-bar[2517]: 2026-07-12T06:07:37.897417Z DEBUG gtk_status_bar::pw: 🔊 Node 4: Bravo - Vol: Some(100)% | Ch: Some(100)% | Mute: Some(false) [CACHING]
2026-07-12T06:07:37+00:00 machine gtk-status-bar[2517]: 2026-07-12T06:07:37.897434Z DEBUG gtk_status_bar::pw: 📝 Updated volume cache for device 4: Bravo -> Vol: Some(100)%, Ch: Some(100)%, Mute: Some(false)
2026-07-12T06:07:37+00:00 machine gtk-status-bar[2517]: 2026-07-12T06:07:37.897449Z DEBUG gtk_status_bar::pw: 🎯 Checking if device 4 is default: current_default=Some("Alpha"), node_name=Bravo, is_default=false
2026-07-12T06:07:37+00:00 machine gtk-status-bar[2517]: 2026-07-12T06:07:37.897462Z DEBUG gtk_status_bar::pw: 📊 Cached volume for non-default device 4 (Bravo)
2026-07-12T06:07:37+00:00 machine gtk-status-bar[2517]: 2026-07-12T06:07:37.900551Z DEBUG gtk_status_bar::pw: 🎛️  NODE PARAM CALLBACK: Bravo (4) received Props param
2026-07-12T06:07:37+00:00 machine gtk-status-bar[2517]: 2026-07-12T06:07:37.900570Z DEBUG gtk_status_bar::pw: 🔊 Node 4: Bravo - Vol: Some(100)% | Ch: Some(100)% | Mute: Some(false) [CACHING]
2026-07-12T06:07:37+00:00 machine gtk-status-bar[2517]: 2026-07-12T06:07:37.900628Z DEBUG gtk_status_bar::pw: 📝 Updated volume cache for device 4: Bravo -> Vol: Some(100)%, Ch: Some(100)%, Mute: Some(false)
2026-07-12T06:07:37+00:00 machine gtk-status-bar[2517]: 2026-07-12T06:07:37.900647Z DEBUG gtk_status_bar::pw: 🎯 Checking if device 4 is default: current_default=Some("Alpha"), node_name=Bravo, is_default=false
2026-07-12T06:07:37+00:00 machine gtk-status-bar[2517]: 2026-07-12T06:07:37.900671Z DEBUG gtk_status_bar::pw: 📊 Cached volume for non-default device 4 (Bravo)
2026-07-12T06:07:37+00:00 machine gtk-status-bar[2517]: 2026-07-12T06:07:37.900694Z DEBUG gtk_status_bar::pw: 🚫 Skipping metadata '' (props: Some(DictRef { flags: Flags(0x0), entries: {"object.serial": "78", "object.path": "Bravo:playback_0", "format.dsp": "32 bit float mono audio", "node.id": "63", "audio.channel": "FL", "port.id": "0", "port.name": "playback_FL", "port.direction": "in", "port.alias": "Bravo:playback_FL", "port.group": "stream.0"} }))
2026-07-12T06:07:37+00:00 machine gtk-status-bar[2517]: 2026-07-12T06:07:37.900726Z DEBUG gtk_status_bar::pw: 🚫 Skipping metadata '' (props: Some(DictRef { flags: Flags(0x0), entries: {"object.serial": "79", "object.path": "Bravo:playback_1", "format.dsp": "32 bit float mono audio", "node.id": "63", "audio.channel": "FR", "port.id": "1", "port.name": "playback_FR", "port.direction": "in", "port.alias": "Bravo:playback_FR", "port.group": "stream.0"} }))
2026-07-12T06:07:37+00:00 machine gtk-status-bar[2517]: 2026-07-12T06:07:37.900747Z DEBUG gtk_status_bar::pw: 🚫 Skipping metadata '' (props: Some(DictRef { flags: Flags(0x0), entries: {"object.serial": "80", "object.path": "Bravo:monitor_0", "format.dsp": "32 bit float mono audio", "node.id": "63", "audio.channel": "FL", "port.id": "0", "port.name": "monitor_FL", "port.direction": "out", "port.monitor": "true", "port.alias": "Bravo:monitor_FL", "port.group": "stream.0"} }))
2026-07-12T06:07:37+00:00 machine gtk-status-bar[2517]: 2026-07-12T06:07:37.900768Z DEBUG gtk_status_bar::pw: 🚫 Skipping metadata '' (props: Some(DictRef { flags: Flags(0x0), entries: {"object.serial": "81", "object.path": "Bravo:monitor_1", "format.dsp": "32 bit float mono audio", "node.id": "63", "audio.channel": "FR", "port.id": "1", "port.name": "monitor_FR", "port.direction": "out", "port.monitor": "true", "port.alias": "Bravo:monitor_FR", "port.group": "stream.0"} }))
2026-07-12T06:07:37+00:00 machine gtk-status-bar[2517]: 2026-07-12T06:07:37.900788Z DEBUG gtk_status_bar::pw: 🎛️  NODE PARAM CALLBACK: Bravo (4) received Props param
2026-07-12T06:07:37+00:00 machine gtk-status-bar[2517]: 2026-07-12T06:07:37.900805Z DEBUG gtk_status_bar::pw: 🔊 Node 4: Bravo - Vol: Some(100)% | Ch: Some(100)% | Mute: Some(false) [CACHING]
2026-07-12T06:07:37+00:00 machine gtk-status-bar[2517]: 2026-07-12T06:07:37.900821Z DEBUG gtk_status_bar::pw: 📝 Updated volume cache for device 4: Bravo -> Vol: Some(100)%, Ch: Some(100)%, Mute: Some(false)
2026-07-12T06:07:37+00:00 machine gtk-status-bar[2517]: 2026-07-12T06:07:37.900836Z DEBUG gtk_status_bar::pw: 🎯 Checking if device 4 is default: current_default=Some("Alpha"), node_name=Bravo, is_default=false
2026-07-12T06:07:37+00:00 machine gtk-status-bar[2517]: 2026-07-12T06:07:37.900852Z DEBUG gtk_status_bar::pw: 📊 Cached volume for non-default device 4 (Bravo)
2026-07-12T06:07:38+00:00 machine gtk-status-bar[2517]: 2026-07-12T06:07:38.033026Z DEBUG gtk_status_bar::pw: 🎛️  NODE PARAM CALLBACK: Bravo (4) received Props param
2026-07-12T06:07:38+00:00 machine gtk-status-bar[2517]: 2026-07-12T06:07:38.033067Z DEBUG gtk_status_bar::pw: 🔊 Node 4: Bravo - Vol: Some(100)% | Ch: Some(100)% | Mute: Some(false) [CACHING]
2026-07-12T06:07:38+00:00 machine gtk-status-bar[2517]: 2026-07-12T06:07:38.033093Z DEBUG gtk_status_bar::pw: 📝 Updated volume cache for device 4: Bravo -> Vol: Some(100)%, Ch: Some(100)%, Mute: Some(false)
2026-07-12T06:07:38+00:00 machine gtk-status-bar[2517]: 2026-07-12T06:07:38.033114Z DEBUG gtk_status_bar::pw: 🎯 Checking if device 4 is default: current_default=Some("Alpha"), node_name=Bravo, is_default=false
2026-07-12T06:07:38+00:00 machine gtk-status-bar[2517]: 2026-07-12T06:07:38.033133Z DEBUG gtk_status_bar::pw: 📊 Cached volume for non-default device 4 (Bravo)
2026-07-12T06:07:38+00:00 machine gtk-status-bar[2517]: 2026-07-12T06:07:38.060844Z DEBUG gtk_status_bar::pw: 🚫 Skipping metadata '' (props: Some(DictRef { flags: Flags(0x0), entries: {"object.serial": "82", "module.id": "2", "pipewire.protocol": "protocol-native", "pipewire.sec.pid": "1369", "pipewire.sec.uid": "1000", "pipewire.sec.gid": "100", "pipewire.sec.socket": "pipewire-0", "application.name": "pactl", "pipewire.access": "unrestricted"} }))
2026-07-12T06:07:38+00:00 machine gtk-status-bar[2517]: 2026-07-12T06:07:38.064272Z DEBUG gtk_status_bar::pw: 🎛️  NODE PARAM CALLBACK: Bravo (4) received Props param
2026-07-12T06:07:38+00:00 machine gtk-status-bar[2517]: 2026-07-12T06:07:38.064311Z DEBUG gtk_status_bar::pw: 🔊 Node 4: Bravo - Vol: Some(100)% | Ch: Some(60)% | Mute: Some(false) [CACHING]
2026-07-12T06:07:38+00:00 machine gtk-status-bar[2517]: 2026-07-12T06:07:38.064334Z DEBUG gtk_status_bar::pw: 📝 Updated volume cache for device 4: Bravo -> Vol: Some(100)%, Ch: Some(60)%, Mute: Some(false)
2026-07-12T06:07:38+00:00 machine gtk-status-bar[2517]: 2026-07-12T06:07:38.064351Z DEBUG gtk_status_bar::pw: 🎯 Checking if device 4 is default: current_default=Some("Alpha"), node_name=Bravo, is_default=false
2026-07-12T06:07:38+00:00 machine gtk-status-bar[2517]: 2026-07-12T06:07:38.064367Z DEBUG gtk_status_bar::pw: 📊 Cached volume for non-default device 4 (Bravo)
2026-07-12T06:07:38+00:00 machine gtk-status-bar[2517]: 2026-07-12T06:07:38.231520Z DEBUG gtk_status_bar::pw: 🚫 Skipping metadata '' (props: Some(DictRef { flags: Flags(0x0), entries: {"object.serial": "83", "module.id": "2", "pipewire.protocol": "protocol-native", "pipewire.sec.pid": "1369", "pipewire.sec.uid": "1000", "pipewire.sec.gid": "100", "pipewire.sec.socket": "pipewire-0", "application.name": "pactl", "pipewire.access": "unrestricted"} }))
2026-07-12T06:07:38+00:00 machine gtk-status-bar[2517]: 2026-07-12T06:07:38.236355Z DEBUG gtk_status_bar::pw: 📝 metadata.property subject=0 key=Some("default.configured.audio.sink") value=Some("{ \"name\": \"Bravo\" }")
2026-07-12T06:07:38+00:00 machine gtk-status-bar[2517]: 2026-07-12T06:07:38.236384Z DEBUG gtk_status_bar::pw: 🔍 Processing metadata property: default.configured.audio.sink={ "name": "Bravo" }
2026-07-12T06:07:38+00:00 machine gtk-status-bar[2517]: 2026-07-12T06:07:38.236401Z DEBUG gtk_status_bar::pw: 🔧 Other metadata property: default.configured.audio.sink (ignored)
2026-07-12T06:07:38+00:00 machine gtk-status-bar[2517]: 2026-07-12T06:07:38.241268Z DEBUG gtk_status_bar::pw: 📝 metadata.property subject=0 key=Some("default.audio.sink") value=Some("{\"name\":\"Bravo\"}")
2026-07-12T06:07:38+00:00 machine gtk-status-bar[2517]: 2026-07-12T06:07:38.241315Z DEBUG gtk_status_bar::pw: 🔍 Processing metadata property: default.audio.sink={"name":"Bravo"}
2026-07-12T06:07:38+00:00 machine gtk-status-bar[2517]: 2026-07-12T06:07:38.241356Z  INFO gtk_status_bar::pw: 🔄 Default sink -> Bravo
2026-07-12T06:07:38+00:00 machine gtk-status-bar[2517]: 2026-07-12T06:07:38.241390Z DEBUG gtk_status_bar::pw: 🎯 SINK CHANGE: Some("Alpha") -> Bravo (should trigger volume fetch)
2026-07-12T06:07:38+00:00 machine gtk-status-bar[2517]: 2026-07-12T06:07:38.241424Z DEBUG gtk_status_bar::pw: 🗂️ Searching device map for default sink 'Bravo'
2026-07-12T06:07:38+00:00 machine gtk-status-bar[2517]: 2026-07-12T06:07:38.241456Z DEBUG gtk_status_bar::pw: 🗂️ Current device map contents: {4: ("Bravo", "Bravo", Some(100), Some(60), Some(false)), 5: ("Alpha", "Alpha", Some(100), Some(100), Some(false))}
2026-07-12T06:07:38+00:00 machine gtk-status-bar[2517]: 2026-07-12T06:07:38.241597Z DEBUG gtk_status_bar::pw: 🔍 Checking device 4: node_name='Bravo', description='Bravo' against default sink 'Bravo'
2026-07-12T06:07:38+00:00 machine gtk-status-bar[2517]: 2026-07-12T06:07:38.241631Z DEBUG gtk_status_bar::pw: 🎯 MATCH! Found device 4 with node_name 'Bravo' matching default sink
2026-07-12T06:07:38+00:00 machine gtk-status-bar[2517]: 2026-07-12T06:07:38.241666Z DEBUG gtk_status_bar::pw: 🎨 Updating GUI label to: 'Bravo' with cached volume data
2026-07-12T06:07:38+00:00 machine gtk-status-bar[2517]: 2026-07-12T06:07:38.241699Z DEBUG gtk_status_bar::pw: 💾 Cached volume data: Vol: Some(100)%, Ch: Some(60)%, Mute: Some(false)
2026-07-12T06:07:38+00:00 machine gtk-status-bar[2517]: 2026-07-12T06:07:38.241747Z DEBUG gtk_status_bar::pw: ✅ Sent REAL volume data to GUI: 'Bravo' Vol: Some(100)%, Ch: Some(60)%, Mute: Some(false)
2026-07-12T06:07:38+00:00 machine gtk-status-bar[2517]: 2026-07-12T06:07:38.241937Z DEBUG gtk_status_bar::widgets: 📺 GTK UI updated via ASYNC: 🔊B60
2026-07-12T06:07:43+00:00 machine gtk-status-bar[2517]: 2026-07-12T06:07:42.996522Z DEBUG gtk_status_bar::pw: 🚫 Skipping metadata '' (props: Some(DictRef { flags: Flags(0x0), entries: {"object.serial": "84", "module.id": "2", "pipewire.protocol": "protocol-native", "pipewire.sec.pid": "1369", "pipewire.sec.uid": "1000", "pipewire.sec.gid": "100", "pipewire.sec.socket": "pipewire-0", "application.name": "pactl", "pipewire.access": "unrestricted"} }))
2026-07-12T06:07:43+00:00 machine gtk-status-bar[2517]: 2026-07-12T06:07:43.004950Z DEBUG gtk_status_bar::pw: 🗑️ Node 4 removed, cleaning up
2026-07-12T06:07:43+00:00 machine gtk-status-bar[2517]: 2026-07-12T06:07:43.004973Z DEBUG gtk_status_bar::pw: ✅ Removed device from HashMap: 4 -> (Bravo, Bravo)
2026-07-12T06:07:43+00:00 machine gtk-status-bar[2517]: 2026-07-12T06:07:43.004987Z DEBUG gtk_status_bar::pw: 🗂️ Device map size after removal: 1
2026-07-12T06:07:43+00:00 machine gtk-status-bar[2517]: 2026-07-12T06:07:43.022706Z DEBUG gtk_status_bar::pw: 📝 metadata.property subject=0 key=Some("default.audio.sink") value=Some("{\"name\":\"Alpha\"}")
2026-07-12T06:07:43+00:00 machine gtk-status-bar[2517]: 2026-07-12T06:07:43.022773Z DEBUG gtk_status_bar::pw: 🔍 Processing metadata property: default.audio.sink={"name":"Alpha"}
2026-07-12T06:07:43+00:00 machine gtk-status-bar[2517]: 2026-07-12T06:07:43.022826Z  INFO gtk_status_bar::pw: 🔄 Default sink -> Alpha
2026-07-12T06:07:43+00:00 machine gtk-status-bar[2517]: 2026-07-12T06:07:43.022871Z DEBUG gtk_status_bar::pw: 🎯 SINK CHANGE: Some("Bravo") -> Alpha (should trigger volume fetch)
2026-07-12T06:07:43+00:00 machine gtk-status-bar[2517]: 2026-07-12T06:07:43.022916Z DEBUG gtk_status_bar::pw: 🗂️ Searching device map for default sink 'Alpha'
2026-07-12T06:07:43+00:00 machine gtk-status-bar[2517]: 2026-07-12T06:07:43.022968Z DEBUG gtk_status_bar::pw: 🗂️ Current device map contents: {5: ("Alpha", "Alpha", Some(100), Some(100), Some(false))}
2026-07-12T06:07:43+00:00 machine gtk-status-bar[2517]: 2026-07-12T06:07:43.023016Z DEBUG gtk_status_bar::pw: 🔍 Checking device 5: node_name='Alpha', description='Alpha' against default sink 'Alpha'
2026-07-12T06:07:43+00:00 machine gtk-status-bar[2517]: 2026-07-12T06:07:43.023057Z DEBUG gtk_status_bar::pw: 🎯 MATCH! Found device 5 with node_name 'Alpha' matching default sink
2026-07-12T06:07:43+00:00 machine gtk-status-bar[2517]: 2026-07-12T06:07:43.023094Z DEBUG gtk_status_bar::pw: 🎨 Updating GUI label to: 'Alpha' with cached volume data
2026-07-12T06:07:43+00:00 machine gtk-status-bar[2517]: 2026-07-12T06:07:43.023141Z DEBUG gtk_status_bar::pw: 💾 Cached volume data: Vol: Some(100)%, Ch: Some(100)%, Mute: Some(false)
2026-07-12T06:07:43+00:00 machine gtk-status-bar[2517]: 2026-07-12T06:07:43.023225Z DEBUG gtk_status_bar::pw: ✅ Sent REAL volume data to GUI: 'Alpha' Vol: Some(100)%, Ch: Some(100)%, Mute: Some(false)
2026-07-12T06:07:43+00:00 machine gtk-status-bar[2517]: 2026-07-12T06:07:43.023867Z DEBUG gtk_status_bar::widgets: 📺 GTK UI updated via ASYNC: 🔊A100
2026-07-12T06:07:46+00:00 machine gtk-status-bar[2517]: 2026-07-12T06:07:46.617417Z DEBUG gtk_status_bar::pw: 🚫 Skipping metadata '' (props: Some(DictRef { flags: Flags(0x0), entries: {"object.serial": "85", "module.id": "2", "pipewire.protocol": "protocol-native", "pipewire.sec.pid": "1369", "pipewire.sec.uid": "1000", "pipewire.sec.gid": "100", "pipewire.sec.socket": "pipewire-0", "application.name": "pactl", "pipewire.access": "unrestricted"} }))
2026-07-12T06:07:46+00:00 machine gtk-status-bar[2517]: 2026-07-12T06:07:46.627444Z DEBUG gtk_status_bar::pw: 🗑️ Node 5 removed, cleaning up
2026-07-12T06:07:46+00:00 machine gtk-status-bar[2517]: 2026-07-12T06:07:46.627511Z DEBUG gtk_status_bar::pw: ✅ Removed device from HashMap: 5 -> (Alpha, Alpha)
2026-07-12T06:07:46+00:00 machine gtk-status-bar[2517]: 2026-07-12T06:07:46.628577Z DEBUG gtk_status_bar::pw: 🗂️ Device map size after removal: 0
2026-07-12T06:07:46+00:00 machine gtk-status-bar[2517]: 2026-07-12T06:07:46.630015Z DEBUG gtk_status_bar::pw: 🚫 Skipping metadata '' (props: Some(DictRef { flags: Flags(0x0), entries: {"object.serial": "86", "factory.id": "19", "client.id": "52", "node.description": "Dummy Output", "node.name": "auto_null", "media.class": "Audio/Sink"} }))
2026-07-12T06:07:46+00:00 machine gtk-status-bar[2517]: 2026-07-12T06:07:46.630043Z DEBUG gtk_status_bar::pw: 🔍 Checking node - media.class: Some("Audio/Sink")
2026-07-12T06:07:46+00:00 machine gtk-status-bar[2517]: 2026-07-12T06:07:46.630063Z DEBUG gtk_status_bar::pw: 🔍 Node filter result: true for media.class: Some("Audio/Sink")
2026-07-12T06:07:46+00:00 machine gtk-status-bar[2517]: 2026-07-12T06:07:46.630098Z DEBUG gtk_status_bar::pw: 📱 Monitoring audio node: Dummy Output (5) [node.name: auto_null]
2026-07-12T06:07:46+00:00 machine gtk-status-bar[2517]: 2026-07-12T06:07:46.630117Z DEBUG gtk_status_bar::pw: 🔗 ADDING NODE LISTENER for node.name: auto_null
2026-07-12T06:07:46+00:00 machine gtk-status-bar[2517]: 2026-07-12T06:07:46.630137Z DEBUG gtk_status_bar::pw: 📝 Added device to HashMap: 5 -> (auto_null, Dummy Output, no volume yet)
2026-07-12T06:07:46+00:00 machine gtk-status-bar[2517]: 2026-07-12T06:07:46.630164Z DEBUG gtk_status_bar::pw: 🗂️ Current device map size: 1
2026-07-12T06:07:46+00:00 machine gtk-status-bar[2517]: 2026-07-12T06:07:46.630673Z DEBUG gtk_status_bar::pw: 🎛️  NODE PARAM CALLBACK: Dummy Output (5) received Props param
2026-07-12T06:07:46+00:00 machine gtk-status-bar[2517]: 2026-07-12T06:07:46.630697Z DEBUG gtk_status_bar::pw: 🔊 Node 5: Dummy Output - Vol: Some(100)% | Ch: Some(100)% | Mute: Some(false) [CACHING]
2026-07-12T06:07:46+00:00 machine gtk-status-bar[2517]: 2026-07-12T06:07:46.630718Z DEBUG gtk_status_bar::pw: 📝 Updated volume cache for device 5: Dummy Output -> Vol: Some(100)%, Ch: Some(100)%, Mute: Some(false)
2026-07-12T06:07:46+00:00 machine gtk-status-bar[2517]: 2026-07-12T06:07:46.630737Z DEBUG gtk_status_bar::pw: 🎯 Checking if device 5 is default: current_default=Some("Alpha"), node_name=auto_null, is_default=false
2026-07-12T06:07:46+00:00 machine gtk-status-bar[2517]: 2026-07-12T06:07:46.630757Z DEBUG gtk_status_bar::pw: 📊 Cached volume for non-default device 5 (Dummy Output)
2026-07-12T06:07:46+00:00 machine gtk-status-bar[2517]: 2026-07-12T06:07:46.630778Z ERROR gtk_status_bar::pw: ❌ PipeWire error id:5 seq:11 res:-2: enum params id:13 (Spa:Enum:ParamId:Route) failed
2026-07-12T06:07:46+00:00 machine gtk-status-bar[2517]: 2026-07-12T06:07:46.651929Z DEBUG gtk_status_bar::pw: 📝 metadata.property subject=0 key=Some("default.audio.sink") value=None
2026-07-12T06:07:46+00:00 machine gtk-status-bar[2517]: 2026-07-12T06:07:46.653275Z DEBUG gtk_status_bar::pw: 🚫 Skipping metadata property: value is None for key Some("default.audio.sink")
2026-07-12T06:07:46+00:00 machine gtk-status-bar[2517]: 2026-07-12T06:07:46.660274Z DEBUG gtk_status_bar::pw: 🎛️  NODE PARAM CALLBACK: Dummy Output (5) received Props param
2026-07-12T06:07:46+00:00 machine gtk-status-bar[2517]: 2026-07-12T06:07:46.660304Z DEBUG gtk_status_bar::pw: 🔊 Node 5: Dummy Output - Vol: Some(100)% | Ch: Some(100)% | Mute: Some(false) [CACHING]
2026-07-12T06:07:46+00:00 machine gtk-status-bar[2517]: 2026-07-12T06:07:46.660323Z DEBUG gtk_status_bar::pw: 📝 Updated volume cache for device 5: Dummy Output -> Vol: Some(100)%, Ch: Some(100)%, Mute: Some(false)
2026-07-12T06:07:46+00:00 machine gtk-status-bar[2517]: 2026-07-12T06:07:46.660342Z DEBUG gtk_status_bar::pw: 🎯 Checking if device 5 is default: current_default=Some("Alpha"), node_name=auto_null, is_default=false
2026-07-12T06:07:46+00:00 machine gtk-status-bar[2517]: 2026-07-12T06:07:46.660358Z DEBUG gtk_status_bar::pw: 📊 Cached volume for non-default device 5 (Dummy Output)
2026-07-12T06:07:46+00:00 machine gtk-status-bar[2517]: 2026-07-12T06:07:46.660377Z DEBUG gtk_status_bar::pw: 🎛️  NODE PARAM CALLBACK: Dummy Output (5) received Props param
2026-07-12T06:07:46+00:00 machine gtk-status-bar[2517]: 2026-07-12T06:07:46.660396Z DEBUG gtk_status_bar::pw: 🔊 Node 5: Dummy Output - Vol: Some(100)% | Ch: Some(100)% | Mute: Some(false) [CACHING]
2026-07-12T06:07:46+00:00 machine gtk-status-bar[2517]: 2026-07-12T06:07:46.660413Z DEBUG gtk_status_bar::pw: 📝 Updated volume cache for device 5: Dummy Output -> Vol: Some(100)%, Ch: Some(100)%, Mute: Some(false)
2026-07-12T06:07:46+00:00 machine gtk-status-bar[2517]: 2026-07-12T06:07:46.660431Z DEBUG gtk_status_bar::pw: 🎯 Checking if device 5 is default: current_default=Some("Alpha"), node_name=auto_null, is_default=false
2026-07-12T06:07:46+00:00 machine gtk-status-bar[2517]: 2026-07-12T06:07:46.660449Z DEBUG gtk_status_bar::pw: 📊 Cached volume for non-default device 5 (Dummy Output)
2026-07-12T06:07:46+00:00 machine gtk-status-bar[2517]: 2026-07-12T06:07:46.660528Z DEBUG gtk_status_bar::pw: 🚫 Skipping metadata '' (props: Some(DictRef { flags: Flags(0x0), entries: {"object.serial": "87", "object.path": "auto_null:playback_0", "format.dsp": "32 bit float mono audio", "node.id": "61", "audio.channel": "FL", "port.id": "0", "port.name": "playback_FL", "port.direction": "in", "port.alias": "Dummy Output:playback_FL", "port.group": "stream.0"} }))
2026-07-12T06:07:46+00:00 machine gtk-status-bar[2517]: 2026-07-12T06:07:46.660554Z DEBUG gtk_status_bar::pw: 🚫 Skipping metadata '' (props: Some(DictRef { flags: Flags(0x0), entries: {"object.serial": "88", "object.path": "auto_null:playback_1", "format.dsp": "32 bit float mono audio", "node.id": "61", "audio.channel": "FR", "port.id": "1", "port.name": "playback_FR", "port.direction": "in", "port.alias": "Dummy Output:playback_FR", "port.group": "stream.0"} }))
2026-07-12T06:07:46+00:00 machine gtk-status-bar[2517]: 2026-07-12T06:07:46.660579Z DEBUG gtk_status_bar::pw: 🚫 Skipping metadata '' (props: Some(DictRef { flags: Flags(0x0), entries: {"object.serial": "89", "object.path": "auto_null:monitor_0", "format.dsp": "32 bit float mono audio", "node.id": "61", "audio.channel": "FL", "port.id": "0", "port.name": "monitor_FL", "port.direction": "out", "port.monitor": "true", "port.alias": "Dummy Output:monitor_FL", "port.group": "stream.0"} }))
2026-07-12T06:07:46+00:00 machine gtk-status-bar[2517]: 2026-07-12T06:07:46.660603Z DEBUG gtk_status_bar::pw: 🚫 Skipping metadata '' (props: Some(DictRef { flags: Flags(0x0), entries: {"object.serial": "90", "object.path": "auto_null:monitor_1", "format.dsp": "32 bit float mono audio", "node.id": "61", "audio.channel": "FR", "port.id": "1", "port.name": "monitor_FR", "port.direction": "out", "port.monitor": "true", "port.alias": "Dummy Output:monitor_FR", "port.group": "stream.0"} }))
2026-07-12T06:07:46+00:00 machine gtk-status-bar[2517]: 2026-07-12T06:07:46.660629Z DEBUG gtk_status_bar::pw: 🎛️  NODE PARAM CALLBACK: Dummy Output (5) received Props param
2026-07-12T06:07:46+00:00 machine gtk-status-bar[2517]: 2026-07-12T06:07:46.660651Z DEBUG gtk_status_bar::pw: 🔊 Node 5: Dummy Output - Vol: Some(100)% | Ch: Some(100)% | Mute: Some(false) [CACHING]
2026-07-12T06:07:46+00:00 machine gtk-status-bar[2517]: 2026-07-12T06:07:46.660669Z DEBUG gtk_status_bar::pw: 📝 Updated volume cache for device 5: Dummy Output -> Vol: Some(100)%, Ch: Some(100)%, Mute: Some(false)
2026-07-12T06:07:46+00:00 machine gtk-status-bar[2517]: 2026-07-12T06:07:46.660688Z DEBUG gtk_status_bar::pw: 🎯 Checking if device 5 is default: current_default=Some("Alpha"), node_name=auto_null, is_default=false
2026-07-12T06:07:46+00:00 machine gtk-status-bar[2517]: 2026-07-12T06:07:46.660707Z DEBUG gtk_status_bar::pw: 📊 Cached volume for non-default device 5 (Dummy Output)
2026-07-12T06:07:46+00:00 machine gtk-status-bar[2517]: 2026-07-12T06:07:46.665053Z DEBUG gtk_status_bar::pw: 🎛️  NODE PARAM CALLBACK: Dummy Output (5) received Props param
2026-07-12T06:07:46+00:00 machine gtk-status-bar[2517]: 2026-07-12T06:07:46.665077Z DEBUG gtk_status_bar::pw: 🔊 Node 5: Dummy Output - Vol: Some(100)% | Ch: Some(100)% | Mute: Some(false) [CACHING]
2026-07-12T06:07:46+00:00 machine gtk-status-bar[2517]: 2026-07-12T06:07:46.665096Z DEBUG gtk_status_bar::pw: 📝 Updated volume cache for device 5: Dummy Output -> Vol: Some(100)%, Ch: Some(100)%, Mute: Some(false)
2026-07-12T06:07:46+00:00 machine gtk-status-bar[2517]: 2026-07-12T06:07:46.665115Z DEBUG gtk_status_bar::pw: 🎯 Checking if device 5 is default: current_default=Some("Alpha"), node_name=auto_null, is_default=false
2026-07-12T06:07:46+00:00 machine gtk-status-bar[2517]: 2026-07-12T06:07:46.665135Z DEBUG gtk_status_bar::pw: 📊 Cached volume for non-default device 5 (Dummy Output)
2026-07-12T06:07:46+00:00 machine gtk-status-bar[2517]: 2026-07-12T06:07:46.671659Z DEBUG gtk_status_bar::pw: 📝 metadata.property subject=0 key=Some("default.audio.sink") value=Some("{\"name\":\"auto_null\"}")
2026-07-12T06:07:46+00:00 machine gtk-status-bar[2517]: 2026-07-12T06:07:46.671681Z DEBUG gtk_status_bar::pw: 🔍 Processing metadata property: default.audio.sink={"name":"auto_null"}
2026-07-12T06:07:46+00:00 machine gtk-status-bar[2517]: 2026-07-12T06:07:46.671703Z  INFO gtk_status_bar::pw: 🔄 Default sink -> auto_null
2026-07-12T06:07:46+00:00 machine gtk-status-bar[2517]: 2026-07-12T06:07:46.671721Z DEBUG gtk_status_bar::pw: 🎯 SINK CHANGE: Some("Alpha") -> auto_null (should trigger volume fetch)
2026-07-12T06:07:46+00:00 machine gtk-status-bar[2517]: 2026-07-12T06:07:46.671739Z DEBUG gtk_status_bar::pw: 🗂️ Searching device map for default sink 'auto_null'
2026-07-12T06:07:46+00:00 machine gtk-status-bar[2517]: 2026-07-12T06:07:46.671757Z DEBUG gtk_status_bar::pw: 🗂️ Current device map contents: {5: ("auto_null", "Dummy Output", Some(100), Some(100), Some(false))}
2026-07-12T06:07:46+00:00 machine gtk-status-bar[2517]: 2026-07-12T06:07:46.671778Z DEBUG gtk_status_bar::pw: 🔍 Checking device 5: node_name='auto_null', description='Dummy Output' against default sink 'auto_null'
2026-07-12T06:07:46+00:00 machine gtk-status-bar[2517]: 2026-07-12T06:07:46.671796Z DEBUG gtk_status_bar::pw: 🎯 MATCH! Found device 5 with node_name 'auto_null' matching default sink
2026-07-12T06:07:46+00:00 machine gtk-status-bar[2517]: 2026-07-12T06:07:46.671815Z DEBUG gtk_status_bar::pw: 🎨 Updating GUI label to: 'Dummy Output' with cached volume data
2026-07-12T06:07:46+00:00 machine gtk-status-bar[2517]: 2026-07-12T06:07:46.671833Z DEBUG gtk_status_bar::pw: 💾 Cached volume data: Vol: Some(100)%, Ch: Some(100)%, Mute: Some(false)
2026-07-12T06:07:46+00:00 machine gtk-status-bar[2517]: 2026-07-12T06:07:46.671862Z DEBUG gtk_status_bar::pw: ✅ Sent REAL volume data to GUI: 'Dummy Output' Vol: Some(100)%, Ch: Some(100)%, Mute: Some(false)
2026-07-12T06:07:46+00:00 machine gtk-status-bar[2517]: 2026-07-12T06:07:46.672166Z DEBUG gtk_status_bar::widgets: 📺 GTK UI updated via ASYNC: 🔊D100
2026-07-12T06:07:46+00:00 machine gtk-status-bar[2517]: 2026-07-12T06:07:46.977407Z DEBUG gtk_status_bar::tray: Tray item property is unavailable property="IconPixmap" error=org.freedesktop.DBus.Error.InvalidArgs: No such property “IconPixmap”
2026-07-12T06:07:46+00:00 machine gtk-status-bar[2517]: 2026-07-12T06:07:46.979747Z DEBUG gtk_status_bar::tray: Tray item property is unavailable property="IconThemePath" error=org.freedesktop.DBus.Error.InvalidArgs: No such property “IconThemePath”
2026-07-12T06:07:46+00:00 machine gtk-status-bar[2517]: 2026-07-12T06:07:46.992662Z DEBUG gtk_status_bar::tray: Tray item property is unavailable property="IconPixmap" error=org.freedesktop.DBus.Error.InvalidArgs: No such property “IconPixmap”
2026-07-12T06:07:46+00:00 machine gtk-status-bar[2517]: 2026-07-12T06:07:46.993545Z DEBUG gtk_status_bar::tray: Tray item property is unavailable property="IconThemePath" error=org.freedesktop.DBus.Error.InvalidArgs: No such property “IconThemePath”
2026-07-12T06:07:47+00:00 machine gtk-status-bar[2517]: 2026-07-12T06:07:46.999200Z DEBUG gtk_status_bar::tray: Tray item property is unavailable property="IconPixmap" error=org.freedesktop.DBus.Error.InvalidArgs: No such property “IconPixmap”
2026-07-12T06:07:47+00:00 machine gtk-status-bar[2517]: 2026-07-12T06:07:46.999979Z DEBUG gtk_status_bar::tray: Tray item property is unavailable property="IconThemePath" error=org.freedesktop.DBus.Error.InvalidArgs: No such property “IconThemePath”
2026-07-12T06:07:47+00:00 machine gtk-status-bar[2517]: 2026-07-12T06:07:47.017023Z DEBUG gtk_status_bar::tray: Tray item property is unavailable property="IconPixmap" error=org.freedesktop.DBus.Error.InvalidArgs: No such property “IconPixmap”
2026-07-12T06:07:47+00:00 machine gtk-status-bar[2517]: 2026-07-12T06:07:47.018048Z DEBUG gtk_status_bar::tray: Tray item property is unavailable property="IconThemePath" error=org.freedesktop.DBus.Error.InvalidArgs: No such property “IconThemePath”
2026-07-12T06:07:47+00:00 machine gtk-status-bar[2517]: 2026-07-12T06:07:47.034913Z DEBUG gtk_status_bar::tray: Tray item property is unavailable property="IconPixmap" error=org.freedesktop.DBus.Error.InvalidArgs: No such property “IconPixmap”
2026-07-12T06:07:47+00:00 machine gtk-status-bar[2517]: 2026-07-12T06:07:47.035742Z DEBUG gtk_status_bar::tray: Tray item property is unavailable property="IconThemePath" error=org.freedesktop.DBus.Error.InvalidArgs: No such property “IconThemePath”
2026-07-12T06:07:47+00:00 machine gtk-status-bar[2517]: 2026-07-12T06:07:47.038662Z DEBUG gtk_status_bar::tray: Tray item property is unavailable property="IconPixmap" error=org.freedesktop.DBus.Error.InvalidArgs: No such property “IconPixmap”
2026-07-12T06:07:47+00:00 machine gtk-status-bar[2517]: 2026-07-12T06:07:47.039606Z DEBUG gtk_status_bar::tray: Tray item property is unavailable property="IconThemePath" error=org.freedesktop.DBus.Error.InvalidArgs: No such property “IconThemePath”
2026-07-12T06:07:47+00:00 machine gtk-status-bar[2517]: 2026-07-12T06:07:47.486862Z DEBUG gtk_status_bar::tray: Tray item property is unavailable property="IconPixmap" error=org.freedesktop.DBus.Error.InvalidArgs: No such property “IconPixmap”
2026-07-12T06:07:47+00:00 machine gtk-status-bar[2517]: 2026-07-12T06:07:47.494199Z DEBUG gtk_status_bar::tray: Tray item property is unavailable property="IconThemePath" error=org.freedesktop.DBus.Error.InvalidArgs: No such property “IconThemePath”
2026-07-12T06:07:47+00:00 machine gtk-status-bar[2517]: 2026-07-12T06:07:47.573333Z DEBUG gtk_status_bar::dbus: Got an event in event stream: Msg { type: Signal, serial: 18, sender: UniqueName(":1.54"), path: ObjectPath("/"), iface: InterfaceName("org.freedesktop.DBus.ObjectManager"), member: MemberName("InterfacesAdded"), body: Structure(Dynamic { fields: [ObjectPath, Dict { key: Dynamic { child: Str }, value: Dynamic { child: Dict { key: Dynamic { child: Str }, value: Dynamic { child: Variant } } } }] }), fds: [] }
2026-07-12T06:07:47+00:00 machine gtk-status-bar[2517]: 2026-07-12T06:07:47.573378Z DEBUG gtk_status_bar::dbus: Dbus monitor: Received D-Bus message from path: Some(ObjectPath("/")), interface: Some(InterfaceName("org.freedesktop.DBus.ObjectManager")), member: Some(MemberName("InterfacesAdded"))
2026-07-12T06:07:47+00:00 machine gtk-status-bar[2517]: 2026-07-12T06:07:47.573398Z  INFO gtk_status_bar::dbus: Dbus monitor: Received signal
2026-07-12T06:07:47+00:00 machine gtk-status-bar[2517]: 2026-07-12T06:07:47.573419Z  INFO gtk_status_bar::dbus: Dbus monitor: Received InterfacesAdded signal from ObjectManager
2026-07-12T06:07:47+00:00 machine gtk-status-bar[2517]: 2026-07-12T06:07:47.573527Z DEBUG gtk_status_bar::dbus: Available interfaces in InterfacesAdded: [Str("org.bluez.Adapter1")]
2026-07-12T06:07:47+00:00 machine gtk-status-bar[2517]: 2026-07-12T06:07:47.573547Z DEBUG gtk_status_bar::dbus: Device1 interface not found in interfaces
2026-07-12T06:07:47+00:00 machine gtk-status-bar[2517]: 2026-07-12T06:07:47.573565Z DEBUG gtk_status_bar::dbus: Not a device with org.bluez.Battery1 interface
2026-07-12T06:07:47+00:00 machine gtk-status-bar[2517]: 2026-07-12T06:07:47.583744Z DEBUG gtk_status_bar::dbus: Got an event in event stream: Msg { type: Signal, serial: 20, sender: UniqueName(":1.54"), path: ObjectPath("/org/bluez/hci0"), iface: InterfaceName("org.freedesktop.DBus.Properties"), member: MemberName("PropertiesChanged"), body: Structure(Dynamic { fields: [Str, Dict { key: Dynamic { child: Str }, value: Dynamic { child: Variant } }, Array(Dynamic { child: Str })] }), fds: [] }
2026-07-12T06:07:47+00:00 machine gtk-status-bar[2517]: 2026-07-12T06:07:47.583782Z DEBUG gtk_status_bar::dbus: Dbus monitor: Received D-Bus message from path: Some(ObjectPath("/org/bluez/hci0")), interface: Some(InterfaceName("org.freedesktop.DBus.Properties")), member: Some(MemberName("PropertiesChanged"))
2026-07-12T06:07:47+00:00 machine gtk-status-bar[2517]: 2026-07-12T06:07:47.583803Z  INFO gtk_status_bar::dbus: Dbus monitor: Received signal
2026-07-12T06:07:47+00:00 machine gtk-status-bar[2517]: 2026-07-12T06:07:47.583822Z  INFO gtk_status_bar::dbus: Dbus monitor: Received PropertiesChanged signal
2026-07-12T06:07:47+00:00 machine gtk-status-bar[2517]: 2026-07-12T06:07:47.583861Z DEBUG gtk_status_bar::dbus: Dbus monitor: Ignored PropertiesChanged for interface: "org.bluez.Adapter1"
2026-07-12T06:07:47+00:00 machine gtk-status-bar[2517]: 2026-07-12T06:07:47.592728Z DEBUG gtk_status_bar::tray: Tray item property is unavailable property="IconPixmap" error=org.freedesktop.DBus.Error.InvalidArgs: No such property “IconPixmap”
2026-07-12T06:07:47+00:00 machine gtk-status-bar[2517]: 2026-07-12T06:07:47.595025Z DEBUG gtk_status_bar::tray: Tray item property is unavailable property="IconThemePath" error=org.freedesktop.DBus.Error.InvalidArgs: No such property “IconThemePath”
2026-07-12T06:07:47+00:00 machine gtk-status-bar[2517]: 2026-07-12T06:07:47.612743Z DEBUG gtk_status_bar::tray: Tray item property is unavailable property="IconPixmap" error=org.freedesktop.DBus.Error.InvalidArgs: No such property “IconPixmap”
2026-07-12T06:07:47+00:00 machine gtk-status-bar[2517]: 2026-07-12T06:07:47.613804Z DEBUG gtk_status_bar::tray: Tray item property is unavailable property="IconThemePath" error=org.freedesktop.DBus.Error.InvalidArgs: No such property “IconThemePath”
2026-07-12T06:07:47+00:00 machine gtk-status-bar[2517]: 2026-07-12T06:07:47.616695Z DEBUG gtk_status_bar::tray: Tray item property is unavailable property="IconPixmap" error=org.freedesktop.DBus.Error.InvalidArgs: No such property “IconPixmap”
2026-07-12T06:07:47+00:00 machine gtk-status-bar[2517]: 2026-07-12T06:07:47.617527Z DEBUG gtk_status_bar::tray: Tray item property is unavailable property="IconThemePath" error=org.freedesktop.DBus.Error.InvalidArgs: No such property “IconThemePath”
2026-07-12T06:07:47+00:00 machine gtk-status-bar[2517]: 2026-07-12T06:07:47.691679Z DEBUG gtk_status_bar::dbus: Got an event in event stream: Msg { type: Signal, serial: 27, sender: UniqueName(":1.54"), path: ObjectPath("/"), iface: InterfaceName("org.freedesktop.DBus.ObjectManager"), member: MemberName("InterfacesAdded"), body: Structure(Dynamic { fields: [ObjectPath, Dict { key: Dynamic { child: Str }, value: Dynamic { child: Dict { key: Dynamic { child: Str }, value: Dynamic { child: Variant } } } }] }), fds: [] }
2026-07-12T06:07:47+00:00 machine gtk-status-bar[2517]: 2026-07-12T06:07:47.691715Z DEBUG gtk_status_bar::dbus: Dbus monitor: Received D-Bus message from path: Some(ObjectPath("/")), interface: Some(InterfaceName("org.freedesktop.DBus.ObjectManager")), member: Some(MemberName("InterfacesAdded"))
2026-07-12T06:07:47+00:00 machine gtk-status-bar[2517]: 2026-07-12T06:07:47.691732Z  INFO gtk_status_bar::dbus: Dbus monitor: Received signal
2026-07-12T06:07:47+00:00 machine gtk-status-bar[2517]: 2026-07-12T06:07:47.691747Z  INFO gtk_status_bar::dbus: Dbus monitor: Received InterfacesAdded signal from ObjectManager
2026-07-12T06:07:47+00:00 machine gtk-status-bar[2517]: 2026-07-12T06:07:47.691799Z DEBUG gtk_status_bar::dbus: Available interfaces in InterfacesAdded: [Str("org.bluez.Device1")]
2026-07-12T06:07:47+00:00 machine gtk-status-bar[2517]: 2026-07-12T06:07:47.691839Z DEBUG gtk_status_bar::dbus: Found Device1 interface properties: Dict { map: {Str("Adapter"): Value(ObjectPath(ObjectPath("/org/bluez/hci0"))), Str("Address"): Value(Str("AA:BB:CC:DD:EE:09")), Str("AddressType"): Value(Str("public")), Str("AdvertisingData"): Value(Array(Array { elements: [], signature: Array(Dynamic { child: Dict { key: Dynamic { child: U8 }, value: Dynamic { child: Variant } } }) })), Str("AdvertisingFlags"): Value(Array(Array { elements: [], signature: Array(Dynamic { child: Array(Dynamic { child: U8 }) }) })), Str("Alias"): Value(Str("Recovery Buds")), Str("Appearance"): Value(U16(0)), Str("Blocked"): Value(Bool(false)), Str("Class"): Value(U32(5898764)), Str("Connected"): Value(Bool(false)), Str("Icon"): Value(Str("phone")), Str("LegacyPairing"): Value(Bool(false)), Str("ManufacturerData"): Value(Array(Array { elements: [], signature: Array(Dynamic { child: Dict { key: Dynamic { child: U16 }, value: Dynamic { child: Variant } } }) })), Str("Modalias"): Value(Str("bluetooth:v000Fp1200d1436")), Str("Name"): Value(Str("Recovery Buds")), Str("Paired"): Value(Bool(false)), Str("RSSI"): Value(I16(-79)), Str("ServiceData"): Value(Array(Array { elements: [], signature: Array(Dynamic { child: Dict { key: Dynamic { child: Str }, value: Dynamic { child: Variant } } }) })), Str("ServicesResolved"): Value(Bool(false)), Str("Trusted"): Value(Bool(false)), Str("TxPower"): Value(I16(0)), Str("UUIDs"): Value(Array(Array { elements: [], signature: Array(Dynamic { child: Str }) })), Str("WakeAllowed"): Value(Bool(false))}, signature: Dict { key: Dynamic { child: Str }, value: Dynamic { child: Variant } } }
2026-07-12T06:07:47+00:00 machine gtk-status-bar[2517]: 2026-07-12T06:07:47.691867Z DEBUG gtk_status_bar::dbus: Found Bluetooth device name: Recovery Buds
2026-07-12T06:07:47+00:00 machine gtk-status-bar[2517]: 2026-07-12T06:07:47.691883Z  INFO gtk_status_bar::dbus: Created new device /org/bluez/hci0/dev_AA_BB_CC_DD_EE_09 with name: Some("Recovery Buds")
2026-07-12T06:07:47+00:00 machine gtk-status-bar[2517]: 2026-07-12T06:07:47.691901Z DEBUG gtk_status_bar::dbus: Not a device with org.bluez.Battery1 interface
2026-07-12T06:07:47+00:00 machine gtk-status-bar[2517]: 2026-07-12T06:07:47.692872Z DEBUG gtk_status_bar::widgets: Updating Bluetooth battery label:
2026-07-12T06:07:47+00:00 machine gtk-status-bar[2517]: 2026-07-12T06:07:47.692904Z DEBUG gtk_status_bar::widgets: 🙈 HIDING Bluetooth widget - no devices
2026-07-12T06:07:48+00:00 machine gtk-status-bar[2864]: 2026-07-12T06:07:48.152616Z  INFO gtk_status_bar: Starting GTK status bar application
2026-07-12T06:07:48+00:00 machine gtk-status-bar[2864]: 2026-07-12T06:07:48.154067Z  INFO gtk_status_bar: Running GTK application
2026-07-12T06:07:49+00:00 machine gtk-status-bar[2864]: 2026-07-12T06:07:49.816920Z  INFO gtk_status_bar: Activating GTK application
2026-07-12T06:07:49+00:00 machine gtk-status-bar[2864]: 2026-07-12T06:07:49.817676Z DEBUG gtk_status_bar::widgets: Loading CSS styles
2026-07-12T06:07:49+00:00 machine gtk-status-bar[2864]: 2026-07-12T06:07:49.817986Z  INFO gtk_status_bar::widgets: CSS styles loaded successfully
2026-07-12T06:07:49+00:00 machine gtk-status-bar[2864]: 2026-07-12T06:07:49.818002Z DEBUG gtk_status_bar::widgets: Configuring layer shell
2026-07-12T06:07:49+00:00 machine gtk-status-bar[2864]: 2026-07-12T06:07:49.820928Z  INFO gtk_status_bar::widgets: Layer shell configured successfully
2026-07-12T06:07:49+00:00 machine gtk-status-bar[2864]: 2026-07-12T06:07:49.820952Z DEBUG gtk_status_bar::widgets: Creating experimental bar
2026-07-12T06:07:49+00:00 machine gtk-status-bar[2864]: 2026-07-12T06:07:49.821055Z DEBUG gtk_status_bar::widgets: Creating left group
2026-07-12T06:07:49+00:00 machine gtk-status-bar[2864]: 2026-07-12T06:07:49.821089Z DEBUG gtk_status_bar::widgets: Creating workspace widget
2026-07-12T06:07:49+00:00 machine gtk-status-bar[2864]: 2026-07-12T06:07:49.821389Z DEBUG gtk_status_bar::widgets: Creating center group
2026-07-12T06:07:49+00:00 machine gtk-status-bar[2864]: 2026-07-12T06:07:49.821421Z DEBUG gtk_status_bar::widgets: Creating title widget
2026-07-12T06:07:49+00:00 machine gtk-status-bar[2864]: 2026-07-12T06:07:49.821531Z DEBUG gtk_status_bar::widgets: Creating right group
2026-07-12T06:07:49+00:00 machine gtk-status-bar[2864]: 2026-07-12T06:07:49.821564Z DEBUG gtk_status_bar::widgets: Creating system tray widget
2026-07-12T06:07:49+00:00 machine gtk-status-bar[2864]: 2026-07-12T06:07:49.821592Z DEBUG gtk_status_bar::widgets: Creating bluetooth widget
2026-07-12T06:07:49+00:00 machine gtk-status-bar[2864]: 2026-07-12T06:07:49.821685Z DEBUG gtk_status_bar::widgets: Creating volume widget
2026-07-12T06:07:49+00:00 machine gtk-status-bar[2864]: 2026-07-12T06:07:49.821728Z DEBUG gtk_status_bar::widgets: Creating battery widget
2026-07-12T06:07:49+00:00 machine gtk-status-bar[2864]: 2026-07-12T06:07:49.821771Z DEBUG gtk_status_bar::widgets: Creating time widget
2026-07-12T06:07:50+00:00 machine gtk-status-bar[2864]: 2026-07-12T06:07:50.400001Z DEBUG gtk_status_bar::widgets: Setting up time widget updates
2026-07-12T06:07:50+00:00 machine gtk-status-bar[2864]: 2026-07-12T06:07:50.400054Z DEBUG gtk_status_bar::widgets: Setting up system tray updates
2026-07-12T06:07:50+00:00 machine gtk-status-bar[2864]: 2026-07-12T06:07:50.400089Z DEBUG gtk_status_bar::widgets: Setting up workspace updates
2026-07-12T06:07:50+00:00 machine gtk-status-bar[2864]: 2026-07-12T06:07:50.400122Z DEBUG gtk_status_bar::widgets: Setting up title updates
2026-07-12T06:07:50+00:00 machine gtk-status-bar[2864]: 2026-07-12T06:07:50.400165Z DEBUG gtk_status_bar::widgets: Setting up battery updates
2026-07-12T06:07:50+00:00 machine gtk-status-bar[2864]: 2026-07-12T06:07:50.400199Z DEBUG gtk_status_bar::widgets: Setting up Bluetooth battery updates
2026-07-12T06:07:50+00:00 machine gtk-status-bar[2864]: 2026-07-12T06:07:50.400233Z DEBUG gtk_status_bar::widgets: Setting up volume updates with tokio async channels
2026-07-12T06:07:50+00:00 machine gtk-status-bar[2864]: 2026-07-12T06:07:50.400375Z  INFO gtk_status_bar: Application activated successfully
2026-07-12T06:07:50+00:00 machine gtk-status-bar[2864]: 2026-07-12T06:07:50.400463Z  INFO gtk_status_bar::hypr: 🔌 Starting workspace event listener
2026-07-12T06:07:50+00:00 machine gtk-status-bar[2864]: 2026-07-12T06:07:50.400524Z DEBUG gtk_status_bar::hypr: Setting up workspace event listener
2026-07-12T06:07:50+00:00 machine gtk-status-bar[2864]: 2026-07-12T06:07:50.400620Z  INFO gtk_status_bar::hypr: 🔌 Starting title event listener
2026-07-12T06:07:50+00:00 machine gtk-status-bar[2864]: 2026-07-12T06:07:50.400634Z DEBUG gtk_status_bar::hypr: Setting up title event listener
2026-07-12T06:07:50+00:00 machine gtk-status-bar[2864]: 2026-07-12T06:07:50.400649Z DEBUG gtk_status_bar::hypr: Fetching initial title state
2026-07-12T06:07:50+00:00 machine gtk-status-bar[2864]: 2026-07-12T06:07:50.400656Z DEBUG gtk_status_bar::pw: 🔧 Initializing PipeWire on dedicated thread...
2026-07-12T06:07:50+00:00 machine gtk-status-bar[2864]: 2026-07-12T06:07:50.400686Z  INFO gtk_status_bar::dbus: 🔌 Starting D-Bus monitor
2026-07-12T06:07:50+00:00 machine gtk-status-bar[2864]: 2026-07-12T06:07:50.400704Z  INFO gtk_status_bar::dbus: Starting D-Bus monitoring task
2026-07-12T06:07:50+00:00 machine gtk-status-bar[2864]: 2026-07-12T06:07:50.400703Z DEBUG gtk_status_bar::pw: 📋 Created device tracking HashMap for (node_name, description, volume, channel, mute)
2026-07-12T06:07:50+00:00 machine gtk-status-bar[2864]: 2026-07-12T06:07:50.400874Z DEBUG gtk_status_bar::widgets: 🚀 Starting async volume update loop...
2026-07-12T06:07:50+00:00 machine gtk-status-bar[2864]: 2026-07-12T06:07:50.401771Z  INFO gtk_status_bar::tray: 🔌 Starting system tray backend
2026-07-12T06:07:50+00:00 machine gtk-status-bar[2864]: 2026-07-12T06:07:50.409522Z DEBUG gtk_status_bar::pw: ✅ PipeWire initialized
2026-07-12T06:07:50+00:00 machine gtk-status-bar[2864]: 2026-07-12T06:07:50.409532Z  INFO gtk_status_bar: Starting tray IPC server
2026-07-12T06:07:50+00:00 machine gtk-status-bar[2864]: 2026-07-12T06:07:50.409591Z DEBUG gtk_status_bar::pw: ✅ ThreadLoop created
2026-07-12T06:07:50+00:00 machine gtk-status-bar[2864]: 2026-07-12T06:07:50.409741Z DEBUG gtk_status_bar::hypr: Initial title: "Close OS window"
2026-07-12T06:07:50+00:00 machine gtk-status-bar[2864]: 2026-07-12T06:07:50.409763Z  INFO gtk_status_bar::hypr: Starting title event listener
2026-07-12T06:07:50+00:00 machine gtk-status-bar[2864]: 2026-07-12T06:07:50.409869Z  INFO gtk_status_bar::hypr: Starting workspace event listener
2026-07-12T06:07:50+00:00 machine gtk-status-bar[2864]: 2026-07-12T06:07:50.413982Z DEBUG gtk_status_bar::dbus: 🔌 Registered battery match rule
2026-07-12T06:07:50+00:00 machine gtk-status-bar[2864]: 2026-07-12T06:07:50.416006Z  INFO tray_ipc: Tray IPC server is listening path=/run/user/1000/gtk-status-bar/tray.sock
2026-07-12T06:07:50+00:00 machine gtk-status-bar[2864]: 2026-07-12T06:07:50.417821Z DEBUG gtk_status_bar::widgets: Pinning bar height to font-derived line height char_height=18 multiplier=1.4 pinned=25
2026-07-12T06:07:50+00:00 machine gtk-status-bar[2864]: 2026-07-12T06:07:50.421590Z DEBUG gtk_status_bar::dbus: 🔌 Registered bluez PropertiesChanged match rule
2026-07-12T06:07:50+00:00 machine gtk-status-bar[2864]: 2026-07-12T06:07:50.421912Z DEBUG gtk_status_bar::dbus: 🔌 Registered bluez InterfacesAdded match rule
2026-07-12T06:07:50+00:00 machine gtk-status-bar[2864]: 2026-07-12T06:07:50.422130Z DEBUG gtk_status_bar::dbus: 🔌 Registered bluez InterfacesRemoved match rule
2026-07-12T06:07:50+00:00 machine gtk-status-bar[2864]: 2026-07-12T06:07:50.423430Z  INFO gtk_status_bar::dbus: Battery is at 55.0%
2026-07-12T06:07:50+00:00 machine gtk-status-bar[2864]: 2026-07-12T06:07:50.424251Z  INFO gtk_status_bar::dbus: Battery is discharging (state: 2)
2026-07-12T06:07:50+00:00 machine gtk-status-bar[2864]: 2026-07-12T06:07:50.427593Z  INFO gtk_status_bar::dbus: Found 3 Bluetooth objects
2026-07-12T06:07:50+00:00 machine gtk-status-bar[2864]: 2026-07-12T06:07:50.427620Z  INFO gtk_status_bar::dbus: Found Bluetooth device with battery at: /org/bluez/hci0/dev_AA_BB_CC_DD_EE_09
2026-07-12T06:07:50+00:00 machine gtk-status-bar[2864]: 2026-07-12T06:07:50.427635Z  INFO gtk_status_bar::dbus: Bluetooth device battery at 65%
2026-07-12T06:07:50+00:00 machine gtk-status-bar[2864]: 2026-07-12T06:07:50.427650Z DEBUG gtk_status_bar::dbus: Added device /org/bluez/hci0/dev_AA_BB_CC_DD_EE_09 to HashMap (has_battery: true, has_media: false)
2026-07-12T06:07:50+00:00 machine gtk-status-bar[2864]: 2026-07-12T06:07:50.427666Z DEBUG gtk_status_bar::dbus: Initial bluetooth devices: {"/org/bluez/hci0/dev_AA_BB_CC_DD_EE_09": BluetoothDevice { has_battery: true, has_media: false, battery_percentage: Some(65), device_name: Some("Recovery Buds") }}
2026-07-12T06:07:50+00:00 machine gtk-status-bar[2864]: 2026-07-12T06:07:50.427688Z  INFO gtk_status_bar::dbus: Sent initial Bluetooth display: R65
2026-07-12T06:07:50+00:00 machine gtk-status-bar[2864]: 2026-07-12T06:07:50.427704Z  INFO gtk_status_bar::dbus: Dbus monitor: Starting to listen for D-Bus messages
2026-07-12T06:07:50+00:00 machine gtk-status-bar[2864]: 2026-07-12T06:07:50.427718Z DEBUG gtk_status_bar::dbus: Got an event in event stream: Msg { type: MethodReturn, serial: 4294967295, sender: UniqueName("org.freedesktop.DBus"), reply-serial: 7, fds: [] }
2026-07-12T06:07:50+00:00 machine gtk-status-bar[2864]: 2026-07-12T06:07:50.427735Z DEBUG gtk_status_bar::dbus: Dbus monitor: Received D-Bus message from path: None, interface: None, member: None
2026-07-12T06:07:50+00:00 machine gtk-status-bar[2864]: 2026-07-12T06:07:50.427750Z ERROR gtk_status_bar::dbus: Dbus monitor: Received message with no path, ignoring
2026-07-12T06:07:50+00:00 machine gtk-status-bar[2864]: 2026-07-12T06:07:50.427765Z DEBUG gtk_status_bar::dbus: Got an event in event stream: Msg { type: MethodReturn, serial: 9, sender: UniqueName(":1.53"), reply-serial: 8, body: Variant, fds: [] }
2026-07-12T06:07:50+00:00 machine gtk-status-bar[2864]: 2026-07-12T06:07:50.427781Z DEBUG gtk_status_bar::dbus: Dbus monitor: Received D-Bus message from path: None, interface: None, member: None
2026-07-12T06:07:50+00:00 machine gtk-status-bar[2864]: 2026-07-12T06:07:50.427791Z  INFO gtk_status_bar::tray: Serving StatusNotifierWatcher for tray applications
2026-07-12T06:07:50+00:00 machine gtk-status-bar[2864]: 2026-07-12T06:07:50.427795Z ERROR gtk_status_bar::dbus: Dbus monitor: Received message with no path, ignoring
2026-07-12T06:07:50+00:00 machine gtk-status-bar[2864]: 2026-07-12T06:07:50.427899Z DEBUG gtk_status_bar::dbus: Got an event in event stream: Msg { type: MethodReturn, serial: 10, sender: UniqueName(":1.53"), reply-serial: 9, body: Variant, fds: [] }
2026-07-12T06:07:50+00:00 machine gtk-status-bar[2864]: 2026-07-12T06:07:50.427916Z DEBUG gtk_status_bar::dbus: Dbus monitor: Received D-Bus message from path: None, interface: None, member: None
2026-07-12T06:07:50+00:00 machine gtk-status-bar[2864]: 2026-07-12T06:07:50.427930Z ERROR gtk_status_bar::dbus: Dbus monitor: Received message with no path, ignoring
2026-07-12T06:07:50+00:00 machine gtk-status-bar[2864]: 2026-07-12T06:07:50.427944Z DEBUG gtk_status_bar::dbus: Got an event in event stream: Msg { type: MethodReturn, serial: 33, sender: UniqueName(":1.54"), reply-serial: 12, body: Dict { key: Dynamic { child: ObjectPath }, value: Dynamic { child: Dict { key: Dynamic { child: Str }, value: Dynamic { child: Dict { key: Dynamic { child: Str }, value: Dynamic { child: Variant } } } } } }, fds: [] }
2026-07-12T06:07:50+00:00 machine gtk-status-bar[2864]: 2026-07-12T06:07:50.427962Z DEBUG gtk_status_bar::dbus: Dbus monitor: Received D-Bus message from path: None, interface: None, member: None
2026-07-12T06:07:50+00:00 machine gtk-status-bar[2864]: 2026-07-12T06:07:50.427976Z ERROR gtk_status_bar::dbus: Dbus monitor: Received message with no path, ignoring
2026-07-12T06:07:50+00:00 machine gtk-status-bar[2864]: 2026-07-12T06:07:50.436444Z DEBUG gtk_status_bar::pw: ✅ Context created
2026-07-12T06:07:50+00:00 machine gtk-status-bar[2864]: 2026-07-12T06:07:50.436736Z DEBUG gtk_status_bar::pw: ✅ Core connected
2026-07-12T06:07:50+00:00 machine gtk-status-bar[2864]: 2026-07-12T06:07:50.436755Z DEBUG gtk_status_bar::pw: ✅ Registry obtained
2026-07-12T06:07:50+00:00 machine gtk-status-bar[2864]: 2026-07-12T06:07:50.436770Z DEBUG gtk_status_bar::pw: 🎵 PipeWire ThreadLoop started - monitoring volume changes with default sink filtering
2026-07-12T06:07:50+00:00 machine gtk-status-bar[2864]: 2026-07-12T06:07:50.436887Z DEBUG gtk_status_bar::pw: ✅ ThreadLoop started successfully
2026-07-12T06:07:50+00:00 machine gtk-status-bar[2864]: 2026-07-12T06:07:50.436902Z DEBUG gtk_status_bar::pw: 🔄 PipeWire thread running - async event delivery active...
2026-07-12T06:07:50+00:00 machine gtk-status-bar[2864]: 2026-07-12T06:07:50.437221Z DEBUG gtk_status_bar::pw: 📡 PipeWire connected: pipewire-0
2026-07-12T06:07:50+00:00 machine gtk-status-bar[2864]: 2026-07-12T06:07:50.437247Z DEBUG gtk_status_bar::pw: 🚫 Skipping metadata '' (props: Some(DictRef { flags: Flags(0x0), entries: {"object.serial": "0", "core.name": "pipewire-0"} }))
2026-07-12T06:07:50+00:00 machine gtk-status-bar[2864]: 2026-07-12T06:07:50.437266Z DEBUG gtk_status_bar::pw: 🚫 Skipping metadata '' (props: Some(DictRef { flags: Flags(0x0), entries: {"object.serial": "1", "module.name": "libpipewire-module-rt"} }))
2026-07-12T06:07:50+00:00 machine gtk-status-bar[2864]: 2026-07-12T06:07:50.437283Z DEBUG gtk_status_bar::pw: 🚫 Skipping metadata '' (props: Some(DictRef { flags: Flags(0x0), entries: {"object.serial": "3"} }))
2026-07-12T06:07:50+00:00 machine gtk-status-bar[2864]: 2026-07-12T06:07:50.437299Z DEBUG gtk_status_bar::pw: 🚫 Skipping metadata '' (props: Some(DictRef { flags: Flags(0x0), entries: {"object.serial": "2", "module.name": "libpipewire-module-protocol-native"} }))
2026-07-12T06:07:50+00:00 machine gtk-status-bar[2864]: 2026-07-12T06:07:50.437316Z DEBUG gtk_status_bar::pw: 🚫 Skipping metadata '' (props: Some(DictRef { flags: Flags(0x0), entries: {"object.serial": "5"} }))
2026-07-12T06:07:50+00:00 machine gtk-status-bar[2864]: 2026-07-12T06:07:50.437342Z DEBUG gtk_status_bar::pw: 🚫 Skipping metadata '' (props: Some(DictRef { flags: Flags(0x0), entries: {"object.serial": "4", "module.name": "libpipewire-module-profiler"} }))
2026-07-12T06:07:50+00:00 machine gtk-status-bar[2864]: 2026-07-12T06:07:50.437359Z DEBUG gtk_status_bar::pw: 🚫 Skipping metadata '' (props: Some(DictRef { flags: Flags(0x0), entries: {"object.serial": "6", "module.name": "libpipewire-module-metadata"} }))
2026-07-12T06:07:50+00:00 machine gtk-status-bar[2864]: 2026-07-12T06:07:50.437376Z DEBUG gtk_status_bar::pw: 🚫 Skipping metadata '' (props: Some(DictRef { flags: Flags(0x0), entries: {"object.serial": "7", "module.id": "6", "factory.name": "metadata", "factory.type.name": "PipeWire:Interface:Metadata", "factory.type.version": "3"} }))
2026-07-12T06:07:50+00:00 machine gtk-status-bar[2864]: 2026-07-12T06:07:50.437394Z DEBUG gtk_status_bar::pw: 🚫 Skipping metadata '' (props: Some(DictRef { flags: Flags(0x0), entries: {"object.serial": "8", "module.name": "libpipewire-module-spa-device-factory"} }))
2026-07-12T06:07:50+00:00 machine gtk-status-bar[2864]: 2026-07-12T06:07:50.437411Z DEBUG gtk_status_bar::pw: 🚫 Skipping metadata '' (props: Some(DictRef { flags: Flags(0x0), entries: {"object.serial": "9", "module.id": "8", "factory.name": "spa-device-factory", "factory.type.name": "PipeWire:Interface:Device", "factory.type.version": "3"} }))
2026-07-12T06:07:50+00:00 machine gtk-status-bar[2864]: 2026-07-12T06:07:50.437428Z DEBUG gtk_status_bar::pw: 🚫 Skipping metadata '' (props: Some(DictRef { flags: Flags(0x0), entries: {"object.serial": "10", "module.name": "libpipewire-module-spa-node-factory"} }))
2026-07-12T06:07:50+00:00 machine gtk-status-bar[2864]: 2026-07-12T06:07:50.437667Z DEBUG gtk_status_bar::pw: 🚫 Skipping metadata '' (props: Some(DictRef { flags: Flags(0x0), entries: {"object.serial": "11", "module.id": "10", "factory.name": "spa-node-factory", "factory.type.name": "PipeWire:Interface:Node", "factory.type.version": "3"} }))
2026-07-12T06:07:50+00:00 machine gtk-status-bar[2864]: 2026-07-12T06:07:50.437689Z DEBUG gtk_status_bar::pw: 🚫 Skipping metadata '' (props: Some(DictRef { flags: Flags(0x0), entries: {"object.serial": "12", "module.name": "libpipewire-module-client-node"} }))
2026-07-12T06:07:50+00:00 machine gtk-status-bar[2864]: 2026-07-12T06:07:50.437709Z DEBUG gtk_status_bar::pw: 🚫 Skipping metadata '' (props: Some(DictRef { flags: Flags(0x0), entries: {"object.serial": "13", "module.id": "12", "factory.name": "client-node", "factory.type.name": "PipeWire:Interface:ClientNode", "factory.type.version": "6"} }))
2026-07-12T06:07:50+00:00 machine gtk-status-bar[2864]: 2026-07-12T06:07:50.438061Z DEBUG gtk_status_bar::pw: 🚫 Skipping metadata '' (props: Some(DictRef { flags: Flags(0x0), entries: {"object.serial": "14", "module.name": "libpipewire-module-client-device"} }))
2026-07-12T06:07:50+00:00 machine gtk-status-bar[2864]: 2026-07-12T06:07:50.438080Z DEBUG gtk_status_bar::pw: 🚫 Skipping metadata '' (props: Some(DictRef { flags: Flags(0x0), entries: {"object.serial": "15", "module.id": "14", "factory.name": "client-device", "factory.type.name": "Spa:Pointer:Interface:Device", "factory.type.version": "0"} }))
2026-07-12T06:07:50+00:00 machine gtk-status-bar[2864]: 2026-07-12T06:07:50.438098Z DEBUG gtk_status_bar::pw: 🚫 Skipping metadata '' (props: Some(DictRef { flags: Flags(0x0), entries: {"object.serial": "16", "module.name": "libpipewire-module-portal"} }))
2026-07-12T06:07:50+00:00 machine gtk-status-bar[2864]: 2026-07-12T06:07:50.438115Z DEBUG gtk_status_bar::pw: 🚫 Skipping metadata '' (props: Some(DictRef { flags: Flags(0x0), entries: {"object.serial": "17", "module.name": "libpipewire-module-access"} }))
2026-07-12T06:07:50+00:00 machine gtk-status-bar[2864]: 2026-07-12T06:07:50.438132Z DEBUG gtk_status_bar::pw: 🚫 Skipping metadata '' (props: Some(DictRef { flags: Flags(0x0), entries: {"object.serial": "18", "module.name": "libpipewire-module-adapter"} }))
2026-07-12T06:07:50+00:00 machine gtk-status-bar[2864]: 2026-07-12T06:07:50.438166Z DEBUG gtk_status_bar::pw: 🚫 Skipping metadata '' (props: Some(DictRef { flags: Flags(0x0), entries: {"object.serial": "19", "module.id": "18", "factory.name": "adapter", "factory.type.name": "PipeWire:Interface:Node", "factory.type.version": "3"} }))
2026-07-12T06:07:50+00:00 machine gtk-status-bar[2864]: 2026-07-12T06:07:50.438184Z DEBUG gtk_status_bar::pw: 🚫 Skipping metadata '' (props: Some(DictRef { flags: Flags(0x0), entries: {"object.serial": "20", "module.name": "libpipewire-module-link-factory"} }))
2026-07-12T06:07:50+00:00 machine gtk-status-bar[2864]: 2026-07-12T06:07:50.438202Z DEBUG gtk_status_bar::pw: 🚫 Skipping metadata '' (props: Some(DictRef { flags: Flags(0x0), entries: {"object.serial": "21", "module.id": "20", "factory.name": "link-factory", "factory.type.name": "PipeWire:Interface:Link", "factory.type.version": "3"} }))
2026-07-12T06:07:50+00:00 machine gtk-status-bar[2864]: 2026-07-12T06:07:50.438218Z DEBUG gtk_status_bar::pw: 🚫 Skipping metadata '' (props: Some(DictRef { flags: Flags(0x0), entries: {"object.serial": "22", "module.name": "libpipewire-module-session-manager"} }))
2026-07-12T06:07:50+00:00 machine gtk-status-bar[2864]: 2026-07-12T06:07:50.438235Z DEBUG gtk_status_bar::pw: 🚫 Skipping metadata '' (props: Some(DictRef { flags: Flags(0x0), entries: {"object.serial": "23", "module.id": "22", "factory.name": "client-endpoint", "factory.type.name": "PipeWire:Interface:ClientEndpoint", "factory.type.version": "0"} }))
2026-07-12T06:07:50+00:00 machine gtk-status-bar[2864]: 2026-07-12T06:07:50.438253Z DEBUG gtk_status_bar::pw: 🚫 Skipping metadata '' (props: Some(DictRef { flags: Flags(0x0), entries: {"object.serial": "24", "module.id": "22", "factory.name": "client-session", "factory.type.name": "PipeWire:Interface:ClientSession", "factory.type.version": "0"} }))
2026-07-12T06:07:50+00:00 machine gtk-status-bar[2864]: 2026-07-12T06:07:50.438270Z DEBUG gtk_status_bar::pw: 🚫 Skipping metadata '' (props: Some(DictRef { flags: Flags(0x0), entries: {"object.serial": "25", "module.id": "22", "factory.name": "session", "factory.type.name": "PipeWire:Interface:Session", "factory.type.version": "0"} }))
2026-07-12T06:07:50+00:00 machine gtk-status-bar[2864]: 2026-07-12T06:07:50.438288Z DEBUG gtk_status_bar::pw: 🚫 Skipping metadata '' (props: Some(DictRef { flags: Flags(0x0), entries: {"object.serial": "26", "module.id": "22", "factory.name": "endpoint", "factory.type.name": "PipeWire:Interface:Endpoint", "factory.type.version": "0"} }))
2026-07-12T06:07:50+00:00 machine gtk-status-bar[2864]: 2026-07-12T06:07:50.438305Z DEBUG gtk_status_bar::pw: 🚫 Skipping metadata '' (props: Some(DictRef { flags: Flags(0x0), entries: {"object.serial": "27", "module.id": "22", "factory.name": "endpoint-stream", "factory.type.name": "PipeWire:Interface:EndpointStream", "factory.type.version": "0"} }))
2026-07-12T06:07:50+00:00 machine gtk-status-bar[2864]: 2026-07-12T06:07:50.438322Z DEBUG gtk_status_bar::pw: 🚫 Skipping metadata '' (props: Some(DictRef { flags: Flags(0x0), entries: {"object.serial": "28", "module.id": "22", "factory.name": "endpoint-link", "factory.type.name": "PipeWire:Interface:EndpointLink", "factory.type.version": "0"} }))
2026-07-12T06:07:50+00:00 machine gtk-status-bar[2864]: 2026-07-12T06:07:50.438339Z DEBUG gtk_status_bar::pw: 🚫 Skipping metadata '' (props: Some(DictRef { flags: Flags(0x0), entries: {"object.serial": "29", "module.name": "libpipewire-module-x11-bell"} }))
2026-07-12T06:07:50+00:00 machine gtk-status-bar[2864]: 2026-07-12T06:07:50.438356Z DEBUG gtk_status_bar::pw: 🚫 Skipping metadata '' (props: Some(DictRef { flags: Flags(0x0), entries: {"object.serial": "30", "module.name": "libpipewire-module-jackdbus-detect"} }))
2026-07-12T06:07:50+00:00 machine gtk-status-bar[2864]: 2026-07-12T06:07:50.438377Z DEBUG gtk_status_bar::pw: 🚫 Skipping metadata '' (props: Some(DictRef { flags: Flags(0x0), entries: {"object.serial": "31", "factory.id": "11", "priority.driver": "200000", "node.name": "Dummy-Driver"} }))
2026-07-12T06:07:50+00:00 machine gtk-status-bar[2864]: 2026-07-12T06:07:50.438394Z DEBUG gtk_status_bar::pw: 🔍 Checking node - media.class: None
2026-07-12T06:07:50+00:00 machine gtk-status-bar[2864]: 2026-07-12T06:07:50.438408Z DEBUG gtk_status_bar::pw: 🔍 Node filter result: false for media.class: None
2026-07-12T06:07:50+00:00 machine gtk-status-bar[2864]: 2026-07-12T06:07:50.438423Z DEBUG gtk_status_bar::pw: 🚫 Skipping metadata '' (props: Some(DictRef { flags: Flags(0x0), entries: {"object.serial": "32", "factory.id": "11", "priority.driver": "190000", "node.name": "Freewheel-Driver"} }))
2026-07-12T06:07:50+00:00 machine gtk-status-bar[2864]: 2026-07-12T06:07:50.438439Z DEBUG gtk_status_bar::pw: 🔍 Checking node - media.class: None
2026-07-12T06:07:50+00:00 machine gtk-status-bar[2864]: 2026-07-12T06:07:50.438453Z DEBUG gtk_status_bar::pw: 🔍 Node filter result: false for media.class: None
2026-07-12T06:07:50+00:00 machine gtk-status-bar[2864]: 2026-07-12T06:07:50.438470Z DEBUG gtk_status_bar::pw: 🚫 Skipping metadata 'settings' (props: Some(DictRef { flags: Flags(0x0), entries: {"object.serial": "33", "metadata.name": "settings"} }))
2026-07-12T06:07:50+00:00 machine gtk-status-bar[2864]: 2026-07-12T06:07:50.438528Z DEBUG gtk_status_bar::pw: 🚫 Skipping metadata '' (props: Some(DictRef { flags: Flags(0x0), entries: {"object.serial": "34", "module.id": "2", "pipewire.protocol": "protocol-native", "pipewire.sec.pid": "1246", "pipewire.sec.uid": "1000", "pipewire.sec.gid": "100", "pipewire.sec.socket": "pipewire-0", "application.name": ".xdg-desktop-portal-wrapped", "pipewire.access": "unrestricted"} }))
2026-07-12T06:07:50+00:00 machine gtk-status-bar[2864]: 2026-07-12T06:07:50.438546Z DEBUG gtk_status_bar::pw: 🚫 Skipping metadata '' (props: Some(DictRef { flags: Flags(0x0), entries: {"object.serial": "35", "module.id": "2", "pipewire.protocol": "protocol-native", "pipewire.sec.pid": "1317", "pipewire.sec.uid": "1000", "pipewire.sec.gid": "100", "pipewire.sec.socket": "pipewire-0-manager", "application.name": "WirePlumber", "pipewire.access": "unrestricted"} }))
2026-07-12T06:07:50+00:00 machine gtk-status-bar[2864]: 2026-07-12T06:07:50.438563Z DEBUG gtk_status_bar::pw: 🚫 Skipping metadata 'schema-sm-settings' (props: Some(DictRef { flags: Flags(0x0), entries: {"metadata.name": "schema-sm-settings", "factory.id": "7", "module.id": "6", "client.id": "35", "object.serial": "36"} }))
2026-07-12T06:07:50+00:00 machine gtk-status-bar[2864]: 2026-07-12T06:07:50.438580Z DEBUG gtk_status_bar::pw: 🚫 Skipping metadata 'persistent-sm-settings' (props: Some(DictRef { flags: Flags(0x0), entries: {"metadata.name": "persistent-sm-settings", "factory.id": "7", "module.id": "6", "client.id": "35", "object.serial": "37"} }))
2026-07-12T06:07:50+00:00 machine gtk-status-bar[2864]: 2026-07-12T06:07:50.438597Z DEBUG gtk_status_bar::pw: 🚫 Skipping metadata 'sm-settings' (props: Some(DictRef { flags: Flags(0x0), entries: {"metadata.name": "sm-settings", "factory.id": "7", "module.id": "6", "client.id": "35", "object.serial": "38"} }))
2026-07-12T06:07:50+00:00 machine gtk-status-bar[2864]: 2026-07-12T06:07:50.438614Z DEBUG gtk_status_bar::pw: 🚫 Skipping metadata 'sm-objects' (props: Some(DictRef { flags: Flags(0x0), entries: {"metadata.name": "sm-objects", "factory.id": "7", "module.id": "6", "client.id": "35", "object.serial": "39"} }))
2026-07-12T06:07:50+00:00 machine gtk-status-bar[2864]: 2026-07-12T06:07:50.438631Z DEBUG gtk_status_bar::pw: 🚫 Skipping metadata 'default-profile' (props: Some(DictRef { flags: Flags(0x0), entries: {"wireplumber.state": "true", "metadata.name": "default-profile", "factory.id": "7", "module.id": "6", "client.id": "35", "object.serial": "40"} }))
2026-07-12T06:07:50+00:00 machine gtk-status-bar[2864]: 2026-07-12T06:07:50.438648Z DEBUG gtk_status_bar::pw: ✅ Processing metadata.name == default
2026-07-12T06:07:50+00:00 machine gtk-status-bar[2864]: 2026-07-12T06:07:50.438662Z DEBUG gtk_status_bar::pw: 📋 Found metadata object: Some(DictRef { flags: Flags(0x0), entries: {"metadata.name": "default", "factory.id": "7", "module.id": "6", "client.id": "35", "object.serial": "42"} })
2026-07-12T06:07:50+00:00 machine gtk-status-bar[2864]: 2026-07-12T06:07:50.438685Z DEBUG gtk_status_bar::pw: 📋 Bound 'default' Metadata (id=3)
2026-07-12T06:07:50+00:00 machine gtk-status-bar[2864]: 2026-07-12T06:07:50.438708Z DEBUG gtk_status_bar::pw: 🚫 Skipping metadata 'filters' (props: Some(DictRef { flags: Flags(0x0), entries: {"metadata.name": "filters", "factory.id": "7", "module.id": "6", "client.id": "35", "object.serial": "43"} }))
2026-07-12T06:07:50+00:00 machine gtk-status-bar[2864]: 2026-07-12T06:07:50.438726Z DEBUG gtk_status_bar::pw: 🚫 Skipping metadata 'route-settings' (props: Some(DictRef { flags: Flags(0x0), entries: {"metadata.name": "route-settings", "factory.id": "7", "module.id": "6", "client.id": "35", "object.serial": "44"} }))
2026-07-12T06:07:50+00:00 machine gtk-status-bar[2864]: 2026-07-12T06:07:50.438743Z DEBUG gtk_status_bar::pw: 🚫 Skipping metadata '' (props: Some(DictRef { flags: Flags(0x0), entries: {"object.serial": "45", "module.id": "2", "pipewire.protocol": "protocol-native", "pipewire.sec.pid": "1317", "pipewire.sec.uid": "1000", "pipewire.sec.gid": "100", "pipewire.sec.socket": "pipewire-0-manager", "application.name": "WirePlumber [export]", "pipewire.access": "unrestricted"} }))
2026-07-12T06:07:50+00:00 machine gtk-status-bar[2864]: 2026-07-12T06:07:50.438761Z DEBUG gtk_status_bar::pw: 🚫 Skipping metadata '' (props: Some(DictRef { flags: Flags(0x0), entries: {"object.serial": "46", "factory.id": "11", "client.id": "45", "priority.session": "100", "priority.driver": "1", "node.name": "Midi-Bridge", "media.class": "Midi/Bridge"} }))
2026-07-12T06:07:50+00:00 machine gtk-status-bar[2864]: 2026-07-12T06:07:50.438777Z DEBUG gtk_status_bar::pw: 🔍 Checking node - media.class: Some("Midi/Bridge")
2026-07-12T06:07:50+00:00 machine gtk-status-bar[2864]: 2026-07-12T06:07:50.438792Z DEBUG gtk_status_bar::pw: 🔍 Node filter result: false for media.class: Some("Midi/Bridge")
2026-07-12T06:07:50+00:00 machine gtk-status-bar[2864]: 2026-07-12T06:07:50.438810Z DEBUG gtk_status_bar::pw: 🚫 Skipping metadata '' (props: Some(DictRef { flags: Flags(0x0), entries: {"object.serial": "47", "object.path": "alsa:seq:default:client_14:playback_0", "format.dsp": "8 bit raw midi", "node.id": "46", "port.id": "0", "port.name": "Midi Through: Port-0 (playback)", "port.direction": "in", "port.physical": "true", "port.terminal": "true", "port.alias": "Midi Through:Midi Through Port-0", "port.group": "client_14"} }))
2026-07-12T06:07:51+00:00 machine gtk-status-bar[2864]: 2026-07-12T06:07:50.438832Z DEBUG gtk_status_bar::pw: 🚫 Skipping metadata '' (props: Some(DictRef { flags: Flags(0x0), entries: {"object.serial": "48", "object.path": "alsa:seq:default:client_14:capture_0", "format.dsp": "8 bit raw midi", "node.id": "46", "port.id": "0", "port.name": "Midi Through: Port-0 (capture)", "port.direction": "out", "port.physical": "true", "port.terminal": "true", "port.alias": "Midi Through:Midi Through Port-0", "port.group": "client_14"} }))
2026-07-12T06:07:51+00:00 machine gtk-status-bar[2864]: 2026-07-12T06:07:50.438851Z DEBUG gtk_status_bar::pw: 🚫 Skipping metadata '' (props: Some(DictRef { flags: Flags(0x0), entries: {"object.serial": "41", "module.id": "2", "pipewire.protocol": "protocol-native", "pipewire.sec.pid": "1330", "pipewire.sec.uid": "1000", "pipewire.sec.gid": "100", "pipewire.sec.socket": "pipewire-0", "application.name": ".xdg-desktop-portal-hyprland-wrapped", "pipewire.access": "unrestricted"} }))
2026-07-12T06:07:51+00:00 machine gtk-status-bar[2864]: 2026-07-12T06:07:50.438869Z DEBUG gtk_status_bar::pw: 🚫 Skipping metadata '' (props: Some(DictRef { flags: Flags(0x0), entries: {"object.serial": "49", "factory.id": "14", "client.id": "45", "node.description": "BLE MIDI 1", "node.name": "bluez_midi.server", "media.class": "Midi/Bridge"} }))
2026-07-12T06:07:51+00:00 machine gtk-status-bar[2864]: 2026-07-12T06:07:50.438885Z DEBUG gtk_status_bar::pw: 🔍 Checking node - media.class: Some("Midi/Bridge")
2026-07-12T06:07:51+00:00 machine gtk-status-bar[2864]: 2026-07-12T06:07:50.438899Z DEBUG gtk_status_bar::pw: 🔍 Node filter result: false for media.class: Some("Midi/Bridge")
2026-07-12T06:07:51+00:00 machine gtk-status-bar[2864]: 2026-07-12T06:07:50.438914Z DEBUG gtk_status_bar::pw: 🚫 Skipping metadata '' (props: Some(DictRef { flags: Flags(0x0), entries: {"object.serial": "50", "object.path": "bluez_midi.server:input_0", "format.dsp": "8 bit raw midi", "node.id": "49", "port.id": "0", "port.name": "in", "port.direction": "in", "port.physical": "true", "port.terminal": "true", "port.alias": "in", "port.group": "group.0"} }))
2026-07-12T06:07:51+00:00 machine gtk-status-bar[2864]: 2026-07-12T06:07:50.438933Z DEBUG gtk_status_bar::pw: 🚫 Skipping metadata '' (props: Some(DictRef { flags: Flags(0x0), entries: {"object.serial": "51", "object.path": "bluez_midi.server:output_0", "format.dsp": "8 bit raw midi", "node.id": "49", "port.id": "0", "port.name": "out", "port.direction": "out", "port.physical": "true", "port.terminal": "true", "port.alias": "out", "port.group": "group.0"} }))
2026-07-12T06:07:51+00:00 machine gtk-status-bar[2864]: 2026-07-12T06:07:50.438950Z DEBUG gtk_status_bar::pw: 🚫 Skipping metadata '' (props: Some(DictRef { flags: Flags(0x0), entries: {"object.serial": "52", "module.id": "2", "pipewire.protocol": "protocol-native", "pipewire.sec.pid": "1369", "pipewire.sec.uid": "1000", "pipewire.sec.gid": "100", "pipewire.sec.socket": "pipewire-0", "application.name": "pipewire", "pipewire.access": "unrestricted"} }))
2026-07-12T06:07:51+00:00 machine gtk-status-bar[2864]: 2026-07-12T06:07:50.438968Z DEBUG gtk_status_bar::pw: 🚫 Skipping metadata '' (props: Some(DictRef { flags: Flags(0x0), entries: {"object.serial": "54", "module.id": "2", "pipewire.protocol": "protocol-native", "pipewire.sec.pid": "1369", "pipewire.sec.uid": "1000", "pipewire.sec.gid": "100", "pipewire.sec.socket": "pipewire-0", "application.name": "Blueman", "pipewire.access": "unrestricted"} }))
2026-07-12T06:07:51+00:00 machine gtk-status-bar[2864]: 2026-07-12T06:07:50.438986Z DEBUG gtk_status_bar::pw: 🚫 Skipping metadata '' (props: Some(DictRef { flags: Flags(0x0), entries: {"object.serial": "86", "factory.id": "19", "client.id": "52", "node.description": "Dummy Output", "node.name": "auto_null", "media.class": "Audio/Sink"} }))
2026-07-12T06:07:51+00:00 machine gtk-status-bar[2864]: 2026-07-12T06:07:50.439002Z DEBUG gtk_status_bar::pw: 🔍 Checking node - media.class: Some("Audio/Sink")
2026-07-12T06:07:51+00:00 machine gtk-status-bar[2864]: 2026-07-12T06:07:50.439016Z DEBUG gtk_status_bar::pw: 🔍 Node filter result: true for media.class: Some("Audio/Sink")
2026-07-12T06:07:51+00:00 machine gtk-status-bar[2864]: 2026-07-12T06:07:50.439034Z DEBUG gtk_status_bar::pw: 📱 Monitoring audio node: Dummy Output (4) [node.name: auto_null]
2026-07-12T06:07:51+00:00 machine gtk-status-bar[2864]: 2026-07-12T06:07:50.439048Z DEBUG gtk_status_bar::pw: 🔗 ADDING NODE LISTENER for node.name: auto_null
2026-07-12T06:07:51+00:00 machine gtk-status-bar[2864]: 2026-07-12T06:07:50.439064Z DEBUG gtk_status_bar::pw: 📝 Added device to HashMap: 4 -> (auto_null, Dummy Output, no volume yet)
2026-07-12T06:07:51+00:00 machine gtk-status-bar[2864]: 2026-07-12T06:07:50.439078Z DEBUG gtk_status_bar::pw: 🗂️ Current device map size: 1
2026-07-12T06:07:51+00:00 machine gtk-status-bar[2864]: 2026-07-12T06:07:50.439096Z DEBUG gtk_status_bar::pw: 🚫 Skipping metadata '' (props: Some(DictRef { flags: Flags(0x0), entries: {"object.serial": "87", "object.path": "auto_null:playback_0", "format.dsp": "32 bit float mono audio", "node.id": "61", "audio.channel": "FL", "port.id": "0", "port.name": "playback_FL", "port.direction": "in", "port.alias": "Dummy Output:playback_FL", "port.group": "stream.0"} }))
2026-07-12T06:07:51+00:00 machine gtk-status-bar[2864]: 2026-07-12T06:07:50.439114Z DEBUG gtk_status_bar::pw: 🚫 Skipping metadata '' (props: Some(DictRef { flags: Flags(0x0), entries: {"object.serial": "88", "object.path": "auto_null:playback_1", "format.dsp": "32 bit float mono audio", "node.id": "61", "audio.channel": "FR", "port.id": "1", "port.name": "playback_FR", "port.direction": "in", "port.alias": "Dummy Output:playback_FR", "port.group": "stream.0"} }))
2026-07-12T06:07:51+00:00 machine gtk-status-bar[2864]: 2026-07-12T06:07:50.439133Z DEBUG gtk_status_bar::pw: 🚫 Skipping metadata '' (props: Some(DictRef { flags: Flags(0x0), entries: {"object.serial": "89", "object.path": "auto_null:monitor_0", "format.dsp": "32 bit float mono audio", "node.id": "61", "audio.channel": "FL", "port.id": "0", "port.name": "monitor_FL", "port.direction": "out", "port.monitor": "true", "port.alias": "Dummy Output:monitor_FL", "port.group": "stream.0"} }))
2026-07-12T06:07:51+00:00 machine gtk-status-bar[2864]: 2026-07-12T06:07:50.439160Z DEBUG gtk_status_bar::pw: 🚫 Skipping metadata '' (props: Some(DictRef { flags: Flags(0x0), entries: {"object.serial": "90", "object.path": "auto_null:monitor_1", "format.dsp": "32 bit float mono audio", "node.id": "61", "audio.channel": "FR", "port.id": "1", "port.name": "monitor_FR", "port.direction": "out", "port.monitor": "true", "port.alias": "Dummy Output:monitor_FR", "port.group": "stream.0"} }))
2026-07-12T06:07:51+00:00 machine gtk-status-bar[2864]: 2026-07-12T06:07:50.439181Z DEBUG gtk_status_bar::pw: 🚫 Skipping metadata '' (props: Some(DictRef { flags: Flags(0x0), entries: {"object.serial": "91", "module.id": "2", "pipewire.protocol": "protocol-native", "pipewire.sec.pid": "2864", "pipewire.sec.uid": "1000", "pipewire.sec.gid": "100", "pipewire.sec.socket": "pipewire-0", "application.name": ".gtk-status-bar-wrapped", "pipewire.access": "unrestricted"} }))
2026-07-12T06:07:51+00:00 machine gtk-status-bar[2864]: 2026-07-12T06:07:50.439607Z DEBUG gtk_status_bar::pw: 📝 metadata.property subject=0 key=Some("default.configured.audio.sink") value=Some("{ \"name\": \"Bravo\" }")
2026-07-12T06:07:51+00:00 machine gtk-status-bar[2864]: 2026-07-12T06:07:50.439632Z DEBUG gtk_status_bar::pw: 🔍 Processing metadata property: default.configured.audio.sink={ "name": "Bravo" }
2026-07-12T06:07:51+00:00 machine gtk-status-bar[2864]: 2026-07-12T06:07:50.439647Z DEBUG gtk_status_bar::pw: 🔧 Other metadata property: default.configured.audio.sink (ignored)
2026-07-12T06:07:51+00:00 machine gtk-status-bar[2864]: 2026-07-12T06:07:50.439663Z DEBUG gtk_status_bar::pw: 📝 metadata.property subject=0 key=Some("default.audio.sink") value=Some("{\"name\":\"auto_null\"}")
2026-07-12T06:07:51+00:00 machine gtk-status-bar[2864]: 2026-07-12T06:07:50.439679Z DEBUG gtk_status_bar::pw: 🔍 Processing metadata property: default.audio.sink={"name":"auto_null"}
2026-07-12T06:07:51+00:00 machine gtk-status-bar[2864]: 2026-07-12T06:07:50.439697Z  INFO gtk_status_bar::pw: 🔄 Default sink -> auto_null
2026-07-12T06:07:51+00:00 machine gtk-status-bar[2864]: 2026-07-12T06:07:50.439712Z DEBUG gtk_status_bar::pw: 🎯 SINK CHANGE: None -> auto_null (should trigger volume fetch)
2026-07-12T06:07:51+00:00 machine gtk-status-bar[2864]: 2026-07-12T06:07:50.439727Z DEBUG gtk_status_bar::pw: 🗂️ Searching device map for default sink 'auto_null'
2026-07-12T06:07:51+00:00 machine gtk-status-bar[2864]: 2026-07-12T06:07:50.439742Z DEBUG gtk_status_bar::pw: 🗂️ Current device map contents: {4: ("auto_null", "Dummy Output", None, None, None)}
2026-07-12T06:07:51+00:00 machine gtk-status-bar[2864]: 2026-07-12T06:07:50.439759Z DEBUG gtk_status_bar::pw: 🔍 Checking device 4: node_name='auto_null', description='Dummy Output' against default sink 'auto_null'
2026-07-12T06:07:51+00:00 machine gtk-status-bar[2864]: 2026-07-12T06:07:50.439774Z DEBUG gtk_status_bar::pw: 🎯 MATCH! Found device 4 with node_name 'auto_null' matching default sink
2026-07-12T06:07:51+00:00 machine gtk-status-bar[2864]: 2026-07-12T06:07:50.439788Z DEBUG gtk_status_bar::pw: 🎨 Updating GUI label to: 'Dummy Output' with cached volume data
2026-07-12T06:07:51+00:00 machine gtk-status-bar[2864]: 2026-07-12T06:07:50.439804Z DEBUG gtk_status_bar::pw: 💾 Cached volume data: Vol: None%, Ch: None%, Mute: None
2026-07-12T06:07:51+00:00 machine gtk-status-bar[2864]: 2026-07-12T06:07:50.439823Z DEBUG gtk_status_bar::pw: ✅ Sent REAL volume data to GUI: 'Dummy Output' Vol: None%, Ch: None%, Mute: None
2026-07-12T06:07:51+00:00 machine gtk-status-bar[2864]: 2026-07-12T06:07:50.439846Z DEBUG gtk_status_bar::pw: 🎛️  NODE PARAM CALLBACK: Dummy Output (4) received Props param
2026-07-12T06:07:51+00:00 machine gtk-status-bar[2864]: 2026-07-12T06:07:50.439865Z DEBUG gtk_status_bar::pw: 🔊 Node 4: Dummy Output - Vol: Some(100)% | Ch: Some(100)% | Mute: Some(false) [CACHING]
2026-07-12T06:07:51+00:00 machine gtk-status-bar[2864]: 2026-07-12T06:07:50.439882Z DEBUG gtk_status_bar::pw: 📝 Updated volume cache for device 4: Dummy Output -> Vol: Some(100)%, Ch: Some(100)%, Mute: Some(false)
2026-07-12T06:07:51+00:00 machine gtk-status-bar[2864]: 2026-07-12T06:07:50.439897Z DEBUG gtk_status_bar::pw: 🎯 Checking if device 4 is default: current_default=Some("auto_null"), node_name=auto_null, is_default=true
2026-07-12T06:07:51+00:00 machine gtk-status-bar[2864]: 2026-07-12T06:07:50.439912Z DEBUG gtk_status_bar::pw: 📤 SENDING VOLUME UPDATE to GUI for default sink (node id=4)
2026-07-12T06:07:51+00:00 machine gtk-status-bar[2864]: 2026-07-12T06:07:50.439929Z ERROR gtk_status_bar::pw: ❌ PipeWire error id:4 seq:5 res:-2: enum params id:13 (Spa:Enum:ParamId:Route) failed
2026-07-12T06:07:51+00:00 machine gtk-status-bar[2864]: 2026-07-12T06:07:50.443186Z DEBUG gtk_status_bar::widgets: Updating workspace - label: 'Workspace i', color for workspace: 2
2026-07-12T06:07:51+00:00 machine gtk-status-bar[2864]: 2026-07-12T06:07:50.443265Z DEBUG gtk_status_bar::widgets: Updated title widget color to: rgba(125, 207, 255, 0.5) for workspace: 2
2026-07-12T06:07:51+00:00 machine gtk-status-bar[2864]: 2026-07-12T06:07:50.443319Z DEBUG gtk_status_bar::widgets: Updating title label: Close OS window
2026-07-12T06:07:51+00:00 machine gtk-status-bar[2864]: 2026-07-12T06:07:50.443638Z DEBUG gtk_status_bar::widgets: Updating battery label: 🔋 55%
2026-07-12T06:07:51+00:00 machine gtk-status-bar[2864]: 2026-07-12T06:07:50.443668Z DEBUG gtk_status_bar::widgets: 👁️  SHOWING battery widget - data: 🔋 55%
2026-07-12T06:07:51+00:00 machine gtk-status-bar[2864]: 2026-07-12T06:07:50.443752Z DEBUG gtk_status_bar::widgets: Updating Bluetooth battery label: R65
2026-07-12T06:07:51+00:00 machine gtk-status-bar[2864]: 2026-07-12T06:07:50.443777Z DEBUG gtk_status_bar::widgets: 👁️  SHOWING Bluetooth widget - data: R65
2026-07-12T06:07:51+00:00 machine gtk-status-bar[2864]: 2026-07-12T06:07:50.443868Z DEBUG gtk_status_bar::widgets: 📺 Skipping GUI update - no volume data available
2026-07-12T06:07:51+00:00 machine gtk-status-bar[2864]: 2026-07-12T06:07:50.443900Z DEBUG gtk_status_bar::widgets: 📺 GTK UI updated via ASYNC: 🔊D100
2026-07-12T06:07:51+00:00 machine gtk-status-bar[2864]: 2026-07-12T06:07:50.856658Z  INFO gtk_status_bar::tray: Status notifier item registered item=":1.75/StatusNotifierItem"
2026-07-12T06:07:51+00:00 machine gtk-status-bar[2864]: 2026-07-12T06:07:50.868918Z  INFO gtk_status_bar::widgets: Added system tray item item=":1.75/StatusNotifierItem"
2026-07-12T06:07:51+00:00 machine gtk-status-bar[2864]: 2026-07-12T06:07:51.433775Z  INFO gtk_status_bar::tray: Status notifier item registered item=":1.74/org/blueman/sni"
2026-07-12T06:07:51+00:00 machine gtk-status-bar[2864]: 2026-07-12T06:07:51.451244Z DEBUG gtk_status_bar::tray: Tray item property is unavailable property="IconPixmap" error=org.freedesktop.DBus.Error.InvalidArgs: No such property “IconPixmap”
2026-07-12T06:07:51+00:00 machine gtk-status-bar[2864]: 2026-07-12T06:07:51.452002Z DEBUG gtk_status_bar::tray: Tray item property is unavailable property="IconThemePath" error=org.freedesktop.DBus.Error.InvalidArgs: No such property “IconThemePath”
2026-07-12T06:07:51+00:00 machine gtk-status-bar[2864]: 2026-07-12T06:07:51.455759Z  INFO gtk_status_bar::widgets: Added system tray item item=":1.74/org/blueman/sni"
2026-07-12T06:07:54+00:00 machine gtk-status-bar[2864]: 2026-07-12T06:07:54.662722Z DEBUG gtk_status_bar::tray: Tray item property is unavailable property="IconPixmap" error=org.freedesktop.DBus.Error.InvalidArgs: No such property “IconPixmap”
2026-07-12T06:07:54+00:00 machine gtk-status-bar[2864]: 2026-07-12T06:07:54.664659Z DEBUG gtk_status_bar::tray: Tray item property is unavailable property="IconThemePath" error=org.freedesktop.DBus.Error.InvalidArgs: No such property “IconThemePath”
2026-07-12T06:07:54+00:00 machine gtk-status-bar[2864]: 2026-07-12T06:07:54.683055Z DEBUG gtk_status_bar::tray: Tray item property is unavailable property="IconPixmap" error=org.freedesktop.DBus.Error.InvalidArgs: No such property “IconPixmap”
2026-07-12T06:07:54+00:00 machine gtk-status-bar[2864]: 2026-07-12T06:07:54.685560Z DEBUG gtk_status_bar::tray: Tray item property is unavailable property="IconThemePath" error=org.freedesktop.DBus.Error.InvalidArgs: No such property “IconThemePath”
2026-07-12T06:07:54+00:00 machine gtk-status-bar[2864]: 2026-07-12T06:07:54.692038Z DEBUG gtk_status_bar::tray: Tray item property is unavailable property="IconPixmap" error=org.freedesktop.DBus.Error.InvalidArgs: No such property “IconPixmap”
2026-07-12T06:07:54+00:00 machine gtk-status-bar[2864]: 2026-07-12T06:07:54.694610Z DEBUG gtk_status_bar::tray: Tray item property is unavailable property="IconThemePath" error=org.freedesktop.DBus.Error.InvalidArgs: No such property “IconThemePath”
2026-07-12T06:07:54+00:00 machine gtk-status-bar[2864]: 2026-07-12T06:07:54.706178Z DEBUG gtk_status_bar::tray: Tray item property is unavailable property="IconPixmap" error=org.freedesktop.DBus.Error.InvalidArgs: No such property “IconPixmap”
2026-07-12T06:07:54+00:00 machine gtk-status-bar[2864]: 2026-07-12T06:07:54.708213Z DEBUG gtk_status_bar::tray: Tray item property is unavailable property="IconThemePath" error=org.freedesktop.DBus.Error.InvalidArgs: No such property “IconThemePath”
2026-07-12T06:07:54+00:00 machine gtk-status-bar[2864]: 2026-07-12T06:07:54.731695Z DEBUG gtk_status_bar::tray: Tray item property is unavailable property="IconPixmap" error=org.freedesktop.DBus.Error.InvalidArgs: No such property “IconPixmap”
2026-07-12T06:07:54+00:00 machine gtk-status-bar[2864]: 2026-07-12T06:07:54.733162Z DEBUG gtk_status_bar::tray: Tray item property is unavailable property="IconThemePath" error=org.freedesktop.DBus.Error.InvalidArgs: No such property “IconThemePath”
2026-07-12T06:07:54+00:00 machine gtk-status-bar[2864]: 2026-07-12T06:07:54.736157Z DEBUG gtk_status_bar::tray: Tray item property is unavailable property="IconPixmap" error=org.freedesktop.DBus.Error.InvalidArgs: No such property “IconPixmap”
2026-07-12T06:07:54+00:00 machine gtk-status-bar[2864]: 2026-07-12T06:07:54.737087Z DEBUG gtk_status_bar::tray: Tray item property is unavailable property="IconThemePath" error=org.freedesktop.DBus.Error.InvalidArgs: No such property “IconThemePath”
2026-07-12T06:07:58+00:00 machine gtk-status-bar[2864]: 2026-07-12T06:07:58.654790Z DEBUG gtk_status_bar::tray: Tray item property is unavailable property="IconPixmap" error=org.freedesktop.DBus.Error.InvalidArgs: No such property “IconPixmap”
2026-07-12T06:07:58+00:00 machine gtk-status-bar[2864]: 2026-07-12T06:07:58.655453Z DEBUG gtk_status_bar::tray: Tray item property is unavailable property="IconThemePath" error=org.freedesktop.DBus.Error.InvalidArgs: No such property “IconThemePath”
2026-07-12T06:07:58+00:00 machine gtk-status-bar[2864]: 2026-07-12T06:07:58.717179Z DEBUG gtk_status_bar::dbus: Got an event in event stream: Msg { type: Signal, serial: 18, sender: UniqueName(":1.60"), path: ObjectPath("/"), iface: InterfaceName("org.freedesktop.DBus.ObjectManager"), member: MemberName("InterfacesAdded"), body: Structure(Dynamic { fields: [ObjectPath, Dict { key: Dynamic { child: Str }, value: Dynamic { child: Dict { key: Dynamic { child: Str }, value: Dynamic { child: Variant } } } }] }), fds: [] }
2026-07-12T06:07:58+00:00 machine gtk-status-bar[2864]: 2026-07-12T06:07:58.717222Z DEBUG gtk_status_bar::dbus: Dbus monitor: Received D-Bus message from path: Some(ObjectPath("/")), interface: Some(InterfaceName("org.freedesktop.DBus.ObjectManager")), member: Some(MemberName("InterfacesAdded"))
2026-07-12T06:07:58+00:00 machine gtk-status-bar[2864]: 2026-07-12T06:07:58.717239Z  INFO gtk_status_bar::dbus: Dbus monitor: Received signal
2026-07-12T06:07:58+00:00 machine gtk-status-bar[2864]: 2026-07-12T06:07:58.717255Z  INFO gtk_status_bar::dbus: Dbus monitor: Received InterfacesAdded signal from ObjectManager
2026-07-12T06:07:58+00:00 machine gtk-status-bar[2864]: 2026-07-12T06:07:58.717301Z DEBUG gtk_status_bar::dbus: Available interfaces in InterfacesAdded: [Str("org.bluez.Adapter1")]
2026-07-12T06:07:58+00:00 machine gtk-status-bar[2864]: 2026-07-12T06:07:58.717318Z DEBUG gtk_status_bar::dbus: Device1 interface not found in interfaces
2026-07-12T06:07:58+00:00 machine gtk-status-bar[2864]: 2026-07-12T06:07:58.717333Z DEBUG gtk_status_bar::dbus: Not a device with org.bluez.Battery1 interface
2026-07-12T06:07:58+00:00 machine gtk-status-bar[2864]: 2026-07-12T06:07:58.726415Z DEBUG gtk_status_bar::tray: Tray item property is unavailable property="IconPixmap" error=org.freedesktop.DBus.Error.InvalidArgs: No such property “IconPixmap”
2026-07-12T06:07:58+00:00 machine gtk-status-bar[2864]: 2026-07-12T06:07:58.727916Z DEBUG gtk_status_bar::tray: Tray item property is unavailable property="IconThemePath" error=org.freedesktop.DBus.Error.InvalidArgs: No such property “IconThemePath”
2026-07-12T06:07:58+00:00 machine gtk-status-bar[2864]: 2026-07-12T06:07:58.776581Z DEBUG gtk_status_bar::dbus: Got an event in event stream: Msg { type: Signal, serial: 21, sender: UniqueName(":1.60"), path: ObjectPath("/"), iface: InterfaceName("org.freedesktop.DBus.ObjectManager"), member: MemberName("InterfacesAdded"), body: Structure(Dynamic { fields: [ObjectPath, Dict { key: Dynamic { child: Str }, value: Dynamic { child: Dict { key: Dynamic { child: Str }, value: Dynamic { child: Variant } } } }] }), fds: [] }
2026-07-12T06:07:58+00:00 machine gtk-status-bar[2864]: 2026-07-12T06:07:58.777755Z DEBUG gtk_status_bar::dbus: Dbus monitor: Received D-Bus message from path: Some(ObjectPath("/")), interface: Some(InterfaceName("org.freedesktop.DBus.ObjectManager")), member: Some(MemberName("InterfacesAdded"))
2026-07-12T06:07:58+00:00 machine gtk-status-bar[2864]: 2026-07-12T06:07:58.779439Z  INFO gtk_status_bar::dbus: Dbus monitor: Received signal
2026-07-12T06:07:58+00:00 machine gtk-status-bar[2864]: 2026-07-12T06:07:58.779550Z  INFO gtk_status_bar::dbus: Dbus monitor: Received InterfacesAdded signal from ObjectManager
2026-07-12T06:07:58+00:00 machine gtk-status-bar[2864]: 2026-07-12T06:07:58.779629Z DEBUG gtk_status_bar::dbus: Available interfaces in InterfacesAdded: [Str("org.bluez.Device1")]
2026-07-12T06:07:58+00:00 machine gtk-status-bar[2864]: 2026-07-12T06:07:58.779684Z DEBUG gtk_status_bar::dbus: Found Device1 interface properties: Dict { map: {Str("Adapter"): Value(ObjectPath(ObjectPath("/org/bluez/hci0"))), Str("Address"): Value(Str("AA:BB:CC:DD:EE:10")), Str("AddressType"): Value(Str("public")), Str("AdvertisingData"): Value(Array(Array { elements: [], signature: Array(Dynamic { child: Dict { key: Dynamic { child: U8 }, value: Dynamic { child: Variant } } }) })), Str("AdvertisingFlags"): Value(Array(Array { elements: [], signature: Array(Dynamic { child: Array(Dynamic { child: U8 }) }) })), Str("Alias"): Value(Str("Post Recovery Buds")), Str("Appearance"): Value(U16(0)), Str("Blocked"): Value(Bool(false)), Str("Class"): Value(U32(5898764)), Str("Connected"): Value(Bool(false)), Str("Icon"): Value(Str("phone")), Str("LegacyPairing"): Value(Bool(false)), Str("ManufacturerData"): Value(Array(Array { elements: [], signature: Array(Dynamic { child: Dict { key: Dynamic { child: U16 }, value: Dynamic { child: Variant } } }) })), Str("Modalias"): Value(Str("bluetooth:v000Fp1200d1436")), Str("Name"): Value(Str("Post Recovery Buds")), Str("Paired"): Value(Bool(false)), Str("RSSI"): Value(I16(-79)), Str("ServiceData"): Value(Array(Array { elements: [], signature: Array(Dynamic { child: Dict { key: Dynamic { child: Str }, value: Dynamic { child: Variant } } }) })), Str("ServicesResolved"): Value(Bool(false)), Str("Trusted"): Value(Bool(false)), Str("TxPower"): Value(I16(0)), Str("UUIDs"): Value(Array(Array { elements: [], signature: Array(Dynamic { child: Str }) })), Str("WakeAllowed"): Value(Bool(false))}, signature: Dict { key: Dynamic { child: Str }, value: Dynamic { child: Variant } } }
2026-07-12T06:07:58+00:00 machine gtk-status-bar[2864]: 2026-07-12T06:07:58.779731Z DEBUG gtk_status_bar::dbus: Found Bluetooth device name: Post Recovery Buds
2026-07-12T06:07:58+00:00 machine gtk-status-bar[2864]: 2026-07-12T06:07:58.779759Z  INFO gtk_status_bar::dbus: Created new device /org/bluez/hci0/dev_AA_BB_CC_DD_EE_10 with name: Some("Post Recovery Buds")
2026-07-12T06:07:58+00:00 machine gtk-status-bar[2864]: 2026-07-12T06:07:58.779786Z DEBUG gtk_status_bar::dbus: Not a device with org.bluez.Battery1 interface
2026-07-12T06:07:58+00:00 machine gtk-status-bar[2864]: 2026-07-12T06:07:58.779827Z DEBUG gtk_status_bar::dbus: Got an event in event stream: Msg { type: Signal, serial: 23, sender: UniqueName(":1.60"), path: ObjectPath("/org/bluez/hci0"), iface: InterfaceName("org.freedesktop.DBus.Properties"), member: MemberName("PropertiesChanged"), body: Structure(Dynamic { fields: [Str, Dict { key: Dynamic { child: Str }, value: Dynamic { child: Variant } }, Array(Dynamic { child: Str })] }), fds: [] }
2026-07-12T06:07:58+00:00 machine gtk-status-bar[2864]: 2026-07-12T06:07:58.779858Z DEBUG gtk_status_bar::dbus: Dbus monitor: Received D-Bus message from path: Some(ObjectPath("/org/bluez/hci0")), interface: Some(InterfaceName("org.freedesktop.DBus.Properties")), member: Some(MemberName("PropertiesChanged"))
2026-07-12T06:07:58+00:00 machine gtk-status-bar[2864]: 2026-07-12T06:07:58.779881Z  INFO gtk_status_bar::dbus: Dbus monitor: Received signal
2026-07-12T06:07:58+00:00 machine gtk-status-bar[2864]: 2026-07-12T06:07:58.779903Z  INFO gtk_status_bar::dbus: Dbus monitor: Received PropertiesChanged signal
2026-07-12T06:07:58+00:00 machine gtk-status-bar[2864]: 2026-07-12T06:07:58.779936Z DEBUG gtk_status_bar::dbus: Dbus monitor: Ignored PropertiesChanged for interface: "org.bluez.Adapter1"
2026-07-12T06:07:58+00:00 machine gtk-status-bar[2864]: 2026-07-12T06:07:58.779960Z DEBUG gtk_status_bar::widgets: Updating Bluetooth battery label: R65
2026-07-12T06:07:58+00:00 machine gtk-status-bar[2864]: 2026-07-12T06:07:58.779989Z DEBUG gtk_status_bar::widgets: 👁️  SHOWING Bluetooth widget - data: R65
2026-07-12T06:07:58+00:00 machine gtk-status-bar[2864]: 2026-07-12T06:07:58.928686Z DEBUG gtk_status_bar::tray: Tray item property is unavailable property="IconPixmap" error=org.freedesktop.DBus.Error.InvalidArgs: No such property “IconPixmap”
2026-07-12T06:07:58+00:00 machine gtk-status-bar[2864]: 2026-07-12T06:07:58.929697Z DEBUG gtk_status_bar::tray: Tray item property is unavailable property="IconThemePath" error=org.freedesktop.DBus.Error.InvalidArgs: No such property “IconThemePath”
2026-07-12T06:07:58+00:00 machine gtk-status-bar[2864]: 2026-07-12T06:07:58.935733Z DEBUG gtk_status_bar::tray: Tray item property is unavailable property="IconPixmap" error=org.freedesktop.DBus.Error.InvalidArgs: No such property “IconPixmap”
2026-07-12T06:07:58+00:00 machine gtk-status-bar[2864]: 2026-07-12T06:07:58.936350Z DEBUG gtk_status_bar::tray: Tray item property is unavailable property="IconThemePath" error=org.freedesktop.DBus.Error.InvalidArgs: No such property “IconThemePath”
2026-07-12T06:07:59+00:00 machine gtk-status-bar[2864]: 2026-07-12T06:07:59.128378Z DEBUG gtk_status_bar::dbus: Got an event in event stream: Msg { type: Signal, serial: 11, sender: UniqueName(":1.59"), path: ObjectPath("/org/freedesktop/UPower/devices/battery_BAT0"), iface: InterfaceName("org.freedesktop.DBus.Properties"), member: MemberName("PropertiesChanged"), body: Structure(Dynamic { fields: [Str, Dict { key: Dynamic { child: Str }, value: Dynamic { child: Variant } }, Array(Dynamic { child: Str })] }), fds: [] }
2026-07-12T06:07:59+00:00 machine gtk-status-bar[2864]: 2026-07-12T06:07:59.128419Z DEBUG gtk_status_bar::dbus: Dbus monitor: Received D-Bus message from path: Some(ObjectPath("/org/freedesktop/UPower/devices/battery_BAT0")), interface: Some(InterfaceName("org.freedesktop.DBus.Properties")), member: Some(MemberName("PropertiesChanged"))
2026-07-12T06:07:59+00:00 machine gtk-status-bar[2864]: 2026-07-12T06:07:59.128437Z  INFO gtk_status_bar::dbus: Dbus monitor: Received signal
2026-07-12T06:07:59+00:00 machine gtk-status-bar[2864]: 2026-07-12T06:07:59.128455Z  INFO gtk_status_bar::dbus: Dbus monitor: Received PropertiesChanged signal
2026-07-12T06:07:59+00:00 machine gtk-status-bar[2864]: 2026-07-12T06:07:59.128549Z DEBUG gtk_status_bar::dbus: Battery device properties contain no State property
2026-07-12T06:07:59+00:00 machine gtk-status-bar[2864]: 2026-07-12T06:07:59.128570Z  INFO gtk_status_bar::dbus: Battery percentage changed to 33.0%
2026-07-12T06:07:59+00:00 machine gtk-status-bar[2864]: 2026-07-12T06:07:59.162016Z DEBUG gtk_status_bar::widgets: Updating battery label: 🔋 33%
2026-07-12T06:07:59+00:00 machine gtk-status-bar[2864]: 2026-07-12T06:07:59.162080Z DEBUG gtk_status_bar::dbus: Got an event in event stream: Msg { type: Signal, serial: 12, sender: UniqueName(":1.59"), path: ObjectPath("/org/freedesktop/UPower/devices/battery_BAT0"), iface: InterfaceName("org.freedesktop.DBus.Properties"), member: MemberName("PropertiesChanged"), body: Structure(Dynamic { fields: [Str, Dict { key: Dynamic { child: Str }, value: Dynamic { child: Variant } }, Array(Dynamic { child: Str })] }), fds: [] }
2026-07-12T06:07:59+00:00 machine gtk-status-bar[2864]: 2026-07-12T06:07:59.162113Z DEBUG gtk_status_bar::dbus: Dbus monitor: Received D-Bus message from path: Some(ObjectPath("/org/freedesktop/UPower/devices/battery_BAT0")), interface: Some(InterfaceName("org.freedesktop.DBus.Properties")), member: Some(MemberName("PropertiesChanged"))
2026-07-12T06:07:59+00:00 machine gtk-status-bar[2864]: 2026-07-12T06:07:59.162131Z  INFO gtk_status_bar::dbus: Dbus monitor: Received signal
2026-07-12T06:07:59+00:00 machine gtk-status-bar[2864]: 2026-07-12T06:07:59.162155Z DEBUG gtk_status_bar::widgets: 👁️  SHOWING battery widget - data: 🔋 33%
2026-07-12T06:07:59+00:00 machine gtk-status-bar[2864]: 2026-07-12T06:07:59.162157Z  INFO gtk_status_bar::dbus: Dbus monitor: Received PropertiesChanged signal
2026-07-12T06:07:59+00:00 machine gtk-status-bar[2864]: 2026-07-12T06:07:59.162193Z  INFO gtk_status_bar::dbus: Battery is discharging (state: 2)
2026-07-12T06:08:00+00:00 machine gtk-status-bar[2864]: 2026-07-12T06:08:00.942267Z  INFO gtk_status_bar::tray: Status notifier item disappeared item=":1.74/org/blueman/sni"
2026-07-12T06:08:00+00:00 machine gtk-status-bar[2864]: 2026-07-12T06:08:00.943730Z  INFO gtk_status_bar::widgets: Removed system tray item item=":1.74/org/blueman/sni"
2026-07-12T06:08:01+00:00 machine gtk-status-bar[2864]: 2026-07-12T06:08:01.892116Z  INFO gtk_status_bar::tray: Status notifier item registered item=":1.78/org/blueman/sni"
2026-07-12T06:08:01+00:00 machine gtk-status-bar[2864]: 2026-07-12T06:08:01.909247Z DEBUG gtk_status_bar::tray: Tray item property is unavailable property="IconPixmap" error=org.freedesktop.DBus.Error.InvalidArgs: No such property “IconPixmap”
2026-07-12T06:08:01+00:00 machine gtk-status-bar[2864]: 2026-07-12T06:08:01.917664Z DEBUG gtk_status_bar::tray: Tray item property is unavailable property="IconThemePath" error=org.freedesktop.DBus.Error.InvalidArgs: No such property “IconThemePath”
2026-07-12T06:08:01+00:00 machine gtk-status-bar[2864]: 2026-07-12T06:08:01.921006Z  INFO gtk_status_bar::widgets: Added system tray item item=":1.78/org/blueman/sni"
2026-07-12T06:08:05+00:00 machine gtk-status-bar[3058]: 2026-07-12T06:08:05.498928Z  INFO gtk_status_bar: Starting GTK status bar application
2026-07-12T06:08:05+00:00 machine gtk-status-bar[3058]: 2026-07-12T06:08:05.500025Z  INFO gtk_status_bar: Running GTK application
2026-07-12T06:08:07+00:00 machine gtk-status-bar[3058]: 2026-07-12T06:08:07.083371Z  INFO gtk_status_bar: Activating GTK application
2026-07-12T06:08:07+00:00 machine gtk-status-bar[3058]: 2026-07-12T06:08:07.084678Z DEBUG gtk_status_bar::widgets: Loading CSS styles
2026-07-12T06:08:07+00:00 machine gtk-status-bar[3058]: 2026-07-12T06:08:07.085236Z  INFO gtk_status_bar::widgets: CSS styles loaded successfully
2026-07-12T06:08:07+00:00 machine gtk-status-bar[3058]: 2026-07-12T06:08:07.085261Z DEBUG gtk_status_bar::widgets: Configuring layer shell
2026-07-12T06:08:07+00:00 machine gtk-status-bar[3058]: 2026-07-12T06:08:07.088885Z  INFO gtk_status_bar::widgets: Layer shell configured successfully
2026-07-12T06:08:07+00:00 machine gtk-status-bar[3058]: 2026-07-12T06:08:07.088915Z DEBUG gtk_status_bar::widgets: Creating experimental bar
2026-07-12T06:08:07+00:00 machine gtk-status-bar[3058]: 2026-07-12T06:08:07.089038Z DEBUG gtk_status_bar::widgets: Creating left group
2026-07-12T06:08:07+00:00 machine gtk-status-bar[3058]: 2026-07-12T06:08:07.089072Z DEBUG gtk_status_bar::widgets: Creating workspace widget
2026-07-12T06:08:07+00:00 machine gtk-status-bar[3058]: 2026-07-12T06:08:07.089535Z DEBUG gtk_status_bar::widgets: Creating center group
2026-07-12T06:08:07+00:00 machine gtk-status-bar[3058]: 2026-07-12T06:08:07.089571Z DEBUG gtk_status_bar::widgets: Creating title widget
2026-07-12T06:08:07+00:00 machine gtk-status-bar[3058]: 2026-07-12T06:08:07.089636Z DEBUG gtk_status_bar::widgets: Creating right group
2026-07-12T06:08:07+00:00 machine gtk-status-bar[3058]: 2026-07-12T06:08:07.089673Z DEBUG gtk_status_bar::widgets: Creating system tray widget
2026-07-12T06:08:07+00:00 machine gtk-status-bar[3058]: 2026-07-12T06:08:07.089706Z DEBUG gtk_status_bar::widgets: Creating bluetooth widget
2026-07-12T06:08:07+00:00 machine gtk-status-bar[3058]: 2026-07-12T06:08:07.089850Z DEBUG gtk_status_bar::widgets: Creating volume widget
2026-07-12T06:08:07+00:00 machine gtk-status-bar[3058]: 2026-07-12T06:08:07.089905Z DEBUG gtk_status_bar::widgets: Creating battery widget
2026-07-12T06:08:07+00:00 machine gtk-status-bar[3058]: 2026-07-12T06:08:07.089955Z DEBUG gtk_status_bar::widgets: Creating time widget
2026-07-12T06:08:07+00:00 machine gtk-status-bar[3058]: 2026-07-12T06:08:07.674591Z DEBUG gtk_status_bar::widgets: Setting up time widget updates
2026-07-12T06:08:07+00:00 machine gtk-status-bar[3058]: 2026-07-12T06:08:07.674651Z DEBUG gtk_status_bar::widgets: Setting up system tray updates
2026-07-12T06:08:07+00:00 machine gtk-status-bar[3058]: 2026-07-12T06:08:07.674690Z DEBUG gtk_status_bar::widgets: Setting up workspace updates
2026-07-12T06:08:07+00:00 machine gtk-status-bar[3058]: 2026-07-12T06:08:07.674728Z DEBUG gtk_status_bar::widgets: Setting up title updates
2026-07-12T06:08:07+00:00 machine gtk-status-bar[3058]: 2026-07-12T06:08:07.674766Z DEBUG gtk_status_bar::widgets: Setting up battery updates
2026-07-12T06:08:07+00:00 machine gtk-status-bar[3058]: 2026-07-12T06:08:07.674804Z DEBUG gtk_status_bar::widgets: Setting up Bluetooth battery updates
2026-07-12T06:08:07+00:00 machine gtk-status-bar[3058]: 2026-07-12T06:08:07.674843Z DEBUG gtk_status_bar::widgets: Setting up volume updates with tokio async channels
2026-07-12T06:08:07+00:00 machine gtk-status-bar[3058]: 2026-07-12T06:08:07.675016Z  INFO gtk_status_bar: Application activated successfully
2026-07-12T06:08:07+00:00 machine gtk-status-bar[3058]: 2026-07-12T06:08:07.675119Z  INFO gtk_status_bar::hypr: 🔌 Starting workspace event listener
2026-07-12T06:08:07+00:00 machine gtk-status-bar[3058]: 2026-07-12T06:08:07.675139Z DEBUG gtk_status_bar::hypr: Setting up workspace event listener
2026-07-12T06:08:07+00:00 machine gtk-status-bar[3058]: 2026-07-12T06:08:07.675239Z  INFO gtk_status_bar::hypr: 🔌 Starting title event listener
2026-07-12T06:08:07+00:00 machine gtk-status-bar[3058]: 2026-07-12T06:08:07.675254Z DEBUG gtk_status_bar::hypr: Setting up title event listener
2026-07-12T06:08:07+00:00 machine gtk-status-bar[3058]: 2026-07-12T06:08:07.675268Z DEBUG gtk_status_bar::hypr: Fetching initial title state
2026-07-12T06:08:07+00:00 machine gtk-status-bar[3058]: 2026-07-12T06:08:07.675311Z  INFO gtk_status_bar::dbus: 🔌 Starting D-Bus monitor
2026-07-12T06:08:07+00:00 machine gtk-status-bar[3058]: 2026-07-12T06:08:07.675334Z  INFO gtk_status_bar::dbus: Starting D-Bus monitoring task
2026-07-12T06:08:07+00:00 machine gtk-status-bar[3058]: 2026-07-12T06:08:07.675546Z  INFO gtk_status_bar::tray: 🔌 Starting system tray backend
2026-07-12T06:08:07+00:00 machine gtk-status-bar[3058]: 2026-07-12T06:08:07.675609Z  INFO gtk_status_bar: Starting tray IPC server
2026-07-12T06:08:07+00:00 machine gtk-status-bar[3058]: 2026-07-12T06:08:07.676692Z  INFO gtk_status_bar::hypr: Starting workspace event listener
2026-07-12T06:08:07+00:00 machine gtk-status-bar[3058]: 2026-07-12T06:08:07.683652Z  INFO tray_ipc: Tray IPC server is listening path=/run/user/1000/gtk-status-bar/tray.sock
2026-07-12T06:08:07+00:00 machine gtk-status-bar[3058]: 2026-07-12T06:08:07.695799Z DEBUG gtk_status_bar::hypr: Initial title: "Close OS window"
2026-07-12T06:08:07+00:00 machine gtk-status-bar[3058]: 2026-07-12T06:08:07.695826Z  INFO gtk_status_bar::hypr: Starting title event listener
2026-07-12T06:08:07+00:00 machine gtk-status-bar[3058]: 2026-07-12T06:08:07.696679Z DEBUG gtk_status_bar::pw: 🔧 Initializing PipeWire on dedicated thread...
2026-07-12T06:08:07+00:00 machine gtk-status-bar[3058]: 2026-07-12T06:08:07.696725Z DEBUG gtk_status_bar::pw: 📋 Created device tracking HashMap for (node_name, description, volume, channel, mute)
2026-07-12T06:08:07+00:00 machine gtk-status-bar[3058]: 2026-07-12T06:08:07.701290Z DEBUG gtk_status_bar::pw: ✅ PipeWire initialized
2026-07-12T06:08:07+00:00 machine gtk-status-bar[3058]: 2026-07-12T06:08:07.701357Z DEBUG gtk_status_bar::pw: ✅ ThreadLoop created
2026-07-12T06:08:07+00:00 machine gtk-status-bar[3058]: 2026-07-12T06:08:07.705053Z DEBUG gtk_status_bar::widgets: Updating workspace - label: 'Workspace i', color for workspace: 2
2026-07-12T06:08:07+00:00 machine gtk-status-bar[3058]: 2026-07-12T06:08:07.705164Z DEBUG gtk_status_bar::widgets: Updated title widget color to: rgba(125, 207, 255, 0.5) for workspace: 2
2026-07-12T06:08:07+00:00 machine gtk-status-bar[3058]: 2026-07-12T06:08:07.705232Z DEBUG gtk_status_bar::widgets: Updating title label: Close OS window
2026-07-12T06:08:07+00:00 machine gtk-status-bar[3058]: 2026-07-12T06:08:07.705382Z DEBUG gtk_status_bar::widgets: 🚀 Starting async volume update loop...
2026-07-12T06:08:07+00:00 machine gtk-status-bar[3058]: 2026-07-12T06:08:07.770824Z DEBUG gtk_status_bar::dbus: 🔌 Registered battery match rule
2026-07-12T06:08:07+00:00 machine gtk-status-bar[3058]: 2026-07-12T06:08:07.772731Z DEBUG gtk_status_bar::widgets: Pinning bar height to font-derived line height char_height=18 multiplier=1.4 pinned=25
2026-07-12T06:08:07+00:00 machine gtk-status-bar[3058]: 2026-07-12T06:08:07.780413Z DEBUG gtk_status_bar::dbus: 🔌 Registered bluez PropertiesChanged match rule
2026-07-12T06:08:07+00:00 machine gtk-status-bar[3058]: 2026-07-12T06:08:07.785754Z DEBUG gtk_status_bar::dbus: 🔌 Registered bluez InterfacesAdded match rule
2026-07-12T06:08:07+00:00 machine gtk-status-bar[3058]: 2026-07-12T06:08:07.793436Z  INFO gtk_status_bar::tray: Serving StatusNotifierWatcher for tray applications
2026-07-12T06:08:07+00:00 machine gtk-status-bar[3058]: 2026-07-12T06:08:07.801025Z DEBUG gtk_status_bar::dbus: 🔌 Registered bluez InterfacesRemoved match rule
2026-07-12T06:08:07+00:00 machine gtk-status-bar[3058]: 2026-07-12T06:08:07.806669Z  INFO gtk_status_bar::dbus: Battery is at 33.0%
2026-07-12T06:08:07+00:00 machine gtk-status-bar[3058]: 2026-07-12T06:08:07.806838Z DEBUG gtk_status_bar::widgets: Updating battery label: 🔋 33%
2026-07-12T06:08:07+00:00 machine gtk-status-bar[3058]: 2026-07-12T06:08:07.806897Z DEBUG gtk_status_bar::widgets: 👁️  SHOWING battery widget - data: 🔋 33%
2026-07-12T06:08:07+00:00 machine gtk-status-bar[3058]: 2026-07-12T06:08:07.807457Z  INFO gtk_status_bar::dbus: Battery is discharging (state: 2)
2026-07-12T06:08:07+00:00 machine gtk-status-bar[3058]: 2026-07-12T06:08:07.808357Z DEBUG gtk_status_bar::pw: ✅ Context created
2026-07-12T06:08:07+00:00 machine gtk-status-bar[3058]: 2026-07-12T06:08:07.808462Z DEBUG gtk_status_bar::pw: ✅ Core connected
2026-07-12T06:08:07+00:00 machine gtk-status-bar[3058]: 2026-07-12T06:08:07.808526Z DEBUG gtk_status_bar::pw: ✅ Registry obtained
2026-07-12T06:08:07+00:00 machine gtk-status-bar[3058]: 2026-07-12T06:08:07.808541Z DEBUG gtk_status_bar::pw: 🎵 PipeWire ThreadLoop started - monitoring volume changes with default sink filtering
2026-07-12T06:08:07+00:00 machine gtk-status-bar[3058]: 2026-07-12T06:08:07.808666Z DEBUG gtk_status_bar::pw: ✅ ThreadLoop started successfully
2026-07-12T06:08:07+00:00 machine gtk-status-bar[3058]: 2026-07-12T06:08:07.808683Z DEBUG gtk_status_bar::pw: 🔄 PipeWire thread running - async event delivery active...
2026-07-12T06:08:07+00:00 machine gtk-status-bar[3058]: 2026-07-12T06:08:07.815989Z  INFO gtk_status_bar::dbus: Found 3 Bluetooth objects
2026-07-12T06:08:07+00:00 machine gtk-status-bar[3058]: 2026-07-12T06:08:07.816017Z  INFO gtk_status_bar::dbus: Found Bluetooth device with battery at: /org/bluez/hci0/dev_AA_BB_CC_DD_EE_10
2026-07-12T06:08:07+00:00 machine gtk-status-bar[3058]: 2026-07-12T06:08:07.816035Z  INFO gtk_status_bar::dbus: Bluetooth device battery at 77%
2026-07-12T06:08:07+00:00 machine gtk-status-bar[3058]: 2026-07-12T06:08:07.816056Z DEBUG gtk_status_bar::dbus: Added device /org/bluez/hci0/dev_AA_BB_CC_DD_EE_10 to HashMap (has_battery: true, has_media: false)
2026-07-12T06:08:07+00:00 machine gtk-status-bar[3058]: 2026-07-12T06:08:07.816093Z DEBUG gtk_status_bar::dbus: Initial bluetooth devices: {"/org/bluez/hci0/dev_AA_BB_CC_DD_EE_10": BluetoothDevice { has_battery: true, has_media: false, battery_percentage: Some(77), device_name: Some("Post Recovery Buds") }}
2026-07-12T06:08:07+00:00 machine gtk-status-bar[3058]: 2026-07-12T06:08:07.816128Z  INFO gtk_status_bar::dbus: Sent initial Bluetooth display: P77
2026-07-12T06:08:07+00:00 machine gtk-status-bar[3058]: 2026-07-12T06:08:07.816159Z  INFO gtk_status_bar::dbus: Dbus monitor: Starting to listen for D-Bus messages
2026-07-12T06:08:07+00:00 machine gtk-status-bar[3058]: 2026-07-12T06:08:07.816180Z DEBUG gtk_status_bar::dbus: Got an event in event stream: Msg { type: MethodReturn, serial: 14, sender: UniqueName(":1.59"), reply-serial: 24, body: Variant, fds: [] }
2026-07-12T06:08:07+00:00 machine gtk-status-bar[3058]: 2026-07-12T06:08:07.816204Z DEBUG gtk_status_bar::dbus: Dbus monitor: Received D-Bus message from path: None, interface: None, member: None
2026-07-12T06:08:07+00:00 machine gtk-status-bar[3058]: 2026-07-12T06:08:07.816223Z ERROR gtk_status_bar::dbus: Dbus monitor: Received message with no path, ignoring
2026-07-12T06:08:07+00:00 machine gtk-status-bar[3058]: 2026-07-12T06:08:07.816245Z DEBUG gtk_status_bar::dbus: Got an event in event stream: Msg { type: MethodReturn, serial: 15, sender: UniqueName(":1.59"), reply-serial: 25, body: Variant, fds: [] }
2026-07-12T06:08:07+00:00 machine gtk-status-bar[3058]: 2026-07-12T06:08:07.816266Z DEBUG gtk_status_bar::dbus: Dbus monitor: Received D-Bus message from path: None, interface: None, member: None
2026-07-12T06:08:07+00:00 machine gtk-status-bar[3058]: 2026-07-12T06:08:07.816282Z ERROR gtk_status_bar::dbus: Dbus monitor: Received message with no path, ignoring
2026-07-12T06:08:07+00:00 machine gtk-status-bar[3058]: 2026-07-12T06:08:07.816299Z DEBUG gtk_status_bar::dbus: Got an event in event stream: Msg { type: MethodReturn, serial: 33, sender: UniqueName(":1.60"), reply-serial: 26, body: Dict { key: Dynamic { child: ObjectPath }, value: Dynamic { child: Dict { key: Dynamic { child: Str }, value: Dynamic { child: Dict { key: Dynamic { child: Str }, value: Dynamic { child: Variant } } } } } }, fds: [] }
2026-07-12T06:08:07+00:00 machine gtk-status-bar[3058]: 2026-07-12T06:08:07.816321Z DEBUG gtk_status_bar::dbus: Dbus monitor: Received D-Bus message from path: None, interface: None, member: None
2026-07-12T06:08:07+00:00 machine gtk-status-bar[3058]: 2026-07-12T06:08:07.816338Z ERROR gtk_status_bar::dbus: Dbus monitor: Received message with no path, ignoring
2026-07-12T06:08:07+00:00 machine gtk-status-bar[3058]: 2026-07-12T06:08:07.816643Z DEBUG gtk_status_bar::widgets: Updating Bluetooth battery label: P77
2026-07-12T06:08:07+00:00 machine gtk-status-bar[3058]: 2026-07-12T06:08:07.816742Z DEBUG gtk_status_bar::widgets: 👁️  SHOWING Bluetooth widget - data: P77
2026-07-12T06:08:07+00:00 machine gtk-status-bar[3058]: 2026-07-12T06:08:07.833007Z DEBUG gtk_status_bar::pw: 📡 PipeWire connected: pipewire-0
2026-07-12T06:08:07+00:00 machine gtk-status-bar[3058]: 2026-07-12T06:08:07.833047Z DEBUG gtk_status_bar::pw: 🚫 Skipping metadata '' (props: Some(DictRef { flags: Flags(0x0), entries: {"object.serial": "0", "core.name": "pipewire-0"} }))
2026-07-12T06:08:07+00:00 machine gtk-status-bar[3058]: 2026-07-12T06:08:07.833070Z DEBUG gtk_status_bar::pw: 🚫 Skipping metadata '' (props: Some(DictRef { flags: Flags(0x0), entries: {"object.serial": "1", "module.name": "libpipewire-module-rt"} }))
2026-07-12T06:08:07+00:00 machine gtk-status-bar[3058]: 2026-07-12T06:08:07.833090Z DEBUG gtk_status_bar::pw: 🚫 Skipping metadata '' (props: Some(DictRef { flags: Flags(0x0), entries: {"object.serial": "3"} }))
2026-07-12T06:08:07+00:00 machine gtk-status-bar[3058]: 2026-07-12T06:08:07.833109Z DEBUG gtk_status_bar::pw: 🚫 Skipping metadata '' (props: Some(DictRef { flags: Flags(0x0), entries: {"object.serial": "2", "module.name": "libpipewire-module-protocol-native"} }))
2026-07-12T06:08:07+00:00 machine gtk-status-bar[3058]: 2026-07-12T06:08:07.833128Z DEBUG gtk_status_bar::pw: 🚫 Skipping metadata '' (props: Some(DictRef { flags: Flags(0x0), entries: {"object.serial": "5"} }))
2026-07-12T06:08:07+00:00 machine gtk-status-bar[3058]: 2026-07-12T06:08:07.833155Z DEBUG gtk_status_bar::pw: 🚫 Skipping metadata '' (props: Some(DictRef { flags: Flags(0x0), entries: {"object.serial": "4", "module.name": "libpipewire-module-profiler"} }))
2026-07-12T06:08:07+00:00 machine gtk-status-bar[3058]: 2026-07-12T06:08:07.833175Z DEBUG gtk_status_bar::pw: 🚫 Skipping metadata '' (props: Some(DictRef { flags: Flags(0x0), entries: {"object.serial": "6", "module.name": "libpipewire-module-metadata"} }))
2026-07-12T06:08:07+00:00 machine gtk-status-bar[3058]: 2026-07-12T06:08:07.833195Z DEBUG gtk_status_bar::pw: 🚫 Skipping metadata '' (props: Some(DictRef { flags: Flags(0x0), entries: {"object.serial": "7", "module.id": "6", "factory.name": "metadata", "factory.type.name": "PipeWire:Interface:Metadata", "factory.type.version": "3"} }))
2026-07-12T06:08:07+00:00 machine gtk-status-bar[3058]: 2026-07-12T06:08:07.833215Z DEBUG gtk_status_bar::pw: 🚫 Skipping metadata '' (props: Some(DictRef { flags: Flags(0x0), entries: {"object.serial": "8", "module.name": "libpipewire-module-spa-device-factory"} }))
2026-07-12T06:08:07+00:00 machine gtk-status-bar[3058]: 2026-07-12T06:08:07.833235Z DEBUG gtk_status_bar::pw: 🚫 Skipping metadata '' (props: Some(DictRef { flags: Flags(0x0), entries: {"object.serial": "9", "module.id": "8", "factory.name": "spa-device-factory", "factory.type.name": "PipeWire:Interface:Device", "factory.type.version": "3"} }))
2026-07-12T06:08:07+00:00 machine gtk-status-bar[3058]: 2026-07-12T06:08:07.833257Z DEBUG gtk_status_bar::pw: 🚫 Skipping metadata '' (props: Some(DictRef { flags: Flags(0x0), entries: {"object.serial": "10", "module.name": "libpipewire-module-spa-node-factory"} }))
2026-07-12T06:08:07+00:00 machine gtk-status-bar[3058]: 2026-07-12T06:08:07.833276Z DEBUG gtk_status_bar::pw: 🚫 Skipping metadata '' (props: Some(DictRef { flags: Flags(0x0), entries: {"object.serial": "11", "module.id": "10", "factory.name": "spa-node-factory", "factory.type.name": "PipeWire:Interface:Node", "factory.type.version": "3"} }))
2026-07-12T06:08:07+00:00 machine gtk-status-bar[3058]: 2026-07-12T06:08:07.833295Z DEBUG gtk_status_bar::pw: 🚫 Skipping metadata '' (props: Some(DictRef { flags: Flags(0x0), entries: {"object.serial": "12", "module.name": "libpipewire-module-client-node"} }))
2026-07-12T06:08:07+00:00 machine gtk-status-bar[3058]: 2026-07-12T06:08:07.833315Z DEBUG gtk_status_bar::pw: 🚫 Skipping metadata '' (props: Some(DictRef { flags: Flags(0x0), entries: {"object.serial": "13", "module.id": "12", "factory.name": "client-node", "factory.type.name": "PipeWire:Interface:ClientNode", "factory.type.version": "6"} }))
2026-07-12T06:08:07+00:00 machine gtk-status-bar[3058]: 2026-07-12T06:08:07.833335Z DEBUG gtk_status_bar::pw: 🚫 Skipping metadata '' (props: Some(DictRef { flags: Flags(0x0), entries: {"object.serial": "14", "module.name": "libpipewire-module-client-device"} }))
2026-07-12T06:08:07+00:00 machine gtk-status-bar[3058]: 2026-07-12T06:08:07.833354Z DEBUG gtk_status_bar::pw: 🚫 Skipping metadata '' (props: Some(DictRef { flags: Flags(0x0), entries: {"object.serial": "15", "module.id": "14", "factory.name": "client-device", "factory.type.name": "Spa:Pointer:Interface:Device", "factory.type.version": "0"} }))
2026-07-12T06:08:07+00:00 machine gtk-status-bar[3058]: 2026-07-12T06:08:07.833373Z DEBUG gtk_status_bar::pw: 🚫 Skipping metadata '' (props: Some(DictRef { flags: Flags(0x0), entries: {"object.serial": "16", "module.name": "libpipewire-module-portal"} }))
2026-07-12T06:08:07+00:00 machine gtk-status-bar[3058]: 2026-07-12T06:08:07.833392Z DEBUG gtk_status_bar::pw: 🚫 Skipping metadata '' (props: Some(DictRef { flags: Flags(0x0), entries: {"object.serial": "17", "module.name": "libpipewire-module-access"} }))
2026-07-12T06:08:07+00:00 machine gtk-status-bar[3058]: 2026-07-12T06:08:07.833411Z DEBUG gtk_status_bar::pw: 🚫 Skipping metadata '' (props: Some(DictRef { flags: Flags(0x0), entries: {"object.serial": "18", "module.name": "libpipewire-module-adapter"} }))
2026-07-12T06:08:07+00:00 machine gtk-status-bar[3058]: 2026-07-12T06:08:07.833430Z DEBUG gtk_status_bar::pw: 🚫 Skipping metadata '' (props: Some(DictRef { flags: Flags(0x0), entries: {"object.serial": "19", "module.id": "18", "factory.name": "adapter", "factory.type.name": "PipeWire:Interface:Node", "factory.type.version": "3"} }))
2026-07-12T06:08:07+00:00 machine gtk-status-bar[3058]: 2026-07-12T06:08:07.833449Z DEBUG gtk_status_bar::pw: 🚫 Skipping metadata '' (props: Some(DictRef { flags: Flags(0x0), entries: {"object.serial": "20", "module.name": "libpipewire-module-link-factory"} }))
2026-07-12T06:08:08+00:00 machine gtk-status-bar[3058]: 2026-07-12T06:08:07.833529Z DEBUG gtk_status_bar::pw: 🚫 Skipping metadata '' (props: Some(DictRef { flags: Flags(0x0), entries: {"object.serial": "21", "module.id": "20", "factory.name": "link-factory", "factory.type.name": "PipeWire:Interface:Link", "factory.type.version": "3"} }))
2026-07-12T06:08:08+00:00 machine gtk-status-bar[3058]: 2026-07-12T06:08:07.833551Z DEBUG gtk_status_bar::pw: 🚫 Skipping metadata '' (props: Some(DictRef { flags: Flags(0x0), entries: {"object.serial": "22", "module.name": "libpipewire-module-session-manager"} }))
2026-07-12T06:08:08+00:00 machine gtk-status-bar[3058]: 2026-07-12T06:08:07.833570Z DEBUG gtk_status_bar::pw: 🚫 Skipping metadata '' (props: Some(DictRef { flags: Flags(0x0), entries: {"object.serial": "23", "module.id": "22", "factory.name": "client-endpoint", "factory.type.name": "PipeWire:Interface:ClientEndpoint", "factory.type.version": "0"} }))
2026-07-12T06:08:08+00:00 machine gtk-status-bar[3058]: 2026-07-12T06:08:07.833590Z DEBUG gtk_status_bar::pw: 🚫 Skipping metadata '' (props: Some(DictRef { flags: Flags(0x0), entries: {"object.serial": "24", "module.id": "22", "factory.name": "client-session", "factory.type.name": "PipeWire:Interface:ClientSession", "factory.type.version": "0"} }))
2026-07-12T06:08:08+00:00 machine gtk-status-bar[3058]: 2026-07-12T06:08:07.833610Z DEBUG gtk_status_bar::pw: 🚫 Skipping metadata '' (props: Some(DictRef { flags: Flags(0x0), entries: {"object.serial": "25", "module.id": "22", "factory.name": "session", "factory.type.name": "PipeWire:Interface:Session", "factory.type.version": "0"} }))
2026-07-12T06:08:08+00:00 machine gtk-status-bar[3058]: 2026-07-12T06:08:07.833630Z DEBUG gtk_status_bar::pw: 🚫 Skipping metadata '' (props: Some(DictRef { flags: Flags(0x0), entries: {"object.serial": "26", "module.id": "22", "factory.name": "endpoint", "factory.type.name": "PipeWire:Interface:Endpoint", "factory.type.version": "0"} }))
2026-07-12T06:08:08+00:00 machine gtk-status-bar[3058]: 2026-07-12T06:08:07.833649Z DEBUG gtk_status_bar::pw: 🚫 Skipping metadata '' (props: Some(DictRef { flags: Flags(0x0), entries: {"object.serial": "27", "module.id": "22", "factory.name": "endpoint-stream", "factory.type.name": "PipeWire:Interface:EndpointStream", "factory.type.version": "0"} }))
2026-07-12T06:08:08+00:00 machine gtk-status-bar[3058]: 2026-07-12T06:08:07.833669Z DEBUG gtk_status_bar::pw: 🚫 Skipping metadata '' (props: Some(DictRef { flags: Flags(0x0), entries: {"object.serial": "28", "module.id": "22", "factory.name": "endpoint-link", "factory.type.name": "PipeWire:Interface:EndpointLink", "factory.type.version": "0"} }))
2026-07-12T06:08:08+00:00 machine gtk-status-bar[3058]: 2026-07-12T06:08:07.833689Z DEBUG gtk_status_bar::pw: 🚫 Skipping metadata '' (props: Some(DictRef { flags: Flags(0x0), entries: {"object.serial": "29", "module.name": "libpipewire-module-x11-bell"} }))
2026-07-12T06:08:08+00:00 machine gtk-status-bar[3058]: 2026-07-12T06:08:07.833707Z DEBUG gtk_status_bar::pw: 🚫 Skipping metadata '' (props: Some(DictRef { flags: Flags(0x0), entries: {"object.serial": "30", "module.name": "libpipewire-module-jackdbus-detect"} }))
2026-07-12T06:08:08+00:00 machine gtk-status-bar[3058]: 2026-07-12T06:08:07.833727Z DEBUG gtk_status_bar::pw: 🚫 Skipping metadata '' (props: Some(DictRef { flags: Flags(0x0), entries: {"object.serial": "31", "factory.id": "11", "priority.driver": "200000", "node.name": "Dummy-Driver"} }))
2026-07-12T06:08:08+00:00 machine gtk-status-bar[3058]: 2026-07-12T06:08:07.833745Z DEBUG gtk_status_bar::pw: 🔍 Checking node - media.class: None
2026-07-12T06:08:08+00:00 machine gtk-status-bar[3058]: 2026-07-12T06:08:07.833761Z DEBUG gtk_status_bar::pw: 🔍 Node filter result: false for media.class: None
2026-07-12T06:08:08+00:00 machine gtk-status-bar[3058]: 2026-07-12T06:08:07.833778Z DEBUG gtk_status_bar::pw: 🚫 Skipping metadata '' (props: Some(DictRef { flags: Flags(0x0), entries: {"object.serial": "32", "factory.id": "11", "priority.driver": "190000", "node.name": "Freewheel-Driver"} }))
2026-07-12T06:08:08+00:00 machine gtk-status-bar[3058]: 2026-07-12T06:08:07.833798Z DEBUG gtk_status_bar::pw: 🔍 Checking node - media.class: None
2026-07-12T06:08:08+00:00 machine gtk-status-bar[3058]: 2026-07-12T06:08:07.833814Z DEBUG gtk_status_bar::pw: 🔍 Node filter result: false for media.class: None
2026-07-12T06:08:08+00:00 machine gtk-status-bar[3058]: 2026-07-12T06:08:07.833830Z DEBUG gtk_status_bar::pw: 🚫 Skipping metadata 'settings' (props: Some(DictRef { flags: Flags(0x0), entries: {"object.serial": "33", "metadata.name": "settings"} }))
2026-07-12T06:08:08+00:00 machine gtk-status-bar[3058]: 2026-07-12T06:08:07.833850Z DEBUG gtk_status_bar::pw: 🚫 Skipping metadata '' (props: Some(DictRef { flags: Flags(0x0), entries: {"object.serial": "34", "module.id": "2", "pipewire.protocol": "protocol-native", "pipewire.sec.pid": "1246", "pipewire.sec.uid": "1000", "pipewire.sec.gid": "100", "pipewire.sec.socket": "pipewire-0", "application.name": ".xdg-desktop-portal-wrapped", "pipewire.access": "unrestricted"} }))
2026-07-12T06:08:08+00:00 machine gtk-status-bar[3058]: 2026-07-12T06:08:07.833872Z DEBUG gtk_status_bar::pw: 🚫 Skipping metadata '' (props: Some(DictRef { flags: Flags(0x0), entries: {"object.serial": "35", "module.id": "2", "pipewire.protocol": "protocol-native", "pipewire.sec.pid": "1317", "pipewire.sec.uid": "1000", "pipewire.sec.gid": "100", "pipewire.sec.socket": "pipewire-0-manager", "application.name": "WirePlumber", "pipewire.access": "unrestricted"} }))
2026-07-12T06:08:08+00:00 machine gtk-status-bar[3058]: 2026-07-12T06:08:07.833892Z DEBUG gtk_status_bar::pw: 🚫 Skipping metadata 'schema-sm-settings' (props: Some(DictRef { flags: Flags(0x0), entries: {"metadata.name": "schema-sm-settings", "factory.id": "7", "module.id": "6", "client.id": "35", "object.serial": "36"} }))
2026-07-12T06:08:08+00:00 machine gtk-status-bar[3058]: 2026-07-12T06:08:07.833911Z DEBUG gtk_status_bar::pw: 🚫 Skipping metadata 'persistent-sm-settings' (props: Some(DictRef { flags: Flags(0x0), entries: {"metadata.name": "persistent-sm-settings", "factory.id": "7", "module.id": "6", "client.id": "35", "object.serial": "37"} }))
2026-07-12T06:08:08+00:00 machine gtk-status-bar[3058]: 2026-07-12T06:08:07.833930Z DEBUG gtk_status_bar::pw: 🚫 Skipping metadata 'sm-settings' (props: Some(DictRef { flags: Flags(0x0), entries: {"metadata.name": "sm-settings", "factory.id": "7", "module.id": "6", "client.id": "35", "object.serial": "38"} }))
2026-07-12T06:08:08+00:00 machine gtk-status-bar[3058]: 2026-07-12T06:08:07.833950Z DEBUG gtk_status_bar::pw: 🚫 Skipping metadata 'sm-objects' (props: Some(DictRef { flags: Flags(0x0), entries: {"metadata.name": "sm-objects", "factory.id": "7", "module.id": "6", "client.id": "35", "object.serial": "39"} }))
2026-07-12T06:08:08+00:00 machine gtk-status-bar[3058]: 2026-07-12T06:08:07.833969Z DEBUG gtk_status_bar::pw: 🚫 Skipping metadata 'default-profile' (props: Some(DictRef { flags: Flags(0x0), entries: {"wireplumber.state": "true", "metadata.name": "default-profile", "factory.id": "7", "module.id": "6", "client.id": "35", "object.serial": "40"} }))
2026-07-12T06:08:08+00:00 machine gtk-status-bar[3058]: 2026-07-12T06:08:07.833989Z DEBUG gtk_status_bar::pw: ✅ Processing metadata.name == default
2026-07-12T06:08:08+00:00 machine gtk-status-bar[3058]: 2026-07-12T06:08:07.834005Z DEBUG gtk_status_bar::pw: 📋 Found metadata object: Some(DictRef { flags: Flags(0x0), entries: {"metadata.name": "default", "factory.id": "7", "module.id": "6", "client.id": "35", "object.serial": "42"} })
2026-07-12T06:08:08+00:00 machine gtk-status-bar[3058]: 2026-07-12T06:08:07.834037Z DEBUG gtk_status_bar::pw: 📋 Bound 'default' Metadata (id=3)
2026-07-12T06:08:08+00:00 machine gtk-status-bar[3058]: 2026-07-12T06:08:07.834065Z DEBUG gtk_status_bar::pw: 🚫 Skipping metadata 'filters' (props: Some(DictRef { flags: Flags(0x0), entries: {"metadata.name": "filters", "factory.id": "7", "module.id": "6", "client.id": "35", "object.serial": "43"} }))
2026-07-12T06:08:08+00:00 machine gtk-status-bar[3058]: 2026-07-12T06:08:07.834086Z DEBUG gtk_status_bar::pw: 🚫 Skipping metadata 'route-settings' (props: Some(DictRef { flags: Flags(0x0), entries: {"metadata.name": "route-settings", "factory.id": "7", "module.id": "6", "client.id": "35", "object.serial": "44"} }))
2026-07-12T06:08:08+00:00 machine gtk-status-bar[3058]: 2026-07-12T06:08:07.834106Z DEBUG gtk_status_bar::pw: 🚫 Skipping metadata '' (props: Some(DictRef { flags: Flags(0x0), entries: {"object.serial": "45", "module.id": "2", "pipewire.protocol": "protocol-native", "pipewire.sec.pid": "1317", "pipewire.sec.uid": "1000", "pipewire.sec.gid": "100", "pipewire.sec.socket": "pipewire-0-manager", "application.name": "WirePlumber [export]", "pipewire.access": "unrestricted"} }))
2026-07-12T06:08:08+00:00 machine gtk-status-bar[3058]: 2026-07-12T06:08:07.834128Z DEBUG gtk_status_bar::pw: 🚫 Skipping metadata '' (props: Some(DictRef { flags: Flags(0x0), entries: {"object.serial": "46", "factory.id": "11", "client.id": "45", "priority.session": "100", "priority.driver": "1", "node.name": "Midi-Bridge", "media.class": "Midi/Bridge"} }))
2026-07-12T06:08:08+00:00 machine gtk-status-bar[3058]: 2026-07-12T06:08:07.834155Z DEBUG gtk_status_bar::pw: 🔍 Checking node - media.class: Some("Midi/Bridge")
2026-07-12T06:08:08+00:00 machine gtk-status-bar[3058]: 2026-07-12T06:08:07.834173Z DEBUG gtk_status_bar::pw: 🔍 Node filter result: false for media.class: Some("Midi/Bridge")
2026-07-12T06:08:08+00:00 machine gtk-status-bar[3058]: 2026-07-12T06:08:07.834191Z DEBUG gtk_status_bar::pw: 🚫 Skipping metadata '' (props: Some(DictRef { flags: Flags(0x0), entries: {"object.serial": "47", "object.path": "alsa:seq:default:client_14:playback_0", "format.dsp": "8 bit raw midi", "node.id": "46", "port.id": "0", "port.name": "Midi Through: Port-0 (playback)", "port.direction": "in", "port.physical": "true", "port.terminal": "true", "port.alias": "Midi Through:Midi Through Port-0", "port.group": "client_14"} }))
2026-07-12T06:08:08+00:00 machine gtk-status-bar[3058]: 2026-07-12T06:08:07.834214Z DEBUG gtk_status_bar::pw: 🚫 Skipping metadata '' (props: Some(DictRef { flags: Flags(0x0), entries: {"object.serial": "48", "object.path": "alsa:seq:default:client_14:capture_0", "format.dsp": "8 bit raw midi", "node.id": "46", "port.id": "0", "port.name": "Midi Through: Port-0 (capture)", "port.direction": "out", "port.physical": "true", "port.terminal": "true", "port.alias": "Midi Through:Midi Through Port-0", "port.group": "client_14"} }))
2026-07-12T06:08:08+00:00 machine gtk-status-bar[3058]: 2026-07-12T06:08:07.834236Z DEBUG gtk_status_bar::pw: 🚫 Skipping metadata '' (props: Some(DictRef { flags: Flags(0x0), entries: {"object.serial": "41", "module.id": "2", "pipewire.protocol": "protocol-native", "pipewire.sec.pid": "1330", "pipewire.sec.uid": "1000", "pipewire.sec.gid": "100", "pipewire.sec.socket": "pipewire-0", "application.name": ".xdg-desktop-portal-hyprland-wrapped", "pipewire.access": "unrestricted"} }))
2026-07-12T06:08:08+00:00 machine gtk-status-bar[3058]: 2026-07-12T06:08:07.834257Z DEBUG gtk_status_bar::pw: 🚫 Skipping metadata '' (props: Some(DictRef { flags: Flags(0x0), entries: {"object.serial": "49", "factory.id": "14", "client.id": "45", "node.description": "BLE MIDI 1", "node.name": "bluez_midi.server", "media.class": "Midi/Bridge"} }))
2026-07-12T06:08:08+00:00 machine gtk-status-bar[3058]: 2026-07-12T06:08:07.834281Z DEBUG gtk_status_bar::pw: 🔍 Checking node - media.class: Some("Midi/Bridge")
2026-07-12T06:08:08+00:00 machine gtk-status-bar[3058]: 2026-07-12T06:08:07.834297Z DEBUG gtk_status_bar::pw: 🔍 Node filter result: false for media.class: Some("Midi/Bridge")
2026-07-12T06:08:08+00:00 machine gtk-status-bar[3058]: 2026-07-12T06:08:07.834315Z DEBUG gtk_status_bar::pw: 🚫 Skipping metadata '' (props: Some(DictRef { flags: Flags(0x0), entries: {"object.serial": "50", "object.path": "bluez_midi.server:input_0", "format.dsp": "8 bit raw midi", "node.id": "49", "port.id": "0", "port.name": "in", "port.direction": "in", "port.physical": "true", "port.terminal": "true", "port.alias": "in", "port.group": "group.0"} }))
2026-07-12T06:08:08+00:00 machine gtk-status-bar[3058]: 2026-07-12T06:08:07.834337Z DEBUG gtk_status_bar::pw: 🚫 Skipping metadata '' (props: Some(DictRef { flags: Flags(0x0), entries: {"object.serial": "51", "object.path": "bluez_midi.server:output_0", "format.dsp": "8 bit raw midi", "node.id": "49", "port.id": "0", "port.name": "out", "port.direction": "out", "port.physical": "true", "port.terminal": "true", "port.alias": "out", "port.group": "group.0"} }))
2026-07-12T06:08:08+00:00 machine gtk-status-bar[3058]: 2026-07-12T06:08:07.834358Z DEBUG gtk_status_bar::pw: 🚫 Skipping metadata '' (props: Some(DictRef { flags: Flags(0x0), entries: {"object.serial": "52", "module.id": "2", "pipewire.protocol": "protocol-native", "pipewire.sec.pid": "1369", "pipewire.sec.uid": "1000", "pipewire.sec.gid": "100", "pipewire.sec.socket": "pipewire-0", "application.name": "pipewire", "pipewire.access": "unrestricted"} }))
2026-07-12T06:08:08+00:00 machine gtk-status-bar[3058]: 2026-07-12T06:08:07.834379Z DEBUG gtk_status_bar::pw: 🚫 Skipping metadata '' (props: Some(DictRef { flags: Flags(0x0), entries: {"object.serial": "54", "module.id": "2", "pipewire.protocol": "protocol-native", "pipewire.sec.pid": "1369", "pipewire.sec.uid": "1000", "pipewire.sec.gid": "100", "pipewire.sec.socket": "pipewire-0", "application.name": "Blueman", "pipewire.access": "unrestricted"} }))
2026-07-12T06:08:08+00:00 machine gtk-status-bar[3058]: 2026-07-12T06:08:07.834399Z DEBUG gtk_status_bar::pw: 🚫 Skipping metadata '' (props: Some(DictRef { flags: Flags(0x0), entries: {"object.serial": "86", "factory.id": "19", "client.id": "52", "node.description": "Dummy Output", "node.name": "auto_null", "media.class": "Audio/Sink"} }))
2026-07-12T06:08:08+00:00 machine gtk-status-bar[3058]: 2026-07-12T06:08:07.834418Z DEBUG gtk_status_bar::pw: 🔍 Checking node - media.class: Some("Audio/Sink")
2026-07-12T06:08:08+00:00 machine gtk-status-bar[3058]: 2026-07-12T06:08:07.834434Z DEBUG gtk_status_bar::pw: 🔍 Node filter result: true for media.class: Some("Audio/Sink")
2026-07-12T06:08:08+00:00 machine gtk-status-bar[3058]: 2026-07-12T06:08:07.834454Z DEBUG gtk_status_bar::pw: 📱 Monitoring audio node: Dummy Output (4) [node.name: auto_null]
2026-07-12T06:08:08+00:00 machine gtk-status-bar[3058]: 2026-07-12T06:08:07.834521Z DEBUG gtk_status_bar::pw: 🔗 ADDING NODE LISTENER for node.name: auto_null
2026-07-12T06:08:08+00:00 machine gtk-status-bar[3058]: 2026-07-12T06:08:07.834540Z DEBUG gtk_status_bar::pw: 📝 Added device to HashMap: 4 -> (auto_null, Dummy Output, no volume yet)
2026-07-12T06:08:08+00:00 machine gtk-status-bar[3058]: 2026-07-12T06:08:07.834556Z DEBUG gtk_status_bar::pw: 🗂️ Current device map size: 1
2026-07-12T06:08:08+00:00 machine gtk-status-bar[3058]: 2026-07-12T06:08:07.834579Z DEBUG gtk_status_bar::pw: 🚫 Skipping metadata '' (props: Some(DictRef { flags: Flags(0x0), entries: {"object.serial": "87", "object.path": "auto_null:playback_0", "format.dsp": "32 bit float mono audio", "node.id": "61", "audio.channel": "FL", "port.id": "0", "port.name": "playback_FL", "port.direction": "in", "port.alias": "Dummy Output:playback_FL", "port.group": "stream.0"} }))
2026-07-12T06:08:08+00:00 machine gtk-status-bar[3058]: 2026-07-12T06:08:07.834601Z DEBUG gtk_status_bar::pw: 🚫 Skipping metadata '' (props: Some(DictRef { flags: Flags(0x0), entries: {"object.serial": "88", "object.path": "auto_null:playback_1", "format.dsp": "32 bit float mono audio", "node.id": "61", "audio.channel": "FR", "port.id": "1", "port.name": "playback_FR", "port.direction": "in", "port.alias": "Dummy Output:playback_FR", "port.group": "stream.0"} }))
2026-07-12T06:08:08+00:00 machine gtk-status-bar[3058]: 2026-07-12T06:08:07.834622Z DEBUG gtk_status_bar::pw: 🚫 Skipping metadata '' (props: Some(DictRef { flags: Flags(0x0), entries: {"object.serial": "89", "object.path": "auto_null:monitor_0", "format.dsp": "32 bit float mono audio", "node.id": "61", "audio.channel": "FL", "port.id": "0", "port.name": "monitor_FL", "port.direction": "out", "port.monitor": "true", "port.alias": "Dummy Output:monitor_FL", "port.group": "stream.0"} }))
2026-07-12T06:08:08+00:00 machine gtk-status-bar[3058]: 2026-07-12T06:08:07.834644Z DEBUG gtk_status_bar::pw: 🚫 Skipping metadata '' (props: Some(DictRef { flags: Flags(0x0), entries: {"object.serial": "90", "object.path": "auto_null:monitor_1", "format.dsp": "32 bit float mono audio", "node.id": "61", "audio.channel": "FR", "port.id": "1", "port.name": "monitor_FR", "port.direction": "out", "port.monitor": "true", "port.alias": "Dummy Output:monitor_FR", "port.group": "stream.0"} }))
2026-07-12T06:08:08+00:00 machine gtk-status-bar[3058]: 2026-07-12T06:08:07.834665Z DEBUG gtk_status_bar::pw: 🚫 Skipping metadata '' (props: Some(DictRef { flags: Flags(0x0), entries: {"object.serial": "92", "module.id": "2", "pipewire.protocol": "protocol-native", "pipewire.sec.pid": "3058", "pipewire.sec.uid": "1000", "pipewire.sec.gid": "100", "pipewire.sec.socket": "pipewire-0", "application.name": ".gtk-status-bar-wrapped", "pipewire.access": "unrestricted"} }))
2026-07-12T06:08:08+00:00 machine gtk-status-bar[3058]: 2026-07-12T06:08:07.835566Z DEBUG gtk_status_bar::pw: 📝 metadata.property subject=0 key=Some("default.configured.audio.sink") value=Some("{ \"name\": \"Bravo\" }")
2026-07-12T06:08:08+00:00 machine gtk-status-bar[3058]: 2026-07-12T06:08:07.835587Z DEBUG gtk_status_bar::pw: 🔍 Processing metadata property: default.configured.audio.sink={ "name": "Bravo" }
2026-07-12T06:08:08+00:00 machine gtk-status-bar[3058]: 2026-07-12T06:08:07.835601Z DEBUG gtk_status_bar::pw: 🔧 Other metadata property: default.configured.audio.sink (ignored)
2026-07-12T06:08:08+00:00 machine gtk-status-bar[3058]: 2026-07-12T06:08:07.835616Z DEBUG gtk_status_bar::pw: 📝 metadata.property subject=0 key=Some("default.audio.sink") value=Some("{\"name\":\"auto_null\"}")
2026-07-12T06:08:08+00:00 machine gtk-status-bar[3058]: 2026-07-12T06:08:07.835632Z DEBUG gtk_status_bar::pw: 🔍 Processing metadata property: default.audio.sink={"name":"auto_null"}
2026-07-12T06:08:08+00:00 machine gtk-status-bar[3058]: 2026-07-12T06:08:07.835652Z  INFO gtk_status_bar::pw: 🔄 Default sink -> auto_null
2026-07-12T06:08:08+00:00 machine gtk-status-bar[3058]: 2026-07-12T06:08:07.835673Z DEBUG gtk_status_bar::pw: 🎯 SINK CHANGE: None -> auto_null (should trigger volume fetch)
2026-07-12T06:08:08+00:00 machine gtk-status-bar[3058]: 2026-07-12T06:08:07.835695Z DEBUG gtk_status_bar::pw: 🗂️ Searching device map for default sink 'auto_null'
2026-07-12T06:08:08+00:00 machine gtk-status-bar[3058]: 2026-07-12T06:08:07.835717Z DEBUG gtk_status_bar::pw: 🗂️ Current device map contents: {4: ("auto_null", "Dummy Output", None, None, None)}
2026-07-12T06:08:08+00:00 machine gtk-status-bar[3058]: 2026-07-12T06:08:07.835743Z DEBUG gtk_status_bar::pw: 🔍 Checking device 4: node_name='auto_null', description='Dummy Output' against default sink 'auto_null'
2026-07-12T06:08:08+00:00 machine gtk-status-bar[3058]: 2026-07-12T06:08:07.835765Z DEBUG gtk_status_bar::pw: 🎯 MATCH! Found device 4 with node_name 'auto_null' matching default sink
2026-07-12T06:08:08+00:00 machine gtk-status-bar[3058]: 2026-07-12T06:08:07.835792Z DEBUG gtk_status_bar::pw: 🎨 Updating GUI label to: 'Dummy Output' with cached volume data
2026-07-12T06:08:08+00:00 machine gtk-status-bar[3058]: 2026-07-12T06:08:07.835816Z DEBUG gtk_status_bar::pw: 💾 Cached volume data: Vol: None%, Ch: None%, Mute: None
2026-07-12T06:08:08+00:00 machine gtk-status-bar[3058]: 2026-07-12T06:08:07.835849Z DEBUG gtk_status_bar::pw: ✅ Sent REAL volume data to GUI: 'Dummy Output' Vol: None%, Ch: None%, Mute: None
2026-07-12T06:08:08+00:00 machine gtk-status-bar[3058]: 2026-07-12T06:08:07.835978Z DEBUG gtk_status_bar::pw: 🎛️  NODE PARAM CALLBACK: Dummy Output (4) received Props param
2026-07-12T06:08:08+00:00 machine gtk-status-bar[3058]: 2026-07-12T06:08:07.835994Z DEBUG gtk_status_bar::widgets: 📺 Skipping GUI update - no volume data available
2026-07-12T06:08:08+00:00 machine gtk-status-bar[3058]: 2026-07-12T06:08:07.836013Z DEBUG gtk_status_bar::pw: 🔊 Node 4: Dummy Output - Vol: Some(100)% | Ch: Some(100)% | Mute: Some(false) [CACHING]
2026-07-12T06:08:08+00:00 machine gtk-status-bar[3058]: 2026-07-12T06:08:07.836037Z DEBUG gtk_status_bar::pw: 📝 Updated volume cache for device 4: Dummy Output -> Vol: Some(100)%, Ch: Some(100)%, Mute: Some(false)
2026-07-12T06:08:08+00:00 machine gtk-status-bar[3058]: 2026-07-12T06:08:07.836063Z DEBUG gtk_status_bar::pw: 🎯 Checking if device 4 is default: current_default=Some("auto_null"), node_name=auto_null, is_default=true
2026-07-12T06:08:08+00:00 machine gtk-status-bar[3058]: 2026-07-12T06:08:07.836087Z DEBUG gtk_status_bar::pw: 📤 SENDING VOLUME UPDATE to GUI for default sink (node id=4)
2026-07-12T06:08:08+00:00 machine gtk-status-bar[3058]: 2026-07-12T06:08:07.836122Z ERROR gtk_status_bar::pw: ❌ PipeWire error id:4 seq:5 res:-2: enum params id:13 (Spa:Enum:ParamId:Route) failed
2026-07-12T06:08:08+00:00 machine gtk-status-bar[3058]: 2026-07-12T06:08:07.836280Z DEBUG gtk_status_bar::widgets: 📺 GTK UI updated via ASYNC: 🔊D100
2026-07-12T06:08:08+00:00 machine gtk-status-bar[3058]: 2026-07-12T06:08:08.128812Z  INFO gtk_status_bar::tray: Status notifier item registered item=":1.86/StatusNotifierItem"
2026-07-12T06:08:08+00:00 machine gtk-status-bar[3058]: 2026-07-12T06:08:08.149035Z  INFO gtk_status_bar::widgets: Added system tray item item=":1.86/StatusNotifierItem"
2026-07-12T06:08:09+00:00 machine gtk-status-bar[3058]: 2026-07-12T06:08:09.788938Z  INFO gtk_status_bar::tray: Status notifier item registered item=":1.87/org/blueman/sni"
2026-07-12T06:08:09+00:00 machine gtk-status-bar[3058]: 2026-07-12T06:08:09.809902Z DEBUG gtk_status_bar::tray: Tray item property is unavailable property="IconPixmap" error=org.freedesktop.DBus.Error.InvalidArgs: No such property “IconPixmap”
2026-07-12T06:08:09+00:00 machine gtk-status-bar[3058]: 2026-07-12T06:08:09.810927Z DEBUG gtk_status_bar::tray: Tray item property is unavailable property="IconThemePath" error=org.freedesktop.DBus.Error.InvalidArgs: No such property “IconThemePath”
2026-07-12T06:08:09+00:00 machine gtk-status-bar[3058]: 2026-07-12T06:08:09.813873Z  INFO gtk_status_bar::widgets: Added system tray item item=":1.87/org/blueman/sni"
2026-07-12T06:09:03+00:00 machine gtk-status-bar[3058]: 2026-07-12T06:09:03.513765Z  INFO gtk_status_bar::tray: Status notifier item registered item=":1.89/StatusNotifierItem"
2026-07-12T06:09:03+00:00 machine gtk-status-bar[3058]: 2026-07-12T06:09:03.522706Z  INFO gtk_status_bar::widgets: Added system tray item item=":1.89/StatusNotifierItem"
2026-07-12T06:09:05+00:00 machine gtk-status-bar[3058]: 2026-07-12T06:09:05.826099Z DEBUG gtk_status_bar::pw: 🚫 Skipping metadata '' (props: Some(DictRef { flags: Flags(0x0), entries: {"object.serial": "93", "module.id": "2", "pipewire.protocol": "protocol-native", "pipewire.sec.pid": "1369", "pipewire.sec.uid": "1000", "pipewire.sec.gid": "100", "pipewire.sec.socket": "pipewire-0", "application.name": "Blueman", "pipewire.access": "unrestricted"} }))
2026-07-12T06:09:07+00:00 machine gtk-status-bar[3058]: 2026-07-12T06:09:07.934331Z  INFO gtk_status_bar::tray: Status notifier item disappeared item=":1.87/org/blueman/sni"
2026-07-12T06:09:07+00:00 machine gtk-status-bar[3058]: 2026-07-12T06:09:07.936111Z  INFO gtk_status_bar::widgets: Removed system tray item item=":1.87/org/blueman/sni"
2026-07-12T06:09:08+00:00 machine gtk-status-bar[3058]: 2026-07-12T06:09:08.712599Z  INFO gtk_status_bar::tray: Status notifier item registered item=":1.93/org/blueman/sni"
2026-07-12T06:09:08+00:00 machine gtk-status-bar[3058]: 2026-07-12T06:09:08.731878Z DEBUG gtk_status_bar::tray: Tray item property is unavailable property="IconPixmap" error=org.freedesktop.DBus.Error.InvalidArgs: No such property “IconPixmap”
2026-07-12T06:09:08+00:00 machine gtk-status-bar[3058]: 2026-07-12T06:09:08.732822Z DEBUG gtk_status_bar::tray: Tray item property is unavailable property="IconThemePath" error=org.freedesktop.DBus.Error.InvalidArgs: No such property “IconThemePath”
2026-07-12T06:09:08+00:00 machine gtk-status-bar[3058]: 2026-07-12T06:09:08.738353Z  INFO gtk_status_bar::widgets: Added system tray item item=":1.93/org/blueman/sni"
2026-07-12T06:09:10+00:00 machine gtk-status-bar[3058]: 2026-07-12T06:09:10.226629Z DEBUG gtk_status_bar::hypr: Handling title change event
2026-07-12T06:09:10+00:00 machine gtk-status-bar[3058]: 2026-07-12T06:09:10.226954Z DEBUG gtk_status_bar::hypr: No active client matches the title change event
2026-07-12T06:09:10+00:00 machine gtk-status-bar[3058]: 2026-07-12T06:09:10.540060Z  INFO gtk_status_bar::tray: Status notifier item registered item=":1.95/StatusNotifierItem"
2026-07-12T06:09:10+00:00 machine gtk-status-bar[3058]: 2026-07-12T06:09:10.612946Z DEBUG gtk_status_bar::tray: Tray item property is unavailable property="IconName" error=org.freedesktop.DBus.Error.Failed: error occurred in Get
2026-07-12T06:09:10+00:00 machine gtk-status-bar[3058]: 2026-07-12T06:09:10.755049Z DEBUG gtk_status_bar::tray: Tray item property is unavailable property="IconThemePath" error=org.freedesktop.DBus.Error.Failed: error occurred in Get
2026-07-12T06:09:10+00:00 machine gtk-status-bar[3058]: 2026-07-12T06:09:10.756415Z  INFO gtk_status_bar::widgets: Added system tray item item=":1.95/StatusNotifierItem"
2026-07-12T06:09:11+00:00 machine gtk-status-bar[3058]: 2026-07-12T06:09:11.038419Z DEBUG gtk_status_bar::hypr: Handling active window change event
2026-07-12T06:09:11+00:00 machine gtk-status-bar[3058]: 2026-07-12T06:09:11.039405Z DEBUG gtk_status_bar::hypr: Window data - class: 'claude-desktop', title: 'Claude', address: '0x5cd6c209b5e0'
2026-07-12T06:09:11+00:00 machine gtk-status-bar[3058]: 2026-07-12T06:09:11.039431Z DEBUG gtk_status_bar::hypr: Active window changed, title: 'Claude'
2026-07-12T06:09:11+00:00 machine gtk-status-bar[3058]: 2026-07-12T06:09:11.039448Z DEBUG gtk_status_bar::hypr: Sending title update: 'Claude'
2026-07-12T06:09:11+00:00 machine gtk-status-bar[3058]: 2026-07-12T06:09:11.041691Z DEBUG gtk_status_bar::widgets: Updating title label: Claude
2026-07-12T06:09:13+00:00 machine gtk-status-bar[3058]: 2026-07-12T06:09:13.438569Z DEBUG gtk_status_bar::tray: Tray backend received command item=":1.86/StatusNotifierItem" action=ContextMenu x=1432 y=11
2026-07-12T06:09:13+00:00 machine gtk-status-bar[3058]: 2026-07-12T06:09:13.445210Z DEBUG gtk_status_bar::tray: dbusmenu GetLayout reply decoded item=":1.86/StatusNotifierItem" fields=2
2026-07-12T06:09:13+00:00 machine gtk-status-bar[3058]: 2026-07-12T06:09:13.445256Z DEBUG gtk_status_bar::tray: dbusmenu layout parsed item=":1.86/StatusNotifierItem" count=5
2026-07-12T06:09:13+00:00 machine gtk-status-bar[3058]: 2026-07-12T06:09:13.446347Z DEBUG gtk_status_bar::widgets: Tray menu entry labels item=":1.86/StatusNotifierItem" labels=[Some("Keyboard - English (US)"), None, Some("Restart"), Some("Input Method Settings"), Some("Exit")]
2026-07-12T06:09:13+00:00 machine gtk-status-bar[3058]: 2026-07-12T06:09:13.446691Z DEBUG gtk_status_bar::widgets: Presenting tray menu item=":1.86/StatusNotifierItem" entries=5
2026-07-12T06:09:24+00:00 machine gtk-status-bar[3058]: 2026-07-12T06:09:24.058425Z DEBUG gtk_status_bar::tray: Tray backend received command item=":1.86/StatusNotifierItem" action=ContextMenu x=1432 y=11
2026-07-12T06:09:24+00:00 machine gtk-status-bar[3058]: 2026-07-12T06:09:24.059346Z DEBUG gtk_status_bar::tray: dbusmenu GetLayout reply decoded item=":1.86/StatusNotifierItem" fields=2
2026-07-12T06:09:24+00:00 machine gtk-status-bar[3058]: 2026-07-12T06:09:24.059371Z DEBUG gtk_status_bar::tray: dbusmenu layout parsed item=":1.86/StatusNotifierItem" count=5
2026-07-12T06:09:24+00:00 machine gtk-status-bar[3058]: 2026-07-12T06:09:24.059801Z DEBUG gtk_status_bar::widgets: Tray menu entry labels item=":1.86/StatusNotifierItem" labels=[Some("Keyboard - English (US)"), None, Some("Restart"), Some("Input Method Settings"), Some("Exit")]
2026-07-12T06:09:24+00:00 machine gtk-status-bar[3058]: 2026-07-12T06:09:24.060269Z DEBUG gtk_status_bar::widgets: Presenting tray menu item=":1.86/StatusNotifierItem" entries=5
2026-07-12T06:09:25+00:00 machine gtk-status-bar[3058]: 2026-07-12T06:09:25.464020Z DEBUG gtk_status_bar::tray: Tray backend received command item=":1.86/StatusNotifierItem" action=ContextMenu x=1432 y=11
2026-07-12T06:09:25+00:00 machine gtk-status-bar[3058]: 2026-07-12T06:09:25.487059Z DEBUG gtk_status_bar::tray: dbusmenu GetLayout reply decoded item=":1.86/StatusNotifierItem" fields=2
2026-07-12T06:09:25+00:00 machine gtk-status-bar[3058]: 2026-07-12T06:09:25.487123Z DEBUG gtk_status_bar::tray: dbusmenu layout parsed item=":1.86/StatusNotifierItem" count=5
2026-07-12T06:09:25+00:00 machine gtk-status-bar[3058]: 2026-07-12T06:09:25.505715Z DEBUG gtk_status_bar::widgets: Tray menu entry labels item=":1.86/StatusNotifierItem" labels=[Some("Keyboard - English (US)"), None, Some("Restart"), Some("Input Method Settings"), Some("Exit")]
2026-07-12T06:09:25+00:00 machine gtk-status-bar[3058]: 2026-07-12T06:09:25.517907Z DEBUG gtk_status_bar::widgets: Presenting tray menu item=":1.86/StatusNotifierItem" entries=5
2026-07-12T06:09:26+00:00 machine gtk-status-bar[3058]: 2026-07-12T06:09:26.841370Z DEBUG gtk_status_bar::tray: Tray backend received command item=":1.86/StatusNotifierItem" action=ContextMenu x=1432 y=11
2026-07-12T06:09:26+00:00 machine gtk-status-bar[3058]: 2026-07-12T06:09:26.842290Z DEBUG gtk_status_bar::tray: dbusmenu GetLayout reply decoded item=":1.86/StatusNotifierItem" fields=2
2026-07-12T06:09:26+00:00 machine gtk-status-bar[3058]: 2026-07-12T06:09:26.842314Z DEBUG gtk_status_bar::tray: dbusmenu layout parsed item=":1.86/StatusNotifierItem" count=5
2026-07-12T06:09:26+00:00 machine gtk-status-bar[3058]: 2026-07-12T06:09:26.844761Z DEBUG gtk_status_bar::widgets: Tray menu entry labels item=":1.86/StatusNotifierItem" labels=[Some("Keyboard - English (US)"), None, Some("Restart"), Some("Input Method Settings"), Some("Exit")]
2026-07-12T06:09:26+00:00 machine gtk-status-bar[3058]: 2026-07-12T06:09:26.845093Z DEBUG gtk_status_bar::widgets: Presenting tray menu item=":1.86/StatusNotifierItem" entries=5
2026-07-12T06:09:28+00:00 machine gtk-status-bar[3058]: 2026-07-12T06:09:28.236111Z DEBUG gtk_status_bar::tray: Tray backend received command item=":1.86/StatusNotifierItem" action=MenuEvent(100) x=1432 y=11
2026-07-12T06:09:30+00:00 machine gtk-status-bar[3058]: 2026-07-12T06:09:30.825854Z DEBUG gtk_status_bar::tray: Tray backend received command item=":1.86/StatusNotifierItem" action=ContextMenu x=1432 y=11
2026-07-12T06:09:30+00:00 machine gtk-status-bar[3058]: 2026-07-12T06:09:30.843803Z DEBUG gtk_status_bar::tray: dbusmenu GetLayout reply decoded item=":1.86/StatusNotifierItem" fields=2
2026-07-12T06:09:30+00:00 machine gtk-status-bar[3058]: 2026-07-12T06:09:30.843894Z DEBUG gtk_status_bar::tray: dbusmenu layout parsed item=":1.86/StatusNotifierItem" count=5
2026-07-12T06:09:30+00:00 machine gtk-status-bar[3058]: 2026-07-12T06:09:30.844223Z DEBUG gtk_status_bar::widgets: Tray menu entry labels item=":1.86/StatusNotifierItem" labels=[Some("Keyboard - English (US)"), None, Some("Restart"), Some("Input Method Settings"), Some("Exit")]
2026-07-12T06:09:30+00:00 machine gtk-status-bar[3058]: 2026-07-12T06:09:30.844456Z DEBUG gtk_status_bar::widgets: Presenting tray menu item=":1.86/StatusNotifierItem" entries=5
2026-07-12T06:09:33+00:00 machine gtk-status-bar[3058]: 2026-07-12T06:09:33.575452Z DEBUG gtk_status_bar::tray: Tray backend received command item=":1.86/StatusNotifierItem" action=MenuEvent(4) x=1432 y=11
2026-07-12T06:09:36+00:00 machine gtk-status-bar[3058]: 2026-07-12T06:09:36.152237Z DEBUG gtk_status_bar::tray: Tray backend received command item=":1.86/StatusNotifierItem" action=ContextMenu x=1432 y=11
2026-07-12T06:09:36+00:00 machine gtk-status-bar[3058]: 2026-07-12T06:09:36.153225Z DEBUG gtk_status_bar::tray: dbusmenu GetLayout reply decoded item=":1.86/StatusNotifierItem" fields=2
2026-07-12T06:09:36+00:00 machine gtk-status-bar[3058]: 2026-07-12T06:09:36.153258Z DEBUG gtk_status_bar::tray: dbusmenu layout parsed item=":1.86/StatusNotifierItem" count=5
2026-07-12T06:09:36+00:00 machine gtk-status-bar[3058]: 2026-07-12T06:09:36.153660Z DEBUG gtk_status_bar::widgets: Tray menu entry labels item=":1.86/StatusNotifierItem" labels=[Some("Keyboard - English (US)"), None, Some("Restart"), Some("Input Method Settings"), Some("Exit")]
2026-07-12T06:09:36+00:00 machine gtk-status-bar[3058]: 2026-07-12T06:09:36.154002Z DEBUG gtk_status_bar::widgets: Presenting tray menu item=":1.86/StatusNotifierItem" entries=5
2026-07-12T06:09:38+00:00 machine gtk-status-bar[3058]: 2026-07-12T06:09:38.785392Z  INFO gtk_status_bar::tray: Status notifier item disappeared item=":1.89/StatusNotifierItem"
2026-07-12T06:09:38+00:00 machine gtk-status-bar[3058]: 2026-07-12T06:09:38.793859Z  INFO gtk_status_bar::widgets: Removed system tray item item=":1.89/StatusNotifierItem"
