2026-07-13T21:30:43+00:00 machine gtk-status-bar[1188]: 2026-07-13T21:30:43.785540Z  INFO gtk_status_bar: Starting GTK status bar application
2026-07-13T21:30:43+00:00 machine gtk-status-bar[1188]: 2026-07-13T21:30:43.805147Z  INFO gtk_status_bar: Running GTK application
2026-07-13T21:30:48+00:00 machine gtk-status-bar[1188]: 2026-07-13T21:30:48.026668Z  INFO gtk_status_bar: Activating GTK application
2026-07-13T21:30:48+00:00 machine gtk-status-bar[1188]: 2026-07-13T21:30:48.039690Z DEBUG gtk_status_bar::widgets: Loading CSS styles
2026-07-13T21:30:48+00:00 machine gtk-status-bar[1188]: 2026-07-13T21:30:48.042078Z  INFO gtk_status_bar::widgets: CSS styles loaded successfully
2026-07-13T21:30:48+00:00 machine gtk-status-bar[1188]: 2026-07-13T21:30:48.042124Z DEBUG gtk_status_bar::widgets: Configuring layer shell
2026-07-13T21:30:48+00:00 machine gtk-status-bar[1188]: 2026-07-13T21:30:48.057579Z  INFO gtk_status_bar::widgets: Layer shell configured successfully
2026-07-13T21:30:48+00:00 machine gtk-status-bar[1188]: 2026-07-13T21:30:48.058119Z DEBUG gtk_status_bar::widgets: Creating experimental bar
2026-07-13T21:30:48+00:00 machine gtk-status-bar[1188]: 2026-07-13T21:30:48.059346Z DEBUG gtk_status_bar::widgets: Creating left group
2026-07-13T21:30:48+00:00 machine gtk-status-bar[1188]: 2026-07-13T21:30:48.059389Z DEBUG gtk_status_bar::widgets: Creating workspace widget
2026-07-13T21:30:48+00:00 machine gtk-status-bar[1188]: 2026-07-13T21:30:48.062398Z DEBUG gtk_status_bar::widgets: Creating workspace client strip
2026-07-13T21:30:48+00:00 machine gtk-status-bar[1188]: 2026-07-13T21:30:48.062623Z DEBUG gtk_status_bar::widgets: Creating right group
2026-07-13T21:30:48+00:00 machine gtk-status-bar[1188]: 2026-07-13T21:30:48.062672Z DEBUG gtk_status_bar::widgets: Creating system tray widget
2026-07-13T21:30:48+00:00 machine gtk-status-bar[1188]: 2026-07-13T21:30:48.062703Z DEBUG gtk_status_bar::widgets: Creating bluetooth widget
2026-07-13T21:30:48+00:00 machine gtk-status-bar[1188]: 2026-07-13T21:30:48.062753Z DEBUG gtk_status_bar::widgets: Creating volume widget
2026-07-13T21:30:48+00:00 machine gtk-status-bar[1188]: 2026-07-13T21:30:48.063015Z DEBUG gtk_status_bar::widgets: Creating network widget
2026-07-13T21:30:48+00:00 machine gtk-status-bar[1188]: 2026-07-13T21:30:48.063067Z DEBUG gtk_status_bar::widgets: Creating battery widget
2026-07-13T21:30:48+00:00 machine gtk-status-bar[1188]: 2026-07-13T21:30:48.063116Z DEBUG gtk_status_bar::widgets: Creating time widget
2026-07-13T21:30:49+00:00 machine gtk-status-bar[1188]: 2026-07-13T21:30:49.729042Z DEBUG gtk_status_bar::widgets: Setting up time widget updates
2026-07-13T21:30:49+00:00 machine gtk-status-bar[1188]: 2026-07-13T21:30:49.729281Z DEBUG gtk_status_bar::widgets: Updating time label:  9:30 PM
2026-07-13T21:30:49+00:00 machine gtk-status-bar[1188]: 2026-07-13T21:30:49.729675Z DEBUG gtk_status_bar::widgets: Setting up system tray updates
2026-07-13T21:30:49+00:00 machine gtk-status-bar[1188]: 2026-07-13T21:30:49.729913Z DEBUG gtk_status_bar::widgets: Setting up workspace updates
2026-07-13T21:30:49+00:00 machine gtk-status-bar[1188]: 2026-07-13T21:30:49.729956Z DEBUG gtk_status_bar::widgets: Setting up workspace client updates
2026-07-13T21:30:49+00:00 machine gtk-status-bar[1188]: 2026-07-13T21:30:49.729998Z DEBUG gtk_status_bar::widgets: Setting up battery updates
2026-07-13T21:30:49+00:00 machine gtk-status-bar[1188]: 2026-07-13T21:30:49.730043Z DEBUG gtk_status_bar::widgets: Setting up Bluetooth battery updates
2026-07-13T21:30:49+00:00 machine gtk-status-bar[1188]: 2026-07-13T21:30:49.730087Z DEBUG gtk_status_bar::widgets: Setting up network updates
2026-07-13T21:30:49+00:00 machine gtk-status-bar[1188]: 2026-07-13T21:30:49.730127Z DEBUG gtk_status_bar::widgets: Setting up volume updates with tokio async channels
2026-07-13T21:30:49+00:00 machine gtk-status-bar[1188]: 2026-07-13T21:30:49.731992Z  INFO gtk_status_bar: Application activated successfully
2026-07-13T21:30:49+00:00 machine gtk-status-bar[1188]: 2026-07-13T21:30:49.734389Z DEBUG gtk_status_bar::pw: 🔧 Initializing PipeWire on dedicated thread...
2026-07-13T21:30:49+00:00 machine gtk-status-bar[1188]: 2026-07-13T21:30:49.734872Z DEBUG gtk_status_bar::pw: 📋 Created device tracking HashMap for (node_name, description, volume, channel, mute)
2026-07-13T21:30:49+00:00 machine gtk-status-bar[1188]: 2026-07-13T21:30:49.738718Z DEBUG gtk_status_bar::widgets: 🚀 Starting async volume update loop...
2026-07-13T21:30:49+00:00 machine gtk-status-bar[1188]: 2026-07-13T21:30:49.788668Z DEBUG gtk_status_bar::pw: ✅ PipeWire initialized
2026-07-13T21:30:49+00:00 machine gtk-status-bar[1188]: 2026-07-13T21:30:49.791418Z DEBUG gtk_status_bar::pw: ✅ ThreadLoop created
2026-07-13T21:30:49+00:00 machine gtk-status-bar[1188]: 2026-07-13T21:30:49.818537Z  INFO gtk_status_bar: Starting tray IPC server
2026-07-13T21:30:49+00:00 machine gtk-status-bar[1188]: 2026-07-13T21:30:49.818686Z  INFO gtk_status_bar::tray: 🔌 Starting system tray backend
2026-07-13T21:30:49+00:00 machine gtk-status-bar[1188]: 2026-07-13T21:30:49.818629Z  INFO gtk_status_bar::hypr: 🔌 Starting workspace event listener
2026-07-13T21:30:49+00:00 machine gtk-status-bar[1188]: 2026-07-13T21:30:49.818856Z DEBUG gtk_status_bar::hypr: Setting up workspace event listener
2026-07-13T21:30:49+00:00 machine gtk-status-bar[1188]: 2026-07-13T21:30:49.818516Z  INFO gtk_status_bar::dbus: 🔌 Starting D-Bus monitor
2026-07-13T21:30:49+00:00 machine gtk-status-bar[1188]: 2026-07-13T21:30:49.818970Z  INFO gtk_status_bar::dbus: Starting D-Bus monitoring task
2026-07-13T21:30:49+00:00 machine gtk-status-bar[1188]: 2026-07-13T21:30:49.819753Z  INFO gtk_status_bar::network: Starting network monitor
2026-07-13T21:30:49+00:00 machine gtk-status-bar[1188]: 2026-07-13T21:30:49.824053Z  INFO gtk_status_bar::hypr: 🔌 Starting title event listener
2026-07-13T21:30:49+00:00 machine gtk-status-bar[1188]: 2026-07-13T21:30:49.824167Z DEBUG gtk_status_bar::hypr: Setting up title event listener
2026-07-13T21:30:49+00:00 machine gtk-status-bar[1188]: 2026-07-13T21:30:49.837182Z  INFO gtk_status_bar::hypr: Starting workspace event listener
2026-07-13T21:30:49+00:00 machine gtk-status-bar[1188]: 2026-07-13T21:30:49.841724Z DEBUG gtk_status_bar::widgets: Pinning bar height to font-derived line height char_height=18 multiplier=1.4 pinned=25
2026-07-13T21:30:49+00:00 machine gtk-status-bar[1188]: 2026-07-13T21:30:49.859558Z  INFO gtk_status_bar::hypr: Starting title event listener
2026-07-13T21:30:49+00:00 machine gtk-status-bar[1188]: 2026-07-13T21:30:49.878900Z  INFO tray_ipc: Tray IPC server is listening path=/run/user/1000/gtk-status-bar/tray.sock
2026-07-13T21:30:49+00:00 machine gtk-status-bar[1188]: 2026-07-13T21:30:49.914062Z DEBUG gtk_status_bar::widgets: Updating workspace - label: 'Workspace u', color for workspace: 1
2026-07-13T21:30:49+00:00 machine gtk-status-bar[1188]: 2026-07-13T21:30:49.921244Z DEBUG gtk_status_bar::widgets: Updated title widget color to: rgba(122, 162, 247, 0.5) for workspace: 1
2026-07-13T21:30:49+00:00 machine gtk-status-bar[1188]: 2026-07-13T21:30:49.917645Z DEBUG gtk_status_bar::dbus: 🔌 Registered battery match rule
2026-07-13T21:30:49+00:00 machine gtk-status-bar[1188]: 2026-07-13T21:30:49.928875Z DEBUG gtk_status_bar::widgets: Updating workspace client strip workspace_id=1 client_count=0
2026-07-13T21:30:49+00:00 machine gtk-status-bar[1188]: 2026-07-13T21:30:49.931973Z DEBUG gtk_status_bar::pw: ✅ Context created
2026-07-13T21:30:49+00:00 machine gtk-status-bar[1188]: 2026-07-13T21:30:49.932069Z DEBUG gtk_status_bar::dbus: 🔌 Registered bluez PropertiesChanged match rule
2026-07-13T21:30:49+00:00 machine gtk-status-bar[1188]: 2026-07-13T21:30:49.933561Z  INFO gtk_status_bar::tray: Serving StatusNotifierWatcher for tray applications
2026-07-13T21:30:49+00:00 machine gtk-status-bar[1188]: 2026-07-13T21:30:49.934867Z DEBUG gtk_status_bar::dbus: 🔌 Registered bluez InterfacesAdded match rule
2026-07-13T21:30:49+00:00 machine gtk-status-bar[1188]: 2026-07-13T21:30:49.935596Z DEBUG gtk_status_bar::dbus: 🔌 Registered bluez InterfacesRemoved match rule
2026-07-13T21:30:49+00:00 machine gtk-status-bar[1188]: 2026-07-13T21:30:49.945376Z DEBUG gtk_status_bar::pw: ✅ Core connected
2026-07-13T21:30:49+00:00 machine gtk-status-bar[1188]: 2026-07-13T21:30:49.945761Z DEBUG gtk_status_bar::pw: ✅ Registry obtained
2026-07-13T21:30:49+00:00 machine gtk-status-bar[1188]: 2026-07-13T21:30:49.945790Z DEBUG gtk_status_bar::pw: 🎵 PipeWire ThreadLoop started - monitoring volume changes with default sink filtering
2026-07-13T21:30:49+00:00 machine gtk-status-bar[1188]: 2026-07-13T21:30:49.946053Z DEBUG gtk_status_bar::pw: ✅ ThreadLoop started successfully
2026-07-13T21:30:49+00:00 machine gtk-status-bar[1188]: 2026-07-13T21:30:49.946073Z DEBUG gtk_status_bar::pw: 🔄 PipeWire thread running - async event delivery active...
2026-07-13T21:30:49+00:00 machine gtk-status-bar[1188]: 2026-07-13T21:30:49.959435Z DEBUG gtk_status_bar::network: Sent network update label="\u{f0925} 73% ?"
2026-07-13T21:30:49+00:00 machine gtk-status-bar[1188]: 2026-07-13T21:30:49.978660Z DEBUG gtk_status_bar::pw: 📡 PipeWire connected: pipewire-0
2026-07-13T21:30:49+00:00 machine gtk-status-bar[1188]: 2026-07-13T21:30:49.981618Z DEBUG gtk_status_bar::pw: 🚫 Skipping metadata '' (props: Some(DictRef { flags: Flags(0x0), entries: {"object.serial": "0", "core.name": "pipewire-0"} }))
2026-07-13T21:30:49+00:00 machine gtk-status-bar[1188]: 2026-07-13T21:30:49.985190Z DEBUG gtk_status_bar::pw: 🚫 Skipping metadata '' (props: Some(DictRef { flags: Flags(0x0), entries: {"object.serial": "1", "module.name": "libpipewire-module-rt"} }))
2026-07-13T21:30:49+00:00 machine gtk-status-bar[1188]: 2026-07-13T21:30:49.985229Z DEBUG gtk_status_bar::pw: 🚫 Skipping metadata '' (props: Some(DictRef { flags: Flags(0x0), entries: {"object.serial": "3"} }))
2026-07-13T21:30:49+00:00 machine gtk-status-bar[1188]: 2026-07-13T21:30:49.985248Z DEBUG gtk_status_bar::pw: 🚫 Skipping metadata '' (props: Some(DictRef { flags: Flags(0x0), entries: {"object.serial": "2", "module.name": "libpipewire-module-protocol-native"} }))
2026-07-13T21:30:49+00:00 machine gtk-status-bar[1188]: 2026-07-13T21:30:49.985266Z DEBUG gtk_status_bar::pw: 🚫 Skipping metadata '' (props: Some(DictRef { flags: Flags(0x0), entries: {"object.serial": "5"} }))
2026-07-13T21:30:49+00:00 machine gtk-status-bar[1188]: 2026-07-13T21:30:49.985283Z DEBUG gtk_status_bar::pw: 🚫 Skipping metadata '' (props: Some(DictRef { flags: Flags(0x0), entries: {"object.serial": "4", "module.name": "libpipewire-module-profiler"} }))
2026-07-13T21:30:49+00:00 machine gtk-status-bar[1188]: 2026-07-13T21:30:49.985300Z DEBUG gtk_status_bar::pw: 🚫 Skipping metadata '' (props: Some(DictRef { flags: Flags(0x0), entries: {"object.serial": "6", "module.name": "libpipewire-module-metadata"} }))
2026-07-13T21:30:49+00:00 machine gtk-status-bar[1188]: 2026-07-13T21:30:49.985318Z DEBUG gtk_status_bar::pw: 🚫 Skipping metadata '' (props: Some(DictRef { flags: Flags(0x0), entries: {"object.serial": "7", "module.id": "6", "factory.name": "metadata", "factory.type.name": "PipeWire:Interface:Metadata", "factory.type.version": "3"} }))
2026-07-13T21:30:49+00:00 machine gtk-status-bar[1188]: 2026-07-13T21:30:49.985341Z DEBUG gtk_status_bar::pw: 🚫 Skipping metadata '' (props: Some(DictRef { flags: Flags(0x0), entries: {"object.serial": "8", "module.name": "libpipewire-module-spa-device-factory"} }))
2026-07-13T21:30:49+00:00 machine gtk-status-bar[1188]: 2026-07-13T21:30:49.985364Z DEBUG gtk_status_bar::pw: 🚫 Skipping metadata '' (props: Some(DictRef { flags: Flags(0x0), entries: {"object.serial": "9", "module.id": "8", "factory.name": "spa-device-factory", "factory.type.name": "PipeWire:Interface:Device", "factory.type.version": "3"} }))
2026-07-13T21:30:49+00:00 machine gtk-status-bar[1188]: 2026-07-13T21:30:49.985385Z DEBUG gtk_status_bar::pw: 🚫 Skipping metadata '' (props: Some(DictRef { flags: Flags(0x0), entries: {"object.serial": "10", "module.name": "libpipewire-module-spa-node-factory"} }))
2026-07-13T21:30:49+00:00 machine gtk-status-bar[1188]: 2026-07-13T21:30:49.985403Z DEBUG gtk_status_bar::pw: 🚫 Skipping metadata '' (props: Some(DictRef { flags: Flags(0x0), entries: {"object.serial": "11", "module.id": "10", "factory.name": "spa-node-factory", "factory.type.name": "PipeWire:Interface:Node", "factory.type.version": "3"} }))
2026-07-13T21:30:49+00:00 machine gtk-status-bar[1188]: 2026-07-13T21:30:49.985424Z DEBUG gtk_status_bar::pw: 🚫 Skipping metadata '' (props: Some(DictRef { flags: Flags(0x0), entries: {"object.serial": "12", "module.name": "libpipewire-module-client-node"} }))
2026-07-13T21:30:49+00:00 machine gtk-status-bar[1188]: 2026-07-13T21:30:49.985441Z DEBUG gtk_status_bar::pw: 🚫 Skipping metadata '' (props: Some(DictRef { flags: Flags(0x0), entries: {"object.serial": "13", "module.id": "12", "factory.name": "client-node", "factory.type.name": "PipeWire:Interface:ClientNode", "factory.type.version": "6"} }))
2026-07-13T21:30:49+00:00 machine gtk-status-bar[1188]: 2026-07-13T21:30:49.985497Z DEBUG gtk_status_bar::pw: 🚫 Skipping metadata '' (props: Some(DictRef { flags: Flags(0x0), entries: {"object.serial": "14", "module.name": "libpipewire-module-client-device"} }))
2026-07-13T21:30:49+00:00 machine gtk-status-bar[1188]: 2026-07-13T21:30:49.985515Z DEBUG gtk_status_bar::pw: 🚫 Skipping metadata '' (props: Some(DictRef { flags: Flags(0x0), entries: {"object.serial": "15", "module.id": "14", "factory.name": "client-device", "factory.type.name": "Spa:Pointer:Interface:Device", "factory.type.version": "0"} }))
2026-07-13T21:30:50+00:00 machine gtk-status-bar[1188]: 2026-07-13T21:30:49.985532Z DEBUG gtk_status_bar::pw: 🚫 Skipping metadata '' (props: Some(DictRef { flags: Flags(0x0), entries: {"object.serial": "16", "module.name": "libpipewire-module-portal"} }))
2026-07-13T21:30:50+00:00 machine gtk-status-bar[1188]: 2026-07-13T21:30:49.985549Z DEBUG gtk_status_bar::pw: 🚫 Skipping metadata '' (props: Some(DictRef { flags: Flags(0x0), entries: {"object.serial": "17", "module.name": "libpipewire-module-access"} }))
2026-07-13T21:30:50+00:00 machine gtk-status-bar[1188]: 2026-07-13T21:30:49.985567Z DEBUG gtk_status_bar::pw: 🚫 Skipping metadata '' (props: Some(DictRef { flags: Flags(0x0), entries: {"object.serial": "18", "module.name": "libpipewire-module-adapter"} }))
2026-07-13T21:30:50+00:00 machine gtk-status-bar[1188]: 2026-07-13T21:30:49.985590Z DEBUG gtk_status_bar::pw: 🚫 Skipping metadata '' (props: Some(DictRef { flags: Flags(0x0), entries: {"object.serial": "19", "module.id": "18", "factory.name": "adapter", "factory.type.name": "PipeWire:Interface:Node", "factory.type.version": "3"} }))
2026-07-13T21:30:50+00:00 machine gtk-status-bar[1188]: 2026-07-13T21:30:49.985608Z DEBUG gtk_status_bar::pw: 🚫 Skipping metadata '' (props: Some(DictRef { flags: Flags(0x0), entries: {"object.serial": "20", "module.name": "libpipewire-module-link-factory"} }))
2026-07-13T21:30:50+00:00 machine gtk-status-bar[1188]: 2026-07-13T21:30:49.985625Z DEBUG gtk_status_bar::pw: 🚫 Skipping metadata '' (props: Some(DictRef { flags: Flags(0x0), entries: {"object.serial": "21", "module.id": "20", "factory.name": "link-factory", "factory.type.name": "PipeWire:Interface:Link", "factory.type.version": "3"} }))
2026-07-13T21:30:50+00:00 machine gtk-status-bar[1188]: 2026-07-13T21:30:49.985653Z DEBUG gtk_status_bar::pw: 🚫 Skipping metadata '' (props: Some(DictRef { flags: Flags(0x0), entries: {"object.serial": "22", "module.name": "libpipewire-module-session-manager"} }))
2026-07-13T21:30:50+00:00 machine gtk-status-bar[1188]: 2026-07-13T21:30:49.985670Z DEBUG gtk_status_bar::pw: 🚫 Skipping metadata '' (props: Some(DictRef { flags: Flags(0x0), entries: {"object.serial": "23", "module.id": "22", "factory.name": "client-endpoint", "factory.type.name": "PipeWire:Interface:ClientEndpoint", "factory.type.version": "0"} }))
2026-07-13T21:30:50+00:00 machine gtk-status-bar[1188]: 2026-07-13T21:30:49.985689Z DEBUG gtk_status_bar::pw: 🚫 Skipping metadata '' (props: Some(DictRef { flags: Flags(0x0), entries: {"object.serial": "24", "module.id": "22", "factory.name": "client-session", "factory.type.name": "PipeWire:Interface:ClientSession", "factory.type.version": "0"} }))
2026-07-13T21:30:50+00:00 machine gtk-status-bar[1188]: 2026-07-13T21:30:49.985709Z DEBUG gtk_status_bar::pw: 🚫 Skipping metadata '' (props: Some(DictRef { flags: Flags(0x0), entries: {"object.serial": "25", "module.id": "22", "factory.name": "session", "factory.type.name": "PipeWire:Interface:Session", "factory.type.version": "0"} }))
2026-07-13T21:30:50+00:00 machine gtk-status-bar[1188]: 2026-07-13T21:30:49.985729Z DEBUG gtk_status_bar::pw: 🚫 Skipping metadata '' (props: Some(DictRef { flags: Flags(0x0), entries: {"object.serial": "26", "module.id": "22", "factory.name": "endpoint", "factory.type.name": "PipeWire:Interface:Endpoint", "factory.type.version": "0"} }))
2026-07-13T21:30:50+00:00 machine gtk-status-bar[1188]: 2026-07-13T21:30:49.985749Z DEBUG gtk_status_bar::pw: 🚫 Skipping metadata '' (props: Some(DictRef { flags: Flags(0x0), entries: {"object.serial": "27", "module.id": "22", "factory.name": "endpoint-stream", "factory.type.name": "PipeWire:Interface:EndpointStream", "factory.type.version": "0"} }))
2026-07-13T21:30:50+00:00 machine gtk-status-bar[1188]: 2026-07-13T21:30:49.985771Z DEBUG gtk_status_bar::pw: 🚫 Skipping metadata '' (props: Some(DictRef { flags: Flags(0x0), entries: {"object.serial": "28", "module.id": "22", "factory.name": "endpoint-link", "factory.type.name": "PipeWire:Interface:EndpointLink", "factory.type.version": "0"} }))
2026-07-13T21:30:50+00:00 machine gtk-status-bar[1188]: 2026-07-13T21:30:49.985791Z DEBUG gtk_status_bar::pw: 🚫 Skipping metadata '' (props: Some(DictRef { flags: Flags(0x0), entries: {"object.serial": "29", "module.name": "libpipewire-module-x11-bell"} }))
2026-07-13T21:30:50+00:00 machine gtk-status-bar[1188]: 2026-07-13T21:30:49.985815Z DEBUG gtk_status_bar::pw: 🚫 Skipping metadata '' (props: Some(DictRef { flags: Flags(0x0), entries: {"object.serial": "30", "module.name": "libpipewire-module-jackdbus-detect"} }))
2026-07-13T21:30:50+00:00 machine gtk-status-bar[1188]: 2026-07-13T21:30:49.985836Z DEBUG gtk_status_bar::pw: 🚫 Skipping metadata '' (props: Some(DictRef { flags: Flags(0x0), entries: {"object.serial": "31", "factory.id": "11", "priority.driver": "200000", "node.name": "Dummy-Driver"} }))
2026-07-13T21:30:50+00:00 machine gtk-status-bar[1188]: 2026-07-13T21:30:49.985858Z DEBUG gtk_status_bar::pw: 🔍 Checking node - media.class: None
2026-07-13T21:30:50+00:00 machine gtk-status-bar[1188]: 2026-07-13T21:30:49.985876Z DEBUG gtk_status_bar::pw: 🔍 Node filter result: false for media.class: None
2026-07-13T21:30:50+00:00 machine gtk-status-bar[1188]: 2026-07-13T21:30:49.985896Z DEBUG gtk_status_bar::pw: 🚫 Skipping metadata '' (props: Some(DictRef { flags: Flags(0x0), entries: {"object.serial": "32", "factory.id": "11", "priority.driver": "190000", "node.name": "Freewheel-Driver"} }))
2026-07-13T21:30:50+00:00 machine gtk-status-bar[1188]: 2026-07-13T21:30:49.985917Z DEBUG gtk_status_bar::pw: 🔍 Checking node - media.class: None
2026-07-13T21:30:50+00:00 machine gtk-status-bar[1188]: 2026-07-13T21:30:49.985933Z DEBUG gtk_status_bar::pw: 🔍 Node filter result: false for media.class: None
2026-07-13T21:30:50+00:00 machine gtk-status-bar[1188]: 2026-07-13T21:30:49.985952Z DEBUG gtk_status_bar::pw: 🚫 Skipping metadata 'settings' (props: Some(DictRef { flags: Flags(0x0), entries: {"object.serial": "33", "metadata.name": "settings"} }))
2026-07-13T21:30:50+00:00 machine gtk-status-bar[1188]: 2026-07-13T21:30:49.985973Z DEBUG gtk_status_bar::pw: 🚫 Skipping metadata '' (props: Some(DictRef { flags: Flags(0x0), entries: {"object.serial": "34", "module.id": "2", "pipewire.protocol": "protocol-native", "pipewire.sec.pid": "1259", "pipewire.sec.uid": "1000", "pipewire.sec.gid": "100", "pipewire.sec.socket": "pipewire-0", "application.name": ".xdg-desktop-portal-wrapped", "pipewire.access": "unrestricted"} }))
2026-07-13T21:30:50+00:00 machine gtk-status-bar[1188]: 2026-07-13T21:30:49.985996Z DEBUG gtk_status_bar::pw: 🚫 Skipping metadata '' (props: Some(DictRef { flags: Flags(0x0), entries: {"object.serial": "35", "module.id": "2", "pipewire.protocol": "protocol-native", "pipewire.sec.pid": "1332", "pipewire.sec.uid": "1000", "pipewire.sec.gid": "100", "pipewire.sec.socket": "pipewire-0-manager", "application.name": "WirePlumber", "pipewire.access": "unrestricted"} }))
2026-07-13T21:30:50+00:00 machine gtk-status-bar[1188]: 2026-07-13T21:30:49.986020Z DEBUG gtk_status_bar::pw: 🚫 Skipping metadata 'schema-sm-settings' (props: Some(DictRef { flags: Flags(0x0), entries: {"metadata.name": "schema-sm-settings", "factory.id": "7", "module.id": "6", "client.id": "35", "object.serial": "36"} }))
2026-07-13T21:30:50+00:00 machine gtk-status-bar[1188]: 2026-07-13T21:30:49.986043Z DEBUG gtk_status_bar::pw: 🚫 Skipping metadata 'persistent-sm-settings' (props: Some(DictRef { flags: Flags(0x0), entries: {"metadata.name": "persistent-sm-settings", "factory.id": "7", "module.id": "6", "client.id": "35", "object.serial": "37"} }))
2026-07-13T21:30:50+00:00 machine gtk-status-bar[1188]: 2026-07-13T21:30:49.986064Z DEBUG gtk_status_bar::pw: 🚫 Skipping metadata 'sm-settings' (props: Some(DictRef { flags: Flags(0x0), entries: {"metadata.name": "sm-settings", "factory.id": "7", "module.id": "6", "client.id": "35", "object.serial": "38"} }))
2026-07-13T21:30:50+00:00 machine gtk-status-bar[1188]: 2026-07-13T21:30:49.986086Z DEBUG gtk_status_bar::pw: 🚫 Skipping metadata 'sm-objects' (props: Some(DictRef { flags: Flags(0x0), entries: {"metadata.name": "sm-objects", "factory.id": "7", "module.id": "6", "client.id": "35", "object.serial": "39"} }))
2026-07-13T21:30:50+00:00 machine gtk-status-bar[1188]: 2026-07-13T21:30:49.986106Z DEBUG gtk_status_bar::pw: 🚫 Skipping metadata 'default-profile' (props: Some(DictRef { flags: Flags(0x0), entries: {"wireplumber.state": "true", "metadata.name": "default-profile", "factory.id": "7", "module.id": "6", "client.id": "35", "object.serial": "40"} }))
2026-07-13T21:30:50+00:00 machine gtk-status-bar[1188]: 2026-07-13T21:30:49.986129Z DEBUG gtk_status_bar::pw: ✅ Processing metadata.name == default
2026-07-13T21:30:50+00:00 machine gtk-status-bar[1188]: 2026-07-13T21:30:49.986147Z DEBUG gtk_status_bar::pw: 📋 Found metadata object: Some(DictRef { flags: Flags(0x0), entries: {"metadata.name": "default", "factory.id": "7", "module.id": "6", "client.id": "35", "object.serial": "41"} })
2026-07-13T21:30:50+00:00 machine gtk-status-bar[1188]: 2026-07-13T21:30:49.986187Z DEBUG gtk_status_bar::pw: 📋 Bound 'default' Metadata (id=3)
2026-07-13T21:30:50+00:00 machine gtk-status-bar[1188]: 2026-07-13T21:30:49.986664Z DEBUG gtk_status_bar::pw: 🚫 Skipping metadata 'filters' (props: Some(DictRef { flags: Flags(0x0), entries: {"metadata.name": "filters", "factory.id": "7", "module.id": "6", "client.id": "35", "object.serial": "43"} }))
2026-07-13T21:30:50+00:00 machine gtk-status-bar[1188]: 2026-07-13T21:30:49.986799Z DEBUG gtk_status_bar::pw: 🚫 Skipping metadata 'route-settings' (props: Some(DictRef { flags: Flags(0x0), entries: {"metadata.name": "route-settings", "factory.id": "7", "module.id": "6", "client.id": "35", "object.serial": "44"} }))
2026-07-13T21:30:50+00:00 machine gtk-status-bar[1188]: 2026-07-13T21:30:49.986823Z DEBUG gtk_status_bar::pw: 🚫 Skipping metadata '' (props: Some(DictRef { flags: Flags(0x0), entries: {"object.serial": "45", "module.id": "2", "pipewire.protocol": "protocol-native", "pipewire.sec.pid": "1332", "pipewire.sec.uid": "1000", "pipewire.sec.gid": "100", "pipewire.sec.socket": "pipewire-0-manager", "application.name": "WirePlumber [export]", "pipewire.access": "unrestricted"} }))
2026-07-13T21:30:50+00:00 machine gtk-status-bar[1188]: 2026-07-13T21:30:49.986842Z DEBUG gtk_status_bar::pw: 🚫 Skipping metadata '' (props: Some(DictRef { flags: Flags(0x0), entries: {"object.serial": "46", "factory.id": "11", "client.id": "45", "priority.session": "100", "priority.driver": "1", "node.name": "Midi-Bridge", "media.class": "Midi/Bridge"} }))
2026-07-13T21:30:50+00:00 machine gtk-status-bar[1188]: 2026-07-13T21:30:49.986860Z DEBUG gtk_status_bar::pw: 🔍 Checking node - media.class: Some("Midi/Bridge")
2026-07-13T21:30:50+00:00 machine gtk-status-bar[1188]: 2026-07-13T21:30:49.987017Z DEBUG gtk_status_bar::pw: 🔍 Node filter result: false for media.class: Some("Midi/Bridge")
2026-07-13T21:30:50+00:00 machine gtk-status-bar[1188]: 2026-07-13T21:30:49.987036Z DEBUG gtk_status_bar::pw: 🚫 Skipping metadata '' (props: Some(DictRef { flags: Flags(0x0), entries: {"object.serial": "47", "object.path": "alsa:seq:default:client_14:playback_0", "format.dsp": "8 bit raw midi", "node.id": "46", "port.id": "0", "port.name": "Midi Through: Port-0 (playback)", "port.direction": "in", "port.physical": "true", "port.terminal": "true", "port.alias": "Midi Through:Midi Through Port-0", "port.group": "client_14"} }))
2026-07-13T21:30:50+00:00 machine gtk-status-bar[1188]: 2026-07-13T21:30:49.987056Z DEBUG gtk_status_bar::pw: 🚫 Skipping metadata '' (props: Some(DictRef { flags: Flags(0x0), entries: {"object.serial": "48", "object.path": "alsa:seq:default:client_14:capture_0", "format.dsp": "8 bit raw midi", "node.id": "46", "port.id": "0", "port.name": "Midi Through: Port-0 (capture)", "port.direction": "out", "port.physical": "true", "port.terminal": "true", "port.alias": "Midi Through:Midi Through Port-0", "port.group": "client_14"} }))
2026-07-13T21:30:50+00:00 machine gtk-status-bar[1188]: 2026-07-13T21:30:49.987075Z DEBUG gtk_status_bar::pw: 🚫 Skipping metadata '' (props: Some(DictRef { flags: Flags(0x0), entries: {"object.serial": "42", "module.id": "2", "pipewire.protocol": "protocol-native", "pipewire.sec.pid": "1342", "pipewire.sec.uid": "1000", "pipewire.sec.gid": "100", "pipewire.sec.socket": "pipewire-0", "application.name": ".xdg-desktop-portal-hyprland-wrapped", "pipewire.access": "unrestricted"} }))
2026-07-13T21:30:50+00:00 machine gtk-status-bar[1188]: 2026-07-13T21:30:49.987094Z DEBUG gtk_status_bar::pw: 🚫 Skipping metadata '' (props: Some(DictRef { flags: Flags(0x0), entries: {"object.serial": "49", "factory.id": "14", "client.id": "45", "node.description": "BLE MIDI 1", "node.name": "bluez_midi.server", "media.class": "Midi/Bridge"} }))
2026-07-13T21:30:50+00:00 machine gtk-status-bar[1188]: 2026-07-13T21:30:49.987111Z DEBUG gtk_status_bar::pw: 🔍 Checking node - media.class: Some("Midi/Bridge")
2026-07-13T21:30:50+00:00 machine gtk-status-bar[1188]: 2026-07-13T21:30:49.987127Z DEBUG gtk_status_bar::pw: 🔍 Node filter result: false for media.class: Some("Midi/Bridge")
2026-07-13T21:30:50+00:00 machine gtk-status-bar[1188]: 2026-07-13T21:30:49.987144Z DEBUG gtk_status_bar::pw: 🚫 Skipping metadata '' (props: Some(DictRef { flags: Flags(0x0), entries: {"object.serial": "50", "object.path": "bluez_midi.server:input_0", "format.dsp": "8 bit raw midi", "node.id": "49", "port.id": "0", "port.name": "in", "port.direction": "in", "port.physical": "true", "port.terminal": "true", "port.alias": "in", "port.group": "group.0"} }))
2026-07-13T21:30:50+00:00 machine gtk-status-bar[1188]: 2026-07-13T21:30:49.987163Z DEBUG gtk_status_bar::pw: 🚫 Skipping metadata '' (props: Some(DictRef { flags: Flags(0x0), entries: {"object.serial": "51", "object.path": "bluez_midi.server:output_0", "format.dsp": "8 bit raw midi", "node.id": "49", "port.id": "0", "port.name": "out", "port.direction": "out", "port.physical": "true", "port.terminal": "true", "port.alias": "out", "port.group": "group.0"} }))
2026-07-13T21:30:50+00:00 machine gtk-status-bar[1188]: 2026-07-13T21:30:49.987182Z DEBUG gtk_status_bar::pw: 🚫 Skipping metadata '' (props: Some(DictRef { flags: Flags(0x0), entries: {"object.serial": "52", "module.id": "2", "pipewire.protocol": "protocol-native", "pipewire.sec.pid": "1188", "pipewire.sec.uid": "1000", "pipewire.sec.gid": "100", "pipewire.sec.socket": "pipewire-0", "application.name": ".gtk-status-bar-wrapped", "pipewire.access": "unrestricted"} }))
2026-07-13T21:30:50+00:00 machine gtk-status-bar[1188]: 2026-07-13T21:30:49.991033Z DEBUG gtk_status_bar::widgets: Updating network label: 󰤥 73% ?
2026-07-13T21:30:50+00:00 machine gtk-status-bar[1188]: 2026-07-13T21:30:50.048062Z DEBUG gtk_status_bar::widgets: Updating time label:  9:30 PM
2026-07-13T21:30:50+00:00 machine gtk-status-bar[1188]: 2026-07-13T21:30:50.429916Z  INFO gtk_status_bar::tray: Status notifier item registered item=":1.42/StatusNotifierItem"
2026-07-13T21:30:50+00:00 machine gtk-status-bar[1188]: 2026-07-13T21:30:50.455751Z  INFO gtk_status_bar::network: Network reachability probe completed target=198.51.100.1 success=false elapsed_ms=493
2026-07-13T21:30:50+00:00 machine gtk-status-bar[1188]: 2026-07-13T21:30:50.455792Z DEBUG gtk_status_bar::network: Sent network update label="\u{f0925} 73% ?"
2026-07-13T21:30:50+00:00 machine gtk-status-bar[1188]: 2026-07-13T21:30:50.455853Z  INFO gtk_status_bar::dbus: Battery is discharging (state: 2)
2026-07-13T21:30:50+00:00 machine gtk-status-bar[1188]: 2026-07-13T21:30:50.455920Z  INFO gtk_status_bar::dbus: Battery is at 73.0%
2026-07-13T21:30:50+00:00 machine gtk-status-bar[1188]: 2026-07-13T21:30:50.463961Z  INFO gtk_status_bar::dbus: Found 3 Bluetooth objects
2026-07-13T21:30:50+00:00 machine gtk-status-bar[1188]: 2026-07-13T21:30:50.464235Z  INFO gtk_status_bar::dbus: Found Bluetooth device with battery at: /org/bluez/hci0/dev_AA_BB_CC_DD_EE_01
2026-07-13T21:30:50+00:00 machine gtk-status-bar[1188]: 2026-07-13T21:30:50.464328Z  INFO gtk_status_bar::dbus: Bluetooth device battery at 80%
2026-07-13T21:30:50+00:00 machine gtk-status-bar[1188]: 2026-07-13T21:30:50.464351Z DEBUG gtk_status_bar::dbus: Added device /org/bluez/hci0/dev_AA_BB_CC_DD_EE_01 to HashMap (has_battery: true, has_media: false)
2026-07-13T21:30:50+00:00 machine gtk-status-bar[1188]: 2026-07-13T21:30:50.464373Z DEBUG gtk_status_bar::dbus: Initial bluetooth devices: {"/org/bluez/hci0/dev_AA_BB_CC_DD_EE_01": BluetoothDevice { has_battery: true, has_media: false, battery_percentage: Some(80), device_name: Some("Pixel Buds") }}
2026-07-13T21:30:50+00:00 machine gtk-status-bar[1188]: 2026-07-13T21:30:50.464404Z  INFO gtk_status_bar::dbus: Sent initial Bluetooth display: P80
2026-07-13T21:30:50+00:00 machine gtk-status-bar[1188]: 2026-07-13T21:30:50.464843Z  INFO gtk_status_bar::dbus: Dbus monitor: Starting to listen for D-Bus messages
2026-07-13T21:30:50+00:00 machine gtk-status-bar[1188]: 2026-07-13T21:30:50.464873Z DEBUG gtk_status_bar::dbus: Got an event in event stream: Msg { type: MethodReturn, serial: 9, sender: UniqueName(":1.5"), reply-serial: 21, body: Variant, fds: [] }
2026-07-13T21:30:50+00:00 machine gtk-status-bar[1188]: 2026-07-13T21:30:50.464907Z DEBUG gtk_status_bar::dbus: Dbus monitor: Received D-Bus message from path: None, interface: None, member: None
2026-07-13T21:30:50+00:00 machine gtk-status-bar[1188]: 2026-07-13T21:30:50.464932Z ERROR gtk_status_bar::dbus: Dbus monitor: Received message with no path, ignoring
2026-07-13T21:30:50+00:00 machine gtk-status-bar[1188]: 2026-07-13T21:30:50.464959Z DEBUG gtk_status_bar::dbus: Got an event in event stream: Msg { type: MethodReturn, serial: 10, sender: UniqueName(":1.5"), reply-serial: 53, body: Variant, fds: [] }
2026-07-13T21:30:50+00:00 machine gtk-status-bar[1188]: 2026-07-13T21:30:50.464985Z DEBUG gtk_status_bar::dbus: Dbus monitor: Received D-Bus message from path: None, interface: None, member: None
2026-07-13T21:30:50+00:00 machine gtk-status-bar[1188]: 2026-07-13T21:30:50.465010Z ERROR gtk_status_bar::dbus: Dbus monitor: Received message with no path, ignoring
2026-07-13T21:30:50+00:00 machine gtk-status-bar[1188]: 2026-07-13T21:30:50.465034Z DEBUG gtk_status_bar::dbus: Got an event in event stream: Msg { type: MethodReturn, serial: 45, sender: UniqueName(":1.6"), reply-serial: 54, body: Dict { key: Dynamic { child: ObjectPath }, value: Dynamic { child: Dict { key: Dynamic { child: Str }, value: Dynamic { child: Dict { key: Dynamic { child: Str }, value: Dynamic { child: Variant } } } } } }, fds: [] }
2026-07-13T21:30:50+00:00 machine gtk-status-bar[1188]: 2026-07-13T21:30:50.465065Z DEBUG gtk_status_bar::dbus: Dbus monitor: Received D-Bus message from path: None, interface: None, member: None
2026-07-13T21:30:50+00:00 machine gtk-status-bar[1188]: 2026-07-13T21:30:50.465088Z ERROR gtk_status_bar::dbus: Dbus monitor: Received message with no path, ignoring
2026-07-13T21:30:50+00:00 machine gtk-status-bar[1188]: 2026-07-13T21:30:50.643539Z  INFO gtk_status_bar::widgets: Added system tray item item=":1.42/StatusNotifierItem"
2026-07-13T21:30:50+00:00 machine gtk-status-bar[1188]: 2026-07-13T21:30:50.643862Z DEBUG gtk_status_bar::widgets: Updating battery label: 🔋 73%
2026-07-13T21:30:50+00:00 machine gtk-status-bar[1188]: 2026-07-13T21:30:50.643896Z DEBUG gtk_status_bar::widgets: 👁️  SHOWING battery widget - data: 🔋 73%
2026-07-13T21:30:50+00:00 machine gtk-status-bar[1188]: 2026-07-13T21:30:50.643949Z DEBUG gtk_status_bar::widgets: Updating Bluetooth battery label: P80
2026-07-13T21:30:50+00:00 machine gtk-status-bar[1188]: 2026-07-13T21:30:50.643972Z DEBUG gtk_status_bar::widgets: 👁️  SHOWING Bluetooth widget - data: P80
2026-07-13T21:30:50+00:00 machine gtk-status-bar[1188]: 2026-07-13T21:30:50.644025Z DEBUG gtk_status_bar::widgets: Updating network label: 󰤥 73% ?
2026-07-13T21:30:50+00:00 machine gtk-status-bar[1188]: 2026-07-13T21:30:50.675312Z DEBUG gtk_status_bar::pw: 🚫 Skipping metadata '' (props: Some(DictRef { flags: Flags(0x0), entries: {"object.serial": "53", "module.id": "2", "pipewire.protocol": "protocol-native", "pipewire.sec.pid": "1397", "pipewire.sec.uid": "1000", "pipewire.sec.gid": "100", "pipewire.sec.socket": "pipewire-0", "application.name": "pipewire", "pipewire.access": "unrestricted"} }))
2026-07-13T21:30:50+00:00 machine gtk-status-bar[1188]: 2026-07-13T21:30:50.725587Z DEBUG gtk_status_bar::pw: 🚫 Skipping metadata '' (props: Some(DictRef { flags: Flags(0x0), entries: {"object.serial": "54", "factory.id": "19", "client.id": "53", "node.description": "Dummy Output", "node.name": "auto_null", "media.class": "Audio/Sink"} }))
2026-07-13T21:30:50+00:00 machine gtk-status-bar[1188]: 2026-07-13T21:30:50.725661Z DEBUG gtk_status_bar::pw: 🔍 Checking node - media.class: Some("Audio/Sink")
2026-07-13T21:30:50+00:00 machine gtk-status-bar[1188]: 2026-07-13T21:30:50.725682Z DEBUG gtk_status_bar::pw: 🔍 Node filter result: true for media.class: Some("Audio/Sink")
2026-07-13T21:30:50+00:00 machine gtk-status-bar[1188]: 2026-07-13T21:30:50.725719Z DEBUG gtk_status_bar::pw: 📱 Monitoring audio node: Dummy Output (4) [node.name: auto_null]
2026-07-13T21:30:50+00:00 machine gtk-status-bar[1188]: 2026-07-13T21:30:50.725737Z DEBUG gtk_status_bar::pw: 🔗 ADDING NODE LISTENER for node.name: auto_null
2026-07-13T21:30:50+00:00 machine gtk-status-bar[1188]: 2026-07-13T21:30:50.725759Z DEBUG gtk_status_bar::pw: 📝 Added device to HashMap: 4 -> (auto_null, Dummy Output, no volume yet)
2026-07-13T21:30:50+00:00 machine gtk-status-bar[1188]: 2026-07-13T21:30:50.725778Z DEBUG gtk_status_bar::pw: 🗂️ Current device map size: 1
2026-07-13T21:30:50+00:00 machine gtk-status-bar[1188]: 2026-07-13T21:30:50.726198Z DEBUG gtk_status_bar::pw: 🚫 Skipping metadata '' (props: Some(DictRef { flags: Flags(0x0), entries: {"object.serial": "55", "module.id": "2", "pipewire.protocol": "protocol-native", "pipewire.sec.pid": "1397", "pipewire.sec.uid": "1000", "pipewire.sec.gid": "100", "pipewire.sec.socket": "pipewire-0", "application.name": "Blueman", "pipewire.access": "unrestricted"} }))
2026-07-13T21:30:50+00:00 machine gtk-status-bar[1188]: 2026-07-13T21:30:50.778564Z DEBUG gtk_status_bar::pw: 🎛️  NODE PARAM CALLBACK: Dummy Output (4) received Props param
2026-07-13T21:30:50+00:00 machine gtk-status-bar[1188]: 2026-07-13T21:30:50.779683Z DEBUG gtk_status_bar::pw: 🔊 Node 4: Dummy Output - Vol: Some(100)% | Ch: Some(100)% | Mute: Some(false) [CACHING]
2026-07-13T21:30:50+00:00 machine gtk-status-bar[1188]: 2026-07-13T21:30:50.779710Z DEBUG gtk_status_bar::pw: 📝 Updated volume cache for device 4: Dummy Output -> Vol: Some(100)%, Ch: Some(100)%, Mute: Some(false)
2026-07-13T21:30:50+00:00 machine gtk-status-bar[1188]: 2026-07-13T21:30:50.779739Z DEBUG gtk_status_bar::pw: 🎯 Checking if device 4 is default: current_default=None, node_name=auto_null, is_default=false
2026-07-13T21:30:50+00:00 machine gtk-status-bar[1188]: 2026-07-13T21:30:50.779756Z DEBUG gtk_status_bar::pw: 📊 Cached volume for non-default device 4 (Dummy Output)
2026-07-13T21:30:50+00:00 machine gtk-status-bar[1188]: 2026-07-13T21:30:50.779778Z ERROR gtk_status_bar::pw: ❌ PipeWire error id:4 seq:5 res:-2: enum params id:13 (Spa:Enum:ParamId:Route) failed
2026-07-13T21:30:50+00:00 machine gtk-status-bar[1188]: 2026-07-13T21:30:50.797175Z DEBUG gtk_status_bar::pw: 🎛️  NODE PARAM CALLBACK: Dummy Output (4) received Props param
2026-07-13T21:30:50+00:00 machine gtk-status-bar[1188]: 2026-07-13T21:30:50.797219Z DEBUG gtk_status_bar::pw: 🔊 Node 4: Dummy Output - Vol: Some(100)% | Ch: Some(100)% | Mute: Some(false) [CACHING]
2026-07-13T21:30:50+00:00 machine gtk-status-bar[1188]: 2026-07-13T21:30:50.797240Z DEBUG gtk_status_bar::pw: 📝 Updated volume cache for device 4: Dummy Output -> Vol: Some(100)%, Ch: Some(100)%, Mute: Some(false)
2026-07-13T21:30:50+00:00 machine gtk-status-bar[1188]: 2026-07-13T21:30:50.797260Z DEBUG gtk_status_bar::pw: 🎯 Checking if device 4 is default: current_default=None, node_name=auto_null, is_default=false
2026-07-13T21:30:50+00:00 machine gtk-status-bar[1188]: 2026-07-13T21:30:50.797278Z DEBUG gtk_status_bar::pw: 📊 Cached volume for non-default device 4 (Dummy Output)
2026-07-13T21:30:50+00:00 machine gtk-status-bar[1188]: 2026-07-13T21:30:50.797298Z DEBUG gtk_status_bar::pw: 🎛️  NODE PARAM CALLBACK: Dummy Output (4) received Props param
2026-07-13T21:30:50+00:00 machine gtk-status-bar[1188]: 2026-07-13T21:30:50.797317Z DEBUG gtk_status_bar::pw: 🔊 Node 4: Dummy Output - Vol: Some(100)% | Ch: Some(100)% | Mute: Some(false) [CACHING]
2026-07-13T21:30:50+00:00 machine gtk-status-bar[1188]: 2026-07-13T21:30:50.797336Z DEBUG gtk_status_bar::pw: 📝 Updated volume cache for device 4: Dummy Output -> Vol: Some(100)%, Ch: Some(100)%, Mute: Some(false)
2026-07-13T21:30:50+00:00 machine gtk-status-bar[1188]: 2026-07-13T21:30:50.797354Z DEBUG gtk_status_bar::pw: 🎯 Checking if device 4 is default: current_default=None, node_name=auto_null, is_default=false
2026-07-13T21:30:50+00:00 machine gtk-status-bar[1188]: 2026-07-13T21:30:50.797372Z DEBUG gtk_status_bar::pw: 📊 Cached volume for non-default device 4 (Dummy Output)
2026-07-13T21:30:50+00:00 machine gtk-status-bar[1188]: 2026-07-13T21:30:50.797395Z DEBUG gtk_status_bar::pw: 🚫 Skipping metadata '' (props: Some(DictRef { flags: Flags(0x0), entries: {"object.serial": "56", "object.path": "auto_null:playback_0", "format.dsp": "32 bit float mono audio", "node.id": "54", "audio.channel": "FL", "port.id": "0", "port.name": "playback_FL", "port.direction": "in", "port.alias": "Dummy Output:playback_FL", "port.group": "stream.0"} }))
2026-07-13T21:30:50+00:00 machine gtk-status-bar[1188]: 2026-07-13T21:30:50.797422Z DEBUG gtk_status_bar::pw: 🚫 Skipping metadata '' (props: Some(DictRef { flags: Flags(0x0), entries: {"object.serial": "57", "object.path": "auto_null:playback_1", "format.dsp": "32 bit float mono audio", "node.id": "54", "audio.channel": "FR", "port.id": "1", "port.name": "playback_FR", "port.direction": "in", "port.alias": "Dummy Output:playback_FR", "port.group": "stream.0"} }))
2026-07-13T21:30:50+00:00 machine gtk-status-bar[1188]: 2026-07-13T21:30:50.797515Z DEBUG gtk_status_bar::pw: 🚫 Skipping metadata '' (props: Some(DictRef { flags: Flags(0x0), entries: {"object.serial": "58", "object.path": "auto_null:monitor_0", "format.dsp": "32 bit float mono audio", "node.id": "54", "audio.channel": "FL", "port.id": "0", "port.name": "monitor_FL", "port.direction": "out", "port.monitor": "true", "port.alias": "Dummy Output:monitor_FL", "port.group": "stream.0"} }))
2026-07-13T21:30:50+00:00 machine gtk-status-bar[1188]: 2026-07-13T21:30:50.800190Z DEBUG gtk_status_bar::pw: 🚫 Skipping metadata '' (props: Some(DictRef { flags: Flags(0x0), entries: {"object.serial": "59", "object.path": "auto_null:monitor_1", "format.dsp": "32 bit float mono audio", "node.id": "54", "audio.channel": "FR", "port.id": "1", "port.name": "monitor_FR", "port.direction": "out", "port.monitor": "true", "port.alias": "Dummy Output:monitor_FR", "port.group": "stream.0"} }))
2026-07-13T21:30:50+00:00 machine gtk-status-bar[1188]: 2026-07-13T21:30:50.800216Z DEBUG gtk_status_bar::pw: 🎛️  NODE PARAM CALLBACK: Dummy Output (4) received Props param
2026-07-13T21:30:50+00:00 machine gtk-status-bar[1188]: 2026-07-13T21:30:50.800239Z DEBUG gtk_status_bar::pw: 🔊 Node 4: Dummy Output - Vol: Some(100)% | Ch: Some(100)% | Mute: Some(false) [CACHING]
2026-07-13T21:30:50+00:00 machine gtk-status-bar[1188]: 2026-07-13T21:30:50.800259Z DEBUG gtk_status_bar::pw: 📝 Updated volume cache for device 4: Dummy Output -> Vol: Some(100)%, Ch: Some(100)%, Mute: Some(false)
2026-07-13T21:30:50+00:00 machine gtk-status-bar[1188]: 2026-07-13T21:30:50.800278Z DEBUG gtk_status_bar::pw: 🎯 Checking if device 4 is default: current_default=None, node_name=auto_null, is_default=false
2026-07-13T21:30:50+00:00 machine gtk-status-bar[1188]: 2026-07-13T21:30:50.800296Z DEBUG gtk_status_bar::pw: 📊 Cached volume for non-default device 4 (Dummy Output)
2026-07-13T21:30:50+00:00 machine gtk-status-bar[1188]: 2026-07-13T21:30:50.808905Z DEBUG gtk_status_bar::pw: 🎛️  NODE PARAM CALLBACK: Dummy Output (4) received Props param
2026-07-13T21:30:50+00:00 machine gtk-status-bar[1188]: 2026-07-13T21:30:50.808947Z DEBUG gtk_status_bar::pw: 🔊 Node 4: Dummy Output - Vol: Some(100)% | Ch: Some(100)% | Mute: Some(false) [CACHING]
2026-07-13T21:30:50+00:00 machine gtk-status-bar[1188]: 2026-07-13T21:30:50.808968Z DEBUG gtk_status_bar::pw: 📝 Updated volume cache for device 4: Dummy Output -> Vol: Some(100)%, Ch: Some(100)%, Mute: Some(false)
2026-07-13T21:30:50+00:00 machine gtk-status-bar[1188]: 2026-07-13T21:30:50.808986Z DEBUG gtk_status_bar::pw: 🎯 Checking if device 4 is default: current_default=None, node_name=auto_null, is_default=false
2026-07-13T21:30:50+00:00 machine gtk-status-bar[1188]: 2026-07-13T21:30:50.809004Z DEBUG gtk_status_bar::pw: 📊 Cached volume for non-default device 4 (Dummy Output)
2026-07-13T21:30:50+00:00 machine gtk-status-bar[1188]: 2026-07-13T21:30:50.817836Z DEBUG gtk_status_bar::pw: 📝 metadata.property subject=0 key=Some("default.audio.sink") value=Some("{\"name\":\"auto_null\"}")
2026-07-13T21:30:50+00:00 machine gtk-status-bar[1188]: 2026-07-13T21:30:50.817868Z DEBUG gtk_status_bar::pw: 🔍 Processing metadata property: default.audio.sink={"name":"auto_null"}
2026-07-13T21:30:50+00:00 machine gtk-status-bar[1188]: 2026-07-13T21:30:50.817892Z  INFO gtk_status_bar::pw: 🔄 Default sink -> auto_null
2026-07-13T21:30:50+00:00 machine gtk-status-bar[1188]: 2026-07-13T21:30:50.817911Z DEBUG gtk_status_bar::pw: 🎯 SINK CHANGE: None -> auto_null (should trigger volume fetch)
2026-07-13T21:30:50+00:00 machine gtk-status-bar[1188]: 2026-07-13T21:30:50.817928Z DEBUG gtk_status_bar::pw: 🗂️ Searching device map for default sink 'auto_null'
2026-07-13T21:30:50+00:00 machine gtk-status-bar[1188]: 2026-07-13T21:30:50.817953Z DEBUG gtk_status_bar::pw: 🗂️ Current device map contents: {4: ("auto_null", "Dummy Output", Some(100), Some(100), Some(false))}
2026-07-13T21:30:50+00:00 machine gtk-status-bar[1188]: 2026-07-13T21:30:50.817987Z DEBUG gtk_status_bar::pw: 🔍 Checking device 4: node_name='auto_null', description='Dummy Output' against default sink 'auto_null'
2026-07-13T21:30:50+00:00 machine gtk-status-bar[1188]: 2026-07-13T21:30:50.818005Z DEBUG gtk_status_bar::pw: 🎯 MATCH! Found device 4 with node_name 'auto_null' matching default sink
2026-07-13T21:30:50+00:00 machine gtk-status-bar[1188]: 2026-07-13T21:30:50.818022Z DEBUG gtk_status_bar::pw: 🎨 Updating GUI label to: 'Dummy Output' with cached volume data
2026-07-13T21:30:50+00:00 machine gtk-status-bar[1188]: 2026-07-13T21:30:50.818040Z DEBUG gtk_status_bar::pw: 💾 Cached volume data: Vol: Some(100)%, Ch: Some(100)%, Mute: Some(false)
2026-07-13T21:30:50+00:00 machine gtk-status-bar[1188]: 2026-07-13T21:30:50.818067Z DEBUG gtk_status_bar::pw: ✅ Sent REAL volume data to GUI: 'Dummy Output' Vol: Some(100)%, Ch: Some(100)%, Mute: Some(false)
2026-07-13T21:30:50+00:00 machine gtk-status-bar[1188]: 2026-07-13T21:30:50.818334Z DEBUG gtk_status_bar::widgets: 📺 GTK UI updated via ASYNC: 🔊D100
2026-07-13T21:30:51+00:00 machine gtk-status-bar[1188]: 2026-07-13T21:30:51.000628Z DEBUG gtk_status_bar::widgets: Updating time label:  9:30 PM
2026-07-13T21:30:51+00:00 machine gtk-status-bar[1188]: 2026-07-13T21:30:51.183334Z  INFO gtk_status_bar::network: Network reachability probe completed target=192.0.2.1 success=false elapsed_ms=11
2026-07-13T21:30:51+00:00 machine gtk-status-bar[1188]: 2026-07-13T21:30:51.183388Z DEBUG gtk_status_bar::network: Sent network update label="\u{f0925} 73% ?"
2026-07-13T21:30:51+00:00 machine gtk-status-bar[1188]: 2026-07-13T21:30:51.183613Z DEBUG gtk_status_bar::widgets: Updating network label: 󰤥 73% ?
2026-07-13T21:30:51+00:00 machine gtk-status-bar[1188]: 2026-07-13T21:30:51.782368Z  INFO gtk_status_bar::network: Network reachability probe completed target=198.51.100.1 success=false elapsed_ms=17
2026-07-13T21:30:51+00:00 machine gtk-status-bar[1188]: 2026-07-13T21:30:51.782440Z DEBUG gtk_status_bar::network: Sent network update label="\u{f0925} 73% ?"
2026-07-13T21:30:51+00:00 machine gtk-status-bar[1188]: 2026-07-13T21:30:51.782666Z DEBUG gtk_status_bar::widgets: Updating network label: 󰤥 73% ?
2026-07-13T21:30:52+00:00 machine gtk-status-bar[1188]: 2026-07-13T21:30:52.001431Z DEBUG gtk_status_bar::widgets: Updating time label:  9:30 PM
2026-07-13T21:30:52+00:00 machine gtk-status-bar[1188]: 2026-07-13T21:30:52.178422Z  INFO gtk_status_bar::tray: Status notifier item registered item=":1.46/org/blueman/sni"
2026-07-13T21:30:52+00:00 machine gtk-status-bar[1188]: 2026-07-13T21:30:52.221826Z DEBUG gtk_status_bar::tray: Tray item property is unavailable property="IconPixmap" error=org.freedesktop.DBus.Error.InvalidArgs: No such property “IconPixmap”
2026-07-13T21:30:52+00:00 machine gtk-status-bar[1188]: 2026-07-13T21:30:52.223900Z DEBUG gtk_status_bar::tray: Tray item property is unavailable property="IconThemePath" error=org.freedesktop.DBus.Error.InvalidArgs: No such property “IconThemePath”
2026-07-13T21:30:52+00:00 machine gtk-status-bar[1188]: 2026-07-13T21:30:52.239414Z  INFO gtk_status_bar::widgets: Added system tray item item=":1.46/org/blueman/sni"
2026-07-13T21:30:52+00:00 machine gtk-status-bar[1188]: 2026-07-13T21:30:52.534827Z  INFO gtk_status_bar::network: Network reachability probe completed target=192.0.2.1 success=false elapsed_ms=17
2026-07-13T21:30:52+00:00 machine gtk-status-bar[1188]: 2026-07-13T21:30:52.534894Z DEBUG gtk_status_bar::network: Sent network update label="\u{f0925} 73% ?"
2026-07-13T21:30:52+00:00 machine gtk-status-bar[1188]: 2026-07-13T21:30:52.536812Z DEBUG gtk_status_bar::widgets: Updating network label: 󰤥 73% ?
2026-07-13T21:30:52+00:00 machine gtk-status-bar[1188]: 2026-07-13T21:30:52.815377Z  INFO gtk_status_bar::network: Network reachability probe completed target=198.51.100.1 success=false elapsed_ms=20
2026-07-13T21:30:52+00:00 machine gtk-status-bar[1188]: 2026-07-13T21:30:52.823594Z DEBUG gtk_status_bar::network: Sent network update label="\u{f0925} 73% ?"
2026-07-13T21:30:52+00:00 machine gtk-status-bar[1188]: 2026-07-13T21:30:52.823857Z DEBUG gtk_status_bar::widgets: Updating network label: 󰤥 73% ?
2026-07-13T21:30:53+00:00 machine gtk-status-bar[1188]: 2026-07-13T21:30:53.001734Z DEBUG gtk_status_bar::widgets: Updating time label:  9:30 PM
2026-07-13T21:30:53+00:00 machine gtk-status-bar[1188]: 2026-07-13T21:30:53.219667Z  INFO gtk_status_bar::network: Network reachability probe completed target=192.0.2.1 success=false elapsed_ms=23
2026-07-13T21:30:53+00:00 machine gtk-status-bar[1188]: 2026-07-13T21:30:53.219714Z DEBUG gtk_status_bar::network: Sent network update label="\u{f0925} 73% ?"
2026-07-13T21:30:53+00:00 machine gtk-status-bar[1188]: 2026-07-13T21:30:53.219902Z DEBUG gtk_status_bar::widgets: Updating network label: 󰤥 73% ?
2026-07-13T21:30:54+00:00 machine gtk-status-bar[1188]: 2026-07-13T21:30:54.001952Z DEBUG gtk_status_bar::widgets: Updating time label:  9:30 PM
2026-07-13T21:30:55+00:00 machine gtk-status-bar[1188]: 2026-07-13T21:30:55.001787Z DEBUG gtk_status_bar::widgets: Updating time label:  9:30 PM
2026-07-13T21:30:55+00:00 machine gtk-status-bar[1188]: 2026-07-13T21:30:55.035199Z  INFO gtk_status_bar::network: Network reachability probe completed target=198.51.100.1 success=false elapsed_ms=21
2026-07-13T21:30:55+00:00 machine gtk-status-bar[1188]: 2026-07-13T21:30:55.036686Z DEBUG gtk_status_bar::widgets: Updating network label: 󰤥 73% ×
2026-07-13T21:30:55+00:00 machine gtk-status-bar[1188]: 2026-07-13T21:30:55.037145Z DEBUG gtk_status_bar::network: Sent network update label="\u{f0925} 73% ×"
2026-07-13T21:30:55+00:00 machine gtk-status-bar[1188]: 2026-07-13T21:30:55.747710Z  INFO gtk_status_bar::network: Network reachability probe completed target=192.0.2.1 success=false elapsed_ms=18
2026-07-13T21:30:55+00:00 machine gtk-status-bar[1188]: 2026-07-13T21:30:55.747776Z DEBUG gtk_status_bar::network: Sent network update label="\u{f0925} 73% ×"
2026-07-13T21:30:55+00:00 machine gtk-status-bar[1188]: 2026-07-13T21:30:55.748047Z DEBUG gtk_status_bar::widgets: Updating network label: 󰤥 73% ×
2026-07-13T21:30:56+00:00 machine gtk-status-bar[1188]: 2026-07-13T21:30:56.001676Z DEBUG gtk_status_bar::widgets: Updating time label:  9:30 PM
2026-07-13T21:30:56+00:00 machine gtk-status-bar[1188]: 2026-07-13T21:30:56.086605Z  INFO gtk_status_bar::network: Network reachability probe completed target=192.0.2.1 success=false elapsed_ms=20
2026-07-13T21:30:56+00:00 machine gtk-status-bar[1188]: 2026-07-13T21:30:56.086674Z DEBUG gtk_status_bar::network: Sent network update label="\u{f0925} 73% ×"
2026-07-13T21:30:56+00:00 machine gtk-status-bar[1188]: 2026-07-13T21:30:56.087265Z DEBUG gtk_status_bar::widgets: Updating network label: 󰤥 73% ×
2026-07-13T21:30:57+00:00 machine gtk-status-bar[1188]: 2026-07-13T21:30:57.002766Z DEBUG gtk_status_bar::widgets: Updating time label:  9:30 PM
2026-07-13T21:30:57+00:00 machine gtk-status-bar[1188]: 2026-07-13T21:30:57.308656Z  INFO gtk_status_bar::network: Network reachability probe completed target=198.51.100.1 success=false elapsed_ms=18
2026-07-13T21:30:57+00:00 machine gtk-status-bar[1188]: 2026-07-13T21:30:57.308711Z DEBUG gtk_status_bar::network: Sent network update label="\u{f0925} 73% ×"
2026-07-13T21:30:57+00:00 machine gtk-status-bar[1188]: 2026-07-13T21:30:57.308980Z DEBUG gtk_status_bar::widgets: Updating network label: 󰤥 73% ×
2026-07-13T21:30:57+00:00 machine gtk-status-bar[1188]: 2026-07-13T21:30:57.622768Z  INFO gtk_status_bar::network: Network reachability probe completed target=198.51.100.1 success=false elapsed_ms=17
2026-07-13T21:30:57+00:00 machine gtk-status-bar[1188]: 2026-07-13T21:30:57.622821Z DEBUG gtk_status_bar::network: Sent network update label="\u{f0925} 73% ×"
2026-07-13T21:30:57+00:00 machine gtk-status-bar[1188]: 2026-07-13T21:30:57.623044Z DEBUG gtk_status_bar::widgets: Updating network label: 󰤥 73% ×
2026-07-13T21:30:58+00:00 machine gtk-status-bar[1188]: 2026-07-13T21:30:58.001678Z DEBUG gtk_status_bar::widgets: Updating time label:  9:30 PM
2026-07-13T21:30:58+00:00 machine gtk-status-bar[1188]: 2026-07-13T21:30:58.163139Z  INFO gtk_status_bar::network: Network reachability probe completed target=192.0.2.1 success=true elapsed_ms=19
2026-07-13T21:30:58+00:00 machine gtk-status-bar[1188]: 2026-07-13T21:30:58.163225Z DEBUG gtk_status_bar::network: Sent network update label="\u{f0925} 73% \u{f0ac}"
2026-07-13T21:30:58+00:00 machine gtk-status-bar[1188]: 2026-07-13T21:30:58.163394Z DEBUG gtk_status_bar::widgets: Updating network label: 󰤥 73% 
2026-07-13T21:30:59+00:00 machine gtk-status-bar[1188]: 2026-07-13T21:30:59.002090Z DEBUG gtk_status_bar::widgets: Updating time label:  9:30 PM
2026-07-13T21:30:59+00:00 machine gtk-status-bar[1188]: 2026-07-13T21:30:59.076934Z DEBUG gtk_status_bar::network: Sent network update label="\u{f091f} 28% \u{f0ac}"
2026-07-13T21:30:59+00:00 machine gtk-status-bar[1188]: 2026-07-13T21:30:59.082251Z DEBUG gtk_status_bar::widgets: Updating network label: 󰤟 28% 
2026-07-13T21:30:59+00:00 machine gtk-status-bar[1188]: 2026-07-13T21:30:59.368016Z  INFO gtk_status_bar::network: Network reachability probe completed target=198.51.100.1 success=false elapsed_ms=10
2026-07-13T21:30:59+00:00 machine gtk-status-bar[1188]: 2026-07-13T21:30:59.368055Z DEBUG gtk_status_bar::network: Sent network update label="\u{f091f} 28% \u{f0ac}"
2026-07-13T21:30:59+00:00 machine gtk-status-bar[1188]: 2026-07-13T21:30:59.377742Z DEBUG gtk_status_bar::widgets: Updating network label: 󰤟 28% 
2026-07-13T21:30:59+00:00 machine gtk-status-bar[1188]: 2026-07-13T21:30:59.579223Z  INFO gtk_status_bar::network: Network reachability probe completed target=192.0.2.1 success=true elapsed_ms=11
2026-07-13T21:30:59+00:00 machine gtk-status-bar[1188]: 2026-07-13T21:30:59.579310Z DEBUG gtk_status_bar::network: Sent network update label="\u{f091f} 28% \u{f0ac}"
2026-07-13T21:30:59+00:00 machine gtk-status-bar[1188]: 2026-07-13T21:30:59.579499Z DEBUG gtk_status_bar::widgets: Updating network label: 󰤟 28% 
2026-07-13T21:30:59+00:00 machine gtk-status-bar[1188]: 2026-07-13T21:30:59.681106Z DEBUG gtk_status_bar::network: Sent network update label="\u{f0200} ?"
2026-07-13T21:30:59+00:00 machine gtk-status-bar[1188]: 2026-07-13T21:30:59.681404Z DEBUG gtk_status_bar::widgets: Updating network label: 󰈀 ?
2026-07-13T21:30:59+00:00 machine gtk-status-bar[1188]: 2026-07-13T21:30:59.703397Z  INFO gtk_status_bar::network: Network reachability probe completed target=198.51.100.1 success=false elapsed_ms=16
2026-07-13T21:30:59+00:00 machine gtk-status-bar[1188]: 2026-07-13T21:30:59.703534Z DEBUG gtk_status_bar::network: Sent network update label="\u{f0200} ?"
2026-07-13T21:30:59+00:00 machine gtk-status-bar[1188]: 2026-07-13T21:30:59.715663Z DEBUG gtk_status_bar::widgets: Updating network label: 󰈀 ?
2026-07-13T21:31:00+00:00 machine gtk-status-bar[1188]: 2026-07-13T21:31:00.001832Z DEBUG gtk_status_bar::widgets: Updating time label:  9:31 PM
2026-07-13T21:31:00+00:00 machine gtk-status-bar[1188]: 2026-07-13T21:31:00.700867Z  INFO gtk_status_bar::network: Network reachability probe completed target=192.0.2.1 success=true elapsed_ms=12
2026-07-13T21:31:00+00:00 machine gtk-status-bar[1188]: 2026-07-13T21:31:00.700959Z DEBUG gtk_status_bar::network: Sent network update label="\u{f0200} \u{f0ac}"
2026-07-13T21:31:00+00:00 machine gtk-status-bar[1188]: 2026-07-13T21:31:00.701164Z DEBUG gtk_status_bar::widgets: Updating network label: 󰈀 
2026-07-13T21:31:01+00:00 machine gtk-status-bar[1188]: 2026-07-13T21:31:01.001683Z DEBUG gtk_status_bar::widgets: Updating time label:  9:31 PM
2026-07-13T21:31:01+00:00 machine gtk-status-bar[1188]: 2026-07-13T21:31:01.334073Z DEBUG gtk_status_bar::network: Sent network update label="\u{f0c9b} ×"
2026-07-13T21:31:01+00:00 machine gtk-status-bar[1188]: 2026-07-13T21:31:01.334367Z DEBUG gtk_status_bar::widgets: Updating network label: 󰲛 ×
2026-07-13T21:31:01+00:00 machine gtk-status-bar[1188]: 2026-07-13T21:31:01.346659Z DEBUG gtk_status_bar::network: Sent network update label="\u{f0c9b} ×"
2026-07-13T21:31:01+00:00 machine gtk-status-bar[1188]: 2026-07-13T21:31:01.346856Z DEBUG gtk_status_bar::widgets: Updating network label: 󰲛 ×
2026-07-13T21:31:01+00:00 machine gtk-status-bar[1188]: 2026-07-13T21:31:01.356531Z DEBUG gtk_status_bar::network: Sent network update label="\u{f0c9b} ×"
2026-07-13T21:31:01+00:00 machine gtk-status-bar[1188]: 2026-07-13T21:31:01.363737Z DEBUG gtk_status_bar::widgets: Updating network label: 󰲛 ×
2026-07-13T21:31:01+00:00 machine gtk-status-bar[1188]: 2026-07-13T21:31:01.977085Z DEBUG gtk_status_bar::network: Sent network update label="\u{f0c9b} ×"
2026-07-13T21:31:01+00:00 machine gtk-status-bar[1188]: 2026-07-13T21:31:01.981198Z DEBUG gtk_status_bar::widgets: Updating network label: 󰲛 ×
2026-07-13T21:31:01+00:00 machine gtk-status-bar[1188]: 2026-07-13T21:31:01.986655Z DEBUG gtk_status_bar::network: Sent network update label="\u{f091f} 28% ?"
2026-07-13T21:31:01+00:00 machine gtk-status-bar[1188]: 2026-07-13T21:31:01.986884Z DEBUG gtk_status_bar::widgets: Updating network label: 󰤟 28% ?
2026-07-13T21:31:01+00:00 machine gtk-status-bar[1188]: 2026-07-13T21:31:01.997022Z DEBUG gtk_status_bar::widgets: Updating network label: 󰤟 28% ?
2026-07-13T21:31:02+00:00 machine gtk-status-bar[1188]: 2026-07-13T21:31:01.996824Z DEBUG gtk_status_bar::network: Sent network update label="\u{f091f} 28% ?"
2026-07-13T21:31:02+00:00 machine gtk-status-bar[1188]: 2026-07-13T21:31:02.002004Z DEBUG gtk_status_bar::widgets: Updating time label:  9:31 PM
2026-07-13T21:31:02+00:00 machine gtk-status-bar[1188]: 2026-07-13T21:31:02.012243Z  INFO gtk_status_bar::network: Network reachability probe completed target=192.0.2.1 success=true elapsed_ms=14
2026-07-13T21:31:02+00:00 machine gtk-status-bar[1188]: 2026-07-13T21:31:02.012288Z DEBUG gtk_status_bar::network: Sent network update label="\u{f091f} 28% \u{f0ac}"
2026-07-13T21:31:02+00:00 machine gtk-status-bar[1188]: 2026-07-13T21:31:02.012438Z DEBUG gtk_status_bar::widgets: Updating network label: 󰤟 28% 
2026-07-13T21:31:02+00:00 machine gtk-status-bar[1188]: 2026-07-13T21:31:02.027263Z DEBUG gtk_status_bar::network: Sent network update label="\u{f091f} 28% \u{f0ac}"
2026-07-13T21:31:02+00:00 machine gtk-status-bar[1188]: 2026-07-13T21:31:02.027406Z DEBUG gtk_status_bar::widgets: Updating network label: 󰤟 28% 
2026-07-13T21:31:02+00:00 machine gtk-status-bar[1188]: 2026-07-13T21:31:02.260443Z DEBUG gtk_status_bar::hypr: Refreshing clients for workspace change workspace=WorkspaceEventData { name: Regular("i"), id: 2 }
2026-07-13T21:31:02+00:00 machine gtk-status-bar[1188]: 2026-07-13T21:31:02.260617Z DEBUG gtk_status_bar::hypr: Handling workspace change event
2026-07-13T21:31:02+00:00 machine gtk-status-bar[1188]: 2026-07-13T21:31:02.260691Z DEBUG gtk_status_bar::hypr: Workspace changed to: Workspace i
2026-07-13T21:31:02+00:00 machine gtk-status-bar[1188]: 2026-07-13T21:31:02.260984Z DEBUG gtk_status_bar::widgets: Updating workspace - label: 'Workspace i', color for workspace: 2
2026-07-13T21:31:02+00:00 machine gtk-status-bar[1188]: 2026-07-13T21:31:02.261208Z DEBUG gtk_status_bar::widgets: Updated title widget color to: rgba(125, 207, 255, 0.5) for workspace: 2
2026-07-13T21:31:02+00:00 machine gtk-status-bar[1188]: 2026-07-13T21:31:02.286402Z DEBUG gtk_status_bar::hypr: Refreshing current workspace clients reason="workspace-changed" workspace_id=2 client_count=0
2026-07-13T21:31:02+00:00 machine gtk-status-bar[1188]: 2026-07-13T21:31:02.286740Z DEBUG gtk_status_bar::widgets: Updating workspace client strip workspace_id=2 client_count=0
2026-07-13T21:31:02+00:00 machine gtk-status-bar[1188]: 2026-07-13T21:31:02.891985Z  INFO gtk_status_bar::network: Network reachability probe completed target=198.51.100.1 success=false elapsed_ms=13
2026-07-13T21:31:02+00:00 machine gtk-status-bar[1188]: 2026-07-13T21:31:02.892032Z DEBUG gtk_status_bar::network: Sent network update label="\u{f091f} 28% \u{f0ac}"
2026-07-13T21:31:02+00:00 machine gtk-status-bar[1188]: 2026-07-13T21:31:02.892191Z DEBUG gtk_status_bar::widgets: Updating network label: 󰤟 28% 
2026-07-13T21:31:03+00:00 machine gtk-status-bar[1188]: 2026-07-13T21:31:03.001902Z DEBUG gtk_status_bar::widgets: Updating time label:  9:31 PM
2026-07-13T21:31:04+00:00 machine gtk-status-bar[1188]: 2026-07-13T21:31:04.002536Z DEBUG gtk_status_bar::widgets: Updating time label:  9:31 PM
2026-07-13T21:31:04+00:00 machine gtk-status-bar[1188]: 2026-07-13T21:31:04.275587Z  INFO gtk_status_bar::network: Network reachability probe completed target=192.0.2.1 success=true elapsed_ms=13
2026-07-13T21:31:04+00:00 machine gtk-status-bar[1188]: 2026-07-13T21:31:04.275639Z DEBUG gtk_status_bar::network: Sent network update label="\u{f091f} 28% \u{f0ac}"
2026-07-13T21:31:04+00:00 machine gtk-status-bar[1188]: 2026-07-13T21:31:04.275769Z DEBUG gtk_status_bar::widgets: Updating network label: 󰤟 28% 
2026-07-13T21:31:04+00:00 machine gtk-status-bar[1188]: 2026-07-13T21:31:04.802836Z DEBUG gtk_status_bar::hypr: Refreshing clients for workspace change workspace=WorkspaceEventData { name: Regular("c"), id: 10 }
2026-07-13T21:31:04+00:00 machine gtk-status-bar[1188]: 2026-07-13T21:31:04.802956Z DEBUG gtk_status_bar::hypr: Handling workspace change event
2026-07-13T21:31:04+00:00 machine gtk-status-bar[1188]: 2026-07-13T21:31:04.802984Z DEBUG gtk_status_bar::hypr: Workspace changed to: Workspace c
2026-07-13T21:31:04+00:00 machine gtk-status-bar[1188]: 2026-07-13T21:31:04.803932Z DEBUG gtk_status_bar::widgets: Updating workspace - label: 'Workspace c', color for workspace: 10
2026-07-13T21:31:04+00:00 machine gtk-status-bar[1188]: 2026-07-13T21:31:04.804104Z DEBUG gtk_status_bar::widgets: Updated title widget color to: rgba(13, 185, 215, 0.5) for workspace: 10
2026-07-13T21:31:04+00:00 machine gtk-status-bar[1188]: 2026-07-13T21:31:04.821274Z DEBUG gtk_status_bar::hypr: Refreshing current workspace clients reason="workspace-changed" workspace_id=10 client_count=0
2026-07-13T21:31:04+00:00 machine gtk-status-bar[1188]: 2026-07-13T21:31:04.821433Z DEBUG gtk_status_bar::widgets: Updating workspace client strip workspace_id=10 client_count=0
2026-07-13T21:31:05+00:00 machine gtk-status-bar[1188]: 2026-07-13T21:31:05.001711Z DEBUG gtk_status_bar::widgets: Updating time label:  9:31 PM
2026-07-13T21:31:05+00:00 machine gtk-status-bar[1188]: 2026-07-13T21:31:05.794766Z  INFO gtk_status_bar::network: Network reachability probe completed target=198.51.100.1 success=false elapsed_ms=23
2026-07-13T21:31:05+00:00 machine gtk-status-bar[1188]: 2026-07-13T21:31:05.794862Z DEBUG gtk_status_bar::network: Sent network update label="\u{f091f} 28% \u{f0ac}"
2026-07-13T21:31:05+00:00 machine gtk-status-bar[1188]: 2026-07-13T21:31:05.795006Z DEBUG gtk_status_bar::widgets: Updating network label: 󰤟 28% 
2026-07-13T21:31:06+00:00 machine gtk-status-bar[1188]: 2026-07-13T21:31:06.001549Z DEBUG gtk_status_bar::widgets: Updating time label:  9:31 PM
2026-07-13T21:31:07+00:00 machine gtk-status-bar[1188]: 2026-07-13T21:31:07.001773Z DEBUG gtk_status_bar::widgets: Updating time label:  9:31 PM
2026-07-13T21:31:07+00:00 machine gtk-status-bar[1188]: 2026-07-13T21:31:07.338211Z DEBUG gtk_status_bar::hypr: Refreshing clients for workspace change workspace=WorkspaceEventData { name: Regular("11"), id: 11 }
2026-07-13T21:31:07+00:00 machine gtk-status-bar[1188]: 2026-07-13T21:31:07.338281Z DEBUG gtk_status_bar::hypr: Handling workspace change event
2026-07-13T21:31:07+00:00 machine gtk-status-bar[1188]: 2026-07-13T21:31:07.338298Z DEBUG gtk_status_bar::hypr: Workspace changed to: Workspace 11
2026-07-13T21:31:07+00:00 machine gtk-status-bar[1188]: 2026-07-13T21:31:07.339544Z DEBUG gtk_status_bar::widgets: Updating workspace - label: 'Workspace 11', color for workspace: 11
2026-07-13T21:31:07+00:00 machine gtk-status-bar[1188]: 2026-07-13T21:31:07.339730Z DEBUG gtk_status_bar::widgets: Updated title widget color to: rgba(67, 233, 123, 0.5) for workspace: 11
2026-07-13T21:31:07+00:00 machine gtk-status-bar[1188]: 2026-07-13T21:31:07.371438Z DEBUG gtk_status_bar::hypr: Refreshing current workspace clients reason="workspace-changed" workspace_id=11 client_count=0
2026-07-13T21:31:07+00:00 machine gtk-status-bar[1188]: 2026-07-13T21:31:07.371688Z DEBUG gtk_status_bar::widgets: Updating workspace client strip workspace_id=11 client_count=0
2026-07-13T21:31:07+00:00 machine gtk-status-bar[1188]: 2026-07-13T21:31:07.719505Z  INFO gtk_status_bar::network: Network reachability probe completed target=192.0.2.1 success=true elapsed_ms=24
2026-07-13T21:31:07+00:00 machine gtk-status-bar[1188]: 2026-07-13T21:31:07.719549Z DEBUG gtk_status_bar::network: Sent network update label="\u{f091f} 28% \u{f0ac}"
2026-07-13T21:31:07+00:00 machine gtk-status-bar[1188]: 2026-07-13T21:31:07.719712Z DEBUG gtk_status_bar::widgets: Updating network label: 󰤟 28% 
2026-07-13T21:31:08+00:00 machine gtk-status-bar[1188]: 2026-07-13T21:31:08.001529Z DEBUG gtk_status_bar::widgets: Updating time label:  9:31 PM
2026-07-13T21:31:09+00:00 machine gtk-status-bar[1188]: 2026-07-13T21:31:09.002313Z DEBUG gtk_status_bar::widgets: Updating time label:  9:31 PM
2026-07-13T21:31:09+00:00 machine gtk-status-bar[1188]: 2026-07-13T21:31:09.242079Z  INFO gtk_status_bar::network: Network reachability probe completed target=198.51.100.1 success=false elapsed_ms=23
2026-07-13T21:31:09+00:00 machine gtk-status-bar[1188]: 2026-07-13T21:31:09.242177Z DEBUG gtk_status_bar::network: Sent network update label="\u{f091f} 28% \u{f0ac}"
2026-07-13T21:31:09+00:00 machine gtk-status-bar[1188]: 2026-07-13T21:31:09.242332Z DEBUG gtk_status_bar::widgets: Updating network label: 󰤟 28% 
2026-07-13T21:31:09+00:00 machine gtk-status-bar[1188]: 2026-07-13T21:31:09.596880Z  INFO gtk_status_bar::network: Network reachability probe completed target=192.0.2.1 success=true elapsed_ms=16
2026-07-13T21:31:09+00:00 machine gtk-status-bar[1188]: 2026-07-13T21:31:09.596933Z DEBUG gtk_status_bar::network: Sent network update label="\u{f091f} 28% \u{f0ac}"
2026-07-13T21:31:09+00:00 machine gtk-status-bar[1188]: 2026-07-13T21:31:09.597103Z DEBUG gtk_status_bar::widgets: Updating network label: 󰤟 28% 
2026-07-13T21:31:09+00:00 machine gtk-status-bar[1188]: 2026-07-13T21:31:09.844835Z  INFO gtk_status_bar::network: Network reachability probe completed target=198.51.100.1 success=false elapsed_ms=10
2026-07-13T21:31:09+00:00 machine gtk-status-bar[1188]: 2026-07-13T21:31:09.844881Z DEBUG gtk_status_bar::network: Sent network update label="\u{f091f} 28% \u{f0ac}"
2026-07-13T21:31:09+00:00 machine gtk-status-bar[1188]: 2026-07-13T21:31:09.845027Z DEBUG gtk_status_bar::widgets: Updating network label: 󰤟 28% 
2026-07-13T21:31:09+00:00 machine gtk-status-bar[1188]: 2026-07-13T21:31:09.957864Z DEBUG gtk_status_bar::hypr: Refreshing clients for special workspace workspace=ChangedSpecialEventData { monitor_name: "Virtual-1", workspace_name: "special:evidence" }
2026-07-13T21:31:09+00:00 machine gtk-status-bar[1188]: 2026-07-13T21:31:09.958219Z DEBUG gtk_status_bar::widgets: Updating workspace - label: 'Special: evidence', color for workspace: -99
2026-07-13T21:31:09+00:00 machine gtk-status-bar[1188]: 2026-07-13T21:31:09.958411Z DEBUG gtk_status_bar::widgets: Updated title widget color to: rgba(67, 233, 123, 0.5) for workspace: -99
2026-07-13T21:31:10+00:00 machine gtk-status-bar[1188]: 2026-07-13T21:31:10.001316Z DEBUG gtk_status_bar::widgets: Updating time label:  9:31 PM
2026-07-13T21:31:10+00:00 machine gtk-status-bar[1188]: 2026-07-13T21:31:10.012681Z DEBUG gtk_status_bar::hypr: Refreshing current workspace clients reason="special-workspace-changed" workspace_id=11 client_count=0
2026-07-13T21:31:10+00:00 machine gtk-status-bar[1188]: 2026-07-13T21:31:10.012978Z DEBUG gtk_status_bar::widgets: Updating workspace client strip workspace_id=11 client_count=0
2026-07-13T21:31:11+00:00 machine gtk-status-bar[1188]: 2026-07-13T21:31:11.001819Z DEBUG gtk_status_bar::widgets: Updating time label:  9:31 PM
2026-07-13T21:31:11+00:00 machine gtk-status-bar[1188]: 2026-07-13T21:31:11.351714Z  INFO gtk_status_bar::network: Network reachability probe completed target=192.0.2.1 success=true elapsed_ms=14
2026-07-13T21:31:11+00:00 machine gtk-status-bar[1188]: 2026-07-13T21:31:11.351764Z DEBUG gtk_status_bar::network: Sent network update label="\u{f091f} 28% \u{f0ac}"
2026-07-13T21:31:11+00:00 machine gtk-status-bar[1188]: 2026-07-13T21:31:11.352145Z DEBUG gtk_status_bar::widgets: Updating network label: 󰤟 28% 
2026-07-13T21:31:12+00:00 machine gtk-status-bar[1188]: 2026-07-13T21:31:12.025019Z DEBUG gtk_status_bar::widgets: Updating time label:  9:31 PM
2026-07-13T21:31:12+00:00 machine gtk-status-bar[1188]: 2026-07-13T21:31:12.297760Z  INFO gtk_status_bar::network: Network reachability probe completed target=198.51.100.1 success=false elapsed_ms=9
2026-07-13T21:31:12+00:00 machine gtk-status-bar[1188]: 2026-07-13T21:31:12.297811Z DEBUG gtk_status_bar::network: Sent network update label="\u{f091f} 28% \u{f0ac}"
2026-07-13T21:31:12+00:00 machine gtk-status-bar[1188]: 2026-07-13T21:31:12.297998Z DEBUG gtk_status_bar::widgets: Updating network label: 󰤟 28% 
2026-07-13T21:31:12+00:00 machine gtk-status-bar[1188]: 2026-07-13T21:31:12.535093Z DEBUG gtk_status_bar::hypr: Refreshing clients after special workspace removal monitor="Virtual-1"
2026-07-13T21:31:12+00:00 machine gtk-status-bar[1188]: 2026-07-13T21:31:12.550305Z DEBUG gtk_status_bar::hypr: Refreshing current workspace clients reason="special-workspace-removed" workspace_id=11 client_count=0
2026-07-13T21:31:12+00:00 machine gtk-status-bar[1188]: 2026-07-13T21:31:12.550326Z DEBUG gtk_status_bar::widgets: Updating workspace - label: 'Workspace 11', color for workspace: 11
2026-07-13T21:31:12+00:00 machine gtk-status-bar[1188]: 2026-07-13T21:31:12.575387Z DEBUG gtk_status_bar::widgets: Updated title widget color to: rgba(67, 233, 123, 0.5) for workspace: 11
2026-07-13T21:31:12+00:00 machine gtk-status-bar[1188]: 2026-07-13T21:31:12.575945Z DEBUG gtk_status_bar::widgets: Updating workspace client strip workspace_id=11 client_count=0
2026-07-13T21:31:12+00:00 machine gtk-status-bar[1188]: 2026-07-13T21:31:12.732290Z DEBUG gtk_status_bar::hypr: Refreshing clients for special workspace workspace=ChangedSpecialEventData { monitor_name: "Virtual-1", workspace_name: "special:special" }
2026-07-13T21:31:12+00:00 machine gtk-status-bar[1188]: 2026-07-13T21:31:12.733017Z DEBUG gtk_status_bar::widgets: Updating workspace - label: 'Special: special', color for workspace: -99
2026-07-13T21:31:12+00:00 machine gtk-status-bar[1188]: 2026-07-13T21:31:12.733274Z DEBUG gtk_status_bar::widgets: Updated title widget color to: rgba(67, 233, 123, 0.5) for workspace: -99
2026-07-13T21:31:12+00:00 machine gtk-status-bar[1188]: 2026-07-13T21:31:12.753001Z DEBUG gtk_status_bar::hypr: Refreshing current workspace clients reason="special-workspace-changed" workspace_id=11 client_count=0
2026-07-13T21:31:12+00:00 machine gtk-status-bar[1188]: 2026-07-13T21:31:12.753248Z DEBUG gtk_status_bar::widgets: Updating workspace client strip workspace_id=11 client_count=0
2026-07-13T21:31:13+00:00 machine gtk-status-bar[1188]: 2026-07-13T21:31:13.001692Z DEBUG gtk_status_bar::widgets: Updating time label:  9:31 PM
2026-07-13T21:31:13+00:00 machine gtk-status-bar[1188]: 2026-07-13T21:31:13.204228Z  INFO gtk_status_bar::network: Network reachability probe completed target=198.51.100.1 success=false elapsed_ms=16
2026-07-13T21:31:13+00:00 machine gtk-status-bar[1188]: 2026-07-13T21:31:13.204331Z DEBUG gtk_status_bar::network: Sent network update label="\u{f091f} 28% \u{f0ac}"
2026-07-13T21:31:13+00:00 machine gtk-status-bar[1188]: 2026-07-13T21:31:13.204613Z DEBUG gtk_status_bar::widgets: Updating network label: 󰤟 28% 
2026-07-13T21:31:14+00:00 machine gtk-status-bar[1188]: 2026-07-13T21:31:14.001979Z DEBUG gtk_status_bar::widgets: Updating time label:  9:31 PM
2026-07-13T21:31:14+00:00 machine gtk-status-bar[1188]: 2026-07-13T21:31:14.257031Z  INFO gtk_status_bar::network: Network reachability probe completed target=192.0.2.1 success=true elapsed_ms=20
2026-07-13T21:31:14+00:00 machine gtk-status-bar[1188]: 2026-07-13T21:31:14.257131Z DEBUG gtk_status_bar::network: Sent network update label="\u{f091f} 28% \u{f0ac}"
2026-07-13T21:31:14+00:00 machine gtk-status-bar[1188]: 2026-07-13T21:31:14.257775Z DEBUG gtk_status_bar::widgets: Updating network label: 󰤟 28% 
2026-07-13T21:31:15+00:00 machine gtk-status-bar[1188]: 2026-07-13T21:31:15.001674Z DEBUG gtk_status_bar::widgets: Updating time label:  9:31 PM
2026-07-13T21:31:15+00:00 machine gtk-status-bar[1188]: 2026-07-13T21:31:15.368376Z DEBUG gtk_status_bar::hypr: Refreshing clients after special workspace removal monitor="Virtual-1"
2026-07-13T21:31:15+00:00 machine gtk-status-bar[1188]: 2026-07-13T21:31:15.383387Z DEBUG gtk_status_bar::widgets: Updating workspace - label: 'Workspace 11', color for workspace: 11
2026-07-13T21:31:15+00:00 machine gtk-status-bar[1188]: 2026-07-13T21:31:15.383548Z DEBUG gtk_status_bar::hypr: Refreshing current workspace clients reason="special-workspace-removed" workspace_id=11 client_count=0
2026-07-13T21:31:15+00:00 machine gtk-status-bar[1188]: 2026-07-13T21:31:15.383693Z DEBUG gtk_status_bar::widgets: Updated title widget color to: rgba(67, 233, 123, 0.5) for workspace: 11
2026-07-13T21:31:15+00:00 machine gtk-status-bar[1188]: 2026-07-13T21:31:15.383926Z DEBUG gtk_status_bar::widgets: Updating workspace client strip workspace_id=11 client_count=0
2026-07-13T21:31:15+00:00 machine gtk-status-bar[1188]: 2026-07-13T21:31:15.467336Z  INFO gtk_status_bar::network: Network reachability probe completed target=198.51.100.1 success=false elapsed_ms=13
2026-07-13T21:31:15+00:00 machine gtk-status-bar[1188]: 2026-07-13T21:31:15.467389Z DEBUG gtk_status_bar::network: Sent network update label="\u{f091f} 28% \u{f0ac}"
2026-07-13T21:31:15+00:00 machine gtk-status-bar[1188]: 2026-07-13T21:31:15.467602Z DEBUG gtk_status_bar::widgets: Updating network label: 󰤟 28% 
2026-07-13T21:31:15+00:00 machine gtk-status-bar[1188]: 2026-07-13T21:31:15.631856Z DEBUG gtk_status_bar::hypr: Refreshing clients for workspace change workspace=WorkspaceEventData { name: Regular("u"), id: 1 }
2026-07-13T21:31:15+00:00 machine gtk-status-bar[1188]: 2026-07-13T21:31:15.631974Z DEBUG gtk_status_bar::hypr: Handling workspace change event
2026-07-13T21:31:15+00:00 machine gtk-status-bar[1188]: 2026-07-13T21:31:15.632000Z DEBUG gtk_status_bar::hypr: Workspace changed to: Workspace u
2026-07-13T21:31:15+00:00 machine gtk-status-bar[1188]: 2026-07-13T21:31:15.632788Z DEBUG gtk_status_bar::widgets: Updating workspace - label: 'Workspace u', color for workspace: 1
2026-07-13T21:31:15+00:00 machine gtk-status-bar[1188]: 2026-07-13T21:31:15.632993Z DEBUG gtk_status_bar::widgets: Updated title widget color to: rgba(122, 162, 247, 0.5) for workspace: 1
2026-07-13T21:31:15+00:00 machine gtk-status-bar[1188]: 2026-07-13T21:31:15.667011Z DEBUG gtk_status_bar::hypr: Refreshing current workspace clients reason="workspace-changed" workspace_id=1 client_count=0
2026-07-13T21:31:15+00:00 machine gtk-status-bar[1188]: 2026-07-13T21:31:15.667267Z DEBUG gtk_status_bar::widgets: Updating workspace client strip workspace_id=1 client_count=0
2026-07-13T21:31:15+00:00 machine gtk-status-bar[1188]: 2026-07-13T21:31:15.777819Z DEBUG gtk_status_bar::dbus: Got an event in event stream: Msg { type: Signal, serial: 66, sender: UniqueName(":1.6"), path: ObjectPath("/org/bluez/hci0"), iface: InterfaceName("org.freedesktop.DBus.Properties"), member: MemberName("PropertiesChanged"), body: Structure(Dynamic { fields: [Str, Dict { key: Dynamic { child: Str }, value: Dynamic { child: Variant } }, Array(Dynamic { child: Str })] }), fds: [] }
2026-07-13T21:31:15+00:00 machine gtk-status-bar[1188]: 2026-07-13T21:31:15.778085Z DEBUG gtk_status_bar::dbus: Dbus monitor: Received D-Bus message from path: Some(ObjectPath("/org/bluez/hci0")), interface: Some(InterfaceName("org.freedesktop.DBus.Properties")), member: Some(MemberName("PropertiesChanged"))
2026-07-13T21:31:15+00:00 machine gtk-status-bar[1188]: 2026-07-13T21:31:15.778110Z  INFO gtk_status_bar::dbus: Dbus monitor: Received signal
2026-07-13T21:31:15+00:00 machine gtk-status-bar[1188]: 2026-07-13T21:31:15.778448Z  INFO gtk_status_bar::dbus: Dbus monitor: Received PropertiesChanged signal
2026-07-13T21:31:15+00:00 machine gtk-status-bar[1188]: 2026-07-13T21:31:15.778569Z DEBUG gtk_status_bar::dbus: Dbus monitor: Ignored PropertiesChanged for interface: "org.bluez.Adapter1"
2026-07-13T21:31:15+00:00 machine gtk-status-bar[1188]: 2026-07-13T21:31:15.890590Z DEBUG gtk_status_bar::hypr: Refreshing clients for workspace change workspace=WorkspaceEventData { name: Regular("i"), id: 2 }
2026-07-13T21:31:15+00:00 machine gtk-status-bar[1188]: 2026-07-13T21:31:15.890653Z DEBUG gtk_status_bar::hypr: Handling workspace change event
2026-07-13T21:31:15+00:00 machine gtk-status-bar[1188]: 2026-07-13T21:31:15.890677Z DEBUG gtk_status_bar::hypr: Workspace changed to: Workspace i
2026-07-13T21:31:15+00:00 machine gtk-status-bar[1188]: 2026-07-13T21:31:15.890840Z DEBUG gtk_status_bar::widgets: Updating workspace - label: 'Workspace i', color for workspace: 2
2026-07-13T21:31:15+00:00 machine gtk-status-bar[1188]: 2026-07-13T21:31:15.891021Z DEBUG gtk_status_bar::widgets: Updated title widget color to: rgba(125, 207, 255, 0.5) for workspace: 2
2026-07-13T21:31:15+00:00 machine gtk-status-bar[1188]: 2026-07-13T21:31:15.913086Z DEBUG gtk_status_bar::hypr: Refreshing current workspace clients reason="workspace-changed" workspace_id=2 client_count=0
2026-07-13T21:31:15+00:00 machine gtk-status-bar[1188]: 2026-07-13T21:31:15.913290Z DEBUG gtk_status_bar::widgets: Updating workspace client strip workspace_id=2 client_count=0
2026-07-13T21:31:16+00:00 machine gtk-status-bar[1188]: 2026-07-13T21:31:16.001112Z DEBUG gtk_status_bar::widgets: Updating time label:  9:31 PM
2026-07-13T21:31:16+00:00 machine gtk-status-bar[1188]: 2026-07-13T21:31:16.063792Z  INFO gtk_status_bar::network: Network reachability probe completed target=192.0.2.1 success=true elapsed_ms=12
2026-07-13T21:31:16+00:00 machine gtk-status-bar[1188]: 2026-07-13T21:31:16.063840Z DEBUG gtk_status_bar::network: Sent network update label="\u{f091f} 28% \u{f0ac}"
2026-07-13T21:31:16+00:00 machine gtk-status-bar[1188]: 2026-07-13T21:31:16.064014Z DEBUG gtk_status_bar::widgets: Updating network label: 󰤟 28% 
2026-07-13T21:31:16+00:00 machine gtk-status-bar[1188]: 2026-07-13T21:31:16.120265Z DEBUG gtk_status_bar::hypr: Refreshing clients for workspace change workspace=WorkspaceEventData { name: Regular("o"), id: 3 }
2026-07-13T21:31:16+00:00 machine gtk-status-bar[1188]: 2026-07-13T21:31:16.120343Z DEBUG gtk_status_bar::hypr: Handling workspace change event
2026-07-13T21:31:16+00:00 machine gtk-status-bar[1188]: 2026-07-13T21:31:16.120364Z DEBUG gtk_status_bar::hypr: Workspace changed to: Workspace o
2026-07-13T21:31:16+00:00 machine gtk-status-bar[1188]: 2026-07-13T21:31:16.121673Z DEBUG gtk_status_bar::widgets: Updating workspace - label: 'Workspace o', color for workspace: 3
2026-07-13T21:31:16+00:00 machine gtk-status-bar[1188]: 2026-07-13T21:31:16.121894Z DEBUG gtk_status_bar::widgets: Updated title widget color to: rgba(158, 206, 106, 0.5) for workspace: 3
2026-07-13T21:31:16+00:00 machine gtk-status-bar[1188]: 2026-07-13T21:31:16.163813Z DEBUG gtk_status_bar::hypr: Refreshing current workspace clients reason="workspace-changed" workspace_id=3 client_count=0
2026-07-13T21:31:16+00:00 machine gtk-status-bar[1188]: 2026-07-13T21:31:16.164012Z DEBUG gtk_status_bar::widgets: Updating workspace client strip workspace_id=3 client_count=0
2026-07-13T21:31:16+00:00 machine gtk-status-bar[1188]: 2026-07-13T21:31:16.329411Z DEBUG gtk_status_bar::hypr: Refreshing clients for workspace change workspace=WorkspaceEventData { name: Regular("p"), id: 4 }
2026-07-13T21:31:16+00:00 machine gtk-status-bar[1188]: 2026-07-13T21:31:16.329663Z DEBUG gtk_status_bar::hypr: Handling workspace change event
2026-07-13T21:31:16+00:00 machine gtk-status-bar[1188]: 2026-07-13T21:31:16.331754Z DEBUG gtk_status_bar::hypr: Workspace changed to: Workspace p
2026-07-13T21:31:16+00:00 machine gtk-status-bar[1188]: 2026-07-13T21:31:16.331980Z DEBUG gtk_status_bar::widgets: Updating workspace - label: 'Workspace p', color for workspace: 4
2026-07-13T21:31:16+00:00 machine gtk-status-bar[1188]: 2026-07-13T21:31:16.332199Z DEBUG gtk_status_bar::widgets: Updated title widget color to: rgba(187, 154, 247, 0.5) for workspace: 4
2026-07-13T21:31:16+00:00 machine gtk-status-bar[1188]: 2026-07-13T21:31:16.349331Z DEBUG gtk_status_bar::hypr: Refreshing current workspace clients reason="workspace-changed" workspace_id=4 client_count=0
2026-07-13T21:31:16+00:00 machine gtk-status-bar[1188]: 2026-07-13T21:31:16.349537Z DEBUG gtk_status_bar::widgets: Updating workspace client strip workspace_id=4 client_count=0
2026-07-13T21:31:16+00:00 machine gtk-status-bar[1188]: 2026-07-13T21:31:16.511407Z DEBUG gtk_status_bar::hypr: Refreshing clients for workspace change workspace=WorkspaceEventData { name: Regular("j"), id: 5 }
2026-07-13T21:31:16+00:00 machine gtk-status-bar[1188]: 2026-07-13T21:31:16.511605Z DEBUG gtk_status_bar::hypr: Handling workspace change event
2026-07-13T21:31:16+00:00 machine gtk-status-bar[1188]: 2026-07-13T21:31:16.511646Z DEBUG gtk_status_bar::hypr: Workspace changed to: Workspace j
2026-07-13T21:31:16+00:00 machine gtk-status-bar[1188]: 2026-07-13T21:31:16.511844Z DEBUG gtk_status_bar::widgets: Updating workspace - label: 'Workspace j', color for workspace: 5
2026-07-13T21:31:16+00:00 machine gtk-status-bar[1188]: 2026-07-13T21:31:16.512050Z DEBUG gtk_status_bar::widgets: Updated title widget color to: rgba(247, 118, 142, 0.5) for workspace: 5
2026-07-13T21:31:16+00:00 machine gtk-status-bar[1188]: 2026-07-13T21:31:16.527387Z DEBUG gtk_status_bar::hypr: Refreshing current workspace clients reason="workspace-changed" workspace_id=5 client_count=0
2026-07-13T21:31:16+00:00 machine gtk-status-bar[1188]: 2026-07-13T21:31:16.528149Z DEBUG gtk_status_bar::widgets: Updating workspace client strip workspace_id=5 client_count=0
2026-07-13T21:31:16+00:00 machine gtk-status-bar[1188]: 2026-07-13T21:31:16.687605Z DEBUG gtk_status_bar::hypr: Refreshing clients for workspace change workspace=WorkspaceEventData { name: Regular("u"), id: 1 }
2026-07-13T21:31:16+00:00 machine gtk-status-bar[1188]: 2026-07-13T21:31:16.687798Z DEBUG gtk_status_bar::hypr: Handling workspace change event
2026-07-13T21:31:16+00:00 machine gtk-status-bar[1188]: 2026-07-13T21:31:16.687834Z DEBUG gtk_status_bar::hypr: Workspace changed to: Workspace u
2026-07-13T21:31:16+00:00 machine gtk-status-bar[1188]: 2026-07-13T21:31:16.689851Z DEBUG gtk_status_bar::widgets: Updating workspace - label: 'Workspace u', color for workspace: 1
2026-07-13T21:31:16+00:00 machine gtk-status-bar[1188]: 2026-07-13T21:31:16.690120Z DEBUG gtk_status_bar::widgets: Updated title widget color to: rgba(122, 162, 247, 0.5) for workspace: 1
2026-07-13T21:31:16+00:00 machine gtk-status-bar[1188]: 2026-07-13T21:31:16.717720Z DEBUG gtk_status_bar::hypr: Refreshing current workspace clients reason="workspace-changed" workspace_id=1 client_count=0
2026-07-13T21:31:16+00:00 machine gtk-status-bar[1188]: 2026-07-13T21:31:16.717929Z DEBUG gtk_status_bar::widgets: Updating workspace client strip workspace_id=1 client_count=0
2026-07-13T21:31:16+00:00 machine gtk-status-bar[1188]: 2026-07-13T21:31:16.878295Z DEBUG gtk_status_bar::hypr: Refreshing clients for workspace change workspace=WorkspaceEventData { name: Regular("i"), id: 2 }
2026-07-13T21:31:16+00:00 machine gtk-status-bar[1188]: 2026-07-13T21:31:16.878419Z DEBUG gtk_status_bar::hypr: Handling workspace change event
2026-07-13T21:31:16+00:00 machine gtk-status-bar[1188]: 2026-07-13T21:31:16.878442Z DEBUG gtk_status_bar::hypr: Workspace changed to: Workspace i
2026-07-13T21:31:16+00:00 machine gtk-status-bar[1188]: 2026-07-13T21:31:16.880113Z DEBUG gtk_status_bar::widgets: Updating workspace - label: 'Workspace i', color for workspace: 2
2026-07-13T21:31:16+00:00 machine gtk-status-bar[1188]: 2026-07-13T21:31:16.880390Z DEBUG gtk_status_bar::widgets: Updated title widget color to: rgba(125, 207, 255, 0.5) for workspace: 2
2026-07-13T21:31:16+00:00 machine gtk-status-bar[1188]: 2026-07-13T21:31:16.912753Z DEBUG gtk_status_bar::hypr: Refreshing current workspace clients reason="workspace-changed" workspace_id=2 client_count=0
2026-07-13T21:31:16+00:00 machine gtk-status-bar[1188]: 2026-07-13T21:31:16.913085Z DEBUG gtk_status_bar::widgets: Updating workspace client strip workspace_id=2 client_count=0
2026-07-13T21:31:16+00:00 machine gtk-status-bar[1188]: 2026-07-13T21:31:16.987774Z  INFO gtk_status_bar::network: Network reachability probe completed target=198.51.100.1 success=false elapsed_ms=9
2026-07-13T21:31:16+00:00 machine gtk-status-bar[1188]: 2026-07-13T21:31:16.987818Z DEBUG gtk_status_bar::network: Sent network update label="\u{f091f} 28% \u{f0ac}"
2026-07-13T21:31:16+00:00 machine gtk-status-bar[1188]: 2026-07-13T21:31:16.987994Z DEBUG gtk_status_bar::widgets: Updating network label: 󰤟 28% 
2026-07-13T21:31:17+00:00 machine gtk-status-bar[1188]: 2026-07-13T21:31:17.000440Z DEBUG gtk_status_bar::widgets: Updating time label:  9:31 PM
2026-07-13T21:31:17+00:00 machine gtk-status-bar[1188]: 2026-07-13T21:31:17.088280Z DEBUG gtk_status_bar::hypr: Refreshing clients for workspace change workspace=WorkspaceEventData { name: Regular("o"), id: 3 }
2026-07-13T21:31:17+00:00 machine gtk-status-bar[1188]: 2026-07-13T21:31:17.088423Z DEBUG gtk_status_bar::hypr: Handling workspace change event
2026-07-13T21:31:17+00:00 machine gtk-status-bar[1188]: 2026-07-13T21:31:17.088518Z DEBUG gtk_status_bar::hypr: Workspace changed to: Workspace o
2026-07-13T21:31:17+00:00 machine gtk-status-bar[1188]: 2026-07-13T21:31:17.088735Z DEBUG gtk_status_bar::widgets: Updating workspace - label: 'Workspace o', color for workspace: 3
2026-07-13T21:31:17+00:00 machine gtk-status-bar[1188]: 2026-07-13T21:31:17.088943Z DEBUG gtk_status_bar::widgets: Updated title widget color to: rgba(158, 206, 106, 0.5) for workspace: 3
2026-07-13T21:31:17+00:00 machine gtk-status-bar[1188]: 2026-07-13T21:31:17.123808Z DEBUG gtk_status_bar::hypr: Refreshing current workspace clients reason="workspace-changed" workspace_id=3 client_count=0
2026-07-13T21:31:17+00:00 machine gtk-status-bar[1188]: 2026-07-13T21:31:17.123989Z DEBUG gtk_status_bar::widgets: Updating workspace client strip workspace_id=3 client_count=0
2026-07-13T21:31:17+00:00 machine gtk-status-bar[1188]: 2026-07-13T21:31:17.278740Z DEBUG gtk_status_bar::hypr: Refreshing clients for workspace change workspace=WorkspaceEventData { name: Regular("p"), id: 4 }
2026-07-13T21:31:17+00:00 machine gtk-status-bar[1188]: 2026-07-13T21:31:17.278834Z DEBUG gtk_status_bar::hypr: Handling workspace change event
2026-07-13T21:31:17+00:00 machine gtk-status-bar[1188]: 2026-07-13T21:31:17.278855Z DEBUG gtk_status_bar::hypr: Workspace changed to: Workspace p
2026-07-13T21:31:17+00:00 machine gtk-status-bar[1188]: 2026-07-13T21:31:17.279288Z DEBUG gtk_status_bar::widgets: Updating workspace - label: 'Workspace p', color for workspace: 4
2026-07-13T21:31:17+00:00 machine gtk-status-bar[1188]: 2026-07-13T21:31:17.279464Z DEBUG gtk_status_bar::widgets: Updated title widget color to: rgba(187, 154, 247, 0.5) for workspace: 4
2026-07-13T21:31:17+00:00 machine gtk-status-bar[1188]: 2026-07-13T21:31:17.296850Z DEBUG gtk_status_bar::hypr: Refreshing current workspace clients reason="workspace-changed" workspace_id=4 client_count=0
2026-07-13T21:31:17+00:00 machine gtk-status-bar[1188]: 2026-07-13T21:31:17.297023Z DEBUG gtk_status_bar::widgets: Updating workspace client strip workspace_id=4 client_count=0
2026-07-13T21:31:17+00:00 machine gtk-status-bar[1188]: 2026-07-13T21:31:17.468252Z DEBUG gtk_status_bar::hypr: Refreshing clients for workspace change workspace=WorkspaceEventData { name: Regular("j"), id: 5 }
2026-07-13T21:31:17+00:00 machine gtk-status-bar[1188]: 2026-07-13T21:31:17.468364Z DEBUG gtk_status_bar::hypr: Handling workspace change event
2026-07-13T21:31:17+00:00 machine gtk-status-bar[1188]: 2026-07-13T21:31:17.468394Z DEBUG gtk_status_bar::hypr: Workspace changed to: Workspace j
2026-07-13T21:31:17+00:00 machine gtk-status-bar[1188]: 2026-07-13T21:31:17.468663Z DEBUG gtk_status_bar::widgets: Updating workspace - label: 'Workspace j', color for workspace: 5
2026-07-13T21:31:17+00:00 machine gtk-status-bar[1188]: 2026-07-13T21:31:17.468868Z DEBUG gtk_status_bar::widgets: Updated title widget color to: rgba(247, 118, 142, 0.5) for workspace: 5
2026-07-13T21:31:17+00:00 machine gtk-status-bar[1188]: 2026-07-13T21:31:17.503440Z DEBUG gtk_status_bar::hypr: Refreshing current workspace clients reason="workspace-changed" workspace_id=5 client_count=0
2026-07-13T21:31:17+00:00 machine gtk-status-bar[1188]: 2026-07-13T21:31:17.503717Z DEBUG gtk_status_bar::widgets: Updating workspace client strip workspace_id=5 client_count=0
2026-07-13T21:31:17+00:00 machine gtk-status-bar[1188]: 2026-07-13T21:31:17.669092Z DEBUG gtk_status_bar::hypr: Refreshing clients for workspace change workspace=WorkspaceEventData { name: Regular("u"), id: 1 }
2026-07-13T21:31:17+00:00 machine gtk-status-bar[1188]: 2026-07-13T21:31:17.669185Z DEBUG gtk_status_bar::hypr: Handling workspace change event
2026-07-13T21:31:17+00:00 machine gtk-status-bar[1188]: 2026-07-13T21:31:17.669205Z DEBUG gtk_status_bar::hypr: Workspace changed to: Workspace u
2026-07-13T21:31:17+00:00 machine gtk-status-bar[1188]: 2026-07-13T21:31:17.669926Z DEBUG gtk_status_bar::widgets: Updating workspace - label: 'Workspace u', color for workspace: 1
2026-07-13T21:31:17+00:00 machine gtk-status-bar[1188]: 2026-07-13T21:31:17.670132Z DEBUG gtk_status_bar::widgets: Updated title widget color to: rgba(122, 162, 247, 0.5) for workspace: 1
2026-07-13T21:31:17+00:00 machine gtk-status-bar[1188]: 2026-07-13T21:31:17.702248Z DEBUG gtk_status_bar::hypr: Refreshing current workspace clients reason="workspace-changed" workspace_id=1 client_count=0
2026-07-13T21:31:17+00:00 machine gtk-status-bar[1188]: 2026-07-13T21:31:17.702510Z DEBUG gtk_status_bar::widgets: Updating workspace client strip workspace_id=1 client_count=0
2026-07-13T21:31:17+00:00 machine gtk-status-bar[1188]: 2026-07-13T21:31:17.865298Z DEBUG gtk_status_bar::hypr: Refreshing clients for workspace change workspace=WorkspaceEventData { name: Regular("i"), id: 2 }
2026-07-13T21:31:17+00:00 machine gtk-status-bar[1188]: 2026-07-13T21:31:17.865424Z DEBUG gtk_status_bar::hypr: Handling workspace change event
2026-07-13T21:31:17+00:00 machine gtk-status-bar[1188]: 2026-07-13T21:31:17.865503Z DEBUG gtk_status_bar::hypr: Workspace changed to: Workspace i
2026-07-13T21:31:17+00:00 machine gtk-status-bar[1188]: 2026-07-13T21:31:17.865772Z DEBUG gtk_status_bar::widgets: Updating workspace - label: 'Workspace i', color for workspace: 2
2026-07-13T21:31:17+00:00 machine gtk-status-bar[1188]: 2026-07-13T21:31:17.865954Z DEBUG gtk_status_bar::widgets: Updated title widget color to: rgba(125, 207, 255, 0.5) for workspace: 2
2026-07-13T21:31:17+00:00 machine gtk-status-bar[1188]: 2026-07-13T21:31:17.909276Z DEBUG gtk_status_bar::hypr: Refreshing current workspace clients reason="workspace-changed" workspace_id=2 client_count=0
2026-07-13T21:31:17+00:00 machine gtk-status-bar[1188]: 2026-07-13T21:31:17.909606Z DEBUG gtk_status_bar::widgets: Updating workspace client strip workspace_id=2 client_count=0
2026-07-13T21:31:18+00:00 machine gtk-status-bar[1188]: 2026-07-13T21:31:18.001135Z DEBUG gtk_status_bar::widgets: Updating time label:  9:31 PM
2026-07-13T21:31:18+00:00 machine gtk-status-bar[1188]: 2026-07-13T21:31:18.057866Z DEBUG gtk_status_bar::hypr: Refreshing clients for workspace change workspace=WorkspaceEventData { name: Regular("o"), id: 3 }
2026-07-13T21:31:18+00:00 machine gtk-status-bar[1188]: 2026-07-13T21:31:18.058150Z DEBUG gtk_status_bar::hypr: Handling workspace change event
2026-07-13T21:31:18+00:00 machine gtk-status-bar[1188]: 2026-07-13T21:31:18.058176Z DEBUG gtk_status_bar::hypr: Workspace changed to: Workspace o
2026-07-13T21:31:18+00:00 machine gtk-status-bar[1188]: 2026-07-13T21:31:18.058533Z DEBUG gtk_status_bar::widgets: Updating workspace - label: 'Workspace o', color for workspace: 3
2026-07-13T21:31:18+00:00 machine gtk-status-bar[1188]: 2026-07-13T21:31:18.059617Z DEBUG gtk_status_bar::widgets: Updated title widget color to: rgba(158, 206, 106, 0.5) for workspace: 3
2026-07-13T21:31:18+00:00 machine gtk-status-bar[1188]: 2026-07-13T21:31:18.091426Z DEBUG gtk_status_bar::hypr: Refreshing current workspace clients reason="workspace-changed" workspace_id=3 client_count=0
2026-07-13T21:31:18+00:00 machine gtk-status-bar[1188]: 2026-07-13T21:31:18.091725Z DEBUG gtk_status_bar::widgets: Updating workspace client strip workspace_id=3 client_count=0
2026-07-13T21:31:18+00:00 machine gtk-status-bar[1188]: 2026-07-13T21:31:18.202880Z  INFO gtk_status_bar::network: Network reachability probe completed target=192.0.2.1 success=true elapsed_ms=16
2026-07-13T21:31:18+00:00 machine gtk-status-bar[1188]: 2026-07-13T21:31:18.202935Z DEBUG gtk_status_bar::network: Sent network update label="\u{f091f} 28% \u{f0ac}"
2026-07-13T21:31:18+00:00 machine gtk-status-bar[1188]: 2026-07-13T21:31:18.203630Z DEBUG gtk_status_bar::widgets: Updating network label: 󰤟 28% 
2026-07-13T21:31:18+00:00 machine gtk-status-bar[1188]: 2026-07-13T21:31:18.255429Z DEBUG gtk_status_bar::hypr: Refreshing clients for workspace change workspace=WorkspaceEventData { name: Regular("p"), id: 4 }
2026-07-13T21:31:18+00:00 machine gtk-status-bar[1188]: 2026-07-13T21:31:18.255561Z DEBUG gtk_status_bar::hypr: Handling workspace change event
2026-07-13T21:31:18+00:00 machine gtk-status-bar[1188]: 2026-07-13T21:31:18.255581Z DEBUG gtk_status_bar::hypr: Workspace changed to: Workspace p
2026-07-13T21:31:18+00:00 machine gtk-status-bar[1188]: 2026-07-13T21:31:18.270740Z DEBUG gtk_status_bar::widgets: Updating workspace - label: 'Workspace p', color for workspace: 4
2026-07-13T21:31:18+00:00 machine gtk-status-bar[1188]: 2026-07-13T21:31:18.271022Z DEBUG gtk_status_bar::widgets: Updated title widget color to: rgba(187, 154, 247, 0.5) for workspace: 4
2026-07-13T21:31:18+00:00 machine gtk-status-bar[1188]: 2026-07-13T21:31:18.272502Z DEBUG gtk_status_bar::hypr: Refreshing current workspace clients reason="workspace-changed" workspace_id=4 client_count=0
2026-07-13T21:31:18+00:00 machine gtk-status-bar[1188]: 2026-07-13T21:31:18.273365Z DEBUG gtk_status_bar::widgets: Updating workspace client strip workspace_id=4 client_count=0
2026-07-13T21:31:18+00:00 machine gtk-status-bar[1188]: 2026-07-13T21:31:18.455807Z DEBUG gtk_status_bar::hypr: Handling workspace change event
2026-07-13T21:31:18+00:00 machine gtk-status-bar[1188]: 2026-07-13T21:31:18.455848Z DEBUG gtk_status_bar::hypr: Workspace changed to: Workspace j
2026-07-13T21:31:18+00:00 machine gtk-status-bar[1188]: 2026-07-13T21:31:18.455970Z DEBUG gtk_status_bar::hypr: Refreshing clients for workspace change workspace=WorkspaceEventData { name: Regular("j"), id: 5 }
2026-07-13T21:31:18+00:00 machine gtk-status-bar[1188]: 2026-07-13T21:31:18.456942Z DEBUG gtk_status_bar::widgets: Updating workspace - label: 'Workspace j', color for workspace: 5
2026-07-13T21:31:18+00:00 machine gtk-status-bar[1188]: 2026-07-13T21:31:18.457141Z DEBUG gtk_status_bar::widgets: Updated title widget color to: rgba(247, 118, 142, 0.5) for workspace: 5
2026-07-13T21:31:18+00:00 machine gtk-status-bar[1188]: 2026-07-13T21:31:18.512132Z DEBUG gtk_status_bar::hypr: Refreshing current workspace clients reason="workspace-changed" workspace_id=5 client_count=0
2026-07-13T21:31:18+00:00 machine gtk-status-bar[1188]: 2026-07-13T21:31:18.512302Z DEBUG gtk_status_bar::widgets: Updating workspace client strip workspace_id=5 client_count=0
2026-07-13T21:31:18+00:00 machine gtk-status-bar[1188]: 2026-07-13T21:31:18.651335Z DEBUG gtk_status_bar::hypr: Refreshing clients for workspace change workspace=WorkspaceEventData { name: Regular("u"), id: 1 }
2026-07-13T21:31:18+00:00 machine gtk-status-bar[1188]: 2026-07-13T21:31:18.651552Z DEBUG gtk_status_bar::hypr: Handling workspace change event
2026-07-13T21:31:18+00:00 machine gtk-status-bar[1188]: 2026-07-13T21:31:18.651583Z DEBUG gtk_status_bar::hypr: Workspace changed to: Workspace u
2026-07-13T21:31:18+00:00 machine gtk-status-bar[1188]: 2026-07-13T21:31:18.651865Z DEBUG gtk_status_bar::widgets: Updating workspace - label: 'Workspace u', color for workspace: 1
2026-07-13T21:31:18+00:00 machine gtk-status-bar[1188]: 2026-07-13T21:31:18.652048Z DEBUG gtk_status_bar::widgets: Updated title widget color to: rgba(122, 162, 247, 0.5) for workspace: 1
2026-07-13T21:31:18+00:00 machine gtk-status-bar[1188]: 2026-07-13T21:31:18.696016Z DEBUG gtk_status_bar::hypr: Refreshing current workspace clients reason="workspace-changed" workspace_id=1 client_count=0
2026-07-13T21:31:18+00:00 machine gtk-status-bar[1188]: 2026-07-13T21:31:18.696362Z DEBUG gtk_status_bar::widgets: Updating workspace client strip workspace_id=1 client_count=0
2026-07-13T21:31:18+00:00 machine gtk-status-bar[1188]: 2026-07-13T21:31:18.846139Z DEBUG gtk_status_bar::hypr: Refreshing clients for workspace change workspace=WorkspaceEventData { name: Regular("i"), id: 2 }
2026-07-13T21:31:18+00:00 machine gtk-status-bar[1188]: 2026-07-13T21:31:18.846261Z DEBUG gtk_status_bar::hypr: Handling workspace change event
2026-07-13T21:31:18+00:00 machine gtk-status-bar[1188]: 2026-07-13T21:31:18.846318Z DEBUG gtk_status_bar::hypr: Workspace changed to: Workspace i
2026-07-13T21:31:18+00:00 machine gtk-status-bar[1188]: 2026-07-13T21:31:18.847606Z DEBUG gtk_status_bar::widgets: Updating workspace - label: 'Workspace i', color for workspace: 2
2026-07-13T21:31:18+00:00 machine gtk-status-bar[1188]: 2026-07-13T21:31:18.847835Z DEBUG gtk_status_bar::widgets: Updated title widget color to: rgba(125, 207, 255, 0.5) for workspace: 2
2026-07-13T21:31:18+00:00 machine gtk-status-bar[1188]: 2026-07-13T21:31:18.862859Z  INFO gtk_status_bar::network: Network reachability probe completed target=198.51.100.1 success=false elapsed_ms=23
2026-07-13T21:31:18+00:00 machine gtk-status-bar[1188]: 2026-07-13T21:31:18.862927Z DEBUG gtk_status_bar::network: Sent network update label="\u{f091f} 28% \u{f0ac}"
2026-07-13T21:31:18+00:00 machine gtk-status-bar[1188]: 2026-07-13T21:31:18.863089Z DEBUG gtk_status_bar::widgets: Updating network label: 󰤟 28% 
2026-07-13T21:31:18+00:00 machine gtk-status-bar[1188]: 2026-07-13T21:31:18.873813Z DEBUG gtk_status_bar::hypr: Refreshing current workspace clients reason="workspace-changed" workspace_id=2 client_count=0
2026-07-13T21:31:18+00:00 machine gtk-status-bar[1188]: 2026-07-13T21:31:18.874033Z DEBUG gtk_status_bar::widgets: Updating workspace client strip workspace_id=2 client_count=0
2026-07-13T21:31:19+00:00 machine gtk-status-bar[1188]: 2026-07-13T21:31:19.000665Z DEBUG gtk_status_bar::widgets: Updating time label:  9:31 PM
2026-07-13T21:31:19+00:00 machine gtk-status-bar[1188]: 2026-07-13T21:31:19.050963Z DEBUG gtk_status_bar::hypr: Refreshing clients for workspace change workspace=WorkspaceEventData { name: Regular("o"), id: 3 }
2026-07-13T21:31:19+00:00 machine gtk-status-bar[1188]: 2026-07-13T21:31:19.051075Z DEBUG gtk_status_bar::hypr: Handling workspace change event
2026-07-13T21:31:19+00:00 machine gtk-status-bar[1188]: 2026-07-13T21:31:19.051103Z DEBUG gtk_status_bar::hypr: Workspace changed to: Workspace o
2026-07-13T21:31:19+00:00 machine gtk-status-bar[1188]: 2026-07-13T21:31:19.051600Z DEBUG gtk_status_bar::widgets: Updating workspace - label: 'Workspace o', color for workspace: 3
2026-07-13T21:31:19+00:00 machine gtk-status-bar[1188]: 2026-07-13T21:31:19.051853Z DEBUG gtk_status_bar::widgets: Updated title widget color to: rgba(158, 206, 106, 0.5) for workspace: 3
2026-07-13T21:31:19+00:00 machine gtk-status-bar[1188]: 2026-07-13T21:31:19.105535Z DEBUG gtk_status_bar::hypr: Refreshing current workspace clients reason="workspace-changed" workspace_id=3 client_count=0
2026-07-13T21:31:19+00:00 machine gtk-status-bar[1188]: 2026-07-13T21:31:19.105823Z DEBUG gtk_status_bar::widgets: Updating workspace client strip workspace_id=3 client_count=0
2026-07-13T21:31:19+00:00 machine gtk-status-bar[1188]: 2026-07-13T21:31:19.280227Z DEBUG gtk_status_bar::hypr: Refreshing clients for workspace change workspace=WorkspaceEventData { name: Regular("p"), id: 4 }
2026-07-13T21:31:19+00:00 machine gtk-status-bar[1188]: 2026-07-13T21:31:19.280324Z DEBUG gtk_status_bar::hypr: Handling workspace change event
2026-07-13T21:31:19+00:00 machine gtk-status-bar[1188]: 2026-07-13T21:31:19.280350Z DEBUG gtk_status_bar::hypr: Workspace changed to: Workspace p
2026-07-13T21:31:19+00:00 machine gtk-status-bar[1188]: 2026-07-13T21:31:19.282923Z DEBUG gtk_status_bar::widgets: Updating workspace - label: 'Workspace p', color for workspace: 4
2026-07-13T21:31:19+00:00 machine gtk-status-bar[1188]: 2026-07-13T21:31:19.283126Z DEBUG gtk_status_bar::widgets: Updated title widget color to: rgba(187, 154, 247, 0.5) for workspace: 4
2026-07-13T21:31:19+00:00 machine gtk-status-bar[1188]: 2026-07-13T21:31:19.299782Z DEBUG gtk_status_bar::hypr: Refreshing current workspace clients reason="workspace-changed" workspace_id=4 client_count=0
2026-07-13T21:31:19+00:00 machine gtk-status-bar[1188]: 2026-07-13T21:31:19.299964Z DEBUG gtk_status_bar::widgets: Updating workspace client strip workspace_id=4 client_count=0
2026-07-13T21:31:19+00:00 machine gtk-status-bar[1188]: 2026-07-13T21:31:19.476276Z DEBUG gtk_status_bar::hypr: Refreshing clients for workspace change workspace=WorkspaceEventData { name: Regular("j"), id: 5 }
2026-07-13T21:31:19+00:00 machine gtk-status-bar[1188]: 2026-07-13T21:31:19.476581Z DEBUG gtk_status_bar::hypr: Handling workspace change event
2026-07-13T21:31:19+00:00 machine gtk-status-bar[1188]: 2026-07-13T21:31:19.476608Z DEBUG gtk_status_bar::hypr: Workspace changed to: Workspace j
2026-07-13T21:31:19+00:00 machine gtk-status-bar[1188]: 2026-07-13T21:31:19.476843Z DEBUG gtk_status_bar::widgets: Updating workspace - label: 'Workspace j', color for workspace: 5
2026-07-13T21:31:19+00:00 machine gtk-status-bar[1188]: 2026-07-13T21:31:19.477076Z DEBUG gtk_status_bar::widgets: Updated title widget color to: rgba(247, 118, 142, 0.5) for workspace: 5
2026-07-13T21:31:19+00:00 machine gtk-status-bar[1188]: 2026-07-13T21:31:19.517346Z DEBUG gtk_status_bar::hypr: Refreshing current workspace clients reason="workspace-changed" workspace_id=5 client_count=0
2026-07-13T21:31:19+00:00 machine gtk-status-bar[1188]: 2026-07-13T21:31:19.517668Z DEBUG gtk_status_bar::widgets: Updating workspace client strip workspace_id=5 client_count=0
2026-07-13T21:31:19+00:00 machine gtk-status-bar[1188]: 2026-07-13T21:31:19.671930Z DEBUG gtk_status_bar::hypr: Refreshing clients for workspace change workspace=WorkspaceEventData { name: Regular("c"), id: 10 }
2026-07-13T21:31:19+00:00 machine gtk-status-bar[1188]: 2026-07-13T21:31:19.671991Z DEBUG gtk_status_bar::hypr: Handling workspace change event
2026-07-13T21:31:19+00:00 machine gtk-status-bar[1188]: 2026-07-13T21:31:19.672010Z DEBUG gtk_status_bar::hypr: Workspace changed to: Workspace c
2026-07-13T21:31:19+00:00 machine gtk-status-bar[1188]: 2026-07-13T21:31:19.673178Z DEBUG gtk_status_bar::widgets: Updating workspace - label: 'Workspace c', color for workspace: 10
2026-07-13T21:31:19+00:00 machine gtk-status-bar[1188]: 2026-07-13T21:31:19.673387Z DEBUG gtk_status_bar::widgets: Updated title widget color to: rgba(13, 185, 215, 0.5) for workspace: 10
2026-07-13T21:31:19+00:00 machine gtk-status-bar[1188]: 2026-07-13T21:31:19.688839Z DEBUG gtk_status_bar::hypr: Refreshing current workspace clients reason="workspace-changed" workspace_id=10 client_count=0
2026-07-13T21:31:19+00:00 machine gtk-status-bar[1188]: 2026-07-13T21:31:19.689035Z DEBUG gtk_status_bar::widgets: Updating workspace client strip workspace_id=10 client_count=0
2026-07-13T21:31:19+00:00 machine gtk-status-bar[1188]: 2026-07-13T21:31:19.838717Z  INFO gtk_status_bar::network: Network reachability probe completed target=192.0.2.1 success=true elapsed_ms=13
2026-07-13T21:31:19+00:00 machine gtk-status-bar[1188]: 2026-07-13T21:31:19.838760Z DEBUG gtk_status_bar::network: Sent network update label="\u{f091f} 28% \u{f0ac}"
2026-07-13T21:31:19+00:00 machine gtk-status-bar[1188]: 2026-07-13T21:31:19.838929Z DEBUG gtk_status_bar::widgets: Updating network label: 󰤟 28% 
2026-07-13T21:31:20+00:00 machine gtk-status-bar[1188]: 2026-07-13T21:31:20.001218Z DEBUG gtk_status_bar::widgets: Updating time label:  9:31 PM
2026-07-13T21:31:21+00:00 machine gtk-status-bar[1188]: 2026-07-13T21:31:21.002091Z DEBUG gtk_status_bar::widgets: Updating time label:  9:31 PM
2026-07-13T21:31:21+00:00 machine gtk-status-bar[1188]: 2026-07-13T21:31:21.013357Z  INFO gtk_status_bar::network: Network reachability probe completed target=192.0.2.1 success=true elapsed_ms=27
2026-07-13T21:31:21+00:00 machine gtk-status-bar[1188]: 2026-07-13T21:31:21.013427Z DEBUG gtk_status_bar::network: Sent network update label="\u{f091f} 28% \u{f0ac}"
2026-07-13T21:31:21+00:00 machine gtk-status-bar[1188]: 2026-07-13T21:31:21.014240Z DEBUG gtk_status_bar::widgets: Updating network label: 󰤟 28% 
2026-07-13T21:31:22+00:00 machine gtk-status-bar[1188]: 2026-07-13T21:31:22.002540Z DEBUG gtk_status_bar::widgets: Updating time label:  9:31 PM
2026-07-13T21:31:22+00:00 machine gtk-status-bar[1188]: 2026-07-13T21:31:22.212982Z DEBUG gtk_status_bar::hypr: Handling workspace change event
2026-07-13T21:31:22+00:00 machine gtk-status-bar[1188]: 2026-07-13T21:31:22.213015Z DEBUG gtk_status_bar::hypr: Workspace changed to: Workspace i
2026-07-13T21:31:22+00:00 machine gtk-status-bar[1188]: 2026-07-13T21:31:22.213115Z DEBUG gtk_status_bar::hypr: Refreshing clients for workspace change workspace=WorkspaceEventData { name: Regular("i"), id: 2 }
2026-07-13T21:31:22+00:00 machine gtk-status-bar[1188]: 2026-07-13T21:31:22.215070Z DEBUG gtk_status_bar::widgets: Updating workspace - label: 'Workspace i', color for workspace: 2
2026-07-13T21:31:22+00:00 machine gtk-status-bar[1188]: 2026-07-13T21:31:22.215333Z DEBUG gtk_status_bar::widgets: Updated title widget color to: rgba(125, 207, 255, 0.5) for workspace: 2
2026-07-13T21:31:22+00:00 machine gtk-status-bar[1188]: 2026-07-13T21:31:22.230699Z DEBUG gtk_status_bar::hypr: Refreshing current workspace clients reason="workspace-changed" workspace_id=2 client_count=0
2026-07-13T21:31:22+00:00 machine gtk-status-bar[1188]: 2026-07-13T21:31:22.235757Z DEBUG gtk_status_bar::widgets: Updating workspace client strip workspace_id=2 client_count=0
2026-07-13T21:31:22+00:00 machine gtk-status-bar[1188]: 2026-07-13T21:31:22.996574Z  INFO gtk_status_bar::network: Network reachability probe completed target=198.51.100.1 success=false elapsed_ms=12
2026-07-13T21:31:22+00:00 machine gtk-status-bar[1188]: 2026-07-13T21:31:22.996628Z DEBUG gtk_status_bar::network: Sent network update label="\u{f091f} 28% \u{f0ac}"
2026-07-13T21:31:23+00:00 machine gtk-status-bar[1188]: 2026-07-13T21:31:22.996807Z DEBUG gtk_status_bar::widgets: Updating network label: 󰤟 28% 
2026-07-13T21:31:23+00:00 machine gtk-status-bar[1188]: 2026-07-13T21:31:23.000880Z DEBUG gtk_status_bar::widgets: Updating time label:  9:31 PM
2026-07-13T21:31:23+00:00 machine gtk-status-bar[1188]: 2026-07-13T21:31:23.157354Z DEBUG gtk_status_bar::hypr: Window title changed address=0x585b3a118570 title="kitty"
2026-07-13T21:31:23+00:00 machine gtk-status-bar[1188]: 2026-07-13T21:31:23.159653Z DEBUG gtk_status_bar::hypr: Refreshing current workspace clients reason="title-changed" workspace_id=2 client_count=0
2026-07-13T21:31:23+00:00 machine gtk-status-bar[1188]: 2026-07-13T21:31:23.159858Z DEBUG gtk_status_bar::widgets: Updating workspace client strip workspace_id=2 client_count=0
2026-07-13T21:31:23+00:00 machine gtk-status-bar[1188]: 2026-07-13T21:31:23.201531Z DEBUG gtk_status_bar::hypr: Window opened window=WindowOpenEvent { window_address: Address("0x585b3a118570"), workspace_name: "i", window_class: "kitty", window_title: "kitty" }
2026-07-13T21:31:23+00:00 machine gtk-status-bar[1188]: 2026-07-13T21:31:23.949871Z DEBUG gtk_status_bar::hypr: Refreshing current workspace clients reason="window-opened" workspace_id=2 client_count=1 active_address="0x585b3a118570"
2026-07-13T21:31:23+00:00 machine gtk-status-bar[1188]: 2026-07-13T21:31:23.949996Z DEBUG gtk_status_bar::hypr: Active window changed window=Some(WindowEventData { class: "kitty", title: "kitty", address: Address("0x585b3a118570") })
2026-07-13T21:31:23+00:00 machine gtk-status-bar[1188]: 2026-07-13T21:31:23.950288Z DEBUG gtk_status_bar::widgets: Updating workspace client strip workspace_id=2 client_count=1
2026-07-13T21:31:23+00:00 machine gtk-status-bar[1188]: 2026-07-13T21:31:23.950333Z DEBUG gtk_status_bar::widgets: Updating client pill address=0x585b3a118570 title="kitty" compact_title="kitty" class="kitty" active=true
2026-07-13T21:31:23+00:00 machine gtk-status-bar[1188]: 2026-07-13T21:31:23.950358Z DEBUG gtk_status_bar::widgets: Creating client title pill
2026-07-13T21:31:24+00:00 machine gtk-status-bar[1188]: 2026-07-13T21:31:23.991043Z DEBUG gtk_status_bar::hypr: Refreshing current workspace clients reason="active-window-changed" workspace_id=2 client_count=1 active_address="0x585b3a118570"
2026-07-13T21:31:24+00:00 machine gtk-status-bar[1188]: 2026-07-13T21:31:24.086924Z DEBUG gtk_status_bar::widgets: Resolved title icon from desktop application metadata class="kitty"
2026-07-13T21:31:24+00:00 machine gtk-status-bar[1188]: 2026-07-13T21:31:24.087098Z DEBUG gtk_status_bar::widgets: Updating workspace client strip workspace_id=2 client_count=1
2026-07-13T21:31:24+00:00 machine gtk-status-bar[1188]: 2026-07-13T21:31:24.087143Z DEBUG gtk_status_bar::widgets: Updating client pill address=0x585b3a118570 title="kitty" compact_title="kitty" class="kitty" active=true
2026-07-13T21:31:24+00:00 machine gtk-status-bar[1188]: 2026-07-13T21:31:24.110530Z DEBUG gtk_status_bar::widgets: Updating time label:  9:31 PM
2026-07-13T21:31:24+00:00 machine gtk-status-bar[1188]: 2026-07-13T21:31:24.281401Z  INFO gtk_status_bar::network: Network reachability probe completed target=192.0.2.1 success=true elapsed_ms=23
2026-07-13T21:31:24+00:00 machine gtk-status-bar[1188]: 2026-07-13T21:31:24.281625Z DEBUG gtk_status_bar::network: Sent network update label="\u{f091f} 28% \u{f0ac}"
2026-07-13T21:31:24+00:00 machine gtk-status-bar[1188]: 2026-07-13T21:31:24.283694Z DEBUG gtk_status_bar::widgets: Updating network label: 󰤟 28% 
2026-07-13T21:31:24+00:00 machine gtk-status-bar[1188]: 2026-07-13T21:31:24.928348Z DEBUG gtk_status_bar::hypr: Window title changed address=0x585b3a118570 title="bash"
2026-07-13T21:31:24+00:00 machine gtk-status-bar[1188]: 2026-07-13T21:31:24.947356Z DEBUG gtk_status_bar::hypr: Refreshing current workspace clients reason="title-changed" workspace_id=2 client_count=1 active_address="0x585b3a118570"
2026-07-13T21:31:24+00:00 machine gtk-status-bar[1188]: 2026-07-13T21:31:24.947401Z DEBUG gtk_status_bar::hypr: Active window changed window=Some(WindowEventData { class: "kitty", title: "bash", address: Address("0x585b3a118570") })
2026-07-13T21:31:24+00:00 machine gtk-status-bar[1188]: 2026-07-13T21:31:24.947628Z DEBUG gtk_status_bar::widgets: Updating workspace client strip workspace_id=2 client_count=1
2026-07-13T21:31:24+00:00 machine gtk-status-bar[1188]: 2026-07-13T21:31:24.959030Z DEBUG gtk_status_bar::widgets: Updating client pill address=0x585b3a118570 title="bash" compact_title="bash" class="kitty" active=true
2026-07-13T21:31:24+00:00 machine gtk-status-bar[1188]: 2026-07-13T21:31:24.971701Z DEBUG gtk_status_bar::hypr: Refreshing current workspace clients reason="active-window-changed" workspace_id=2 client_count=1 active_address="0x585b3a118570"
2026-07-13T21:31:24+00:00 machine gtk-status-bar[1188]: 2026-07-13T21:31:24.976101Z DEBUG gtk_status_bar::widgets: Updating workspace client strip workspace_id=2 client_count=1
2026-07-13T21:31:24+00:00 machine gtk-status-bar[1188]: 2026-07-13T21:31:24.976163Z DEBUG gtk_status_bar::widgets: Updating client pill address=0x585b3a118570 title="bash" compact_title="bash" class="kitty" active=true
2026-07-13T21:31:24+00:00 machine gtk-status-bar[1188]: 2026-07-13T21:31:24.999217Z DEBUG gtk_status_bar::hypr: Window title changed address=0x585b3a118570 title="admin@machine: ~"
2026-07-13T21:31:25+00:00 machine gtk-status-bar[1188]: 2026-07-13T21:31:25.000855Z DEBUG gtk_status_bar::widgets: Updating time label:  9:31 PM
2026-07-13T21:31:25+00:00 machine gtk-status-bar[1188]: 2026-07-13T21:31:25.031047Z DEBUG gtk_status_bar::hypr: Refreshing current workspace clients reason="title-changed" workspace_id=2 client_count=1 active_address="0x585b3a118570"
2026-07-13T21:31:25+00:00 machine gtk-status-bar[1188]: 2026-07-13T21:31:25.031102Z DEBUG gtk_status_bar::hypr: Active window changed window=Some(WindowEventData { class: "kitty", title: "admin@machine: ~", address: Address("0x585b3a118570") })
2026-07-13T21:31:25+00:00 machine gtk-status-bar[1188]: 2026-07-13T21:31:25.031277Z DEBUG gtk_status_bar::widgets: Updating workspace client strip workspace_id=2 client_count=1
2026-07-13T21:31:25+00:00 machine gtk-status-bar[1188]: 2026-07-13T21:31:25.031528Z DEBUG gtk_status_bar::widgets: Updating client pill address=0x585b3a118570 title="admin@machine: ~" compact_title="admin@machi…" class="kitty" active=true
2026-07-13T21:31:25+00:00 machine gtk-status-bar[1188]: 2026-07-13T21:31:25.034034Z DEBUG gtk_status_bar::hypr: Refreshing current workspace clients reason="active-window-changed" workspace_id=2 client_count=1 active_address="0x585b3a118570"
2026-07-13T21:31:25+00:00 machine gtk-status-bar[1188]: 2026-07-13T21:31:25.034320Z DEBUG gtk_status_bar::widgets: Updating workspace client strip workspace_id=2 client_count=1
2026-07-13T21:31:25+00:00 machine gtk-status-bar[1188]: 2026-07-13T21:31:25.034388Z DEBUG gtk_status_bar::widgets: Updating client pill address=0x585b3a118570 title="admin@machine: ~" compact_title="admin@machi…" class="kitty" active=true
2026-07-13T21:31:25+00:00 machine gtk-status-bar[1188]: 2026-07-13T21:31:25.467532Z  INFO gtk_status_bar::network: Network reachability probe completed target=198.51.100.1 success=false elapsed_ms=14
2026-07-13T21:31:25+00:00 machine gtk-status-bar[1188]: 2026-07-13T21:31:25.467582Z DEBUG gtk_status_bar::network: Sent network update label="\u{f091f} 28% \u{f0ac}"
2026-07-13T21:31:25+00:00 machine gtk-status-bar[1188]: 2026-07-13T21:31:25.467738Z DEBUG gtk_status_bar::widgets: Updating network label: 󰤟 28% 
2026-07-13T21:31:26+00:00 machine gtk-status-bar[1188]: 2026-07-13T21:31:26.002420Z DEBUG gtk_status_bar::widgets: Updating time label:  9:31 PM
2026-07-13T21:31:26+00:00 machine gtk-status-bar[1188]: 2026-07-13T21:31:26.672684Z  INFO gtk_status_bar::network: Network reachability probe completed target=192.0.2.1 success=true elapsed_ms=10
2026-07-13T21:31:26+00:00 machine gtk-status-bar[1188]: 2026-07-13T21:31:26.672733Z DEBUG gtk_status_bar::network: Sent network update label="\u{f091f} 28% \u{f0ac}"
2026-07-13T21:31:26+00:00 machine gtk-status-bar[1188]: 2026-07-13T21:31:26.672959Z DEBUG gtk_status_bar::widgets: Updating network label: 󰤟 28% 
2026-07-13T21:31:27+00:00 machine gtk-status-bar[1188]: 2026-07-13T21:31:27.001263Z DEBUG gtk_status_bar::widgets: Updating time label:  9:31 PM
2026-07-13T21:31:27+00:00 machine gtk-status-bar[1188]: 2026-07-13T21:31:27.436154Z  INFO gtk_status_bar::network: Network reachability probe completed target=198.51.100.1 success=false elapsed_ms=11
2026-07-13T21:31:27+00:00 machine gtk-status-bar[1188]: 2026-07-13T21:31:27.436203Z DEBUG gtk_status_bar::network: Sent network update label="\u{f091f} 28% \u{f0ac}"
2026-07-13T21:31:27+00:00 machine gtk-status-bar[1188]: 2026-07-13T21:31:27.448970Z DEBUG gtk_status_bar::widgets: Updating network label: 󰤟 28% 
2026-07-13T21:31:27+00:00 machine gtk-status-bar[1188]: 2026-07-13T21:31:27.741580Z DEBUG gtk_status_bar::hypr: Window title changed address=0x585b3a118570 title="kitten"
2026-07-13T21:31:27+00:00 machine gtk-status-bar[1188]: 2026-07-13T21:31:27.760676Z DEBUG gtk_status_bar::hypr: Refreshing current workspace clients reason="title-changed" workspace_id=2 client_count=1 active_address="0x585b3a118570"
2026-07-13T21:31:27+00:00 machine gtk-status-bar[1188]: 2026-07-13T21:31:27.760736Z DEBUG gtk_status_bar::hypr: Active window changed window=Some(WindowEventData { class: "kitty", title: "kitten", address: Address("0x585b3a118570") })
2026-07-13T21:31:27+00:00 machine gtk-status-bar[1188]: 2026-07-13T21:31:27.762692Z DEBUG gtk_status_bar::widgets: Updating workspace client strip workspace_id=2 client_count=1
2026-07-13T21:31:27+00:00 machine gtk-status-bar[1188]: 2026-07-13T21:31:27.762840Z DEBUG gtk_status_bar::widgets: Updating client pill address=0x585b3a118570 title="kitten" compact_title="kitten" class="kitty" active=true
2026-07-13T21:31:27+00:00 machine gtk-status-bar[1188]: 2026-07-13T21:31:27.796791Z DEBUG gtk_status_bar::hypr: Refreshing current workspace clients reason="active-window-changed" workspace_id=2 client_count=1 active_address="0x585b3a118570"
2026-07-13T21:31:27+00:00 machine gtk-status-bar[1188]: 2026-07-13T21:31:27.796873Z DEBUG gtk_status_bar::hypr: Window title changed address=0x585b3a118570 title="Close OS window"
2026-07-13T21:31:27+00:00 machine gtk-status-bar[1188]: 2026-07-13T21:31:27.797179Z DEBUG gtk_status_bar::widgets: Updating workspace client strip workspace_id=2 client_count=1
2026-07-13T21:31:27+00:00 machine gtk-status-bar[1188]: 2026-07-13T21:31:27.797296Z DEBUG gtk_status_bar::widgets: Updating client pill address=0x585b3a118570 title="Close OS window" compact_title="Close" class="kitty" active=true
2026-07-13T21:31:27+00:00 machine gtk-status-bar[1188]: 2026-07-13T21:31:27.853834Z DEBUG gtk_status_bar::hypr: Refreshing current workspace clients reason="title-changed" workspace_id=2 client_count=1 active_address="0x585b3a118570"
2026-07-13T21:31:27+00:00 machine gtk-status-bar[1188]: 2026-07-13T21:31:27.855552Z DEBUG gtk_status_bar::hypr: Active window changed window=Some(WindowEventData { class: "kitty", title: "Close OS window", address: Address("0x585b3a118570") })
2026-07-13T21:31:27+00:00 machine gtk-status-bar[1188]: 2026-07-13T21:31:27.855684Z DEBUG gtk_status_bar::widgets: Updating workspace client strip workspace_id=2 client_count=1
2026-07-13T21:31:27+00:00 machine gtk-status-bar[1188]: 2026-07-13T21:31:27.855827Z DEBUG gtk_status_bar::widgets: Updating client pill address=0x585b3a118570 title="Close OS window" compact_title="Close" class="kitty" active=true
2026-07-13T21:31:27+00:00 machine gtk-status-bar[1188]: 2026-07-13T21:31:27.877664Z DEBUG gtk_status_bar::hypr: Refreshing current workspace clients reason="active-window-changed" workspace_id=2 client_count=1 active_address="0x585b3a118570"
2026-07-13T21:31:27+00:00 machine gtk-status-bar[1188]: 2026-07-13T21:31:27.877996Z DEBUG gtk_status_bar::widgets: Updating workspace client strip workspace_id=2 client_count=1
2026-07-13T21:31:27+00:00 machine gtk-status-bar[1188]: 2026-07-13T21:31:27.878094Z DEBUG gtk_status_bar::widgets: Updating client pill address=0x585b3a118570 title="Close OS window" compact_title="Close" class="kitty" active=true
2026-07-13T21:31:28+00:00 machine gtk-status-bar[1188]: 2026-07-13T21:31:28.000823Z DEBUG gtk_status_bar::widgets: Updating time label:  9:31 PM
2026-07-13T21:31:28+00:00 machine gtk-status-bar[1188]: 2026-07-13T21:31:28.048269Z  INFO gtk_status_bar::network: Network reachability probe completed target=192.0.2.1 success=true elapsed_ms=13
2026-07-13T21:31:28+00:00 machine gtk-status-bar[1188]: 2026-07-13T21:31:28.048313Z DEBUG gtk_status_bar::network: Sent network update label="\u{f091f} 28% \u{f0ac}"
2026-07-13T21:31:28+00:00 machine gtk-status-bar[1188]: 2026-07-13T21:31:28.048672Z DEBUG gtk_status_bar::widgets: Updating network label: 󰤟 28% 
2026-07-13T21:31:28+00:00 machine gtk-status-bar[1188]: 2026-07-13T21:31:28.420325Z DEBUG gtk_status_bar::hypr: Window title changed address=0x585b39ecc9e0 title="hello"
2026-07-13T21:31:28+00:00 machine gtk-status-bar[1188]: 2026-07-13T21:31:28.420973Z DEBUG gtk_status_bar::hypr: Refreshing current workspace clients reason="title-changed" workspace_id=2 client_count=1 active_address="0x585b3a118570"
2026-07-13T21:31:28+00:00 machine gtk-status-bar[1188]: 2026-07-13T21:31:28.421172Z DEBUG gtk_status_bar::widgets: Updating workspace client strip workspace_id=2 client_count=1
2026-07-13T21:31:28+00:00 machine gtk-status-bar[1188]: 2026-07-13T21:31:28.421316Z DEBUG gtk_status_bar::widgets: Updating client pill address=0x585b3a118570 title="Close OS window" compact_title="Close" class="kitty" active=true
2026-07-13T21:31:28+00:00 machine gtk-status-bar[1188]: 2026-07-13T21:31:28.464042Z DEBUG gtk_status_bar::hypr: Window opened window=WindowOpenEvent { window_address: Address("0x585b39ecc9e0"), workspace_name: "i", window_class: "kitty", window_title: "hello" }
2026-07-13T21:31:28+00:00 machine gtk-status-bar[1188]: 2026-07-13T21:31:28.485618Z DEBUG gtk_status_bar::hypr: Refreshing current workspace clients reason="window-opened" workspace_id=2 client_count=2 active_address="0x585b39ecc9e0"
2026-07-13T21:31:28+00:00 machine gtk-status-bar[1188]: 2026-07-13T21:31:28.485707Z DEBUG gtk_status_bar::hypr: Active window changed window=Some(WindowEventData { class: "kitty", title: "hello", address: Address("0x585b39ecc9e0") })
2026-07-13T21:31:28+00:00 machine gtk-status-bar[1188]: 2026-07-13T21:31:28.485861Z DEBUG gtk_status_bar::widgets: Updating workspace client strip workspace_id=2 client_count=2
2026-07-13T21:31:28+00:00 machine gtk-status-bar[1188]: 2026-07-13T21:31:28.486032Z DEBUG gtk_status_bar::widgets: Updating client pill address=0x585b3a118570 title="Close OS window" compact_title="Close" class="kitty" active=false
2026-07-13T21:31:28+00:00 machine gtk-status-bar[1188]: 2026-07-13T21:31:28.486144Z DEBUG gtk_status_bar::widgets: Updating client pill address=0x585b39ecc9e0 title="hello" compact_title="hello" class="kitty" active=true
2026-07-13T21:31:28+00:00 machine gtk-status-bar[1188]: 2026-07-13T21:31:28.486169Z DEBUG gtk_status_bar::widgets: Creating client title pill
2026-07-13T21:31:28+00:00 machine gtk-status-bar[1188]: 2026-07-13T21:31:28.487200Z DEBUG gtk_status_bar::hypr: Refreshing current workspace clients reason="active-window-changed" workspace_id=2 client_count=2 active_address="0x585b39ecc9e0"
2026-07-13T21:31:28+00:00 machine gtk-status-bar[1188]: 2026-07-13T21:31:28.563919Z DEBUG gtk_status_bar::widgets: Resolved title icon from desktop application metadata class="kitty"
2026-07-13T21:31:28+00:00 machine gtk-status-bar[1188]: 2026-07-13T21:31:28.564013Z DEBUG gtk_status_bar::widgets: Updating workspace client strip workspace_id=2 client_count=2
2026-07-13T21:31:28+00:00 machine gtk-status-bar[1188]: 2026-07-13T21:31:28.564066Z DEBUG gtk_status_bar::widgets: Updating client pill address=0x585b3a118570 title="Close OS window" compact_title="Close" class="kitty" active=false
2026-07-13T21:31:28+00:00 machine gtk-status-bar[1188]: 2026-07-13T21:31:28.564118Z DEBUG gtk_status_bar::widgets: Updating client pill address=0x585b39ecc9e0 title="hello" compact_title="hello" class="kitty" active=true
2026-07-13T21:31:29+00:00 machine gtk-status-bar[1188]: 2026-07-13T21:31:29.001703Z DEBUG gtk_status_bar::widgets: Updating time label:  9:31 PM
2026-07-13T21:31:29+00:00 machine gtk-status-bar[1188]: 2026-07-13T21:31:29.007006Z  INFO gtk_status_bar::network: Network reachability probe completed target=198.51.100.1 success=false elapsed_ms=26
2026-07-13T21:31:29+00:00 machine gtk-status-bar[1188]: 2026-07-13T21:31:29.007054Z DEBUG gtk_status_bar::network: Sent network update label="\u{f091f} 28% \u{f0ac}"
2026-07-13T21:31:29+00:00 machine gtk-status-bar[1188]: 2026-07-13T21:31:29.007304Z DEBUG gtk_status_bar::widgets: Updating network label: 󰤟 28% 
2026-07-13T21:31:30+00:00 machine gtk-status-bar[1188]: 2026-07-13T21:31:30.002211Z DEBUG gtk_status_bar::widgets: Updating time label:  9:31 PM
2026-07-13T21:31:30+00:00 machine gtk-status-bar[1188]: 2026-07-13T21:31:30.525812Z  INFO gtk_status_bar::network: Network reachability probe completed target=192.0.2.1 success=true elapsed_ms=26
2026-07-13T21:31:30+00:00 machine gtk-status-bar[1188]: 2026-07-13T21:31:30.525922Z DEBUG gtk_status_bar::network: Sent network update label="\u{f091f} 28% \u{f0ac}"
2026-07-13T21:31:30+00:00 machine gtk-status-bar[1188]: 2026-07-13T21:31:30.526343Z DEBUG gtk_status_bar::widgets: Updating network label: 󰤟 28% 
2026-07-13T21:31:31+00:00 machine gtk-status-bar[1188]: 2026-07-13T21:31:31.001300Z DEBUG gtk_status_bar::widgets: Updating time label:  9:31 PM
2026-07-13T21:31:31+00:00 machine gtk-status-bar[1188]: 2026-07-13T21:31:31.722425Z  INFO gtk_status_bar::network: Network reachability probe completed target=198.51.100.1 success=false elapsed_ms=9
2026-07-13T21:31:31+00:00 machine gtk-status-bar[1188]: 2026-07-13T21:31:31.722517Z DEBUG gtk_status_bar::network: Sent network update label="\u{f091f} 28% \u{f0ac}"
2026-07-13T21:31:31+00:00 machine gtk-status-bar[1188]: 2026-07-13T21:31:31.722703Z DEBUG gtk_status_bar::widgets: Updating network label: 󰤟 28% 
2026-07-13T21:31:32+00:00 machine gtk-status-bar[1188]: 2026-07-13T21:31:32.000704Z DEBUG gtk_status_bar::widgets: Updating time label:  9:31 PM
2026-07-13T21:31:33+00:00 machine gtk-status-bar[1188]: 2026-07-13T21:31:33.001793Z DEBUG gtk_status_bar::widgets: Updating time label:  9:31 PM
2026-07-13T21:31:33+00:00 machine gtk-status-bar[1188]: 2026-07-13T21:31:33.072597Z  INFO gtk_status_bar::network: Network reachability probe completed target=192.0.2.1 success=true elapsed_ms=8
2026-07-13T21:31:33+00:00 machine gtk-status-bar[1188]: 2026-07-13T21:31:33.072652Z DEBUG gtk_status_bar::network: Sent network update label="\u{f091f} 28% \u{f0ac}"
2026-07-13T21:31:33+00:00 machine gtk-status-bar[1188]: 2026-07-13T21:31:33.072831Z DEBUG gtk_status_bar::widgets: Updating network label: 󰤟 28% 
2026-07-13T21:31:33+00:00 machine gtk-status-bar[1188]: 2026-07-13T21:31:33.417925Z DEBUG gtk_status_bar::hypr: Window title changed address=0x585b3a13ac60 title="AAAAAAAAAAAAAAAAAAAAAAAAAAAAAAAAAAAAAAAAAAAAAAAAAAAAAAAAAAAAAAAA"
2026-07-13T21:31:33+00:00 machine gtk-status-bar[1188]: 2026-07-13T21:31:33.426142Z DEBUG gtk_status_bar::hypr: Refreshing current workspace clients reason="title-changed" workspace_id=2 client_count=2 active_address="0x585b39ecc9e0"
2026-07-13T21:31:33+00:00 machine gtk-status-bar[1188]: 2026-07-13T21:31:33.426343Z DEBUG gtk_status_bar::widgets: Updating workspace client strip workspace_id=2 client_count=2
2026-07-13T21:31:33+00:00 machine gtk-status-bar[1188]: 2026-07-13T21:31:33.426589Z DEBUG gtk_status_bar::widgets: Updating client pill address=0x585b3a118570 title="Close OS window" compact_title="Close" class="kitty" active=false
2026-07-13T21:31:33+00:00 machine gtk-status-bar[1188]: 2026-07-13T21:31:33.426664Z DEBUG gtk_status_bar::widgets: Updating client pill address=0x585b39ecc9e0 title="hello" compact_title="hello" class="kitty" active=true
2026-07-13T21:31:33+00:00 machine gtk-status-bar[1188]: 2026-07-13T21:31:33.467928Z DEBUG gtk_status_bar::hypr: Window opened window=WindowOpenEvent { window_address: Address("0x585b3a13ac60"), workspace_name: "i", window_class: "kitty", window_title: "AAAAAAAAAAAAAAAAAAAAAAAAAAAAAAAAAAAAAAAAAAAAAAAAAAAAAAAAAAAAAAAA" }
2026-07-13T21:31:33+00:00 machine gtk-status-bar[1188]: 2026-07-13T21:31:33.491014Z DEBUG gtk_status_bar::hypr: Refreshing current workspace clients reason="window-opened" workspace_id=2 client_count=3 active_address="0x585b3a13ac60"
2026-07-13T21:31:33+00:00 machine gtk-status-bar[1188]: 2026-07-13T21:31:33.491089Z DEBUG gtk_status_bar::hypr: Active window changed window=Some(WindowEventData { class: "kitty", title: "AAAAAAAAAAAAAAAAAAAAAAAAAAAAAAAAAAAAAAAAAAAAAAAAAAAAAAAAAAAAAAAA", address: Address("0x585b3a13ac60") })
2026-07-13T21:31:33+00:00 machine gtk-status-bar[1188]: 2026-07-13T21:31:33.491298Z DEBUG gtk_status_bar::widgets: Updating workspace client strip workspace_id=2 client_count=3
2026-07-13T21:31:33+00:00 machine gtk-status-bar[1188]: 2026-07-13T21:31:33.491802Z DEBUG gtk_status_bar::widgets: Updating client pill address=0x585b3a118570 title="Close OS window" compact_title="Close" class="kitty" active=false
2026-07-13T21:31:33+00:00 machine gtk-status-bar[1188]: 2026-07-13T21:31:33.491880Z DEBUG gtk_status_bar::widgets: Updating client pill address=0x585b39ecc9e0 title="hello" compact_title="hello" class="kitty" active=false
2026-07-13T21:31:33+00:00 machine gtk-status-bar[1188]: 2026-07-13T21:31:33.492210Z DEBUG gtk_status_bar::widgets: Updating client pill address=0x585b3a13ac60 title="AAAAAAAAAAAAAAAAAAAAAAAAAAAAAAAAAAAAAAAAAAAAAAAAAAAAAAAAAAAAAAAA" compact_title="AAAAAAAAAAA…" class="kitty" active=true
2026-07-13T21:31:33+00:00 machine gtk-status-bar[1188]: 2026-07-13T21:31:33.492235Z DEBUG gtk_status_bar::widgets: Creating client title pill
2026-07-13T21:31:33+00:00 machine gtk-status-bar[1188]: 2026-07-13T21:31:33.494088Z DEBUG gtk_status_bar::hypr: Refreshing current workspace clients reason="active-window-changed" workspace_id=2 client_count=3 active_address="0x585b3a13ac60"
2026-07-13T21:31:33+00:00 machine gtk-status-bar[1188]: 2026-07-13T21:31:33.594309Z DEBUG gtk_status_bar::widgets: Resolved title icon from desktop application metadata class="kitty"
2026-07-13T21:31:33+00:00 machine gtk-status-bar[1188]: 2026-07-13T21:31:33.594408Z DEBUG gtk_status_bar::widgets: Updating workspace client strip workspace_id=2 client_count=3
2026-07-13T21:31:33+00:00 machine gtk-status-bar[1188]: 2026-07-13T21:31:33.594535Z DEBUG gtk_status_bar::widgets: Updating client pill address=0x585b3a118570 title="Close OS window" compact_title="Close" class="kitty" active=false
2026-07-13T21:31:33+00:00 machine gtk-status-bar[1188]: 2026-07-13T21:31:33.594584Z DEBUG gtk_status_bar::widgets: Updating client pill address=0x585b39ecc9e0 title="hello" compact_title="hello" class="kitty" active=false
2026-07-13T21:31:33+00:00 machine gtk-status-bar[1188]: 2026-07-13T21:31:33.594625Z DEBUG gtk_status_bar::widgets: Updating client pill address=0x585b3a13ac60 title="AAAAAAAAAAAAAAAAAAAAAAAAAAAAAAAAAAAAAAAAAAAAAAAAAAAAAAAAAAAAAAAA" compact_title="AAAAAAAAAAA…" class="kitty" active=true
2026-07-13T21:31:34+00:00 machine gtk-status-bar[1188]: 2026-07-13T21:31:34.002051Z DEBUG gtk_status_bar::widgets: Updating time label:  9:31 PM
2026-07-13T21:31:34+00:00 machine gtk-status-bar[1188]: 2026-07-13T21:31:34.335622Z  INFO gtk_status_bar::network: Network reachability probe completed target=198.51.100.1 success=false elapsed_ms=20
2026-07-13T21:31:34+00:00 machine gtk-status-bar[1188]: 2026-07-13T21:31:34.335691Z DEBUG gtk_status_bar::network: Sent network update label="\u{f091f} 28% \u{f0ac}"
2026-07-13T21:31:34+00:00 machine gtk-status-bar[1188]: 2026-07-13T21:31:34.354194Z DEBUG gtk_status_bar::widgets: Updating network label: 󰤟 28% 
2026-07-13T21:31:35+00:00 machine gtk-status-bar[1188]: 2026-07-13T21:31:35.002804Z DEBUG gtk_status_bar::widgets: Updating time label:  9:31 PM
2026-07-13T21:31:35+00:00 machine gtk-status-bar[1188]: 2026-07-13T21:31:35.394232Z  INFO gtk_status_bar::network: Network reachability probe completed target=198.51.100.1 success=false elapsed_ms=19
2026-07-13T21:31:35+00:00 machine gtk-status-bar[1188]: 2026-07-13T21:31:35.394321Z DEBUG gtk_status_bar::network: Sent network update label="\u{f091f} 28% \u{f0ac}"
2026-07-13T21:31:35+00:00 machine gtk-status-bar[1188]: 2026-07-13T21:31:35.413760Z DEBUG gtk_status_bar::widgets: Updating network label: 󰤟 28% 
2026-07-13T21:31:35+00:00 machine gtk-status-bar[1188]: 2026-07-13T21:31:35.847827Z  INFO gtk_status_bar::network: Network reachability probe completed target=192.0.2.1 success=true elapsed_ms=13
2026-07-13T21:31:35+00:00 machine gtk-status-bar[1188]: 2026-07-13T21:31:35.847916Z DEBUG gtk_status_bar::network: Sent network update label="\u{f091f} 28% \u{f0ac}"
2026-07-13T21:31:35+00:00 machine gtk-status-bar[1188]: 2026-07-13T21:31:35.871354Z DEBUG gtk_status_bar::widgets: Updating network label: 󰤟 28% 
2026-07-13T21:31:36+00:00 machine gtk-status-bar[1188]: 2026-07-13T21:31:36.002236Z DEBUG gtk_status_bar::widgets: Updating time label:  9:31 PM
2026-07-13T21:31:37+00:00 machine gtk-status-bar[1188]: 2026-07-13T21:31:37.001784Z DEBUG gtk_status_bar::widgets: Updating time label:  9:31 PM
2026-07-13T21:31:37+00:00 machine gtk-status-bar[1188]: 2026-07-13T21:31:37.328784Z  INFO gtk_status_bar::network: Network reachability probe completed target=198.51.100.1 success=false elapsed_ms=11
2026-07-13T21:31:37+00:00 machine gtk-status-bar[1188]: 2026-07-13T21:31:37.328836Z DEBUG gtk_status_bar::network: Sent network update label="\u{f091f} 28% \u{f0ac}"
2026-07-13T21:31:37+00:00 machine gtk-status-bar[1188]: 2026-07-13T21:31:37.328996Z DEBUG gtk_status_bar::widgets: Updating network label: 󰤟 28% 
2026-07-13T21:31:37+00:00 machine gtk-status-bar[1188]: 2026-07-13T21:31:37.566972Z DEBUG gtk_status_bar::hypr: Window title changed address=0x585b39cdaf40 title="01234567890123456789012345678901234567890123456789012345678901234567890123456789"
2026-07-13T21:31:37+00:00 machine gtk-status-bar[1188]: 2026-07-13T21:31:37.569379Z DEBUG gtk_status_bar::hypr: Refreshing current workspace clients reason="title-changed" workspace_id=2 client_count=3 active_address="0x585b3a13ac60"
2026-07-13T21:31:37+00:00 machine gtk-status-bar[1188]: 2026-07-13T21:31:37.569939Z DEBUG gtk_status_bar::widgets: Updating workspace client strip workspace_id=2 client_count=3
2026-07-13T21:31:37+00:00 machine gtk-status-bar[1188]: 2026-07-13T21:31:37.570317Z DEBUG gtk_status_bar::widgets: Updating client pill address=0x585b3a118570 title="Close OS window" compact_title="Close" class="kitty" active=false
2026-07-13T21:31:37+00:00 machine gtk-status-bar[1188]: 2026-07-13T21:31:37.570441Z DEBUG gtk_status_bar::widgets: Updating client pill address=0x585b39ecc9e0 title="hello" compact_title="hello" class="kitty" active=false
2026-07-13T21:31:37+00:00 machine gtk-status-bar[1188]: 2026-07-13T21:31:37.570729Z DEBUG gtk_status_bar::widgets: Updating client pill address=0x585b3a13ac60 title="AAAAAAAAAAAAAAAAAAAAAAAAAAAAAAAAAAAAAAAAAAAAAAAAAAAAAAAAAAAAAAAA" compact_title="AAAAAAAAAAA…" class="kitty" active=true
2026-07-13T21:31:37+00:00 machine gtk-status-bar[1188]: 2026-07-13T21:31:37.620938Z DEBUG gtk_status_bar::hypr: Window opened window=WindowOpenEvent { window_address: Address("0x585b39cdaf40"), workspace_name: "i", window_class: "kitty", window_title: "01234567890123456789012345678901234567890123456789012345678901234567890123456789" }
2026-07-13T21:31:37+00:00 machine gtk-status-bar[1188]: 2026-07-13T21:31:37.647808Z DEBUG gtk_status_bar::hypr: Refreshing current workspace clients reason="window-opened" workspace_id=2 client_count=4 active_address="0x585b39cdaf40"
2026-07-13T21:31:37+00:00 machine gtk-status-bar[1188]: 2026-07-13T21:31:37.647891Z DEBUG gtk_status_bar::hypr: Active window changed window=Some(WindowEventData { class: "kitty", title: "01234567890123456789012345678901234567890123456789012345678901234567890123456789", address: Address("0x585b39cdaf40") })
2026-07-13T21:31:37+00:00 machine gtk-status-bar[1188]: 2026-07-13T21:31:37.648250Z DEBUG gtk_status_bar::widgets: Updating workspace client strip workspace_id=2 client_count=4
2026-07-13T21:31:37+00:00 machine gtk-status-bar[1188]: 2026-07-13T21:31:37.648437Z DEBUG gtk_status_bar::widgets: Updating client pill address=0x585b3a118570 title="Close OS window" compact_title="Close" class="kitty" active=false
2026-07-13T21:31:37+00:00 machine gtk-status-bar[1188]: 2026-07-13T21:31:37.649591Z DEBUG gtk_status_bar::widgets: Updating client pill address=0x585b39ecc9e0 title="hello" compact_title="hello" class="kitty" active=false
2026-07-13T21:31:37+00:00 machine gtk-status-bar[1188]: 2026-07-13T21:31:37.649653Z DEBUG gtk_status_bar::widgets: Updating client pill address=0x585b3a13ac60 title="AAAAAAAAAAAAAAAAAAAAAAAAAAAAAAAAAAAAAAAAAAAAAAAAAAAAAAAAAAAAAAAA" compact_title="AAAAAAAAAAA…" class="kitty" active=false
2026-07-13T21:31:37+00:00 machine gtk-status-bar[1188]: 2026-07-13T21:31:37.649712Z DEBUG gtk_status_bar::widgets: Updating client pill address=0x585b39cdaf40 title="0123456789012345678901234567890…89012345678901234567890123456789" compact_title="01234567890…" class="kitty" active=true
2026-07-13T21:31:37+00:00 machine gtk-status-bar[1188]: 2026-07-13T21:31:37.649737Z DEBUG gtk_status_bar::widgets: Creating client title pill
2026-07-13T21:31:37+00:00 machine gtk-status-bar[1188]: 2026-07-13T21:31:37.651039Z DEBUG gtk_status_bar::hypr: Refreshing current workspace clients reason="active-window-changed" workspace_id=2 client_count=4 active_address="0x585b39cdaf40"
2026-07-13T21:31:37+00:00 machine gtk-status-bar[1188]: 2026-07-13T21:31:37.693774Z DEBUG gtk_status_bar::widgets: Resolved title icon from desktop application metadata class="kitty"
2026-07-13T21:31:37+00:00 machine gtk-status-bar[1188]: 2026-07-13T21:31:37.693874Z DEBUG gtk_status_bar::widgets: Updating workspace client strip workspace_id=2 client_count=4
2026-07-13T21:31:37+00:00 machine gtk-status-bar[1188]: 2026-07-13T21:31:37.693931Z DEBUG gtk_status_bar::widgets: Updating client pill address=0x585b3a118570 title="Close OS window" compact_title="Close" class="kitty" active=false
2026-07-13T21:31:37+00:00 machine gtk-status-bar[1188]: 2026-07-13T21:31:37.693974Z DEBUG gtk_status_bar::widgets: Updating client pill address=0x585b39ecc9e0 title="hello" compact_title="hello" class="kitty" active=false
2026-07-13T21:31:37+00:00 machine gtk-status-bar[1188]: 2026-07-13T21:31:37.694010Z DEBUG gtk_status_bar::widgets: Updating client pill address=0x585b3a13ac60 title="AAAAAAAAAAAAAAAAAAAAAAAAAAAAAAAAAAAAAAAAAAAAAAAAAAAAAAAAAAAAAAAA" compact_title="AAAAAAAAAAA…" class="kitty" active=false
2026-07-13T21:31:37+00:00 machine gtk-status-bar[1188]: 2026-07-13T21:31:37.694052Z DEBUG gtk_status_bar::widgets: Updating client pill address=0x585b39cdaf40 title="0123456789012345678901234567890…89012345678901234567890123456789" compact_title="01234567890…" class="kitty" active=true
2026-07-13T21:31:38+00:00 machine gtk-status-bar[1188]: 2026-07-13T21:31:38.001113Z DEBUG gtk_status_bar::widgets: Updating time label:  9:31 PM
2026-07-13T21:31:38+00:00 machine gtk-status-bar[1188]: 2026-07-13T21:31:38.790895Z  INFO gtk_status_bar::network: Network reachability probe completed target=192.0.2.1 success=true elapsed_ms=16
2026-07-13T21:31:38+00:00 machine gtk-status-bar[1188]: 2026-07-13T21:31:38.790938Z DEBUG gtk_status_bar::network: Sent network update label="\u{f091f} 28% \u{f0ac}"
2026-07-13T21:31:38+00:00 machine gtk-status-bar[1188]: 2026-07-13T21:31:38.791119Z DEBUG gtk_status_bar::widgets: Updating network label: 󰤟 28% 
2026-07-13T21:31:39+00:00 machine gtk-status-bar[1188]: 2026-07-13T21:31:39.000829Z DEBUG gtk_status_bar::widgets: Updating time label:  9:31 PM
2026-07-13T21:31:39+00:00 machine gtk-status-bar[1188]: 2026-07-13T21:31:39.437837Z  INFO gtk_status_bar::network: Network reachability probe completed target=198.51.100.1 success=false elapsed_ms=25
2026-07-13T21:31:39+00:00 machine gtk-status-bar[1188]: 2026-07-13T21:31:39.437935Z DEBUG gtk_status_bar::network: Sent network update label="\u{f091f} 28% \u{f0ac}"
2026-07-13T21:31:39+00:00 machine gtk-status-bar[1188]: 2026-07-13T21:31:39.439662Z DEBUG gtk_status_bar::widgets: Updating network label: 󰤟 28% 
2026-07-13T21:31:40+00:00 machine gtk-status-bar[1188]: 2026-07-13T21:31:40.002152Z DEBUG gtk_status_bar::widgets: Updating time label:  9:31 PM
2026-07-13T21:31:40+00:00 machine gtk-status-bar[1188]: 2026-07-13T21:31:40.045036Z  INFO gtk_status_bar::network: Network reachability probe completed target=192.0.2.1 success=true elapsed_ms=22
2026-07-13T21:31:40+00:00 machine gtk-status-bar[1188]: 2026-07-13T21:31:40.045091Z DEBUG gtk_status_bar::network: Sent network update label="\u{f091f} 28% \u{f0ac}"
2026-07-13T21:31:40+00:00 machine gtk-status-bar[1188]: 2026-07-13T21:31:40.045255Z DEBUG gtk_status_bar::widgets: Updating network label: 󰤟 28% 
2026-07-13T21:31:41+00:00 machine gtk-status-bar[1188]: 2026-07-13T21:31:41.002582Z DEBUG gtk_status_bar::widgets: Updating time label:  9:31 PM
2026-07-13T21:31:41+00:00 machine gtk-status-bar[1188]: 2026-07-13T21:31:41.692015Z  INFO gtk_status_bar::network: Network reachability probe completed target=192.0.2.1 success=true elapsed_ms=10
2026-07-13T21:31:41+00:00 machine gtk-status-bar[1188]: 2026-07-13T21:31:41.692058Z DEBUG gtk_status_bar::network: Sent network update label="\u{f091f} 28% \u{f0ac}"
2026-07-13T21:31:41+00:00 machine gtk-status-bar[1188]: 2026-07-13T21:31:41.692212Z DEBUG gtk_status_bar::widgets: Updating network label: 󰤟 28% 
2026-07-13T21:31:41+00:00 machine gtk-status-bar[1188]: 2026-07-13T21:31:41.782349Z DEBUG gtk_status_bar::hypr: Window title changed address=0x585b3a0f2cb0 title="界🙂界🙂界🙂界🙂界🙂界🙂界🙂界🙂界🙂界🙂界🙂界🙂界🙂界🙂界🙂界🙂界🙂界🙂界🙂界🙂界🙂界🙂界🙂界🙂界🙂界🙂界🙂界🙂界🙂界🙂界🙂界🙂界🙂界🙂界🙂界🙂界🙂界🙂界🙂界🙂"
2026-07-13T21:31:41+00:00 machine gtk-status-bar[1188]: 2026-07-13T21:31:41.784269Z DEBUG gtk_status_bar::hypr: Refreshing current workspace clients reason="title-changed" workspace_id=2 client_count=4 active_address="0x585b39cdaf40"
2026-07-13T21:31:41+00:00 machine gtk-status-bar[1188]: 2026-07-13T21:31:41.784789Z DEBUG gtk_status_bar::widgets: Updating workspace client strip workspace_id=2 client_count=4
2026-07-13T21:31:41+00:00 machine gtk-status-bar[1188]: 2026-07-13T21:31:41.785035Z DEBUG gtk_status_bar::widgets: Updating client pill address=0x585b3a118570 title="Close OS window" compact_title="Close" class="kitty" active=false
2026-07-13T21:31:41+00:00 machine gtk-status-bar[1188]: 2026-07-13T21:31:41.785118Z DEBUG gtk_status_bar::widgets: Updating client pill address=0x585b39ecc9e0 title="hello" compact_title="hello" class="kitty" active=false
2026-07-13T21:31:41+00:00 machine gtk-status-bar[1188]: 2026-07-13T21:31:41.785184Z DEBUG gtk_status_bar::widgets: Updating client pill address=0x585b3a13ac60 title="AAAAAAAAAAAAAAAAAAAAAAAAAAAAAAAAAAAAAAAAAAAAAAAAAAAAAAAAAAAAAAAA" compact_title="AAAAAAAAAAA…" class="kitty" active=false
2026-07-13T21:31:41+00:00 machine gtk-status-bar[1188]: 2026-07-13T21:31:41.785254Z DEBUG gtk_status_bar::widgets: Updating client pill address=0x585b39cdaf40 title="0123456789012345678901234567890…89012345678901234567890123456789" compact_title="01234567890…" class="kitty" active=true
2026-07-13T21:31:41+00:00 machine gtk-status-bar[1188]: 2026-07-13T21:31:41.823292Z DEBUG gtk_status_bar::hypr: Window opened window=WindowOpenEvent { window_address: Address("0x585b3a0f2cb0"), workspace_name: "i", window_class: "kitty", window_title: "界🙂界🙂界🙂界🙂界🙂界🙂界🙂界🙂界🙂界🙂界🙂界🙂界🙂界🙂界🙂界🙂界🙂界🙂界🙂界🙂界🙂界🙂界🙂界🙂界🙂界🙂界🙂界🙂界🙂界🙂界🙂界🙂界🙂界🙂界🙂界🙂界🙂界🙂界🙂界🙂" }
2026-07-13T21:31:41+00:00 machine gtk-status-bar[1188]: 2026-07-13T21:31:41.846398Z DEBUG gtk_status_bar::hypr: Refreshing current workspace clients reason="window-opened" workspace_id=2 client_count=5 active_address="0x585b3a0f2cb0"
2026-07-13T21:31:41+00:00 machine gtk-status-bar[1188]: 2026-07-13T21:31:41.847139Z DEBUG gtk_status_bar::widgets: Updating workspace client strip workspace_id=2 client_count=5
2026-07-13T21:31:41+00:00 machine gtk-status-bar[1188]: 2026-07-13T21:31:41.847367Z DEBUG gtk_status_bar::widgets: Updating client pill address=0x585b3a118570 title="Close OS window" compact_title="Close" class="kitty" active=false
2026-07-13T21:31:41+00:00 machine gtk-status-bar[1188]: 2026-07-13T21:31:41.847440Z DEBUG gtk_status_bar::widgets: Updating client pill address=0x585b39ecc9e0 title="hello" compact_title="hello" class="kitty" active=false
2026-07-13T21:31:41+00:00 machine gtk-status-bar[1188]: 2026-07-13T21:31:41.847576Z DEBUG gtk_status_bar::widgets: Updating client pill address=0x585b3a13ac60 title="AAAAAAAAAAAAAAAAAAAAAAAAAAAAAAAAAAAAAAAAAAAAAAAAAAAAAAAAAAAAAAAA" compact_title="AAAAAAAAAAA…" class="kitty" active=false
2026-07-13T21:31:41+00:00 machine gtk-status-bar[1188]: 2026-07-13T21:31:41.847563Z DEBUG gtk_status_bar::hypr: Active window changed window=Some(WindowEventData { class: "kitty", title: "界🙂界🙂界🙂界🙂界🙂界🙂界🙂界🙂界🙂界🙂界🙂界🙂界🙂界🙂界🙂界🙂界🙂界🙂界🙂界🙂界🙂界🙂界🙂界🙂界🙂界🙂界🙂界🙂界🙂界🙂界🙂界🙂界🙂界🙂界🙂界🙂界🙂界🙂界🙂界🙂", address: Address("0x585b3a0f2cb0") })
2026-07-13T21:31:41+00:00 machine gtk-status-bar[1188]: 2026-07-13T21:31:41.847638Z DEBUG gtk_status_bar::widgets: Updating client pill address=0x585b39cdaf40 title="0123456789012345678901234567890…89012345678901234567890123456789" compact_title="01234567890…" class="kitty" active=false
2026-07-13T21:31:41+00:00 machine gtk-status-bar[1188]: 2026-07-13T21:31:41.847707Z DEBUG gtk_status_bar::widgets: Updating client pill address=0x585b3a0f2cb0 title="界🙂界🙂界🙂界🙂界🙂界🙂界🙂界🙂界🙂界🙂界🙂界🙂界🙂界🙂界🙂界…界🙂界🙂界🙂界🙂界🙂界🙂界🙂界🙂界🙂界🙂界🙂界🙂界🙂界🙂界🙂界🙂" compact_title="界🙂界🙂界🙂界🙂界🙂界…" class="kitty" active=true
2026-07-13T21:31:41+00:00 machine gtk-status-bar[1188]: 2026-07-13T21:31:41.847810Z DEBUG gtk_status_bar::widgets: Creating client title pill
2026-07-13T21:31:41+00:00 machine gtk-status-bar[1188]: 2026-07-13T21:31:41.874862Z DEBUG gtk_status_bar::hypr: Refreshing current workspace clients reason="active-window-changed" workspace_id=2 client_count=5 active_address="0x585b3a0f2cb0"
2026-07-13T21:31:41+00:00 machine gtk-status-bar[1188]: 2026-07-13T21:31:41.889227Z DEBUG gtk_status_bar::widgets: Resolved title icon from desktop application metadata class="kitty"
2026-07-13T21:31:41+00:00 machine gtk-status-bar[1188]: 2026-07-13T21:31:41.889303Z DEBUG gtk_status_bar::widgets: Updating workspace client strip workspace_id=2 client_count=5
2026-07-13T21:31:41+00:00 machine gtk-status-bar[1188]: 2026-07-13T21:31:41.889360Z DEBUG gtk_status_bar::widgets: Updating client pill address=0x585b3a118570 title="Close OS window" compact_title="Close" class="kitty" active=false
2026-07-13T21:31:41+00:00 machine gtk-status-bar[1188]: 2026-07-13T21:31:41.889400Z DEBUG gtk_status_bar::widgets: Updating client pill address=0x585b39ecc9e0 title="hello" compact_title="hello" class="kitty" active=false
2026-07-13T21:31:41+00:00 machine gtk-status-bar[1188]: 2026-07-13T21:31:41.889434Z DEBUG gtk_status_bar::widgets: Updating client pill address=0x585b3a13ac60 title="AAAAAAAAAAAAAAAAAAAAAAAAAAAAAAAAAAAAAAAAAAAAAAAAAAAAAAAAAAAAAAAA" compact_title="AAAAAAAAAAA…" class="kitty" active=false
2026-07-13T21:31:41+00:00 machine gtk-status-bar[1188]: 2026-07-13T21:31:41.889532Z DEBUG gtk_status_bar::widgets: Updating client pill address=0x585b39cdaf40 title="0123456789012345678901234567890…89012345678901234567890123456789" compact_title="01234567890…" class="kitty" active=false
2026-07-13T21:31:41+00:00 machine gtk-status-bar[1188]: 2026-07-13T21:31:41.889578Z DEBUG gtk_status_bar::widgets: Updating client pill address=0x585b3a0f2cb0 title="界🙂界🙂界🙂界🙂界🙂界🙂界🙂界🙂界🙂界🙂界🙂界🙂界🙂界🙂界🙂界…界🙂界🙂界🙂界🙂界🙂界🙂界🙂界🙂界🙂界🙂界🙂界🙂界🙂界🙂界🙂界🙂" compact_title="界🙂界🙂界🙂界🙂界🙂界…" class="kitty" active=true
2026-07-13T21:31:42+00:00 machine gtk-status-bar[1188]: 2026-07-13T21:31:42.000895Z DEBUG gtk_status_bar::widgets: Updating time label:  9:31 PM
2026-07-13T21:31:43+00:00 machine gtk-status-bar[1188]: 2026-07-13T21:31:43.002859Z DEBUG gtk_status_bar::widgets: Updating time label:  9:31 PM
2026-07-13T21:31:43+00:00 machine gtk-status-bar[1188]: 2026-07-13T21:31:43.521282Z  INFO gtk_status_bar::network: Network reachability probe completed target=198.51.100.1 success=false elapsed_ms=18
2026-07-13T21:31:43+00:00 machine gtk-status-bar[1188]: 2026-07-13T21:31:43.521346Z DEBUG gtk_status_bar::network: Sent network update label="\u{f091f} 28% \u{f0ac}"
2026-07-13T21:31:43+00:00 machine gtk-status-bar[1188]: 2026-07-13T21:31:43.521584Z DEBUG gtk_status_bar::widgets: Updating network label: 󰤟 28% 
2026-07-13T21:31:44+00:00 machine gtk-status-bar[1188]: 2026-07-13T21:31:44.001976Z DEBUG gtk_status_bar::widgets: Updating time label:  9:31 PM
2026-07-13T21:31:45+00:00 machine gtk-status-bar[1188]: 2026-07-13T21:31:45.001730Z DEBUG gtk_status_bar::widgets: Updating time label:  9:31 PM
2026-07-13T21:31:45+00:00 machine gtk-status-bar[1188]: 2026-07-13T21:31:45.216258Z  INFO gtk_status_bar::network: Network reachability probe completed target=198.51.100.1 success=false elapsed_ms=14
2026-07-13T21:31:45+00:00 machine gtk-status-bar[1188]: 2026-07-13T21:31:45.216349Z DEBUG gtk_status_bar::network: Sent network update label="\u{f091f} 28% \u{f0ac}"
2026-07-13T21:31:45+00:00 machine gtk-status-bar[1188]: 2026-07-13T21:31:45.216604Z DEBUG gtk_status_bar::widgets: Updating network label: 󰤟 28% 
2026-07-13T21:31:45+00:00 machine gtk-status-bar[1188]: 2026-07-13T21:31:45.416759Z DEBUG gtk_status_bar::hypr: Handling workspace change event
2026-07-13T21:31:45+00:00 machine gtk-status-bar[1188]: 2026-07-13T21:31:45.418733Z DEBUG gtk_status_bar::hypr: Workspace changed to: Workspace u
2026-07-13T21:31:45+00:00 machine gtk-status-bar[1188]: 2026-07-13T21:31:45.416956Z DEBUG gtk_status_bar::hypr: Active window changed window=None
2026-07-13T21:31:45+00:00 machine gtk-status-bar[1188]: 2026-07-13T21:31:45.419071Z DEBUG gtk_status_bar::widgets: Updating workspace - label: 'Workspace u', color for workspace: 1
2026-07-13T21:31:45+00:00 machine gtk-status-bar[1188]: 2026-07-13T21:31:45.419366Z DEBUG gtk_status_bar::widgets: Updated title widget color to: rgba(122, 162, 247, 0.5) for workspace: 1
2026-07-13T21:31:45+00:00 machine gtk-status-bar[1188]: 2026-07-13T21:31:45.448376Z DEBUG gtk_status_bar::hypr: Refreshing current workspace clients reason="active-window-changed" workspace_id=1 client_count=0
2026-07-13T21:31:45+00:00 machine gtk-status-bar[1188]: 2026-07-13T21:31:45.448429Z DEBUG gtk_status_bar::hypr: Refreshing clients for workspace change workspace=WorkspaceEventData { name: Regular("u"), id: 1 }
2026-07-13T21:31:45+00:00 machine gtk-status-bar[1188]: 2026-07-13T21:31:45.448745Z DEBUG gtk_status_bar::widgets: Updating workspace client strip workspace_id=1 client_count=0
2026-07-13T21:31:45+00:00 machine gtk-status-bar[1188]: 2026-07-13T21:31:45.450402Z DEBUG gtk_status_bar::hypr: Refreshing current workspace clients reason="workspace-changed" workspace_id=1 client_count=0
2026-07-13T21:31:45+00:00 machine gtk-status-bar[1188]: 2026-07-13T21:31:45.450740Z DEBUG gtk_status_bar::widgets: Updating workspace client strip workspace_id=1 client_count=0
2026-07-13T21:31:46+00:00 machine gtk-status-bar[1188]: 2026-07-13T21:31:46.002060Z DEBUG gtk_status_bar::widgets: Updating time label:  9:31 PM
2026-07-13T21:31:46+00:00 machine gtk-status-bar[1188]: 2026-07-13T21:31:46.108237Z  INFO gtk_status_bar::network: Network reachability probe completed target=192.0.2.1 success=true elapsed_ms=26
2026-07-13T21:31:46+00:00 machine gtk-status-bar[1188]: 2026-07-13T21:31:46.108279Z DEBUG gtk_status_bar::network: Sent network update label="\u{f091f} 28% \u{f0ac}"
2026-07-13T21:31:46+00:00 machine gtk-status-bar[1188]: 2026-07-13T21:31:46.108860Z DEBUG gtk_status_bar::widgets: Updating network label: 󰤟 28% 
2026-07-13T21:31:47+00:00 machine gtk-status-bar[1188]: 2026-07-13T21:31:47.003042Z DEBUG gtk_status_bar::widgets: Updating time label:  9:31 PM
2026-07-13T21:31:47+00:00 machine gtk-status-bar[1188]: 2026-07-13T21:31:47.541052Z  INFO gtk_status_bar::network: Network reachability probe completed target=192.0.2.1 success=true elapsed_ms=10
2026-07-13T21:31:47+00:00 machine gtk-status-bar[1188]: 2026-07-13T21:31:47.541096Z DEBUG gtk_status_bar::network: Sent network update label="\u{f091f} 28% \u{f0ac}"
2026-07-13T21:31:47+00:00 machine gtk-status-bar[1188]: 2026-07-13T21:31:47.541260Z DEBUG gtk_status_bar::widgets: Updating network label: 󰤟 28% 
2026-07-13T21:31:47+00:00 machine gtk-status-bar[1188]: 2026-07-13T21:31:47.729549Z  INFO gtk_status_bar::network: Network reachability probe completed target=198.51.100.1 success=false elapsed_ms=15
2026-07-13T21:31:47+00:00 machine gtk-status-bar[1188]: 2026-07-13T21:31:47.729590Z DEBUG gtk_status_bar::network: Sent network update label="\u{f091f} 28% \u{f0ac}"
2026-07-13T21:31:47+00:00 machine gtk-status-bar[1188]: 2026-07-13T21:31:47.729757Z DEBUG gtk_status_bar::widgets: Updating network label: 󰤟 28% 
2026-07-13T21:31:47+00:00 machine gtk-status-bar[1188]: 2026-07-13T21:31:47.854580Z DEBUG gtk_status_bar::hypr: Active window changed window=Some(WindowEventData { class: "kitty", title: "界🙂界🙂界🙂界🙂界🙂界🙂界🙂界🙂界🙂界🙂界🙂界🙂界🙂界🙂界🙂界🙂界🙂界🙂界🙂界🙂界🙂界🙂界🙂界🙂界🙂界🙂界🙂界🙂界🙂界🙂界🙂界🙂界🙂界🙂界🙂界🙂界🙂界🙂界🙂界🙂", address: Address("0x585b3a0f2cb0") })
2026-07-13T21:31:47+00:00 machine gtk-status-bar[1188]: 2026-07-13T21:31:47.854711Z DEBUG gtk_status_bar::hypr: Handling workspace change event
2026-07-13T21:31:47+00:00 machine gtk-status-bar[1188]: 2026-07-13T21:31:47.854755Z DEBUG gtk_status_bar::hypr: Workspace changed to: Workspace i
2026-07-13T21:31:47+00:00 machine gtk-status-bar[1188]: 2026-07-13T21:31:47.855086Z DEBUG gtk_status_bar::widgets: Updating workspace - label: 'Workspace i', color for workspace: 2
2026-07-13T21:31:47+00:00 machine gtk-status-bar[1188]: 2026-07-13T21:31:47.855314Z DEBUG gtk_status_bar::widgets: Updated title widget color to: rgba(125, 207, 255, 0.5) for workspace: 2
2026-07-13T21:31:47+00:00 machine gtk-status-bar[1188]: 2026-07-13T21:31:47.915748Z DEBUG gtk_status_bar::hypr: Refreshing current workspace clients reason="active-window-changed" workspace_id=2 client_count=5 active_address="0x585b3a0f2cb0"
2026-07-13T21:31:47+00:00 machine gtk-status-bar[1188]: 2026-07-13T21:31:47.915798Z DEBUG gtk_status_bar::hypr: Refreshing clients for workspace change workspace=WorkspaceEventData { name: Regular("i"), id: 2 }
2026-07-13T21:31:47+00:00 machine gtk-status-bar[1188]: 2026-07-13T21:31:47.916098Z DEBUG gtk_status_bar::widgets: Updating workspace client strip workspace_id=2 client_count=5
2026-07-13T21:31:47+00:00 machine gtk-status-bar[1188]: 2026-07-13T21:31:47.916119Z DEBUG gtk_status_bar::widgets: Updating client pill address=0x585b3a118570 title="Close OS window" compact_title="Close" class="kitty" active=false
2026-07-13T21:31:47+00:00 machine gtk-status-bar[1188]: 2026-07-13T21:31:47.916137Z DEBUG gtk_status_bar::widgets: Creating client title pill
2026-07-13T21:31:47+00:00 machine gtk-status-bar[1188]: 2026-07-13T21:31:47.932625Z DEBUG gtk_status_bar::hypr: Refreshing current workspace clients reason="workspace-changed" workspace_id=2 client_count=5 active_address="0x585b3a0f2cb0"
2026-07-13T21:31:47+00:00 machine gtk-status-bar[1188]: 2026-07-13T21:31:47.966888Z DEBUG gtk_status_bar::widgets: Resolved title icon from desktop application metadata class="kitty"
2026-07-13T21:31:47+00:00 machine gtk-status-bar[1188]: 2026-07-13T21:31:47.966987Z DEBUG gtk_status_bar::widgets: Updating client pill address=0x585b39ecc9e0 title="hello" compact_title="hello" class="kitty" active=false
2026-07-13T21:31:47+00:00 machine gtk-status-bar[1188]: 2026-07-13T21:31:47.967014Z DEBUG gtk_status_bar::widgets: Creating client title pill
2026-07-13T21:31:48+00:00 machine gtk-status-bar[1188]: 2026-07-13T21:31:48.005156Z DEBUG gtk_status_bar::widgets: Resolved title icon from desktop application metadata class="kitty"
2026-07-13T21:31:48+00:00 machine gtk-status-bar[1188]: 2026-07-13T21:31:48.005240Z DEBUG gtk_status_bar::widgets: Updating client pill address=0x585b3a13ac60 title="AAAAAAAAAAAAAAAAAAAAAAAAAAAAAAAAAAAAAAAAAAAAAAAAAAAAAAAAAAAAAAAA" compact_title="AAAAAAAAAAA…" class="kitty" active=false
2026-07-13T21:31:48+00:00 machine gtk-status-bar[1188]: 2026-07-13T21:31:48.005265Z DEBUG gtk_status_bar::widgets: Creating client title pill
2026-07-13T21:31:48+00:00 machine gtk-status-bar[1188]: 2026-07-13T21:31:48.049401Z DEBUG gtk_status_bar::widgets: Resolved title icon from desktop application metadata class="kitty"
2026-07-13T21:31:48+00:00 machine gtk-status-bar[1188]: 2026-07-13T21:31:48.049533Z DEBUG gtk_status_bar::widgets: Updating client pill address=0x585b39cdaf40 title="0123456789012345678901234567890…89012345678901234567890123456789" compact_title="01234567890…" class="kitty" active=false
2026-07-13T21:31:48+00:00 machine gtk-status-bar[1188]: 2026-07-13T21:31:48.049561Z DEBUG gtk_status_bar::widgets: Creating client title pill
2026-07-13T21:31:48+00:00 machine gtk-status-bar[1188]: 2026-07-13T21:31:48.081745Z  INFO gtk_status_bar::network: Network reachability probe completed target=198.51.100.1 success=false elapsed_ms=9
2026-07-13T21:31:48+00:00 machine gtk-status-bar[1188]: 2026-07-13T21:31:48.081803Z DEBUG gtk_status_bar::network: Sent network update label="\u{f091f} 28% \u{f0ac}"
2026-07-13T21:31:48+00:00 machine gtk-status-bar[1188]: 2026-07-13T21:31:48.090425Z DEBUG gtk_status_bar::widgets: Resolved title icon from desktop application metadata class="kitty"
2026-07-13T21:31:48+00:00 machine gtk-status-bar[1188]: 2026-07-13T21:31:48.090562Z DEBUG gtk_status_bar::widgets: Updating client pill address=0x585b3a0f2cb0 title="界🙂界🙂界🙂界🙂界🙂界🙂界🙂界🙂界🙂界🙂界🙂界🙂界🙂界🙂界🙂界…界🙂界🙂界🙂界🙂界🙂界🙂界🙂界🙂界🙂界🙂界🙂界🙂界🙂界🙂界🙂界🙂" compact_title="界🙂界🙂界🙂界🙂界🙂界…" class="kitty" active=true
2026-07-13T21:31:48+00:00 machine gtk-status-bar[1188]: 2026-07-13T21:31:48.090652Z DEBUG gtk_status_bar::widgets: Creating client title pill
2026-07-13T21:31:48+00:00 machine gtk-status-bar[1188]: 2026-07-13T21:31:48.134427Z DEBUG gtk_status_bar::widgets: Resolved title icon from desktop application metadata class="kitty"
2026-07-13T21:31:48+00:00 machine gtk-status-bar[1188]: 2026-07-13T21:31:48.134583Z DEBUG gtk_status_bar::widgets: Updating workspace client strip workspace_id=2 client_count=5
2026-07-13T21:31:48+00:00 machine gtk-status-bar[1188]: 2026-07-13T21:31:48.134667Z DEBUG gtk_status_bar::widgets: Updating client pill address=0x585b3a118570 title="Close OS window" compact_title="Close" class="kitty" active=false
2026-07-13T21:31:48+00:00 machine gtk-status-bar[1188]: 2026-07-13T21:31:48.134710Z DEBUG gtk_status_bar::widgets: Updating client pill address=0x585b39ecc9e0 title="hello" compact_title="hello" class="kitty" active=false
2026-07-13T21:31:48+00:00 machine gtk-status-bar[1188]: 2026-07-13T21:31:48.134744Z DEBUG gtk_status_bar::widgets: Updating client pill address=0x585b3a13ac60 title="AAAAAAAAAAAAAAAAAAAAAAAAAAAAAAAAAAAAAAAAAAAAAAAAAAAAAAAAAAAAAAAA" compact_title="AAAAAAAAAAA…" class="kitty" active=false
2026-07-13T21:31:48+00:00 machine gtk-status-bar[1188]: 2026-07-13T21:31:48.134778Z DEBUG gtk_status_bar::widgets: Updating client pill address=0x585b39cdaf40 title="0123456789012345678901234567890…89012345678901234567890123456789" compact_title="01234567890…" class="kitty" active=false
2026-07-13T21:31:48+00:00 machine gtk-status-bar[1188]: 2026-07-13T21:31:48.134812Z DEBUG gtk_status_bar::widgets: Updating client pill address=0x585b3a0f2cb0 title="界🙂界🙂界🙂界🙂界🙂界🙂界🙂界🙂界🙂界🙂界🙂界🙂界🙂界🙂界🙂界…界🙂界🙂界🙂界🙂界🙂界🙂界🙂界🙂界🙂界🙂界🙂界🙂界🙂界🙂界🙂界🙂" compact_title="界🙂界🙂界🙂界🙂界🙂界…" class="kitty" active=true
2026-07-13T21:31:48+00:00 machine gtk-status-bar[1188]: 2026-07-13T21:31:48.135149Z DEBUG gtk_status_bar::widgets: Updating network label: 󰤟 28% 
2026-07-13T21:31:48+00:00 machine gtk-status-bar[1188]: 2026-07-13T21:31:48.135235Z DEBUG gtk_status_bar::widgets: Updating time label:  9:31 PM
2026-07-13T21:31:49+00:00 machine gtk-status-bar[1188]: 2026-07-13T21:31:49.001921Z DEBUG gtk_status_bar::widgets: Updating time label:  9:31 PM
2026-07-13T21:31:49+00:00 machine gtk-status-bar[1188]: 2026-07-13T21:31:49.349269Z  INFO gtk_status_bar::network: Network reachability probe completed target=192.0.2.1 success=true elapsed_ms=28
2026-07-13T21:31:49+00:00 machine gtk-status-bar[1188]: 2026-07-13T21:31:49.349380Z DEBUG gtk_status_bar::network: Sent network update label="\u{f091f} 28% \u{f0ac}"
2026-07-13T21:31:49+00:00 machine gtk-status-bar[1188]: 2026-07-13T21:31:49.349910Z DEBUG gtk_status_bar::widgets: Updating network label: 󰤟 28% 
2026-07-13T21:31:50+00:00 machine gtk-status-bar[1188]: 2026-07-13T21:31:50.001737Z DEBUG gtk_status_bar::widgets: Updating time label:  9:31 PM
2026-07-13T21:31:50+00:00 machine gtk-status-bar[1188]: 2026-07-13T21:31:50.982021Z  INFO gtk_status_bar::network: Network reachability probe completed target=192.0.2.1 success=true elapsed_ms=17
2026-07-13T21:31:50+00:00 machine gtk-status-bar[1188]: 2026-07-13T21:31:50.982114Z DEBUG gtk_status_bar::network: Sent network update label="\u{f091f} 28% \u{f0ac}"
2026-07-13T21:31:50+00:00 machine gtk-status-bar[1188]: 2026-07-13T21:31:50.982290Z DEBUG gtk_status_bar::widgets: Updating network label: 󰤟 28% 
2026-07-13T21:31:51+00:00 machine gtk-status-bar[1188]: 2026-07-13T21:31:51.001074Z DEBUG gtk_status_bar::widgets: Updating time label:  9:31 PM
2026-07-13T21:31:52+00:00 machine gtk-status-bar[1188]: 2026-07-13T21:31:52.002159Z DEBUG gtk_status_bar::widgets: Updating time label:  9:31 PM
2026-07-13T21:31:52+00:00 machine gtk-status-bar[1188]: 2026-07-13T21:31:52.780699Z  INFO gtk_status_bar::network: Network reachability probe completed target=198.51.100.1 success=false elapsed_ms=14
2026-07-13T21:31:52+00:00 machine gtk-status-bar[1188]: 2026-07-13T21:31:52.780741Z DEBUG gtk_status_bar::network: Sent network update label="\u{f091f} 28% \u{f0ac}"
2026-07-13T21:31:52+00:00 machine gtk-status-bar[1188]: 2026-07-13T21:31:52.781062Z DEBUG gtk_status_bar::widgets: Updating network label: 󰤟 28% 
2026-07-13T21:31:52+00:00 machine gtk-status-bar[1188]: 2026-07-13T21:31:52.911727Z DEBUG gtk_status_bar::hypr: Window title changed address=0x585b3b18bd60 title="Focus Left"
2026-07-13T21:31:52+00:00 machine gtk-status-bar[1188]: 2026-07-13T21:31:52.912424Z DEBUG gtk_status_bar::hypr: Refreshing current workspace clients reason="title-changed" workspace_id=2 client_count=5 active_address="0x585b3a0f2cb0"
2026-07-13T21:31:52+00:00 machine gtk-status-bar[1188]: 2026-07-13T21:31:52.912665Z DEBUG gtk_status_bar::widgets: Updating workspace client strip workspace_id=2 client_count=5
2026-07-13T21:31:52+00:00 machine gtk-status-bar[1188]: 2026-07-13T21:31:52.912873Z DEBUG gtk_status_bar::widgets: Updating client pill address=0x585b3a118570 title="Close OS window" compact_title="Close" class="kitty" active=false
2026-07-13T21:31:52+00:00 machine gtk-status-bar[1188]: 2026-07-13T21:31:52.912932Z DEBUG gtk_status_bar::widgets: Updating client pill address=0x585b39ecc9e0 title="hello" compact_title="hello" class="kitty" active=false
2026-07-13T21:31:52+00:00 machine gtk-status-bar[1188]: 2026-07-13T21:31:52.912979Z DEBUG gtk_status_bar::widgets: Updating client pill address=0x585b3a13ac60 title="AAAAAAAAAAAAAAAAAAAAAAAAAAAAAAAAAAAAAAAAAAAAAAAAAAAAAAAAAAAAAAAA" compact_title="AAAAAAAAAAA…" class="kitty" active=false
2026-07-13T21:31:52+00:00 machine gtk-status-bar[1188]: 2026-07-13T21:31:52.913028Z DEBUG gtk_status_bar::widgets: Updating client pill address=0x585b39cdaf40 title="0123456789012345678901234567890…89012345678901234567890123456789" compact_title="01234567890…" class="kitty" active=false
2026-07-13T21:31:52+00:00 machine gtk-status-bar[1188]: 2026-07-13T21:31:52.913071Z DEBUG gtk_status_bar::widgets: Updating client pill address=0x585b3a0f2cb0 title="界🙂界🙂界🙂界🙂界🙂界🙂界🙂界🙂界🙂界🙂界🙂界🙂界🙂界🙂界🙂界…界🙂界🙂界🙂界🙂界🙂界🙂界🙂界🙂界🙂界🙂界🙂界🙂界🙂界🙂界🙂界🙂" compact_title="界🙂界🙂界🙂界🙂界🙂界…" class="kitty" active=true
2026-07-13T21:31:53+00:00 machine gtk-status-bar[1188]: 2026-07-13T21:31:53.001703Z DEBUG gtk_status_bar::widgets: Updating time label:  9:31 PM
2026-07-13T21:31:53+00:00 machine gtk-status-bar[1188]: 2026-07-13T21:31:53.007006Z DEBUG gtk_status_bar::hypr: Window opened window=WindowOpenEvent { window_address: Address("0x585b3b18bd60"), workspace_name: "i", window_class: "kitty", window_title: "Focus Left" }
2026-07-13T21:31:53+00:00 machine gtk-status-bar[1188]: 2026-07-13T21:31:53.030650Z DEBUG gtk_status_bar::hypr: Refreshing current workspace clients reason="window-opened" workspace_id=2 client_count=6 active_address="0x585b3b18bd60"
2026-07-13T21:31:53+00:00 machine gtk-status-bar[1188]: 2026-07-13T21:31:53.030718Z DEBUG gtk_status_bar::hypr: Active window changed window=Some(WindowEventData { class: "kitty", title: "Focus Left", address: Address("0x585b3b18bd60") })
2026-07-13T21:31:53+00:00 machine gtk-status-bar[1188]: 2026-07-13T21:31:53.030882Z DEBUG gtk_status_bar::widgets: Updating workspace client strip workspace_id=2 client_count=6
2026-07-13T21:31:53+00:00 machine gtk-status-bar[1188]: 2026-07-13T21:31:53.031106Z DEBUG gtk_status_bar::widgets: Updating client pill address=0x585b3a118570 title="Close OS window" compact_title="Close" class="kitty" active=false
2026-07-13T21:31:53+00:00 machine gtk-status-bar[1188]: 2026-07-13T21:31:53.031177Z DEBUG gtk_status_bar::widgets: Updating client pill address=0x585b39ecc9e0 title="hello" compact_title="hello" class="kitty" active=false
2026-07-13T21:31:53+00:00 machine gtk-status-bar[1188]: 2026-07-13T21:31:53.031229Z DEBUG gtk_status_bar::widgets: Updating client pill address=0x585b3a13ac60 title="AAAAAAAAAAAAAAAAAAAAAAAAAAAAAAAAAAAAAAAAAAAAAAAAAAAAAAAAAAAAAAAA" compact_title="AAAAAAAAAAA…" class="kitty" active=false
2026-07-13T21:31:53+00:00 machine gtk-status-bar[1188]: 2026-07-13T21:31:53.031279Z DEBUG gtk_status_bar::widgets: Updating client pill address=0x585b39cdaf40 title="0123456789012345678901234567890…89012345678901234567890123456789" compact_title="01234567890…" class="kitty" active=false
2026-07-13T21:31:53+00:00 machine gtk-status-bar[1188]: 2026-07-13T21:31:53.031328Z DEBUG gtk_status_bar::widgets: Updating client pill address=0x585b3a0f2cb0 title="界🙂界🙂界🙂界🙂界🙂界🙂界🙂界🙂界🙂界🙂界🙂界🙂界🙂界🙂界🙂界…界🙂界🙂界🙂界🙂界🙂界🙂界🙂界🙂界🙂界🙂界🙂界🙂界🙂界🙂界🙂界🙂" compact_title="界🙂界🙂界🙂界🙂界🙂界…" class="kitty" active=false
2026-07-13T21:31:53+00:00 machine gtk-status-bar[1188]: 2026-07-13T21:31:53.031541Z DEBUG gtk_status_bar::widgets: Updating client pill address=0x585b3b18bd60 title="Focus Left" compact_title="Focus" class="kitty" active=true
2026-07-13T21:31:53+00:00 machine gtk-status-bar[1188]: 2026-07-13T21:31:53.031566Z DEBUG gtk_status_bar::widgets: Creating client title pill
2026-07-13T21:31:53+00:00 machine gtk-status-bar[1188]: 2026-07-13T21:31:53.092091Z DEBUG gtk_status_bar::widgets: Resolved title icon from desktop application metadata class="kitty"
2026-07-13T21:31:53+00:00 machine gtk-status-bar[1188]: 2026-07-13T21:31:53.124560Z DEBUG gtk_status_bar::hypr: Refreshing current workspace clients reason="active-window-changed" workspace_id=2 client_count=6 active_address="0x585b3b18bd60"
2026-07-13T21:31:53+00:00 machine gtk-status-bar[1188]: 2026-07-13T21:31:53.129338Z DEBUG gtk_status_bar::widgets: Updating workspace client strip workspace_id=2 client_count=6
2026-07-13T21:31:53+00:00 machine gtk-status-bar[1188]: 2026-07-13T21:31:53.131698Z DEBUG gtk_status_bar::widgets: Updating client pill address=0x585b3a118570 title="Close OS window" compact_title="Close" class="kitty" active=false
2026-07-13T21:31:53+00:00 machine gtk-status-bar[1188]: 2026-07-13T21:31:53.131777Z DEBUG gtk_status_bar::widgets: Updating client pill address=0x585b39ecc9e0 title="hello" compact_title="hello" class="kitty" active=false
2026-07-13T21:31:53+00:00 machine gtk-status-bar[1188]: 2026-07-13T21:31:53.131825Z DEBUG gtk_status_bar::widgets: Updating client pill address=0x585b3a13ac60 title="AAAAAAAAAAAAAAAAAAAAAAAAAAAAAAAAAAAAAAAAAAAAAAAAAAAAAAAAAAAAAAAA" compact_title="AAAAAAAAAAA…" class="kitty" active=false
2026-07-13T21:31:53+00:00 machine gtk-status-bar[1188]: 2026-07-13T21:31:53.131873Z DEBUG gtk_status_bar::widgets: Updating client pill address=0x585b39cdaf40 title="0123456789012345678901234567890…89012345678901234567890123456789" compact_title="01234567890…" class="kitty" active=false
2026-07-13T21:31:53+00:00 machine gtk-status-bar[1188]: 2026-07-13T21:31:53.131924Z DEBUG gtk_status_bar::widgets: Updating client pill address=0x585b3a0f2cb0 title="界🙂界🙂界🙂界🙂界🙂界🙂界🙂界🙂界🙂界🙂界🙂界🙂界🙂界🙂界🙂界…界🙂界🙂界🙂界🙂界🙂界🙂界🙂界🙂界🙂界🙂界🙂界🙂界🙂界🙂界🙂界🙂" compact_title="界🙂界🙂界🙂界🙂界🙂界…" class="kitty" active=false
2026-07-13T21:31:53+00:00 machine gtk-status-bar[1188]: 2026-07-13T21:31:53.132059Z DEBUG gtk_status_bar::widgets: Updating client pill address=0x585b3b18bd60 title="Focus Left" compact_title="Focus" class="kitty" active=true
2026-07-13T21:31:54+00:00 machine gtk-status-bar[1188]: 2026-07-13T21:31:54.001902Z DEBUG gtk_status_bar::widgets: Updating time label:  9:31 PM
2026-07-13T21:31:54+00:00 machine gtk-status-bar[1188]: 2026-07-13T21:31:54.316286Z  INFO gtk_status_bar::network: Network reachability probe completed target=198.51.100.1 success=false elapsed_ms=10
2026-07-13T21:31:54+00:00 machine gtk-status-bar[1188]: 2026-07-13T21:31:54.316330Z DEBUG gtk_status_bar::network: Sent network update label="\u{f091f} 28% \u{f0ac}"
2026-07-13T21:31:54+00:00 machine gtk-status-bar[1188]: 2026-07-13T21:31:54.316585Z DEBUG gtk_status_bar::widgets: Updating network label: 󰤟 28% 
2026-07-13T21:31:54+00:00 machine gtk-status-bar[1188]: 2026-07-13T21:31:54.662161Z DEBUG gtk_status_bar::hypr: Window title changed address=0x585b3b294270 title="Focus Right"
2026-07-13T21:31:54+00:00 machine gtk-status-bar[1188]: 2026-07-13T21:31:54.665266Z DEBUG gtk_status_bar::hypr: Refreshing current workspace clients reason="title-changed" workspace_id=2 client_count=6 active_address="0x585b3b18bd60"
2026-07-13T21:31:54+00:00 machine gtk-status-bar[1188]: 2026-07-13T21:31:54.665520Z DEBUG gtk_status_bar::widgets: Updating workspace client strip workspace_id=2 client_count=6
2026-07-13T21:31:54+00:00 machine gtk-status-bar[1188]: 2026-07-13T21:31:54.665718Z DEBUG gtk_status_bar::widgets: Updating client pill address=0x585b3a118570 title="Close OS window" compact_title="Close" class="kitty" active=false
2026-07-13T21:31:54+00:00 machine gtk-status-bar[1188]: 2026-07-13T21:31:54.665774Z DEBUG gtk_status_bar::widgets: Updating client pill address=0x585b39ecc9e0 title="hello" compact_title="hello" class="kitty" active=false
2026-07-13T21:31:54+00:00 machine gtk-status-bar[1188]: 2026-07-13T21:31:54.665811Z DEBUG gtk_status_bar::widgets: Updating client pill address=0x585b3a13ac60 title="AAAAAAAAAAAAAAAAAAAAAAAAAAAAAAAAAAAAAAAAAAAAAAAAAAAAAAAAAAAAAAAA" compact_title="AAAAAAAAAAA…" class="kitty" active=false
2026-07-13T21:31:54+00:00 machine gtk-status-bar[1188]: 2026-07-13T21:31:54.665848Z DEBUG gtk_status_bar::widgets: Updating client pill address=0x585b39cdaf40 title="0123456789012345678901234567890…89012345678901234567890123456789" compact_title="01234567890…" class="kitty" active=false
2026-07-13T21:31:54+00:00 machine gtk-status-bar[1188]: 2026-07-13T21:31:54.665885Z DEBUG gtk_status_bar::widgets: Updating client pill address=0x585b3a0f2cb0 title="界🙂界🙂界🙂界🙂界🙂界🙂界🙂界🙂界🙂界🙂界🙂界🙂界🙂界🙂界🙂界…界🙂界🙂界🙂界🙂界🙂界🙂界🙂界🙂界🙂界🙂界🙂界🙂界🙂界🙂界🙂界🙂" compact_title="界🙂界🙂界🙂界🙂界🙂界…" class="kitty" active=false
2026-07-13T21:31:54+00:00 machine gtk-status-bar[1188]: 2026-07-13T21:31:54.665973Z DEBUG gtk_status_bar::widgets: Updating client pill address=0x585b3b18bd60 title="Focus Left" compact_title="Focus" class="kitty" active=true
2026-07-13T21:31:54+00:00 machine gtk-status-bar[1188]: 2026-07-13T21:31:54.708882Z DEBUG gtk_status_bar::hypr: Window opened window=WindowOpenEvent { window_address: Address("0x585b3b294270"), workspace_name: "i", window_class: "kitty", window_title: "Focus Right" }
2026-07-13T21:31:54+00:00 machine gtk-status-bar[1188]: 2026-07-13T21:31:54.744660Z DEBUG gtk_status_bar::hypr: Refreshing current workspace clients reason="window-opened" workspace_id=2 client_count=7 active_address="0x585b3b294270"
2026-07-13T21:31:54+00:00 machine gtk-status-bar[1188]: 2026-07-13T21:31:54.744718Z DEBUG gtk_status_bar::hypr: Active window changed window=Some(WindowEventData { class: "kitty", title: "Focus Right", address: Address("0x585b3b294270") })
2026-07-13T21:31:54+00:00 machine gtk-status-bar[1188]: 2026-07-13T21:31:54.744897Z DEBUG gtk_status_bar::widgets: Updating workspace client strip workspace_id=2 client_count=7
2026-07-13T21:31:54+00:00 machine gtk-status-bar[1188]: 2026-07-13T21:31:54.745143Z DEBUG gtk_status_bar::widgets: Updating client pill address=0x585b3a118570 title="Close OS window" compact_title="Close" class="kitty" active=false
2026-07-13T21:31:54+00:00 machine gtk-status-bar[1188]: 2026-07-13T21:31:54.745206Z DEBUG gtk_status_bar::widgets: Updating client pill address=0x585b39ecc9e0 title="hello" compact_title="hello" class="kitty" active=false
2026-07-13T21:31:54+00:00 machine gtk-status-bar[1188]: 2026-07-13T21:31:54.745245Z DEBUG gtk_status_bar::widgets: Updating client pill address=0x585b3a13ac60 title="AAAAAAAAAAAAAAAAAAAAAAAAAAAAAAAAAAAAAAAAAAAAAAAAAAAAAAAAAAAAAAAA" compact_title="AAAAAAAAAAA…" class="kitty" active=false
2026-07-13T21:31:54+00:00 machine gtk-status-bar[1188]: 2026-07-13T21:31:54.745293Z DEBUG gtk_status_bar::widgets: Updating client pill address=0x585b39cdaf40 title="0123456789012345678901234567890…89012345678901234567890123456789" compact_title="01234567890…" class="kitty" active=false
2026-07-13T21:31:54+00:00 machine gtk-status-bar[1188]: 2026-07-13T21:31:54.745336Z DEBUG gtk_status_bar::widgets: Updating client pill address=0x585b3a0f2cb0 title="界🙂界🙂界🙂界🙂界🙂界🙂界🙂界🙂界🙂界🙂界🙂界🙂界🙂界🙂界🙂界…界🙂界🙂界🙂界🙂界🙂界🙂界🙂界🙂界🙂界🙂界🙂界🙂界🙂界🙂界🙂界🙂" compact_title="界🙂界🙂界🙂界🙂界🙂界…" class="kitty" active=false
2026-07-13T21:31:54+00:00 machine gtk-status-bar[1188]: 2026-07-13T21:31:54.745444Z DEBUG gtk_status_bar::widgets: Updating client pill address=0x585b3b18bd60 title="Focus Left" compact_title="Focus" class="kitty" active=false
2026-07-13T21:31:54+00:00 machine gtk-status-bar[1188]: 2026-07-13T21:31:54.745543Z DEBUG gtk_status_bar::widgets: Updating client pill address=0x585b3b294270 title="Focus Right" compact_title="Focus" class="kitty" active=true
2026-07-13T21:31:54+00:00 machine gtk-status-bar[1188]: 2026-07-13T21:31:54.745564Z DEBUG gtk_status_bar::widgets: Creating client title pill
2026-07-13T21:31:54+00:00 machine gtk-status-bar[1188]: 2026-07-13T21:31:54.745773Z DEBUG gtk_status_bar::hypr: Refreshing current workspace clients reason="active-window-changed" workspace_id=2 client_count=7 active_address="0x585b3b294270"
2026-07-13T21:31:54+00:00 machine gtk-status-bar[1188]: 2026-07-13T21:31:54.788098Z DEBUG gtk_status_bar::widgets: Resolved title icon from desktop application metadata class="kitty"
2026-07-13T21:31:54+00:00 machine gtk-status-bar[1188]: 2026-07-13T21:31:54.788184Z DEBUG gtk_status_bar::widgets: Updating workspace client strip workspace_id=2 client_count=7
2026-07-13T21:31:54+00:00 machine gtk-status-bar[1188]: 2026-07-13T21:31:54.788262Z DEBUG gtk_status_bar::widgets: Updating client pill address=0x585b3a118570 title="Close OS window" compact_title="Close" class="kitty" active=false
2026-07-13T21:31:54+00:00 machine gtk-status-bar[1188]: 2026-07-13T21:31:54.788303Z DEBUG gtk_status_bar::widgets: Updating client pill address=0x585b39ecc9e0 title="hello" compact_title="hello" class="kitty" active=false
2026-07-13T21:31:54+00:00 machine gtk-status-bar[1188]: 2026-07-13T21:31:54.788340Z DEBUG gtk_status_bar::widgets: Updating client pill address=0x585b3a13ac60 title="AAAAAAAAAAAAAAAAAAAAAAAAAAAAAAAAAAAAAAAAAAAAAAAAAAAAAAAAAAAAAAAA" compact_title="AAAAAAAAAAA…" class="kitty" active=false
2026-07-13T21:31:54+00:00 machine gtk-status-bar[1188]: 2026-07-13T21:31:54.788379Z DEBUG gtk_status_bar::widgets: Updating client pill address=0x585b39cdaf40 title="0123456789012345678901234567890…89012345678901234567890123456789" compact_title="01234567890…" class="kitty" active=false
2026-07-13T21:31:54+00:00 machine gtk-status-bar[1188]: 2026-07-13T21:31:54.788419Z DEBUG gtk_status_bar::widgets: Updating client pill address=0x585b3a0f2cb0 title="界🙂界🙂界🙂界🙂界🙂界🙂界🙂界🙂界🙂界🙂界🙂界🙂界🙂界🙂界🙂界…界🙂界🙂界🙂界🙂界🙂界🙂界🙂界🙂界🙂界🙂界🙂界🙂界🙂界🙂界🙂界🙂" compact_title="界🙂界🙂界🙂界🙂界🙂界…" class="kitty" active=false
2026-07-13T21:31:54+00:00 machine gtk-status-bar[1188]: 2026-07-13T21:31:54.788552Z DEBUG gtk_status_bar::widgets: Updating client pill address=0x585b3b18bd60 title="Focus Left" compact_title="Focus" class="kitty" active=false
2026-07-13T21:31:54+00:00 machine gtk-status-bar[1188]: 2026-07-13T21:31:54.788589Z DEBUG gtk_status_bar::widgets: Updating client pill address=0x585b3b294270 title="Focus Right" compact_title="Focus" class="kitty" active=true
2026-07-13T21:31:55+00:00 machine gtk-status-bar[1188]: 2026-07-13T21:31:55.001264Z DEBUG gtk_status_bar::widgets: Updating time label:  9:31 PM
2026-07-13T21:31:55+00:00 machine gtk-status-bar[1188]: 2026-07-13T21:31:55.076576Z  INFO gtk_status_bar::network: Network reachability probe completed target=192.0.2.1 success=true elapsed_ms=10
2026-07-13T21:31:55+00:00 machine gtk-status-bar[1188]: 2026-07-13T21:31:55.076619Z DEBUG gtk_status_bar::network: Sent network update label="\u{f091f} 28% \u{f0ac}"
2026-07-13T21:31:55+00:00 machine gtk-status-bar[1188]: 2026-07-13T21:31:55.096246Z DEBUG gtk_status_bar::widgets: Updating network label: 󰤟 28% 
2026-07-13T21:31:55+00:00 machine gtk-status-bar[1188]: 2026-07-13T21:31:55.741818Z DEBUG gtk_status_bar::dbus: Got an event in event stream: Msg { type: Signal, serial: 77, sender: UniqueName(":1.6"), path: ObjectPath("/org/bluez/hci0"), iface: InterfaceName("org.freedesktop.DBus.Properties"), member: MemberName("PropertiesChanged"), body: Structure(Dynamic { fields: [Str, Dict { key: Dynamic { child: Str }, value: Dynamic { child: Variant } }, Array(Dynamic { child: Str })] }), fds: [] }
2026-07-13T21:31:55+00:00 machine gtk-status-bar[1188]: 2026-07-13T21:31:55.741876Z DEBUG gtk_status_bar::dbus: Dbus monitor: Received D-Bus message from path: Some(ObjectPath("/org/bluez/hci0")), interface: Some(InterfaceName("org.freedesktop.DBus.Properties")), member: Some(MemberName("PropertiesChanged"))
2026-07-13T21:31:55+00:00 machine gtk-status-bar[1188]: 2026-07-13T21:31:55.741901Z  INFO gtk_status_bar::dbus: Dbus monitor: Received signal
2026-07-13T21:31:55+00:00 machine gtk-status-bar[1188]: 2026-07-13T21:31:55.741924Z  INFO gtk_status_bar::dbus: Dbus monitor: Received PropertiesChanged signal
2026-07-13T21:31:55+00:00 machine gtk-status-bar[1188]: 2026-07-13T21:31:55.741972Z DEBUG gtk_status_bar::dbus: Dbus monitor: Ignored PropertiesChanged for interface: "org.bluez.Adapter1"
2026-07-13T21:31:55+00:00 machine gtk-status-bar[1188]: 2026-07-13T21:31:55.781924Z DEBUG gtk_status_bar::hypr: Active window changed window=Some(WindowEventData { class: "kitty", title: "Focus Left", address: Address("0x585b3b18bd60") })
2026-07-13T21:31:55+00:00 machine gtk-status-bar[1188]: 2026-07-13T21:31:55.794222Z DEBUG gtk_status_bar::hypr: Refreshing current workspace clients reason="active-window-changed" workspace_id=2 client_count=7 active_address="0x585b3b18bd60"
2026-07-13T21:31:55+00:00 machine gtk-status-bar[1188]: 2026-07-13T21:31:55.794438Z DEBUG gtk_status_bar::widgets: Updating workspace client strip workspace_id=2 client_count=7
2026-07-13T21:31:55+00:00 machine gtk-status-bar[1188]: 2026-07-13T21:31:55.796707Z DEBUG gtk_status_bar::widgets: Updating client pill address=0x585b3a118570 title="Close OS window" compact_title="Close" class="kitty" active=false
2026-07-13T21:31:55+00:00 machine gtk-status-bar[1188]: 2026-07-13T21:31:55.796787Z DEBUG gtk_status_bar::widgets: Updating client pill address=0x585b39ecc9e0 title="hello" compact_title="hello" class="kitty" active=false
2026-07-13T21:31:55+00:00 machine gtk-status-bar[1188]: 2026-07-13T21:31:55.796834Z DEBUG gtk_status_bar::widgets: Updating client pill address=0x585b3a13ac60 title="AAAAAAAAAAAAAAAAAAAAAAAAAAAAAAAAAAAAAAAAAAAAAAAAAAAAAAAAAAAAAAAA" compact_title="AAAAAAAAAAA…" class="kitty" active=false
2026-07-13T21:31:55+00:00 machine gtk-status-bar[1188]: 2026-07-13T21:31:55.796881Z DEBUG gtk_status_bar::widgets: Updating client pill address=0x585b39cdaf40 title="0123456789012345678901234567890…89012345678901234567890123456789" compact_title="01234567890…" class="kitty" active=false
2026-07-13T21:31:55+00:00 machine gtk-status-bar[1188]: 2026-07-13T21:31:55.796928Z DEBUG gtk_status_bar::widgets: Updating client pill address=0x585b3a0f2cb0 title="界🙂界🙂界🙂界🙂界🙂界🙂界🙂界🙂界🙂界🙂界🙂界🙂界🙂界🙂界🙂界…界🙂界🙂界🙂界🙂界🙂界🙂界🙂界🙂界🙂界🙂界🙂界🙂界🙂界🙂界🙂界🙂" compact_title="界🙂界🙂界🙂界🙂界🙂界…" class="kitty" active=false
2026-07-13T21:31:55+00:00 machine gtk-status-bar[1188]: 2026-07-13T21:31:55.797045Z DEBUG gtk_status_bar::widgets: Updating client pill address=0x585b3b18bd60 title="Focus Left" compact_title="Focus" class="kitty" active=true
2026-07-13T21:31:55+00:00 machine gtk-status-bar[1188]: 2026-07-13T21:31:55.797098Z DEBUG gtk_status_bar::widgets: Updating client pill address=0x585b3b294270 title="Focus Right" compact_title="Focus" class="kitty" active=false
2026-07-13T21:31:56+00:00 machine gtk-status-bar[1188]: 2026-07-13T21:31:56.001277Z DEBUG gtk_status_bar::widgets: Updating time label:  9:31 PM
2026-07-13T21:31:56+00:00 machine gtk-status-bar[1188]: 2026-07-13T21:31:56.368462Z  INFO gtk_status_bar::network: Network reachability probe completed target=192.0.2.1 success=true elapsed_ms=16
2026-07-13T21:31:56+00:00 machine gtk-status-bar[1188]: 2026-07-13T21:31:56.368594Z DEBUG gtk_status_bar::network: Sent network update label="\u{f091f} 28% \u{f0ac}"
2026-07-13T21:31:56+00:00 machine gtk-status-bar[1188]: 2026-07-13T21:31:56.368825Z DEBUG gtk_status_bar::widgets: Updating network label: 󰤟 28% 
2026-07-13T21:31:57+00:00 machine gtk-status-bar[1188]: 2026-07-13T21:31:57.001906Z DEBUG gtk_status_bar::widgets: Updating time label:  9:31 PM
2026-07-13T21:31:57+00:00 machine gtk-status-bar[1188]: 2026-07-13T21:31:57.465732Z  INFO gtk_status_bar::network: Network reachability probe completed target=198.51.100.1 success=false elapsed_ms=22
2026-07-13T21:31:57+00:00 machine gtk-status-bar[1188]: 2026-07-13T21:31:57.465856Z DEBUG gtk_status_bar::network: Sent network update label="\u{f091f} 28% \u{f0ac}"
2026-07-13T21:31:57+00:00 machine gtk-status-bar[1188]: 2026-07-13T21:31:57.466314Z DEBUG gtk_status_bar::widgets: Updating network label: 󰤟 28% 
2026-07-13T21:31:58+00:00 machine gtk-status-bar[1188]: 2026-07-13T21:31:58.002311Z DEBUG gtk_status_bar::widgets: Updating time label:  9:31 PM
2026-07-13T21:31:58+00:00 machine gtk-status-bar[1188]: 2026-07-13T21:31:58.473096Z DEBUG gtk_status_bar::hypr: Active window changed window=Some(WindowEventData { class: "kitty", title: "Focus Right", address: Address("0x585b3b294270") })
2026-07-13T21:31:58+00:00 machine gtk-status-bar[1188]: 2026-07-13T21:31:58.494185Z DEBUG gtk_status_bar::hypr: Refreshing current workspace clients reason="active-window-changed" workspace_id=2 client_count=7 active_address="0x585b3b294270"
2026-07-13T21:31:58+00:00 machine gtk-status-bar[1188]: 2026-07-13T21:31:58.494548Z DEBUG gtk_status_bar::widgets: Updating workspace client strip workspace_id=2 client_count=7
2026-07-13T21:31:58+00:00 machine gtk-status-bar[1188]: 2026-07-13T21:31:58.494871Z DEBUG gtk_status_bar::widgets: Updating client pill address=0x585b3a118570 title="Close OS window" compact_title="Close" class="kitty" active=false
2026-07-13T21:31:58+00:00 machine gtk-status-bar[1188]: 2026-07-13T21:31:58.494968Z DEBUG gtk_status_bar::widgets: Updating client pill address=0x585b39ecc9e0 title="hello" compact_title="hello" class="kitty" active=false
2026-07-13T21:31:58+00:00 machine gtk-status-bar[1188]: 2026-07-13T21:31:58.495016Z DEBUG gtk_status_bar::widgets: Updating client pill address=0x585b3a13ac60 title="AAAAAAAAAAAAAAAAAAAAAAAAAAAAAAAAAAAAAAAAAAAAAAAAAAAAAAAAAAAAAAAA" compact_title="AAAAAAAAAAA…" class="kitty" active=false
2026-07-13T21:31:58+00:00 machine gtk-status-bar[1188]: 2026-07-13T21:31:58.495066Z DEBUG gtk_status_bar::widgets: Updating client pill address=0x585b39cdaf40 title="0123456789012345678901234567890…89012345678901234567890123456789" compact_title="01234567890…" class="kitty" active=false
2026-07-13T21:31:58+00:00 machine gtk-status-bar[1188]: 2026-07-13T21:31:58.495117Z DEBUG gtk_status_bar::widgets: Updating client pill address=0x585b3a0f2cb0 title="界🙂界🙂界🙂界🙂界🙂界🙂界🙂界🙂界🙂界🙂界🙂界🙂界🙂界🙂界🙂界…界🙂界🙂界🙂界🙂界🙂界🙂界🙂界🙂界🙂界🙂界🙂界🙂界🙂界🙂界🙂界🙂" compact_title="界🙂界🙂界🙂界🙂界🙂界…" class="kitty" active=false
2026-07-13T21:31:58+00:00 machine gtk-status-bar[1188]: 2026-07-13T21:31:58.495237Z DEBUG gtk_status_bar::widgets: Updating client pill address=0x585b3b18bd60 title="Focus Left" compact_title="Focus" class="kitty" active=false
2026-07-13T21:31:58+00:00 machine gtk-status-bar[1188]: 2026-07-13T21:31:58.495291Z DEBUG gtk_status_bar::widgets: Updating client pill address=0x585b3b294270 title="Focus Right" compact_title="Focus" class="kitty" active=true
2026-07-13T21:31:58+00:00 machine gtk-status-bar[1188]: 2026-07-13T21:31:58.758168Z  INFO gtk_status_bar::network: Network reachability probe completed target=192.0.2.1 success=true elapsed_ms=21
2026-07-13T21:31:58+00:00 machine gtk-status-bar[1188]: 2026-07-13T21:31:58.758216Z DEBUG gtk_status_bar::network: Sent network update label="\u{f091f} 28% \u{f0ac}"
2026-07-13T21:31:58+00:00 machine gtk-status-bar[1188]: 2026-07-13T21:31:58.778852Z DEBUG gtk_status_bar::widgets: Updating network label: 󰤟 28% 
2026-07-13T21:31:59+00:00 machine gtk-status-bar[1188]: 2026-07-13T21:31:59.000902Z DEBUG gtk_status_bar::widgets: Updating time label:  9:31 PM
2026-07-13T21:32:00+00:00 machine gtk-status-bar[1188]: 2026-07-13T21:32:00.002345Z DEBUG gtk_status_bar::widgets: Updating time label:  9:32 PM
2026-07-13T21:32:00+00:00 machine gtk-status-bar[1188]: 2026-07-13T21:32:00.101207Z  INFO gtk_status_bar::network: Network reachability probe completed target=198.51.100.1 success=false elapsed_ms=26
2026-07-13T21:32:00+00:00 machine gtk-status-bar[1188]: 2026-07-13T21:32:00.101268Z DEBUG gtk_status_bar::network: Sent network update label="\u{f091f} 28% \u{f0ac}"
2026-07-13T21:32:00+00:00 machine gtk-status-bar[1188]: 2026-07-13T21:32:00.122144Z DEBUG gtk_status_bar::widgets: Updating network label: 󰤟 28% 
2026-07-13T21:32:01+00:00 machine gtk-status-bar[1188]: 2026-07-13T21:32:01.001700Z DEBUG gtk_status_bar::widgets: Updating time label:  9:32 PM
2026-07-13T21:32:01+00:00 machine gtk-status-bar[1188]: 2026-07-13T21:32:01.580719Z  INFO gtk_status_bar::network: Network reachability probe completed target=192.0.2.1 success=true elapsed_ms=13
2026-07-13T21:32:01+00:00 machine gtk-status-bar[1188]: 2026-07-13T21:32:01.580763Z DEBUG gtk_status_bar::network: Sent network update label="\u{f091f} 28% \u{f0ac}"
2026-07-13T21:32:01+00:00 machine gtk-status-bar[1188]: 2026-07-13T21:32:01.580962Z DEBUG gtk_status_bar::widgets: Updating network label: 󰤟 28% 
2026-07-13T21:32:02+00:00 machine gtk-status-bar[1188]: 2026-07-13T21:32:02.001593Z DEBUG gtk_status_bar::widgets: Updating time label:  9:32 PM
2026-07-13T21:32:02+00:00 machine gtk-status-bar[1188]: 2026-07-13T21:32:02.240213Z  INFO gtk_status_bar::network: Network reachability probe completed target=198.51.100.1 success=false elapsed_ms=15
2026-07-13T21:32:02+00:00 machine gtk-status-bar[1188]: 2026-07-13T21:32:02.240266Z DEBUG gtk_status_bar::network: Sent network update label="\u{f091f} 28% \u{f0ac}"
2026-07-13T21:32:02+00:00 machine gtk-status-bar[1188]: 2026-07-13T21:32:02.253551Z DEBUG gtk_status_bar::widgets: Updating network label: 󰤟 28% 
2026-07-13T21:32:02+00:00 machine gtk-status-bar[1188]: 2026-07-13T21:32:02.878934Z DEBUG gtk_status_bar::hypr: Active window changed window=Some(WindowEventData { class: "kitty", title: "Close OS window", address: Address("0x585b3a118570") })
2026-07-13T21:32:02+00:00 machine gtk-status-bar[1188]: 2026-07-13T21:32:02.936759Z DEBUG gtk_status_bar::hypr: Refreshing current workspace clients reason="active-window-changed" workspace_id=2 client_count=7 active_address="0x585b3a118570"
2026-07-13T21:32:02+00:00 machine gtk-status-bar[1188]: 2026-07-13T21:32:02.949250Z DEBUG gtk_status_bar::widgets: Updating workspace client strip workspace_id=2 client_count=7
2026-07-13T21:32:02+00:00 machine gtk-status-bar[1188]: 2026-07-13T21:32:02.949540Z DEBUG gtk_status_bar::widgets: Updating client pill address=0x585b39ecc9e0 title="hello" compact_title="hello" class="kitty" active=false
2026-07-13T21:32:02+00:00 machine gtk-status-bar[1188]: 2026-07-13T21:32:02.956859Z DEBUG gtk_status_bar::widgets: Updating client pill address=0x585b3a13ac60 title="AAAAAAAAAAAAAAAAAAAAAAAAAAAAAAAAAAAAAAAAAAAAAAAAAAAAAAAAAAAAAAAA" compact_title="AAAAAAAAAAA…" class="kitty" active=false
2026-07-13T21:32:02+00:00 machine gtk-status-bar[1188]: 2026-07-13T21:32:02.956909Z DEBUG gtk_status_bar::widgets: Updating client pill address=0x585b39cdaf40 title="0123456789012345678901234567890…89012345678901234567890123456789" compact_title="01234567890…" class="kitty" active=false
2026-07-13T21:32:02+00:00 machine gtk-status-bar[1188]: 2026-07-13T21:32:02.956958Z DEBUG gtk_status_bar::widgets: Updating client pill address=0x585b3a0f2cb0 title="界🙂界🙂界🙂界🙂界🙂界🙂界🙂界🙂界🙂界🙂界🙂界🙂界🙂界🙂界🙂界…界🙂界🙂界🙂界🙂界🙂界🙂界🙂界🙂界🙂界🙂界🙂界🙂界🙂界🙂界🙂界🙂" compact_title="界🙂界🙂界🙂界🙂界🙂界…" class="kitty" active=false
2026-07-13T21:32:02+00:00 machine gtk-status-bar[1188]: 2026-07-13T21:32:02.981375Z DEBUG gtk_status_bar::widgets: Updating client pill address=0x585b3b18bd60 title="Focus Left" compact_title="Focus" class="kitty" active=false
2026-07-13T21:32:02+00:00 machine gtk-status-bar[1188]: 2026-07-13T21:32:02.983645Z DEBUG gtk_status_bar::widgets: Updating client pill address=0x585b3b294270 title="Focus Right" compact_title="Focus" class="kitty" active=false
2026-07-13T21:32:02+00:00 machine gtk-status-bar[1188]: 2026-07-13T21:32:02.983693Z DEBUG gtk_status_bar::widgets: Updating client pill address=0x585b3a118570 title="Close OS window" compact_title="Close" class="kitty" active=true
2026-07-13T21:32:03+00:00 machine gtk-status-bar[1188]: 2026-07-13T21:32:03.001007Z DEBUG gtk_status_bar::widgets: Updating time label:  9:32 PM
2026-07-13T21:32:03+00:00 machine gtk-status-bar[1188]: 2026-07-13T21:32:03.760897Z  INFO gtk_status_bar::network: Network reachability probe completed target=192.0.2.1 success=true elapsed_ms=13
2026-07-13T21:32:03+00:00 machine gtk-status-bar[1188]: 2026-07-13T21:32:03.760947Z DEBUG gtk_status_bar::network: Sent network update label="\u{f091f} 28% \u{f0ac}"
2026-07-13T21:32:03+00:00 machine gtk-status-bar[1188]: 2026-07-13T21:32:03.784762Z DEBUG gtk_status_bar::widgets: Updating network label: 󰤟 28% 
2026-07-13T21:32:04+00:00 machine gtk-status-bar[1188]: 2026-07-13T21:32:04.001744Z DEBUG gtk_status_bar::widgets: Updating time label:  9:32 PM
2026-07-13T21:32:05+00:00 machine gtk-status-bar[1188]: 2026-07-13T21:32:05.002977Z DEBUG gtk_status_bar::widgets: Updating time label:  9:32 PM
2026-07-13T21:32:05+00:00 machine gtk-status-bar[1188]: 2026-07-13T21:32:05.602554Z  INFO gtk_status_bar::network: Network reachability probe completed target=198.51.100.1 success=false elapsed_ms=9
2026-07-13T21:32:05+00:00 machine gtk-status-bar[1188]: 2026-07-13T21:32:05.602601Z DEBUG gtk_status_bar::network: Sent network update label="\u{f091f} 28% \u{f0ac}"
2026-07-13T21:32:05+00:00 machine gtk-status-bar[1188]: 2026-07-13T21:32:05.619278Z DEBUG gtk_status_bar::widgets: Updating network label: 󰤟 28% 
2026-07-13T21:32:05+00:00 machine gtk-status-bar[1188]: 2026-07-13T21:32:05.874644Z  INFO gtk_status_bar::network: Network reachability probe completed target=198.51.100.1 success=false elapsed_ms=9
2026-07-13T21:32:05+00:00 machine gtk-status-bar[1188]: 2026-07-13T21:32:05.874692Z DEBUG gtk_status_bar::network: Sent network update label="\u{f091f} 28% \u{f0ac}"
2026-07-13T21:32:05+00:00 machine gtk-status-bar[1188]: 2026-07-13T21:32:05.884940Z DEBUG gtk_status_bar::widgets: Updating network label: 󰤟 28% 
2026-07-13T21:32:06+00:00 machine gtk-status-bar[1188]: 2026-07-13T21:32:06.001412Z DEBUG gtk_status_bar::widgets: Updating time label:  9:32 PM
2026-07-13T21:32:06+00:00 machine gtk-status-bar[1188]: 2026-07-13T21:32:06.186543Z DEBUG gtk_status_bar::hypr: Window title changed address=0x585b3b083b20 title="kitty"
2026-07-13T21:32:06+00:00 machine gtk-status-bar[1188]: 2026-07-13T21:32:06.195145Z DEBUG gtk_status_bar::hypr: Refreshing current workspace clients reason="title-changed" workspace_id=2 client_count=7 active_address="0x585b3a118570"
2026-07-13T21:32:06+00:00 machine gtk-status-bar[1188]: 2026-07-13T21:32:06.204142Z DEBUG gtk_status_bar::widgets: Updating workspace client strip workspace_id=2 client_count=7
2026-07-13T21:32:06+00:00 machine gtk-status-bar[1188]: 2026-07-13T21:32:06.204405Z DEBUG gtk_status_bar::widgets: Updating client pill address=0x585b39ecc9e0 title="hello" compact_title="hello" class="kitty" active=false
2026-07-13T21:32:06+00:00 machine gtk-status-bar[1188]: 2026-07-13T21:32:06.219053Z DEBUG gtk_status_bar::widgets: Updating client pill address=0x585b3a13ac60 title="AAAAAAAAAAAAAAAAAAAAAAAAAAAAAAAAAAAAAAAAAAAAAAAAAAAAAAAAAAAAAAAA" compact_title="AAAAAAAAAAA…" class="kitty" active=false
2026-07-13T21:32:06+00:00 machine gtk-status-bar[1188]: 2026-07-13T21:32:06.219140Z DEBUG gtk_status_bar::widgets: Updating client pill address=0x585b39cdaf40 title="0123456789012345678901234567890…89012345678901234567890123456789" compact_title="01234567890…" class="kitty" active=false
2026-07-13T21:32:06+00:00 machine gtk-status-bar[1188]: 2026-07-13T21:32:06.219194Z DEBUG gtk_status_bar::widgets: Updating client pill address=0x585b3a0f2cb0 title="界🙂界🙂界🙂界🙂界🙂界🙂界🙂界🙂界🙂界🙂界🙂界🙂界🙂界🙂界🙂界…界🙂界🙂界🙂界🙂界🙂界🙂界🙂界🙂界🙂界🙂界🙂界🙂界🙂界🙂界🙂界🙂" compact_title="界🙂界🙂界🙂界🙂界🙂界…" class="kitty" active=false
2026-07-13T21:32:06+00:00 machine gtk-status-bar[1188]: 2026-07-13T21:32:06.233745Z DEBUG gtk_status_bar::widgets: Updating client pill address=0x585b3b18bd60 title="Focus Left" compact_title="Focus" class="kitty" active=false
2026-07-13T21:32:06+00:00 machine gtk-status-bar[1188]: 2026-07-13T21:32:06.233799Z DEBUG gtk_status_bar::widgets: Updating client pill address=0x585b3b294270 title="Focus Right" compact_title="Focus" class="kitty" active=false
2026-07-13T21:32:06+00:00 machine gtk-status-bar[1188]: 2026-07-13T21:32:06.233844Z DEBUG gtk_status_bar::widgets: Updating client pill address=0x585b3a118570 title="Close OS window" compact_title="Close" class="kitty" active=true
2026-07-13T21:32:06+00:00 machine gtk-status-bar[1188]: 2026-07-13T21:32:06.221385Z DEBUG gtk_status_bar::hypr: Window opened window=WindowOpenEvent { window_address: Address("0x585b3b083b20"), workspace_name: "i", window_class: "kitty", window_title: "kitty" }
2026-07-13T21:32:06+00:00 machine gtk-status-bar[1188]: 2026-07-13T21:32:06.246554Z DEBUG gtk_status_bar::hypr: Refreshing current workspace clients reason="window-opened" workspace_id=2 client_count=8 active_address="0x585b3b083b20"
2026-07-13T21:32:06+00:00 machine gtk-status-bar[1188]: 2026-07-13T21:32:06.246614Z DEBUG gtk_status_bar::hypr: Active window changed window=Some(WindowEventData { class: "kitty", title: "kitty", address: Address("0x585b3b083b20") })
2026-07-13T21:32:06+00:00 machine gtk-status-bar[1188]: 2026-07-13T21:32:06.251373Z DEBUG gtk_status_bar::widgets: Updating workspace client strip workspace_id=2 client_count=8
2026-07-13T21:32:06+00:00 machine gtk-status-bar[1188]: 2026-07-13T21:32:06.251559Z DEBUG gtk_status_bar::widgets: Updating client pill address=0x585b39ecc9e0 title="hello" compact_title="hello" class="kitty" active=false
2026-07-13T21:32:06+00:00 machine gtk-status-bar[1188]: 2026-07-13T21:32:06.251614Z DEBUG gtk_status_bar::widgets: Updating client pill address=0x585b3a13ac60 title="AAAAAAAAAAAAAAAAAAAAAAAAAAAAAAAAAAAAAAAAAAAAAAAAAAAAAAAAAAAAAAAA" compact_title="AAAAAAAAAAA…" class="kitty" active=false
2026-07-13T21:32:06+00:00 machine gtk-status-bar[1188]: 2026-07-13T21:32:06.251666Z DEBUG gtk_status_bar::widgets: Updating client pill address=0x585b39cdaf40 title="0123456789012345678901234567890…89012345678901234567890123456789" compact_title="01234567890…" class="kitty" active=false
2026-07-13T21:32:06+00:00 machine gtk-status-bar[1188]: 2026-07-13T21:32:06.251714Z DEBUG gtk_status_bar::widgets: Updating client pill address=0x585b3a0f2cb0 title="界🙂界🙂界🙂界🙂界🙂界🙂界🙂界🙂界🙂界🙂界🙂界🙂界🙂界🙂界🙂界…界🙂界🙂界🙂界🙂界🙂界🙂界🙂界🙂界🙂界🙂界🙂界🙂界🙂界🙂界🙂界🙂" compact_title="界🙂界🙂界🙂界🙂界🙂界…" class="kitty" active=false
2026-07-13T21:32:06+00:00 machine gtk-status-bar[1188]: 2026-07-13T21:32:06.251804Z DEBUG gtk_status_bar::widgets: Updating client pill address=0x585b3b18bd60 title="Focus Left" compact_title="Focus" class="kitty" active=false
2026-07-13T21:32:06+00:00 machine gtk-status-bar[1188]: 2026-07-13T21:32:06.251841Z DEBUG gtk_status_bar::widgets: Updating client pill address=0x585b3b294270 title="Focus Right" compact_title="Focus" class="kitty" active=false
2026-07-13T21:32:06+00:00 machine gtk-status-bar[1188]: 2026-07-13T21:32:06.251878Z DEBUG gtk_status_bar::widgets: Updating client pill address=0x585b3a118570 title="Close OS window" compact_title="Close" class="kitty" active=false
2026-07-13T21:32:06+00:00 machine gtk-status-bar[1188]: 2026-07-13T21:32:06.251919Z DEBUG gtk_status_bar::widgets: Updating client pill address=0x585b3b083b20 title="kitty" compact_title="kitty" class="kitty" active=true
2026-07-13T21:32:06+00:00 machine gtk-status-bar[1188]: 2026-07-13T21:32:06.251938Z DEBUG gtk_status_bar::widgets: Creating client title pill
2026-07-13T21:32:06+00:00 machine gtk-status-bar[1188]: 2026-07-13T21:32:06.282521Z DEBUG gtk_status_bar::hypr: Refreshing current workspace clients reason="active-window-changed" workspace_id=2 client_count=8 active_address="0x585b3b083b20"
2026-07-13T21:32:06+00:00 machine gtk-status-bar[1188]: 2026-07-13T21:32:06.288147Z DEBUG gtk_status_bar::widgets: Resolved title icon from desktop application metadata class="kitty"
2026-07-13T21:32:06+00:00 machine gtk-status-bar[1188]: 2026-07-13T21:32:06.288252Z DEBUG gtk_status_bar::widgets: Updating workspace client strip workspace_id=2 client_count=8
2026-07-13T21:32:06+00:00 machine gtk-status-bar[1188]: 2026-07-13T21:32:06.288423Z DEBUG gtk_status_bar::widgets: Updating client pill address=0x585b39ecc9e0 title="hello" compact_title="hello" class="kitty" active=false
2026-07-13T21:32:06+00:00 machine gtk-status-bar[1188]: 2026-07-13T21:32:06.288538Z DEBUG gtk_status_bar::widgets: Updating client pill address=0x585b3a13ac60 title="AAAAAAAAAAAAAAAAAAAAAAAAAAAAAAAAAAAAAAAAAAAAAAAAAAAAAAAAAAAAAAAA" compact_title="AAAAAAAAAAA…" class="kitty" active=false
2026-07-13T21:32:06+00:00 machine gtk-status-bar[1188]: 2026-07-13T21:32:06.288586Z DEBUG gtk_status_bar::widgets: Updating client pill address=0x585b39cdaf40 title="0123456789012345678901234567890…89012345678901234567890123456789" compact_title="01234567890…" class="kitty" active=false
2026-07-13T21:32:06+00:00 machine gtk-status-bar[1188]: 2026-07-13T21:32:06.288640Z DEBUG gtk_status_bar::widgets: Updating client pill address=0x585b3a0f2cb0 title="界🙂界🙂界🙂界🙂界🙂界🙂界🙂界🙂界🙂界🙂界🙂界🙂界🙂界🙂界🙂界…界🙂界🙂界🙂界🙂界🙂界🙂界🙂界🙂界🙂界🙂界🙂界🙂界🙂界🙂界🙂界🙂" compact_title="界🙂界🙂界🙂界🙂界🙂界…" class="kitty" active=false
2026-07-13T21:32:06+00:00 machine gtk-status-bar[1188]: 2026-07-13T21:32:06.288759Z DEBUG gtk_status_bar::widgets: Updating client pill address=0x585b3b18bd60 title="Focus Left" compact_title="Focus" class="kitty" active=false
2026-07-13T21:32:06+00:00 machine gtk-status-bar[1188]: 2026-07-13T21:32:06.288803Z DEBUG gtk_status_bar::widgets: Updating client pill address=0x585b3b294270 title="Focus Right" compact_title="Focus" class="kitty" active=false
2026-07-13T21:32:06+00:00 machine gtk-status-bar[1188]: 2026-07-13T21:32:06.288855Z DEBUG gtk_status_bar::widgets: Updating client pill address=0x585b3a118570 title="Close OS window" compact_title="Close" class="kitty" active=false
2026-07-13T21:32:06+00:00 machine gtk-status-bar[1188]: 2026-07-13T21:32:06.288900Z DEBUG gtk_status_bar::widgets: Updating client pill address=0x585b3b083b20 title="kitty" compact_title="kitty" class="kitty" active=true
2026-07-13T21:32:06+00:00 machine gtk-status-bar[1188]: 2026-07-13T21:32:06.779975Z DEBUG gtk_status_bar::hypr: Window title changed address=0x585b3b083b20 title="sh"
2026-07-13T21:32:06+00:00 machine gtk-status-bar[1188]: 2026-07-13T21:32:06.790656Z DEBUG gtk_status_bar::hypr: Refreshing current workspace clients reason="title-changed" workspace_id=2 client_count=8 active_address="0x585b3b083b20"
2026-07-13T21:32:06+00:00 machine gtk-status-bar[1188]: 2026-07-13T21:32:06.790705Z DEBUG gtk_status_bar::hypr: Active window changed window=Some(WindowEventData { class: "kitty", title: "sh", address: Address("0x585b3b083b20") })
2026-07-13T21:32:06+00:00 machine gtk-status-bar[1188]: 2026-07-13T21:32:06.790898Z DEBUG gtk_status_bar::widgets: Updating workspace client strip workspace_id=2 client_count=8
2026-07-13T21:32:06+00:00 machine gtk-status-bar[1188]: 2026-07-13T21:32:06.791155Z DEBUG gtk_status_bar::widgets: Updating client pill address=0x585b39ecc9e0 title="hello" compact_title="hello" class="kitty" active=false
2026-07-13T21:32:06+00:00 machine gtk-status-bar[1188]: 2026-07-13T21:32:06.791214Z DEBUG gtk_status_bar::widgets: Updating client pill address=0x585b3a13ac60 title="AAAAAAAAAAAAAAAAAAAAAAAAAAAAAAAAAAAAAAAAAAAAAAAAAAAAAAAAAAAAAAAA" compact_title="AAAAAAAAAAA…" class="kitty" active=false
2026-07-13T21:32:06+00:00 machine gtk-status-bar[1188]: 2026-07-13T21:32:06.791261Z DEBUG gtk_status_bar::widgets: Updating client pill address=0x585b39cdaf40 title="0123456789012345678901234567890…89012345678901234567890123456789" compact_title="01234567890…" class="kitty" active=false
2026-07-13T21:32:06+00:00 machine gtk-status-bar[1188]: 2026-07-13T21:32:06.791307Z DEBUG gtk_status_bar::widgets: Updating client pill address=0x585b3a0f2cb0 title="界🙂界🙂界🙂界🙂界🙂界🙂界🙂界🙂界🙂界🙂界🙂界🙂界🙂界🙂界🙂界…界🙂界🙂界🙂界🙂界🙂界🙂界🙂界🙂界🙂界🙂界🙂界🙂界🙂界🙂界🙂界🙂" compact_title="界🙂界🙂界🙂界🙂界🙂界…" class="kitty" active=false
2026-07-13T21:32:06+00:00 machine gtk-status-bar[1188]: 2026-07-13T21:32:06.791414Z DEBUG gtk_status_bar::widgets: Updating client pill address=0x585b3b18bd60 title="Focus Left" compact_title="Focus" class="kitty" active=false
2026-07-13T21:32:06+00:00 machine gtk-status-bar[1188]: 2026-07-13T21:32:06.791507Z DEBUG gtk_status_bar::widgets: Updating client pill address=0x585b3b294270 title="Focus Right" compact_title="Focus" class="kitty" active=false
2026-07-13T21:32:06+00:00 machine gtk-status-bar[1188]: 2026-07-13T21:32:06.791551Z DEBUG gtk_status_bar::widgets: Updating client pill address=0x585b3a118570 title="Close OS window" compact_title="Close" class="kitty" active=false
2026-07-13T21:32:06+00:00 machine gtk-status-bar[1188]: 2026-07-13T21:32:06.791594Z DEBUG gtk_status_bar::widgets: Updating client pill address=0x585b3b083b20 title="Waiting client" compact_title="Waiting" class="kitty" active=true
2026-07-13T21:32:06+00:00 machine gtk-status-bar[1188]: 2026-07-13T21:32:06.791879Z DEBUG gtk_status_bar::hypr: Refreshing current workspace clients reason="active-window-changed" workspace_id=2 client_count=8 active_address="0x585b3b083b20"
2026-07-13T21:32:06+00:00 machine gtk-status-bar[1188]: 2026-07-13T21:32:06.791930Z DEBUG gtk_status_bar::hypr: Window title changed address=0x585b3b083b20 title="Waiting client"
2026-07-13T21:32:06+00:00 machine gtk-status-bar[1188]: 2026-07-13T21:32:06.793237Z DEBUG gtk_status_bar::hypr: Refreshing current workspace clients reason="title-changed" workspace_id=2 client_count=8 active_address="0x585b3b083b20"
2026-07-13T21:32:06+00:00 machine gtk-status-bar[1188]: 2026-07-13T21:32:06.793269Z DEBUG gtk_status_bar::hypr: Active window changed window=Some(WindowEventData { class: "kitty", title: "Waiting client", address: Address("0x585b3b083b20") })
2026-07-13T21:32:06+00:00 machine gtk-status-bar[1188]: 2026-07-13T21:32:06.794435Z DEBUG gtk_status_bar::hypr: Refreshing current workspace clients reason="active-window-changed" workspace_id=2 client_count=8 active_address="0x585b3b083b20"
2026-07-13T21:32:06+00:00 machine gtk-status-bar[1188]: 2026-07-13T21:32:06.795077Z DEBUG gtk_status_bar::widgets: Updating workspace client strip workspace_id=2 client_count=8
2026-07-13T21:32:06+00:00 machine gtk-status-bar[1188]: 2026-07-13T21:32:06.795180Z DEBUG gtk_status_bar::widgets: Updating client pill address=0x585b39ecc9e0 title="hello" compact_title="hello" class="kitty" active=false
2026-07-13T21:32:06+00:00 machine gtk-status-bar[1188]: 2026-07-13T21:32:06.795228Z DEBUG gtk_status_bar::widgets: Updating client pill address=0x585b3a13ac60 title="AAAAAAAAAAAAAAAAAAAAAAAAAAAAAAAAAAAAAAAAAAAAAAAAAAAAAAAAAAAAAAAA" compact_title="AAAAAAAAAAA…" class="kitty" active=false
2026-07-13T21:32:06+00:00 machine gtk-status-bar[1188]: 2026-07-13T21:32:06.795267Z DEBUG gtk_status_bar::widgets: Updating client pill address=0x585b39cdaf40 title="0123456789012345678901234567890…89012345678901234567890123456789" compact_title="01234567890…" class="kitty" active=false
2026-07-13T21:32:06+00:00 machine gtk-status-bar[1188]: 2026-07-13T21:32:06.795306Z DEBUG gtk_status_bar::widgets: Updating client pill address=0x585b3a0f2cb0 title="界🙂界🙂界🙂界🙂界🙂界🙂界🙂界🙂界🙂界🙂界🙂界🙂界🙂界🙂界🙂界…界🙂界🙂界🙂界🙂界🙂界🙂界🙂界🙂界🙂界🙂界🙂界🙂界🙂界🙂界🙂界🙂" compact_title="界🙂界🙂界🙂界🙂界🙂界…" class="kitty" active=false
2026-07-13T21:32:06+00:00 machine gtk-status-bar[1188]: 2026-07-13T21:32:06.795404Z DEBUG gtk_status_bar::widgets: Updating client pill address=0x585b3b18bd60 title="Focus Left" compact_title="Focus" class="kitty" active=false
2026-07-13T21:32:06+00:00 machine gtk-status-bar[1188]: 2026-07-13T21:32:06.795441Z DEBUG gtk_status_bar::widgets: Updating client pill address=0x585b3b294270 title="Focus Right" compact_title="Focus" class="kitty" active=false
2026-07-13T21:32:06+00:00 machine gtk-status-bar[1188]: 2026-07-13T21:32:06.795528Z DEBUG gtk_status_bar::widgets: Updating client pill address=0x585b3a118570 title="Close OS window" compact_title="Close" class="kitty" active=false
2026-07-13T21:32:06+00:00 machine gtk-status-bar[1188]: 2026-07-13T21:32:06.795564Z DEBUG gtk_status_bar::widgets: Updating client pill address=0x585b3b083b20 title="Waiting client" compact_title="Waiting" class="kitty" active=true
2026-07-13T21:32:06+00:00 machine gtk-status-bar[1188]: 2026-07-13T21:32:06.795600Z DEBUG gtk_status_bar::widgets: Updating workspace client strip workspace_id=2 client_count=8
2026-07-13T21:32:06+00:00 machine gtk-status-bar[1188]: 2026-07-13T21:32:06.795674Z DEBUG gtk_status_bar::widgets: Updating client pill address=0x585b39ecc9e0 title="hello" compact_title="hello" class="kitty" active=false
2026-07-13T21:32:06+00:00 machine gtk-status-bar[1188]: 2026-07-13T21:32:06.795708Z DEBUG gtk_status_bar::widgets: Updating client pill address=0x585b3a13ac60 title="AAAAAAAAAAAAAAAAAAAAAAAAAAAAAAAAAAAAAAAAAAAAAAAAAAAAAAAAAAAAAAAA" compact_title="AAAAAAAAAAA…" class="kitty" active=false
2026-07-13T21:32:06+00:00 machine gtk-status-bar[1188]: 2026-07-13T21:32:06.795742Z DEBUG gtk_status_bar::widgets: Updating client pill address=0x585b39cdaf40 title="0123456789012345678901234567890…89012345678901234567890123456789" compact_title="01234567890…" class="kitty" active=false
2026-07-13T21:32:06+00:00 machine gtk-status-bar[1188]: 2026-07-13T21:32:06.795781Z DEBUG gtk_status_bar::widgets: Updating client pill address=0x585b3a0f2cb0 title="界🙂界🙂界🙂界🙂界🙂界🙂界🙂界🙂界🙂界🙂界🙂界🙂界🙂界🙂界🙂界…界🙂界🙂界🙂界🙂界🙂界🙂界🙂界🙂界🙂界🙂界🙂界🙂界🙂界🙂界🙂界🙂" compact_title="界🙂界🙂界🙂界🙂界🙂界…" class="kitty" active=false
2026-07-13T21:32:06+00:00 machine gtk-status-bar[1188]: 2026-07-13T21:32:06.795872Z DEBUG gtk_status_bar::widgets: Updating client pill address=0x585b3b18bd60 title="Focus Left" compact_title="Focus" class="kitty" active=false
2026-07-13T21:32:06+00:00 machine gtk-status-bar[1188]: 2026-07-13T21:32:06.795905Z DEBUG gtk_status_bar::widgets: Updating client pill address=0x585b3b294270 title="Focus Right" compact_title="Focus" class="kitty" active=false
2026-07-13T21:32:06+00:00 machine gtk-status-bar[1188]: 2026-07-13T21:32:06.795938Z DEBUG gtk_status_bar::widgets: Updating client pill address=0x585b3a118570 title="Close OS window" compact_title="Close" class="kitty" active=false
2026-07-13T21:32:06+00:00 machine gtk-status-bar[1188]: 2026-07-13T21:32:06.795970Z DEBUG gtk_status_bar::widgets: Updating client pill address=0x585b3b083b20 title="Waiting client" compact_title="Waiting" class="kitty" active=true
2026-07-13T21:32:07+00:00 machine gtk-status-bar[1188]: 2026-07-13T21:32:06.796002Z DEBUG gtk_status_bar::widgets: Updating workspace client strip workspace_id=2 client_count=8
2026-07-13T21:32:07+00:00 machine gtk-status-bar[1188]: 2026-07-13T21:32:06.796069Z DEBUG gtk_status_bar::widgets: Updating client pill address=0x585b39ecc9e0 title="hello" compact_title="hello" class="kitty" active=false
2026-07-13T21:32:07+00:00 machine gtk-status-bar[1188]: 2026-07-13T21:32:06.796103Z DEBUG gtk_status_bar::widgets: Updating client pill address=0x585b3a13ac60 title="AAAAAAAAAAAAAAAAAAAAAAAAAAAAAAAAAAAAAAAAAAAAAAAAAAAAAAAAAAAAAAAA" compact_title="AAAAAAAAAAA…" class="kitty" active=false
2026-07-13T21:32:07+00:00 machine gtk-status-bar[1188]: 2026-07-13T21:32:06.796136Z DEBUG gtk_status_bar::widgets: Updating client pill address=0x585b39cdaf40 title="0123456789012345678901234567890…89012345678901234567890123456789" compact_title="01234567890…" class="kitty" active=false
2026-07-13T21:32:07+00:00 machine gtk-status-bar[1188]: 2026-07-13T21:32:06.796169Z DEBUG gtk_status_bar::widgets: Updating client pill address=0x585b3a0f2cb0 title="界🙂界🙂界🙂界🙂界🙂界🙂界🙂界🙂界🙂界🙂界🙂界🙂界🙂界🙂界🙂界…界🙂界🙂界🙂界🙂界🙂界🙂界🙂界🙂界🙂界🙂界🙂界🙂界🙂界🙂界🙂界🙂" compact_title="界🙂界🙂界🙂界🙂界🙂界…" class="kitty" active=false
2026-07-13T21:32:07+00:00 machine gtk-status-bar[1188]: 2026-07-13T21:32:06.796261Z DEBUG gtk_status_bar::widgets: Updating client pill address=0x585b3b18bd60 title="Focus Left" compact_title="Focus" class="kitty" active=false
2026-07-13T21:32:07+00:00 machine gtk-status-bar[1188]: 2026-07-13T21:32:06.796294Z DEBUG gtk_status_bar::widgets: Updating client pill address=0x585b3b294270 title="Focus Right" compact_title="Focus" class="kitty" active=false
2026-07-13T21:32:07+00:00 machine gtk-status-bar[1188]: 2026-07-13T21:32:06.796326Z DEBUG gtk_status_bar::widgets: Updating client pill address=0x585b3a118570 title="Close OS window" compact_title="Close" class="kitty" active=false
2026-07-13T21:32:07+00:00 machine gtk-status-bar[1188]: 2026-07-13T21:32:06.796357Z DEBUG gtk_status_bar::widgets: Updating client pill address=0x585b3b083b20 title="Waiting client" compact_title="Waiting" class="kitty" active=true
2026-07-13T21:32:07+00:00 machine gtk-status-bar[1188]: 2026-07-13T21:32:07.001015Z DEBUG gtk_status_bar::widgets: Updating time label:  9:32 PM
2026-07-13T21:32:07+00:00 machine gtk-status-bar[1188]: 2026-07-13T21:32:07.677952Z DEBUG gtk_status_bar::hypr: Active window changed window=Some(WindowEventData { class: "kitty", title: "Focus Right", address: Address("0x585b3b294270") })
2026-07-13T21:32:07+00:00 machine gtk-status-bar[1188]: 2026-07-13T21:32:07.702940Z DEBUG gtk_status_bar::hypr: Refreshing current workspace clients reason="active-window-changed" workspace_id=2 client_count=8 active_address="0x585b3b294270"
2026-07-13T21:32:07+00:00 machine gtk-status-bar[1188]: 2026-07-13T21:32:07.703254Z DEBUG gtk_status_bar::widgets: Updating workspace client strip workspace_id=2 client_count=8
2026-07-13T21:32:07+00:00 machine gtk-status-bar[1188]: 2026-07-13T21:32:07.703604Z DEBUG gtk_status_bar::widgets: Updating client pill address=0x585b39ecc9e0 title="hello" compact_title="hello" class="kitty" active=false
2026-07-13T21:32:07+00:00 machine gtk-status-bar[1188]: 2026-07-13T21:32:07.703681Z DEBUG gtk_status_bar::widgets: Updating client pill address=0x585b3a13ac60 title="AAAAAAAAAAAAAAAAAAAAAAAAAAAAAAAAAAAAAAAAAAAAAAAAAAAAAAAAAAAAAAAA" compact_title="AAAAAAAAAAA…" class="kitty" active=false
2026-07-13T21:32:07+00:00 machine gtk-status-bar[1188]: 2026-07-13T21:32:07.703739Z DEBUG gtk_status_bar::widgets: Updating client pill address=0x585b39cdaf40 title="0123456789012345678901234567890…89012345678901234567890123456789" compact_title="01234567890…" class="kitty" active=false
2026-07-13T21:32:07+00:00 machine gtk-status-bar[1188]: 2026-07-13T21:32:07.703782Z DEBUG gtk_status_bar::widgets: Updating client pill address=0x585b3a0f2cb0 title="界🙂界🙂界🙂界🙂界🙂界🙂界🙂界🙂界🙂界🙂界🙂界🙂界🙂界🙂界🙂界…界🙂界🙂界🙂界🙂界🙂界🙂界🙂界🙂界🙂界🙂界🙂界🙂界🙂界🙂界🙂界🙂" compact_title="界🙂界🙂界🙂界🙂界🙂界…" class="kitty" active=false
2026-07-13T21:32:07+00:00 machine gtk-status-bar[1188]: 2026-07-13T21:32:07.703904Z DEBUG gtk_status_bar::widgets: Updating client pill address=0x585b3b18bd60 title="Focus Left" compact_title="Focus" class="kitty" active=false
2026-07-13T21:32:07+00:00 machine gtk-status-bar[1188]: 2026-07-13T21:32:07.703949Z DEBUG gtk_status_bar::widgets: Updating client pill address=0x585b3b294270 title="Focus Right" compact_title="Focus" class="kitty" active=true
2026-07-13T21:32:07+00:00 machine gtk-status-bar[1188]: 2026-07-13T21:32:07.703999Z DEBUG gtk_status_bar::widgets: Updating client pill address=0x585b3a118570 title="Close OS window" compact_title="Close" class="kitty" active=false
2026-07-13T21:32:07+00:00 machine gtk-status-bar[1188]: 2026-07-13T21:32:07.704045Z DEBUG gtk_status_bar::widgets: Updating client pill address=0x585b3b083b20 title="Waiting client" compact_title="Waiting" class="kitty" active=false
2026-07-13T21:32:07+00:00 machine gtk-status-bar[1188]: 2026-07-13T21:32:07.803540Z  INFO gtk_status_bar::network: Network reachability probe completed target=192.0.2.1 success=true elapsed_ms=11
2026-07-13T21:32:07+00:00 machine gtk-status-bar[1188]: 2026-07-13T21:32:07.803584Z DEBUG gtk_status_bar::network: Sent network update label="\u{f091f} 28% \u{f0ac}"
2026-07-13T21:32:07+00:00 machine gtk-status-bar[1188]: 2026-07-13T21:32:07.817731Z DEBUG gtk_status_bar::widgets: Updating network label: 󰤟 28% 
2026-07-13T21:32:08+00:00 machine gtk-status-bar[1188]: 2026-07-13T21:32:08.001736Z DEBUG gtk_status_bar::widgets: Updating time label:  9:32 PM
2026-07-13T21:32:08+00:00 machine gtk-status-bar[1188]: 2026-07-13T21:32:08.718309Z  INFO gtk_status_bar::network: Network reachability probe completed target=198.51.100.1 success=false elapsed_ms=19
2026-07-13T21:32:08+00:00 machine gtk-status-bar[1188]: 2026-07-13T21:32:08.718353Z DEBUG gtk_status_bar::network: Sent network update label="\u{f091f} 28% \u{f0ac}"
2026-07-13T21:32:08+00:00 machine gtk-status-bar[1188]: 2026-07-13T21:32:08.718611Z DEBUG gtk_status_bar::widgets: Updating network label: 󰤟 28% 
2026-07-13T21:32:09+00:00 machine gtk-status-bar[1188]: 2026-07-13T21:32:09.001329Z DEBUG gtk_status_bar::widgets: Updating time label:  9:32 PM
2026-07-13T21:32:09+00:00 machine gtk-status-bar[1188]: 2026-07-13T21:32:09.525932Z  INFO gtk_status_bar::network: Network reachability probe completed target=192.0.2.1 success=true elapsed_ms=22
2026-07-13T21:32:09+00:00 machine gtk-status-bar[1188]: 2026-07-13T21:32:09.526035Z DEBUG gtk_status_bar::network: Sent network update label="\u{f091f} 28% \u{f0ac}"
2026-07-13T21:32:09+00:00 machine gtk-status-bar[1188]: 2026-07-13T21:32:09.546685Z DEBUG gtk_status_bar::widgets: Updating network label: 󰤟 28% 
2026-07-13T21:32:10+00:00 machine gtk-status-bar[1188]: 2026-07-13T21:32:10.001289Z DEBUG gtk_status_bar::widgets: Updating time label:  9:32 PM
2026-07-13T21:32:10+00:00 machine gtk-status-bar[1188]: 2026-07-13T21:32:10.723903Z  INFO gtk_status_bar::network: Network reachability probe completed target=198.51.100.1 success=false elapsed_ms=14
2026-07-13T21:32:10+00:00 machine gtk-status-bar[1188]: 2026-07-13T21:32:10.723947Z DEBUG gtk_status_bar::network: Sent network update label="\u{f091f} 28% \u{f0ac}"
2026-07-13T21:32:10+00:00 machine gtk-status-bar[1188]: 2026-07-13T21:32:10.732781Z DEBUG gtk_status_bar::widgets: Updating network label: 󰤟 28% 
2026-07-13T21:32:10+00:00 machine gtk-status-bar[1188]: 2026-07-13T21:32:10.820299Z DEBUG gtk_status_bar::hypr: Window title changed address=0x585b3b083b20 title="Renamed client"
2026-07-13T21:32:10+00:00 machine gtk-status-bar[1188]: 2026-07-13T21:32:10.829644Z DEBUG gtk_status_bar::hypr: Refreshing current workspace clients reason="title-changed" workspace_id=2 client_count=8 active_address="0x585b3b294270"
2026-07-13T21:32:10+00:00 machine gtk-status-bar[1188]: 2026-07-13T21:32:10.839434Z DEBUG gtk_status_bar::widgets: Updating workspace client strip workspace_id=2 client_count=8
2026-07-13T21:32:10+00:00 machine gtk-status-bar[1188]: 2026-07-13T21:32:10.846815Z DEBUG gtk_status_bar::widgets: Updating client pill address=0x585b39ecc9e0 title="hello" compact_title="hello" class="kitty" active=false
2026-07-13T21:32:10+00:00 machine gtk-status-bar[1188]: 2026-07-13T21:32:10.846941Z DEBUG gtk_status_bar::widgets: Updating client pill address=0x585b3a13ac60 title="AAAAAAAAAAAAAAAAAAAAAAAAAAAAAAAAAAAAAAAAAAAAAAAAAAAAAAAAAAAAAAAA" compact_title="AAAAAAAAAAA…" class="kitty" active=false
2026-07-13T21:32:10+00:00 machine gtk-status-bar[1188]: 2026-07-13T21:32:10.847013Z DEBUG gtk_status_bar::widgets: Updating client pill address=0x585b39cdaf40 title="0123456789012345678901234567890…89012345678901234567890123456789" compact_title="01234567890…" class="kitty" active=false
2026-07-13T21:32:10+00:00 machine gtk-status-bar[1188]: 2026-07-13T21:32:10.874218Z DEBUG gtk_status_bar::widgets: Updating client pill address=0x585b3a0f2cb0 title="界🙂界🙂界🙂界🙂界🙂界🙂界🙂界🙂界🙂界🙂界🙂界🙂界🙂界🙂界🙂界…界🙂界🙂界🙂界🙂界🙂界🙂界🙂界🙂界🙂界🙂界🙂界🙂界🙂界🙂界🙂界🙂" compact_title="界🙂界🙂界🙂界🙂界🙂界…" class="kitty" active=false
2026-07-13T21:32:10+00:00 machine gtk-status-bar[1188]: 2026-07-13T21:32:10.874409Z DEBUG gtk_status_bar::widgets: Updating client pill address=0x585b3b18bd60 title="Focus Left" compact_title="Focus" class="kitty" active=false
2026-07-13T21:32:10+00:00 machine gtk-status-bar[1188]: 2026-07-13T21:32:10.874526Z DEBUG gtk_status_bar::widgets: Updating client pill address=0x585b3b294270 title="Focus Right" compact_title="Focus" class="kitty" active=true
2026-07-13T21:32:10+00:00 machine gtk-status-bar[1188]: 2026-07-13T21:32:10.899295Z DEBUG gtk_status_bar::widgets: Updating client pill address=0x585b3a118570 title="Close OS window" compact_title="Close" class="kitty" active=false
2026-07-13T21:32:10+00:00 machine gtk-status-bar[1188]: 2026-07-13T21:32:10.899544Z DEBUG gtk_status_bar::widgets: Updating client pill address=0x585b3b083b20 title="Renamed client" compact_title="Renamed" class="kitty" active=false
2026-07-13T21:32:11+00:00 machine gtk-status-bar[1188]: 2026-07-13T21:32:11.000910Z DEBUG gtk_status_bar::widgets: Updating time label:  9:32 PM
2026-07-13T21:32:12+00:00 machine gtk-status-bar[1188]: 2026-07-13T21:32:12.002980Z DEBUG gtk_status_bar::widgets: Updating time label:  9:32 PM
2026-07-13T21:32:12+00:00 machine gtk-status-bar[1188]: 2026-07-13T21:32:12.254403Z  INFO gtk_status_bar::network: Network reachability probe completed target=192.0.2.1 success=true elapsed_ms=17
2026-07-13T21:32:12+00:00 machine gtk-status-bar[1188]: 2026-07-13T21:32:12.254655Z DEBUG gtk_status_bar::network: Sent network update label="\u{f091f} 28% \u{f0ac}"
2026-07-13T21:32:12+00:00 machine gtk-status-bar[1188]: 2026-07-13T21:32:12.263103Z DEBUG gtk_status_bar::widgets: Updating network label: 󰤟 28% 
2026-07-13T21:32:12+00:00 machine gtk-status-bar[1188]: 2026-07-13T21:32:12.722254Z  INFO gtk_status_bar::network: Network reachability probe completed target=192.0.2.1 success=true elapsed_ms=12
2026-07-13T21:32:12+00:00 machine gtk-status-bar[1188]: 2026-07-13T21:32:12.722305Z DEBUG gtk_status_bar::network: Sent network update label="\u{f091f} 28% \u{f0ac}"
2026-07-13T21:32:12+00:00 machine gtk-status-bar[1188]: 2026-07-13T21:32:12.731594Z DEBUG gtk_status_bar::widgets: Updating network label: 󰤟 28% 
2026-07-13T21:32:12+00:00 machine gtk-status-bar[1188]: 2026-07-13T21:32:12.795702Z  INFO gtk_status_bar::network: Network reachability probe completed target=198.51.100.1 success=false elapsed_ms=9
2026-07-13T21:32:12+00:00 machine gtk-status-bar[1188]: 2026-07-13T21:32:12.795759Z DEBUG gtk_status_bar::network: Sent network update label="\u{f091f} 28% \u{f0ac}"
2026-07-13T21:32:12+00:00 machine gtk-status-bar[1188]: 2026-07-13T21:32:12.795926Z DEBUG gtk_status_bar::widgets: Updating network label: 󰤟 28% 
2026-07-13T21:32:13+00:00 machine gtk-status-bar[1188]: 2026-07-13T21:32:13.001741Z DEBUG gtk_status_bar::widgets: Updating time label:  9:32 PM
2026-07-13T21:32:13+00:00 machine gtk-status-bar[1188]: 2026-07-13T21:32:13.215690Z DEBUG gtk_status_bar::dbus: Got an event in event stream: Msg { type: Signal, serial: 13, sender: UniqueName(":1.5"), path: ObjectPath("/org/freedesktop/UPower/devices/battery_BAT0"), iface: InterfaceName("org.freedesktop.DBus.Properties"), member: MemberName("PropertiesChanged"), body: Structure(Dynamic { fields: [Str, Dict { key: Dynamic { child: Str }, value: Dynamic { child: Variant } }, Array(Dynamic { child: Str })] }), fds: [] }
2026-07-13T21:32:13+00:00 machine gtk-status-bar[1188]: 2026-07-13T21:32:13.215732Z DEBUG gtk_status_bar::dbus: Dbus monitor: Received D-Bus message from path: Some(ObjectPath("/org/freedesktop/UPower/devices/battery_BAT0")), interface: Some(InterfaceName("org.freedesktop.DBus.Properties")), member: Some(MemberName("PropertiesChanged"))
2026-07-13T21:32:13+00:00 machine gtk-status-bar[1188]: 2026-07-13T21:32:13.215756Z  INFO gtk_status_bar::dbus: Dbus monitor: Received signal
2026-07-13T21:32:13+00:00 machine gtk-status-bar[1188]: 2026-07-13T21:32:13.215777Z  INFO gtk_status_bar::dbus: Dbus monitor: Received PropertiesChanged signal
2026-07-13T21:32:13+00:00 machine gtk-status-bar[1188]: 2026-07-13T21:32:13.215822Z DEBUG gtk_status_bar::dbus: Battery device properties contain no State property
2026-07-13T21:32:13+00:00 machine gtk-status-bar[1188]: 2026-07-13T21:32:13.215844Z  INFO gtk_status_bar::dbus: Battery percentage changed to 42.0%
2026-07-13T21:32:13+00:00 machine gtk-status-bar[1188]: 2026-07-13T21:32:13.215986Z DEBUG gtk_status_bar::dbus: Got an event in event stream: Msg { type: Signal, serial: 14, sender: UniqueName(":1.5"), path: ObjectPath("/org/freedesktop/UPower/devices/battery_BAT0"), iface: InterfaceName("org.freedesktop.DBus.Properties"), member: MemberName("PropertiesChanged"), body: Structure(Dynamic { fields: [Str, Dict { key: Dynamic { child: Str }, value: Dynamic { child: Variant } }, Array(Dynamic { child: Str })] }), fds: [] }
2026-07-13T21:32:13+00:00 machine gtk-status-bar[1188]: 2026-07-13T21:32:13.216014Z DEBUG gtk_status_bar::dbus: Dbus monitor: Received D-Bus message from path: Some(ObjectPath("/org/freedesktop/UPower/devices/battery_BAT0")), interface: Some(InterfaceName("org.freedesktop.DBus.Properties")), member: Some(MemberName("PropertiesChanged"))
2026-07-13T21:32:13+00:00 machine gtk-status-bar[1188]: 2026-07-13T21:32:13.216035Z  INFO gtk_status_bar::dbus: Dbus monitor: Received signal
2026-07-13T21:32:13+00:00 machine gtk-status-bar[1188]: 2026-07-13T21:32:13.216056Z  INFO gtk_status_bar::dbus: Dbus monitor: Received PropertiesChanged signal
2026-07-13T21:32:13+00:00 machine gtk-status-bar[1188]: 2026-07-13T21:32:13.216089Z  INFO gtk_status_bar::dbus: Battery is discharging (state: 2)
2026-07-13T21:32:13+00:00 machine gtk-status-bar[1188]: 2026-07-13T21:32:13.216110Z DEBUG gtk_status_bar::dbus: Battery device properties contain no Percentage property
2026-07-13T21:32:13+00:00 machine gtk-status-bar[1188]: 2026-07-13T21:32:13.216255Z DEBUG gtk_status_bar::widgets: Updating battery label: 🔋 42%
2026-07-13T21:32:13+00:00 machine gtk-status-bar[1188]: 2026-07-13T21:32:13.216362Z DEBUG gtk_status_bar::widgets: 👁️  SHOWING battery widget - data: 🔋 42%
2026-07-13T21:32:13+00:00 machine gtk-status-bar[1188]: 2026-07-13T21:32:13.216377Z DEBUG gtk_status_bar::widgets: Updating battery label: 🔋 42%
2026-07-13T21:32:13+00:00 machine gtk-status-bar[1188]: 2026-07-13T21:32:13.216393Z DEBUG gtk_status_bar::widgets: 👁️  SHOWING battery widget - data: 🔋 42%
2026-07-13T21:32:14+00:00 machine gtk-status-bar[1188]: 2026-07-13T21:32:14.001843Z DEBUG gtk_status_bar::widgets: Updating time label:  9:32 PM
2026-07-13T21:32:14+00:00 machine gtk-status-bar[1188]: 2026-07-13T21:32:14.547345Z  INFO gtk_status_bar::network: Network reachability probe completed target=192.0.2.1 success=true elapsed_ms=20
2026-07-13T21:32:14+00:00 machine gtk-status-bar[1188]: 2026-07-13T21:32:14.547398Z DEBUG gtk_status_bar::network: Sent network update label="\u{f091f} 28% \u{f0ac}"
2026-07-13T21:32:14+00:00 machine gtk-status-bar[1188]: 2026-07-13T21:32:14.547896Z DEBUG gtk_status_bar::widgets: Updating network label: 󰤟 28% 
2026-07-13T21:32:15+00:00 machine gtk-status-bar[1188]: 2026-07-13T21:32:15.002098Z DEBUG gtk_status_bar::widgets: Updating time label:  9:32 PM
2026-07-13T21:32:15+00:00 machine gtk-status-bar[1188]: 2026-07-13T21:32:15.529899Z  INFO gtk_status_bar::network: Network reachability probe completed target=198.51.100.1 success=false elapsed_ms=17
2026-07-13T21:32:15+00:00 machine gtk-status-bar[1188]: 2026-07-13T21:32:15.529946Z DEBUG gtk_status_bar::network: Sent network update label="\u{f091f} 28% \u{f0ac}"
2026-07-13T21:32:15+00:00 machine gtk-status-bar[1188]: 2026-07-13T21:32:15.541047Z DEBUG gtk_status_bar::widgets: Updating network label: 󰤟 28% 
2026-07-13T21:32:15+00:00 machine gtk-status-bar[1188]: 2026-07-13T21:32:15.749425Z DEBUG gtk_status_bar::dbus: Got an event in event stream: Msg { type: Signal, serial: 95, sender: UniqueName(":1.6"), path: ObjectPath("/org/bluez/hci0"), iface: InterfaceName("org.freedesktop.DBus.Properties"), member: MemberName("PropertiesChanged"), body: Structure(Dynamic { fields: [Str, Dict { key: Dynamic { child: Str }, value: Dynamic { child: Variant } }, Array(Dynamic { child: Str })] }), fds: [] }
2026-07-13T21:32:15+00:00 machine gtk-status-bar[1188]: 2026-07-13T21:32:15.749510Z DEBUG gtk_status_bar::dbus: Dbus monitor: Received D-Bus message from path: Some(ObjectPath("/org/bluez/hci0")), interface: Some(InterfaceName("org.freedesktop.DBus.Properties")), member: Some(MemberName("PropertiesChanged"))
2026-07-13T21:32:15+00:00 machine gtk-status-bar[1188]: 2026-07-13T21:32:15.749528Z  INFO gtk_status_bar::dbus: Dbus monitor: Received signal
2026-07-13T21:32:15+00:00 machine gtk-status-bar[1188]: 2026-07-13T21:32:15.749544Z  INFO gtk_status_bar::dbus: Dbus monitor: Received PropertiesChanged signal
2026-07-13T21:32:15+00:00 machine gtk-status-bar[1188]: 2026-07-13T21:32:15.749576Z DEBUG gtk_status_bar::dbus: Dbus monitor: Ignored PropertiesChanged for interface: "org.bluez.Adapter1"
2026-07-13T21:32:15+00:00 machine gtk-status-bar[1188]: 2026-07-13T21:32:15.980268Z  INFO gtk_status_bar::network: Network reachability probe completed target=198.51.100.1 success=false elapsed_ms=11
2026-07-13T21:32:15+00:00 machine gtk-status-bar[1188]: 2026-07-13T21:32:15.980312Z DEBUG gtk_status_bar::network: Sent network update label="\u{f091f} 28% \u{f0ac}"
2026-07-13T21:32:15+00:00 machine gtk-status-bar[1188]: 2026-07-13T21:32:15.993800Z DEBUG gtk_status_bar::widgets: Updating network label: 󰤟 28% 
2026-07-13T21:32:16+00:00 machine gtk-status-bar[1188]: 2026-07-13T21:32:16.001200Z DEBUG gtk_status_bar::dbus: Got an event in event stream: Msg { type: Signal, serial: 18, sender: UniqueName(":1.5"), path: ObjectPath("/org/freedesktop/UPower/devices/battery_BAT0"), iface: InterfaceName("org.freedesktop.DBus.Properties"), member: MemberName("PropertiesChanged"), body: Structure(Dynamic { fields: [Str, Dict { key: Dynamic { child: Str }, value: Dynamic { child: Variant } }, Array(Dynamic { child: Str })] }), fds: [] }
2026-07-13T21:32:16+00:00 machine gtk-status-bar[1188]: 2026-07-13T21:32:16.001270Z DEBUG gtk_status_bar::dbus: Dbus monitor: Received D-Bus message from path: Some(ObjectPath("/org/freedesktop/UPower/devices/battery_BAT0")), interface: Some(InterfaceName("org.freedesktop.DBus.Properties")), member: Some(MemberName("PropertiesChanged"))
2026-07-13T21:32:16+00:00 machine gtk-status-bar[1188]: 2026-07-13T21:32:16.001311Z  INFO gtk_status_bar::dbus: Dbus monitor: Received signal
2026-07-13T21:32:16+00:00 machine gtk-status-bar[1188]: 2026-07-13T21:32:16.001347Z  INFO gtk_status_bar::dbus: Dbus monitor: Received PropertiesChanged signal
2026-07-13T21:32:16+00:00 machine gtk-status-bar[1188]: 2026-07-13T21:32:16.001426Z  INFO gtk_status_bar::dbus: Battery is charging (state: 1)
2026-07-13T21:32:16+00:00 machine gtk-status-bar[1188]: 2026-07-13T21:32:16.001579Z DEBUG gtk_status_bar::dbus: Battery device properties contain no Percentage property
2026-07-13T21:32:16+00:00 machine gtk-status-bar[1188]: 2026-07-13T21:32:16.041159Z DEBUG gtk_status_bar::widgets: Updating battery label: ⚡ 42%
2026-07-13T21:32:16+00:00 machine gtk-status-bar[1188]: 2026-07-13T21:32:16.041296Z DEBUG gtk_status_bar::widgets: 👁️  SHOWING battery widget - data: ⚡ 42%
2026-07-13T21:32:16+00:00 machine gtk-status-bar[1188]: 2026-07-13T21:32:16.041402Z DEBUG gtk_status_bar::widgets: Updating time label:  9:32 PM
2026-07-13T21:32:17+00:00 machine gtk-status-bar[1188]: 2026-07-13T21:32:17.001679Z DEBUG gtk_status_bar::widgets: Updating time label:  9:32 PM
2026-07-13T21:32:17+00:00 machine gtk-status-bar[1188]: 2026-07-13T21:32:17.689598Z  INFO gtk_status_bar::network: Network reachability probe completed target=192.0.2.1 success=true elapsed_ms=19
2026-07-13T21:32:17+00:00 machine gtk-status-bar[1188]: 2026-07-13T21:32:17.689654Z DEBUG gtk_status_bar::network: Sent network update label="\u{f091f} 28% \u{f0ac}"
2026-07-13T21:32:17+00:00 machine gtk-status-bar[1188]: 2026-07-13T21:32:17.712426Z DEBUG gtk_status_bar::widgets: Updating network label: 󰤟 28% 
2026-07-13T21:32:18+00:00 machine gtk-status-bar[1188]: 2026-07-13T21:32:18.001613Z DEBUG gtk_status_bar::widgets: Updating time label:  9:32 PM
2026-07-13T21:32:18+00:00 machine gtk-status-bar[1188]: 2026-07-13T21:32:18.220898Z  INFO gtk_status_bar::network: Network reachability probe completed target=198.51.100.1 success=false elapsed_ms=13
2026-07-13T21:32:18+00:00 machine gtk-status-bar[1188]: 2026-07-13T21:32:18.221572Z DEBUG gtk_status_bar::network: Sent network update label="\u{f091f} 28% \u{f0ac}"
2026-07-13T21:32:18+00:00 machine gtk-status-bar[1188]: 2026-07-13T21:32:18.234574Z DEBUG gtk_status_bar::widgets: Updating network label: 󰤟 28% 
2026-07-13T21:32:18+00:00 machine gtk-status-bar[1188]: 2026-07-13T21:32:18.700721Z DEBUG gtk_status_bar::dbus: Got an event in event stream: Msg { type: Signal, serial: 22, sender: UniqueName(":1.5"), path: ObjectPath("/org/freedesktop/UPower/devices/battery_BAT0"), iface: InterfaceName("org.freedesktop.DBus.Properties"), member: MemberName("PropertiesChanged"), body: Structure(Dynamic { fields: [Str, Dict { key: Dynamic { child: Str }, value: Dynamic { child: Variant } }, Array(Dynamic { child: Str })] }), fds: [] }
2026-07-13T21:32:18+00:00 machine gtk-status-bar[1188]: 2026-07-13T21:32:18.700763Z DEBUG gtk_status_bar::dbus: Dbus monitor: Received D-Bus message from path: Some(ObjectPath("/org/freedesktop/UPower/devices/battery_BAT0")), interface: Some(InterfaceName("org.freedesktop.DBus.Properties")), member: Some(MemberName("PropertiesChanged"))
2026-07-13T21:32:18+00:00 machine gtk-status-bar[1188]: 2026-07-13T21:32:18.700781Z  INFO gtk_status_bar::dbus: Dbus monitor: Received signal
2026-07-13T21:32:18+00:00 machine gtk-status-bar[1188]: 2026-07-13T21:32:18.700796Z  INFO gtk_status_bar::dbus: Dbus monitor: Received PropertiesChanged signal
2026-07-13T21:32:18+00:00 machine gtk-status-bar[1188]: 2026-07-13T21:32:18.700831Z DEBUG gtk_status_bar::dbus: Battery device properties contain no State property
2026-07-13T21:32:18+00:00 machine gtk-status-bar[1188]: 2026-07-13T21:32:18.700847Z  INFO gtk_status_bar::dbus: Battery percentage changed to 20.0%
2026-07-13T21:32:18+00:00 machine gtk-status-bar[1188]: 2026-07-13T21:32:18.700879Z DEBUG gtk_status_bar::dbus: Got an event in event stream: Msg { type: Signal, serial: 23, sender: UniqueName(":1.5"), path: ObjectPath("/org/freedesktop/UPower/devices/battery_BAT0"), iface: InterfaceName("org.freedesktop.DBus.Properties"), member: MemberName("PropertiesChanged"), body: Structure(Dynamic { fields: [Str, Dict { key: Dynamic { child: Str }, value: Dynamic { child: Variant } }, Array(Dynamic { child: Str })] }), fds: [] }
2026-07-13T21:32:18+00:00 machine gtk-status-bar[1188]: 2026-07-13T21:32:18.700899Z DEBUG gtk_status_bar::dbus: Dbus monitor: Received D-Bus message from path: Some(ObjectPath("/org/freedesktop/UPower/devices/battery_BAT0")), interface: Some(InterfaceName("org.freedesktop.DBus.Properties")), member: Some(MemberName("PropertiesChanged"))
2026-07-13T21:32:18+00:00 machine gtk-status-bar[1188]: 2026-07-13T21:32:18.700915Z  INFO gtk_status_bar::dbus: Dbus monitor: Received signal
2026-07-13T21:32:18+00:00 machine gtk-status-bar[1188]: 2026-07-13T21:32:18.700929Z  INFO gtk_status_bar::dbus: Dbus monitor: Received PropertiesChanged signal
2026-07-13T21:32:18+00:00 machine gtk-status-bar[1188]: 2026-07-13T21:32:18.700950Z  INFO gtk_status_bar::dbus: Battery is discharging (state: 2)
2026-07-13T21:32:18+00:00 machine gtk-status-bar[1188]: 2026-07-13T21:32:18.700965Z DEBUG gtk_status_bar::dbus: Battery device properties contain no Percentage property
2026-07-13T21:32:18+00:00 machine gtk-status-bar[1188]: 2026-07-13T21:32:18.701045Z DEBUG gtk_status_bar::widgets: Updating battery label: ⚡ 20%
2026-07-13T21:32:18+00:00 machine gtk-status-bar[1188]: 2026-07-13T21:32:18.701159Z DEBUG gtk_status_bar::widgets: 👁️  SHOWING battery widget - data: ⚡ 20%
2026-07-13T21:32:18+00:00 machine gtk-status-bar[1188]: 2026-07-13T21:32:18.701180Z DEBUG gtk_status_bar::widgets: Updating battery label: 🪫 20%
2026-07-13T21:32:18+00:00 machine gtk-status-bar[1188]: 2026-07-13T21:32:18.701204Z DEBUG gtk_status_bar::widgets: 👁️  SHOWING battery widget - data: 🪫 20%
2026-07-13T21:32:18+00:00 machine gtk-status-bar[1188]: 2026-07-13T21:32:18.846039Z  INFO gtk_status_bar::network: Network reachability probe completed target=192.0.2.1 success=true elapsed_ms=16
2026-07-13T21:32:18+00:00 machine gtk-status-bar[1188]: 2026-07-13T21:32:18.846094Z DEBUG gtk_status_bar::network: Sent network update label="\u{f091f} 28% \u{f0ac}"
2026-07-13T21:32:18+00:00 machine gtk-status-bar[1188]: 2026-07-13T21:32:18.846247Z DEBUG gtk_status_bar::widgets: Updating network label: 󰤟 28% 
2026-07-13T21:32:19+00:00 machine gtk-status-bar[1188]: 2026-07-13T21:32:19.001113Z DEBUG gtk_status_bar::widgets: Updating time label:  9:32 PM
2026-07-13T21:32:20+00:00 machine gtk-status-bar[1188]: 2026-07-13T21:32:20.002048Z DEBUG gtk_status_bar::widgets: Updating time label:  9:32 PM
2026-07-13T21:32:20+00:00 machine gtk-status-bar[1188]: 2026-07-13T21:32:20.034722Z  INFO gtk_status_bar::network: Network reachability probe completed target=192.0.2.1 success=true elapsed_ms=22
2026-07-13T21:32:20+00:00 machine gtk-status-bar[1188]: 2026-07-13T21:32:20.034816Z DEBUG gtk_status_bar::network: Sent network update label="\u{f091f} 28% \u{f0ac}"
2026-07-13T21:32:20+00:00 machine gtk-status-bar[1188]: 2026-07-13T21:32:20.057930Z DEBUG gtk_status_bar::widgets: Updating network label: 󰤟 28% 
2026-07-13T21:32:21+00:00 machine gtk-status-bar[1188]: 2026-07-13T21:32:21.003098Z DEBUG gtk_status_bar::widgets: Updating time label:  9:32 PM
2026-07-13T21:32:21+00:00 machine gtk-status-bar[1188]: 2026-07-13T21:32:21.445113Z  INFO gtk_status_bar::network: Network reachability probe completed target=198.51.100.1 success=false elapsed_ms=20
2026-07-13T21:32:21+00:00 machine gtk-status-bar[1188]: 2026-07-13T21:32:21.445203Z DEBUG gtk_status_bar::network: Sent network update label="\u{f091f} 28% \u{f0ac}"
2026-07-13T21:32:21+00:00 machine gtk-status-bar[1188]: 2026-07-13T21:32:21.445369Z DEBUG gtk_status_bar::widgets: Updating network label: 󰤟 28% 
2026-07-13T21:32:22+00:00 machine gtk-status-bar[1188]: 2026-07-13T21:32:22.001938Z DEBUG gtk_status_bar::widgets: Updating time label:  9:32 PM
2026-07-13T21:32:22+00:00 machine gtk-status-bar[1188]: 2026-07-13T21:32:22.421722Z DEBUG gtk_status_bar::dbus: Got an event in event stream: Msg { type: Signal, serial: 27, sender: UniqueName(":1.5"), path: ObjectPath("/org/freedesktop/UPower/devices/battery_BAT0"), iface: InterfaceName("org.freedesktop.DBus.Properties"), member: MemberName("PropertiesChanged"), body: Structure(Dynamic { fields: [Str, Dict { key: Dynamic { child: Str }, value: Dynamic { child: Variant } }, Array(Dynamic { child: Str })] }), fds: [] }
2026-07-13T21:32:22+00:00 machine gtk-status-bar[1188]: 2026-07-13T21:32:22.421761Z DEBUG gtk_status_bar::dbus: Dbus monitor: Received D-Bus message from path: Some(ObjectPath("/org/freedesktop/UPower/devices/battery_BAT0")), interface: Some(InterfaceName("org.freedesktop.DBus.Properties")), member: Some(MemberName("PropertiesChanged"))
2026-07-13T21:32:22+00:00 machine gtk-status-bar[1188]: 2026-07-13T21:32:22.421782Z  INFO gtk_status_bar::dbus: Dbus monitor: Received signal
2026-07-13T21:32:22+00:00 machine gtk-status-bar[1188]: 2026-07-13T21:32:22.421800Z  INFO gtk_status_bar::dbus: Dbus monitor: Received PropertiesChanged signal
2026-07-13T21:32:22+00:00 machine gtk-status-bar[1188]: 2026-07-13T21:32:22.421835Z DEBUG gtk_status_bar::dbus: Battery device properties contain no State property
2026-07-13T21:32:22+00:00 machine gtk-status-bar[1188]: 2026-07-13T21:32:22.421854Z  INFO gtk_status_bar::dbus: Battery percentage changed to 100.0%
2026-07-13T21:32:22+00:00 machine gtk-status-bar[1188]: 2026-07-13T21:32:22.421888Z DEBUG gtk_status_bar::dbus: Got an event in event stream: Msg { type: Signal, serial: 28, sender: UniqueName(":1.5"), path: ObjectPath("/org/freedesktop/UPower/devices/battery_BAT0"), iface: InterfaceName("org.freedesktop.DBus.Properties"), member: MemberName("PropertiesChanged"), body: Structure(Dynamic { fields: [Str, Dict { key: Dynamic { child: Str }, value: Dynamic { child: Variant } }, Array(Dynamic { child: Str })] }), fds: [] }
2026-07-13T21:32:22+00:00 machine gtk-status-bar[1188]: 2026-07-13T21:32:22.421911Z DEBUG gtk_status_bar::dbus: Dbus monitor: Received D-Bus message from path: Some(ObjectPath("/org/freedesktop/UPower/devices/battery_BAT0")), interface: Some(InterfaceName("org.freedesktop.DBus.Properties")), member: Some(MemberName("PropertiesChanged"))
2026-07-13T21:32:22+00:00 machine gtk-status-bar[1188]: 2026-07-13T21:32:22.421930Z  INFO gtk_status_bar::dbus: Dbus monitor: Received signal
2026-07-13T21:32:22+00:00 machine gtk-status-bar[1188]: 2026-07-13T21:32:22.421947Z  INFO gtk_status_bar::dbus: Dbus monitor: Received PropertiesChanged signal
2026-07-13T21:32:22+00:00 machine gtk-status-bar[1188]: 2026-07-13T21:32:22.421973Z  INFO gtk_status_bar::dbus: Battery is fully charged (state: 4)
2026-07-13T21:32:22+00:00 machine gtk-status-bar[1188]: 2026-07-13T21:32:22.421991Z DEBUG gtk_status_bar::dbus: Battery device properties contain no Percentage property
2026-07-13T21:32:22+00:00 machine gtk-status-bar[1188]: 2026-07-13T21:32:22.422033Z DEBUG gtk_status_bar::widgets: Updating battery label: 🔋 100%
2026-07-13T21:32:22+00:00 machine gtk-status-bar[1188]: 2026-07-13T21:32:22.422130Z DEBUG gtk_status_bar::widgets: 👁️  SHOWING battery widget - data: 🔋 100%
2026-07-13T21:32:22+00:00 machine gtk-status-bar[1188]: 2026-07-13T21:32:22.422149Z DEBUG gtk_status_bar::widgets: Updating battery label: 🔌 100%
2026-07-13T21:32:22+00:00 machine gtk-status-bar[1188]: 2026-07-13T21:32:22.422170Z DEBUG gtk_status_bar::widgets: 👁️  SHOWING battery widget - data: 🔌 100%
2026-07-13T21:32:22+00:00 machine gtk-status-bar[1188]: 2026-07-13T21:32:22.588250Z  INFO gtk_status_bar::network: Network reachability probe completed target=198.51.100.1 success=false elapsed_ms=10
2026-07-13T21:32:22+00:00 machine gtk-status-bar[1188]: 2026-07-13T21:32:22.588291Z DEBUG gtk_status_bar::network: Sent network update label="\u{f091f} 28% \u{f0ac}"
2026-07-13T21:32:22+00:00 machine gtk-status-bar[1188]: 2026-07-13T21:32:22.588438Z DEBUG gtk_status_bar::widgets: Updating network label: 󰤟 28% 
2026-07-13T21:32:23+00:00 machine gtk-status-bar[1188]: 2026-07-13T21:32:23.001776Z DEBUG gtk_status_bar::widgets: Updating time label:  9:32 PM
2026-07-13T21:32:23+00:00 machine gtk-status-bar[1188]: 2026-07-13T21:32:23.264213Z  INFO gtk_status_bar::network: Network reachability probe completed target=192.0.2.1 success=true elapsed_ms=25
2026-07-13T21:32:23+00:00 machine gtk-status-bar[1188]: 2026-07-13T21:32:23.264253Z DEBUG gtk_status_bar::network: Sent network update label="\u{f091f} 28% \u{f0ac}"
2026-07-13T21:32:23+00:00 machine gtk-status-bar[1188]: 2026-07-13T21:32:23.264506Z DEBUG gtk_status_bar::widgets: Updating network label: 󰤟 28% 
2026-07-13T21:32:24+00:00 machine gtk-status-bar[1188]: 2026-07-13T21:32:24.001957Z DEBUG gtk_status_bar::widgets: Updating time label:  9:32 PM
2026-07-13T21:32:24+00:00 machine gtk-status-bar[1188]: 2026-07-13T21:32:24.855880Z  INFO gtk_status_bar::network: Network reachability probe completed target=198.51.100.1 success=false elapsed_ms=9
2026-07-13T21:32:24+00:00 machine gtk-status-bar[1188]: 2026-07-13T21:32:24.855942Z DEBUG gtk_status_bar::network: Sent network update label="\u{f091f} 28% \u{f0ac}"
2026-07-13T21:32:24+00:00 machine gtk-status-bar[1188]: 2026-07-13T21:32:24.856092Z DEBUG gtk_status_bar::widgets: Updating network label: 󰤟 28% 
2026-07-13T21:32:25+00:00 machine gtk-status-bar[1188]: 2026-07-13T21:32:25.001387Z DEBUG gtk_status_bar::widgets: Updating time label:  9:32 PM
2026-07-13T21:32:25+00:00 machine gtk-status-bar[1188]: 2026-07-13T21:32:25.251231Z DEBUG gtk_status_bar::dbus: Got an event in event stream: Msg { type: Signal, serial: 32, sender: UniqueName(":1.5"), path: ObjectPath("/org/freedesktop/UPower/devices/battery_BAT0"), iface: InterfaceName("org.freedesktop.DBus.Properties"), member: MemberName("PropertiesChanged"), body: Structure(Dynamic { fields: [Str, Dict { key: Dynamic { child: Str }, value: Dynamic { child: Variant } }, Array(Dynamic { child: Str })] }), fds: [] }
2026-07-13T21:32:25+00:00 machine gtk-status-bar[1188]: 2026-07-13T21:32:25.251269Z DEBUG gtk_status_bar::dbus: Dbus monitor: Received D-Bus message from path: Some(ObjectPath("/org/freedesktop/UPower/devices/battery_BAT0")), interface: Some(InterfaceName("org.freedesktop.DBus.Properties")), member: Some(MemberName("PropertiesChanged"))
2026-07-13T21:32:25+00:00 machine gtk-status-bar[1188]: 2026-07-13T21:32:25.251286Z  INFO gtk_status_bar::dbus: Dbus monitor: Received signal
2026-07-13T21:32:25+00:00 machine gtk-status-bar[1188]: 2026-07-13T21:32:25.251301Z  INFO gtk_status_bar::dbus: Dbus monitor: Received PropertiesChanged signal
2026-07-13T21:32:25+00:00 machine gtk-status-bar[1188]: 2026-07-13T21:32:25.251334Z DEBUG gtk_status_bar::dbus: Battery device properties contain no State property
2026-07-13T21:32:25+00:00 machine gtk-status-bar[1188]: 2026-07-13T21:32:25.251349Z  INFO gtk_status_bar::dbus: Battery percentage changed to 79.5%
2026-07-13T21:32:25+00:00 machine gtk-status-bar[1188]: 2026-07-13T21:32:25.251569Z DEBUG gtk_status_bar::widgets: Updating battery label: 🔌 80%
2026-07-13T21:32:25+00:00 machine gtk-status-bar[1188]: 2026-07-13T21:32:25.251657Z DEBUG gtk_status_bar::widgets: 👁️  SHOWING battery widget - data: 🔌 80%
2026-07-13T21:32:25+00:00 machine gtk-status-bar[1188]: 2026-07-13T21:32:25.251764Z DEBUG gtk_status_bar::dbus: Got an event in event stream: Msg { type: Signal, serial: 33, sender: UniqueName(":1.5"), path: ObjectPath("/org/freedesktop/UPower/devices/battery_BAT0"), iface: InterfaceName("org.freedesktop.DBus.Properties"), member: MemberName("PropertiesChanged"), body: Structure(Dynamic { fields: [Str, Dict { key: Dynamic { child: Str }, value: Dynamic { child: Variant } }, Array(Dynamic { child: Str })] }), fds: [] }
2026-07-13T21:32:25+00:00 machine gtk-status-bar[1188]: 2026-07-13T21:32:25.251783Z DEBUG gtk_status_bar::dbus: Dbus monitor: Received D-Bus message from path: Some(ObjectPath("/org/freedesktop/UPower/devices/battery_BAT0")), interface: Some(InterfaceName("org.freedesktop.DBus.Properties")), member: Some(MemberName("PropertiesChanged"))
2026-07-13T21:32:25+00:00 machine gtk-status-bar[1188]: 2026-07-13T21:32:25.251798Z  INFO gtk_status_bar::dbus: Dbus monitor: Received signal
2026-07-13T21:32:25+00:00 machine gtk-status-bar[1188]: 2026-07-13T21:32:25.251812Z  INFO gtk_status_bar::dbus: Dbus monitor: Received PropertiesChanged signal
2026-07-13T21:32:25+00:00 machine gtk-status-bar[1188]: 2026-07-13T21:32:25.251832Z  INFO gtk_status_bar::dbus: Battery is discharging (state: 2)
2026-07-13T21:32:25+00:00 machine gtk-status-bar[1188]: 2026-07-13T21:32:25.251847Z DEBUG gtk_status_bar::dbus: Battery device properties contain no Percentage property
2026-07-13T21:32:25+00:00 machine gtk-status-bar[1188]: 2026-07-13T21:32:25.252037Z DEBUG gtk_status_bar::widgets: Updating battery label: 🔋 80%
2026-07-13T21:32:25+00:00 machine gtk-status-bar[1188]: 2026-07-13T21:32:25.252061Z DEBUG gtk_status_bar::widgets: 👁️  SHOWING battery widget - data: 🔋 80%
2026-07-13T21:32:25+00:00 machine gtk-status-bar[1188]: 2026-07-13T21:32:25.787734Z  INFO gtk_status_bar::network: Network reachability probe completed target=192.0.2.1 success=true elapsed_ms=15
2026-07-13T21:32:25+00:00 machine gtk-status-bar[1188]: 2026-07-13T21:32:25.787823Z DEBUG gtk_status_bar::network: Sent network update label="\u{f091f} 28% \u{f0ac}"
2026-07-13T21:32:25+00:00 machine gtk-status-bar[1188]: 2026-07-13T21:32:25.788300Z DEBUG gtk_status_bar::widgets: Updating network label: 󰤟 28% 
2026-07-13T21:32:25+00:00 machine gtk-status-bar[1188]: 2026-07-13T21:32:25.883117Z  INFO gtk_status_bar::network: Network reachability probe completed target=192.0.2.1 success=true elapsed_ms=14
2026-07-13T21:32:25+00:00 machine gtk-status-bar[1188]: 2026-07-13T21:32:25.883168Z DEBUG gtk_status_bar::network: Sent network update label="\u{f091f} 28% \u{f0ac}"
2026-07-13T21:32:25+00:00 machine gtk-status-bar[1188]: 2026-07-13T21:32:25.883329Z DEBUG gtk_status_bar::widgets: Updating network label: 󰤟 28% 
2026-07-13T21:32:26+00:00 machine gtk-status-bar[1188]: 2026-07-13T21:32:26.001113Z DEBUG gtk_status_bar::widgets: Updating time label:  9:32 PM
2026-07-13T21:32:27+00:00 machine gtk-status-bar[1188]: 2026-07-13T21:32:27.003338Z DEBUG gtk_status_bar::widgets: Updating time label:  9:32 PM
2026-07-13T21:32:27+00:00 machine gtk-status-bar[1188]: 2026-07-13T21:32:27.208142Z  INFO gtk_status_bar::network: Network reachability probe completed target=198.51.100.1 success=false elapsed_ms=21
2026-07-13T21:32:27+00:00 machine gtk-status-bar[1188]: 2026-07-13T21:32:27.208242Z DEBUG gtk_status_bar::network: Sent network update label="\u{f091f} 28% \u{f0ac}"
2026-07-13T21:32:27+00:00 machine gtk-status-bar[1188]: 2026-07-13T21:32:27.208961Z DEBUG gtk_status_bar::widgets: Updating network label: 󰤟 28% 
2026-07-13T21:32:27+00:00 machine gtk-status-bar[1188]: 2026-07-13T21:32:27.331224Z  INFO gtk_status_bar::network: Network reachability probe completed target=192.0.2.1 success=true elapsed_ms=18
2026-07-13T21:32:27+00:00 machine gtk-status-bar[1188]: 2026-07-13T21:32:27.331305Z DEBUG gtk_status_bar::network: Sent network update label="\u{f091f} 28% \u{f0ac}"
2026-07-13T21:32:27+00:00 machine gtk-status-bar[1188]: 2026-07-13T21:32:27.331521Z DEBUG gtk_status_bar::widgets: Updating network label: 󰤟 28% 
2026-07-13T21:32:28+00:00 machine gtk-status-bar[1188]: 2026-07-13T21:32:28.000788Z DEBUG gtk_status_bar::widgets: Updating time label:  9:32 PM
2026-07-13T21:32:28+00:00 machine gtk-status-bar[1188]: 2026-07-13T21:32:28.886125Z  INFO gtk_status_bar::network: Network reachability probe completed target=198.51.100.1 success=false elapsed_ms=19
2026-07-13T21:32:28+00:00 machine gtk-status-bar[1188]: 2026-07-13T21:32:28.886217Z DEBUG gtk_status_bar::network: Sent network update label="\u{f091f} 28% \u{f0ac}"
2026-07-13T21:32:28+00:00 machine gtk-status-bar[1188]: 2026-07-13T21:32:28.886733Z DEBUG gtk_status_bar::widgets: Updating network label: 󰤟 28% 
2026-07-13T21:32:29+00:00 machine gtk-status-bar[1188]: 2026-07-13T21:32:29.001774Z DEBUG gtk_status_bar::widgets: Updating time label:  9:32 PM
2026-07-13T21:32:29+00:00 machine gtk-status-bar[1188]: 2026-07-13T21:32:29.650399Z  INFO gtk_status_bar::network: Network reachability probe completed target=192.0.2.1 success=true elapsed_ms=23
2026-07-13T21:32:29+00:00 machine gtk-status-bar[1188]: 2026-07-13T21:32:29.650559Z DEBUG gtk_status_bar::network: Sent network update label="\u{f091f} 28% \u{f0ac}"
2026-07-13T21:32:29+00:00 machine gtk-status-bar[1188]: 2026-07-13T21:32:29.650820Z DEBUG gtk_status_bar::widgets: Updating network label: 󰤟 28% 
2026-07-13T21:32:30+00:00 machine gtk-status-bar[1188]: 2026-07-13T21:32:30.002080Z DEBUG gtk_status_bar::widgets: Updating time label:  9:32 PM
2026-07-13T21:32:30+00:00 machine gtk-status-bar[1188]: 2026-07-13T21:32:30.558564Z DEBUG gtk_status_bar::dbus: Got an event in event stream: Msg { type: Signal, serial: 108, sender: UniqueName(":1.6"), path: ObjectPath("/"), iface: InterfaceName("org.freedesktop.DBus.ObjectManager"), member: MemberName("InterfacesAdded"), body: Structure(Dynamic { fields: [ObjectPath, Dict { key: Dynamic { child: Str }, value: Dynamic { child: Dict { key: Dynamic { child: Str }, value: Dynamic { child: Variant } } } }] }), fds: [] }
2026-07-13T21:32:30+00:00 machine gtk-status-bar[1188]: 2026-07-13T21:32:30.558605Z DEBUG gtk_status_bar::dbus: Dbus monitor: Received D-Bus message from path: Some(ObjectPath("/")), interface: Some(InterfaceName("org.freedesktop.DBus.ObjectManager")), member: Some(MemberName("InterfacesAdded"))
2026-07-13T21:32:30+00:00 machine gtk-status-bar[1188]: 2026-07-13T21:32:30.558627Z  INFO gtk_status_bar::dbus: Dbus monitor: Received signal
2026-07-13T21:32:30+00:00 machine gtk-status-bar[1188]: 2026-07-13T21:32:30.558653Z  INFO gtk_status_bar::dbus: Dbus monitor: Received InterfacesAdded signal from ObjectManager
2026-07-13T21:32:30+00:00 machine gtk-status-bar[1188]: 2026-07-13T21:32:30.558720Z DEBUG gtk_status_bar::dbus: Available interfaces in InterfacesAdded: [Str("org.bluez.Device1")]
2026-07-13T21:32:30+00:00 machine gtk-status-bar[1188]: 2026-07-13T21:32:30.558766Z DEBUG gtk_status_bar::dbus: Found Device1 interface properties: Dict { map: {Str("Adapter"): Value(ObjectPath(ObjectPath("/org/bluez/hci0"))), Str("Address"): Value(Str("AA:BB:CC:DD:EE:03")), Str("AddressType"): Value(Str("public")), Str("AdvertisingData"): Value(Array(Array { elements: [], signature: Array(Dynamic { child: Dict { key: Dynamic { child: U8 }, value: Dynamic { child: Variant } } }) })), Str("AdvertisingFlags"): Value(Array(Array { elements: [], signature: Array(Dynamic { child: Array(Dynamic { child: U8 }) }) })), Str("Alias"): Value(Str("🎧 Sony")), Str("Appearance"): Value(U16(0)), Str("Blocked"): Value(Bool(false)), Str("Class"): Value(U32(5898764)), Str("Connected"): Value(Bool(false)), Str("Icon"): Value(Str("phone")), Str("LegacyPairing"): Value(Bool(false)), Str("ManufacturerData"): Value(Array(Array { elements: [], signature: Array(Dynamic { child: Dict { key: Dynamic { child: U16 }, value: Dynamic { child: Variant } } }) })), Str("Modalias"): Value(Str("bluetooth:v000Fp1200d1436")), Str("Name"): Value(Str("🎧 Sony")), Str("Paired"): Value(Bool(false)), Str("RSSI"): Value(I16(-79)), Str("ServiceData"): Value(Array(Array { elements: [], signature: Array(Dynamic { child: Dict { key: Dynamic { child: Str }, value: Dynamic { child: Variant } } }) })), Str("ServicesResolved"): Value(Bool(false)), Str("Trusted"): Value(Bool(false)), Str("TxPower"): Value(I16(0)), Str("UUIDs"): Value(Array(Array { elements: [], signature: Array(Dynamic { child: Str }) })), Str("WakeAllowed"): Value(Bool(false))}, signature: Dict { key: Dynamic { child: Str }, value: Dynamic { child: Variant } } }
2026-07-13T21:32:30+00:00 machine gtk-status-bar[1188]: 2026-07-13T21:32:30.558796Z DEBUG gtk_status_bar::dbus: Found Bluetooth device name: 🎧 Sony
2026-07-13T21:32:30+00:00 machine gtk-status-bar[1188]: 2026-07-13T21:32:30.558832Z  INFO gtk_status_bar::dbus: Created new device /org/bluez/hci0/dev_AA_BB_CC_DD_EE_03 with name: Some("🎧 Sony")
2026-07-13T21:32:30+00:00 machine gtk-status-bar[1188]: 2026-07-13T21:32:30.558854Z DEBUG gtk_status_bar::dbus: Not a device with org.bluez.Battery1 interface
2026-07-13T21:32:30+00:00 machine gtk-status-bar[1188]: 2026-07-13T21:32:30.562842Z DEBUG gtk_status_bar::widgets: Updating Bluetooth battery label: P80
2026-07-13T21:32:30+00:00 machine gtk-status-bar[1188]: 2026-07-13T21:32:30.562898Z DEBUG gtk_status_bar::widgets: 👁️  SHOWING Bluetooth widget - data: P80
2026-07-13T21:32:30+00:00 machine gtk-status-bar[1188]: 2026-07-13T21:32:30.924683Z  INFO gtk_status_bar::network: Network reachability probe completed target=198.51.100.1 success=false elapsed_ms=11
2026-07-13T21:32:30+00:00 machine gtk-status-bar[1188]: 2026-07-13T21:32:30.924729Z DEBUG gtk_status_bar::network: Sent network update label="\u{f091f} 28% \u{f0ac}"
2026-07-13T21:32:30+00:00 machine gtk-status-bar[1188]: 2026-07-13T21:32:30.935288Z DEBUG gtk_status_bar::widgets: Updating network label: 󰤟 28% 
2026-07-13T21:32:31+00:00 machine gtk-status-bar[1188]: 2026-07-13T21:32:31.001526Z DEBUG gtk_status_bar::widgets: Updating time label:  9:32 PM
2026-07-13T21:32:31+00:00 machine gtk-status-bar[2924]: 2026-07-13T21:32:31.189777Z  INFO gtk_status_bar: Starting GTK status bar application
2026-07-13T21:32:31+00:00 machine gtk-status-bar[2924]: 2026-07-13T21:32:31.192906Z  INFO gtk_status_bar: Running GTK application
2026-07-13T21:32:32+00:00 machine gtk-status-bar[2924]: 2026-07-13T21:32:32.950763Z  INFO gtk_status_bar: Activating GTK application
2026-07-13T21:32:32+00:00 machine gtk-status-bar[2924]: 2026-07-13T21:32:32.954437Z DEBUG gtk_status_bar::widgets: Loading CSS styles
2026-07-13T21:32:32+00:00 machine gtk-status-bar[2924]: 2026-07-13T21:32:32.957767Z  INFO gtk_status_bar::widgets: CSS styles loaded successfully
2026-07-13T21:32:32+00:00 machine gtk-status-bar[2924]: 2026-07-13T21:32:32.957799Z DEBUG gtk_status_bar::widgets: Configuring layer shell
2026-07-13T21:32:32+00:00 machine gtk-status-bar[2924]: 2026-07-13T21:32:32.967002Z  INFO gtk_status_bar::widgets: Layer shell configured successfully
2026-07-13T21:32:32+00:00 machine gtk-status-bar[2924]: 2026-07-13T21:32:32.967040Z DEBUG gtk_status_bar::widgets: Creating experimental bar
2026-07-13T21:32:32+00:00 machine gtk-status-bar[2924]: 2026-07-13T21:32:32.967162Z DEBUG gtk_status_bar::widgets: Creating left group
2026-07-13T21:32:32+00:00 machine gtk-status-bar[2924]: 2026-07-13T21:32:32.967193Z DEBUG gtk_status_bar::widgets: Creating workspace widget
2026-07-13T21:32:32+00:00 machine gtk-status-bar[2924]: 2026-07-13T21:32:32.979672Z DEBUG gtk_status_bar::widgets: Creating workspace client strip
2026-07-13T21:32:32+00:00 machine gtk-status-bar[2924]: 2026-07-13T21:32:32.979867Z DEBUG gtk_status_bar::widgets: Creating right group
2026-07-13T21:32:32+00:00 machine gtk-status-bar[2924]: 2026-07-13T21:32:32.979908Z DEBUG gtk_status_bar::widgets: Creating system tray widget
2026-07-13T21:32:32+00:00 machine gtk-status-bar[2924]: 2026-07-13T21:32:32.979938Z DEBUG gtk_status_bar::widgets: Creating bluetooth widget
2026-07-13T21:32:32+00:00 machine gtk-status-bar[2924]: 2026-07-13T21:32:32.979979Z DEBUG gtk_status_bar::widgets: Creating volume widget
2026-07-13T21:32:32+00:00 machine gtk-status-bar[2924]: 2026-07-13T21:32:32.980021Z DEBUG gtk_status_bar::widgets: Creating network widget
2026-07-13T21:32:32+00:00 machine gtk-status-bar[2924]: 2026-07-13T21:32:32.980063Z DEBUG gtk_status_bar::widgets: Creating battery widget
2026-07-13T21:32:32+00:00 machine gtk-status-bar[2924]: 2026-07-13T21:32:32.980111Z DEBUG gtk_status_bar::widgets: Creating time widget
2026-07-13T21:32:33+00:00 machine gtk-status-bar[2924]: 2026-07-13T21:32:33.681081Z DEBUG gtk_status_bar::widgets: Setting up time widget updates
2026-07-13T21:32:33+00:00 machine gtk-status-bar[2924]: 2026-07-13T21:32:33.681148Z DEBUG gtk_status_bar::widgets: Updating time label:  9:32 PM
2026-07-13T21:32:33+00:00 machine gtk-status-bar[2924]: 2026-07-13T21:32:33.681197Z DEBUG gtk_status_bar::widgets: Setting up system tray updates
2026-07-13T21:32:33+00:00 machine gtk-status-bar[2924]: 2026-07-13T21:32:33.681244Z DEBUG gtk_status_bar::widgets: Setting up workspace updates
2026-07-13T21:32:33+00:00 machine gtk-status-bar[2924]: 2026-07-13T21:32:33.681285Z DEBUG gtk_status_bar::widgets: Setting up workspace client updates
2026-07-13T21:32:33+00:00 machine gtk-status-bar[2924]: 2026-07-13T21:32:33.681327Z DEBUG gtk_status_bar::widgets: Setting up battery updates
2026-07-13T21:32:33+00:00 machine gtk-status-bar[2924]: 2026-07-13T21:32:33.681366Z DEBUG gtk_status_bar::widgets: Setting up Bluetooth battery updates
2026-07-13T21:32:33+00:00 machine gtk-status-bar[2924]: 2026-07-13T21:32:33.681406Z DEBUG gtk_status_bar::widgets: Setting up network updates
2026-07-13T21:32:33+00:00 machine gtk-status-bar[2924]: 2026-07-13T21:32:33.681447Z DEBUG gtk_status_bar::widgets: Setting up volume updates with tokio async channels
2026-07-13T21:32:33+00:00 machine gtk-status-bar[2924]: 2026-07-13T21:32:33.681690Z  INFO gtk_status_bar: Application activated successfully
2026-07-13T21:32:33+00:00 machine gtk-status-bar[2924]: 2026-07-13T21:32:33.681733Z DEBUG gtk_status_bar::pw: 🔧 Initializing PipeWire on dedicated thread...
2026-07-13T21:32:33+00:00 machine gtk-status-bar[2924]: 2026-07-13T21:32:33.681766Z DEBUG gtk_status_bar::pw: 📋 Created device tracking HashMap for (node_name, description, volume, channel, mute)
2026-07-13T21:32:33+00:00 machine gtk-status-bar[2924]: 2026-07-13T21:32:33.682227Z DEBUG gtk_status_bar::widgets: 🚀 Starting async volume update loop...
2026-07-13T21:32:33+00:00 machine gtk-status-bar[2924]: 2026-07-13T21:32:33.685585Z DEBUG gtk_status_bar::pw: ✅ PipeWire initialized
2026-07-13T21:32:33+00:00 machine gtk-status-bar[2924]: 2026-07-13T21:32:33.685665Z DEBUG gtk_status_bar::pw: ✅ ThreadLoop created
2026-07-13T21:32:33+00:00 machine gtk-status-bar[2924]: 2026-07-13T21:32:33.692398Z DEBUG gtk_status_bar::widgets: Pinning bar height to font-derived line height char_height=18 multiplier=1.4 pinned=25
2026-07-13T21:32:33+00:00 machine gtk-status-bar[2924]: 2026-07-13T21:32:33.762214Z  INFO gtk_status_bar::hypr: 🔌 Starting workspace event listener
2026-07-13T21:32:33+00:00 machine gtk-status-bar[2924]: 2026-07-13T21:32:33.765884Z DEBUG gtk_status_bar::hypr: Setting up workspace event listener
2026-07-13T21:32:33+00:00 machine gtk-status-bar[2924]: 2026-07-13T21:32:33.770117Z  INFO gtk_status_bar::hypr: 🔌 Starting title event listener
2026-07-13T21:32:33+00:00 machine gtk-status-bar[2924]: 2026-07-13T21:32:33.770140Z DEBUG gtk_status_bar::hypr: Setting up title event listener
2026-07-13T21:32:33+00:00 machine gtk-status-bar[2924]: 2026-07-13T21:32:33.770220Z  INFO gtk_status_bar::network: Starting network monitor
2026-07-13T21:32:33+00:00 machine gtk-status-bar[2924]: 2026-07-13T21:32:33.762847Z  INFO gtk_status_bar::dbus: 🔌 Starting D-Bus monitor
2026-07-13T21:32:33+00:00 machine gtk-status-bar[2924]: 2026-07-13T21:32:33.763690Z  INFO gtk_status_bar: Starting tray IPC server
2026-07-13T21:32:33+00:00 machine gtk-status-bar[2924]: 2026-07-13T21:32:33.770600Z  INFO gtk_status_bar::dbus: Starting D-Bus monitoring task
2026-07-13T21:32:33+00:00 machine gtk-status-bar[2924]: 2026-07-13T21:32:33.762672Z  INFO gtk_status_bar::tray: 🔌 Starting system tray backend
2026-07-13T21:32:33+00:00 machine gtk-status-bar[2924]: 2026-07-13T21:32:33.784598Z  INFO tray_ipc: Tray IPC server is listening path=/run/user/1000/gtk-status-bar/tray.sock
2026-07-13T21:32:33+00:00 machine gtk-status-bar[2924]: 2026-07-13T21:32:33.791153Z DEBUG gtk_status_bar::pw: ✅ Context created
2026-07-13T21:32:33+00:00 machine gtk-status-bar[2924]: 2026-07-13T21:32:33.791283Z DEBUG gtk_status_bar::pw: ✅ Core connected
2026-07-13T21:32:33+00:00 machine gtk-status-bar[2924]: 2026-07-13T21:32:33.791304Z DEBUG gtk_status_bar::pw: ✅ Registry obtained
2026-07-13T21:32:33+00:00 machine gtk-status-bar[2924]: 2026-07-13T21:32:33.791323Z DEBUG gtk_status_bar::pw: 🎵 PipeWire ThreadLoop started - monitoring volume changes with default sink filtering
2026-07-13T21:32:33+00:00 machine gtk-status-bar[2924]: 2026-07-13T21:32:33.792094Z DEBUG gtk_status_bar::pw: ✅ ThreadLoop started successfully
2026-07-13T21:32:33+00:00 machine gtk-status-bar[2924]: 2026-07-13T21:32:33.792114Z DEBUG gtk_status_bar::pw: 🔄 PipeWire thread running - async event delivery active...
2026-07-13T21:32:33+00:00 machine gtk-status-bar[2924]: 2026-07-13T21:32:33.793331Z  INFO gtk_status_bar::tray: Serving StatusNotifierWatcher for tray applications
2026-07-13T21:32:33+00:00 machine gtk-status-bar[2924]: 2026-07-13T21:32:33.793748Z DEBUG gtk_status_bar::dbus: 🔌 Registered battery match rule
2026-07-13T21:32:33+00:00 machine gtk-status-bar[2924]: 2026-07-13T21:32:33.794056Z DEBUG gtk_status_bar::dbus: 🔌 Registered bluez PropertiesChanged match rule
2026-07-13T21:32:33+00:00 machine gtk-status-bar[2924]: 2026-07-13T21:32:33.795754Z DEBUG gtk_status_bar::dbus: 🔌 Registered bluez InterfacesAdded match rule
2026-07-13T21:32:33+00:00 machine gtk-status-bar[2924]: 2026-07-13T21:32:33.795966Z DEBUG gtk_status_bar::pw: 📡 PipeWire connected: pipewire-0
2026-07-13T21:32:33+00:00 machine gtk-status-bar[2924]: 2026-07-13T21:32:33.796008Z DEBUG gtk_status_bar::pw: 🚫 Skipping metadata '' (props: Some(DictRef { flags: Flags(0x0), entries: {"object.serial": "0", "core.name": "pipewire-0"} }))
2026-07-13T21:32:33+00:00 machine gtk-status-bar[2924]: 2026-07-13T21:32:33.796040Z DEBUG gtk_status_bar::pw: 🚫 Skipping metadata '' (props: Some(DictRef { flags: Flags(0x0), entries: {"object.serial": "1", "module.name": "libpipewire-module-rt"} }))
2026-07-13T21:32:33+00:00 machine gtk-status-bar[2924]: 2026-07-13T21:32:33.796060Z DEBUG gtk_status_bar::pw: 🚫 Skipping metadata '' (props: Some(DictRef { flags: Flags(0x0), entries: {"object.serial": "3"} }))
2026-07-13T21:32:33+00:00 machine gtk-status-bar[2924]: 2026-07-13T21:32:33.796080Z DEBUG gtk_status_bar::pw: 🚫 Skipping metadata '' (props: Some(DictRef { flags: Flags(0x0), entries: {"object.serial": "2", "module.name": "libpipewire-module-protocol-native"} }))
2026-07-13T21:32:33+00:00 machine gtk-status-bar[2924]: 2026-07-13T21:32:33.796101Z DEBUG gtk_status_bar::pw: 🚫 Skipping metadata '' (props: Some(DictRef { flags: Flags(0x0), entries: {"object.serial": "5"} }))
2026-07-13T21:32:33+00:00 machine gtk-status-bar[2924]: 2026-07-13T21:32:33.796122Z DEBUG gtk_status_bar::pw: 🚫 Skipping metadata '' (props: Some(DictRef { flags: Flags(0x0), entries: {"object.serial": "4", "module.name": "libpipewire-module-profiler"} }))
2026-07-13T21:32:33+00:00 machine gtk-status-bar[2924]: 2026-07-13T21:32:33.796143Z DEBUG gtk_status_bar::pw: 🚫 Skipping metadata '' (props: Some(DictRef { flags: Flags(0x0), entries: {"object.serial": "6", "module.name": "libpipewire-module-metadata"} }))
2026-07-13T21:32:33+00:00 machine gtk-status-bar[2924]: 2026-07-13T21:32:33.796164Z DEBUG gtk_status_bar::pw: 🚫 Skipping metadata '' (props: Some(DictRef { flags: Flags(0x0), entries: {"object.serial": "7", "module.id": "6", "factory.name": "metadata", "factory.type.name": "PipeWire:Interface:Metadata", "factory.type.version": "3"} }))
2026-07-13T21:32:33+00:00 machine gtk-status-bar[2924]: 2026-07-13T21:32:33.796187Z DEBUG gtk_status_bar::pw: 🚫 Skipping metadata '' (props: Some(DictRef { flags: Flags(0x0), entries: {"object.serial": "8", "module.name": "libpipewire-module-spa-device-factory"} }))
2026-07-13T21:32:33+00:00 machine gtk-status-bar[2924]: 2026-07-13T21:32:33.796207Z DEBUG gtk_status_bar::pw: 🚫 Skipping metadata '' (props: Some(DictRef { flags: Flags(0x0), entries: {"object.serial": "9", "module.id": "8", "factory.name": "spa-device-factory", "factory.type.name": "PipeWire:Interface:Device", "factory.type.version": "3"} }))
2026-07-13T21:32:33+00:00 machine gtk-status-bar[2924]: 2026-07-13T21:32:33.796226Z DEBUG gtk_status_bar::pw: 🚫 Skipping metadata '' (props: Some(DictRef { flags: Flags(0x0), entries: {"object.serial": "10", "module.name": "libpipewire-module-spa-node-factory"} }))
2026-07-13T21:32:33+00:00 machine gtk-status-bar[2924]: 2026-07-13T21:32:33.796249Z DEBUG gtk_status_bar::pw: 🚫 Skipping metadata '' (props: Some(DictRef { flags: Flags(0x0), entries: {"object.serial": "11", "module.id": "10", "factory.name": "spa-node-factory", "factory.type.name": "PipeWire:Interface:Node", "factory.type.version": "3"} }))
2026-07-13T21:32:33+00:00 machine gtk-status-bar[2924]: 2026-07-13T21:32:33.796276Z DEBUG gtk_status_bar::pw: 🚫 Skipping metadata '' (props: Some(DictRef { flags: Flags(0x0), entries: {"object.serial": "12", "module.name": "libpipewire-module-client-node"} }))
2026-07-13T21:32:33+00:00 machine gtk-status-bar[2924]: 2026-07-13T21:32:33.796291Z DEBUG gtk_status_bar::dbus: 🔌 Registered bluez InterfacesRemoved match rule
2026-07-13T21:32:33+00:00 machine gtk-status-bar[2924]: 2026-07-13T21:32:33.796297Z DEBUG gtk_status_bar::pw: 🚫 Skipping metadata '' (props: Some(DictRef { flags: Flags(0x0), entries: {"object.serial": "13", "module.id": "12", "factory.name": "client-node", "factory.type.name": "PipeWire:Interface:ClientNode", "factory.type.version": "6"} }))
2026-07-13T21:32:33+00:00 machine gtk-status-bar[2924]: 2026-07-13T21:32:33.796321Z DEBUG gtk_status_bar::pw: 🚫 Skipping metadata '' (props: Some(DictRef { flags: Flags(0x0), entries: {"object.serial": "14", "module.name": "libpipewire-module-client-device"} }))
2026-07-13T21:32:33+00:00 machine gtk-status-bar[2924]: 2026-07-13T21:32:33.796341Z DEBUG gtk_status_bar::pw: 🚫 Skipping metadata '' (props: Some(DictRef { flags: Flags(0x0), entries: {"object.serial": "15", "module.id": "14", "factory.name": "client-device", "factory.type.name": "Spa:Pointer:Interface:Device", "factory.type.version": "0"} }))
2026-07-13T21:32:33+00:00 machine gtk-status-bar[2924]: 2026-07-13T21:32:33.797706Z  INFO gtk_status_bar::dbus: No battery detected initially (likely desktop system): org.freedesktop.DBus.Error.UnknownMethod: Method "Get" with signature "ss" on interface "org.freedesktop.DBus.Properties" doesn't exist
2026-07-13T21:32:33+00:00 machine gtk-status-bar[2924]: 2026-07-13T21:32:33.796361Z DEBUG gtk_status_bar::pw: 🚫 Skipping metadata '' (props: Some(DictRef { flags: Flags(0x0), entries: {"object.serial": "16", "module.name": "libpipewire-module-portal"} }))
2026-07-13T21:32:33+00:00 machine gtk-status-bar[2924]: 2026-07-13T21:32:33.811778Z DEBUG gtk_status_bar::pw: 🚫 Skipping metadata '' (props: Some(DictRef { flags: Flags(0x0), entries: {"object.serial": "17", "module.name": "libpipewire-module-access"} }))
2026-07-13T21:32:33+00:00 machine gtk-status-bar[2924]: 2026-07-13T21:32:33.811803Z DEBUG gtk_status_bar::pw: 🚫 Skipping metadata '' (props: Some(DictRef { flags: Flags(0x0), entries: {"object.serial": "18", "module.name": "libpipewire-module-adapter"} }))
2026-07-13T21:32:33+00:00 machine gtk-status-bar[2924]: 2026-07-13T21:32:33.811823Z DEBUG gtk_status_bar::pw: 🚫 Skipping metadata '' (props: Some(DictRef { flags: Flags(0x0), entries: {"object.serial": "19", "module.id": "18", "factory.name": "adapter", "factory.type.name": "PipeWire:Interface:Node", "factory.type.version": "3"} }))
2026-07-13T21:32:33+00:00 machine gtk-status-bar[2924]: 2026-07-13T21:32:33.811845Z DEBUG gtk_status_bar::pw: 🚫 Skipping metadata '' (props: Some(DictRef { flags: Flags(0x0), entries: {"object.serial": "20", "module.name": "libpipewire-module-link-factory"} }))
2026-07-13T21:32:33+00:00 machine gtk-status-bar[2924]: 2026-07-13T21:32:33.811866Z DEBUG gtk_status_bar::pw: 🚫 Skipping metadata '' (props: Some(DictRef { flags: Flags(0x0), entries: {"object.serial": "21", "module.id": "20", "factory.name": "link-factory", "factory.type.name": "PipeWire:Interface:Link", "factory.type.version": "3"} }))
2026-07-13T21:32:33+00:00 machine gtk-status-bar[2924]: 2026-07-13T21:32:33.811887Z DEBUG gtk_status_bar::pw: 🚫 Skipping metadata '' (props: Some(DictRef { flags: Flags(0x0), entries: {"object.serial": "22", "module.name": "libpipewire-module-session-manager"} }))
2026-07-13T21:32:33+00:00 machine gtk-status-bar[2924]: 2026-07-13T21:32:33.811907Z DEBUG gtk_status_bar::pw: 🚫 Skipping metadata '' (props: Some(DictRef { flags: Flags(0x0), entries: {"object.serial": "23", "module.id": "22", "factory.name": "client-endpoint", "factory.type.name": "PipeWire:Interface:ClientEndpoint", "factory.type.version": "0"} }))
2026-07-13T21:32:33+00:00 machine gtk-status-bar[2924]: 2026-07-13T21:32:33.811928Z DEBUG gtk_status_bar::pw: 🚫 Skipping metadata '' (props: Some(DictRef { flags: Flags(0x0), entries: {"object.serial": "24", "module.id": "22", "factory.name": "client-session", "factory.type.name": "PipeWire:Interface:ClientSession", "factory.type.version": "0"} }))
2026-07-13T21:32:33+00:00 machine gtk-status-bar[2924]: 2026-07-13T21:32:33.811949Z DEBUG gtk_status_bar::pw: 🚫 Skipping metadata '' (props: Some(DictRef { flags: Flags(0x0), entries: {"object.serial": "25", "module.id": "22", "factory.name": "session", "factory.type.name": "PipeWire:Interface:Session", "factory.type.version": "0"} }))
2026-07-13T21:32:33+00:00 machine gtk-status-bar[2924]: 2026-07-13T21:32:33.811971Z DEBUG gtk_status_bar::pw: 🚫 Skipping metadata '' (props: Some(DictRef { flags: Flags(0x0), entries: {"object.serial": "26", "module.id": "22", "factory.name": "endpoint", "factory.type.name": "PipeWire:Interface:Endpoint", "factory.type.version": "0"} }))
2026-07-13T21:32:33+00:00 machine gtk-status-bar[2924]: 2026-07-13T21:32:33.811993Z DEBUG gtk_status_bar::pw: 🚫 Skipping metadata '' (props: Some(DictRef { flags: Flags(0x0), entries: {"object.serial": "27", "module.id": "22", "factory.name": "endpoint-stream", "factory.type.name": "PipeWire:Interface:EndpointStream", "factory.type.version": "0"} }))
2026-07-13T21:32:33+00:00 machine gtk-status-bar[2924]: 2026-07-13T21:32:33.812023Z DEBUG gtk_status_bar::pw: 🚫 Skipping metadata '' (props: Some(DictRef { flags: Flags(0x0), entries: {"object.serial": "28", "module.id": "22", "factory.name": "endpoint-link", "factory.type.name": "PipeWire:Interface:EndpointLink", "factory.type.version": "0"} }))
2026-07-13T21:32:33+00:00 machine gtk-status-bar[2924]: 2026-07-13T21:32:33.812044Z DEBUG gtk_status_bar::pw: 🚫 Skipping metadata '' (props: Some(DictRef { flags: Flags(0x0), entries: {"object.serial": "29", "module.name": "libpipewire-module-x11-bell"} }))
2026-07-13T21:32:33+00:00 machine gtk-status-bar[2924]: 2026-07-13T21:32:33.812064Z DEBUG gtk_status_bar::pw: 🚫 Skipping metadata '' (props: Some(DictRef { flags: Flags(0x0), entries: {"object.serial": "30", "module.name": "libpipewire-module-jackdbus-detect"} }))
2026-07-13T21:32:33+00:00 machine gtk-status-bar[2924]: 2026-07-13T21:32:33.812085Z DEBUG gtk_status_bar::pw: 🚫 Skipping metadata '' (props: Some(DictRef { flags: Flags(0x0), entries: {"object.serial": "31", "factory.id": "11", "priority.driver": "200000", "node.name": "Dummy-Driver"} }))
2026-07-13T21:32:33+00:00 machine gtk-status-bar[2924]: 2026-07-13T21:32:33.812106Z DEBUG gtk_status_bar::pw: 🔍 Checking node - media.class: None
2026-07-13T21:32:33+00:00 machine gtk-status-bar[2924]: 2026-07-13T21:32:33.812124Z DEBUG gtk_status_bar::pw: 🔍 Node filter result: false for media.class: None
2026-07-13T21:32:33+00:00 machine gtk-status-bar[2924]: 2026-07-13T21:32:33.812142Z DEBUG gtk_status_bar::pw: 🚫 Skipping metadata '' (props: Some(DictRef { flags: Flags(0x0), entries: {"object.serial": "32", "factory.id": "11", "priority.driver": "190000", "node.name": "Freewheel-Driver"} }))
2026-07-13T21:32:33+00:00 machine gtk-status-bar[2924]: 2026-07-13T21:32:33.812162Z DEBUG gtk_status_bar::pw: 🔍 Checking node - media.class: None
2026-07-13T21:32:33+00:00 machine gtk-status-bar[2924]: 2026-07-13T21:32:33.812178Z DEBUG gtk_status_bar::pw: 🔍 Node filter result: false for media.class: None
2026-07-13T21:32:33+00:00 machine gtk-status-bar[2924]: 2026-07-13T21:32:33.812197Z DEBUG gtk_status_bar::pw: 🚫 Skipping metadata 'settings' (props: Some(DictRef { flags: Flags(0x0), entries: {"object.serial": "33", "metadata.name": "settings"} }))
2026-07-13T21:32:33+00:00 machine gtk-status-bar[2924]: 2026-07-13T21:32:33.812218Z DEBUG gtk_status_bar::pw: 🚫 Skipping metadata '' (props: Some(DictRef { flags: Flags(0x0), entries: {"object.serial": "34", "module.id": "2", "pipewire.protocol": "protocol-native", "pipewire.sec.pid": "1259", "pipewire.sec.uid": "1000", "pipewire.sec.gid": "100", "pipewire.sec.socket": "pipewire-0", "application.name": ".xdg-desktop-portal-wrapped", "pipewire.access": "unrestricted"} }))
2026-07-13T21:32:33+00:00 machine gtk-status-bar[2924]: 2026-07-13T21:32:33.812241Z DEBUG gtk_status_bar::pw: 🚫 Skipping metadata '' (props: Some(DictRef { flags: Flags(0x0), entries: {"object.serial": "35", "module.id": "2", "pipewire.protocol": "protocol-native", "pipewire.sec.pid": "1332", "pipewire.sec.uid": "1000", "pipewire.sec.gid": "100", "pipewire.sec.socket": "pipewire-0-manager", "application.name": "WirePlumber", "pipewire.access": "unrestricted"} }))
2026-07-13T21:32:34+00:00 machine gtk-status-bar[2924]: 2026-07-13T21:32:33.812262Z DEBUG gtk_status_bar::pw: 🚫 Skipping metadata 'schema-sm-settings' (props: Some(DictRef { flags: Flags(0x0), entries: {"metadata.name": "schema-sm-settings", "factory.id": "7", "module.id": "6", "client.id": "35", "object.serial": "36"} }))
2026-07-13T21:32:34+00:00 machine gtk-status-bar[2924]: 2026-07-13T21:32:33.812282Z DEBUG gtk_status_bar::pw: 🚫 Skipping metadata 'persistent-sm-settings' (props: Some(DictRef { flags: Flags(0x0), entries: {"metadata.name": "persistent-sm-settings", "factory.id": "7", "module.id": "6", "client.id": "35", "object.serial": "37"} }))
2026-07-13T21:32:34+00:00 machine gtk-status-bar[2924]: 2026-07-13T21:32:33.812302Z DEBUG gtk_status_bar::pw: 🚫 Skipping metadata 'sm-settings' (props: Some(DictRef { flags: Flags(0x0), entries: {"metadata.name": "sm-settings", "factory.id": "7", "module.id": "6", "client.id": "35", "object.serial": "38"} }))
2026-07-13T21:32:34+00:00 machine gtk-status-bar[2924]: 2026-07-13T21:32:33.812323Z DEBUG gtk_status_bar::pw: 🚫 Skipping metadata 'sm-objects' (props: Some(DictRef { flags: Flags(0x0), entries: {"metadata.name": "sm-objects", "factory.id": "7", "module.id": "6", "client.id": "35", "object.serial": "39"} }))
2026-07-13T21:32:34+00:00 machine gtk-status-bar[2924]: 2026-07-13T21:32:33.812345Z DEBUG gtk_status_bar::pw: 🚫 Skipping metadata 'default-profile' (props: Some(DictRef { flags: Flags(0x0), entries: {"wireplumber.state": "true", "metadata.name": "default-profile", "factory.id": "7", "module.id": "6", "client.id": "35", "object.serial": "40"} }))
2026-07-13T21:32:34+00:00 machine gtk-status-bar[2924]: 2026-07-13T21:32:33.812366Z DEBUG gtk_status_bar::pw: ✅ Processing metadata.name == default
2026-07-13T21:32:34+00:00 machine gtk-status-bar[2924]: 2026-07-13T21:32:33.812383Z DEBUG gtk_status_bar::pw: 📋 Found metadata object: Some(DictRef { flags: Flags(0x0), entries: {"metadata.name": "default", "factory.id": "7", "module.id": "6", "client.id": "35", "object.serial": "41"} })
2026-07-13T21:32:34+00:00 machine gtk-status-bar[2924]: 2026-07-13T21:32:33.812417Z DEBUG gtk_status_bar::pw: 📋 Bound 'default' Metadata (id=3)
2026-07-13T21:32:34+00:00 machine gtk-status-bar[2924]: 2026-07-13T21:32:33.812448Z DEBUG gtk_status_bar::pw: 🚫 Skipping metadata 'filters' (props: Some(DictRef { flags: Flags(0x0), entries: {"metadata.name": "filters", "factory.id": "7", "module.id": "6", "client.id": "35", "object.serial": "43"} }))
2026-07-13T21:32:34+00:00 machine gtk-status-bar[2924]: 2026-07-13T21:32:33.812513Z DEBUG gtk_status_bar::pw: 🚫 Skipping metadata 'route-settings' (props: Some(DictRef { flags: Flags(0x0), entries: {"metadata.name": "route-settings", "factory.id": "7", "module.id": "6", "client.id": "35", "object.serial": "44"} }))
2026-07-13T21:32:34+00:00 machine gtk-status-bar[2924]: 2026-07-13T21:32:33.812538Z DEBUG gtk_status_bar::pw: 🚫 Skipping metadata '' (props: Some(DictRef { flags: Flags(0x0), entries: {"object.serial": "45", "module.id": "2", "pipewire.protocol": "protocol-native", "pipewire.sec.pid": "1332", "pipewire.sec.uid": "1000", "pipewire.sec.gid": "100", "pipewire.sec.socket": "pipewire-0-manager", "application.name": "WirePlumber [export]", "pipewire.access": "unrestricted"} }))
2026-07-13T21:32:34+00:00 machine gtk-status-bar[2924]: 2026-07-13T21:32:33.812561Z DEBUG gtk_status_bar::pw: 🚫 Skipping metadata '' (props: Some(DictRef { flags: Flags(0x0), entries: {"object.serial": "46", "factory.id": "11", "client.id": "45", "priority.session": "100", "priority.driver": "1", "node.name": "Midi-Bridge", "media.class": "Midi/Bridge"} }))
2026-07-13T21:32:34+00:00 machine gtk-status-bar[2924]: 2026-07-13T21:32:33.812581Z DEBUG gtk_status_bar::pw: 🔍 Checking node - media.class: Some("Midi/Bridge")
2026-07-13T21:32:34+00:00 machine gtk-status-bar[2924]: 2026-07-13T21:32:33.812599Z DEBUG gtk_status_bar::pw: 🔍 Node filter result: false for media.class: Some("Midi/Bridge")
2026-07-13T21:32:34+00:00 machine gtk-status-bar[2924]: 2026-07-13T21:32:33.812619Z DEBUG gtk_status_bar::pw: 🚫 Skipping metadata '' (props: Some(DictRef { flags: Flags(0x0), entries: {"object.serial": "47", "object.path": "alsa:seq:default:client_14:playback_0", "format.dsp": "8 bit raw midi", "node.id": "46", "port.id": "0", "port.name": "Midi Through: Port-0 (playback)", "port.direction": "in", "port.physical": "true", "port.terminal": "true", "port.alias": "Midi Through:Midi Through Port-0", "port.group": "client_14"} }))
2026-07-13T21:32:34+00:00 machine gtk-status-bar[2924]: 2026-07-13T21:32:33.812652Z DEBUG gtk_status_bar::pw: 🚫 Skipping metadata '' (props: Some(DictRef { flags: Flags(0x0), entries: {"object.serial": "48", "object.path": "alsa:seq:default:client_14:capture_0", "format.dsp": "8 bit raw midi", "node.id": "46", "port.id": "0", "port.name": "Midi Through: Port-0 (capture)", "port.direction": "out", "port.physical": "true", "port.terminal": "true", "port.alias": "Midi Through:Midi Through Port-0", "port.group": "client_14"} }))
2026-07-13T21:32:34+00:00 machine gtk-status-bar[2924]: 2026-07-13T21:32:33.812676Z DEBUG gtk_status_bar::pw: 🚫 Skipping metadata '' (props: Some(DictRef { flags: Flags(0x0), entries: {"object.serial": "42", "module.id": "2", "pipewire.protocol": "protocol-native", "pipewire.sec.pid": "1342", "pipewire.sec.uid": "1000", "pipewire.sec.gid": "100", "pipewire.sec.socket": "pipewire-0", "application.name": ".xdg-desktop-portal-hyprland-wrapped", "pipewire.access": "unrestricted"} }))
2026-07-13T21:32:34+00:00 machine gtk-status-bar[2924]: 2026-07-13T21:32:33.812700Z DEBUG gtk_status_bar::pw: 🚫 Skipping metadata '' (props: Some(DictRef { flags: Flags(0x0), entries: {"object.serial": "49", "factory.id": "14", "client.id": "45", "node.description": "BLE MIDI 1", "node.name": "bluez_midi.server", "media.class": "Midi/Bridge"} }))
2026-07-13T21:32:34+00:00 machine gtk-status-bar[2924]: 2026-07-13T21:32:33.812717Z  INFO gtk_status_bar::dbus: No battery state detected initially (likely desktop system): org.freedesktop.DBus.Error.UnknownMethod: Method "Get" with signature "ss" on interface "org.freedesktop.DBus.Properties" doesn't exist
2026-07-13T21:32:34+00:00 machine gtk-status-bar[2924]: 2026-07-13T21:32:33.812748Z DEBUG gtk_status_bar::dbus: Using empty battery text
2026-07-13T21:32:34+00:00 machine gtk-status-bar[2924]: 2026-07-13T21:32:33.812721Z DEBUG gtk_status_bar::pw: 🔍 Checking node - media.class: Some("Midi/Bridge")
2026-07-13T21:32:34+00:00 machine gtk-status-bar[2924]: 2026-07-13T21:32:33.812778Z DEBUG gtk_status_bar::pw: 🔍 Node filter result: false for media.class: Some("Midi/Bridge")
2026-07-13T21:32:34+00:00 machine gtk-status-bar[2924]: 2026-07-13T21:32:33.812799Z DEBUG gtk_status_bar::pw: 🚫 Skipping metadata '' (props: Some(DictRef { flags: Flags(0x0), entries: {"object.serial": "50", "object.path": "bluez_midi.server:input_0", "format.dsp": "8 bit raw midi", "node.id": "49", "port.id": "0", "port.name": "in", "port.direction": "in", "port.physical": "true", "port.terminal": "true", "port.alias": "in", "port.group": "group.0"} }))
2026-07-13T21:32:34+00:00 machine gtk-status-bar[2924]: 2026-07-13T21:32:33.812822Z DEBUG gtk_status_bar::pw: 🚫 Skipping metadata '' (props: Some(DictRef { flags: Flags(0x0), entries: {"object.serial": "51", "object.path": "bluez_midi.server:output_0", "format.dsp": "8 bit raw midi", "node.id": "49", "port.id": "0", "port.name": "out", "port.direction": "out", "port.physical": "true", "port.terminal": "true", "port.alias": "out", "port.group": "group.0"} }))
2026-07-13T21:32:34+00:00 machine gtk-status-bar[2924]: 2026-07-13T21:32:33.812846Z DEBUG gtk_status_bar::pw: 🚫 Skipping metadata '' (props: Some(DictRef { flags: Flags(0x0), entries: {"object.serial": "53", "module.id": "2", "pipewire.protocol": "protocol-native", "pipewire.sec.pid": "1397", "pipewire.sec.uid": "1000", "pipewire.sec.gid": "100", "pipewire.sec.socket": "pipewire-0", "application.name": "pipewire", "pipewire.access": "unrestricted"} }))
2026-07-13T21:32:34+00:00 machine gtk-status-bar[2924]: 2026-07-13T21:32:33.812867Z DEBUG gtk_status_bar::pw: 🚫 Skipping metadata '' (props: Some(DictRef { flags: Flags(0x0), entries: {"object.serial": "54", "factory.id": "19", "client.id": "53", "node.description": "Dummy Output", "node.name": "auto_null", "media.class": "Audio/Sink"} }))
2026-07-13T21:32:34+00:00 machine gtk-status-bar[2924]: 2026-07-13T21:32:33.812888Z DEBUG gtk_status_bar::pw: 🔍 Checking node - media.class: Some("Audio/Sink")
2026-07-13T21:32:34+00:00 machine gtk-status-bar[2924]: 2026-07-13T21:32:33.812905Z DEBUG gtk_status_bar::pw: 🔍 Node filter result: true for media.class: Some("Audio/Sink")
2026-07-13T21:32:34+00:00 machine gtk-status-bar[2924]: 2026-07-13T21:32:33.812928Z DEBUG gtk_status_bar::pw: 📱 Monitoring audio node: Dummy Output (4) [node.name: auto_null]
2026-07-13T21:32:34+00:00 machine gtk-status-bar[2924]: 2026-07-13T21:32:33.812945Z DEBUG gtk_status_bar::pw: 🔗 ADDING NODE LISTENER for node.name: auto_null
2026-07-13T21:32:34+00:00 machine gtk-status-bar[2924]: 2026-07-13T21:32:33.812963Z DEBUG gtk_status_bar::pw: 📝 Added device to HashMap: 4 -> (auto_null, Dummy Output, no volume yet)
2026-07-13T21:32:34+00:00 machine gtk-status-bar[2924]: 2026-07-13T21:32:33.812981Z DEBUG gtk_status_bar::pw: 🗂️ Current device map size: 1
2026-07-13T21:32:34+00:00 machine gtk-status-bar[2924]: 2026-07-13T21:32:33.813004Z DEBUG gtk_status_bar::pw: 🚫 Skipping metadata '' (props: Some(DictRef { flags: Flags(0x0), entries: {"object.serial": "55", "module.id": "2", "pipewire.protocol": "protocol-native", "pipewire.sec.pid": "1397", "pipewire.sec.uid": "1000", "pipewire.sec.gid": "100", "pipewire.sec.socket": "pipewire-0", "application.name": "Blueman", "pipewire.access": "unrestricted"} }))
2026-07-13T21:32:34+00:00 machine gtk-status-bar[2924]: 2026-07-13T21:32:33.813026Z DEBUG gtk_status_bar::pw: 🚫 Skipping metadata '' (props: Some(DictRef { flags: Flags(0x0), entries: {"object.serial": "56", "object.path": "auto_null:playback_0", "format.dsp": "32 bit float mono audio", "node.id": "54", "audio.channel": "FL", "port.id": "0", "port.name": "playback_FL", "port.direction": "in", "port.alias": "Dummy Output:playback_FL", "port.group": "stream.0"} }))
2026-07-13T21:32:34+00:00 machine gtk-status-bar[2924]: 2026-07-13T21:32:33.813049Z DEBUG gtk_status_bar::pw: 🚫 Skipping metadata '' (props: Some(DictRef { flags: Flags(0x0), entries: {"object.serial": "57", "object.path": "auto_null:playback_1", "format.dsp": "32 bit float mono audio", "node.id": "54", "audio.channel": "FR", "port.id": "1", "port.name": "playback_FR", "port.direction": "in", "port.alias": "Dummy Output:playback_FR", "port.group": "stream.0"} }))
2026-07-13T21:32:34+00:00 machine gtk-status-bar[2924]: 2026-07-13T21:32:33.813072Z DEBUG gtk_status_bar::pw: 🚫 Skipping metadata '' (props: Some(DictRef { flags: Flags(0x0), entries: {"object.serial": "58", "object.path": "auto_null:monitor_0", "format.dsp": "32 bit float mono audio", "node.id": "54", "audio.channel": "FL", "port.id": "0", "port.name": "monitor_FL", "port.direction": "out", "port.monitor": "true", "port.alias": "Dummy Output:monitor_FL", "port.group": "stream.0"} }))
2026-07-13T21:32:34+00:00 machine gtk-status-bar[2924]: 2026-07-13T21:32:33.813095Z DEBUG gtk_status_bar::pw: 🚫 Skipping metadata '' (props: Some(DictRef { flags: Flags(0x0), entries: {"object.serial": "59", "object.path": "auto_null:monitor_1", "format.dsp": "32 bit float mono audio", "node.id": "54", "audio.channel": "FR", "port.id": "1", "port.name": "monitor_FR", "port.direction": "out", "port.monitor": "true", "port.alias": "Dummy Output:monitor_FR", "port.group": "stream.0"} }))
2026-07-13T21:32:34+00:00 machine gtk-status-bar[2924]: 2026-07-13T21:32:33.813118Z DEBUG gtk_status_bar::pw: 🚫 Skipping metadata '' (props: Some(DictRef { flags: Flags(0x0), entries: {"object.serial": "60", "module.id": "2", "pipewire.protocol": "protocol-native", "pipewire.sec.pid": "2924", "pipewire.sec.uid": "1000", "pipewire.sec.gid": "100", "pipewire.sec.socket": "pipewire-0", "application.name": ".gtk-status-bar-wrapped", "pipewire.access": "unrestricted"} }))
2026-07-13T21:32:34+00:00 machine gtk-status-bar[2924]: 2026-07-13T21:32:33.813295Z DEBUG gtk_status_bar::widgets: Updating battery label:
2026-07-13T21:32:34+00:00 machine gtk-status-bar[2924]: 2026-07-13T21:32:33.813420Z DEBUG gtk_status_bar::widgets: 🙈 HIDING battery widget with set_visible(false)
2026-07-13T21:32:34+00:00 machine gtk-status-bar[2924]: 2026-07-13T21:32:33.814745Z DEBUG gtk_status_bar::pw: 📝 metadata.property subject=0 key=Some("default.audio.sink") value=Some("{\"name\":\"auto_null\"}")
2026-07-13T21:32:34+00:00 machine gtk-status-bar[2924]: 2026-07-13T21:32:33.814767Z DEBUG gtk_status_bar::pw: 🔍 Processing metadata property: default.audio.sink={"name":"auto_null"}
2026-07-13T21:32:34+00:00 machine gtk-status-bar[2924]: 2026-07-13T21:32:33.814788Z  INFO gtk_status_bar::pw: 🔄 Default sink -> auto_null
2026-07-13T21:32:34+00:00 machine gtk-status-bar[2924]: 2026-07-13T21:32:33.814806Z DEBUG gtk_status_bar::pw: 🎯 SINK CHANGE: None -> auto_null (should trigger volume fetch)
2026-07-13T21:32:34+00:00 machine gtk-status-bar[2924]: 2026-07-13T21:32:33.814823Z DEBUG gtk_status_bar::pw: 🗂️ Searching device map for default sink 'auto_null'
2026-07-13T21:32:34+00:00 machine gtk-status-bar[2924]: 2026-07-13T21:32:33.814840Z DEBUG gtk_status_bar::pw: 🗂️ Current device map contents: {4: ("auto_null", "Dummy Output", None, None, None)}
2026-07-13T21:32:34+00:00 machine gtk-status-bar[2924]: 2026-07-13T21:32:33.814860Z DEBUG gtk_status_bar::pw: 🔍 Checking device 4: node_name='auto_null', description='Dummy Output' against default sink 'auto_null'
2026-07-13T21:32:34+00:00 machine gtk-status-bar[2924]: 2026-07-13T21:32:33.814877Z DEBUG gtk_status_bar::pw: 🎯 MATCH! Found device 4 with node_name 'auto_null' matching default sink
2026-07-13T21:32:34+00:00 machine gtk-status-bar[2924]: 2026-07-13T21:32:33.814892Z DEBUG gtk_status_bar::pw: 🎨 Updating GUI label to: 'Dummy Output' with cached volume data
2026-07-13T21:32:34+00:00 machine gtk-status-bar[2924]: 2026-07-13T21:32:33.814909Z DEBUG gtk_status_bar::pw: 💾 Cached volume data: Vol: None%, Ch: None%, Mute: None
2026-07-13T21:32:34+00:00 machine gtk-status-bar[2924]: 2026-07-13T21:32:33.814937Z DEBUG gtk_status_bar::pw: ✅ Sent REAL volume data to GUI: 'Dummy Output' Vol: None%, Ch: None%, Mute: None
2026-07-13T21:32:34+00:00 machine gtk-status-bar[2924]: 2026-07-13T21:32:33.814962Z DEBUG gtk_status_bar::pw: 🎛️  NODE PARAM CALLBACK: Dummy Output (4) received Props param
2026-07-13T21:32:34+00:00 machine gtk-status-bar[2924]: 2026-07-13T21:32:33.814983Z DEBUG gtk_status_bar::pw: 🔊 Node 4: Dummy Output - Vol: Some(100)% | Ch: Some(100)% | Mute: Some(false) [CACHING]
2026-07-13T21:32:34+00:00 machine gtk-status-bar[2924]: 2026-07-13T21:32:33.815001Z DEBUG gtk_status_bar::pw: 📝 Updated volume cache for device 4: Dummy Output -> Vol: Some(100)%, Ch: Some(100)%, Mute: Some(false)
2026-07-13T21:32:34+00:00 machine gtk-status-bar[2924]: 2026-07-13T21:32:33.815019Z DEBUG gtk_status_bar::pw: 🎯 Checking if device 4 is default: current_default=Some("auto_null"), node_name=auto_null, is_default=true
2026-07-13T21:32:34+00:00 machine gtk-status-bar[2924]: 2026-07-13T21:32:33.815037Z DEBUG gtk_status_bar::pw: 📤 SENDING VOLUME UPDATE to GUI for default sink (node id=4)
2026-07-13T21:32:34+00:00 machine gtk-status-bar[2924]: 2026-07-13T21:32:33.815056Z ERROR gtk_status_bar::pw: ❌ PipeWire error id:4 seq:5 res:-2: enum params id:13 (Spa:Enum:ParamId:Route) failed
2026-07-13T21:32:34+00:00 machine gtk-status-bar[2924]: 2026-07-13T21:32:33.815200Z DEBUG gtk_status_bar::widgets: 📺 Skipping GUI update - no volume data available
2026-07-13T21:32:34+00:00 machine gtk-status-bar[2924]: 2026-07-13T21:32:33.815248Z DEBUG gtk_status_bar::widgets: 📺 GTK UI updated via ASYNC: 🔊D100
2026-07-13T21:32:34+00:00 machine gtk-status-bar[2924]: 2026-07-13T21:32:33.816298Z DEBUG gtk_status_bar::network: Sent network update label="\u{f091f} 28% ?"
2026-07-13T21:32:34+00:00 machine gtk-status-bar[2924]: 2026-07-13T21:32:33.817736Z DEBUG gtk_status_bar::widgets: Updating network label: 󰤟 28% ?
2026-07-13T21:32:34+00:00 machine gtk-status-bar[2924]: 2026-07-13T21:32:33.819294Z  INFO gtk_status_bar::dbus: Found 5 Bluetooth objects
2026-07-13T21:32:34+00:00 machine gtk-status-bar[2924]: 2026-07-13T21:32:33.819322Z  INFO gtk_status_bar::dbus: Found Bluetooth device with battery at: /org/bluez/hci0/dev_AA_BB_CC_DD_EE_02
2026-07-13T21:32:34+00:00 machine gtk-status-bar[2924]: 2026-07-13T21:32:33.819342Z  INFO gtk_status_bar::dbus: Bluetooth device battery at 42%
2026-07-13T21:32:34+00:00 machine gtk-status-bar[2924]: 2026-07-13T21:32:33.819364Z DEBUG gtk_status_bar::dbus: Added device /org/bluez/hci0/dev_AA_BB_CC_DD_EE_02 to HashMap (has_battery: true, has_media: false)
2026-07-13T21:32:34+00:00 machine gtk-status-bar[2924]: 2026-07-13T21:32:33.819384Z  INFO gtk_status_bar::dbus: Found Bluetooth device with battery at: /org/bluez/hci0/dev_AA_BB_CC_DD_EE_01
2026-07-13T21:32:34+00:00 machine gtk-status-bar[2924]: 2026-07-13T21:32:33.819401Z  INFO gtk_status_bar::dbus: Bluetooth device battery at 80%
2026-07-13T21:32:34+00:00 machine gtk-status-bar[2924]: 2026-07-13T21:32:33.819418Z DEBUG gtk_status_bar::dbus: Added device /org/bluez/hci0/dev_AA_BB_CC_DD_EE_01 to HashMap (has_battery: true, has_media: false)
2026-07-13T21:32:34+00:00 machine gtk-status-bar[2924]: 2026-07-13T21:32:33.819443Z  INFO gtk_status_bar::dbus: Found Bluetooth device with battery at: /org/bluez/hci0/dev_AA_BB_CC_DD_EE_03
2026-07-13T21:32:34+00:00 machine gtk-status-bar[2924]: 2026-07-13T21:32:33.819958Z  INFO gtk_status_bar::dbus: Bluetooth device battery at 55%
2026-07-13T21:32:34+00:00 machine gtk-status-bar[2924]: 2026-07-13T21:32:33.819981Z DEBUG gtk_status_bar::dbus: Added device /org/bluez/hci0/dev_AA_BB_CC_DD_EE_03 to HashMap (has_battery: true, has_media: false)
2026-07-13T21:32:34+00:00 machine gtk-status-bar[2924]: 2026-07-13T21:32:33.820002Z DEBUG gtk_status_bar::dbus: Initial bluetooth devices: {"/org/bluez/hci0/dev_AA_BB_CC_DD_EE_02": BluetoothDevice { has_battery: true, has_media: false, battery_percentage: Some(42), device_name: None }, "/org/bluez/hci0/dev_AA_BB_CC_DD_EE_03": BluetoothDevice { has_battery: true, has_media: false, battery_percentage: Some(55), device_name: Some("🎧 Sony") }, "/org/bluez/hci0/dev_AA_BB_CC_DD_EE_01": BluetoothDevice { has_battery: true, has_media: false, battery_percentage: Some(80), device_name: Some("Pixel Buds") }}
2026-07-13T21:32:34+00:00 machine gtk-status-bar[2924]: 2026-07-13T21:32:33.820044Z  INFO gtk_status_bar::dbus: Sent initial Bluetooth display: D42 🎧55 P80
2026-07-13T21:32:34+00:00 machine gtk-status-bar[2924]: 2026-07-13T21:32:33.820133Z  INFO gtk_status_bar::dbus: Dbus monitor: Starting to listen for D-Bus messages
2026-07-13T21:32:34+00:00 machine gtk-status-bar[2924]: 2026-07-13T21:32:33.820154Z DEBUG gtk_status_bar::dbus: Got an event in event stream: Msg { type: Error, serial: 39, sender: UniqueName(":1.5"), reply-serial: 26, body: Str, fds: [] }
2026-07-13T21:32:34+00:00 machine gtk-status-bar[2924]: 2026-07-13T21:32:33.820178Z DEBUG gtk_status_bar::dbus: Dbus monitor: Received D-Bus message from path: None, interface: None, member: None
2026-07-13T21:32:34+00:00 machine gtk-status-bar[2924]: 2026-07-13T21:32:33.820197Z ERROR gtk_status_bar::dbus: Dbus monitor: Received message with no path, ignoring
2026-07-13T21:32:34+00:00 machine gtk-status-bar[2924]: 2026-07-13T21:32:33.820216Z DEBUG gtk_status_bar::dbus: Got an event in event stream: Msg { type: Error, serial: 40, sender: UniqueName(":1.5"), reply-serial: 28, body: Str, fds: [] }
2026-07-13T21:32:34+00:00 machine gtk-status-bar[2924]: 2026-07-13T21:32:33.820239Z DEBUG gtk_status_bar::dbus: Dbus monitor: Received D-Bus message from path: None, interface: None, member: None
2026-07-13T21:32:34+00:00 machine gtk-status-bar[2924]: 2026-07-13T21:32:33.820258Z ERROR gtk_status_bar::dbus: Dbus monitor: Received message with no path, ignoring
2026-07-13T21:32:34+00:00 machine gtk-status-bar[2924]: 2026-07-13T21:32:33.820335Z DEBUG gtk_status_bar::dbus: Got an event in event stream: Msg { type: MethodReturn, serial: 113, sender: UniqueName(":1.6"), reply-serial: 31, body: Dict { key: Dynamic { child: ObjectPath }, value: Dynamic { child: Dict { key: Dynamic { child: Str }, value: Dynamic { child: Dict { key: Dynamic { child: Str }, value: Dynamic { child: Variant } } } } } }, fds: [] }
2026-07-13T21:32:34+00:00 machine gtk-status-bar[2924]: 2026-07-13T21:32:33.820358Z DEBUG gtk_status_bar::dbus: Dbus monitor: Received D-Bus message from path: None, interface: None, member: None
2026-07-13T21:32:34+00:00 machine gtk-status-bar[2924]: 2026-07-13T21:32:33.820375Z ERROR gtk_status_bar::dbus: Dbus monitor: Received message with no path, ignoring
2026-07-13T21:32:34+00:00 machine gtk-status-bar[2924]: 2026-07-13T21:32:33.820659Z DEBUG gtk_status_bar::widgets: Updating Bluetooth battery label: D42 🎧55 P80
2026-07-13T21:32:34+00:00 machine gtk-status-bar[2924]: 2026-07-13T21:32:33.820710Z DEBUG gtk_status_bar::widgets: 👁️  SHOWING Bluetooth widget - data: D42 🎧55 P80
2026-07-13T21:32:34+00:00 machine gtk-status-bar[2924]: 2026-07-13T21:32:33.821653Z  INFO gtk_status_bar::hypr: Starting workspace event listener
2026-07-13T21:32:34+00:00 machine gtk-status-bar[2924]: 2026-07-13T21:32:33.822785Z DEBUG gtk_status_bar::widgets: Updating workspace - label: 'Workspace i', color for workspace: 2
2026-07-13T21:32:34+00:00 machine gtk-status-bar[2924]: 2026-07-13T21:32:33.822918Z DEBUG gtk_status_bar::widgets: Updated title widget color to: rgba(125, 207, 255, 0.5) for workspace: 2
2026-07-13T21:32:34+00:00 machine gtk-status-bar[2924]: 2026-07-13T21:32:33.852715Z  INFO gtk_status_bar::network: Network reachability probe completed target=192.0.2.1 success=true elapsed_ms=33
2026-07-13T21:32:34+00:00 machine gtk-status-bar[2924]: 2026-07-13T21:32:33.852766Z DEBUG gtk_status_bar::network: Sent network update label="\u{f091f} 28% \u{f0ac}"
2026-07-13T21:32:34+00:00 machine gtk-status-bar[2924]: 2026-07-13T21:32:33.853039Z DEBUG gtk_status_bar::widgets: Updating network label: 󰤟 28% 
2026-07-13T21:32:34+00:00 machine gtk-status-bar[2924]: 2026-07-13T21:32:33.896682Z  INFO gtk_status_bar::hypr: Starting title event listener
2026-07-13T21:32:34+00:00 machine gtk-status-bar[2924]: 2026-07-13T21:32:33.897031Z DEBUG gtk_status_bar::widgets: Updating workspace client strip workspace_id=2 client_count=8
2026-07-13T21:32:34+00:00 machine gtk-status-bar[2924]: 2026-07-13T21:32:33.897065Z DEBUG gtk_status_bar::widgets: Updating client pill address=0x585b39ecc9e0 title="hello" compact_title="hello" class="kitty" active=false
2026-07-13T21:32:34+00:00 machine gtk-status-bar[2924]: 2026-07-13T21:32:33.897091Z DEBUG gtk_status_bar::widgets: Creating client title pill
2026-07-13T21:32:34+00:00 machine gtk-status-bar[2924]: 2026-07-13T21:32:34.228171Z  INFO gtk_status_bar::tray: Status notifier item registered item=":1.70/StatusNotifierItem"
2026-07-13T21:32:34+00:00 machine gtk-status-bar[2924]: 2026-07-13T21:32:34.638678Z DEBUG gtk_status_bar::widgets: Resolved title icon from desktop application metadata class="kitty"
2026-07-13T21:32:34+00:00 machine gtk-status-bar[2924]: 2026-07-13T21:32:34.638777Z DEBUG gtk_status_bar::widgets: Updating client pill address=0x585b3a13ac60 title="AAAAAAAAAAAAAAAAAAAAAAAAAAAAAAAAAAAAAAAAAAAAAAAAAAAAAAAAAAAAAAAA" compact_title="AAAAAAAAAAA…" class="kitty" active=false
2026-07-13T21:32:34+00:00 machine gtk-status-bar[2924]: 2026-07-13T21:32:34.638803Z DEBUG gtk_status_bar::widgets: Creating client title pill
2026-07-13T21:32:34+00:00 machine gtk-status-bar[2924]: 2026-07-13T21:32:34.685068Z DEBUG gtk_status_bar::widgets: Resolved title icon from desktop application metadata class="kitty"
2026-07-13T21:32:34+00:00 machine gtk-status-bar[2924]: 2026-07-13T21:32:34.685160Z DEBUG gtk_status_bar::widgets: Updating client pill address=0x585b39cdaf40 title="0123456789012345678901234567890…89012345678901234567890123456789" compact_title="01234567890…" class="kitty" active=false
2026-07-13T21:32:34+00:00 machine gtk-status-bar[2924]: 2026-07-13T21:32:34.685188Z DEBUG gtk_status_bar::widgets: Creating client title pill
2026-07-13T21:32:34+00:00 machine gtk-status-bar[2924]: 2026-07-13T21:32:34.721159Z DEBUG gtk_status_bar::widgets: Resolved title icon from desktop application metadata class="kitty"
2026-07-13T21:32:34+00:00 machine gtk-status-bar[2924]: 2026-07-13T21:32:34.721256Z DEBUG gtk_status_bar::widgets: Updating client pill address=0x585b3a0f2cb0 title="界🙂界🙂界🙂界🙂界🙂界🙂界🙂界🙂界🙂界🙂界🙂界🙂界🙂界🙂界🙂界…界🙂界🙂界🙂界🙂界🙂界🙂界🙂界🙂界🙂界🙂界🙂界🙂界🙂界🙂界🙂界🙂" compact_title="界🙂界🙂界🙂界🙂界🙂界…" class="kitty" active=false
2026-07-13T21:32:34+00:00 machine gtk-status-bar[2924]: 2026-07-13T21:32:34.721382Z DEBUG gtk_status_bar::widgets: Creating client title pill
2026-07-13T21:32:34+00:00 machine gtk-status-bar[2924]: 2026-07-13T21:32:34.760362Z DEBUG gtk_status_bar::widgets: Resolved title icon from desktop application metadata class="kitty"
2026-07-13T21:32:34+00:00 machine gtk-status-bar[2924]: 2026-07-13T21:32:34.760681Z DEBUG gtk_status_bar::widgets: Updating client pill address=0x585b3b18bd60 title="Focus Left" compact_title="Focus" class="kitty" active=false
2026-07-13T21:32:34+00:00 machine gtk-status-bar[2924]: 2026-07-13T21:32:34.761021Z DEBUG gtk_status_bar::widgets: Creating client title pill
2026-07-13T21:32:34+00:00 machine gtk-status-bar[2924]: 2026-07-13T21:32:34.797691Z DEBUG gtk_status_bar::widgets: Resolved title icon from desktop application metadata class="kitty"
2026-07-13T21:32:34+00:00 machine gtk-status-bar[2924]: 2026-07-13T21:32:34.797791Z DEBUG gtk_status_bar::widgets: Updating client pill address=0x585b3b294270 title="Focus Right" compact_title="Focus" class="kitty" active=true
2026-07-13T21:32:34+00:00 machine gtk-status-bar[2924]: 2026-07-13T21:32:34.797821Z DEBUG gtk_status_bar::widgets: Creating client title pill
2026-07-13T21:32:34+00:00 machine gtk-status-bar[2924]: 2026-07-13T21:32:34.831836Z DEBUG gtk_status_bar::widgets: Resolved title icon from desktop application metadata class="kitty"
2026-07-13T21:32:34+00:00 machine gtk-status-bar[2924]: 2026-07-13T21:32:34.831950Z DEBUG gtk_status_bar::widgets: Updating client pill address=0x585b3a118570 title="Close OS window" compact_title="Close" class="kitty" active=false
2026-07-13T21:32:34+00:00 machine gtk-status-bar[2924]: 2026-07-13T21:32:34.831982Z DEBUG gtk_status_bar::widgets: Creating client title pill
2026-07-13T21:32:34+00:00 machine gtk-status-bar[2924]: 2026-07-13T21:32:34.866268Z DEBUG gtk_status_bar::widgets: Resolved title icon from desktop application metadata class="kitty"
2026-07-13T21:32:34+00:00 machine gtk-status-bar[2924]: 2026-07-13T21:32:34.866366Z DEBUG gtk_status_bar::widgets: Updating client pill address=0x585b3b083b20 title="Renamed client" compact_title="Renamed" class="kitty" active=false
2026-07-13T21:32:34+00:00 machine gtk-status-bar[2924]: 2026-07-13T21:32:34.866394Z DEBUG gtk_status_bar::widgets: Creating client title pill
2026-07-13T21:32:34+00:00 machine gtk-status-bar[2924]: 2026-07-13T21:32:34.905694Z DEBUG gtk_status_bar::widgets: Resolved title icon from desktop application metadata class="kitty"
2026-07-13T21:32:34+00:00 machine gtk-status-bar[2924]: 2026-07-13T21:32:34.911721Z DEBUG gtk_status_bar::widgets: Updating time label:  9:32 PM
2026-07-13T21:32:34+00:00 machine gtk-status-bar[2924]: 2026-07-13T21:32:34.919373Z  INFO gtk_status_bar::widgets: Added system tray item item=":1.70/StatusNotifierItem"
2026-07-13T21:32:35+00:00 machine gtk-status-bar[2924]: 2026-07-13T21:32:35.001079Z DEBUG gtk_status_bar::widgets: Updating time label:  9:32 PM
2026-07-13T21:32:35+00:00 machine gtk-status-bar[2924]: 2026-07-13T21:32:35.008869Z  INFO gtk_status_bar::network: Network reachability probe completed target=198.51.100.1 success=false elapsed_ms=13
2026-07-13T21:32:35+00:00 machine gtk-status-bar[2924]: 2026-07-13T21:32:35.008929Z DEBUG gtk_status_bar::network: Sent network update label="\u{f091f} 28% \u{f0ac}"
2026-07-13T21:32:35+00:00 machine gtk-status-bar[2924]: 2026-07-13T21:32:35.020232Z DEBUG gtk_status_bar::widgets: Updating network label: 󰤟 28% 
2026-07-13T21:32:35+00:00 machine gtk-status-bar[2924]: 2026-07-13T21:32:35.587975Z  INFO gtk_status_bar::tray: Status notifier item registered item=":1.71/org/blueman/sni"
2026-07-13T21:32:35+00:00 machine gtk-status-bar[2924]: 2026-07-13T21:32:35.609247Z DEBUG gtk_status_bar::tray: Tray item property is unavailable property="IconPixmap" error=org.freedesktop.DBus.Error.InvalidArgs: No such property “IconPixmap”
2026-07-13T21:32:35+00:00 machine gtk-status-bar[2924]: 2026-07-13T21:32:35.616683Z DEBUG gtk_status_bar::tray: Tray item property is unavailable property="IconThemePath" error=org.freedesktop.DBus.Error.InvalidArgs: No such property “IconThemePath”
2026-07-13T21:32:35+00:00 machine gtk-status-bar[2924]: 2026-07-13T21:32:35.621222Z  INFO gtk_status_bar::widgets: Added system tray item item=":1.71/org/blueman/sni"
2026-07-13T21:32:36+00:00 machine gtk-status-bar[2924]: 2026-07-13T21:32:36.000794Z DEBUG gtk_status_bar::widgets: Updating time label:  9:32 PM
2026-07-13T21:32:36+00:00 machine gtk-status-bar[2924]: 2026-07-13T21:32:36.076703Z DEBUG gtk_status_bar::dbus: Got an event in event stream: Msg { type: Signal, serial: 115, sender: UniqueName(":1.6"), path: ObjectPath("/org/bluez/hci0/dev_AA_BB_CC_DD_EE_01"), iface: InterfaceName("org.freedesktop.DBus.Properties"), member: MemberName("PropertiesChanged"), body: Structure(Dynamic { fields: [Str, Dict { key: Dynamic { child: Str }, value: Dynamic { child: Variant } }, Array(Dynamic { child: Str })] }), fds: [] }
2026-07-13T21:32:36+00:00 machine gtk-status-bar[2924]: 2026-07-13T21:32:36.076790Z DEBUG gtk_status_bar::dbus: Dbus monitor: Received D-Bus message from path: Some(ObjectPath("/org/bluez/hci0/dev_AA_BB_CC_DD_EE_01")), interface: Some(InterfaceName("org.freedesktop.DBus.Properties")), member: Some(MemberName("PropertiesChanged"))
2026-07-13T21:32:36+00:00 machine gtk-status-bar[2924]: 2026-07-13T21:32:36.076838Z  INFO gtk_status_bar::dbus: Dbus monitor: Received signal
2026-07-13T21:32:36+00:00 machine gtk-status-bar[2924]: 2026-07-13T21:32:36.076885Z  INFO gtk_status_bar::dbus: Dbus monitor: Received PropertiesChanged signal
2026-07-13T21:32:36+00:00 machine gtk-status-bar[2924]: 2026-07-13T21:32:36.076948Z  INFO gtk_status_bar::dbus: Bluetooth device battery at 65%
2026-07-13T21:32:36+00:00 machine gtk-status-bar[2924]: 2026-07-13T21:32:36.076985Z  INFO gtk_status_bar::dbus: Updated device /org/bluez/hci0/dev_AA_BB_CC_DD_EE_01 battery via PropertiesChanged: Some(65)%
2026-07-13T21:32:36+00:00 machine gtk-status-bar[2924]: 2026-07-13T21:32:36.077269Z DEBUG gtk_status_bar::widgets: Updating Bluetooth battery label: D42 🎧55 P65
2026-07-13T21:32:36+00:00 machine gtk-status-bar[2924]: 2026-07-13T21:32:36.077438Z DEBUG gtk_status_bar::widgets: 👁️  SHOWING Bluetooth widget - data: D42 🎧55 P65
2026-07-13T21:32:36+00:00 machine gtk-status-bar[2924]: 2026-07-13T21:32:36.088290Z DEBUG gtk_status_bar::tray: Tray item property is unavailable property="IconPixmap" error=org.freedesktop.DBus.Error.InvalidArgs: No such property “IconPixmap”
2026-07-13T21:32:36+00:00 machine gtk-status-bar[2924]: 2026-07-13T21:32:36.126768Z DEBUG gtk_status_bar::tray: Tray item property is unavailable property="IconThemePath" error=org.freedesktop.DBus.Error.InvalidArgs: No such property “IconThemePath”
2026-07-13T21:32:36+00:00 machine gtk-status-bar[2924]: 2026-07-13T21:32:36.129250Z DEBUG gtk_status_bar::tray: Tray item property is unavailable property="IconPixmap" error=org.freedesktop.DBus.Error.InvalidArgs: No such property “IconPixmap”
2026-07-13T21:32:36+00:00 machine gtk-status-bar[2924]: 2026-07-13T21:32:36.130045Z DEBUG gtk_status_bar::tray: Tray item property is unavailable property="IconThemePath" error=org.freedesktop.DBus.Error.InvalidArgs: No such property “IconThemePath”
2026-07-13T21:32:36+00:00 machine gtk-status-bar[2924]: 2026-07-13T21:32:36.693659Z  INFO gtk_status_bar::network: Network reachability probe completed target=198.51.100.1 success=false elapsed_ms=21
2026-07-13T21:32:36+00:00 machine gtk-status-bar[2924]: 2026-07-13T21:32:36.693769Z DEBUG gtk_status_bar::network: Sent network update label="\u{f091f} 28% \u{f0ac}"
2026-07-13T21:32:36+00:00 machine gtk-status-bar[2924]: 2026-07-13T21:32:36.693976Z DEBUG gtk_status_bar::widgets: Updating network label: 󰤟 28% 
2026-07-13T21:32:37+00:00 machine gtk-status-bar[2924]: 2026-07-13T21:32:37.001997Z DEBUG gtk_status_bar::widgets: Updating time label:  9:32 PM
2026-07-13T21:32:37+00:00 machine gtk-status-bar[2924]: 2026-07-13T21:32:37.623222Z  INFO gtk_status_bar::network: Network reachability probe completed target=192.0.2.1 success=true elapsed_ms=22
2026-07-13T21:32:37+00:00 machine gtk-status-bar[2924]: 2026-07-13T21:32:37.623309Z DEBUG gtk_status_bar::network: Sent network update label="\u{f091f} 28% \u{f0ac}"
2026-07-13T21:32:37+00:00 machine gtk-status-bar[2924]: 2026-07-13T21:32:37.623919Z DEBUG gtk_status_bar::widgets: Updating network label: 󰤟 28% 
2026-07-13T21:32:38+00:00 machine gtk-status-bar[2924]: 2026-07-13T21:32:38.001751Z DEBUG gtk_status_bar::widgets: Updating time label:  9:32 PM
2026-07-13T21:32:38+00:00 machine gtk-status-bar[2924]: 2026-07-13T21:32:38.339366Z  INFO gtk_status_bar::network: Network reachability probe completed target=198.51.100.1 success=false elapsed_ms=14
2026-07-13T21:32:38+00:00 machine gtk-status-bar[2924]: 2026-07-13T21:32:38.339602Z DEBUG gtk_status_bar::network: Sent network update label="\u{f091f} 28% \u{f0ac}"
2026-07-13T21:32:38+00:00 machine gtk-status-bar[2924]: 2026-07-13T21:32:38.339701Z DEBUG gtk_status_bar::widgets: Updating network label: 󰤟 28% 
2026-07-13T21:32:38+00:00 machine gtk-status-bar[2924]: 2026-07-13T21:32:38.751370Z  INFO gtk_status_bar::network: Network reachability probe completed target=192.0.2.1 success=true elapsed_ms=15
2026-07-13T21:32:38+00:00 machine gtk-status-bar[2924]: 2026-07-13T21:32:38.751413Z DEBUG gtk_status_bar::network: Sent network update label="\u{f091f} 28% \u{f0ac}"
2026-07-13T21:32:38+00:00 machine gtk-status-bar[2924]: 2026-07-13T21:32:38.751654Z DEBUG gtk_status_bar::widgets: Updating network label: 󰤟 28% 
2026-07-13T21:32:39+00:00 machine gtk-status-bar[2924]: 2026-07-13T21:32:39.001562Z DEBUG gtk_status_bar::widgets: Updating time label:  9:32 PM
2026-07-13T21:32:39+00:00 machine gtk-status-bar[2924]: 2026-07-13T21:32:39.794199Z DEBUG gtk_status_bar::dbus: Got an event in event stream: Msg { type: Signal, serial: 119, sender: UniqueName(":1.6"), path: ObjectPath("/"), iface: InterfaceName("org.freedesktop.DBus.ObjectManager"), member: MemberName("InterfacesRemoved"), body: Structure(Dynamic { fields: [ObjectPath, Array(Dynamic { child: Str })] }), fds: [] }
2026-07-13T21:32:39+00:00 machine gtk-status-bar[2924]: 2026-07-13T21:32:39.794248Z DEBUG gtk_status_bar::dbus: Dbus monitor: Received D-Bus message from path: Some(ObjectPath("/")), interface: Some(InterfaceName("org.freedesktop.DBus.ObjectManager")), member: Some(MemberName("InterfacesRemoved"))
2026-07-13T21:32:39+00:00 machine gtk-status-bar[2924]: 2026-07-13T21:32:39.794267Z  INFO gtk_status_bar::dbus: Dbus monitor: Received signal
2026-07-13T21:32:39+00:00 machine gtk-status-bar[2924]: 2026-07-13T21:32:39.794284Z  INFO gtk_status_bar::dbus: Dbus monitor: Received InterfacesRemoved signal from ObjectManager
2026-07-13T21:32:39+00:00 machine gtk-status-bar[2924]: 2026-07-13T21:32:39.794625Z DEBUG gtk_status_bar::dbus: Dbus monitor: Interfaces removed from /org/bluez/hci0/dev_AA_BB_CC_DD_EE_01: Array { elements: [Str("org.bluez.Device1")], signature: Array(Dynamic { child: Str }) }
2026-07-13T21:32:39+00:00 machine gtk-status-bar[2924]: 2026-07-13T21:32:39.794679Z  INFO gtk_status_bar::dbus: Dbus monitor: Bluetooth Device1 interface removed from /org/bluez/hci0/dev_AA_BB_CC_DD_EE_01
2026-07-13T21:32:39+00:00 machine gtk-status-bar[2924]: 2026-07-13T21:32:39.794703Z  INFO gtk_status_bar::dbus: Removed device /org/bluez/hci0/dev_AA_BB_CC_DD_EE_01 from HashMap (Device1 gone)
2026-07-13T21:32:39+00:00 machine gtk-status-bar[2924]: 2026-07-13T21:32:39.794949Z DEBUG gtk_status_bar::widgets: Updating Bluetooth battery label: D42 🎧55
2026-07-13T21:32:39+00:00 machine gtk-status-bar[2924]: 2026-07-13T21:32:39.795103Z DEBUG gtk_status_bar::widgets: 👁️  SHOWING Bluetooth widget - data: D42 🎧55
2026-07-13T21:32:39+00:00 machine gtk-status-bar[2924]: 2026-07-13T21:32:39.842108Z  INFO gtk_status_bar::network: Network reachability probe completed target=198.51.100.1 success=false elapsed_ms=35
2026-07-13T21:32:39+00:00 machine gtk-status-bar[2924]: 2026-07-13T21:32:39.842162Z DEBUG gtk_status_bar::network: Sent network update label="\u{f091f} 28% \u{f0ac}"
2026-07-13T21:32:39+00:00 machine gtk-status-bar[2924]: 2026-07-13T21:32:39.842385Z DEBUG gtk_status_bar::widgets: Updating network label: 󰤟 28% 
2026-07-13T21:32:39+00:00 machine gtk-status-bar[2924]: 2026-07-13T21:32:39.991715Z  INFO gtk_status_bar::network: Network reachability probe completed target=192.0.2.1 success=true elapsed_ms=21
2026-07-13T21:32:39+00:00 machine gtk-status-bar[2924]: 2026-07-13T21:32:39.991783Z DEBUG gtk_status_bar::network: Sent network update label="\u{f091f} 28% \u{f0ac}"
2026-07-13T21:32:39+00:00 machine gtk-status-bar[2924]: 2026-07-13T21:32:39.991973Z DEBUG gtk_status_bar::widgets: Updating network label: 󰤟 28% 
2026-07-13T21:32:40+00:00 machine gtk-status-bar[2924]: 2026-07-13T21:32:40.015181Z DEBUG gtk_status_bar::widgets: Updating time label:  9:32 PM
2026-07-13T21:32:40+00:00 machine gtk-status-bar[2924]: 2026-07-13T21:32:40.094176Z  INFO gtk_status_bar::network: Network reachability probe completed target=198.51.100.1 success=false elapsed_ms=24
2026-07-13T21:32:40+00:00 machine gtk-status-bar[2924]: 2026-07-13T21:32:40.094269Z DEBUG gtk_status_bar::network: Sent network update label="\u{f091f} 28% \u{f0ac}"
2026-07-13T21:32:40+00:00 machine gtk-status-bar[2924]: 2026-07-13T21:32:40.094531Z DEBUG gtk_status_bar::widgets: Updating network label: 󰤟 28% 
2026-07-13T21:32:41+00:00 machine gtk-status-bar[2924]: 2026-07-13T21:32:41.002059Z DEBUG gtk_status_bar::widgets: Updating time label:  9:32 PM
2026-07-13T21:32:41+00:00 machine gtk-status-bar[2924]: 2026-07-13T21:32:41.867128Z  INFO gtk_status_bar::network: Network reachability probe completed target=192.0.2.1 success=true elapsed_ms=13
2026-07-13T21:32:41+00:00 machine gtk-status-bar[2924]: 2026-07-13T21:32:41.867173Z DEBUG gtk_status_bar::network: Sent network update label="\u{f091f} 28% \u{f0ac}"
2026-07-13T21:32:41+00:00 machine gtk-status-bar[2924]: 2026-07-13T21:32:41.867369Z DEBUG gtk_status_bar::widgets: Updating network label: 󰤟 28% 
2026-07-13T21:32:42+00:00 machine gtk-status-bar[2924]: 2026-07-13T21:32:42.001872Z DEBUG gtk_status_bar::widgets: Updating time label:  9:32 PM
2026-07-13T21:32:42+00:00 machine gtk-status-bar[2924]: 2026-07-13T21:32:42.439270Z DEBUG gtk_status_bar::dbus: Got an event in event stream: Msg { type: Signal, serial: 123, sender: UniqueName(":1.6"), path: ObjectPath("/"), iface: InterfaceName("org.freedesktop.DBus.ObjectManager"), member: MemberName("InterfacesRemoved"), body: Structure(Dynamic { fields: [ObjectPath, Array(Dynamic { child: Str })] }), fds: [] }
2026-07-13T21:32:42+00:00 machine gtk-status-bar[2924]: 2026-07-13T21:32:42.439311Z DEBUG gtk_status_bar::dbus: Dbus monitor: Received D-Bus message from path: Some(ObjectPath("/")), interface: Some(InterfaceName("org.freedesktop.DBus.ObjectManager")), member: Some(MemberName("InterfacesRemoved"))
2026-07-13T21:32:42+00:00 machine gtk-status-bar[2924]: 2026-07-13T21:32:42.439332Z  INFO gtk_status_bar::dbus: Dbus monitor: Received signal
2026-07-13T21:32:42+00:00 machine gtk-status-bar[2924]: 2026-07-13T21:32:42.439354Z  INFO gtk_status_bar::dbus: Dbus monitor: Received InterfacesRemoved signal from ObjectManager
2026-07-13T21:32:42+00:00 machine gtk-status-bar[2924]: 2026-07-13T21:32:42.439380Z DEBUG gtk_status_bar::dbus: Dbus monitor: Interfaces removed from /org/bluez/hci0/dev_AA_BB_CC_DD_EE_02: Array { elements: [Str("org.bluez.Device1")], signature: Array(Dynamic { child: Str }) }
2026-07-13T21:32:42+00:00 machine gtk-status-bar[2924]: 2026-07-13T21:32:42.439400Z  INFO gtk_status_bar::dbus: Dbus monitor: Bluetooth Device1 interface removed from /org/bluez/hci0/dev_AA_BB_CC_DD_EE_02
2026-07-13T21:32:42+00:00 machine gtk-status-bar[2924]: 2026-07-13T21:32:42.439419Z  INFO gtk_status_bar::dbus: Removed device /org/bluez/hci0/dev_AA_BB_CC_DD_EE_02 from HashMap (Device1 gone)
2026-07-13T21:32:42+00:00 machine gtk-status-bar[2924]: 2026-07-13T21:32:42.439752Z DEBUG gtk_status_bar::widgets: Updating Bluetooth battery label: 🎧55
2026-07-13T21:32:42+00:00 machine gtk-status-bar[2924]: 2026-07-13T21:32:42.439841Z DEBUG gtk_status_bar::widgets: 👁️  SHOWING Bluetooth widget - data: 🎧55
2026-07-13T21:32:42+00:00 machine gtk-status-bar[2924]: 2026-07-13T21:32:42.730285Z DEBUG gtk_status_bar::dbus: Got an event in event stream: Msg { type: Signal, serial: 127, sender: UniqueName(":1.6"), path: ObjectPath("/"), iface: InterfaceName("org.freedesktop.DBus.ObjectManager"), member: MemberName("InterfacesRemoved"), body: Structure(Dynamic { fields: [ObjectPath, Array(Dynamic { child: Str })] }), fds: [] }
2026-07-13T21:32:42+00:00 machine gtk-status-bar[2924]: 2026-07-13T21:32:42.732230Z DEBUG gtk_status_bar::dbus: Dbus monitor: Received D-Bus message from path: Some(ObjectPath("/")), interface: Some(InterfaceName("org.freedesktop.DBus.ObjectManager")), member: Some(MemberName("InterfacesRemoved"))
2026-07-13T21:32:42+00:00 machine gtk-status-bar[2924]: 2026-07-13T21:32:42.732269Z  INFO gtk_status_bar::dbus: Dbus monitor: Received signal
2026-07-13T21:32:42+00:00 machine gtk-status-bar[2924]: 2026-07-13T21:32:42.732301Z  INFO gtk_status_bar::dbus: Dbus monitor: Received InterfacesRemoved signal from ObjectManager
2026-07-13T21:32:42+00:00 machine gtk-status-bar[2924]: 2026-07-13T21:32:42.732346Z DEBUG gtk_status_bar::dbus: Dbus monitor: Interfaces removed from /org/bluez/hci0/dev_AA_BB_CC_DD_EE_03: Array { elements: [Str("org.bluez.Device1")], signature: Array(Dynamic { child: Str }) }
2026-07-13T21:32:42+00:00 machine gtk-status-bar[2924]: 2026-07-13T21:32:42.732373Z  INFO gtk_status_bar::dbus: Dbus monitor: Bluetooth Device1 interface removed from /org/bluez/hci0/dev_AA_BB_CC_DD_EE_03
2026-07-13T21:32:42+00:00 machine gtk-status-bar[2924]: 2026-07-13T21:32:42.732398Z  INFO gtk_status_bar::dbus: Removed device /org/bluez/hci0/dev_AA_BB_CC_DD_EE_03 from HashMap (Device1 gone)
2026-07-13T21:32:42+00:00 machine gtk-status-bar[2924]: 2026-07-13T21:32:42.732658Z DEBUG gtk_status_bar::widgets: Updating Bluetooth battery label:
2026-07-13T21:32:42+00:00 machine gtk-status-bar[2924]: 2026-07-13T21:32:42.732755Z DEBUG gtk_status_bar::widgets: 🙈 HIDING Bluetooth widget - no devices
2026-07-13T21:32:43+00:00 machine gtk-status-bar[2924]: 2026-07-13T21:32:43.002016Z DEBUG gtk_status_bar::widgets: Updating time label:  9:32 PM
2026-07-13T21:32:43+00:00 machine gtk-status-bar[2924]: 2026-07-13T21:32:43.718164Z  INFO gtk_status_bar::network: Network reachability probe completed target=198.51.100.1 success=false elapsed_ms=13
2026-07-13T21:32:43+00:00 machine gtk-status-bar[2924]: 2026-07-13T21:32:43.718244Z DEBUG gtk_status_bar::network: Sent network update label="\u{f091f} 28% \u{f0ac}"
2026-07-13T21:32:43+00:00 machine gtk-status-bar[2924]: 2026-07-13T21:32:43.718389Z DEBUG gtk_status_bar::widgets: Updating network label: 󰤟 28% 
2026-07-13T21:32:44+00:00 machine gtk-status-bar[2924]: 2026-07-13T21:32:44.002019Z DEBUG gtk_status_bar::widgets: Updating time label:  9:32 PM
2026-07-13T21:32:44+00:00 machine gtk-status-bar[2924]: 2026-07-13T21:32:44.209876Z  INFO gtk_status_bar::network: Network reachability probe completed target=192.0.2.1 success=true elapsed_ms=21
2026-07-13T21:32:44+00:00 machine gtk-status-bar[2924]: 2026-07-13T21:32:44.209973Z DEBUG gtk_status_bar::network: Sent network update label="\u{f091f} 28% \u{f0ac}"
2026-07-13T21:32:44+00:00 machine gtk-status-bar[2924]: 2026-07-13T21:32:44.210131Z DEBUG gtk_status_bar::widgets: Updating network label: 󰤟 28% 
2026-07-13T21:32:44+00:00 machine gtk-status-bar[2924]: 2026-07-13T21:32:44.447762Z  INFO gtk_status_bar::network: Network reachability probe completed target=198.51.100.1 success=false elapsed_ms=16
2026-07-13T21:32:44+00:00 machine gtk-status-bar[2924]: 2026-07-13T21:32:44.447812Z DEBUG gtk_status_bar::network: Sent network update label="\u{f091f} 28% \u{f0ac}"
2026-07-13T21:32:44+00:00 machine gtk-status-bar[2924]: 2026-07-13T21:32:44.447989Z DEBUG gtk_status_bar::widgets: Updating network label: 󰤟 28% 
2026-07-13T21:32:45+00:00 machine gtk-status-bar[2924]: 2026-07-13T21:32:45.001685Z DEBUG gtk_status_bar::widgets: Updating time label:  9:32 PM
2026-07-13T21:32:45+00:00 machine gtk-status-bar[2924]: 2026-07-13T21:32:45.373151Z DEBUG gtk_status_bar::pw: 🚫 Skipping metadata '' (props: Some(DictRef { flags: Flags(0x0), entries: {"object.serial": "61", "module.id": "2", "pipewire.protocol": "protocol-native", "pipewire.sec.pid": "1397", "pipewire.sec.uid": "1000", "pipewire.sec.gid": "100", "pipewire.sec.socket": "pipewire-0", "application.name": "pactl", "pipewire.access": "unrestricted"} }))
2026-07-13T21:32:45+00:00 machine gtk-status-bar[2924]: 2026-07-13T21:32:45.385244Z DEBUG gtk_status_bar::pw: 🚫 Skipping metadata '' (props: Some(DictRef { flags: Flags(0x0), entries: {"object.serial": "62", "module.id": "2", "pipewire.protocol": "protocol-native", "pipewire.sec.pid": "1397", "pipewire.sec.uid": "1000", "pipewire.sec.gid": "100", "pipewire.sec.socket": "pipewire-0", "application.name": "pipewire", "pipewire.access": "unrestricted"} }))
2026-07-13T21:32:45+00:00 machine gtk-status-bar[2924]: 2026-07-13T21:32:45.385288Z DEBUG gtk_status_bar::pw: 🚫 Skipping metadata '' (props: Some(DictRef { flags: Flags(0x0), entries: {"object.serial": "63", "factory.id": "19", "client.id": "61", "node.description": "Alpha", "node.name": "Alpha", "media.class": "Audio/Sink"} }))
2026-07-13T21:32:45+00:00 machine gtk-status-bar[2924]: 2026-07-13T21:32:45.385309Z DEBUG gtk_status_bar::pw: 🔍 Checking node - media.class: Some("Audio/Sink")
2026-07-13T21:32:45+00:00 machine gtk-status-bar[2924]: 2026-07-13T21:32:45.385332Z DEBUG gtk_status_bar::pw: 🔍 Node filter result: true for media.class: Some("Audio/Sink")
2026-07-13T21:32:45+00:00 machine gtk-status-bar[2924]: 2026-07-13T21:32:45.385366Z DEBUG gtk_status_bar::pw: 📱 Monitoring audio node: Alpha (5) [node.name: Alpha]
2026-07-13T21:32:45+00:00 machine gtk-status-bar[2924]: 2026-07-13T21:32:45.385387Z DEBUG gtk_status_bar::pw: 🔗 ADDING NODE LISTENER for node.name: Alpha
2026-07-13T21:32:45+00:00 machine gtk-status-bar[2924]: 2026-07-13T21:32:45.385403Z DEBUG gtk_status_bar::pw: 📝 Added device to HashMap: 5 -> (Alpha, Alpha, no volume yet)
2026-07-13T21:32:45+00:00 machine gtk-status-bar[2924]: 2026-07-13T21:32:45.385418Z DEBUG gtk_status_bar::pw: 🗂️ Current device map size: 2
2026-07-13T21:32:45+00:00 machine gtk-status-bar[2924]: 2026-07-13T21:32:45.433053Z DEBUG gtk_status_bar::pw: 🗑️ Node 4 removed, cleaning up
2026-07-13T21:32:45+00:00 machine gtk-status-bar[2924]: 2026-07-13T21:32:45.433114Z DEBUG gtk_status_bar::pw: ✅ Removed device from HashMap: 4 -> (auto_null, Dummy Output)
2026-07-13T21:32:45+00:00 machine gtk-status-bar[2924]: 2026-07-13T21:32:45.433132Z DEBUG gtk_status_bar::pw: 🗂️ Device map size after removal: 1
2026-07-13T21:32:45+00:00 machine gtk-status-bar[2924]: 2026-07-13T21:32:45.433417Z DEBUG gtk_status_bar::pw: 📝 metadata.property subject=0 key=Some("default.audio.sink") value=None
2026-07-13T21:32:45+00:00 machine gtk-status-bar[2924]: 2026-07-13T21:32:45.433442Z DEBUG gtk_status_bar::pw: 🚫 Skipping metadata property: value is None for key Some("default.audio.sink")
2026-07-13T21:32:45+00:00 machine gtk-status-bar[2924]: 2026-07-13T21:32:45.433592Z DEBUG gtk_status_bar::pw: 🚫 Skipping metadata '' (props: Some(DictRef { flags: Flags(0x0), entries: {"object.serial": "64", "object.path": "Alpha:playback_0", "format.dsp": "32 bit float mono audio", "node.id": "62", "audio.channel": "FL", "port.id": "0", "port.name": "playback_FL", "port.direction": "in", "port.alias": "Alpha:playback_FL", "port.group": "stream.0"} }))
2026-07-13T21:32:45+00:00 machine gtk-status-bar[2924]: 2026-07-13T21:32:45.433617Z DEBUG gtk_status_bar::pw: 🚫 Skipping metadata '' (props: Some(DictRef { flags: Flags(0x0), entries: {"object.serial": "65", "object.path": "Alpha:playback_1", "format.dsp": "32 bit float mono audio", "node.id": "62", "audio.channel": "FR", "port.id": "1", "port.name": "playback_FR", "port.direction": "in", "port.alias": "Alpha:playback_FR", "port.group": "stream.0"} }))
2026-07-13T21:32:45+00:00 machine gtk-status-bar[2924]: 2026-07-13T21:32:45.433646Z DEBUG gtk_status_bar::pw: 🚫 Skipping metadata '' (props: Some(DictRef { flags: Flags(0x0), entries: {"object.serial": "66", "object.path": "Alpha:monitor_0", "format.dsp": "32 bit float mono audio", "node.id": "62", "audio.channel": "FL", "port.id": "0", "port.name": "monitor_FL", "port.direction": "out", "port.monitor": "true", "port.alias": "Alpha:monitor_FL", "port.group": "stream.0"} }))
2026-07-13T21:32:45+00:00 machine gtk-status-bar[2924]: 2026-07-13T21:32:45.433669Z DEBUG gtk_status_bar::pw: 🚫 Skipping metadata '' (props: Some(DictRef { flags: Flags(0x0), entries: {"object.serial": "67", "object.path": "Alpha:monitor_1", "format.dsp": "32 bit float mono audio", "node.id": "62", "audio.channel": "FR", "port.id": "1", "port.name": "monitor_FR", "port.direction": "out", "port.monitor": "true", "port.alias": "Alpha:monitor_FR", "port.group": "stream.0"} }))
2026-07-13T21:32:45+00:00 machine gtk-status-bar[2924]: 2026-07-13T21:32:45.433689Z DEBUG gtk_status_bar::pw: 📝 metadata.property subject=0 key=Some("default.audio.sink") value=Some("{\"name\":\"Alpha\"}")
2026-07-13T21:32:45+00:00 machine gtk-status-bar[2924]: 2026-07-13T21:32:45.433705Z DEBUG gtk_status_bar::pw: 🔍 Processing metadata property: default.audio.sink={"name":"Alpha"}
2026-07-13T21:32:45+00:00 machine gtk-status-bar[2924]: 2026-07-13T21:32:45.433722Z  INFO gtk_status_bar::pw: 🔄 Default sink -> Alpha
2026-07-13T21:32:45+00:00 machine gtk-status-bar[2924]: 2026-07-13T21:32:45.433736Z DEBUG gtk_status_bar::pw: 🎯 SINK CHANGE: Some("auto_null") -> Alpha (should trigger volume fetch)
2026-07-13T21:32:45+00:00 machine gtk-status-bar[2924]: 2026-07-13T21:32:45.433751Z DEBUG gtk_status_bar::pw: 🗂️ Searching device map for default sink 'Alpha'
2026-07-13T21:32:45+00:00 machine gtk-status-bar[2924]: 2026-07-13T21:32:45.433764Z DEBUG gtk_status_bar::pw: 🗂️ Current device map contents: {5: ("Alpha", "Alpha", None, None, None)}
2026-07-13T21:32:45+00:00 machine gtk-status-bar[2924]: 2026-07-13T21:32:45.433780Z DEBUG gtk_status_bar::pw: 🔍 Checking device 5: node_name='Alpha', description='Alpha' against default sink 'Alpha'
2026-07-13T21:32:45+00:00 machine gtk-status-bar[2924]: 2026-07-13T21:32:45.433794Z DEBUG gtk_status_bar::pw: 🎯 MATCH! Found device 5 with node_name 'Alpha' matching default sink
2026-07-13T21:32:45+00:00 machine gtk-status-bar[2924]: 2026-07-13T21:32:45.433808Z DEBUG gtk_status_bar::pw: 🎨 Updating GUI label to: 'Alpha' with cached volume data
2026-07-13T21:32:45+00:00 machine gtk-status-bar[2924]: 2026-07-13T21:32:45.433821Z DEBUG gtk_status_bar::pw: 💾 Cached volume data: Vol: None%, Ch: None%, Mute: None
2026-07-13T21:32:45+00:00 machine gtk-status-bar[2924]: 2026-07-13T21:32:45.433941Z DEBUG gtk_status_bar::pw: ✅ Sent REAL volume data to GUI: 'Alpha' Vol: None%, Ch: None%, Mute: None
2026-07-13T21:32:45+00:00 machine gtk-status-bar[2924]: 2026-07-13T21:32:45.434044Z DEBUG gtk_status_bar::pw: 🎛️  NODE PARAM CALLBACK: Alpha (5) received Props param
2026-07-13T21:32:45+00:00 machine gtk-status-bar[2924]: 2026-07-13T21:32:45.434064Z DEBUG gtk_status_bar::pw: 🔊 Node 5: Alpha - Vol: Some(100)% | Ch: Some(100)% | Mute: Some(false) [CACHING]
2026-07-13T21:32:45+00:00 machine gtk-status-bar[2924]: 2026-07-13T21:32:45.434080Z DEBUG gtk_status_bar::pw: 📝 Updated volume cache for device 5: Alpha -> Vol: Some(100)%, Ch: Some(100)%, Mute: Some(false)
2026-07-13T21:32:45+00:00 machine gtk-status-bar[2924]: 2026-07-13T21:32:45.434094Z DEBUG gtk_status_bar::pw: 🎯 Checking if device 5 is default: current_default=Some("Alpha"), node_name=Alpha, is_default=true
2026-07-13T21:32:45+00:00 machine gtk-status-bar[2924]: 2026-07-13T21:32:45.434110Z DEBUG gtk_status_bar::pw: 📤 SENDING VOLUME UPDATE to GUI for default sink (node id=5)
2026-07-13T21:32:45+00:00 machine gtk-status-bar[2924]: 2026-07-13T21:32:45.434127Z ERROR gtk_status_bar::pw: ❌ PipeWire error id:5 seq:7 res:-2: enum params id:13 (Spa:Enum:ParamId:Route) failed
2026-07-13T21:32:45+00:00 machine gtk-status-bar[2924]: 2026-07-13T21:32:45.434296Z DEBUG gtk_status_bar::widgets: 📺 Skipping GUI update - no volume data available
2026-07-13T21:32:45+00:00 machine gtk-status-bar[2924]: 2026-07-13T21:32:45.434405Z DEBUG gtk_status_bar::widgets: 📺 GTK UI updated via ASYNC: 🔊A100
2026-07-13T21:32:45+00:00 machine gtk-status-bar[2924]: 2026-07-13T21:32:45.707007Z DEBUG gtk_status_bar::pw: 🚫 Skipping metadata '' (props: Some(DictRef { flags: Flags(0x0), entries: {"object.serial": "68", "module.id": "2", "pipewire.protocol": "protocol-native", "pipewire.sec.pid": "1397", "pipewire.sec.uid": "1000", "pipewire.sec.gid": "100", "pipewire.sec.socket": "pipewire-0", "application.name": "pactl", "pipewire.access": "unrestricted"} }))
2026-07-13T21:32:45+00:00 machine gtk-status-bar[2924]: 2026-07-13T21:32:45.723971Z DEBUG gtk_status_bar::pw: 📝 metadata.property subject=0 key=Some("default.configured.audio.sink") value=Some("{ \"name\": \"Alpha\" }")
2026-07-13T21:32:45+00:00 machine gtk-status-bar[2924]: 2026-07-13T21:32:45.724015Z DEBUG gtk_status_bar::pw: 🔍 Processing metadata property: default.configured.audio.sink={ "name": "Alpha" }
2026-07-13T21:32:45+00:00 machine gtk-status-bar[2924]: 2026-07-13T21:32:45.724036Z DEBUG gtk_status_bar::pw: 🔧 Other metadata property: default.configured.audio.sink (ignored)
2026-07-13T21:32:45+00:00 machine gtk-status-bar[2924]: 2026-07-13T21:32:45.880376Z DEBUG gtk_status_bar::pw: 🚫 Skipping metadata '' (props: Some(DictRef { flags: Flags(0x0), entries: {"object.serial": "69", "module.id": "2", "pipewire.protocol": "protocol-native", "pipewire.sec.pid": "1397", "pipewire.sec.uid": "1000", "pipewire.sec.gid": "100", "pipewire.sec.socket": "pipewire-0", "application.name": "pactl", "pipewire.access": "unrestricted"} }))
2026-07-13T21:32:45+00:00 machine gtk-status-bar[2924]: 2026-07-13T21:32:45.887666Z DEBUG gtk_status_bar::pw: 🎛️  NODE PARAM CALLBACK: Alpha (5) received Props param
2026-07-13T21:32:45+00:00 machine gtk-status-bar[2924]: 2026-07-13T21:32:45.887703Z DEBUG gtk_status_bar::pw: 🔊 Node 5: Alpha - Vol: Some(100)% | Ch: Some(50)% | Mute: Some(false) [CACHING]
2026-07-13T21:32:45+00:00 machine gtk-status-bar[2924]: 2026-07-13T21:32:45.887726Z DEBUG gtk_status_bar::pw: 📝 Updated volume cache for device 5: Alpha -> Vol: Some(100)%, Ch: Some(50)%, Mute: Some(false)
2026-07-13T21:32:45+00:00 machine gtk-status-bar[2924]: 2026-07-13T21:32:45.887747Z DEBUG gtk_status_bar::pw: 🎯 Checking if device 5 is default: current_default=Some("Alpha"), node_name=Alpha, is_default=true
2026-07-13T21:32:45+00:00 machine gtk-status-bar[2924]: 2026-07-13T21:32:45.887765Z DEBUG gtk_status_bar::pw: 📤 SENDING VOLUME UPDATE to GUI for default sink (node id=5)
2026-07-13T21:32:45+00:00 machine gtk-status-bar[2924]: 2026-07-13T21:32:45.888040Z DEBUG gtk_status_bar::widgets: 📺 GTK UI updated via ASYNC: 🔊A50
2026-07-13T21:32:46+00:00 machine gtk-status-bar[2924]: 2026-07-13T21:32:46.001103Z DEBUG gtk_status_bar::widgets: Updating time label:  9:32 PM
2026-07-13T21:32:46+00:00 machine gtk-status-bar[2924]: 2026-07-13T21:32:46.039058Z  INFO gtk_status_bar::network: Network reachability probe completed target=192.0.2.1 success=true elapsed_ms=11
2026-07-13T21:32:46+00:00 machine gtk-status-bar[2924]: 2026-07-13T21:32:46.039100Z DEBUG gtk_status_bar::network: Sent network update label="\u{f091f} 28% \u{f0ac}"
2026-07-13T21:32:46+00:00 machine gtk-status-bar[2924]: 2026-07-13T21:32:46.039267Z DEBUG gtk_status_bar::widgets: Updating network label: 󰤟 28% 
2026-07-13T21:32:47+00:00 machine gtk-status-bar[2924]: 2026-07-13T21:32:47.001850Z DEBUG gtk_status_bar::widgets: Updating time label:  9:32 PM
2026-07-13T21:32:47+00:00 machine gtk-status-bar[2924]: 2026-07-13T21:32:47.451212Z  INFO gtk_status_bar::network: Network reachability probe completed target=198.51.100.1 success=false elapsed_ms=22
2026-07-13T21:32:47+00:00 machine gtk-status-bar[2924]: 2026-07-13T21:32:47.451275Z DEBUG gtk_status_bar::network: Sent network update label="\u{f091f} 28% \u{f0ac}"
2026-07-13T21:32:47+00:00 machine gtk-status-bar[2924]: 2026-07-13T21:32:47.451811Z DEBUG gtk_status_bar::widgets: Updating network label: 󰤟 28% 
2026-07-13T21:32:48+00:00 machine gtk-status-bar[2924]: 2026-07-13T21:32:48.002246Z DEBUG gtk_status_bar::widgets: Updating time label:  9:32 PM
2026-07-13T21:32:48+00:00 machine gtk-status-bar[2924]: 2026-07-13T21:32:48.387162Z  INFO gtk_status_bar::network: Network reachability probe completed target=192.0.2.1 success=true elapsed_ms=28
2026-07-13T21:32:48+00:00 machine gtk-status-bar[2924]: 2026-07-13T21:32:48.387277Z DEBUG gtk_status_bar::network: Sent network update label="\u{f091f} 28% \u{f0ac}"
2026-07-13T21:32:48+00:00 machine gtk-status-bar[2924]: 2026-07-13T21:32:48.387456Z DEBUG gtk_status_bar::widgets: Updating network label: 󰤟 28% 
2026-07-13T21:32:49+00:00 machine gtk-status-bar[2924]: 2026-07-13T21:32:49.001325Z DEBUG gtk_status_bar::widgets: Updating time label:  9:32 PM
2026-07-13T21:32:49+00:00 machine gtk-status-bar[2924]: 2026-07-13T21:32:49.547300Z DEBUG gtk_status_bar::pw: 🚫 Skipping metadata '' (props: Some(DictRef { flags: Flags(0x0), entries: {"object.serial": "70", "module.id": "2", "pipewire.protocol": "protocol-native", "pipewire.sec.pid": "1397", "pipewire.sec.uid": "1000", "pipewire.sec.gid": "100", "pipewire.sec.socket": "pipewire-0", "application.name": "pactl", "pipewire.access": "unrestricted"} }))
2026-07-13T21:32:49+00:00 machine gtk-status-bar[2924]: 2026-07-13T21:32:49.553719Z DEBUG gtk_status_bar::pw: 🎛️  NODE PARAM CALLBACK: Alpha (5) received Props param
2026-07-13T21:32:49+00:00 machine gtk-status-bar[2924]: 2026-07-13T21:32:49.553759Z DEBUG gtk_status_bar::pw: 🔊 Node 5: Alpha - Vol: Some(100)% | Ch: Some(75)% | Mute: Some(false) [CACHING]
2026-07-13T21:32:49+00:00 machine gtk-status-bar[2924]: 2026-07-13T21:32:49.553780Z DEBUG gtk_status_bar::pw: 📝 Updated volume cache for device 5: Alpha -> Vol: Some(100)%, Ch: Some(75)%, Mute: Some(false)
2026-07-13T21:32:49+00:00 machine gtk-status-bar[2924]: 2026-07-13T21:32:49.553798Z DEBUG gtk_status_bar::pw: 🎯 Checking if device 5 is default: current_default=Some("Alpha"), node_name=Alpha, is_default=true
2026-07-13T21:32:49+00:00 machine gtk-status-bar[2924]: 2026-07-13T21:32:49.553815Z DEBUG gtk_status_bar::pw: 📤 SENDING VOLUME UPDATE to GUI for default sink (node id=5)
2026-07-13T21:32:49+00:00 machine gtk-status-bar[2924]: 2026-07-13T21:32:49.554135Z DEBUG gtk_status_bar::widgets: 📺 GTK UI updated via ASYNC: 🔊A75
2026-07-13T21:32:49+00:00 machine gtk-status-bar[2924]: 2026-07-13T21:32:49.813922Z  INFO gtk_status_bar::network: Network reachability probe completed target=198.51.100.1 success=false elapsed_ms=10
2026-07-13T21:32:49+00:00 machine gtk-status-bar[2924]: 2026-07-13T21:32:49.814025Z DEBUG gtk_status_bar::network: Sent network update label="\u{f091f} 28% \u{f0ac}"
2026-07-13T21:32:49+00:00 machine gtk-status-bar[2924]: 2026-07-13T21:32:49.814188Z DEBUG gtk_status_bar::widgets: Updating network label: 󰤟 28% 
2026-07-13T21:32:50+00:00 machine gtk-status-bar[2924]: 2026-07-13T21:32:50.000991Z DEBUG gtk_status_bar::widgets: Updating time label:  9:32 PM
2026-07-13T21:32:50+00:00 machine gtk-status-bar[2924]: 2026-07-13T21:32:50.128828Z  INFO gtk_status_bar::network: Network reachability probe completed target=192.0.2.1 success=true elapsed_ms=13
2026-07-13T21:32:50+00:00 machine gtk-status-bar[2924]: 2026-07-13T21:32:50.128881Z DEBUG gtk_status_bar::network: Sent network update label="\u{f091f} 28% \u{f0ac}"
2026-07-13T21:32:50+00:00 machine gtk-status-bar[2924]: 2026-07-13T21:32:50.129121Z DEBUG gtk_status_bar::widgets: Updating network label: 󰤟 28% 
2026-07-13T21:32:50+00:00 machine gtk-status-bar[2924]: 2026-07-13T21:32:50.929048Z  INFO gtk_status_bar::network: Network reachability probe completed target=192.0.2.1 success=true elapsed_ms=19
2026-07-13T21:32:50+00:00 machine gtk-status-bar[2924]: 2026-07-13T21:32:50.929096Z DEBUG gtk_status_bar::network: Sent network update label="\u{f091f} 28% \u{f0ac}"
2026-07-13T21:32:50+00:00 machine gtk-status-bar[2924]: 2026-07-13T21:32:50.929291Z DEBUG gtk_status_bar::widgets: Updating network label: 󰤟 28% 
2026-07-13T21:32:51+00:00 machine gtk-status-bar[2924]: 2026-07-13T21:32:51.001393Z DEBUG gtk_status_bar::widgets: Updating time label:  9:32 PM
2026-07-13T21:32:52+00:00 machine gtk-status-bar[2924]: 2026-07-13T21:32:52.002288Z DEBUG gtk_status_bar::widgets: Updating time label:  9:32 PM
2026-07-13T21:32:52+00:00 machine gtk-status-bar[2924]: 2026-07-13T21:32:52.588678Z  INFO gtk_status_bar::network: Network reachability probe completed target=198.51.100.1 success=false elapsed_ms=18
2026-07-13T21:32:52+00:00 machine gtk-status-bar[2924]: 2026-07-13T21:32:52.588771Z DEBUG gtk_status_bar::network: Sent network update label="\u{f091f} 28% \u{f0ac}"
2026-07-13T21:32:52+00:00 machine gtk-status-bar[2924]: 2026-07-13T21:32:52.588931Z DEBUG gtk_status_bar::widgets: Updating network label: 󰤟 28% 
2026-07-13T21:32:53+00:00 machine gtk-status-bar[2924]: 2026-07-13T21:32:53.000705Z DEBUG gtk_status_bar::widgets: Updating time label:  9:32 PM
2026-07-13T21:32:53+00:00 machine gtk-status-bar[2924]: 2026-07-13T21:32:53.093623Z DEBUG gtk_status_bar::pw: 🚫 Skipping metadata '' (props: Some(DictRef { flags: Flags(0x0), entries: {"object.serial": "71", "module.id": "2", "pipewire.protocol": "protocol-native", "pipewire.sec.pid": "1397", "pipewire.sec.uid": "1000", "pipewire.sec.gid": "100", "pipewire.sec.socket": "pipewire-0", "application.name": "pactl", "pipewire.access": "unrestricted"} }))
2026-07-13T21:32:53+00:00 machine gtk-status-bar[2924]: 2026-07-13T21:32:53.097140Z DEBUG gtk_status_bar::pw: 🎛️  NODE PARAM CALLBACK: Alpha (5) received Props param
2026-07-13T21:32:53+00:00 machine gtk-status-bar[2924]: 2026-07-13T21:32:53.097186Z DEBUG gtk_status_bar::pw: 🔊 Node 5: Alpha - Vol: Some(100)% | Ch: Some(75)% | Mute: Some(true) [CACHING]
2026-07-13T21:32:53+00:00 machine gtk-status-bar[2924]: 2026-07-13T21:32:53.097208Z DEBUG gtk_status_bar::pw: 📝 Updated volume cache for device 5: Alpha -> Vol: Some(100)%, Ch: Some(75)%, Mute: Some(true)
2026-07-13T21:32:53+00:00 machine gtk-status-bar[2924]: 2026-07-13T21:32:53.097226Z DEBUG gtk_status_bar::pw: 🎯 Checking if device 5 is default: current_default=Some("Alpha"), node_name=Alpha, is_default=true
2026-07-13T21:32:53+00:00 machine gtk-status-bar[2924]: 2026-07-13T21:32:53.097243Z DEBUG gtk_status_bar::pw: 📤 SENDING VOLUME UPDATE to GUI for default sink (node id=5)
2026-07-13T21:32:53+00:00 machine gtk-status-bar[2924]: 2026-07-13T21:32:53.097750Z DEBUG gtk_status_bar::widgets: 📺 GTK UI updated via ASYNC: 🔇A75
2026-07-13T21:32:53+00:00 machine gtk-status-bar[2924]: 2026-07-13T21:32:53.881954Z  INFO gtk_status_bar::network: Network reachability probe completed target=198.51.100.1 success=false elapsed_ms=12
2026-07-13T21:32:53+00:00 machine gtk-status-bar[2924]: 2026-07-13T21:32:53.882025Z DEBUG gtk_status_bar::network: Sent network update label="\u{f091f} 28% \u{f0ac}"
2026-07-13T21:32:53+00:00 machine gtk-status-bar[2924]: 2026-07-13T21:32:53.882213Z DEBUG gtk_status_bar::widgets: Updating network label: 󰤟 28% 
2026-07-13T21:32:54+00:00 machine gtk-status-bar[2924]: 2026-07-13T21:32:54.001948Z DEBUG gtk_status_bar::widgets: Updating time label:  9:32 PM
2026-07-13T21:32:55+00:00 machine gtk-status-bar[2924]: 2026-07-13T21:32:55.003046Z DEBUG gtk_status_bar::widgets: Updating time label:  9:32 PM
2026-07-13T21:32:55+00:00 machine gtk-status-bar[2924]: 2026-07-13T21:32:55.081927Z  INFO gtk_status_bar::network: Network reachability probe completed target=192.0.2.1 success=true elapsed_ms=18
2026-07-13T21:32:55+00:00 machine gtk-status-bar[2924]: 2026-07-13T21:32:55.081967Z DEBUG gtk_status_bar::network: Sent network update label="\u{f091f} 28% \u{f0ac}"
2026-07-13T21:32:55+00:00 machine gtk-status-bar[2924]: 2026-07-13T21:32:55.103278Z DEBUG gtk_status_bar::widgets: Updating network label: 󰤟 28% 
2026-07-13T21:32:55+00:00 machine gtk-status-bar[2924]: 2026-07-13T21:32:55.739720Z DEBUG gtk_status_bar::dbus: Got an event in event stream: Msg { type: Signal, serial: 130, sender: UniqueName(":1.6"), path: ObjectPath("/org/bluez/hci0"), iface: InterfaceName("org.freedesktop.DBus.Properties"), member: MemberName("PropertiesChanged"), body: Structure(Dynamic { fields: [Str, Dict { key: Dynamic { child: Str }, value: Dynamic { child: Variant } }, Array(Dynamic { child: Str })] }), fds: [] }
2026-07-13T21:32:55+00:00 machine gtk-status-bar[2924]: 2026-07-13T21:32:55.739759Z DEBUG gtk_status_bar::dbus: Dbus monitor: Received D-Bus message from path: Some(ObjectPath("/org/bluez/hci0")), interface: Some(InterfaceName("org.freedesktop.DBus.Properties")), member: Some(MemberName("PropertiesChanged"))
2026-07-13T21:32:55+00:00 machine gtk-status-bar[2924]: 2026-07-13T21:32:55.739778Z  INFO gtk_status_bar::dbus: Dbus monitor: Received signal
2026-07-13T21:32:55+00:00 machine gtk-status-bar[2924]: 2026-07-13T21:32:55.739794Z  INFO gtk_status_bar::dbus: Dbus monitor: Received PropertiesChanged signal
2026-07-13T21:32:55+00:00 machine gtk-status-bar[2924]: 2026-07-13T21:32:55.739837Z DEBUG gtk_status_bar::dbus: Dbus monitor: Ignored PropertiesChanged for interface: "org.bluez.Adapter1"
2026-07-13T21:32:55+00:00 machine gtk-status-bar[2924]: 2026-07-13T21:32:55.786748Z  INFO gtk_status_bar::network: Network reachability probe completed target=198.51.100.1 success=false elapsed_ms=55
2026-07-13T21:32:55+00:00 machine gtk-status-bar[2924]: 2026-07-13T21:32:55.786797Z DEBUG gtk_status_bar::network: Sent network update label="\u{f091f} 28% \u{f0ac}"
2026-07-13T21:32:55+00:00 machine gtk-status-bar[2924]: 2026-07-13T21:32:55.786964Z DEBUG gtk_status_bar::widgets: Updating network label: 󰤟 28% 
2026-07-13T21:32:55+00:00 machine gtk-status-bar[2924]: 2026-07-13T21:32:55.900255Z  INFO gtk_status_bar::network: Network reachability probe completed target=192.0.2.1 success=true elapsed_ms=16
2026-07-13T21:32:55+00:00 machine gtk-status-bar[2924]: 2026-07-13T21:32:55.900306Z DEBUG gtk_status_bar::network: Sent network update label="\u{f091f} 28% \u{f0ac}"
2026-07-13T21:32:55+00:00 machine gtk-status-bar[2924]: 2026-07-13T21:32:55.900525Z DEBUG gtk_status_bar::widgets: Updating network label: 󰤟 28% 
2026-07-13T21:32:56+00:00 machine gtk-status-bar[2924]: 2026-07-13T21:32:56.001864Z DEBUG gtk_status_bar::widgets: Updating time label:  9:32 PM
2026-07-13T21:32:56+00:00 machine gtk-status-bar[2924]: 2026-07-13T21:32:56.330339Z  INFO gtk_status_bar::network: Network reachability probe completed target=192.0.2.1 success=true elapsed_ms=14
2026-07-13T21:32:56+00:00 machine gtk-status-bar[2924]: 2026-07-13T21:32:56.330384Z DEBUG gtk_status_bar::network: Sent network update label="\u{f091f} 28% \u{f0ac}"
2026-07-13T21:32:56+00:00 machine gtk-status-bar[2924]: 2026-07-13T21:32:56.330554Z DEBUG gtk_status_bar::widgets: Updating network label: 󰤟 28% 
2026-07-13T21:32:56+00:00 machine gtk-status-bar[2924]: 2026-07-13T21:32:56.662090Z DEBUG gtk_status_bar::pw: 🚫 Skipping metadata '' (props: Some(DictRef { flags: Flags(0x0), entries: {"object.serial": "72", "module.id": "2", "pipewire.protocol": "protocol-native", "pipewire.sec.pid": "1397", "pipewire.sec.uid": "1000", "pipewire.sec.gid": "100", "pipewire.sec.socket": "pipewire-0", "application.name": "pactl", "pipewire.access": "unrestricted"} }))
2026-07-13T21:32:56+00:00 machine gtk-status-bar[2924]: 2026-07-13T21:32:56.665164Z DEBUG gtk_status_bar::pw: 🎛️  NODE PARAM CALLBACK: Alpha (5) received Props param
2026-07-13T21:32:56+00:00 machine gtk-status-bar[2924]: 2026-07-13T21:32:56.665203Z DEBUG gtk_status_bar::pw: 🔊 Node 5: Alpha - Vol: Some(100)% | Ch: Some(75)% | Mute: Some(false) [CACHING]
2026-07-13T21:32:56+00:00 machine gtk-status-bar[2924]: 2026-07-13T21:32:56.665225Z DEBUG gtk_status_bar::pw: 📝 Updated volume cache for device 5: Alpha -> Vol: Some(100)%, Ch: Some(75)%, Mute: Some(false)
2026-07-13T21:32:56+00:00 machine gtk-status-bar[2924]: 2026-07-13T21:32:56.665243Z DEBUG gtk_status_bar::pw: 🎯 Checking if device 5 is default: current_default=Some("Alpha"), node_name=Alpha, is_default=true
2026-07-13T21:32:56+00:00 machine gtk-status-bar[2924]: 2026-07-13T21:32:56.665260Z DEBUG gtk_status_bar::pw: 📤 SENDING VOLUME UPDATE to GUI for default sink (node id=5)
2026-07-13T21:32:56+00:00 machine gtk-status-bar[2924]: 2026-07-13T21:32:56.666042Z DEBUG gtk_status_bar::widgets: 📺 GTK UI updated via ASYNC: 🔊A75
2026-07-13T21:32:56+00:00 machine gtk-status-bar[2924]: 2026-07-13T21:32:56.820741Z DEBUG gtk_status_bar::pw: 🚫 Skipping metadata '' (props: Some(DictRef { flags: Flags(0x0), entries: {"object.serial": "73", "module.id": "2", "pipewire.protocol": "protocol-native", "pipewire.sec.pid": "1397", "pipewire.sec.uid": "1000", "pipewire.sec.gid": "100", "pipewire.sec.socket": "pipewire-0", "application.name": "pactl", "pipewire.access": "unrestricted"} }))
2026-07-13T21:32:56+00:00 machine gtk-status-bar[2924]: 2026-07-13T21:32:56.824972Z DEBUG gtk_status_bar::pw: 🎛️  NODE PARAM CALLBACK: Alpha (5) received Props param
2026-07-13T21:32:56+00:00 machine gtk-status-bar[2924]: 2026-07-13T21:32:56.825006Z DEBUG gtk_status_bar::pw: 🔊 Node 5: Alpha - Vol: Some(100)% | Ch: Some(0)% | Mute: Some(false) [CACHING]
2026-07-13T21:32:56+00:00 machine gtk-status-bar[2924]: 2026-07-13T21:32:56.825027Z DEBUG gtk_status_bar::pw: 📝 Updated volume cache for device 5: Alpha -> Vol: Some(100)%, Ch: Some(0)%, Mute: Some(false)
2026-07-13T21:32:56+00:00 machine gtk-status-bar[2924]: 2026-07-13T21:32:56.825045Z DEBUG gtk_status_bar::pw: 🎯 Checking if device 5 is default: current_default=Some("Alpha"), node_name=Alpha, is_default=true
2026-07-13T21:32:56+00:00 machine gtk-status-bar[2924]: 2026-07-13T21:32:56.825063Z DEBUG gtk_status_bar::pw: 📤 SENDING VOLUME UPDATE to GUI for default sink (node id=5)
2026-07-13T21:32:56+00:00 machine gtk-status-bar[2924]: 2026-07-13T21:32:56.826715Z DEBUG gtk_status_bar::widgets: 📺 GTK UI updated via ASYNC: 🔊A0
2026-07-13T21:32:57+00:00 machine gtk-status-bar[2924]: 2026-07-13T21:32:57.001905Z DEBUG gtk_status_bar::widgets: Updating time label:  9:32 PM
2026-07-13T21:32:57+00:00 machine gtk-status-bar[2924]: 2026-07-13T21:32:57.598147Z  INFO gtk_status_bar::network: Network reachability probe completed target=198.51.100.1 success=false elapsed_ms=15
2026-07-13T21:32:57+00:00 machine gtk-status-bar[2924]: 2026-07-13T21:32:57.598246Z DEBUG gtk_status_bar::network: Sent network update label="\u{f091f} 28% \u{f0ac}"
2026-07-13T21:32:57+00:00 machine gtk-status-bar[2924]: 2026-07-13T21:32:57.598415Z DEBUG gtk_status_bar::widgets: Updating network label: 󰤟 28% 
2026-07-13T21:32:57+00:00 machine gtk-status-bar[2924]: 2026-07-13T21:32:57.739105Z  INFO gtk_status_bar::network: Network reachability probe completed target=192.0.2.1 success=true elapsed_ms=9
2026-07-13T21:32:57+00:00 machine gtk-status-bar[2924]: 2026-07-13T21:32:57.739147Z DEBUG gtk_status_bar::network: Sent network update label="\u{f091f} 28% \u{f0ac}"
2026-07-13T21:32:57+00:00 machine gtk-status-bar[2924]: 2026-07-13T21:32:57.747764Z DEBUG gtk_status_bar::widgets: Updating network label: 󰤟 28% 
2026-07-13T21:32:58+00:00 machine gtk-status-bar[2924]: 2026-07-13T21:32:58.002136Z DEBUG gtk_status_bar::widgets: Updating time label:  9:32 PM
2026-07-13T21:32:58+00:00 machine gtk-status-bar[2924]: 2026-07-13T21:32:58.365574Z  INFO gtk_status_bar::network: Network reachability probe completed target=198.51.100.1 success=false elapsed_ms=23
2026-07-13T21:32:58+00:00 machine gtk-status-bar[2924]: 2026-07-13T21:32:58.365627Z DEBUG gtk_status_bar::network: Sent network update label="\u{f091f} 28% \u{f0ac}"
2026-07-13T21:32:58+00:00 machine gtk-status-bar[2924]: 2026-07-13T21:32:58.365843Z DEBUG gtk_status_bar::widgets: Updating network label: 󰤟 28% 
2026-07-13T21:32:59+00:00 machine gtk-status-bar[2924]: 2026-07-13T21:32:59.001690Z DEBUG gtk_status_bar::widgets: Updating time label:  9:32 PM
2026-07-13T21:32:59+00:00 machine gtk-status-bar[2924]: 2026-07-13T21:32:59.875517Z  INFO gtk_status_bar::network: Network reachability probe completed target=192.0.2.1 success=true elapsed_ms=19
2026-07-13T21:32:59+00:00 machine gtk-status-bar[2924]: 2026-07-13T21:32:59.875576Z DEBUG gtk_status_bar::network: Sent network update label="\u{f091f} 28% \u{f0ac}"
2026-07-13T21:32:59+00:00 machine gtk-status-bar[2924]: 2026-07-13T21:32:59.875813Z DEBUG gtk_status_bar::widgets: Updating network label: 󰤟 28% 
2026-07-13T21:33:00+00:00 machine gtk-status-bar[2924]: 2026-07-13T21:33:00.001301Z DEBUG gtk_status_bar::widgets: Updating time label:  9:33 PM
2026-07-13T21:33:00+00:00 machine gtk-status-bar[2924]: 2026-07-13T21:33:00.408762Z DEBUG gtk_status_bar::pw: 🚫 Skipping metadata '' (props: Some(DictRef { flags: Flags(0x0), entries: {"object.serial": "74", "module.id": "2", "pipewire.protocol": "protocol-native", "pipewire.sec.pid": "1397", "pipewire.sec.uid": "1000", "pipewire.sec.gid": "100", "pipewire.sec.socket": "pipewire-0", "application.name": "pactl", "pipewire.access": "unrestricted"} }))
2026-07-13T21:33:00+00:00 machine gtk-status-bar[2924]: 2026-07-13T21:33:00.411995Z DEBUG gtk_status_bar::pw: 🎛️  NODE PARAM CALLBACK: Alpha (5) received Props param
2026-07-13T21:33:00+00:00 machine gtk-status-bar[2924]: 2026-07-13T21:33:00.412032Z DEBUG gtk_status_bar::pw: 🔊 Node 5: Alpha - Vol: Some(100)% | Ch: Some(100)% | Mute: Some(false) [CACHING]
2026-07-13T21:33:00+00:00 machine gtk-status-bar[2924]: 2026-07-13T21:33:00.412052Z DEBUG gtk_status_bar::pw: 📝 Updated volume cache for device 5: Alpha -> Vol: Some(100)%, Ch: Some(100)%, Mute: Some(false)
2026-07-13T21:33:00+00:00 machine gtk-status-bar[2924]: 2026-07-13T21:33:00.412070Z DEBUG gtk_status_bar::pw: 🎯 Checking if device 5 is default: current_default=Some("Alpha"), node_name=Alpha, is_default=true
2026-07-13T21:33:00+00:00 machine gtk-status-bar[2924]: 2026-07-13T21:33:00.412089Z DEBUG gtk_status_bar::pw: 📤 SENDING VOLUME UPDATE to GUI for default sink (node id=5)
2026-07-13T21:33:00+00:00 machine gtk-status-bar[2924]: 2026-07-13T21:33:00.412331Z DEBUG gtk_status_bar::widgets: 📺 GTK UI updated via ASYNC: 🔊A100
2026-07-13T21:33:01+00:00 machine gtk-status-bar[2924]: 2026-07-13T21:33:01.001782Z DEBUG gtk_status_bar::widgets: Updating time label:  9:33 PM
2026-07-13T21:33:01+00:00 machine gtk-status-bar[2924]: 2026-07-13T21:33:01.747122Z  INFO gtk_status_bar::network: Network reachability probe completed target=198.51.100.1 success=false elapsed_ms=22
2026-07-13T21:33:01+00:00 machine gtk-status-bar[2924]: 2026-07-13T21:33:01.747205Z DEBUG gtk_status_bar::network: Sent network update label="\u{f091f} 28% \u{f0ac}"
2026-07-13T21:33:01+00:00 machine gtk-status-bar[2924]: 2026-07-13T21:33:01.747378Z DEBUG gtk_status_bar::widgets: Updating network label: 󰤟 28% 
2026-07-13T21:33:02+00:00 machine gtk-status-bar[2924]: 2026-07-13T21:33:02.001985Z DEBUG gtk_status_bar::widgets: Updating time label:  9:33 PM
2026-07-13T21:33:03+00:00 machine gtk-status-bar[2924]: 2026-07-13T21:33:03.003174Z DEBUG gtk_status_bar::widgets: Updating time label:  9:33 PM
2026-07-13T21:33:03+00:00 machine gtk-status-bar[2924]: 2026-07-13T21:33:03.408138Z  INFO gtk_status_bar::network: Network reachability probe completed target=198.51.100.1 success=false elapsed_ms=21
2026-07-13T21:33:03+00:00 machine gtk-status-bar[2924]: 2026-07-13T21:33:03.408246Z DEBUG gtk_status_bar::network: Sent network update label="\u{f091f} 28% \u{f0ac}"
2026-07-13T21:33:03+00:00 machine gtk-status-bar[2924]: 2026-07-13T21:33:03.408849Z DEBUG gtk_status_bar::widgets: Updating network label: 󰤟 28% 
2026-07-13T21:33:04+00:00 machine gtk-status-bar[2924]: 2026-07-13T21:33:04.003742Z DEBUG gtk_status_bar::pw: 🚫 Skipping metadata '' (props: Some(DictRef { flags: Flags(0x0), entries: {"object.serial": "75", "module.id": "2", "pipewire.protocol": "protocol-native", "pipewire.sec.pid": "1397", "pipewire.sec.uid": "1000", "pipewire.sec.gid": "100", "pipewire.sec.socket": "pipewire-0", "application.name": "pactl", "pipewire.access": "unrestricted"} }))
2026-07-13T21:33:04+00:00 machine gtk-status-bar[2924]: 2026-07-13T21:33:04.016749Z DEBUG gtk_status_bar::widgets: Updating time label:  9:33 PM
2026-07-13T21:33:04+00:00 machine gtk-status-bar[2924]: 2026-07-13T21:33:04.019556Z DEBUG gtk_status_bar::pw: 🚫 Skipping metadata '' (props: Some(DictRef { flags: Flags(0x0), entries: {"object.serial": "76", "module.id": "2", "pipewire.protocol": "protocol-native", "pipewire.sec.pid": "1397", "pipewire.sec.uid": "1000", "pipewire.sec.gid": "100", "pipewire.sec.socket": "pipewire-0", "application.name": "pipewire", "pipewire.access": "unrestricted"} }))
2026-07-13T21:33:04+00:00 machine gtk-status-bar[2924]: 2026-07-13T21:33:04.019599Z DEBUG gtk_status_bar::pw: 🚫 Skipping metadata '' (props: Some(DictRef { flags: Flags(0x0), entries: {"object.serial": "77", "factory.id": "19", "client.id": "56", "node.description": "Bravo", "node.name": "Bravo", "media.class": "Audio/Sink"} }))
2026-07-13T21:33:04+00:00 machine gtk-status-bar[2924]: 2026-07-13T21:33:04.019642Z DEBUG gtk_status_bar::pw: 🔍 Checking node - media.class: Some("Audio/Sink")
2026-07-13T21:33:04+00:00 machine gtk-status-bar[2924]: 2026-07-13T21:33:04.019661Z DEBUG gtk_status_bar::pw: 🔍 Node filter result: true for media.class: Some("Audio/Sink")
2026-07-13T21:33:04+00:00 machine gtk-status-bar[2924]: 2026-07-13T21:33:04.019694Z DEBUG gtk_status_bar::pw: 📱 Monitoring audio node: Bravo (4) [node.name: Bravo]
2026-07-13T21:33:04+00:00 machine gtk-status-bar[2924]: 2026-07-13T21:33:04.019709Z DEBUG gtk_status_bar::pw: 🔗 ADDING NODE LISTENER for node.name: Bravo
2026-07-13T21:33:04+00:00 machine gtk-status-bar[2924]: 2026-07-13T21:33:04.019726Z DEBUG gtk_status_bar::pw: 📝 Added device to HashMap: 4 -> (Bravo, Bravo, no volume yet)
2026-07-13T21:33:04+00:00 machine gtk-status-bar[2924]: 2026-07-13T21:33:04.019748Z DEBUG gtk_status_bar::pw: 🗂️ Current device map size: 2
2026-07-13T21:33:04+00:00 machine gtk-status-bar[2924]: 2026-07-13T21:33:04.019841Z DEBUG gtk_status_bar::pw: 🎛️  NODE PARAM CALLBACK: Bravo (4) received Props param
2026-07-13T21:33:04+00:00 machine gtk-status-bar[2924]: 2026-07-13T21:33:04.019862Z DEBUG gtk_status_bar::pw: 🔊 Node 4: Bravo - Vol: Some(100)% | Ch: Some(100)% | Mute: Some(false) [CACHING]
2026-07-13T21:33:04+00:00 machine gtk-status-bar[2924]: 2026-07-13T21:33:04.019887Z DEBUG gtk_status_bar::pw: 📝 Updated volume cache for device 4: Bravo -> Vol: Some(100)%, Ch: Some(100)%, Mute: Some(false)
2026-07-13T21:33:04+00:00 machine gtk-status-bar[2924]: 2026-07-13T21:33:04.019907Z DEBUG gtk_status_bar::pw: 🎯 Checking if device 4 is default: current_default=Some("Alpha"), node_name=Bravo, is_default=false
2026-07-13T21:33:04+00:00 machine gtk-status-bar[2924]: 2026-07-13T21:33:04.019926Z DEBUG gtk_status_bar::pw: 📊 Cached volume for non-default device 4 (Bravo)
2026-07-13T21:33:04+00:00 machine gtk-status-bar[2924]: 2026-07-13T21:33:04.019947Z ERROR gtk_status_bar::pw: ❌ PipeWire error id:4 seq:9 res:-2: enum params id:13 (Spa:Enum:ParamId:Route) failed
2026-07-13T21:33:04+00:00 machine gtk-status-bar[2924]: 2026-07-13T21:33:04.026696Z DEBUG gtk_status_bar::pw: 🎛️  NODE PARAM CALLBACK: Bravo (4) received Props param
2026-07-13T21:33:04+00:00 machine gtk-status-bar[2924]: 2026-07-13T21:33:04.026727Z DEBUG gtk_status_bar::pw: 🔊 Node 4: Bravo - Vol: Some(100)% | Ch: Some(100)% | Mute: Some(false) [CACHING]
2026-07-13T21:33:04+00:00 machine gtk-status-bar[2924]: 2026-07-13T21:33:04.026745Z DEBUG gtk_status_bar::pw: 📝 Updated volume cache for device 4: Bravo -> Vol: Some(100)%, Ch: Some(100)%, Mute: Some(false)
2026-07-13T21:33:04+00:00 machine gtk-status-bar[2924]: 2026-07-13T21:33:04.026763Z DEBUG gtk_status_bar::pw: 🎯 Checking if device 4 is default: current_default=Some("Alpha"), node_name=Bravo, is_default=false
2026-07-13T21:33:04+00:00 machine gtk-status-bar[2924]: 2026-07-13T21:33:04.026782Z DEBUG gtk_status_bar::pw: 📊 Cached volume for non-default device 4 (Bravo)
2026-07-13T21:33:04+00:00 machine gtk-status-bar[2924]: 2026-07-13T21:33:04.026801Z DEBUG gtk_status_bar::pw: 🎛️  NODE PARAM CALLBACK: Bravo (4) received Props param
2026-07-13T21:33:04+00:00 machine gtk-status-bar[2924]: 2026-07-13T21:33:04.026818Z DEBUG gtk_status_bar::pw: 🔊 Node 4: Bravo - Vol: Some(100)% | Ch: Some(100)% | Mute: Some(false) [CACHING]
2026-07-13T21:33:04+00:00 machine gtk-status-bar[2924]: 2026-07-13T21:33:04.026833Z DEBUG gtk_status_bar::pw: 📝 Updated volume cache for device 4: Bravo -> Vol: Some(100)%, Ch: Some(100)%, Mute: Some(false)
2026-07-13T21:33:04+00:00 machine gtk-status-bar[2924]: 2026-07-13T21:33:04.026848Z DEBUG gtk_status_bar::pw: 🎯 Checking if device 4 is default: current_default=Some("Alpha"), node_name=Bravo, is_default=false
2026-07-13T21:33:04+00:00 machine gtk-status-bar[2924]: 2026-07-13T21:33:04.026863Z DEBUG gtk_status_bar::pw: 📊 Cached volume for non-default device 4 (Bravo)
2026-07-13T21:33:04+00:00 machine gtk-status-bar[2924]: 2026-07-13T21:33:04.026882Z DEBUG gtk_status_bar::pw: 🚫 Skipping metadata '' (props: Some(DictRef { flags: Flags(0x0), entries: {"object.serial": "78", "object.path": "Bravo:playback_0", "format.dsp": "32 bit float mono audio", "node.id": "63", "audio.channel": "FL", "port.id": "0", "port.name": "playback_FL", "port.direction": "in", "port.alias": "Bravo:playback_FL", "port.group": "stream.0"} }))
2026-07-13T21:33:04+00:00 machine gtk-status-bar[2924]: 2026-07-13T21:33:04.026904Z DEBUG gtk_status_bar::pw: 🚫 Skipping metadata '' (props: Some(DictRef { flags: Flags(0x0), entries: {"object.serial": "79", "object.path": "Bravo:playback_1", "format.dsp": "32 bit float mono audio", "node.id": "63", "audio.channel": "FR", "port.id": "1", "port.name": "playback_FR", "port.direction": "in", "port.alias": "Bravo:playback_FR", "port.group": "stream.0"} }))
2026-07-13T21:33:04+00:00 machine gtk-status-bar[2924]: 2026-07-13T21:33:04.026924Z DEBUG gtk_status_bar::pw: 🚫 Skipping metadata '' (props: Some(DictRef { flags: Flags(0x0), entries: {"object.serial": "80", "object.path": "Bravo:monitor_0", "format.dsp": "32 bit float mono audio", "node.id": "63", "audio.channel": "FL", "port.id": "0", "port.name": "monitor_FL", "port.direction": "out", "port.monitor": "true", "port.alias": "Bravo:monitor_FL", "port.group": "stream.0"} }))
2026-07-13T21:33:04+00:00 machine gtk-status-bar[2924]: 2026-07-13T21:33:04.026944Z DEBUG gtk_status_bar::pw: 🚫 Skipping metadata '' (props: Some(DictRef { flags: Flags(0x0), entries: {"object.serial": "81", "object.path": "Bravo:monitor_1", "format.dsp": "32 bit float mono audio", "node.id": "63", "audio.channel": "FR", "port.id": "1", "port.name": "monitor_FR", "port.direction": "out", "port.monitor": "true", "port.alias": "Bravo:monitor_FR", "port.group": "stream.0"} }))
2026-07-13T21:33:04+00:00 machine gtk-status-bar[2924]: 2026-07-13T21:33:04.026963Z DEBUG gtk_status_bar::pw: 🎛️  NODE PARAM CALLBACK: Bravo (4) received Props param
2026-07-13T21:33:04+00:00 machine gtk-status-bar[2924]: 2026-07-13T21:33:04.026979Z DEBUG gtk_status_bar::pw: 🔊 Node 4: Bravo - Vol: Some(100)% | Ch: Some(100)% | Mute: Some(false) [CACHING]
2026-07-13T21:33:04+00:00 machine gtk-status-bar[2924]: 2026-07-13T21:33:04.026994Z DEBUG gtk_status_bar::pw: 📝 Updated volume cache for device 4: Bravo -> Vol: Some(100)%, Ch: Some(100)%, Mute: Some(false)
2026-07-13T21:33:04+00:00 machine gtk-status-bar[2924]: 2026-07-13T21:33:04.027009Z DEBUG gtk_status_bar::pw: 🎯 Checking if device 4 is default: current_default=Some("Alpha"), node_name=Bravo, is_default=false
2026-07-13T21:33:04+00:00 machine gtk-status-bar[2924]: 2026-07-13T21:33:04.027024Z DEBUG gtk_status_bar::pw: 📊 Cached volume for non-default device 4 (Bravo)
2026-07-13T21:33:04+00:00 machine gtk-status-bar[2924]: 2026-07-13T21:33:04.032828Z DEBUG gtk_status_bar::pw: 🎛️  NODE PARAM CALLBACK: Bravo (4) received Props param
2026-07-13T21:33:04+00:00 machine gtk-status-bar[2924]: 2026-07-13T21:33:04.032863Z DEBUG gtk_status_bar::pw: 🔊 Node 4: Bravo - Vol: Some(100)% | Ch: Some(100)% | Mute: Some(false) [CACHING]
2026-07-13T21:33:04+00:00 machine gtk-status-bar[2924]: 2026-07-13T21:33:04.032883Z DEBUG gtk_status_bar::pw: 📝 Updated volume cache for device 4: Bravo -> Vol: Some(100)%, Ch: Some(100)%, Mute: Some(false)
2026-07-13T21:33:04+00:00 machine gtk-status-bar[2924]: 2026-07-13T21:33:04.032901Z DEBUG gtk_status_bar::pw: 🎯 Checking if device 4 is default: current_default=Some("Alpha"), node_name=Bravo, is_default=false
2026-07-13T21:33:04+00:00 machine gtk-status-bar[2924]: 2026-07-13T21:33:04.032919Z DEBUG gtk_status_bar::pw: 📊 Cached volume for non-default device 4 (Bravo)
2026-07-13T21:33:04+00:00 machine gtk-status-bar[2924]: 2026-07-13T21:33:04.316725Z DEBUG gtk_status_bar::pw: 🚫 Skipping metadata '' (props: Some(DictRef { flags: Flags(0x0), entries: {"object.serial": "82", "module.id": "2", "pipewire.protocol": "protocol-native", "pipewire.sec.pid": "1397", "pipewire.sec.uid": "1000", "pipewire.sec.gid": "100", "pipewire.sec.socket": "pipewire-0", "application.name": "pactl", "pipewire.access": "unrestricted"} }))
2026-07-13T21:33:04+00:00 machine gtk-status-bar[2924]: 2026-07-13T21:33:04.319761Z DEBUG gtk_status_bar::pw: 🎛️  NODE PARAM CALLBACK: Bravo (4) received Props param
2026-07-13T21:33:04+00:00 machine gtk-status-bar[2924]: 2026-07-13T21:33:04.319790Z DEBUG gtk_status_bar::pw: 🔊 Node 4: Bravo - Vol: Some(100)% | Ch: Some(60)% | Mute: Some(false) [CACHING]
2026-07-13T21:33:04+00:00 machine gtk-status-bar[2924]: 2026-07-13T21:33:04.319814Z DEBUG gtk_status_bar::pw: 📝 Updated volume cache for device 4: Bravo -> Vol: Some(100)%, Ch: Some(60)%, Mute: Some(false)
2026-07-13T21:33:04+00:00 machine gtk-status-bar[2924]: 2026-07-13T21:33:04.319833Z DEBUG gtk_status_bar::pw: 🎯 Checking if device 4 is default: current_default=Some("Alpha"), node_name=Bravo, is_default=false
2026-07-13T21:33:04+00:00 machine gtk-status-bar[2924]: 2026-07-13T21:33:04.319850Z DEBUG gtk_status_bar::pw: 📊 Cached volume for non-default device 4 (Bravo)
2026-07-13T21:33:04+00:00 machine gtk-status-bar[2924]: 2026-07-13T21:33:04.480108Z DEBUG gtk_status_bar::pw: 🚫 Skipping metadata '' (props: Some(DictRef { flags: Flags(0x0), entries: {"object.serial": "83", "module.id": "2", "pipewire.protocol": "protocol-native", "pipewire.sec.pid": "1397", "pipewire.sec.uid": "1000", "pipewire.sec.gid": "100", "pipewire.sec.socket": "pipewire-0", "application.name": "pactl", "pipewire.access": "unrestricted"} }))
2026-07-13T21:33:04+00:00 machine gtk-status-bar[2924]: 2026-07-13T21:33:04.483619Z DEBUG gtk_status_bar::pw: 📝 metadata.property subject=0 key=Some("default.configured.audio.sink") value=Some("{ \"name\": \"Bravo\" }")
2026-07-13T21:33:04+00:00 machine gtk-status-bar[2924]: 2026-07-13T21:33:04.483674Z DEBUG gtk_status_bar::pw: 🔍 Processing metadata property: default.configured.audio.sink={ "name": "Bravo" }
2026-07-13T21:33:04+00:00 machine gtk-status-bar[2924]: 2026-07-13T21:33:04.483692Z DEBUG gtk_status_bar::pw: 🔧 Other metadata property: default.configured.audio.sink (ignored)
2026-07-13T21:33:04+00:00 machine gtk-status-bar[2924]: 2026-07-13T21:33:04.488515Z DEBUG gtk_status_bar::pw: 📝 metadata.property subject=0 key=Some("default.audio.sink") value=Some("{\"name\":\"Bravo\"}")
2026-07-13T21:33:04+00:00 machine gtk-status-bar[2924]: 2026-07-13T21:33:04.488548Z DEBUG gtk_status_bar::pw: 🔍 Processing metadata property: default.audio.sink={"name":"Bravo"}
2026-07-13T21:33:04+00:00 machine gtk-status-bar[2924]: 2026-07-13T21:33:04.488574Z  INFO gtk_status_bar::pw: 🔄 Default sink -> Bravo
2026-07-13T21:33:04+00:00 machine gtk-status-bar[2924]: 2026-07-13T21:33:04.488593Z DEBUG gtk_status_bar::pw: 🎯 SINK CHANGE: Some("Alpha") -> Bravo (should trigger volume fetch)
2026-07-13T21:33:04+00:00 machine gtk-status-bar[2924]: 2026-07-13T21:33:04.488612Z DEBUG gtk_status_bar::pw: 🗂️ Searching device map for default sink 'Bravo'
2026-07-13T21:33:04+00:00 machine gtk-status-bar[2924]: 2026-07-13T21:33:04.488630Z DEBUG gtk_status_bar::pw: 🗂️ Current device map contents: {4: ("Bravo", "Bravo", Some(100), Some(60), Some(false)), 5: ("Alpha", "Alpha", Some(100), Some(100), Some(false))}
2026-07-13T21:33:04+00:00 machine gtk-status-bar[2924]: 2026-07-13T21:33:04.488666Z DEBUG gtk_status_bar::pw: 🔍 Checking device 4: node_name='Bravo', description='Bravo' against default sink 'Bravo'
2026-07-13T21:33:04+00:00 machine gtk-status-bar[2924]: 2026-07-13T21:33:04.488685Z DEBUG gtk_status_bar::pw: 🎯 MATCH! Found device 4 with node_name 'Bravo' matching default sink
2026-07-13T21:33:04+00:00 machine gtk-status-bar[2924]: 2026-07-13T21:33:04.488705Z DEBUG gtk_status_bar::pw: 🎨 Updating GUI label to: 'Bravo' with cached volume data
2026-07-13T21:33:04+00:00 machine gtk-status-bar[2924]: 2026-07-13T21:33:04.488725Z DEBUG gtk_status_bar::pw: 💾 Cached volume data: Vol: Some(100)%, Ch: Some(60)%, Mute: Some(false)
2026-07-13T21:33:04+00:00 machine gtk-status-bar[2924]: 2026-07-13T21:33:04.488755Z DEBUG gtk_status_bar::pw: ✅ Sent REAL volume data to GUI: 'Bravo' Vol: Some(100)%, Ch: Some(60)%, Mute: Some(false)
2026-07-13T21:33:04+00:00 machine gtk-status-bar[2924]: 2026-07-13T21:33:04.489007Z DEBUG gtk_status_bar::widgets: 📺 GTK UI updated via ASYNC: 🔊B60
2026-07-13T21:33:04+00:00 machine gtk-status-bar[2924]: 2026-07-13T21:33:04.718964Z  INFO gtk_status_bar::network: Network reachability probe completed target=192.0.2.1 success=true elapsed_ms=16
2026-07-13T21:33:04+00:00 machine gtk-status-bar[2924]: 2026-07-13T21:33:04.719055Z DEBUG gtk_status_bar::network: Sent network update label="\u{f091f} 28% \u{f0ac}"
2026-07-13T21:33:04+00:00 machine gtk-status-bar[2924]: 2026-07-13T21:33:04.719252Z DEBUG gtk_status_bar::widgets: Updating network label: 󰤟 28% 
2026-07-13T21:33:05+00:00 machine gtk-status-bar[2924]: 2026-07-13T21:33:05.001914Z DEBUG gtk_status_bar::widgets: Updating time label:  9:33 PM
2026-07-13T21:33:05+00:00 machine gtk-status-bar[2924]: 2026-07-13T21:33:05.859599Z  INFO gtk_status_bar::network: Network reachability probe completed target=192.0.2.1 success=true elapsed_ms=24
2026-07-13T21:33:05+00:00 machine gtk-status-bar[2924]: 2026-07-13T21:33:05.859672Z DEBUG gtk_status_bar::network: Sent network update label="\u{f091f} 28% \u{f0ac}"
2026-07-13T21:33:05+00:00 machine gtk-status-bar[2924]: 2026-07-13T21:33:05.859869Z DEBUG gtk_status_bar::widgets: Updating network label: 󰤟 28% 
2026-07-13T21:33:06+00:00 machine gtk-status-bar[2924]: 2026-07-13T21:33:06.001953Z DEBUG gtk_status_bar::widgets: Updating time label:  9:33 PM
2026-07-13T21:33:06+00:00 machine gtk-status-bar[2924]: 2026-07-13T21:33:06.614202Z  INFO gtk_status_bar::network: Network reachability probe completed target=198.51.100.1 success=false elapsed_ms=21
2026-07-13T21:33:06+00:00 machine gtk-status-bar[2924]: 2026-07-13T21:33:06.614294Z DEBUG gtk_status_bar::network: Sent network update label="\u{f091f} 28% \u{f0ac}"
2026-07-13T21:33:06+00:00 machine gtk-status-bar[2924]: 2026-07-13T21:33:06.614518Z DEBUG gtk_status_bar::widgets: Updating network label: 󰤟 28% 
2026-07-13T21:33:07+00:00 machine gtk-status-bar[2924]: 2026-07-13T21:33:07.002655Z DEBUG gtk_status_bar::widgets: Updating time label:  9:33 PM
2026-07-13T21:33:07+00:00 machine gtk-status-bar[2924]: 2026-07-13T21:33:07.437683Z  INFO gtk_status_bar::network: Network reachability probe completed target=198.51.100.1 success=false elapsed_ms=25
2026-07-13T21:33:07+00:00 machine gtk-status-bar[2924]: 2026-07-13T21:33:07.437805Z DEBUG gtk_status_bar::network: Sent network update label="\u{f091f} 28% \u{f0ac}"
2026-07-13T21:33:07+00:00 machine gtk-status-bar[2924]: 2026-07-13T21:33:07.437977Z DEBUG gtk_status_bar::widgets: Updating network label: 󰤟 28% 
2026-07-13T21:33:08+00:00 machine gtk-status-bar[2924]: 2026-07-13T21:33:08.001669Z DEBUG gtk_status_bar::widgets: Updating time label:  9:33 PM
2026-07-13T21:33:08+00:00 machine gtk-status-bar[2924]: 2026-07-13T21:33:08.220615Z  INFO gtk_status_bar::network: Network reachability probe completed target=192.0.2.1 success=true elapsed_ms=17
2026-07-13T21:33:08+00:00 machine gtk-status-bar[2924]: 2026-07-13T21:33:08.220751Z DEBUG gtk_status_bar::network: Sent network update label="\u{f091f} 28% \u{f0ac}"
2026-07-13T21:33:08+00:00 machine gtk-status-bar[2924]: 2026-07-13T21:33:08.220922Z DEBUG gtk_status_bar::widgets: Updating network label: 󰤟 28% 
2026-07-13T21:33:09+00:00 machine gtk-status-bar[2924]: 2026-07-13T21:33:09.001716Z DEBUG gtk_status_bar::widgets: Updating time label:  9:33 PM
2026-07-13T21:33:09+00:00 machine gtk-status-bar[2924]: 2026-07-13T21:33:09.052078Z DEBUG gtk_status_bar::pw: 🚫 Skipping metadata '' (props: Some(DictRef { flags: Flags(0x0), entries: {"object.serial": "84", "module.id": "2", "pipewire.protocol": "protocol-native", "pipewire.sec.pid": "1397", "pipewire.sec.uid": "1000", "pipewire.sec.gid": "100", "pipewire.sec.socket": "pipewire-0", "application.name": "pactl", "pipewire.access": "unrestricted"} }))
2026-07-13T21:33:09+00:00 machine gtk-status-bar[2924]: 2026-07-13T21:33:09.059768Z DEBUG gtk_status_bar::pw: 🗑️ Node 4 removed, cleaning up
2026-07-13T21:33:09+00:00 machine gtk-status-bar[2924]: 2026-07-13T21:33:09.059795Z DEBUG gtk_status_bar::pw: ✅ Removed device from HashMap: 4 -> (Bravo, Bravo)
2026-07-13T21:33:09+00:00 machine gtk-status-bar[2924]: 2026-07-13T21:33:09.059810Z DEBUG gtk_status_bar::pw: 🗂️ Device map size after removal: 1
2026-07-13T21:33:09+00:00 machine gtk-status-bar[2924]: 2026-07-13T21:33:09.067267Z DEBUG gtk_status_bar::pw: 📝 metadata.property subject=0 key=Some("default.audio.sink") value=Some("{\"name\":\"Alpha\"}")
2026-07-13T21:33:09+00:00 machine gtk-status-bar[2924]: 2026-07-13T21:33:09.067299Z DEBUG gtk_status_bar::pw: 🔍 Processing metadata property: default.audio.sink={"name":"Alpha"}
2026-07-13T21:33:09+00:00 machine gtk-status-bar[2924]: 2026-07-13T21:33:09.067320Z  INFO gtk_status_bar::pw: 🔄 Default sink -> Alpha
2026-07-13T21:33:09+00:00 machine gtk-status-bar[2924]: 2026-07-13T21:33:09.067335Z DEBUG gtk_status_bar::pw: 🎯 SINK CHANGE: Some("Bravo") -> Alpha (should trigger volume fetch)
2026-07-13T21:33:09+00:00 machine gtk-status-bar[2924]: 2026-07-13T21:33:09.067350Z DEBUG gtk_status_bar::pw: 🗂️ Searching device map for default sink 'Alpha'
2026-07-13T21:33:09+00:00 machine gtk-status-bar[2924]: 2026-07-13T21:33:09.067365Z DEBUG gtk_status_bar::pw: 🗂️ Current device map contents: {5: ("Alpha", "Alpha", Some(100), Some(100), Some(false))}
2026-07-13T21:33:09+00:00 machine gtk-status-bar[2924]: 2026-07-13T21:33:09.067384Z DEBUG gtk_status_bar::pw: 🔍 Checking device 5: node_name='Alpha', description='Alpha' against default sink 'Alpha'
2026-07-13T21:33:09+00:00 machine gtk-status-bar[2924]: 2026-07-13T21:33:09.067399Z DEBUG gtk_status_bar::pw: 🎯 MATCH! Found device 5 with node_name 'Alpha' matching default sink
2026-07-13T21:33:09+00:00 machine gtk-status-bar[2924]: 2026-07-13T21:33:09.067413Z DEBUG gtk_status_bar::pw: 🎨 Updating GUI label to: 'Alpha' with cached volume data
2026-07-13T21:33:09+00:00 machine gtk-status-bar[2924]: 2026-07-13T21:33:09.067426Z DEBUG gtk_status_bar::pw: 💾 Cached volume data: Vol: Some(100)%, Ch: Some(100)%, Mute: Some(false)
2026-07-13T21:33:09+00:00 machine gtk-status-bar[2924]: 2026-07-13T21:33:09.067513Z DEBUG gtk_status_bar::pw: ✅ Sent REAL volume data to GUI: 'Alpha' Vol: Some(100)%, Ch: Some(100)%, Mute: Some(false)
2026-07-13T21:33:09+00:00 machine gtk-status-bar[2924]: 2026-07-13T21:33:09.067735Z DEBUG gtk_status_bar::widgets: 📺 GTK UI updated via ASYNC: 🔊A100
2026-07-13T21:33:10+00:00 machine gtk-status-bar[2924]: 2026-07-13T21:33:10.002467Z DEBUG gtk_status_bar::widgets: Updating time label:  9:33 PM
2026-07-13T21:33:10+00:00 machine gtk-status-bar[2924]: 2026-07-13T21:33:10.109245Z  INFO gtk_status_bar::network: Network reachability probe completed target=198.51.100.1 success=false elapsed_ms=27
2026-07-13T21:33:10+00:00 machine gtk-status-bar[2924]: 2026-07-13T21:33:10.109329Z DEBUG gtk_status_bar::network: Sent network update label="\u{f091f} 28% \u{f0ac}"
2026-07-13T21:33:10+00:00 machine gtk-status-bar[2924]: 2026-07-13T21:33:10.109923Z DEBUG gtk_status_bar::widgets: Updating network label: 󰤟 28% 
2026-07-13T21:33:10+00:00 machine gtk-status-bar[2924]: 2026-07-13T21:33:10.186216Z  INFO gtk_status_bar::network: Network reachability probe completed target=192.0.2.1 success=true elapsed_ms=25
2026-07-13T21:33:10+00:00 machine gtk-status-bar[2924]: 2026-07-13T21:33:10.186281Z DEBUG gtk_status_bar::network: Sent network update label="\u{f091f} 28% \u{f0ac}"
2026-07-13T21:33:10+00:00 machine gtk-status-bar[2924]: 2026-07-13T21:33:10.186922Z DEBUG gtk_status_bar::widgets: Updating network label: 󰤟 28% 
2026-07-13T21:33:10+00:00 machine gtk-status-bar[2924]: 2026-07-13T21:33:10.598025Z  INFO gtk_status_bar::network: Network reachability probe completed target=198.51.100.1 success=false elapsed_ms=29
2026-07-13T21:33:10+00:00 machine gtk-status-bar[2924]: 2026-07-13T21:33:10.598081Z DEBUG gtk_status_bar::network: Sent network update label="\u{f091f} 28% \u{f0ac}"
2026-07-13T21:33:10+00:00 machine gtk-status-bar[2924]: 2026-07-13T21:33:10.598596Z DEBUG gtk_status_bar::widgets: Updating network label: 󰤟 28% 
2026-07-13T21:33:11+00:00 machine gtk-status-bar[2924]: 2026-07-13T21:33:11.002073Z DEBUG gtk_status_bar::widgets: Updating time label:  9:33 PM
2026-07-13T21:33:11+00:00 machine gtk-status-bar[2924]: 2026-07-13T21:33:11.925233Z  INFO gtk_status_bar::network: Network reachability probe completed target=192.0.2.1 success=true elapsed_ms=15
2026-07-13T21:33:11+00:00 machine gtk-status-bar[2924]: 2026-07-13T21:33:11.925292Z DEBUG gtk_status_bar::network: Sent network update label="\u{f091f} 28% \u{f0ac}"
2026-07-13T21:33:11+00:00 machine gtk-status-bar[2924]: 2026-07-13T21:33:11.925521Z DEBUG gtk_status_bar::widgets: Updating network label: 󰤟 28% 
2026-07-13T21:33:12+00:00 machine gtk-status-bar[2924]: 2026-07-13T21:33:12.001729Z DEBUG gtk_status_bar::widgets: Updating time label:  9:33 PM
2026-07-13T21:33:12+00:00 machine gtk-status-bar[2924]: 2026-07-13T21:33:12.582878Z DEBUG gtk_status_bar::pw: 🚫 Skipping metadata '' (props: Some(DictRef { flags: Flags(0x0), entries: {"object.serial": "85", "module.id": "2", "pipewire.protocol": "protocol-native", "pipewire.sec.pid": "1397", "pipewire.sec.uid": "1000", "pipewire.sec.gid": "100", "pipewire.sec.socket": "pipewire-0", "application.name": "pactl", "pipewire.access": "unrestricted"} }))
2026-07-13T21:33:12+00:00 machine gtk-status-bar[2924]: 2026-07-13T21:33:12.590931Z DEBUG gtk_status_bar::pw: 🗑️ Node 5 removed, cleaning up
2026-07-13T21:33:12+00:00 machine gtk-status-bar[2924]: 2026-07-13T21:33:12.590955Z DEBUG gtk_status_bar::pw: ✅ Removed device from HashMap: 5 -> (Alpha, Alpha)
2026-07-13T21:33:12+00:00 machine gtk-status-bar[2924]: 2026-07-13T21:33:12.590969Z DEBUG gtk_status_bar::pw: 🗂️ Device map size after removal: 0
2026-07-13T21:33:12+00:00 machine gtk-status-bar[2924]: 2026-07-13T21:33:12.593825Z DEBUG gtk_status_bar::pw: 🚫 Skipping metadata '' (props: Some(DictRef { flags: Flags(0x0), entries: {"object.serial": "86", "factory.id": "19", "client.id": "53", "node.description": "Dummy Output", "node.name": "auto_null", "media.class": "Audio/Sink"} }))
2026-07-13T21:33:12+00:00 machine gtk-status-bar[2924]: 2026-07-13T21:33:12.593855Z DEBUG gtk_status_bar::pw: 🔍 Checking node - media.class: Some("Audio/Sink")
2026-07-13T21:33:12+00:00 machine gtk-status-bar[2924]: 2026-07-13T21:33:12.593873Z DEBUG gtk_status_bar::pw: 🔍 Node filter result: true for media.class: Some("Audio/Sink")
2026-07-13T21:33:12+00:00 machine gtk-status-bar[2924]: 2026-07-13T21:33:12.593905Z DEBUG gtk_status_bar::pw: 📱 Monitoring audio node: Dummy Output (5) [node.name: auto_null]
2026-07-13T21:33:12+00:00 machine gtk-status-bar[2924]: 2026-07-13T21:33:12.593922Z DEBUG gtk_status_bar::pw: 🔗 ADDING NODE LISTENER for node.name: auto_null
2026-07-13T21:33:12+00:00 machine gtk-status-bar[2924]: 2026-07-13T21:33:12.593948Z DEBUG gtk_status_bar::pw: 📝 Added device to HashMap: 5 -> (auto_null, Dummy Output, no volume yet)
2026-07-13T21:33:12+00:00 machine gtk-status-bar[2924]: 2026-07-13T21:33:12.593963Z DEBUG gtk_status_bar::pw: 🗂️ Current device map size: 1
2026-07-13T21:33:12+00:00 machine gtk-status-bar[2924]: 2026-07-13T21:33:12.594256Z DEBUG gtk_status_bar::pw: 🎛️  NODE PARAM CALLBACK: Dummy Output (5) received Props param
2026-07-13T21:33:12+00:00 machine gtk-status-bar[2924]: 2026-07-13T21:33:12.594278Z DEBUG gtk_status_bar::pw: 🔊 Node 5: Dummy Output - Vol: Some(100)% | Ch: Some(100)% | Mute: Some(false) [CACHING]
2026-07-13T21:33:12+00:00 machine gtk-status-bar[2924]: 2026-07-13T21:33:12.594296Z DEBUG gtk_status_bar::pw: 📝 Updated volume cache for device 5: Dummy Output -> Vol: Some(100)%, Ch: Some(100)%, Mute: Some(false)
2026-07-13T21:33:12+00:00 machine gtk-status-bar[2924]: 2026-07-13T21:33:12.594314Z DEBUG gtk_status_bar::pw: 🎯 Checking if device 5 is default: current_default=Some("Alpha"), node_name=auto_null, is_default=false
2026-07-13T21:33:12+00:00 machine gtk-status-bar[2924]: 2026-07-13T21:33:12.594332Z DEBUG gtk_status_bar::pw: 📊 Cached volume for non-default device 5 (Dummy Output)
2026-07-13T21:33:12+00:00 machine gtk-status-bar[2924]: 2026-07-13T21:33:12.594351Z ERROR gtk_status_bar::pw: ❌ PipeWire error id:5 seq:11 res:-2: enum params id:13 (Spa:Enum:ParamId:Route) failed
2026-07-13T21:33:12+00:00 machine gtk-status-bar[2924]: 2026-07-13T21:33:12.597381Z DEBUG gtk_status_bar::pw: 📝 metadata.property subject=0 key=Some("default.audio.sink") value=None
2026-07-13T21:33:12+00:00 machine gtk-status-bar[2924]: 2026-07-13T21:33:12.597409Z DEBUG gtk_status_bar::pw: 🚫 Skipping metadata property: value is None for key Some("default.audio.sink")
2026-07-13T21:33:12+00:00 machine gtk-status-bar[2924]: 2026-07-13T21:33:12.607936Z DEBUG gtk_status_bar::pw: 🎛️  NODE PARAM CALLBACK: Dummy Output (5) received Props param
2026-07-13T21:33:12+00:00 machine gtk-status-bar[2924]: 2026-07-13T21:33:12.607972Z DEBUG gtk_status_bar::pw: 🔊 Node 5: Dummy Output - Vol: Some(100)% | Ch: Some(100)% | Mute: Some(false) [CACHING]
2026-07-13T21:33:12+00:00 machine gtk-status-bar[2924]: 2026-07-13T21:33:12.607990Z DEBUG gtk_status_bar::pw: 📝 Updated volume cache for device 5: Dummy Output -> Vol: Some(100)%, Ch: Some(100)%, Mute: Some(false)
2026-07-13T21:33:12+00:00 machine gtk-status-bar[2924]: 2026-07-13T21:33:12.608010Z DEBUG gtk_status_bar::pw: 🎯 Checking if device 5 is default: current_default=Some("Alpha"), node_name=auto_null, is_default=false
2026-07-13T21:33:12+00:00 machine gtk-status-bar[2924]: 2026-07-13T21:33:12.608027Z DEBUG gtk_status_bar::pw: 📊 Cached volume for non-default device 5 (Dummy Output)
2026-07-13T21:33:12+00:00 machine gtk-status-bar[2924]: 2026-07-13T21:33:12.608044Z DEBUG gtk_status_bar::pw: 🎛️  NODE PARAM CALLBACK: Dummy Output (5) received Props param
2026-07-13T21:33:12+00:00 machine gtk-status-bar[2924]: 2026-07-13T21:33:12.608062Z DEBUG gtk_status_bar::pw: 🔊 Node 5: Dummy Output - Vol: Some(100)% | Ch: Some(100)% | Mute: Some(false) [CACHING]
2026-07-13T21:33:12+00:00 machine gtk-status-bar[2924]: 2026-07-13T21:33:12.608081Z DEBUG gtk_status_bar::pw: 📝 Updated volume cache for device 5: Dummy Output -> Vol: Some(100)%, Ch: Some(100)%, Mute: Some(false)
2026-07-13T21:33:12+00:00 machine gtk-status-bar[2924]: 2026-07-13T21:33:12.608097Z DEBUG gtk_status_bar::pw: 🎯 Checking if device 5 is default: current_default=Some("Alpha"), node_name=auto_null, is_default=false
2026-07-13T21:33:12+00:00 machine gtk-status-bar[2924]: 2026-07-13T21:33:12.608114Z DEBUG gtk_status_bar::pw: 📊 Cached volume for non-default device 5 (Dummy Output)
2026-07-13T21:33:12+00:00 machine gtk-status-bar[2924]: 2026-07-13T21:33:12.608135Z DEBUG gtk_status_bar::pw: 🚫 Skipping metadata '' (props: Some(DictRef { flags: Flags(0x0), entries: {"object.serial": "87", "object.path": "auto_null:playback_0", "format.dsp": "32 bit float mono audio", "node.id": "61", "audio.channel": "FL", "port.id": "0", "port.name": "playback_FL", "port.direction": "in", "port.alias": "Dummy Output:playback_FL", "port.group": "stream.0"} }))
2026-07-13T21:33:12+00:00 machine gtk-status-bar[2924]: 2026-07-13T21:33:12.608158Z DEBUG gtk_status_bar::pw: 🚫 Skipping metadata '' (props: Some(DictRef { flags: Flags(0x0), entries: {"object.serial": "88", "object.path": "auto_null:playback_1", "format.dsp": "32 bit float mono audio", "node.id": "61", "audio.channel": "FR", "port.id": "1", "port.name": "playback_FR", "port.direction": "in", "port.alias": "Dummy Output:playback_FR", "port.group": "stream.0"} }))
2026-07-13T21:33:12+00:00 machine gtk-status-bar[2924]: 2026-07-13T21:33:12.608177Z DEBUG gtk_status_bar::pw: 🚫 Skipping metadata '' (props: Some(DictRef { flags: Flags(0x0), entries: {"object.serial": "89", "object.path": "auto_null:monitor_0", "format.dsp": "32 bit float mono audio", "node.id": "61", "audio.channel": "FL", "port.id": "0", "port.name": "monitor_FL", "port.direction": "out", "port.monitor": "true", "port.alias": "Dummy Output:monitor_FL", "port.group": "stream.0"} }))
2026-07-13T21:33:12+00:00 machine gtk-status-bar[2924]: 2026-07-13T21:33:12.608200Z DEBUG gtk_status_bar::pw: 🚫 Skipping metadata '' (props: Some(DictRef { flags: Flags(0x0), entries: {"object.serial": "90", "object.path": "auto_null:monitor_1", "format.dsp": "32 bit float mono audio", "node.id": "61", "audio.channel": "FR", "port.id": "1", "port.name": "monitor_FR", "port.direction": "out", "port.monitor": "true", "port.alias": "Dummy Output:monitor_FR", "port.group": "stream.0"} }))
2026-07-13T21:33:12+00:00 machine gtk-status-bar[2924]: 2026-07-13T21:33:12.608223Z DEBUG gtk_status_bar::pw: 🎛️  NODE PARAM CALLBACK: Dummy Output (5) received Props param
2026-07-13T21:33:12+00:00 machine gtk-status-bar[2924]: 2026-07-13T21:33:12.608241Z DEBUG gtk_status_bar::pw: 🔊 Node 5: Dummy Output - Vol: Some(100)% | Ch: Some(100)% | Mute: Some(false) [CACHING]
2026-07-13T21:33:12+00:00 machine gtk-status-bar[2924]: 2026-07-13T21:33:12.608258Z DEBUG gtk_status_bar::pw: 📝 Updated volume cache for device 5: Dummy Output -> Vol: Some(100)%, Ch: Some(100)%, Mute: Some(false)
2026-07-13T21:33:12+00:00 machine gtk-status-bar[2924]: 2026-07-13T21:33:12.608275Z DEBUG gtk_status_bar::pw: 🎯 Checking if device 5 is default: current_default=Some("Alpha"), node_name=auto_null, is_default=false
2026-07-13T21:33:12+00:00 machine gtk-status-bar[2924]: 2026-07-13T21:33:12.608292Z DEBUG gtk_status_bar::pw: 📊 Cached volume for non-default device 5 (Dummy Output)
2026-07-13T21:33:12+00:00 machine gtk-status-bar[2924]: 2026-07-13T21:33:12.613667Z DEBUG gtk_status_bar::pw: 🎛️  NODE PARAM CALLBACK: Dummy Output (5) received Props param
2026-07-13T21:33:12+00:00 machine gtk-status-bar[2924]: 2026-07-13T21:33:12.613701Z DEBUG gtk_status_bar::pw: 🔊 Node 5: Dummy Output - Vol: Some(100)% | Ch: Some(100)% | Mute: Some(false) [CACHING]
2026-07-13T21:33:12+00:00 machine gtk-status-bar[2924]: 2026-07-13T21:33:12.613719Z DEBUG gtk_status_bar::pw: 📝 Updated volume cache for device 5: Dummy Output -> Vol: Some(100)%, Ch: Some(100)%, Mute: Some(false)
2026-07-13T21:33:12+00:00 machine gtk-status-bar[2924]: 2026-07-13T21:33:12.613734Z DEBUG gtk_status_bar::pw: 🎯 Checking if device 5 is default: current_default=Some("Alpha"), node_name=auto_null, is_default=false
2026-07-13T21:33:12+00:00 machine gtk-status-bar[2924]: 2026-07-13T21:33:12.613750Z DEBUG gtk_status_bar::pw: 📊 Cached volume for non-default device 5 (Dummy Output)
2026-07-13T21:33:12+00:00 machine gtk-status-bar[2924]: 2026-07-13T21:33:12.621384Z DEBUG gtk_status_bar::pw: 📝 metadata.property subject=0 key=Some("default.audio.sink") value=Some("{\"name\":\"auto_null\"}")
2026-07-13T21:33:12+00:00 machine gtk-status-bar[2924]: 2026-07-13T21:33:12.621423Z DEBUG gtk_status_bar::pw: 🔍 Processing metadata property: default.audio.sink={"name":"auto_null"}
2026-07-13T21:33:12+00:00 machine gtk-status-bar[2924]: 2026-07-13T21:33:12.621449Z  INFO gtk_status_bar::pw: 🔄 Default sink -> auto_null
2026-07-13T21:33:12+00:00 machine gtk-status-bar[2924]: 2026-07-13T21:33:12.621522Z DEBUG gtk_status_bar::pw: 🎯 SINK CHANGE: Some("Alpha") -> auto_null (should trigger volume fetch)
2026-07-13T21:33:12+00:00 machine gtk-status-bar[2924]: 2026-07-13T21:33:12.621541Z DEBUG gtk_status_bar::pw: 🗂️ Searching device map for default sink 'auto_null'
2026-07-13T21:33:12+00:00 machine gtk-status-bar[2924]: 2026-07-13T21:33:12.621560Z DEBUG gtk_status_bar::pw: 🗂️ Current device map contents: {5: ("auto_null", "Dummy Output", Some(100), Some(100), Some(false))}
2026-07-13T21:33:12+00:00 machine gtk-status-bar[2924]: 2026-07-13T21:33:12.621582Z DEBUG gtk_status_bar::pw: 🔍 Checking device 5: node_name='auto_null', description='Dummy Output' against default sink 'auto_null'
2026-07-13T21:33:12+00:00 machine gtk-status-bar[2924]: 2026-07-13T21:33:12.621602Z DEBUG gtk_status_bar::pw: 🎯 MATCH! Found device 5 with node_name 'auto_null' matching default sink
2026-07-13T21:33:12+00:00 machine gtk-status-bar[2924]: 2026-07-13T21:33:12.621623Z DEBUG gtk_status_bar::pw: 🎨 Updating GUI label to: 'Dummy Output' with cached volume data
2026-07-13T21:33:12+00:00 machine gtk-status-bar[2924]: 2026-07-13T21:33:12.621762Z DEBUG gtk_status_bar::pw: 💾 Cached volume data: Vol: Some(100)%, Ch: Some(100)%, Mute: Some(false)
2026-07-13T21:33:12+00:00 machine gtk-status-bar[2924]: 2026-07-13T21:33:12.621813Z DEBUG gtk_status_bar::pw: ✅ Sent REAL volume data to GUI: 'Dummy Output' Vol: Some(100)%, Ch: Some(100)%, Mute: Some(false)
2026-07-13T21:33:12+00:00 machine gtk-status-bar[2924]: 2026-07-13T21:33:12.622275Z DEBUG gtk_status_bar::widgets: 📺 GTK UI updated via ASYNC: 🔊D100
2026-07-13T21:33:12+00:00 machine gtk-status-bar[2924]: 2026-07-13T21:33:12.757274Z  INFO gtk_status_bar::network: Network reachability probe completed target=192.0.2.1 success=true elapsed_ms=29
2026-07-13T21:33:12+00:00 machine gtk-status-bar[2924]: 2026-07-13T21:33:12.757322Z DEBUG gtk_status_bar::network: Sent network update label="\u{f091f} 28% \u{f0ac}"
2026-07-13T21:33:12+00:00 machine gtk-status-bar[2924]: 2026-07-13T21:33:12.757627Z DEBUG gtk_status_bar::widgets: Updating network label: 󰤟 28% 
2026-07-13T21:33:12+00:00 machine gtk-status-bar[2924]: 2026-07-13T21:33:12.962805Z DEBUG gtk_status_bar::tray: Tray item property is unavailable property="IconPixmap" error=org.freedesktop.DBus.Error.InvalidArgs: No such property “IconPixmap”
2026-07-13T21:33:12+00:00 machine gtk-status-bar[2924]: 2026-07-13T21:33:12.964931Z DEBUG gtk_status_bar::tray: Tray item property is unavailable property="IconThemePath" error=org.freedesktop.DBus.Error.InvalidArgs: No such property “IconThemePath”
2026-07-13T21:33:12+00:00 machine gtk-status-bar[2924]: 2026-07-13T21:33:12.972424Z DEBUG gtk_status_bar::tray: Tray item property is unavailable property="IconPixmap" error=org.freedesktop.DBus.Error.InvalidArgs: No such property “IconPixmap”
2026-07-13T21:33:13+00:00 machine gtk-status-bar[2924]: 2026-07-13T21:33:12.973866Z DEBUG gtk_status_bar::tray: Tray item property is unavailable property="IconThemePath" error=org.freedesktop.DBus.Error.InvalidArgs: No such property “IconThemePath”
2026-07-13T21:33:13+00:00 machine gtk-status-bar[2924]: 2026-07-13T21:33:12.982092Z DEBUG gtk_status_bar::tray: Tray item property is unavailable property="IconPixmap" error=org.freedesktop.DBus.Error.InvalidArgs: No such property “IconPixmap”
2026-07-13T21:33:13+00:00 machine gtk-status-bar[2924]: 2026-07-13T21:33:12.987345Z DEBUG gtk_status_bar::tray: Tray item property is unavailable property="IconThemePath" error=org.freedesktop.DBus.Error.InvalidArgs: No such property “IconThemePath”
2026-07-13T21:33:13+00:00 machine gtk-status-bar[2924]: 2026-07-13T21:33:12.998363Z DEBUG gtk_status_bar::tray: Tray item property is unavailable property="IconPixmap" error=org.freedesktop.DBus.Error.InvalidArgs: No such property “IconPixmap”
2026-07-13T21:33:13+00:00 machine gtk-status-bar[2924]: 2026-07-13T21:33:12.999103Z DEBUG gtk_status_bar::tray: Tray item property is unavailable property="IconThemePath" error=org.freedesktop.DBus.Error.InvalidArgs: No such property “IconThemePath”
2026-07-13T21:33:13+00:00 machine gtk-status-bar[2924]: 2026-07-13T21:33:13.023761Z DEBUG gtk_status_bar::widgets: Updating time label:  9:33 PM
2026-07-13T21:33:13+00:00 machine gtk-status-bar[2924]: 2026-07-13T21:33:13.046378Z DEBUG gtk_status_bar::tray: Tray item property is unavailable property="IconPixmap" error=org.freedesktop.DBus.Error.InvalidArgs: No such property “IconPixmap”
2026-07-13T21:33:13+00:00 machine gtk-status-bar[2924]: 2026-07-13T21:33:13.047675Z DEBUG gtk_status_bar::tray: Tray item property is unavailable property="IconThemePath" error=org.freedesktop.DBus.Error.InvalidArgs: No such property “IconThemePath”
2026-07-13T21:33:13+00:00 machine gtk-status-bar[2924]: 2026-07-13T21:33:13.051378Z DEBUG gtk_status_bar::tray: Tray item property is unavailable property="IconPixmap" error=org.freedesktop.DBus.Error.InvalidArgs: No such property “IconPixmap”
2026-07-13T21:33:13+00:00 machine gtk-status-bar[2924]: 2026-07-13T21:33:13.052316Z DEBUG gtk_status_bar::tray: Tray item property is unavailable property="IconThemePath" error=org.freedesktop.DBus.Error.InvalidArgs: No such property “IconThemePath”
2026-07-13T21:33:13+00:00 machine gtk-status-bar[2924]: 2026-07-13T21:33:13.498268Z DEBUG gtk_status_bar::tray: Tray item property is unavailable property="IconPixmap" error=org.freedesktop.DBus.Error.InvalidArgs: No such property “IconPixmap”
2026-07-13T21:33:13+00:00 machine gtk-status-bar[2924]: 2026-07-13T21:33:13.500287Z DEBUG gtk_status_bar::tray: Tray item property is unavailable property="IconThemePath" error=org.freedesktop.DBus.Error.InvalidArgs: No such property “IconThemePath”
2026-07-13T21:33:13+00:00 machine gtk-status-bar[2924]: 2026-07-13T21:33:13.514418Z DEBUG gtk_status_bar::dbus: Got an event in event stream: Msg { type: Signal, serial: 15, sender: UniqueName(":1.61"), path: ObjectPath("/"), iface: InterfaceName("org.freedesktop.DBus.ObjectManager"), member: MemberName("InterfacesAdded"), body: Structure(Dynamic { fields: [ObjectPath, Dict { key: Dynamic { child: Str }, value: Dynamic { child: Dict { key: Dynamic { child: Str }, value: Dynamic { child: Variant } } } }] }), fds: [] }
2026-07-13T21:33:13+00:00 machine gtk-status-bar[2924]: 2026-07-13T21:33:13.514586Z DEBUG gtk_status_bar::dbus: Dbus monitor: Received D-Bus message from path: Some(ObjectPath("/")), interface: Some(InterfaceName("org.freedesktop.DBus.ObjectManager")), member: Some(MemberName("InterfacesAdded"))
2026-07-13T21:33:13+00:00 machine gtk-status-bar[2924]: 2026-07-13T21:33:13.514608Z  INFO gtk_status_bar::dbus: Dbus monitor: Received signal
2026-07-13T21:33:13+00:00 machine gtk-status-bar[2924]: 2026-07-13T21:33:13.514627Z  INFO gtk_status_bar::dbus: Dbus monitor: Received InterfacesAdded signal from ObjectManager
2026-07-13T21:33:13+00:00 machine gtk-status-bar[2924]: 2026-07-13T21:33:13.514708Z DEBUG gtk_status_bar::dbus: Available interfaces in InterfacesAdded: [Str("org.bluez.Adapter1")]
2026-07-13T21:33:13+00:00 machine gtk-status-bar[2924]: 2026-07-13T21:33:13.514729Z DEBUG gtk_status_bar::dbus: Device1 interface not found in interfaces
2026-07-13T21:33:13+00:00 machine gtk-status-bar[2924]: 2026-07-13T21:33:13.514748Z DEBUG gtk_status_bar::dbus: Not a device with org.bluez.Battery1 interface
2026-07-13T21:33:13+00:00 machine gtk-status-bar[2924]: 2026-07-13T21:33:13.519729Z DEBUG gtk_status_bar::dbus: Got an event in event stream: Msg { type: Signal, serial: 18, sender: UniqueName(":1.61"), path: ObjectPath("/"), iface: InterfaceName("org.freedesktop.DBus.ObjectManager"), member: MemberName("InterfacesAdded"), body: Structure(Dynamic { fields: [ObjectPath, Dict { key: Dynamic { child: Str }, value: Dynamic { child: Dict { key: Dynamic { child: Str }, value: Dynamic { child: Variant } } } }] }), fds: [] }
2026-07-13T21:33:13+00:00 machine gtk-status-bar[2924]: 2026-07-13T21:33:13.519760Z DEBUG gtk_status_bar::dbus: Dbus monitor: Received D-Bus message from path: Some(ObjectPath("/")), interface: Some(InterfaceName("org.freedesktop.DBus.ObjectManager")), member: Some(MemberName("InterfacesAdded"))
2026-07-13T21:33:13+00:00 machine gtk-status-bar[2924]: 2026-07-13T21:33:13.519835Z  INFO gtk_status_bar::dbus: Dbus monitor: Received signal
2026-07-13T21:33:13+00:00 machine gtk-status-bar[2924]: 2026-07-13T21:33:13.519850Z  INFO gtk_status_bar::dbus: Dbus monitor: Received InterfacesAdded signal from ObjectManager
2026-07-13T21:33:13+00:00 machine gtk-status-bar[2924]: 2026-07-13T21:33:13.519907Z DEBUG gtk_status_bar::dbus: Available interfaces in InterfacesAdded: [Str("org.bluez.Device1")]
2026-07-13T21:33:13+00:00 machine gtk-status-bar[2924]: 2026-07-13T21:33:13.519953Z DEBUG gtk_status_bar::dbus: Found Device1 interface properties: Dict { map: {Str("Adapter"): Value(ObjectPath(ObjectPath("/org/bluez/hci0"))), Str("Address"): Value(Str("AA:BB:CC:DD:EE:09")), Str("AddressType"): Value(Str("public")), Str("AdvertisingData"): Value(Array(Array { elements: [], signature: Array(Dynamic { child: Dict { key: Dynamic { child: U8 }, value: Dynamic { child: Variant } } }) })), Str("AdvertisingFlags"): Value(Array(Array { elements: [], signature: Array(Dynamic { child: Array(Dynamic { child: U8 }) }) })), Str("Alias"): Value(Str("Recovery Buds")), Str("Appearance"): Value(U16(0)), Str("Blocked"): Value(Bool(false)), Str("Class"): Value(U32(5898764)), Str("Connected"): Value(Bool(false)), Str("Icon"): Value(Str("phone")), Str("LegacyPairing"): Value(Bool(false)), Str("ManufacturerData"): Value(Array(Array { elements: [], signature: Array(Dynamic { child: Dict { key: Dynamic { child: U16 }, value: Dynamic { child: Variant } } }) })), Str("Modalias"): Value(Str("bluetooth:v000Fp1200d1436")), Str("Name"): Value(Str("Recovery Buds")), Str("Paired"): Value(Bool(false)), Str("RSSI"): Value(I16(-79)), Str("ServiceData"): Value(Array(Array { elements: [], signature: Array(Dynamic { child: Dict { key: Dynamic { child: Str }, value: Dynamic { child: Variant } } }) })), Str("ServicesResolved"): Value(Bool(false)), Str("Trusted"): Value(Bool(false)), Str("TxPower"): Value(I16(0)), Str("UUIDs"): Value(Array(Array { elements: [], signature: Array(Dynamic { child: Str }) })), Str("WakeAllowed"): Value(Bool(false))}, signature: Dict { key: Dynamic { child: Str }, value: Dynamic { child: Variant } } }
2026-07-13T21:33:13+00:00 machine gtk-status-bar[2924]: 2026-07-13T21:33:13.519981Z DEBUG gtk_status_bar::dbus: Found Bluetooth device name: Recovery Buds
2026-07-13T21:33:13+00:00 machine gtk-status-bar[2924]: 2026-07-13T21:33:13.519998Z  INFO gtk_status_bar::dbus: Created new device /org/bluez/hci0/dev_AA_BB_CC_DD_EE_09 with name: Some("Recovery Buds")
2026-07-13T21:33:13+00:00 machine gtk-status-bar[2924]: 2026-07-13T21:33:13.520017Z DEBUG gtk_status_bar::dbus: Not a device with org.bluez.Battery1 interface
2026-07-13T21:33:13+00:00 machine gtk-status-bar[2924]: 2026-07-13T21:33:13.520196Z DEBUG gtk_status_bar::widgets: Updating Bluetooth battery label:
2026-07-13T21:33:13+00:00 machine gtk-status-bar[2924]: 2026-07-13T21:33:13.520217Z DEBUG gtk_status_bar::widgets: 🙈 HIDING Bluetooth widget - no devices
2026-07-13T21:33:13+00:00 machine gtk-status-bar[2924]: 2026-07-13T21:33:13.532512Z DEBUG gtk_status_bar::dbus: Got an event in event stream: Msg { type: Signal, serial: 25, sender: UniqueName(":1.61"), path: ObjectPath("/org/bluez/hci0"), iface: InterfaceName("org.freedesktop.DBus.Properties"), member: MemberName("PropertiesChanged"), body: Structure(Dynamic { fields: [Str, Dict { key: Dynamic { child: Str }, value: Dynamic { child: Variant } }, Array(Dynamic { child: Str })] }), fds: [] }
2026-07-13T21:33:13+00:00 machine gtk-status-bar[2924]: 2026-07-13T21:33:13.532564Z DEBUG gtk_status_bar::dbus: Dbus monitor: Received D-Bus message from path: Some(ObjectPath("/org/bluez/hci0")), interface: Some(InterfaceName("org.freedesktop.DBus.Properties")), member: Some(MemberName("PropertiesChanged"))
2026-07-13T21:33:13+00:00 machine gtk-status-bar[2924]: 2026-07-13T21:33:13.532587Z  INFO gtk_status_bar::dbus: Dbus monitor: Received signal
2026-07-13T21:33:13+00:00 machine gtk-status-bar[2924]: 2026-07-13T21:33:13.532605Z  INFO gtk_status_bar::dbus: Dbus monitor: Received PropertiesChanged signal
2026-07-13T21:33:13+00:00 machine gtk-status-bar[2924]: 2026-07-13T21:33:13.532653Z DEBUG gtk_status_bar::dbus: Dbus monitor: Ignored PropertiesChanged for interface: "org.bluez.Adapter1"
2026-07-13T21:33:13+00:00 machine gtk-status-bar[2924]: 2026-07-13T21:33:13.545846Z DEBUG gtk_status_bar::tray: Tray item property is unavailable property="IconPixmap" error=org.freedesktop.DBus.Error.InvalidArgs: No such property “IconPixmap”
2026-07-13T21:33:13+00:00 machine gtk-status-bar[2924]: 2026-07-13T21:33:13.546959Z DEBUG gtk_status_bar::tray: Tray item property is unavailable property="IconThemePath" error=org.freedesktop.DBus.Error.InvalidArgs: No such property “IconThemePath”
2026-07-13T21:33:13+00:00 machine gtk-status-bar[2924]: 2026-07-13T21:33:13.586403Z DEBUG gtk_status_bar::tray: Tray item property is unavailable property="IconPixmap" error=org.freedesktop.DBus.Error.InvalidArgs: No such property “IconPixmap”
2026-07-13T21:33:13+00:00 machine gtk-status-bar[2924]: 2026-07-13T21:33:13.590714Z DEBUG gtk_status_bar::tray: Tray item property is unavailable property="IconThemePath" error=org.freedesktop.DBus.Error.InvalidArgs: No such property “IconThemePath”
2026-07-13T21:33:13+00:00 machine gtk-status-bar[2924]: 2026-07-13T21:33:13.602087Z DEBUG gtk_status_bar::tray: Tray item property is unavailable property="IconPixmap" error=org.freedesktop.DBus.Error.InvalidArgs: No such property “IconPixmap”
2026-07-13T21:33:13+00:00 machine gtk-status-bar[2924]: 2026-07-13T21:33:13.610055Z DEBUG gtk_status_bar::tray: Tray item property is unavailable property="IconThemePath" error=org.freedesktop.DBus.Error.InvalidArgs: No such property “IconThemePath”
2026-07-13T21:33:14+00:00 machine gtk-status-bar[3308]: 2026-07-13T21:33:14.104156Z  INFO gtk_status_bar: Starting GTK status bar application
2026-07-13T21:33:14+00:00 machine gtk-status-bar[3308]: 2026-07-13T21:33:14.106104Z  INFO gtk_status_bar: Running GTK application
2026-07-13T21:33:15+00:00 machine gtk-status-bar[3308]: 2026-07-13T21:33:15.715604Z  INFO gtk_status_bar: Activating GTK application
2026-07-13T21:33:15+00:00 machine gtk-status-bar[3308]: 2026-07-13T21:33:15.716568Z DEBUG gtk_status_bar::widgets: Loading CSS styles
2026-07-13T21:33:15+00:00 machine gtk-status-bar[3308]: 2026-07-13T21:33:15.717148Z  INFO gtk_status_bar::widgets: CSS styles loaded successfully
2026-07-13T21:33:15+00:00 machine gtk-status-bar[3308]: 2026-07-13T21:33:15.717170Z DEBUG gtk_status_bar::widgets: Configuring layer shell
2026-07-13T21:33:15+00:00 machine gtk-status-bar[3308]: 2026-07-13T21:33:15.728252Z  INFO gtk_status_bar::widgets: Layer shell configured successfully
2026-07-13T21:33:15+00:00 machine gtk-status-bar[3308]: 2026-07-13T21:33:15.728296Z DEBUG gtk_status_bar::widgets: Creating experimental bar
2026-07-13T21:33:15+00:00 machine gtk-status-bar[3308]: 2026-07-13T21:33:15.728425Z DEBUG gtk_status_bar::widgets: Creating left group
2026-07-13T21:33:15+00:00 machine gtk-status-bar[3308]: 2026-07-13T21:33:15.728543Z DEBUG gtk_status_bar::widgets: Creating workspace widget
2026-07-13T21:33:15+00:00 machine gtk-status-bar[3308]: 2026-07-13T21:33:15.728940Z DEBUG gtk_status_bar::widgets: Creating workspace client strip
2026-07-13T21:33:15+00:00 machine gtk-status-bar[3308]: 2026-07-13T21:33:15.729102Z DEBUG gtk_status_bar::widgets: Creating right group
2026-07-13T21:33:15+00:00 machine gtk-status-bar[3308]: 2026-07-13T21:33:15.729145Z DEBUG gtk_status_bar::widgets: Creating system tray widget
2026-07-13T21:33:15+00:00 machine gtk-status-bar[3308]: 2026-07-13T21:33:15.729182Z DEBUG gtk_status_bar::widgets: Creating bluetooth widget
2026-07-13T21:33:15+00:00 machine gtk-status-bar[3308]: 2026-07-13T21:33:15.729235Z DEBUG gtk_status_bar::widgets: Creating volume widget
2026-07-13T21:33:15+00:00 machine gtk-status-bar[3308]: 2026-07-13T21:33:15.729289Z DEBUG gtk_status_bar::widgets: Creating network widget
2026-07-13T21:33:15+00:00 machine gtk-status-bar[3308]: 2026-07-13T21:33:15.729343Z DEBUG gtk_status_bar::widgets: Creating battery widget
2026-07-13T21:33:15+00:00 machine gtk-status-bar[3308]: 2026-07-13T21:33:15.729392Z DEBUG gtk_status_bar::widgets: Creating time widget
2026-07-13T21:33:16+00:00 machine gtk-status-bar[3308]: 2026-07-13T21:33:16.310090Z DEBUG gtk_status_bar::widgets: Setting up time widget updates
2026-07-13T21:33:16+00:00 machine gtk-status-bar[3308]: 2026-07-13T21:33:16.310164Z DEBUG gtk_status_bar::widgets: Updating time label:  9:33 PM
2026-07-13T21:33:16+00:00 machine gtk-status-bar[3308]: 2026-07-13T21:33:16.310212Z DEBUG gtk_status_bar::widgets: Setting up system tray updates
2026-07-13T21:33:16+00:00 machine gtk-status-bar[3308]: 2026-07-13T21:33:16.310257Z DEBUG gtk_status_bar::widgets: Setting up workspace updates
2026-07-13T21:33:16+00:00 machine gtk-status-bar[3308]: 2026-07-13T21:33:16.310299Z DEBUG gtk_status_bar::widgets: Setting up workspace client updates
2026-07-13T21:33:16+00:00 machine gtk-status-bar[3308]: 2026-07-13T21:33:16.310339Z DEBUG gtk_status_bar::widgets: Setting up battery updates
2026-07-13T21:33:16+00:00 machine gtk-status-bar[3308]: 2026-07-13T21:33:16.310378Z DEBUG gtk_status_bar::widgets: Setting up Bluetooth battery updates
2026-07-13T21:33:16+00:00 machine gtk-status-bar[3308]: 2026-07-13T21:33:16.310421Z DEBUG gtk_status_bar::widgets: Setting up network updates
2026-07-13T21:33:16+00:00 machine gtk-status-bar[3308]: 2026-07-13T21:33:16.310525Z DEBUG gtk_status_bar::widgets: Setting up volume updates with tokio async channels
2026-07-13T21:33:16+00:00 machine gtk-status-bar[3308]: 2026-07-13T21:33:16.310734Z  INFO gtk_status_bar: Application activated successfully
2026-07-13T21:33:16+00:00 machine gtk-status-bar[3308]: 2026-07-13T21:33:16.310756Z DEBUG gtk_status_bar::pw: 🔧 Initializing PipeWire on dedicated thread...
2026-07-13T21:33:16+00:00 machine gtk-status-bar[3308]: 2026-07-13T21:33:16.310779Z DEBUG gtk_status_bar::pw: 📋 Created device tracking HashMap for (node_name, description, volume, channel, mute)
2026-07-13T21:33:16+00:00 machine gtk-status-bar[3308]: 2026-07-13T21:33:16.311276Z DEBUG gtk_status_bar::widgets: 🚀 Starting async volume update loop...
2026-07-13T21:33:16+00:00 machine gtk-status-bar[3308]: 2026-07-13T21:33:16.316526Z DEBUG gtk_status_bar::pw: ✅ PipeWire initialized
2026-07-13T21:33:16+00:00 machine gtk-status-bar[3308]: 2026-07-13T21:33:16.316543Z  INFO gtk_status_bar::tray: 🔌 Starting system tray backend
2026-07-13T21:33:16+00:00 machine gtk-status-bar[3308]: 2026-07-13T21:33:16.316600Z DEBUG gtk_status_bar::pw: ✅ ThreadLoop created
2026-07-13T21:33:16+00:00 machine gtk-status-bar[3308]: 2026-07-13T21:33:16.316842Z  INFO gtk_status_bar: Starting tray IPC server
2026-07-13T21:33:16+00:00 machine gtk-status-bar[3308]: 2026-07-13T21:33:16.317015Z  INFO gtk_status_bar::network: Starting network monitor
2026-07-13T21:33:16+00:00 machine gtk-status-bar[3308]: 2026-07-13T21:33:16.317160Z  INFO gtk_status_bar::hypr: 🔌 Starting title event listener
2026-07-13T21:33:16+00:00 machine gtk-status-bar[3308]: 2026-07-13T21:33:16.317178Z DEBUG gtk_status_bar::hypr: Setting up title event listener
2026-07-13T21:33:16+00:00 machine gtk-status-bar[3308]: 2026-07-13T21:33:16.317339Z  INFO gtk_status_bar::dbus: 🔌 Starting D-Bus monitor
2026-07-13T21:33:16+00:00 machine gtk-status-bar[3308]: 2026-07-13T21:33:16.317365Z  INFO gtk_status_bar::dbus: Starting D-Bus monitoring task
2026-07-13T21:33:16+00:00 machine gtk-status-bar[3308]: 2026-07-13T21:33:16.322613Z  INFO tray_ipc: Tray IPC server is listening path=/run/user/1000/gtk-status-bar/tray.sock
2026-07-13T21:33:16+00:00 machine gtk-status-bar[3308]: 2026-07-13T21:33:16.323728Z  INFO gtk_status_bar::hypr: 🔌 Starting workspace event listener
2026-07-13T21:33:16+00:00 machine gtk-status-bar[3308]: 2026-07-13T21:33:16.323755Z DEBUG gtk_status_bar::hypr: Setting up workspace event listener
2026-07-13T21:33:16+00:00 machine gtk-status-bar[3308]: 2026-07-13T21:33:16.324818Z DEBUG gtk_status_bar::widgets: Pinning bar height to font-derived line height char_height=18 multiplier=1.4 pinned=25
2026-07-13T21:33:16+00:00 machine gtk-status-bar[3308]: 2026-07-13T21:33:16.348761Z  INFO gtk_status_bar::hypr: Starting workspace event listener
2026-07-13T21:33:16+00:00 machine gtk-status-bar[3308]: 2026-07-13T21:33:16.349614Z  INFO gtk_status_bar::hypr: Starting title event listener
2026-07-13T21:33:16+00:00 machine gtk-status-bar[3308]: 2026-07-13T21:33:16.351049Z DEBUG gtk_status_bar::dbus: 🔌 Registered battery match rule
2026-07-13T21:33:16+00:00 machine gtk-status-bar[3308]: 2026-07-13T21:33:16.351760Z DEBUG gtk_status_bar::pw: ✅ Context created
2026-07-13T21:33:16+00:00 machine gtk-status-bar[3308]: 2026-07-13T21:33:16.351766Z DEBUG gtk_status_bar::dbus: 🔌 Registered bluez PropertiesChanged match rule
2026-07-13T21:33:16+00:00 machine gtk-status-bar[3308]: 2026-07-13T21:33:16.351879Z DEBUG gtk_status_bar::pw: ✅ Core connected
2026-07-13T21:33:16+00:00 machine gtk-status-bar[3308]: 2026-07-13T21:33:16.351900Z DEBUG gtk_status_bar::pw: ✅ Registry obtained
2026-07-13T21:33:16+00:00 machine gtk-status-bar[3308]: 2026-07-13T21:33:16.351917Z DEBUG gtk_status_bar::pw: 🎵 PipeWire ThreadLoop started - monitoring volume changes with default sink filtering
2026-07-13T21:33:16+00:00 machine gtk-status-bar[3308]: 2026-07-13T21:33:16.352066Z DEBUG gtk_status_bar::pw: ✅ ThreadLoop started successfully
2026-07-13T21:33:16+00:00 machine gtk-status-bar[3308]: 2026-07-13T21:33:16.352085Z DEBUG gtk_status_bar::pw: 🔄 PipeWire thread running - async event delivery active...
2026-07-13T21:33:16+00:00 machine gtk-status-bar[3308]: 2026-07-13T21:33:16.353314Z DEBUG gtk_status_bar::pw: 📡 PipeWire connected: pipewire-0
2026-07-13T21:33:16+00:00 machine gtk-status-bar[3308]: 2026-07-13T21:33:16.353347Z DEBUG gtk_status_bar::pw: 🚫 Skipping metadata '' (props: Some(DictRef { flags: Flags(0x0), entries: {"object.serial": "0", "core.name": "pipewire-0"} }))
2026-07-13T21:33:16+00:00 machine gtk-status-bar[3308]: 2026-07-13T21:33:16.353371Z DEBUG gtk_status_bar::pw: 🚫 Skipping metadata '' (props: Some(DictRef { flags: Flags(0x0), entries: {"object.serial": "1", "module.name": "libpipewire-module-rt"} }))
2026-07-13T21:33:16+00:00 machine gtk-status-bar[3308]: 2026-07-13T21:33:16.353371Z DEBUG gtk_status_bar::dbus: 🔌 Registered bluez InterfacesAdded match rule
2026-07-13T21:33:16+00:00 machine gtk-status-bar[3308]: 2026-07-13T21:33:16.353391Z DEBUG gtk_status_bar::pw: 🚫 Skipping metadata '' (props: Some(DictRef { flags: Flags(0x0), entries: {"object.serial": "3"} }))
2026-07-13T21:33:16+00:00 machine gtk-status-bar[3308]: 2026-07-13T21:33:16.353410Z DEBUG gtk_status_bar::pw: 🚫 Skipping metadata '' (props: Some(DictRef { flags: Flags(0x0), entries: {"object.serial": "2", "module.name": "libpipewire-module-protocol-native"} }))
2026-07-13T21:33:16+00:00 machine gtk-status-bar[3308]: 2026-07-13T21:33:16.353430Z DEBUG gtk_status_bar::pw: 🚫 Skipping metadata '' (props: Some(DictRef { flags: Flags(0x0), entries: {"object.serial": "5"} }))
2026-07-13T21:33:16+00:00 machine gtk-status-bar[3308]: 2026-07-13T21:33:16.353514Z DEBUG gtk_status_bar::pw: 🚫 Skipping metadata '' (props: Some(DictRef { flags: Flags(0x0), entries: {"object.serial": "4", "module.name": "libpipewire-module-profiler"} }))
2026-07-13T21:33:16+00:00 machine gtk-status-bar[3308]: 2026-07-13T21:33:16.353536Z DEBUG gtk_status_bar::pw: 🚫 Skipping metadata '' (props: Some(DictRef { flags: Flags(0x0), entries: {"object.serial": "6", "module.name": "libpipewire-module-metadata"} }))
2026-07-13T21:33:16+00:00 machine gtk-status-bar[3308]: 2026-07-13T21:33:16.353557Z DEBUG gtk_status_bar::pw: 🚫 Skipping metadata '' (props: Some(DictRef { flags: Flags(0x0), entries: {"object.serial": "7", "module.id": "6", "factory.name": "metadata", "factory.type.name": "PipeWire:Interface:Metadata", "factory.type.version": "3"} }))
2026-07-13T21:33:16+00:00 machine gtk-status-bar[3308]: 2026-07-13T21:33:16.353578Z DEBUG gtk_status_bar::pw: 🚫 Skipping metadata '' (props: Some(DictRef { flags: Flags(0x0), entries: {"object.serial": "8", "module.name": "libpipewire-module-spa-device-factory"} }))
2026-07-13T21:33:16+00:00 machine gtk-status-bar[3308]: 2026-07-13T21:33:16.353598Z DEBUG gtk_status_bar::pw: 🚫 Skipping metadata '' (props: Some(DictRef { flags: Flags(0x0), entries: {"object.serial": "9", "module.id": "8", "factory.name": "spa-device-factory", "factory.type.name": "PipeWire:Interface:Device", "factory.type.version": "3"} }))
2026-07-13T21:33:16+00:00 machine gtk-status-bar[3308]: 2026-07-13T21:33:16.353618Z DEBUG gtk_status_bar::pw: 🚫 Skipping metadata '' (props: Some(DictRef { flags: Flags(0x0), entries: {"object.serial": "10", "module.name": "libpipewire-module-spa-node-factory"} }))
2026-07-13T21:33:16+00:00 machine gtk-status-bar[3308]: 2026-07-13T21:33:16.353650Z DEBUG gtk_status_bar::pw: 🚫 Skipping metadata '' (props: Some(DictRef { flags: Flags(0x0), entries: {"object.serial": "11", "module.id": "10", "factory.name": "spa-node-factory", "factory.type.name": "PipeWire:Interface:Node", "factory.type.version": "3"} }))
2026-07-13T21:33:16+00:00 machine gtk-status-bar[3308]: 2026-07-13T21:33:16.353671Z DEBUG gtk_status_bar::pw: 🚫 Skipping metadata '' (props: Some(DictRef { flags: Flags(0x0), entries: {"object.serial": "12", "module.name": "libpipewire-module-client-node"} }))
2026-07-13T21:33:16+00:00 machine gtk-status-bar[3308]: 2026-07-13T21:33:16.353692Z DEBUG gtk_status_bar::pw: 🚫 Skipping metadata '' (props: Some(DictRef { flags: Flags(0x0), entries: {"object.serial": "13", "module.id": "12", "factory.name": "client-node", "factory.type.name": "PipeWire:Interface:ClientNode", "factory.type.version": "6"} }))
2026-07-13T21:33:16+00:00 machine gtk-status-bar[3308]: 2026-07-13T21:33:16.353712Z DEBUG gtk_status_bar::pw: 🚫 Skipping metadata '' (props: Some(DictRef { flags: Flags(0x0), entries: {"object.serial": "14", "module.name": "libpipewire-module-client-device"} }))
2026-07-13T21:33:16+00:00 machine gtk-status-bar[3308]: 2026-07-13T21:33:16.353731Z DEBUG gtk_status_bar::pw: 🚫 Skipping metadata '' (props: Some(DictRef { flags: Flags(0x0), entries: {"object.serial": "15", "module.id": "14", "factory.name": "client-device", "factory.type.name": "Spa:Pointer:Interface:Device", "factory.type.version": "0"} }))
2026-07-13T21:33:16+00:00 machine gtk-status-bar[3308]: 2026-07-13T21:33:16.353751Z DEBUG gtk_status_bar::pw: 🚫 Skipping metadata '' (props: Some(DictRef { flags: Flags(0x0), entries: {"object.serial": "16", "module.name": "libpipewire-module-portal"} }))
2026-07-13T21:33:16+00:00 machine gtk-status-bar[3308]: 2026-07-13T21:33:16.353770Z DEBUG gtk_status_bar::pw: 🚫 Skipping metadata '' (props: Some(DictRef { flags: Flags(0x0), entries: {"object.serial": "17", "module.name": "libpipewire-module-access"} }))
2026-07-13T21:33:16+00:00 machine gtk-status-bar[3308]: 2026-07-13T21:33:16.353790Z DEBUG gtk_status_bar::pw: 🚫 Skipping metadata '' (props: Some(DictRef { flags: Flags(0x0), entries: {"object.serial": "18", "module.name": "libpipewire-module-adapter"} }))
2026-07-13T21:33:16+00:00 machine gtk-status-bar[3308]: 2026-07-13T21:33:16.353809Z DEBUG gtk_status_bar::pw: 🚫 Skipping metadata '' (props: Some(DictRef { flags: Flags(0x0), entries: {"object.serial": "19", "module.id": "18", "factory.name": "adapter", "factory.type.name": "PipeWire:Interface:Node", "factory.type.version": "3"} }))
2026-07-13T21:33:16+00:00 machine gtk-status-bar[3308]: 2026-07-13T21:33:16.353834Z DEBUG gtk_status_bar::pw: 🚫 Skipping metadata '' (props: Some(DictRef { flags: Flags(0x0), entries: {"object.serial": "20", "module.name": "libpipewire-module-link-factory"} }))
2026-07-13T21:33:16+00:00 machine gtk-status-bar[3308]: 2026-07-13T21:33:16.353855Z DEBUG gtk_status_bar::pw: 🚫 Skipping metadata '' (props: Some(DictRef { flags: Flags(0x0), entries: {"object.serial": "21", "module.id": "20", "factory.name": "link-factory", "factory.type.name": "PipeWire:Interface:Link", "factory.type.version": "3"} }))
2026-07-13T21:33:16+00:00 machine gtk-status-bar[3308]: 2026-07-13T21:33:16.353874Z DEBUG gtk_status_bar::pw: 🚫 Skipping metadata '' (props: Some(DictRef { flags: Flags(0x0), entries: {"object.serial": "22", "module.name": "libpipewire-module-session-manager"} }))
2026-07-13T21:33:16+00:00 machine gtk-status-bar[3308]: 2026-07-13T21:33:16.353893Z DEBUG gtk_status_bar::pw: 🚫 Skipping metadata '' (props: Some(DictRef { flags: Flags(0x0), entries: {"object.serial": "23", "module.id": "22", "factory.name": "client-endpoint", "factory.type.name": "PipeWire:Interface:ClientEndpoint", "factory.type.version": "0"} }))
2026-07-13T21:33:16+00:00 machine gtk-status-bar[3308]: 2026-07-13T21:33:16.353914Z DEBUG gtk_status_bar::pw: 🚫 Skipping metadata '' (props: Some(DictRef { flags: Flags(0x0), entries: {"object.serial": "24", "module.id": "22", "factory.name": "client-session", "factory.type.name": "PipeWire:Interface:ClientSession", "factory.type.version": "0"} }))
2026-07-13T21:33:16+00:00 machine gtk-status-bar[3308]: 2026-07-13T21:33:16.353934Z DEBUG gtk_status_bar::pw: 🚫 Skipping metadata '' (props: Some(DictRef { flags: Flags(0x0), entries: {"object.serial": "25", "module.id": "22", "factory.name": "session", "factory.type.name": "PipeWire:Interface:Session", "factory.type.version": "0"} }))
2026-07-13T21:33:16+00:00 machine gtk-status-bar[3308]: 2026-07-13T21:33:16.353954Z DEBUG gtk_status_bar::pw: 🚫 Skipping metadata '' (props: Some(DictRef { flags: Flags(0x0), entries: {"object.serial": "26", "module.id": "22", "factory.name": "endpoint", "factory.type.name": "PipeWire:Interface:Endpoint", "factory.type.version": "0"} }))
2026-07-13T21:33:16+00:00 machine gtk-status-bar[3308]: 2026-07-13T21:33:16.353974Z DEBUG gtk_status_bar::pw: 🚫 Skipping metadata '' (props: Some(DictRef { flags: Flags(0x0), entries: {"object.serial": "27", "module.id": "22", "factory.name": "endpoint-stream", "factory.type.name": "PipeWire:Interface:EndpointStream", "factory.type.version": "0"} }))
2026-07-13T21:33:16+00:00 machine gtk-status-bar[3308]: 2026-07-13T21:33:16.353995Z DEBUG gtk_status_bar::pw: 🚫 Skipping metadata '' (props: Some(DictRef { flags: Flags(0x0), entries: {"object.serial": "28", "module.id": "22", "factory.name": "endpoint-link", "factory.type.name": "PipeWire:Interface:EndpointLink", "factory.type.version": "0"} }))
2026-07-13T21:33:16+00:00 machine gtk-status-bar[3308]: 2026-07-13T21:33:16.354015Z DEBUG gtk_status_bar::pw: 🚫 Skipping metadata '' (props: Some(DictRef { flags: Flags(0x0), entries: {"object.serial": "29", "module.name": "libpipewire-module-x11-bell"} }))
2026-07-13T21:33:16+00:00 machine gtk-status-bar[3308]: 2026-07-13T21:33:16.354034Z DEBUG gtk_status_bar::pw: 🚫 Skipping metadata '' (props: Some(DictRef { flags: Flags(0x0), entries: {"object.serial": "30", "module.name": "libpipewire-module-jackdbus-detect"} }))
2026-07-13T21:33:16+00:00 machine gtk-status-bar[3308]: 2026-07-13T21:33:16.354053Z DEBUG gtk_status_bar::pw: 🚫 Skipping metadata '' (props: Some(DictRef { flags: Flags(0x0), entries: {"object.serial": "31", "factory.id": "11", "priority.driver": "200000", "node.name": "Dummy-Driver"} }))
2026-07-13T21:33:16+00:00 machine gtk-status-bar[3308]: 2026-07-13T21:33:16.354072Z DEBUG gtk_status_bar::pw: 🔍 Checking node - media.class: None
2026-07-13T21:33:16+00:00 machine gtk-status-bar[3308]: 2026-07-13T21:33:16.354089Z DEBUG gtk_status_bar::pw: 🔍 Node filter result: false for media.class: None
2026-07-13T21:33:16+00:00 machine gtk-status-bar[3308]: 2026-07-13T21:33:16.354107Z DEBUG gtk_status_bar::pw: 🚫 Skipping metadata '' (props: Some(DictRef { flags: Flags(0x0), entries: {"object.serial": "32", "factory.id": "11", "priority.driver": "190000", "node.name": "Freewheel-Driver"} }))
2026-07-13T21:33:16+00:00 machine gtk-status-bar[3308]: 2026-07-13T21:33:16.354125Z DEBUG gtk_status_bar::pw: 🔍 Checking node - media.class: None
2026-07-13T21:33:16+00:00 machine gtk-status-bar[3308]: 2026-07-13T21:33:16.354141Z DEBUG gtk_status_bar::pw: 🔍 Node filter result: false for media.class: None
2026-07-13T21:33:16+00:00 machine gtk-status-bar[3308]: 2026-07-13T21:33:16.354159Z DEBUG gtk_status_bar::pw: 🚫 Skipping metadata 'settings' (props: Some(DictRef { flags: Flags(0x0), entries: {"object.serial": "33", "metadata.name": "settings"} }))
2026-07-13T21:33:16+00:00 machine gtk-status-bar[3308]: 2026-07-13T21:33:16.354182Z DEBUG gtk_status_bar::pw: 🚫 Skipping metadata '' (props: Some(DictRef { flags: Flags(0x0), entries: {"object.serial": "34", "module.id": "2", "pipewire.protocol": "protocol-native", "pipewire.sec.pid": "1259", "pipewire.sec.uid": "1000", "pipewire.sec.gid": "100", "pipewire.sec.socket": "pipewire-0", "application.name": ".xdg-desktop-portal-wrapped", "pipewire.access": "unrestricted"} }))
2026-07-13T21:33:16+00:00 machine gtk-status-bar[3308]: 2026-07-13T21:33:16.354204Z DEBUG gtk_status_bar::pw: 🚫 Skipping metadata '' (props: Some(DictRef { flags: Flags(0x0), entries: {"object.serial": "35", "module.id": "2", "pipewire.protocol": "protocol-native", "pipewire.sec.pid": "1332", "pipewire.sec.uid": "1000", "pipewire.sec.gid": "100", "pipewire.sec.socket": "pipewire-0-manager", "application.name": "WirePlumber", "pipewire.access": "unrestricted"} }))
2026-07-13T21:33:16+00:00 machine gtk-status-bar[3308]: 2026-07-13T21:33:16.354228Z DEBUG gtk_status_bar::pw: 🚫 Skipping metadata 'schema-sm-settings' (props: Some(DictRef { flags: Flags(0x0), entries: {"metadata.name": "schema-sm-settings", "factory.id": "7", "module.id": "6", "client.id": "35", "object.serial": "36"} }))
2026-07-13T21:33:16+00:00 machine gtk-status-bar[3308]: 2026-07-13T21:33:16.354248Z DEBUG gtk_status_bar::pw: 🚫 Skipping metadata 'persistent-sm-settings' (props: Some(DictRef { flags: Flags(0x0), entries: {"metadata.name": "persistent-sm-settings", "factory.id": "7", "module.id": "6", "client.id": "35", "object.serial": "37"} }))
2026-07-13T21:33:16+00:00 machine gtk-status-bar[3308]: 2026-07-13T21:33:16.354267Z DEBUG gtk_status_bar::pw: 🚫 Skipping metadata 'sm-settings' (props: Some(DictRef { flags: Flags(0x0), entries: {"metadata.name": "sm-settings", "factory.id": "7", "module.id": "6", "client.id": "35", "object.serial": "38"} }))
2026-07-13T21:33:16+00:00 machine gtk-status-bar[3308]: 2026-07-13T21:33:16.354287Z DEBUG gtk_status_bar::pw: 🚫 Skipping metadata 'sm-objects' (props: Some(DictRef { flags: Flags(0x0), entries: {"metadata.name": "sm-objects", "factory.id": "7", "module.id": "6", "client.id": "35", "object.serial": "39"} }))
2026-07-13T21:33:16+00:00 machine gtk-status-bar[3308]: 2026-07-13T21:33:16.354307Z DEBUG gtk_status_bar::pw: 🚫 Skipping metadata 'default-profile' (props: Some(DictRef { flags: Flags(0x0), entries: {"wireplumber.state": "true", "metadata.name": "default-profile", "factory.id": "7", "module.id": "6", "client.id": "35", "object.serial": "40"} }))
2026-07-13T21:33:16+00:00 machine gtk-status-bar[3308]: 2026-07-13T21:33:16.354328Z DEBUG gtk_status_bar::pw: ✅ Processing metadata.name == default
2026-07-13T21:33:16+00:00 machine gtk-status-bar[3308]: 2026-07-13T21:33:16.354345Z DEBUG gtk_status_bar::pw: 📋 Found metadata object: Some(DictRef { flags: Flags(0x0), entries: {"metadata.name": "default", "factory.id": "7", "module.id": "6", "client.id": "35", "object.serial": "41"} })
2026-07-13T21:33:16+00:00 machine gtk-status-bar[3308]: 2026-07-13T21:33:16.354373Z DEBUG gtk_status_bar::pw: 📋 Bound 'default' Metadata (id=3)
2026-07-13T21:33:16+00:00 machine gtk-status-bar[3308]: 2026-07-13T21:33:16.354403Z DEBUG gtk_status_bar::pw: 🚫 Skipping metadata 'filters' (props: Some(DictRef { flags: Flags(0x0), entries: {"metadata.name": "filters", "factory.id": "7", "module.id": "6", "client.id": "35", "object.serial": "43"} }))
2026-07-13T21:33:16+00:00 machine gtk-status-bar[3308]: 2026-07-13T21:33:16.354424Z DEBUG gtk_status_bar::pw: 🚫 Skipping metadata 'route-settings' (props: Some(DictRef { flags: Flags(0x0), entries: {"metadata.name": "route-settings", "factory.id": "7", "module.id": "6", "client.id": "35", "object.serial": "44"} }))
2026-07-13T21:33:16+00:00 machine gtk-status-bar[3308]: 2026-07-13T21:33:16.354444Z DEBUG gtk_status_bar::pw: 🚫 Skipping metadata '' (props: Some(DictRef { flags: Flags(0x0), entries: {"object.serial": "45", "module.id": "2", "pipewire.protocol": "protocol-native", "pipewire.sec.pid": "1332", "pipewire.sec.uid": "1000", "pipewire.sec.gid": "100", "pipewire.sec.socket": "pipewire-0-manager", "application.name": "WirePlumber [export]", "pipewire.access": "unrestricted"} }))
2026-07-13T21:33:16+00:00 machine gtk-status-bar[3308]: 2026-07-13T21:33:16.354527Z DEBUG gtk_status_bar::pw: 🚫 Skipping metadata '' (props: Some(DictRef { flags: Flags(0x0), entries: {"object.serial": "46", "factory.id": "11", "client.id": "45", "priority.session": "100", "priority.driver": "1", "node.name": "Midi-Bridge", "media.class": "Midi/Bridge"} }))
2026-07-13T21:33:16+00:00 machine gtk-status-bar[3308]: 2026-07-13T21:33:16.354547Z DEBUG gtk_status_bar::pw: 🔍 Checking node - media.class: Some("Midi/Bridge")
2026-07-13T21:33:16+00:00 machine gtk-status-bar[3308]: 2026-07-13T21:33:16.354563Z DEBUG gtk_status_bar::pw: 🔍 Node filter result: false for media.class: Some("Midi/Bridge")
2026-07-13T21:33:16+00:00 machine gtk-status-bar[3308]: 2026-07-13T21:33:16.354584Z DEBUG gtk_status_bar::pw: 🚫 Skipping metadata '' (props: Some(DictRef { flags: Flags(0x0), entries: {"object.serial": "47", "object.path": "alsa:seq:default:client_14:playback_0", "format.dsp": "8 bit raw midi", "node.id": "46", "port.id": "0", "port.name": "Midi Through: Port-0 (playback)", "port.direction": "in", "port.physical": "true", "port.terminal": "true", "port.alias": "Midi Through:Midi Through Port-0", "port.group": "client_14"} }))
2026-07-13T21:33:16+00:00 machine gtk-status-bar[3308]: 2026-07-13T21:33:16.354606Z DEBUG gtk_status_bar::pw: 🚫 Skipping metadata '' (props: Some(DictRef { flags: Flags(0x0), entries: {"object.serial": "48", "object.path": "alsa:seq:default:client_14:capture_0", "format.dsp": "8 bit raw midi", "node.id": "46", "port.id": "0", "port.name": "Midi Through: Port-0 (capture)", "port.direction": "out", "port.physical": "true", "port.terminal": "true", "port.alias": "Midi Through:Midi Through Port-0", "port.group": "client_14"} }))
2026-07-13T21:33:16+00:00 machine gtk-status-bar[3308]: 2026-07-13T21:33:16.354627Z DEBUG gtk_status_bar::pw: 🚫 Skipping metadata '' (props: Some(DictRef { flags: Flags(0x0), entries: {"object.serial": "42", "module.id": "2", "pipewire.protocol": "protocol-native", "pipewire.sec.pid": "1342", "pipewire.sec.uid": "1000", "pipewire.sec.gid": "100", "pipewire.sec.socket": "pipewire-0", "application.name": ".xdg-desktop-portal-hyprland-wrapped", "pipewire.access": "unrestricted"} }))
2026-07-13T21:33:16+00:00 machine gtk-status-bar[3308]: 2026-07-13T21:33:16.354658Z DEBUG gtk_status_bar::pw: 🚫 Skipping metadata '' (props: Some(DictRef { flags: Flags(0x0), entries: {"object.serial": "49", "factory.id": "14", "client.id": "45", "node.description": "BLE MIDI 1", "node.name": "bluez_midi.server", "media.class": "Midi/Bridge"} }))
2026-07-13T21:33:16+00:00 machine gtk-status-bar[3308]: 2026-07-13T21:33:16.354678Z DEBUG gtk_status_bar::pw: 🔍 Checking node - media.class: Some("Midi/Bridge")
2026-07-13T21:33:16+00:00 machine gtk-status-bar[3308]: 2026-07-13T21:33:16.354695Z DEBUG gtk_status_bar::pw: 🔍 Node filter result: false for media.class: Some("Midi/Bridge")
2026-07-13T21:33:16+00:00 machine gtk-status-bar[3308]: 2026-07-13T21:33:16.354714Z DEBUG gtk_status_bar::pw: 🚫 Skipping metadata '' (props: Some(DictRef { flags: Flags(0x0), entries: {"object.serial": "50", "object.path": "bluez_midi.server:input_0", "format.dsp": "8 bit raw midi", "node.id": "49", "port.id": "0", "port.name": "in", "port.direction": "in", "port.physical": "true", "port.terminal": "true", "port.alias": "in", "port.group": "group.0"} }))
2026-07-13T21:33:16+00:00 machine gtk-status-bar[3308]: 2026-07-13T21:33:16.354739Z DEBUG gtk_status_bar::pw: 🚫 Skipping metadata '' (props: Some(DictRef { flags: Flags(0x0), entries: {"object.serial": "51", "object.path": "bluez_midi.server:output_0", "format.dsp": "8 bit raw midi", "node.id": "49", "port.id": "0", "port.name": "out", "port.direction": "out", "port.physical": "true", "port.terminal": "true", "port.alias": "out", "port.group": "group.0"} }))
2026-07-13T21:33:16+00:00 machine gtk-status-bar[3308]: 2026-07-13T21:33:16.354766Z DEBUG gtk_status_bar::pw: 🚫 Skipping metadata '' (props: Some(DictRef { flags: Flags(0x0), entries: {"object.serial": "53", "module.id": "2", "pipewire.protocol": "protocol-native", "pipewire.sec.pid": "1397", "pipewire.sec.uid": "1000", "pipewire.sec.gid": "100", "pipewire.sec.socket": "pipewire-0", "application.name": "pipewire", "pipewire.access": "unrestricted"} }))
2026-07-13T21:33:16+00:00 machine gtk-status-bar[3308]: 2026-07-13T21:33:16.354788Z DEBUG gtk_status_bar::pw: 🚫 Skipping metadata '' (props: Some(DictRef { flags: Flags(0x0), entries: {"object.serial": "55", "module.id": "2", "pipewire.protocol": "protocol-native", "pipewire.sec.pid": "1397", "pipewire.sec.uid": "1000", "pipewire.sec.gid": "100", "pipewire.sec.socket": "pipewire-0", "application.name": "Blueman", "pipewire.access": "unrestricted"} }))
2026-07-13T21:33:16+00:00 machine gtk-status-bar[3308]: 2026-07-13T21:33:16.354809Z DEBUG gtk_status_bar::pw: 🚫 Skipping metadata '' (props: Some(DictRef { flags: Flags(0x0), entries: {"object.serial": "86", "factory.id": "19", "client.id": "53", "node.description": "Dummy Output", "node.name": "auto_null", "media.class": "Audio/Sink"} }))
2026-07-13T21:33:16+00:00 machine gtk-status-bar[3308]: 2026-07-13T21:33:16.354828Z DEBUG gtk_status_bar::pw: 🔍 Checking node - media.class: Some("Audio/Sink")
2026-07-13T21:33:16+00:00 machine gtk-status-bar[3308]: 2026-07-13T21:33:16.354844Z DEBUG gtk_status_bar::pw: 🔍 Node filter result: true for media.class: Some("Audio/Sink")
2026-07-13T21:33:16+00:00 machine gtk-status-bar[3308]: 2026-07-13T21:33:16.354867Z DEBUG gtk_status_bar::pw: 📱 Monitoring audio node: Dummy Output (4) [node.name: auto_null]
2026-07-13T21:33:16+00:00 machine gtk-status-bar[3308]: 2026-07-13T21:33:16.354884Z DEBUG gtk_status_bar::pw: 🔗 ADDING NODE LISTENER for node.name: auto_null
2026-07-13T21:33:16+00:00 machine gtk-status-bar[3308]: 2026-07-13T21:33:16.354901Z DEBUG gtk_status_bar::pw: 📝 Added device to HashMap: 4 -> (auto_null, Dummy Output, no volume yet)
2026-07-13T21:33:16+00:00 machine gtk-status-bar[3308]: 2026-07-13T21:33:16.354920Z DEBUG gtk_status_bar::pw: 🗂️ Current device map size: 1
2026-07-13T21:33:16+00:00 machine gtk-status-bar[3308]: 2026-07-13T21:33:16.354943Z DEBUG gtk_status_bar::pw: 🚫 Skipping metadata '' (props: Some(DictRef { flags: Flags(0x0), entries: {"object.serial": "87", "object.path": "auto_null:playback_0", "format.dsp": "32 bit float mono audio", "node.id": "61", "audio.channel": "FL", "port.id": "0", "port.name": "playback_FL", "port.direction": "in", "port.alias": "Dummy Output:playback_FL", "port.group": "stream.0"} }))
2026-07-13T21:33:16+00:00 machine gtk-status-bar[3308]: 2026-07-13T21:33:16.354966Z DEBUG gtk_status_bar::pw: 🚫 Skipping metadata '' (props: Some(DictRef { flags: Flags(0x0), entries: {"object.serial": "88", "object.path": "auto_null:playback_1", "format.dsp": "32 bit float mono audio", "node.id": "61", "audio.channel": "FR", "port.id": "1", "port.name": "playback_FR", "port.direction": "in", "port.alias": "Dummy Output:playback_FR", "port.group": "stream.0"} }))
2026-07-13T21:33:16+00:00 machine gtk-status-bar[3308]: 2026-07-13T21:33:16.354987Z DEBUG gtk_status_bar::pw: 🚫 Skipping metadata '' (props: Some(DictRef { flags: Flags(0x0), entries: {"object.serial": "89", "object.path": "auto_null:monitor_0", "format.dsp": "32 bit float mono audio", "node.id": "61", "audio.channel": "FL", "port.id": "0", "port.name": "monitor_FL", "port.direction": "out", "port.monitor": "true", "port.alias": "Dummy Output:monitor_FL", "port.group": "stream.0"} }))
2026-07-13T21:33:16+00:00 machine gtk-status-bar[3308]: 2026-07-13T21:33:16.355009Z DEBUG gtk_status_bar::pw: 🚫 Skipping metadata '' (props: Some(DictRef { flags: Flags(0x0), entries: {"object.serial": "90", "object.path": "auto_null:monitor_1", "format.dsp": "32 bit float mono audio", "node.id": "61", "audio.channel": "FR", "port.id": "1", "port.name": "monitor_FR", "port.direction": "out", "port.monitor": "true", "port.alias": "Dummy Output:monitor_FR", "port.group": "stream.0"} }))
2026-07-13T21:33:16+00:00 machine gtk-status-bar[3308]: 2026-07-13T21:33:16.355031Z DEBUG gtk_status_bar::pw: 🚫 Skipping metadata '' (props: Some(DictRef { flags: Flags(0x0), entries: {"object.serial": "91", "module.id": "2", "pipewire.protocol": "protocol-native", "pipewire.sec.pid": "3308", "pipewire.sec.uid": "1000", "pipewire.sec.gid": "100", "pipewire.sec.socket": "pipewire-0", "application.name": ".gtk-status-bar-wrapped", "pipewire.access": "unrestricted"} }))
2026-07-13T21:33:16+00:00 machine gtk-status-bar[3308]: 2026-07-13T21:33:16.355396Z DEBUG gtk_status_bar::dbus: 🔌 Registered bluez InterfacesRemoved match rule
2026-07-13T21:33:16+00:00 machine gtk-status-bar[3308]: 2026-07-13T21:33:16.356225Z DEBUG gtk_status_bar::widgets: Updating workspace - label: 'Workspace i', color for workspace: 2
2026-07-13T21:33:16+00:00 machine gtk-status-bar[3308]: 2026-07-13T21:33:16.356297Z DEBUG gtk_status_bar::widgets: Updated title widget color to: rgba(125, 207, 255, 0.5) for workspace: 2
2026-07-13T21:33:16+00:00 machine gtk-status-bar[3308]: 2026-07-13T21:33:16.356355Z DEBUG gtk_status_bar::widgets: Updating workspace client strip workspace_id=2 client_count=8
2026-07-13T21:33:16+00:00 machine gtk-status-bar[3308]: 2026-07-13T21:33:16.356375Z DEBUG gtk_status_bar::widgets: Updating client pill address=0x585b39ecc9e0 title="hello" compact_title="hello" class="kitty" active=false
2026-07-13T21:33:16+00:00 machine gtk-status-bar[3308]: 2026-07-13T21:33:16.356396Z DEBUG gtk_status_bar::widgets: Creating client title pill
2026-07-13T21:33:17+00:00 machine gtk-status-bar[3308]: 2026-07-13T21:33:16.356776Z DEBUG gtk_status_bar::pw: 📝 metadata.property subject=0 key=Some("default.configured.audio.sink") value=Some("{ \"name\": \"Bravo\" }")
2026-07-13T21:33:17+00:00 machine gtk-status-bar[3308]: 2026-07-13T21:33:16.356798Z DEBUG gtk_status_bar::pw: 🔍 Processing metadata property: default.configured.audio.sink={ "name": "Bravo" }
2026-07-13T21:33:17+00:00 machine gtk-status-bar[3308]: 2026-07-13T21:33:16.356816Z DEBUG gtk_status_bar::pw: 🔧 Other metadata property: default.configured.audio.sink (ignored)
2026-07-13T21:33:17+00:00 machine gtk-status-bar[3308]: 2026-07-13T21:33:16.356834Z DEBUG gtk_status_bar::pw: 📝 metadata.property subject=0 key=Some("default.audio.sink") value=Some("{\"name\":\"auto_null\"}")
2026-07-13T21:33:17+00:00 machine gtk-status-bar[3308]: 2026-07-13T21:33:16.356853Z DEBUG gtk_status_bar::pw: 🔍 Processing metadata property: default.audio.sink={"name":"auto_null"}
2026-07-13T21:33:17+00:00 machine gtk-status-bar[3308]: 2026-07-13T21:33:16.356991Z  INFO gtk_status_bar::pw: 🔄 Default sink -> auto_null
2026-07-13T21:33:17+00:00 machine gtk-status-bar[3308]: 2026-07-13T21:33:16.357020Z DEBUG gtk_status_bar::pw: 🎯 SINK CHANGE: None -> auto_null (should trigger volume fetch)
2026-07-13T21:33:17+00:00 machine gtk-status-bar[3308]: 2026-07-13T21:33:16.357041Z DEBUG gtk_status_bar::pw: 🗂️ Searching device map for default sink 'auto_null'
2026-07-13T21:33:17+00:00 machine gtk-status-bar[3308]: 2026-07-13T21:33:16.357133Z DEBUG gtk_status_bar::pw: 🗂️ Current device map contents: {4: ("auto_null", "Dummy Output", None, None, None)}
2026-07-13T21:33:17+00:00 machine gtk-status-bar[3308]: 2026-07-13T21:33:16.357159Z DEBUG gtk_status_bar::pw: 🔍 Checking device 4: node_name='auto_null', description='Dummy Output' against default sink 'auto_null'
2026-07-13T21:33:17+00:00 machine gtk-status-bar[3308]: 2026-07-13T21:33:16.357177Z DEBUG gtk_status_bar::pw: 🎯 MATCH! Found device 4 with node_name 'auto_null' matching default sink
2026-07-13T21:33:17+00:00 machine gtk-status-bar[3308]: 2026-07-13T21:33:16.357194Z DEBUG gtk_status_bar::pw: 🎨 Updating GUI label to: 'Dummy Output' with cached volume data
2026-07-13T21:33:17+00:00 machine gtk-status-bar[3308]: 2026-07-13T21:33:16.357252Z DEBUG gtk_status_bar::pw: 💾 Cached volume data: Vol: None%, Ch: None%, Mute: None
2026-07-13T21:33:17+00:00 machine gtk-status-bar[3308]: 2026-07-13T21:33:16.357273Z DEBUG gtk_status_bar::pw: ✅ Sent REAL volume data to GUI: 'Dummy Output' Vol: None%, Ch: None%, Mute: None
2026-07-13T21:33:17+00:00 machine gtk-status-bar[3308]: 2026-07-13T21:33:16.357300Z DEBUG gtk_status_bar::pw: 🎛️  NODE PARAM CALLBACK: Dummy Output (4) received Props param
2026-07-13T21:33:17+00:00 machine gtk-status-bar[3308]: 2026-07-13T21:33:16.357322Z DEBUG gtk_status_bar::pw: 🔊 Node 4: Dummy Output - Vol: Some(100)% | Ch: Some(100)% | Mute: Some(false) [CACHING]
2026-07-13T21:33:17+00:00 machine gtk-status-bar[3308]: 2026-07-13T21:33:16.357393Z DEBUG gtk_status_bar::pw: 📝 Updated volume cache for device 4: Dummy Output -> Vol: Some(100)%, Ch: Some(100)%, Mute: Some(false)
2026-07-13T21:33:17+00:00 machine gtk-status-bar[3308]: 2026-07-13T21:33:16.357413Z DEBUG gtk_status_bar::pw: 🎯 Checking if device 4 is default: current_default=Some("auto_null"), node_name=auto_null, is_default=true
2026-07-13T21:33:17+00:00 machine gtk-status-bar[3308]: 2026-07-13T21:33:16.357431Z DEBUG gtk_status_bar::pw: 📤 SENDING VOLUME UPDATE to GUI for default sink (node id=4)
2026-07-13T21:33:17+00:00 machine gtk-status-bar[3308]: 2026-07-13T21:33:16.357547Z ERROR gtk_status_bar::pw: ❌ PipeWire error id:4 seq:5 res:-2: enum params id:13 (Spa:Enum:ParamId:Route) failed
2026-07-13T21:33:17+00:00 machine gtk-status-bar[3308]: 2026-07-13T21:33:16.361902Z  INFO gtk_status_bar::dbus: Battery is discharging (state: 2)
2026-07-13T21:33:17+00:00 machine gtk-status-bar[3308]: 2026-07-13T21:33:16.361929Z  INFO gtk_status_bar::dbus: Battery is at 55.0%
2026-07-13T21:33:17+00:00 machine gtk-status-bar[3308]: 2026-07-13T21:33:16.364185Z  INFO gtk_status_bar::tray: Serving StatusNotifierWatcher for tray applications
2026-07-13T21:33:17+00:00 machine gtk-status-bar[3308]: 2026-07-13T21:33:16.365848Z  INFO gtk_status_bar::dbus: Found 3 Bluetooth objects
2026-07-13T21:33:17+00:00 machine gtk-status-bar[3308]: 2026-07-13T21:33:16.365878Z  INFO gtk_status_bar::dbus: Found Bluetooth device with battery at: /org/bluez/hci0/dev_AA_BB_CC_DD_EE_09
2026-07-13T21:33:17+00:00 machine gtk-status-bar[3308]: 2026-07-13T21:33:16.365897Z  INFO gtk_status_bar::dbus: Bluetooth device battery at 65%
2026-07-13T21:33:17+00:00 machine gtk-status-bar[3308]: 2026-07-13T21:33:16.365918Z DEBUG gtk_status_bar::dbus: Added device /org/bluez/hci0/dev_AA_BB_CC_DD_EE_09 to HashMap (has_battery: true, has_media: false)
2026-07-13T21:33:17+00:00 machine gtk-status-bar[3308]: 2026-07-13T21:33:16.365947Z DEBUG gtk_status_bar::dbus: Initial bluetooth devices: {"/org/bluez/hci0/dev_AA_BB_CC_DD_EE_09": BluetoothDevice { has_battery: true, has_media: false, battery_percentage: Some(65), device_name: Some("Recovery Buds") }}
2026-07-13T21:33:17+00:00 machine gtk-status-bar[3308]: 2026-07-13T21:33:16.365977Z  INFO gtk_status_bar::dbus: Sent initial Bluetooth display: R65
2026-07-13T21:33:17+00:00 machine gtk-status-bar[3308]: 2026-07-13T21:33:16.365999Z  INFO gtk_status_bar::dbus: Dbus monitor: Starting to listen for D-Bus messages
2026-07-13T21:33:17+00:00 machine gtk-status-bar[3308]: 2026-07-13T21:33:16.366019Z DEBUG gtk_status_bar::dbus: Got an event in event stream: Msg { type: MethodReturn, serial: 9, sender: UniqueName(":1.60"), reply-serial: 19, body: Variant, fds: [] }
2026-07-13T21:33:17+00:00 machine gtk-status-bar[3308]: 2026-07-13T21:33:16.366043Z DEBUG gtk_status_bar::dbus: Dbus monitor: Received D-Bus message from path: None, interface: None, member: None
2026-07-13T21:33:17+00:00 machine gtk-status-bar[3308]: 2026-07-13T21:33:16.366061Z ERROR gtk_status_bar::dbus: Dbus monitor: Received message with no path, ignoring
2026-07-13T21:33:17+00:00 machine gtk-status-bar[3308]: 2026-07-13T21:33:16.366082Z DEBUG gtk_status_bar::dbus: Got an event in event stream: Msg { type: MethodReturn, serial: 10, sender: UniqueName(":1.60"), reply-serial: 22, body: Variant, fds: [] }
2026-07-13T21:33:17+00:00 machine gtk-status-bar[3308]: 2026-07-13T21:33:16.366103Z DEBUG gtk_status_bar::dbus: Dbus monitor: Received D-Bus message from path: None, interface: None, member: None
2026-07-13T21:33:17+00:00 machine gtk-status-bar[3308]: 2026-07-13T21:33:16.366121Z ERROR gtk_status_bar::dbus: Dbus monitor: Received message with no path, ignoring
2026-07-13T21:33:17+00:00 machine gtk-status-bar[3308]: 2026-07-13T21:33:16.366139Z DEBUG gtk_status_bar::dbus: Got an event in event stream: Msg { type: MethodReturn, serial: 50, sender: UniqueName(":1.61"), reply-serial: 26, body: Dict { key: Dynamic { child: ObjectPath }, value: Dynamic { child: Dict { key: Dynamic { child: Str }, value: Dynamic { child: Dict { key: Dynamic { child: Str }, value: Dynamic { child: Variant } } } } } }, fds: [] }
2026-07-13T21:33:17+00:00 machine gtk-status-bar[3308]: 2026-07-13T21:33:16.366164Z DEBUG gtk_status_bar::dbus: Dbus monitor: Received D-Bus message from path: None, interface: None, member: None
2026-07-13T21:33:17+00:00 machine gtk-status-bar[3308]: 2026-07-13T21:33:16.366182Z ERROR gtk_status_bar::dbus: Dbus monitor: Received message with no path, ignoring
2026-07-13T21:33:17+00:00 machine gtk-status-bar[3308]: 2026-07-13T21:33:16.367819Z DEBUG gtk_status_bar::network: Sent network update label="\u{f091f} 28% ?"
2026-07-13T21:33:17+00:00 machine gtk-status-bar[3308]: 2026-07-13T21:33:16.382313Z  INFO gtk_status_bar::network: Network reachability probe completed target=192.0.2.1 success=true elapsed_ms=12
2026-07-13T21:33:17+00:00 machine gtk-status-bar[3308]: 2026-07-13T21:33:16.382354Z DEBUG gtk_status_bar::network: Sent network update label="\u{f091f} 28% \u{f0ac}"
2026-07-13T21:33:17+00:00 machine gtk-status-bar[3308]: 2026-07-13T21:33:16.412207Z DEBUG gtk_status_bar::widgets: Resolved title icon from desktop application metadata class="kitty"
2026-07-13T21:33:17+00:00 machine gtk-status-bar[3308]: 2026-07-13T21:33:16.412288Z DEBUG gtk_status_bar::widgets: Updating client pill address=0x585b3a13ac60 title="AAAAAAAAAAAAAAAAAAAAAAAAAAAAAAAAAAAAAAAAAAAAAAAAAAAAAAAAAAAAAAAA" compact_title="AAAAAAAAAAA…" class="kitty" active=false
2026-07-13T21:33:17+00:00 machine gtk-status-bar[3308]: 2026-07-13T21:33:16.412326Z DEBUG gtk_status_bar::widgets: Creating client title pill
2026-07-13T21:33:17+00:00 machine gtk-status-bar[3308]: 2026-07-13T21:33:16.654981Z  INFO gtk_status_bar::tray: Status notifier item registered item=":1.75/org/blueman/sni"
2026-07-13T21:33:17+00:00 machine gtk-status-bar[3308]: 2026-07-13T21:33:16.673591Z  INFO gtk_status_bar::tray: Status notifier item registered item=":1.78/StatusNotifierItem"
2026-07-13T21:33:17+00:00 machine gtk-status-bar[3308]: 2026-07-13T21:33:16.679134Z DEBUG gtk_status_bar::tray: Tray item property is unavailable property="IconPixmap" error=org.freedesktop.DBus.Error.InvalidArgs: No such property “IconPixmap”
2026-07-13T21:33:17+00:00 machine gtk-status-bar[3308]: 2026-07-13T21:33:16.679920Z DEBUG gtk_status_bar::tray: Tray item property is unavailable property="IconThemePath" error=org.freedesktop.DBus.Error.InvalidArgs: No such property “IconThemePath”
2026-07-13T21:33:17+00:00 machine gtk-status-bar[3308]: 2026-07-13T21:33:16.886582Z DEBUG gtk_status_bar::widgets: Resolved title icon from desktop application metadata class="kitty"
2026-07-13T21:33:17+00:00 machine gtk-status-bar[3308]: 2026-07-13T21:33:16.886674Z DEBUG gtk_status_bar::widgets: Updating client pill address=0x585b39cdaf40 title="0123456789012345678901234567890…89012345678901234567890123456789" compact_title="01234567890…" class="kitty" active=false
2026-07-13T21:33:17+00:00 machine gtk-status-bar[3308]: 2026-07-13T21:33:16.886702Z DEBUG gtk_status_bar::widgets: Creating client title pill
2026-07-13T21:33:17+00:00 machine gtk-status-bar[3308]: 2026-07-13T21:33:16.969017Z DEBUG gtk_status_bar::widgets: Resolved title icon from desktop application metadata class="kitty"
2026-07-13T21:33:17+00:00 machine gtk-status-bar[3308]: 2026-07-13T21:33:16.969115Z DEBUG gtk_status_bar::widgets: Updating client pill address=0x585b3a0f2cb0 title="界🙂界🙂界🙂界🙂界🙂界🙂界🙂界🙂界🙂界🙂界🙂界🙂界🙂界🙂界🙂界…界🙂界🙂界🙂界🙂界🙂界🙂界🙂界🙂界🙂界🙂界🙂界🙂界🙂界🙂界🙂界🙂" compact_title="界🙂界🙂界🙂界🙂界🙂界…" class="kitty" active=false
2026-07-13T21:33:17+00:00 machine gtk-status-bar[3308]: 2026-07-13T21:33:16.969195Z DEBUG gtk_status_bar::widgets: Creating client title pill
2026-07-13T21:33:17+00:00 machine gtk-status-bar[3308]: 2026-07-13T21:33:17.014692Z DEBUG gtk_status_bar::widgets: Resolved title icon from desktop application metadata class="kitty"
2026-07-13T21:33:17+00:00 machine gtk-status-bar[3308]: 2026-07-13T21:33:17.014787Z DEBUG gtk_status_bar::widgets: Updating client pill address=0x585b3b18bd60 title="Focus Left" compact_title="Focus" class="kitty" active=false
2026-07-13T21:33:17+00:00 machine gtk-status-bar[3308]: 2026-07-13T21:33:17.014814Z DEBUG gtk_status_bar::widgets: Creating client title pill
2026-07-13T21:33:17+00:00 machine gtk-status-bar[3308]: 2026-07-13T21:33:17.046351Z DEBUG gtk_status_bar::widgets: Resolved title icon from desktop application metadata class="kitty"
2026-07-13T21:33:17+00:00 machine gtk-status-bar[3308]: 2026-07-13T21:33:17.046430Z DEBUG gtk_status_bar::widgets: Updating client pill address=0x585b3b294270 title="Focus Right" compact_title="Focus" class="kitty" active=true
2026-07-13T21:33:17+00:00 machine gtk-status-bar[3308]: 2026-07-13T21:33:17.046457Z DEBUG gtk_status_bar::widgets: Creating client title pill
2026-07-13T21:33:17+00:00 machine gtk-status-bar[3308]: 2026-07-13T21:33:17.078803Z DEBUG gtk_status_bar::widgets: Resolved title icon from desktop application metadata class="kitty"
2026-07-13T21:33:17+00:00 machine gtk-status-bar[3308]: 2026-07-13T21:33:17.078875Z DEBUG gtk_status_bar::widgets: Updating client pill address=0x585b3a118570 title="Close OS window" compact_title="Close" class="kitty" active=false
2026-07-13T21:33:17+00:00 machine gtk-status-bar[3308]: 2026-07-13T21:33:17.078896Z DEBUG gtk_status_bar::widgets: Creating client title pill
2026-07-13T21:33:17+00:00 machine gtk-status-bar[3308]: 2026-07-13T21:33:17.110130Z DEBUG gtk_status_bar::widgets: Resolved title icon from desktop application metadata class="kitty"
2026-07-13T21:33:17+00:00 machine gtk-status-bar[3308]: 2026-07-13T21:33:17.110212Z DEBUG gtk_status_bar::widgets: Updating client pill address=0x585b3b083b20 title="Renamed client" compact_title="Renamed" class="kitty" active=false
2026-07-13T21:33:17+00:00 machine gtk-status-bar[3308]: 2026-07-13T21:33:17.110239Z DEBUG gtk_status_bar::widgets: Creating client title pill
2026-07-13T21:33:17+00:00 machine gtk-status-bar[3308]: 2026-07-13T21:33:17.146009Z DEBUG gtk_status_bar::widgets: Resolved title icon from desktop application metadata class="kitty"
2026-07-13T21:33:17+00:00 machine gtk-status-bar[3308]: 2026-07-13T21:33:17.146307Z DEBUG gtk_status_bar::widgets: Updating time label:  9:33 PM
2026-07-13T21:33:17+00:00 machine gtk-status-bar[3308]: 2026-07-13T21:33:17.152278Z  INFO gtk_status_bar::widgets: Added system tray item item=":1.78/StatusNotifierItem"
2026-07-13T21:33:17+00:00 machine gtk-status-bar[3308]: 2026-07-13T21:33:17.156785Z  INFO gtk_status_bar::widgets: Added system tray item item=":1.75/org/blueman/sni"
2026-07-13T21:33:17+00:00 machine gtk-status-bar[3308]: 2026-07-13T21:33:17.156868Z DEBUG gtk_status_bar::widgets: Updating battery label: 🔋 55%
2026-07-13T21:33:17+00:00 machine gtk-status-bar[3308]: 2026-07-13T21:33:17.156902Z DEBUG gtk_status_bar::widgets: 👁️  SHOWING battery widget - data: 🔋 55%
2026-07-13T21:33:17+00:00 machine gtk-status-bar[3308]: 2026-07-13T21:33:17.156965Z DEBUG gtk_status_bar::widgets: Updating Bluetooth battery label: R65
2026-07-13T21:33:17+00:00 machine gtk-status-bar[3308]: 2026-07-13T21:33:17.156992Z DEBUG gtk_status_bar::widgets: 👁️  SHOWING Bluetooth widget - data: R65
2026-07-13T21:33:17+00:00 machine gtk-status-bar[3308]: 2026-07-13T21:33:17.157054Z DEBUG gtk_status_bar::widgets: Updating network label: 󰤟 28% ?
2026-07-13T21:33:17+00:00 machine gtk-status-bar[3308]: 2026-07-13T21:33:17.157080Z DEBUG gtk_status_bar::widgets: Updating network label: 󰤟 28% 
2026-07-13T21:33:17+00:00 machine gtk-status-bar[3308]: 2026-07-13T21:33:17.157141Z DEBUG gtk_status_bar::widgets: 📺 Skipping GUI update - no volume data available
2026-07-13T21:33:17+00:00 machine gtk-status-bar[3308]: 2026-07-13T21:33:17.157168Z DEBUG gtk_status_bar::widgets: 📺 GTK UI updated via ASYNC: 🔊D100
2026-07-13T21:33:17+00:00 machine gtk-status-bar[3308]: 2026-07-13T21:33:17.509693Z  INFO gtk_status_bar::network: Network reachability probe completed target=198.51.100.1 success=false elapsed_ms=911
2026-07-13T21:33:17+00:00 machine gtk-status-bar[3308]: 2026-07-13T21:33:17.515649Z DEBUG gtk_status_bar::network: Sent network update label="\u{f091f} 28% \u{f0ac}"
2026-07-13T21:33:17+00:00 machine gtk-status-bar[3308]: 2026-07-13T21:33:17.515894Z DEBUG gtk_status_bar::widgets: Updating network label: 󰤟 28% 
2026-07-13T21:33:18+00:00 machine gtk-status-bar[3308]: 2026-07-13T21:33:18.001226Z DEBUG gtk_status_bar::widgets: Updating time label:  9:33 PM
2026-07-13T21:33:18+00:00 machine gtk-status-bar[3308]: 2026-07-13T21:33:18.597616Z  INFO gtk_status_bar::network: Network reachability probe completed target=198.51.100.1 success=false elapsed_ms=12
2026-07-13T21:33:18+00:00 machine gtk-status-bar[3308]: 2026-07-13T21:33:18.597670Z DEBUG gtk_status_bar::network: Sent network update label="\u{f091f} 28% \u{f0ac}"
2026-07-13T21:33:18+00:00 machine gtk-status-bar[3308]: 2026-07-13T21:33:18.608220Z DEBUG gtk_status_bar::widgets: Updating network label: 󰤟 28% 
2026-07-13T21:33:19+00:00 machine gtk-status-bar[3308]: 2026-07-13T21:33:19.001413Z DEBUG gtk_status_bar::widgets: Updating time label:  9:33 PM
2026-07-13T21:33:19+00:00 machine gtk-status-bar[3308]: 2026-07-13T21:33:19.454269Z  INFO gtk_status_bar::network: Network reachability probe completed target=192.0.2.1 success=true elapsed_ms=17
2026-07-13T21:33:19+00:00 machine gtk-status-bar[3308]: 2026-07-13T21:33:19.454310Z DEBUG gtk_status_bar::network: Sent network update label="\u{f091f} 28% \u{f0ac}"
2026-07-13T21:33:19+00:00 machine gtk-status-bar[3308]: 2026-07-13T21:33:19.454501Z DEBUG gtk_status_bar::widgets: Updating network label: 󰤟 28% 
2026-07-13T21:33:20+00:00 machine gtk-status-bar[3308]: 2026-07-13T21:33:20.002092Z DEBUG gtk_status_bar::widgets: Updating time label:  9:33 PM
2026-07-13T21:33:20+00:00 machine gtk-status-bar[3308]: 2026-07-13T21:33:20.921005Z DEBUG gtk_status_bar::tray: Tray item property is unavailable property="IconPixmap" error=org.freedesktop.DBus.Error.InvalidArgs: No such property “IconPixmap”
2026-07-13T21:33:20+00:00 machine gtk-status-bar[3308]: 2026-07-13T21:33:20.922938Z DEBUG gtk_status_bar::tray: Tray item property is unavailable property="IconThemePath" error=org.freedesktop.DBus.Error.InvalidArgs: No such property “IconThemePath”
2026-07-13T21:33:20+00:00 machine gtk-status-bar[3308]: 2026-07-13T21:33:20.949607Z DEBUG gtk_status_bar::tray: Tray item property is unavailable property="IconPixmap" error=org.freedesktop.DBus.Error.InvalidArgs: No such property “IconPixmap”
2026-07-13T21:33:20+00:00 machine gtk-status-bar[3308]: 2026-07-13T21:33:20.951767Z DEBUG gtk_status_bar::tray: Tray item property is unavailable property="IconThemePath" error=org.freedesktop.DBus.Error.InvalidArgs: No such property “IconThemePath”
2026-07-13T21:33:20+00:00 machine gtk-status-bar[3308]: 2026-07-13T21:33:20.957156Z DEBUG gtk_status_bar::tray: Tray item property is unavailable property="IconPixmap" error=org.freedesktop.DBus.Error.InvalidArgs: No such property “IconPixmap”
2026-07-13T21:33:20+00:00 machine gtk-status-bar[3308]: 2026-07-13T21:33:20.959154Z DEBUG gtk_status_bar::tray: Tray item property is unavailable property="IconThemePath" error=org.freedesktop.DBus.Error.InvalidArgs: No such property “IconThemePath”
2026-07-13T21:33:20+00:00 machine gtk-status-bar[3308]: 2026-07-13T21:33:20.968577Z DEBUG gtk_status_bar::tray: Tray item property is unavailable property="IconPixmap" error=org.freedesktop.DBus.Error.InvalidArgs: No such property “IconPixmap”
2026-07-13T21:33:20+00:00 machine gtk-status-bar[3308]: 2026-07-13T21:33:20.974776Z DEBUG gtk_status_bar::tray: Tray item property is unavailable property="IconThemePath" error=org.freedesktop.DBus.Error.InvalidArgs: No such property “IconThemePath”
2026-07-13T21:33:20+00:00 machine gtk-status-bar[3308]: 2026-07-13T21:33:20.981591Z DEBUG gtk_status_bar::tray: Tray item property is unavailable property="IconPixmap" error=org.freedesktop.DBus.Error.InvalidArgs: No such property “IconPixmap”
2026-07-13T21:33:20+00:00 machine gtk-status-bar[3308]: 2026-07-13T21:33:20.982762Z DEBUG gtk_status_bar::tray: Tray item property is unavailable property="IconThemePath" error=org.freedesktop.DBus.Error.InvalidArgs: No such property “IconThemePath”
2026-07-13T21:33:20+00:00 machine gtk-status-bar[3308]: 2026-07-13T21:33:20.987780Z DEBUG gtk_status_bar::tray: Tray item property is unavailable property="IconPixmap" error=org.freedesktop.DBus.Error.InvalidArgs: No such property “IconPixmap”
2026-07-13T21:33:20+00:00 machine gtk-status-bar[3308]: 2026-07-13T21:33:20.990431Z DEBUG gtk_status_bar::tray: Tray item property is unavailable property="IconThemePath" error=org.freedesktop.DBus.Error.InvalidArgs: No such property “IconThemePath”
2026-07-13T21:33:21+00:00 machine gtk-status-bar[3308]: 2026-07-13T21:33:21.001535Z DEBUG gtk_status_bar::widgets: Updating time label:  9:33 PM
2026-07-13T21:33:21+00:00 machine gtk-status-bar[3308]: 2026-07-13T21:33:21.099744Z  INFO gtk_status_bar::network: Network reachability probe completed target=198.51.100.1 success=false elapsed_ms=12
2026-07-13T21:33:21+00:00 machine gtk-status-bar[3308]: 2026-07-13T21:33:21.099819Z DEBUG gtk_status_bar::network: Sent network update label="\u{f091f} 28% \u{f0ac}"
2026-07-13T21:33:21+00:00 machine gtk-status-bar[3308]: 2026-07-13T21:33:21.100173Z DEBUG gtk_status_bar::widgets: Updating network label: 󰤟 28% 
2026-07-13T21:33:21+00:00 machine gtk-status-bar[3308]: 2026-07-13T21:33:21.362787Z  INFO gtk_status_bar::network: Network reachability probe completed target=192.0.2.1 success=true elapsed_ms=27
2026-07-13T21:33:21+00:00 machine gtk-status-bar[3308]: 2026-07-13T21:33:21.362882Z DEBUG gtk_status_bar::network: Sent network update label="\u{f091f} 28% \u{f0ac}"
2026-07-13T21:33:21+00:00 machine gtk-status-bar[3308]: 2026-07-13T21:33:21.363298Z DEBUG gtk_status_bar::widgets: Updating network label: 󰤟 28% 
2026-07-13T21:33:22+00:00 machine gtk-status-bar[3308]: 2026-07-13T21:33:22.001710Z DEBUG gtk_status_bar::widgets: Updating time label:  9:33 PM
2026-07-13T21:33:22+00:00 machine gtk-status-bar[3308]: 2026-07-13T21:33:22.943157Z  INFO gtk_status_bar::network: Network reachability probe completed target=192.0.2.1 success=true elapsed_ms=10
2026-07-13T21:33:22+00:00 machine gtk-status-bar[3308]: 2026-07-13T21:33:22.943202Z DEBUG gtk_status_bar::network: Sent network update label="\u{f091f} 28% \u{f0ac}"
2026-07-13T21:33:22+00:00 machine gtk-status-bar[3308]: 2026-07-13T21:33:22.943370Z DEBUG gtk_status_bar::widgets: Updating network label: 󰤟 28% 
2026-07-13T21:33:23+00:00 machine gtk-status-bar[3308]: 2026-07-13T21:33:23.001033Z DEBUG gtk_status_bar::widgets: Updating time label:  9:33 PM
2026-07-13T21:33:24+00:00 machine gtk-status-bar[3308]: 2026-07-13T21:33:24.001976Z DEBUG gtk_status_bar::widgets: Updating time label:  9:33 PM
2026-07-13T21:33:24+00:00 machine gtk-status-bar[3308]: 2026-07-13T21:33:24.583523Z  INFO gtk_status_bar::network: Network reachability probe completed target=198.51.100.1 success=false elapsed_ms=11
2026-07-13T21:33:24+00:00 machine gtk-status-bar[3308]: 2026-07-13T21:33:24.583581Z DEBUG gtk_status_bar::network: Sent network update label="\u{f091f} 28% \u{f0ac}"
2026-07-13T21:33:24+00:00 machine gtk-status-bar[3308]: 2026-07-13T21:33:24.583826Z DEBUG gtk_status_bar::widgets: Updating network label: 󰤟 28% 
2026-07-13T21:33:24+00:00 machine gtk-status-bar[3308]: 2026-07-13T21:33:24.947870Z DEBUG gtk_status_bar::tray: Tray item property is unavailable property="IconPixmap" error=org.freedesktop.DBus.Error.InvalidArgs: No such property “IconPixmap”
2026-07-13T21:33:24+00:00 machine gtk-status-bar[3308]: 2026-07-13T21:33:24.959610Z DEBUG gtk_status_bar::tray: Tray item property is unavailable property="IconThemePath" error=org.freedesktop.DBus.Error.InvalidArgs: No such property “IconThemePath”
2026-07-13T21:33:25+00:00 machine gtk-status-bar[3308]: 2026-07-13T21:33:25.001379Z DEBUG gtk_status_bar::widgets: Updating time label:  9:33 PM
2026-07-13T21:33:25+00:00 machine gtk-status-bar[3308]: 2026-07-13T21:33:25.019833Z DEBUG gtk_status_bar::dbus: Got an event in event stream: Msg { type: Signal, serial: 18, sender: UniqueName(":1.68"), path: ObjectPath("/"), iface: InterfaceName("org.freedesktop.DBus.ObjectManager"), member: MemberName("InterfacesAdded"), body: Structure(Dynamic { fields: [ObjectPath, Dict { key: Dynamic { child: Str }, value: Dynamic { child: Dict { key: Dynamic { child: Str }, value: Dynamic { child: Variant } } } }] }), fds: [] }
2026-07-13T21:33:25+00:00 machine gtk-status-bar[3308]: 2026-07-13T21:33:25.019885Z DEBUG gtk_status_bar::dbus: Dbus monitor: Received D-Bus message from path: Some(ObjectPath("/")), interface: Some(InterfaceName("org.freedesktop.DBus.ObjectManager")), member: Some(MemberName("InterfacesAdded"))
2026-07-13T21:33:25+00:00 machine gtk-status-bar[3308]: 2026-07-13T21:33:25.019906Z  INFO gtk_status_bar::dbus: Dbus monitor: Received signal
2026-07-13T21:33:25+00:00 machine gtk-status-bar[3308]: 2026-07-13T21:33:25.019924Z  INFO gtk_status_bar::dbus: Dbus monitor: Received InterfacesAdded signal from ObjectManager
2026-07-13T21:33:25+00:00 machine gtk-status-bar[3308]: 2026-07-13T21:33:25.019988Z DEBUG gtk_status_bar::dbus: Available interfaces in InterfacesAdded: [Str("org.bluez.Adapter1")]
2026-07-13T21:33:25+00:00 machine gtk-status-bar[3308]: 2026-07-13T21:33:25.020011Z DEBUG gtk_status_bar::dbus: Device1 interface not found in interfaces
2026-07-13T21:33:25+00:00 machine gtk-status-bar[3308]: 2026-07-13T21:33:25.020034Z DEBUG gtk_status_bar::dbus: Not a device with org.bluez.Battery1 interface
2026-07-13T21:33:25+00:00 machine gtk-status-bar[3308]: 2026-07-13T21:33:25.038317Z DEBUG gtk_status_bar::dbus: Got an event in event stream: Msg { type: Signal, serial: 21, sender: UniqueName(":1.68"), path: ObjectPath("/"), iface: InterfaceName("org.freedesktop.DBus.ObjectManager"), member: MemberName("InterfacesAdded"), body: Structure(Dynamic { fields: [ObjectPath, Dict { key: Dynamic { child: Str }, value: Dynamic { child: Dict { key: Dynamic { child: Str }, value: Dynamic { child: Variant } } } }] }), fds: [] }
2026-07-13T21:33:25+00:00 machine gtk-status-bar[3308]: 2026-07-13T21:33:25.038361Z DEBUG gtk_status_bar::dbus: Dbus monitor: Received D-Bus message from path: Some(ObjectPath("/")), interface: Some(InterfaceName("org.freedesktop.DBus.ObjectManager")), member: Some(MemberName("InterfacesAdded"))
2026-07-13T21:33:25+00:00 machine gtk-status-bar[3308]: 2026-07-13T21:33:25.038382Z  INFO gtk_status_bar::dbus: Dbus monitor: Received signal
2026-07-13T21:33:25+00:00 machine gtk-status-bar[3308]: 2026-07-13T21:33:25.038400Z  INFO gtk_status_bar::dbus: Dbus monitor: Received InterfacesAdded signal from ObjectManager
2026-07-13T21:33:25+00:00 machine gtk-status-bar[3308]: 2026-07-13T21:33:25.039854Z DEBUG gtk_status_bar::dbus: Available interfaces in InterfacesAdded: [Str("org.bluez.Device1")]
2026-07-13T21:33:25+00:00 machine gtk-status-bar[3308]: 2026-07-13T21:33:25.039897Z DEBUG gtk_status_bar::dbus: Found Device1 interface properties: Dict { map: {Str("Adapter"): Value(ObjectPath(ObjectPath("/org/bluez/hci0"))), Str("Address"): Value(Str("AA:BB:CC:DD:EE:10")), Str("AddressType"): Value(Str("public")), Str("AdvertisingData"): Value(Array(Array { elements: [], signature: Array(Dynamic { child: Dict { key: Dynamic { child: U8 }, value: Dynamic { child: Variant } } }) })), Str("AdvertisingFlags"): Value(Array(Array { elements: [], signature: Array(Dynamic { child: Array(Dynamic { child: U8 }) }) })), Str("Alias"): Value(Str("Post Recovery Buds")), Str("Appearance"): Value(U16(0)), Str("Blocked"): Value(Bool(false)), Str("Class"): Value(U32(5898764)), Str("Connected"): Value(Bool(false)), Str("Icon"): Value(Str("phone")), Str("LegacyPairing"): Value(Bool(false)), Str("ManufacturerData"): Value(Array(Array { elements: [], signature: Array(Dynamic { child: Dict { key: Dynamic { child: U16 }, value: Dynamic { child: Variant } } }) })), Str("Modalias"): Value(Str("bluetooth:v000Fp1200d1436")), Str("Name"): Value(Str("Post Recovery Buds")), Str("Paired"): Value(Bool(false)), Str("RSSI"): Value(I16(-79)), Str("ServiceData"): Value(Array(Array { elements: [], signature: Array(Dynamic { child: Dict { key: Dynamic { child: Str }, value: Dynamic { child: Variant } } }) })), Str("ServicesResolved"): Value(Bool(false)), Str("Trusted"): Value(Bool(false)), Str("TxPower"): Value(I16(0)), Str("UUIDs"): Value(Array(Array { elements: [], signature: Array(Dynamic { child: Str }) })), Str("WakeAllowed"): Value(Bool(false))}, signature: Dict { key: Dynamic { child: Str }, value: Dynamic { child: Variant } } }
2026-07-13T21:33:25+00:00 machine gtk-status-bar[3308]: 2026-07-13T21:33:25.039926Z DEBUG gtk_status_bar::dbus: Found Bluetooth device name: Post Recovery Buds
2026-07-13T21:33:25+00:00 machine gtk-status-bar[3308]: 2026-07-13T21:33:25.039944Z  INFO gtk_status_bar::dbus: Created new device /org/bluez/hci0/dev_AA_BB_CC_DD_EE_10 with name: Some("Post Recovery Buds")
2026-07-13T21:33:25+00:00 machine gtk-status-bar[3308]: 2026-07-13T21:33:25.039963Z DEBUG gtk_status_bar::dbus: Not a device with org.bluez.Battery1 interface
2026-07-13T21:33:25+00:00 machine gtk-status-bar[3308]: 2026-07-13T21:33:25.039993Z DEBUG gtk_status_bar::dbus: Got an event in event stream: Msg { type: Signal, serial: 25, sender: UniqueName(":1.68"), path: ObjectPath("/org/bluez/hci0"), iface: InterfaceName("org.freedesktop.DBus.Properties"), member: MemberName("PropertiesChanged"), body: Structure(Dynamic { fields: [Str, Dict { key: Dynamic { child: Str }, value: Dynamic { child: Variant } }, Array(Dynamic { child: Str })] }), fds: [] }
2026-07-13T21:33:25+00:00 machine gtk-status-bar[3308]: 2026-07-13T21:33:25.040016Z DEBUG gtk_status_bar::dbus: Dbus monitor: Received D-Bus message from path: Some(ObjectPath("/org/bluez/hci0")), interface: Some(InterfaceName("org.freedesktop.DBus.Properties")), member: Some(MemberName("PropertiesChanged"))
2026-07-13T21:33:25+00:00 machine gtk-status-bar[3308]: 2026-07-13T21:33:25.040032Z  INFO gtk_status_bar::dbus: Dbus monitor: Received signal
2026-07-13T21:33:25+00:00 machine gtk-status-bar[3308]: 2026-07-13T21:33:25.040047Z  INFO gtk_status_bar::dbus: Dbus monitor: Received PropertiesChanged signal
2026-07-13T21:33:25+00:00 machine gtk-status-bar[3308]: 2026-07-13T21:33:25.040069Z DEBUG gtk_status_bar::dbus: Dbus monitor: Ignored PropertiesChanged for interface: "org.bluez.Adapter1"
2026-07-13T21:33:25+00:00 machine gtk-status-bar[3308]: 2026-07-13T21:33:25.040246Z DEBUG gtk_status_bar::widgets: Updating Bluetooth battery label: R65
2026-07-13T21:33:25+00:00 machine gtk-status-bar[3308]: 2026-07-13T21:33:25.040269Z DEBUG gtk_status_bar::widgets: 👁️  SHOWING Bluetooth widget - data: R65
2026-07-13T21:33:25+00:00 machine gtk-status-bar[3308]: 2026-07-13T21:33:25.167616Z DEBUG gtk_status_bar::tray: Tray item property is unavailable property="IconPixmap" error=org.freedesktop.DBus.Error.InvalidArgs: No such property “IconPixmap”
2026-07-13T21:33:25+00:00 machine gtk-status-bar[3308]: 2026-07-13T21:33:25.176130Z DEBUG gtk_status_bar::tray: Tray item property is unavailable property="IconThemePath" error=org.freedesktop.DBus.Error.InvalidArgs: No such property “IconThemePath”
2026-07-13T21:33:25+00:00 machine gtk-status-bar[3308]: 2026-07-13T21:33:25.179675Z DEBUG gtk_status_bar::tray: Tray item property is unavailable property="IconPixmap" error=org.freedesktop.DBus.Error.InvalidArgs: No such property “IconPixmap”
2026-07-13T21:33:25+00:00 machine gtk-status-bar[3308]: 2026-07-13T21:33:25.180415Z DEBUG gtk_status_bar::tray: Tray item property is unavailable property="IconThemePath" error=org.freedesktop.DBus.Error.InvalidArgs: No such property “IconThemePath”
2026-07-13T21:33:25+00:00 machine gtk-status-bar[3308]: 2026-07-13T21:33:25.183135Z DEBUG gtk_status_bar::tray: Tray item property is unavailable property="IconPixmap" error=org.freedesktop.DBus.Error.InvalidArgs: No such property “IconPixmap”
2026-07-13T21:33:25+00:00 machine gtk-status-bar[3308]: 2026-07-13T21:33:25.184111Z DEBUG gtk_status_bar::tray: Tray item property is unavailable property="IconThemePath" error=org.freedesktop.DBus.Error.InvalidArgs: No such property “IconThemePath”
2026-07-13T21:33:25+00:00 machine gtk-status-bar[3308]: 2026-07-13T21:33:25.390657Z DEBUG gtk_status_bar::dbus: Got an event in event stream: Msg { type: Signal, serial: 11, sender: UniqueName(":1.67"), path: ObjectPath("/org/freedesktop/UPower/devices/battery_BAT0"), iface: InterfaceName("org.freedesktop.DBus.Properties"), member: MemberName("PropertiesChanged"), body: Structure(Dynamic { fields: [Str, Dict { key: Dynamic { child: Str }, value: Dynamic { child: Variant } }, Array(Dynamic { child: Str })] }), fds: [] }
2026-07-13T21:33:25+00:00 machine gtk-status-bar[3308]: 2026-07-13T21:33:25.390698Z DEBUG gtk_status_bar::dbus: Dbus monitor: Received D-Bus message from path: Some(ObjectPath("/org/freedesktop/UPower/devices/battery_BAT0")), interface: Some(InterfaceName("org.freedesktop.DBus.Properties")), member: Some(MemberName("PropertiesChanged"))
2026-07-13T21:33:25+00:00 machine gtk-status-bar[3308]: 2026-07-13T21:33:25.390717Z  INFO gtk_status_bar::dbus: Dbus monitor: Received signal
2026-07-13T21:33:25+00:00 machine gtk-status-bar[3308]: 2026-07-13T21:33:25.390734Z  INFO gtk_status_bar::dbus: Dbus monitor: Received PropertiesChanged signal
2026-07-13T21:33:25+00:00 machine gtk-status-bar[3308]: 2026-07-13T21:33:25.390769Z DEBUG gtk_status_bar::dbus: Battery device properties contain no State property
2026-07-13T21:33:25+00:00 machine gtk-status-bar[3308]: 2026-07-13T21:33:25.390786Z  INFO gtk_status_bar::dbus: Battery percentage changed to 33.0%
2026-07-13T21:33:25+00:00 machine gtk-status-bar[3308]: 2026-07-13T21:33:25.390976Z DEBUG gtk_status_bar::widgets: Updating battery label: 🔋 33%
2026-07-13T21:33:25+00:00 machine gtk-status-bar[3308]: 2026-07-13T21:33:25.391111Z DEBUG gtk_status_bar::widgets: 👁️  SHOWING battery widget - data: 🔋 33%
2026-07-13T21:33:25+00:00 machine gtk-status-bar[3308]: 2026-07-13T21:33:25.392211Z DEBUG gtk_status_bar::dbus: Got an event in event stream: Msg { type: Signal, serial: 12, sender: UniqueName(":1.67"), path: ObjectPath("/org/freedesktop/UPower/devices/battery_BAT0"), iface: InterfaceName("org.freedesktop.DBus.Properties"), member: MemberName("PropertiesChanged"), body: Structure(Dynamic { fields: [Str, Dict { key: Dynamic { child: Str }, value: Dynamic { child: Variant } }, Array(Dynamic { child: Str })] }), fds: [] }
2026-07-13T21:33:25+00:00 machine gtk-status-bar[3308]: 2026-07-13T21:33:25.392235Z DEBUG gtk_status_bar::dbus: Dbus monitor: Received D-Bus message from path: Some(ObjectPath("/org/freedesktop/UPower/devices/battery_BAT0")), interface: Some(InterfaceName("org.freedesktop.DBus.Properties")), member: Some(MemberName("PropertiesChanged"))
2026-07-13T21:33:25+00:00 machine gtk-status-bar[3308]: 2026-07-13T21:33:25.392251Z  INFO gtk_status_bar::dbus: Dbus monitor: Received signal
2026-07-13T21:33:25+00:00 machine gtk-status-bar[3308]: 2026-07-13T21:33:25.392267Z  INFO gtk_status_bar::dbus: Dbus monitor: Received PropertiesChanged signal
2026-07-13T21:33:25+00:00 machine gtk-status-bar[3308]: 2026-07-13T21:33:25.392292Z  INFO gtk_status_bar::dbus: Battery is discharging (state: 2)
2026-07-13T21:33:25+00:00 machine gtk-status-bar[3308]: 2026-07-13T21:33:25.392308Z DEBUG gtk_status_bar::dbus: Battery device properties contain no Percentage property
2026-07-13T21:33:25+00:00 machine gtk-status-bar[3308]: 2026-07-13T21:33:25.395273Z DEBUG gtk_status_bar::widgets: Updating battery label: 🔋 33%
2026-07-13T21:33:25+00:00 machine gtk-status-bar[3308]: 2026-07-13T21:33:25.395308Z DEBUG gtk_status_bar::widgets: 👁️  SHOWING battery widget - data: 🔋 33%
2026-07-13T21:33:26+00:00 machine gtk-status-bar[3308]: 2026-07-13T21:33:26.001288Z DEBUG gtk_status_bar::widgets: Updating time label:  9:33 PM
2026-07-13T21:33:26+00:00 machine gtk-status-bar[3308]: 2026-07-13T21:33:26.196306Z  INFO gtk_status_bar::network: Network reachability probe completed target=192.0.2.1 success=true elapsed_ms=12
2026-07-13T21:33:26+00:00 machine gtk-status-bar[3308]: 2026-07-13T21:33:26.196349Z DEBUG gtk_status_bar::network: Sent network update label="\u{f091f} 28% \u{f0ac}"
2026-07-13T21:33:26+00:00 machine gtk-status-bar[3308]: 2026-07-13T21:33:26.196825Z DEBUG gtk_status_bar::widgets: Updating network label: 󰤟 28% 
2026-07-13T21:33:27+00:00 machine gtk-status-bar[3308]: 2026-07-13T21:33:27.002025Z DEBUG gtk_status_bar::widgets: Updating time label:  9:33 PM
2026-07-13T21:33:27+00:00 machine gtk-status-bar[3308]: 2026-07-13T21:33:27.680120Z  INFO gtk_status_bar::tray: Status notifier item disappeared item=":1.75/org/blueman/sni"
2026-07-13T21:33:27+00:00 machine gtk-status-bar[3308]: 2026-07-13T21:33:27.681718Z  INFO gtk_status_bar::widgets: Removed system tray item item=":1.75/org/blueman/sni"
2026-07-13T21:33:27+00:00 machine gtk-status-bar[3308]: 2026-07-13T21:33:27.873396Z  INFO gtk_status_bar::network: Network reachability probe completed target=198.51.100.1 success=false elapsed_ms=10
2026-07-13T21:33:27+00:00 machine gtk-status-bar[3308]: 2026-07-13T21:33:27.873545Z DEBUG gtk_status_bar::network: Sent network update label="\u{f091f} 28% \u{f0ac}"
2026-07-13T21:33:27+00:00 machine gtk-status-bar[3308]: 2026-07-13T21:33:27.873683Z DEBUG gtk_status_bar::widgets: Updating network label: 󰤟 28% 
2026-07-13T21:33:28+00:00 machine gtk-status-bar[3308]: 2026-07-13T21:33:28.002188Z DEBUG gtk_status_bar::widgets: Updating time label:  9:33 PM
2026-07-13T21:33:28+00:00 machine gtk-status-bar[3308]: 2026-07-13T21:33:28.061200Z  INFO gtk_status_bar::network: Network reachability probe completed target=192.0.2.1 success=true elapsed_ms=20
2026-07-13T21:33:28+00:00 machine gtk-status-bar[3308]: 2026-07-13T21:33:28.061292Z DEBUG gtk_status_bar::network: Sent network update label="\u{f091f} 28% \u{f0ac}"
2026-07-13T21:33:28+00:00 machine gtk-status-bar[3308]: 2026-07-13T21:33:28.061862Z DEBUG gtk_status_bar::widgets: Updating network label: 󰤟 28% 
2026-07-13T21:33:28+00:00 machine gtk-status-bar[3308]: 2026-07-13T21:33:28.561950Z  INFO gtk_status_bar::tray: Status notifier item registered item=":1.81/org/blueman/sni"
2026-07-13T21:33:28+00:00 machine gtk-status-bar[3308]: 2026-07-13T21:33:28.579571Z DEBUG gtk_status_bar::tray: Tray item property is unavailable property="IconPixmap" error=org.freedesktop.DBus.Error.InvalidArgs: No such property “IconPixmap”
2026-07-13T21:33:28+00:00 machine gtk-status-bar[3308]: 2026-07-13T21:33:28.580339Z DEBUG gtk_status_bar::tray: Tray item property is unavailable property="IconThemePath" error=org.freedesktop.DBus.Error.InvalidArgs: No such property “IconThemePath”
2026-07-13T21:33:28+00:00 machine gtk-status-bar[3308]: 2026-07-13T21:33:28.583867Z  INFO gtk_status_bar::widgets: Added system tray item item=":1.81/org/blueman/sni"
2026-07-13T21:33:28+00:00 machine gtk-status-bar[3308]: 2026-07-13T21:33:28.775133Z  INFO gtk_status_bar::network: Network reachability probe completed target=198.51.100.1 success=false elapsed_ms=12
2026-07-13T21:33:28+00:00 machine gtk-status-bar[3308]: 2026-07-13T21:33:28.775188Z DEBUG gtk_status_bar::network: Sent network update label="\u{f091f} 28% \u{f0ac}"
2026-07-13T21:33:28+00:00 machine gtk-status-bar[3308]: 2026-07-13T21:33:28.775364Z DEBUG gtk_status_bar::widgets: Updating network label: 󰤟 28% 
2026-07-13T21:33:29+00:00 machine gtk-status-bar[3308]: 2026-07-13T21:33:29.000754Z DEBUG gtk_status_bar::widgets: Updating time label:  9:33 PM
2026-07-13T21:33:31+00:00 machine gtk-status-bar[3517]: 2026-07-13T21:33:31.776271Z  INFO gtk_status_bar: Starting GTK status bar application
2026-07-13T21:33:31+00:00 machine gtk-status-bar[3517]: 2026-07-13T21:33:31.777296Z  INFO gtk_status_bar: Running GTK application
2026-07-13T21:33:33+00:00 machine gtk-status-bar[3517]: 2026-07-13T21:33:33.433183Z  INFO gtk_status_bar: Activating GTK application
2026-07-13T21:33:33+00:00 machine gtk-status-bar[3517]: 2026-07-13T21:33:33.437033Z DEBUG gtk_status_bar::widgets: Loading CSS styles
2026-07-13T21:33:33+00:00 machine gtk-status-bar[3517]: 2026-07-13T21:33:33.440586Z  INFO gtk_status_bar::widgets: CSS styles loaded successfully
2026-07-13T21:33:33+00:00 machine gtk-status-bar[3517]: 2026-07-13T21:33:33.440623Z DEBUG gtk_status_bar::widgets: Configuring layer shell
2026-07-13T21:33:33+00:00 machine gtk-status-bar[3517]: 2026-07-13T21:33:33.449141Z  INFO gtk_status_bar::widgets: Layer shell configured successfully
2026-07-13T21:33:33+00:00 machine gtk-status-bar[3517]: 2026-07-13T21:33:33.449176Z DEBUG gtk_status_bar::widgets: Creating experimental bar
2026-07-13T21:33:33+00:00 machine gtk-status-bar[3517]: 2026-07-13T21:33:33.449291Z DEBUG gtk_status_bar::widgets: Creating left group
2026-07-13T21:33:33+00:00 machine gtk-status-bar[3517]: 2026-07-13T21:33:33.449322Z DEBUG gtk_status_bar::widgets: Creating workspace widget
2026-07-13T21:33:33+00:00 machine gtk-status-bar[3517]: 2026-07-13T21:33:33.449732Z DEBUG gtk_status_bar::widgets: Creating workspace client strip
2026-07-13T21:33:33+00:00 machine gtk-status-bar[3517]: 2026-07-13T21:33:33.449887Z DEBUG gtk_status_bar::widgets: Creating right group
2026-07-13T21:33:33+00:00 machine gtk-status-bar[3517]: 2026-07-13T21:33:33.449936Z DEBUG gtk_status_bar::widgets: Creating system tray widget
2026-07-13T21:33:33+00:00 machine gtk-status-bar[3517]: 2026-07-13T21:33:33.449973Z DEBUG gtk_status_bar::widgets: Creating bluetooth widget
2026-07-13T21:33:33+00:00 machine gtk-status-bar[3517]: 2026-07-13T21:33:33.450027Z DEBUG gtk_status_bar::widgets: Creating volume widget
2026-07-13T21:33:33+00:00 machine gtk-status-bar[3517]: 2026-07-13T21:33:33.450086Z DEBUG gtk_status_bar::widgets: Creating network widget
2026-07-13T21:33:33+00:00 machine gtk-status-bar[3517]: 2026-07-13T21:33:33.450144Z DEBUG gtk_status_bar::widgets: Creating battery widget
2026-07-13T21:33:33+00:00 machine gtk-status-bar[3517]: 2026-07-13T21:33:33.450202Z DEBUG gtk_status_bar::widgets: Creating time widget
2026-07-13T21:33:34+00:00 machine gtk-status-bar[3517]: 2026-07-13T21:33:34.154594Z DEBUG gtk_status_bar::widgets: Setting up time widget updates
2026-07-13T21:33:34+00:00 machine gtk-status-bar[3517]: 2026-07-13T21:33:34.154662Z DEBUG gtk_status_bar::widgets: Updating time label:  9:33 PM
2026-07-13T21:33:34+00:00 machine gtk-status-bar[3517]: 2026-07-13T21:33:34.154703Z DEBUG gtk_status_bar::widgets: Setting up system tray updates
2026-07-13T21:33:34+00:00 machine gtk-status-bar[3517]: 2026-07-13T21:33:34.154742Z DEBUG gtk_status_bar::widgets: Setting up workspace updates
2026-07-13T21:33:34+00:00 machine gtk-status-bar[3517]: 2026-07-13T21:33:34.154777Z DEBUG gtk_status_bar::widgets: Setting up workspace client updates
2026-07-13T21:33:34+00:00 machine gtk-status-bar[3517]: 2026-07-13T21:33:34.154811Z DEBUG gtk_status_bar::widgets: Setting up battery updates
2026-07-13T21:33:34+00:00 machine gtk-status-bar[3517]: 2026-07-13T21:33:34.154846Z DEBUG gtk_status_bar::widgets: Setting up Bluetooth battery updates
2026-07-13T21:33:34+00:00 machine gtk-status-bar[3517]: 2026-07-13T21:33:34.154887Z DEBUG gtk_status_bar::widgets: Setting up network updates
2026-07-13T21:33:34+00:00 machine gtk-status-bar[3517]: 2026-07-13T21:33:34.154928Z DEBUG gtk_status_bar::widgets: Setting up volume updates with tokio async channels
2026-07-13T21:33:34+00:00 machine gtk-status-bar[3517]: 2026-07-13T21:33:34.155162Z  INFO gtk_status_bar::hypr: 🔌 Starting workspace event listener
2026-07-13T21:33:34+00:00 machine gtk-status-bar[3517]: 2026-07-13T21:33:34.155182Z DEBUG gtk_status_bar::hypr: Setting up workspace event listener
2026-07-13T21:33:34+00:00 machine gtk-status-bar[3517]: 2026-07-13T21:33:34.155181Z DEBUG gtk_status_bar::pw: 🔧 Initializing PipeWire on dedicated thread...
2026-07-13T21:33:34+00:00 machine gtk-status-bar[3517]: 2026-07-13T21:33:34.155219Z DEBUG gtk_status_bar::pw: 📋 Created device tracking HashMap for (node_name, description, volume, channel, mute)
2026-07-13T21:33:34+00:00 machine gtk-status-bar[3517]: 2026-07-13T21:33:34.155315Z  INFO gtk_status_bar: Application activated successfully
2026-07-13T21:33:34+00:00 machine gtk-status-bar[3517]: 2026-07-13T21:33:34.155551Z  INFO gtk_status_bar::network: Starting network monitor
2026-07-13T21:33:34+00:00 machine gtk-status-bar[3517]: 2026-07-13T21:33:34.156102Z  INFO gtk_status_bar::hypr: 🔌 Starting title event listener
2026-07-13T21:33:34+00:00 machine gtk-status-bar[3517]: 2026-07-13T21:33:34.156126Z DEBUG gtk_status_bar::hypr: Setting up title event listener
2026-07-13T21:33:34+00:00 machine gtk-status-bar[3517]: 2026-07-13T21:33:34.156206Z  INFO gtk_status_bar::dbus: 🔌 Starting D-Bus monitor
2026-07-13T21:33:34+00:00 machine gtk-status-bar[3517]: 2026-07-13T21:33:34.156225Z  INFO gtk_status_bar::dbus: Starting D-Bus monitoring task
2026-07-13T21:33:34+00:00 machine gtk-status-bar[3517]: 2026-07-13T21:33:34.156278Z  INFO gtk_status_bar::tray: 🔌 Starting system tray backend
2026-07-13T21:33:34+00:00 machine gtk-status-bar[3517]: 2026-07-13T21:33:34.156080Z DEBUG gtk_status_bar::widgets: 🚀 Starting async volume update loop...
2026-07-13T21:33:34+00:00 machine gtk-status-bar[3517]: 2026-07-13T21:33:34.159332Z DEBUG gtk_status_bar::pw: ✅ PipeWire initialized
2026-07-13T21:33:34+00:00 machine gtk-status-bar[3517]: 2026-07-13T21:33:34.159423Z DEBUG gtk_status_bar::pw: ✅ ThreadLoop created
2026-07-13T21:33:34+00:00 machine gtk-status-bar[3517]: 2026-07-13T21:33:34.159562Z  INFO gtk_status_bar: Starting tray IPC server
2026-07-13T21:33:34+00:00 machine gtk-status-bar[3517]: 2026-07-13T21:33:34.160603Z  INFO tray_ipc: Tray IPC server is listening path=/run/user/1000/gtk-status-bar/tray.sock
2026-07-13T21:33:34+00:00 machine gtk-status-bar[3517]: 2026-07-13T21:33:34.163511Z  INFO gtk_status_bar::hypr: Starting workspace event listener
2026-07-13T21:33:34+00:00 machine gtk-status-bar[3517]: 2026-07-13T21:33:34.167711Z DEBUG gtk_status_bar::dbus: 🔌 Registered battery match rule
2026-07-13T21:33:34+00:00 machine gtk-status-bar[3517]: 2026-07-13T21:33:34.168355Z DEBUG gtk_status_bar::dbus: 🔌 Registered bluez PropertiesChanged match rule
2026-07-13T21:33:34+00:00 machine gtk-status-bar[3517]: 2026-07-13T21:33:34.169035Z DEBUG gtk_status_bar::dbus: 🔌 Registered bluez InterfacesAdded match rule
2026-07-13T21:33:34+00:00 machine gtk-status-bar[3517]: 2026-07-13T21:33:34.170836Z DEBUG gtk_status_bar::widgets: Pinning bar height to font-derived line height char_height=18 multiplier=1.4 pinned=25
2026-07-13T21:33:34+00:00 machine gtk-status-bar[3517]: 2026-07-13T21:33:34.173107Z DEBUG gtk_status_bar::dbus: 🔌 Registered bluez InterfacesRemoved match rule
2026-07-13T21:33:34+00:00 machine gtk-status-bar[3517]: 2026-07-13T21:33:34.173997Z  INFO gtk_status_bar::tray: Serving StatusNotifierWatcher for tray applications
2026-07-13T21:33:34+00:00 machine gtk-status-bar[3517]: 2026-07-13T21:33:34.182526Z  INFO gtk_status_bar::dbus: Battery is discharging (state: 2)
2026-07-13T21:33:34+00:00 machine gtk-status-bar[3517]: 2026-07-13T21:33:34.182557Z  INFO gtk_status_bar::dbus: Battery is at 33.0%
2026-07-13T21:33:34+00:00 machine gtk-status-bar[3517]: 2026-07-13T21:33:34.189218Z  INFO gtk_status_bar::dbus: Found 3 Bluetooth objects
2026-07-13T21:33:34+00:00 machine gtk-status-bar[3517]: 2026-07-13T21:33:34.189259Z  INFO gtk_status_bar::dbus: Found Bluetooth device with battery at: /org/bluez/hci0/dev_AA_BB_CC_DD_EE_10
2026-07-13T21:33:34+00:00 machine gtk-status-bar[3517]: 2026-07-13T21:33:34.189278Z  INFO gtk_status_bar::dbus: Bluetooth device battery at 77%
2026-07-13T21:33:34+00:00 machine gtk-status-bar[3517]: 2026-07-13T21:33:34.189300Z DEBUG gtk_status_bar::dbus: Added device /org/bluez/hci0/dev_AA_BB_CC_DD_EE_10 to HashMap (has_battery: true, has_media: false)
2026-07-13T21:33:34+00:00 machine gtk-status-bar[3517]: 2026-07-13T21:33:34.189326Z DEBUG gtk_status_bar::dbus: Initial bluetooth devices: {"/org/bluez/hci0/dev_AA_BB_CC_DD_EE_10": BluetoothDevice { has_battery: true, has_media: false, battery_percentage: Some(77), device_name: Some("Post Recovery Buds") }}
2026-07-13T21:33:34+00:00 machine gtk-status-bar[3517]: 2026-07-13T21:33:34.189357Z  INFO gtk_status_bar::dbus: Sent initial Bluetooth display: P77
2026-07-13T21:33:34+00:00 machine gtk-status-bar[3517]: 2026-07-13T21:33:34.189376Z  INFO gtk_status_bar::dbus: Dbus monitor: Starting to listen for D-Bus messages
2026-07-13T21:33:34+00:00 machine gtk-status-bar[3517]: 2026-07-13T21:33:34.189394Z DEBUG gtk_status_bar::dbus: Got an event in event stream: Msg { type: MethodReturn, serial: 14, sender: UniqueName(":1.67"), reply-serial: 15, body: Variant, fds: [] }
2026-07-13T21:33:34+00:00 machine gtk-status-bar[3517]: 2026-07-13T21:33:34.189419Z DEBUG gtk_status_bar::dbus: Dbus monitor: Received D-Bus message from path: None, interface: None, member: None
2026-07-13T21:33:34+00:00 machine gtk-status-bar[3517]: 2026-07-13T21:33:34.189439Z ERROR gtk_status_bar::dbus: Dbus monitor: Received message with no path, ignoring
2026-07-13T21:33:34+00:00 machine gtk-status-bar[3517]: 2026-07-13T21:33:34.189523Z DEBUG gtk_status_bar::dbus: Got an event in event stream: Msg { type: MethodReturn, serial: 15, sender: UniqueName(":1.67"), reply-serial: 25, body: Variant, fds: [] }
2026-07-13T21:33:34+00:00 machine gtk-status-bar[3517]: 2026-07-13T21:33:34.189545Z DEBUG gtk_status_bar::dbus: Dbus monitor: Received D-Bus message from path: None, interface: None, member: None
2026-07-13T21:33:34+00:00 machine gtk-status-bar[3517]: 2026-07-13T21:33:34.189565Z ERROR gtk_status_bar::dbus: Dbus monitor: Received message with no path, ignoring
2026-07-13T21:33:34+00:00 machine gtk-status-bar[3517]: 2026-07-13T21:33:34.189585Z DEBUG gtk_status_bar::dbus: Got an event in event stream: Msg { type: MethodReturn, serial: 33, sender: UniqueName(":1.68"), reply-serial: 30, body: Dict { key: Dynamic { child: ObjectPath }, value: Dynamic { child: Dict { key: Dynamic { child: Str }, value: Dynamic { child: Dict { key: Dynamic { child: Str }, value: Dynamic { child: Variant } } } } } }, fds: [] }
2026-07-13T21:33:34+00:00 machine gtk-status-bar[3517]: 2026-07-13T21:33:34.189610Z DEBUG gtk_status_bar::dbus: Dbus monitor: Received D-Bus message from path: None, interface: None, member: None
2026-07-13T21:33:34+00:00 machine gtk-status-bar[3517]: 2026-07-13T21:33:34.189629Z ERROR gtk_status_bar::dbus: Dbus monitor: Received message with no path, ignoring
2026-07-13T21:33:34+00:00 machine gtk-status-bar[3517]: 2026-07-13T21:33:34.199391Z DEBUG gtk_status_bar::network: Sent network update label="\u{f091f} 28% ?"
2026-07-13T21:33:34+00:00 machine gtk-status-bar[3517]: 2026-07-13T21:33:34.202790Z DEBUG gtk_status_bar::pw: ✅ Context created
2026-07-13T21:33:34+00:00 machine gtk-status-bar[3517]: 2026-07-13T21:33:34.203708Z DEBUG gtk_status_bar::widgets: Updating workspace - label: 'Workspace i', color for workspace: 2
2026-07-13T21:33:34+00:00 machine gtk-status-bar[3517]: 2026-07-13T21:33:34.203732Z DEBUG gtk_status_bar::pw: ✅ Core connected
2026-07-13T21:33:34+00:00 machine gtk-status-bar[3517]: 2026-07-13T21:33:34.203757Z DEBUG gtk_status_bar::pw: ✅ Registry obtained
2026-07-13T21:33:34+00:00 machine gtk-status-bar[3517]: 2026-07-13T21:33:34.203775Z DEBUG gtk_status_bar::pw: 🎵 PipeWire ThreadLoop started - monitoring volume changes with default sink filtering
2026-07-13T21:33:34+00:00 machine gtk-status-bar[3517]: 2026-07-13T21:33:34.203789Z DEBUG gtk_status_bar::widgets: Updated title widget color to: rgba(125, 207, 255, 0.5) for workspace: 2
2026-07-13T21:33:34+00:00 machine gtk-status-bar[3517]: 2026-07-13T21:33:34.203998Z DEBUG gtk_status_bar::widgets: Updating battery label: 🔋 33%
2026-07-13T21:33:34+00:00 machine gtk-status-bar[3517]: 2026-07-13T21:33:34.204023Z DEBUG gtk_status_bar::widgets: 👁️  SHOWING battery widget - data: 🔋 33%
2026-07-13T21:33:34+00:00 machine gtk-status-bar[3517]: 2026-07-13T21:33:34.204076Z DEBUG gtk_status_bar::widgets: Updating Bluetooth battery label: P77
2026-07-13T21:33:34+00:00 machine gtk-status-bar[3517]: 2026-07-13T21:33:34.204098Z DEBUG gtk_status_bar::widgets: 👁️  SHOWING Bluetooth widget - data: P77
2026-07-13T21:33:34+00:00 machine gtk-status-bar[3517]: 2026-07-13T21:33:34.204151Z DEBUG gtk_status_bar::widgets: Updating network label: 󰤟 28% ?
2026-07-13T21:33:34+00:00 machine gtk-status-bar[3517]: 2026-07-13T21:33:34.204375Z DEBUG gtk_status_bar::pw: 📡 PipeWire connected: pipewire-0
2026-07-13T21:33:34+00:00 machine gtk-status-bar[3517]: 2026-07-13T21:33:34.204409Z DEBUG gtk_status_bar::pw: 🚫 Skipping metadata '' (props: Some(DictRef { flags: Flags(0x0), entries: {"object.serial": "0", "core.name": "pipewire-0"} }))
2026-07-13T21:33:34+00:00 machine gtk-status-bar[3517]: 2026-07-13T21:33:34.204436Z DEBUG gtk_status_bar::pw: 🚫 Skipping metadata '' (props: Some(DictRef { flags: Flags(0x0), entries: {"object.serial": "1", "module.name": "libpipewire-module-rt"} }))
2026-07-13T21:33:34+00:00 machine gtk-status-bar[3517]: 2026-07-13T21:33:34.205604Z DEBUG gtk_status_bar::pw: ✅ ThreadLoop started successfully
2026-07-13T21:33:34+00:00 machine gtk-status-bar[3517]: 2026-07-13T21:33:34.205627Z DEBUG gtk_status_bar::pw: 🔄 PipeWire thread running - async event delivery active...
2026-07-13T21:33:34+00:00 machine gtk-status-bar[3517]: 2026-07-13T21:33:34.204586Z DEBUG gtk_status_bar::pw: 🚫 Skipping metadata '' (props: Some(DictRef { flags: Flags(0x0), entries: {"object.serial": "3"} }))
2026-07-13T21:33:34+00:00 machine gtk-status-bar[3517]: 2026-07-13T21:33:34.205866Z DEBUG gtk_status_bar::pw: 🚫 Skipping metadata '' (props: Some(DictRef { flags: Flags(0x0), entries: {"object.serial": "2", "module.name": "libpipewire-module-protocol-native"} }))
2026-07-13T21:33:34+00:00 machine gtk-status-bar[3517]: 2026-07-13T21:33:34.205890Z DEBUG gtk_status_bar::pw: 🚫 Skipping metadata '' (props: Some(DictRef { flags: Flags(0x0), entries: {"object.serial": "5"} }))
2026-07-13T21:33:34+00:00 machine gtk-status-bar[3517]: 2026-07-13T21:33:34.205913Z DEBUG gtk_status_bar::pw: 🚫 Skipping metadata '' (props: Some(DictRef { flags: Flags(0x0), entries: {"object.serial": "4", "module.name": "libpipewire-module-profiler"} }))
2026-07-13T21:33:34+00:00 machine gtk-status-bar[3517]: 2026-07-13T21:33:34.205943Z DEBUG gtk_status_bar::pw: 🚫 Skipping metadata '' (props: Some(DictRef { flags: Flags(0x0), entries: {"object.serial": "6", "module.name": "libpipewire-module-metadata"} }))
2026-07-13T21:33:34+00:00 machine gtk-status-bar[3517]: 2026-07-13T21:33:34.205965Z DEBUG gtk_status_bar::pw: 🚫 Skipping metadata '' (props: Some(DictRef { flags: Flags(0x0), entries: {"object.serial": "7", "module.id": "6", "factory.name": "metadata", "factory.type.name": "PipeWire:Interface:Metadata", "factory.type.version": "3"} }))
2026-07-13T21:33:34+00:00 machine gtk-status-bar[3517]: 2026-07-13T21:33:34.205987Z DEBUG gtk_status_bar::pw: 🚫 Skipping metadata '' (props: Some(DictRef { flags: Flags(0x0), entries: {"object.serial": "8", "module.name": "libpipewire-module-spa-device-factory"} }))
2026-07-13T21:33:34+00:00 machine gtk-status-bar[3517]: 2026-07-13T21:33:34.206008Z DEBUG gtk_status_bar::pw: 🚫 Skipping metadata '' (props: Some(DictRef { flags: Flags(0x0), entries: {"object.serial": "9", "module.id": "8", "factory.name": "spa-device-factory", "factory.type.name": "PipeWire:Interface:Device", "factory.type.version": "3"} }))
2026-07-13T21:33:34+00:00 machine gtk-status-bar[3517]: 2026-07-13T21:33:34.206030Z DEBUG gtk_status_bar::pw: 🚫 Skipping metadata '' (props: Some(DictRef { flags: Flags(0x0), entries: {"object.serial": "10", "module.name": "libpipewire-module-spa-node-factory"} }))
2026-07-13T21:33:34+00:00 machine gtk-status-bar[3517]: 2026-07-13T21:33:34.206053Z DEBUG gtk_status_bar::pw: 🚫 Skipping metadata '' (props: Some(DictRef { flags: Flags(0x0), entries: {"object.serial": "11", "module.id": "10", "factory.name": "spa-node-factory", "factory.type.name": "PipeWire:Interface:Node", "factory.type.version": "3"} }))
2026-07-13T21:33:34+00:00 machine gtk-status-bar[3517]: 2026-07-13T21:33:34.206076Z DEBUG gtk_status_bar::pw: 🚫 Skipping metadata '' (props: Some(DictRef { flags: Flags(0x0), entries: {"object.serial": "12", "module.name": "libpipewire-module-client-node"} }))
2026-07-13T21:33:34+00:00 machine gtk-status-bar[3517]: 2026-07-13T21:33:34.206099Z DEBUG gtk_status_bar::pw: 🚫 Skipping metadata '' (props: Some(DictRef { flags: Flags(0x0), entries: {"object.serial": "13", "module.id": "12", "factory.name": "client-node", "factory.type.name": "PipeWire:Interface:ClientNode", "factory.type.version": "6"} }))
2026-07-13T21:33:34+00:00 machine gtk-status-bar[3517]: 2026-07-13T21:33:34.206122Z DEBUG gtk_status_bar::pw: 🚫 Skipping metadata '' (props: Some(DictRef { flags: Flags(0x0), entries: {"object.serial": "14", "module.name": "libpipewire-module-client-device"} }))
2026-07-13T21:33:34+00:00 machine gtk-status-bar[3517]: 2026-07-13T21:33:34.206145Z DEBUG gtk_status_bar::pw: 🚫 Skipping metadata '' (props: Some(DictRef { flags: Flags(0x0), entries: {"object.serial": "15", "module.id": "14", "factory.name": "client-device", "factory.type.name": "Spa:Pointer:Interface:Device", "factory.type.version": "0"} }))
2026-07-13T21:33:34+00:00 machine gtk-status-bar[3517]: 2026-07-13T21:33:34.206169Z DEBUG gtk_status_bar::pw: 🚫 Skipping metadata '' (props: Some(DictRef { flags: Flags(0x0), entries: {"object.serial": "16", "module.name": "libpipewire-module-portal"} }))
2026-07-13T21:33:34+00:00 machine gtk-status-bar[3517]: 2026-07-13T21:33:34.206881Z DEBUG gtk_status_bar::pw: 🚫 Skipping metadata '' (props: Some(DictRef { flags: Flags(0x0), entries: {"object.serial": "17", "module.name": "libpipewire-module-access"} }))
2026-07-13T21:33:34+00:00 machine gtk-status-bar[3517]: 2026-07-13T21:33:34.206904Z DEBUG gtk_status_bar::pw: 🚫 Skipping metadata '' (props: Some(DictRef { flags: Flags(0x0), entries: {"object.serial": "18", "module.name": "libpipewire-module-adapter"} }))
2026-07-13T21:33:34+00:00 machine gtk-status-bar[3517]: 2026-07-13T21:33:34.206930Z DEBUG gtk_status_bar::pw: 🚫 Skipping metadata '' (props: Some(DictRef { flags: Flags(0x0), entries: {"object.serial": "19", "module.id": "18", "factory.name": "adapter", "factory.type.name": "PipeWire:Interface:Node", "factory.type.version": "3"} }))
2026-07-13T21:33:34+00:00 machine gtk-status-bar[3517]: 2026-07-13T21:33:34.206951Z DEBUG gtk_status_bar::pw: 🚫 Skipping metadata '' (props: Some(DictRef { flags: Flags(0x0), entries: {"object.serial": "20", "module.name": "libpipewire-module-link-factory"} }))
2026-07-13T21:33:34+00:00 machine gtk-status-bar[3517]: 2026-07-13T21:33:34.206972Z DEBUG gtk_status_bar::pw: 🚫 Skipping metadata '' (props: Some(DictRef { flags: Flags(0x0), entries: {"object.serial": "21", "module.id": "20", "factory.name": "link-factory", "factory.type.name": "PipeWire:Interface:Link", "factory.type.version": "3"} }))
2026-07-13T21:33:34+00:00 machine gtk-status-bar[3517]: 2026-07-13T21:33:34.206996Z DEBUG gtk_status_bar::pw: 🚫 Skipping metadata '' (props: Some(DictRef { flags: Flags(0x0), entries: {"object.serial": "22", "module.name": "libpipewire-module-session-manager"} }))
2026-07-13T21:33:34+00:00 machine gtk-status-bar[3517]: 2026-07-13T21:33:34.207019Z DEBUG gtk_status_bar::pw: 🚫 Skipping metadata '' (props: Some(DictRef { flags: Flags(0x0), entries: {"object.serial": "23", "module.id": "22", "factory.name": "client-endpoint", "factory.type.name": "PipeWire:Interface:ClientEndpoint", "factory.type.version": "0"} }))
2026-07-13T21:33:34+00:00 machine gtk-status-bar[3517]: 2026-07-13T21:33:34.207041Z DEBUG gtk_status_bar::pw: 🚫 Skipping metadata '' (props: Some(DictRef { flags: Flags(0x0), entries: {"object.serial": "24", "module.id": "22", "factory.name": "client-session", "factory.type.name": "PipeWire:Interface:ClientSession", "factory.type.version": "0"} }))
2026-07-13T21:33:34+00:00 machine gtk-status-bar[3517]: 2026-07-13T21:33:34.207065Z DEBUG gtk_status_bar::pw: 🚫 Skipping metadata '' (props: Some(DictRef { flags: Flags(0x0), entries: {"object.serial": "25", "module.id": "22", "factory.name": "session", "factory.type.name": "PipeWire:Interface:Session", "factory.type.version": "0"} }))
2026-07-13T21:33:34+00:00 machine gtk-status-bar[3517]: 2026-07-13T21:33:34.207089Z DEBUG gtk_status_bar::pw: 🚫 Skipping metadata '' (props: Some(DictRef { flags: Flags(0x0), entries: {"object.serial": "26", "module.id": "22", "factory.name": "endpoint", "factory.type.name": "PipeWire:Interface:Endpoint", "factory.type.version": "0"} }))
2026-07-13T21:33:34+00:00 machine gtk-status-bar[3517]: 2026-07-13T21:33:34.207113Z DEBUG gtk_status_bar::pw: 🚫 Skipping metadata '' (props: Some(DictRef { flags: Flags(0x0), entries: {"object.serial": "27", "module.id": "22", "factory.name": "endpoint-stream", "factory.type.name": "PipeWire:Interface:EndpointStream", "factory.type.version": "0"} }))
2026-07-13T21:33:34+00:00 machine gtk-status-bar[3517]: 2026-07-13T21:33:34.207137Z DEBUG gtk_status_bar::pw: 🚫 Skipping metadata '' (props: Some(DictRef { flags: Flags(0x0), entries: {"object.serial": "28", "module.id": "22", "factory.name": "endpoint-link", "factory.type.name": "PipeWire:Interface:EndpointLink", "factory.type.version": "0"} }))
2026-07-13T21:33:34+00:00 machine gtk-status-bar[3517]: 2026-07-13T21:33:34.207160Z DEBUG gtk_status_bar::pw: 🚫 Skipping metadata '' (props: Some(DictRef { flags: Flags(0x0), entries: {"object.serial": "29", "module.name": "libpipewire-module-x11-bell"} }))
2026-07-13T21:33:34+00:00 machine gtk-status-bar[3517]: 2026-07-13T21:33:34.207183Z DEBUG gtk_status_bar::pw: 🚫 Skipping metadata '' (props: Some(DictRef { flags: Flags(0x0), entries: {"object.serial": "30", "module.name": "libpipewire-module-jackdbus-detect"} }))
2026-07-13T21:33:34+00:00 machine gtk-status-bar[3517]: 2026-07-13T21:33:34.207206Z DEBUG gtk_status_bar::pw: 🚫 Skipping metadata '' (props: Some(DictRef { flags: Flags(0x0), entries: {"object.serial": "31", "factory.id": "11", "priority.driver": "200000", "node.name": "Dummy-Driver"} }))
2026-07-13T21:33:34+00:00 machine gtk-status-bar[3517]: 2026-07-13T21:33:34.207228Z DEBUG gtk_status_bar::pw: 🔍 Checking node - media.class: None
2026-07-13T21:33:34+00:00 machine gtk-status-bar[3517]: 2026-07-13T21:33:34.207247Z DEBUG gtk_status_bar::pw: 🔍 Node filter result: false for media.class: None
2026-07-13T21:33:34+00:00 machine gtk-status-bar[3517]: 2026-07-13T21:33:34.207268Z DEBUG gtk_status_bar::pw: 🚫 Skipping metadata '' (props: Some(DictRef { flags: Flags(0x0), entries: {"object.serial": "32", "factory.id": "11", "priority.driver": "190000", "node.name": "Freewheel-Driver"} }))
2026-07-13T21:33:34+00:00 machine gtk-status-bar[3517]: 2026-07-13T21:33:34.207290Z DEBUG gtk_status_bar::pw: 🔍 Checking node - media.class: None
2026-07-13T21:33:34+00:00 machine gtk-status-bar[3517]: 2026-07-13T21:33:34.207308Z DEBUG gtk_status_bar::pw: 🔍 Node filter result: false for media.class: None
2026-07-13T21:33:34+00:00 machine gtk-status-bar[3517]: 2026-07-13T21:33:34.207328Z DEBUG gtk_status_bar::pw: 🚫 Skipping metadata 'settings' (props: Some(DictRef { flags: Flags(0x0), entries: {"object.serial": "33", "metadata.name": "settings"} }))
2026-07-13T21:33:34+00:00 machine gtk-status-bar[3517]: 2026-07-13T21:33:34.207351Z DEBUG gtk_status_bar::pw: 🚫 Skipping metadata '' (props: Some(DictRef { flags: Flags(0x0), entries: {"object.serial": "34", "module.id": "2", "pipewire.protocol": "protocol-native", "pipewire.sec.pid": "1259", "pipewire.sec.uid": "1000", "pipewire.sec.gid": "100", "pipewire.sec.socket": "pipewire-0", "application.name": ".xdg-desktop-portal-wrapped", "pipewire.access": "unrestricted"} }))
2026-07-13T21:33:34+00:00 machine gtk-status-bar[3517]: 2026-07-13T21:33:34.207373Z DEBUG gtk_status_bar::pw: 🚫 Skipping metadata '' (props: Some(DictRef { flags: Flags(0x0), entries: {"object.serial": "35", "module.id": "2", "pipewire.protocol": "protocol-native", "pipewire.sec.pid": "1332", "pipewire.sec.uid": "1000", "pipewire.sec.gid": "100", "pipewire.sec.socket": "pipewire-0-manager", "application.name": "WirePlumber", "pipewire.access": "unrestricted"} }))
2026-07-13T21:33:34+00:00 machine gtk-status-bar[3517]: 2026-07-13T21:33:34.207395Z DEBUG gtk_status_bar::pw: 🚫 Skipping metadata 'schema-sm-settings' (props: Some(DictRef { flags: Flags(0x0), entries: {"metadata.name": "schema-sm-settings", "factory.id": "7", "module.id": "6", "client.id": "35", "object.serial": "36"} }))
2026-07-13T21:33:34+00:00 machine gtk-status-bar[3517]: 2026-07-13T21:33:34.207417Z DEBUG gtk_status_bar::pw: 🚫 Skipping metadata 'persistent-sm-settings' (props: Some(DictRef { flags: Flags(0x0), entries: {"metadata.name": "persistent-sm-settings", "factory.id": "7", "module.id": "6", "client.id": "35", "object.serial": "37"} }))
2026-07-13T21:33:34+00:00 machine gtk-status-bar[3517]: 2026-07-13T21:33:34.207441Z DEBUG gtk_status_bar::pw: 🚫 Skipping metadata 'sm-settings' (props: Some(DictRef { flags: Flags(0x0), entries: {"metadata.name": "sm-settings", "factory.id": "7", "module.id": "6", "client.id": "35", "object.serial": "38"} }))
2026-07-13T21:33:34+00:00 machine gtk-status-bar[3517]: 2026-07-13T21:33:34.208763Z DEBUG gtk_status_bar::pw: 🚫 Skipping metadata 'sm-objects' (props: Some(DictRef { flags: Flags(0x0), entries: {"metadata.name": "sm-objects", "factory.id": "7", "module.id": "6", "client.id": "35", "object.serial": "39"} }))
2026-07-13T21:33:34+00:00 machine gtk-status-bar[3517]: 2026-07-13T21:33:34.208801Z DEBUG gtk_status_bar::pw: 🚫 Skipping metadata 'default-profile' (props: Some(DictRef { flags: Flags(0x0), entries: {"wireplumber.state": "true", "metadata.name": "default-profile", "factory.id": "7", "module.id": "6", "client.id": "35", "object.serial": "40"} }))
2026-07-13T21:33:34+00:00 machine gtk-status-bar[3517]: 2026-07-13T21:33:34.208804Z  INFO gtk_status_bar::hypr: Starting title event listener
2026-07-13T21:33:34+00:00 machine gtk-status-bar[3517]: 2026-07-13T21:33:34.208824Z DEBUG gtk_status_bar::pw: ✅ Processing metadata.name == default
2026-07-13T21:33:34+00:00 machine gtk-status-bar[3517]: 2026-07-13T21:33:34.208845Z DEBUG gtk_status_bar::pw: 📋 Found metadata object: Some(DictRef { flags: Flags(0x0), entries: {"metadata.name": "default", "factory.id": "7", "module.id": "6", "client.id": "35", "object.serial": "41"} })
2026-07-13T21:33:34+00:00 machine gtk-status-bar[3517]: 2026-07-13T21:33:34.208891Z DEBUG gtk_status_bar::pw: 📋 Bound 'default' Metadata (id=3)
2026-07-13T21:33:34+00:00 machine gtk-status-bar[3517]: 2026-07-13T21:33:34.208933Z DEBUG gtk_status_bar::pw: 🚫 Skipping metadata 'filters' (props: Some(DictRef { flags: Flags(0x0), entries: {"metadata.name": "filters", "factory.id": "7", "module.id": "6", "client.id": "35", "object.serial": "43"} }))
2026-07-13T21:33:34+00:00 machine gtk-status-bar[3517]: 2026-07-13T21:33:34.208957Z DEBUG gtk_status_bar::pw: 🚫 Skipping metadata 'route-settings' (props: Some(DictRef { flags: Flags(0x0), entries: {"metadata.name": "route-settings", "factory.id": "7", "module.id": "6", "client.id": "35", "object.serial": "44"} }))
2026-07-13T21:33:34+00:00 machine gtk-status-bar[3517]: 2026-07-13T21:33:34.208983Z DEBUG gtk_status_bar::pw: 🚫 Skipping metadata '' (props: Some(DictRef { flags: Flags(0x0), entries: {"object.serial": "45", "module.id": "2", "pipewire.protocol": "protocol-native", "pipewire.sec.pid": "1332", "pipewire.sec.uid": "1000", "pipewire.sec.gid": "100", "pipewire.sec.socket": "pipewire-0-manager", "application.name": "WirePlumber [export]", "pipewire.access": "unrestricted"} }))
2026-07-13T21:33:34+00:00 machine gtk-status-bar[3517]: 2026-07-13T21:33:34.209009Z DEBUG gtk_status_bar::pw: 🚫 Skipping metadata '' (props: Some(DictRef { flags: Flags(0x0), entries: {"object.serial": "46", "factory.id": "11", "client.id": "45", "priority.session": "100", "priority.driver": "1", "node.name": "Midi-Bridge", "media.class": "Midi/Bridge"} }))
2026-07-13T21:33:34+00:00 machine gtk-status-bar[3517]: 2026-07-13T21:33:34.209033Z DEBUG gtk_status_bar::pw: 🔍 Checking node - media.class: Some("Midi/Bridge")
2026-07-13T21:33:34+00:00 machine gtk-status-bar[3517]: 2026-07-13T21:33:34.209054Z DEBUG gtk_status_bar::pw: 🔍 Node filter result: false for media.class: Some("Midi/Bridge")
2026-07-13T21:33:34+00:00 machine gtk-status-bar[3517]: 2026-07-13T21:33:34.209076Z DEBUG gtk_status_bar::pw: 🚫 Skipping metadata '' (props: Some(DictRef { flags: Flags(0x0), entries: {"object.serial": "47", "object.path": "alsa:seq:default:client_14:playback_0", "format.dsp": "8 bit raw midi", "node.id": "46", "port.id": "0", "port.name": "Midi Through: Port-0 (playback)", "port.direction": "in", "port.physical": "true", "port.terminal": "true", "port.alias": "Midi Through:Midi Through Port-0", "port.group": "client_14"} }))
2026-07-13T21:33:34+00:00 machine gtk-status-bar[3517]: 2026-07-13T21:33:34.209120Z DEBUG gtk_status_bar::pw: 🚫 Skipping metadata '' (props: Some(DictRef { flags: Flags(0x0), entries: {"object.serial": "48", "object.path": "alsa:seq:default:client_14:capture_0", "format.dsp": "8 bit raw midi", "node.id": "46", "port.id": "0", "port.name": "Midi Through: Port-0 (capture)", "port.direction": "out", "port.physical": "true", "port.terminal": "true", "port.alias": "Midi Through:Midi Through Port-0", "port.group": "client_14"} }))
2026-07-13T21:33:34+00:00 machine gtk-status-bar[3517]: 2026-07-13T21:33:34.209147Z DEBUG gtk_status_bar::pw: 🚫 Skipping metadata '' (props: Some(DictRef { flags: Flags(0x0), entries: {"object.serial": "42", "module.id": "2", "pipewire.protocol": "protocol-native", "pipewire.sec.pid": "1342", "pipewire.sec.uid": "1000", "pipewire.sec.gid": "100", "pipewire.sec.socket": "pipewire-0", "application.name": ".xdg-desktop-portal-hyprland-wrapped", "pipewire.access": "unrestricted"} }))
2026-07-13T21:33:34+00:00 machine gtk-status-bar[3517]: 2026-07-13T21:33:34.209172Z DEBUG gtk_status_bar::pw: 🚫 Skipping metadata '' (props: Some(DictRef { flags: Flags(0x0), entries: {"object.serial": "49", "factory.id": "14", "client.id": "45", "node.description": "BLE MIDI 1", "node.name": "bluez_midi.server", "media.class": "Midi/Bridge"} }))
2026-07-13T21:33:34+00:00 machine gtk-status-bar[3517]: 2026-07-13T21:33:34.209193Z DEBUG gtk_status_bar::pw: 🔍 Checking node - media.class: Some("Midi/Bridge")
2026-07-13T21:33:34+00:00 machine gtk-status-bar[3517]: 2026-07-13T21:33:34.209210Z DEBUG gtk_status_bar::pw: 🔍 Node filter result: false for media.class: Some("Midi/Bridge")
2026-07-13T21:33:34+00:00 machine gtk-status-bar[3517]: 2026-07-13T21:33:34.209229Z DEBUG gtk_status_bar::pw: 🚫 Skipping metadata '' (props: Some(DictRef { flags: Flags(0x0), entries: {"object.serial": "50", "object.path": "bluez_midi.server:input_0", "format.dsp": "8 bit raw midi", "node.id": "49", "port.id": "0", "port.name": "in", "port.direction": "in", "port.physical": "true", "port.terminal": "true", "port.alias": "in", "port.group": "group.0"} }))
2026-07-13T21:33:34+00:00 machine gtk-status-bar[3517]: 2026-07-13T21:33:34.209253Z DEBUG gtk_status_bar::pw: 🚫 Skipping metadata '' (props: Some(DictRef { flags: Flags(0x0), entries: {"object.serial": "51", "object.path": "bluez_midi.server:output_0", "format.dsp": "8 bit raw midi", "node.id": "49", "port.id": "0", "port.name": "out", "port.direction": "out", "port.physical": "true", "port.terminal": "true", "port.alias": "out", "port.group": "group.0"} }))
2026-07-13T21:33:34+00:00 machine gtk-status-bar[3517]: 2026-07-13T21:33:34.209278Z DEBUG gtk_status_bar::pw: 🚫 Skipping metadata '' (props: Some(DictRef { flags: Flags(0x0), entries: {"object.serial": "53", "module.id": "2", "pipewire.protocol": "protocol-native", "pipewire.sec.pid": "1397", "pipewire.sec.uid": "1000", "pipewire.sec.gid": "100", "pipewire.sec.socket": "pipewire-0", "application.name": "pipewire", "pipewire.access": "unrestricted"} }))
2026-07-13T21:33:34+00:00 machine gtk-status-bar[3517]: 2026-07-13T21:33:34.209303Z DEBUG gtk_status_bar::pw: 🚫 Skipping metadata '' (props: Some(DictRef { flags: Flags(0x0), entries: {"object.serial": "55", "module.id": "2", "pipewire.protocol": "protocol-native", "pipewire.sec.pid": "1397", "pipewire.sec.uid": "1000", "pipewire.sec.gid": "100", "pipewire.sec.socket": "pipewire-0", "application.name": "Blueman", "pipewire.access": "unrestricted"} }))
2026-07-13T21:33:34+00:00 machine gtk-status-bar[3517]: 2026-07-13T21:33:34.209327Z DEBUG gtk_status_bar::pw: 🚫 Skipping metadata '' (props: Some(DictRef { flags: Flags(0x0), entries: {"object.serial": "86", "factory.id": "19", "client.id": "53", "node.description": "Dummy Output", "node.name": "auto_null", "media.class": "Audio/Sink"} }))
2026-07-13T21:33:34+00:00 machine gtk-status-bar[3517]: 2026-07-13T21:33:34.209357Z DEBUG gtk_status_bar::pw: 🔍 Checking node - media.class: Some("Audio/Sink")
2026-07-13T21:33:34+00:00 machine gtk-status-bar[3517]: 2026-07-13T21:33:34.209376Z DEBUG gtk_status_bar::pw: 🔍 Node filter result: true for media.class: Some("Audio/Sink")
2026-07-13T21:33:34+00:00 machine gtk-status-bar[3517]: 2026-07-13T21:33:34.209402Z DEBUG gtk_status_bar::pw: 📱 Monitoring audio node: Dummy Output (4) [node.name: auto_null]
2026-07-13T21:33:34+00:00 machine gtk-status-bar[3517]: 2026-07-13T21:33:34.209422Z DEBUG gtk_status_bar::pw: 🔗 ADDING NODE LISTENER for node.name: auto_null
2026-07-13T21:33:34+00:00 machine gtk-status-bar[3517]: 2026-07-13T21:33:34.209442Z DEBUG gtk_status_bar::pw: 📝 Added device to HashMap: 4 -> (auto_null, Dummy Output, no volume yet)
2026-07-13T21:33:34+00:00 machine gtk-status-bar[3517]: 2026-07-13T21:33:34.209512Z DEBUG gtk_status_bar::pw: 🗂️ Current device map size: 1
2026-07-13T21:33:34+00:00 machine gtk-status-bar[3517]: 2026-07-13T21:33:34.209540Z DEBUG gtk_status_bar::pw: 🚫 Skipping metadata '' (props: Some(DictRef { flags: Flags(0x0), entries: {"object.serial": "87", "object.path": "auto_null:playback_0", "format.dsp": "32 bit float mono audio", "node.id": "61", "audio.channel": "FL", "port.id": "0", "port.name": "playback_FL", "port.direction": "in", "port.alias": "Dummy Output:playback_FL", "port.group": "stream.0"} }))
2026-07-13T21:33:34+00:00 machine gtk-status-bar[3517]: 2026-07-13T21:33:34.209566Z DEBUG gtk_status_bar::pw: 🚫 Skipping metadata '' (props: Some(DictRef { flags: Flags(0x0), entries: {"object.serial": "88", "object.path": "auto_null:playback_1", "format.dsp": "32 bit float mono audio", "node.id": "61", "audio.channel": "FR", "port.id": "1", "port.name": "playback_FR", "port.direction": "in", "port.alias": "Dummy Output:playback_FR", "port.group": "stream.0"} }))
2026-07-13T21:33:34+00:00 machine gtk-status-bar[3517]: 2026-07-13T21:33:34.209592Z DEBUG gtk_status_bar::pw: 🚫 Skipping metadata '' (props: Some(DictRef { flags: Flags(0x0), entries: {"object.serial": "89", "object.path": "auto_null:monitor_0", "format.dsp": "32 bit float mono audio", "node.id": "61", "audio.channel": "FL", "port.id": "0", "port.name": "monitor_FL", "port.direction": "out", "port.monitor": "true", "port.alias": "Dummy Output:monitor_FL", "port.group": "stream.0"} }))
2026-07-13T21:33:34+00:00 machine gtk-status-bar[3517]: 2026-07-13T21:33:34.209617Z DEBUG gtk_status_bar::pw: 🚫 Skipping metadata '' (props: Some(DictRef { flags: Flags(0x0), entries: {"object.serial": "90", "object.path": "auto_null:monitor_1", "format.dsp": "32 bit float mono audio", "node.id": "61", "audio.channel": "FR", "port.id": "1", "port.name": "monitor_FR", "port.direction": "out", "port.monitor": "true", "port.alias": "Dummy Output:monitor_FR", "port.group": "stream.0"} }))
2026-07-13T21:33:34+00:00 machine gtk-status-bar[3517]: 2026-07-13T21:33:34.209653Z DEBUG gtk_status_bar::pw: 🚫 Skipping metadata '' (props: Some(DictRef { flags: Flags(0x0), entries: {"object.serial": "92", "module.id": "2", "pipewire.protocol": "protocol-native", "pipewire.sec.pid": "3517", "pipewire.sec.uid": "1000", "pipewire.sec.gid": "100", "pipewire.sec.socket": "pipewire-0", "application.name": ".gtk-status-bar-wrapped", "pipewire.access": "unrestricted"} }))
2026-07-13T21:33:34+00:00 machine gtk-status-bar[3517]: 2026-07-13T21:33:34.211177Z DEBUG gtk_status_bar::pw: 📝 metadata.property subject=0 key=Some("default.configured.audio.sink") value=Some("{ \"name\": \"Bravo\" }")
2026-07-13T21:33:34+00:00 machine gtk-status-bar[3517]: 2026-07-13T21:33:34.211206Z DEBUG gtk_status_bar::pw: 🔍 Processing metadata property: default.configured.audio.sink={ "name": "Bravo" }
2026-07-13T21:33:34+00:00 machine gtk-status-bar[3517]: 2026-07-13T21:33:34.211325Z DEBUG gtk_status_bar::pw: 🔧 Other metadata property: default.configured.audio.sink (ignored)
2026-07-13T21:33:34+00:00 machine gtk-status-bar[3517]: 2026-07-13T21:33:34.211345Z DEBUG gtk_status_bar::pw: 📝 metadata.property subject=0 key=Some("default.audio.sink") value=Some("{\"name\":\"auto_null\"}")
2026-07-13T21:33:34+00:00 machine gtk-status-bar[3517]: 2026-07-13T21:33:34.211529Z DEBUG gtk_status_bar::pw: 🔍 Processing metadata property: default.audio.sink={"name":"auto_null"}
2026-07-13T21:33:34+00:00 machine gtk-status-bar[3517]: 2026-07-13T21:33:34.211559Z  INFO gtk_status_bar::pw: 🔄 Default sink -> auto_null
2026-07-13T21:33:34+00:00 machine gtk-status-bar[3517]: 2026-07-13T21:33:34.211578Z DEBUG gtk_status_bar::pw: 🎯 SINK CHANGE: None -> auto_null (should trigger volume fetch)
2026-07-13T21:33:34+00:00 machine gtk-status-bar[3517]: 2026-07-13T21:33:34.211596Z DEBUG gtk_status_bar::pw: 🗂️ Searching device map for default sink 'auto_null'
2026-07-13T21:33:34+00:00 machine gtk-status-bar[3517]: 2026-07-13T21:33:34.211622Z DEBUG gtk_status_bar::pw: 🗂️ Current device map contents: {4: ("auto_null", "Dummy Output", None, None, None)}
2026-07-13T21:33:34+00:00 machine gtk-status-bar[3517]: 2026-07-13T21:33:34.211652Z DEBUG gtk_status_bar::pw: 🔍 Checking device 4: node_name='auto_null', description='Dummy Output' against default sink 'auto_null'
2026-07-13T21:33:34+00:00 machine gtk-status-bar[3517]: 2026-07-13T21:33:34.211670Z DEBUG gtk_status_bar::pw: 🎯 MATCH! Found device 4 with node_name 'auto_null' matching default sink
2026-07-13T21:33:34+00:00 machine gtk-status-bar[3517]: 2026-07-13T21:33:34.211688Z DEBUG gtk_status_bar::pw: 🎨 Updating GUI label to: 'Dummy Output' with cached volume data
2026-07-13T21:33:34+00:00 machine gtk-status-bar[3517]: 2026-07-13T21:33:34.212211Z DEBUG gtk_status_bar::pw: 💾 Cached volume data: Vol: None%, Ch: None%, Mute: None
2026-07-13T21:33:34+00:00 machine gtk-status-bar[3517]: 2026-07-13T21:33:34.212236Z DEBUG gtk_status_bar::pw: ✅ Sent REAL volume data to GUI: 'Dummy Output' Vol: None%, Ch: None%, Mute: None
2026-07-13T21:33:34+00:00 machine gtk-status-bar[3517]: 2026-07-13T21:33:34.212272Z DEBUG gtk_status_bar::pw: 🎛️  NODE PARAM CALLBACK: Dummy Output (4) received Props param
2026-07-13T21:33:34+00:00 machine gtk-status-bar[3517]: 2026-07-13T21:33:34.212336Z DEBUG gtk_status_bar::pw: 🔊 Node 4: Dummy Output - Vol: Some(100)% | Ch: Some(100)% | Mute: Some(false) [CACHING]
2026-07-13T21:33:34+00:00 machine gtk-status-bar[3517]: 2026-07-13T21:33:34.212356Z DEBUG gtk_status_bar::pw: 📝 Updated volume cache for device 4: Dummy Output -> Vol: Some(100)%, Ch: Some(100)%, Mute: Some(false)
2026-07-13T21:33:34+00:00 machine gtk-status-bar[3517]: 2026-07-13T21:33:34.212375Z DEBUG gtk_status_bar::pw: 🎯 Checking if device 4 is default: current_default=Some("auto_null"), node_name=auto_null, is_default=true
2026-07-13T21:33:34+00:00 machine gtk-status-bar[3517]: 2026-07-13T21:33:34.212396Z DEBUG gtk_status_bar::pw: 📤 SENDING VOLUME UPDATE to GUI for default sink (node id=4)
2026-07-13T21:33:34+00:00 machine gtk-status-bar[3517]: 2026-07-13T21:33:34.212506Z ERROR gtk_status_bar::pw: ❌ PipeWire error id:4 seq:5 res:-2: enum params id:13 (Spa:Enum:ParamId:Route) failed
2026-07-13T21:33:34+00:00 machine gtk-status-bar[3517]: 2026-07-13T21:33:34.219508Z DEBUG gtk_status_bar::widgets: Updating workspace client strip workspace_id=2 client_count=8
2026-07-13T21:33:34+00:00 machine gtk-status-bar[3517]: 2026-07-13T21:33:34.219538Z DEBUG gtk_status_bar::widgets: Updating client pill address=0x585b39ecc9e0 title="hello" compact_title="hello" class="kitty" active=false
2026-07-13T21:33:34+00:00 machine gtk-status-bar[3517]: 2026-07-13T21:33:34.219562Z DEBUG gtk_status_bar::widgets: Creating client title pill
2026-07-13T21:33:34+00:00 machine gtk-status-bar[3517]: 2026-07-13T21:33:34.221957Z  INFO gtk_status_bar::network: Network reachability probe completed target=192.0.2.1 success=true elapsed_ms=20
2026-07-13T21:33:35+00:00 machine gtk-status-bar[3517]: 2026-07-13T21:33:34.222039Z DEBUG gtk_status_bar::network: Sent network update label="\u{f091f} 28% \u{f0ac}"
2026-07-13T21:33:35+00:00 machine gtk-status-bar[3517]: 2026-07-13T21:33:34.275230Z DEBUG gtk_status_bar::widgets: Resolved title icon from desktop application metadata class="kitty"
2026-07-13T21:33:35+00:00 machine gtk-status-bar[3517]: 2026-07-13T21:33:34.275323Z DEBUG gtk_status_bar::widgets: Updating client pill address=0x585b3a13ac60 title="AAAAAAAAAAAAAAAAAAAAAAAAAAAAAAAAAAAAAAAAAAAAAAAAAAAAAAAAAAAAAAAA" compact_title="AAAAAAAAAAA…" class="kitty" active=false
2026-07-13T21:33:35+00:00 machine gtk-status-bar[3517]: 2026-07-13T21:33:34.275351Z DEBUG gtk_status_bar::widgets: Creating client title pill
2026-07-13T21:33:35+00:00 machine gtk-status-bar[3517]: 2026-07-13T21:33:34.317760Z DEBUG gtk_status_bar::widgets: Resolved title icon from desktop application metadata class="kitty"
2026-07-13T21:33:35+00:00 machine gtk-status-bar[3517]: 2026-07-13T21:33:34.317839Z DEBUG gtk_status_bar::widgets: Updating client pill address=0x585b39cdaf40 title="0123456789012345678901234567890…89012345678901234567890123456789" compact_title="01234567890…" class="kitty" active=false
2026-07-13T21:33:35+00:00 machine gtk-status-bar[3517]: 2026-07-13T21:33:34.317863Z DEBUG gtk_status_bar::widgets: Creating client title pill
2026-07-13T21:33:35+00:00 machine gtk-status-bar[3517]: 2026-07-13T21:33:34.357589Z DEBUG gtk_status_bar::widgets: Resolved title icon from desktop application metadata class="kitty"
2026-07-13T21:33:35+00:00 machine gtk-status-bar[3517]: 2026-07-13T21:33:34.357704Z DEBUG gtk_status_bar::widgets: Updating client pill address=0x585b3a0f2cb0 title="界🙂界🙂界🙂界🙂界🙂界🙂界🙂界🙂界🙂界🙂界🙂界🙂界🙂界🙂界🙂界…界🙂界🙂界🙂界🙂界🙂界🙂界🙂界🙂界🙂界🙂界🙂界🙂界🙂界🙂界🙂界🙂" compact_title="界🙂界🙂界🙂界🙂界🙂界…" class="kitty" active=false
2026-07-13T21:33:35+00:00 machine gtk-status-bar[3517]: 2026-07-13T21:33:34.357836Z DEBUG gtk_status_bar::widgets: Creating client title pill
2026-07-13T21:33:35+00:00 machine gtk-status-bar[3517]: 2026-07-13T21:33:34.406248Z DEBUG gtk_status_bar::widgets: Resolved title icon from desktop application metadata class="kitty"
2026-07-13T21:33:35+00:00 machine gtk-status-bar[3517]: 2026-07-13T21:33:34.406346Z DEBUG gtk_status_bar::widgets: Updating client pill address=0x585b3b18bd60 title="Focus Left" compact_title="Focus" class="kitty" active=false
2026-07-13T21:33:35+00:00 machine gtk-status-bar[3517]: 2026-07-13T21:33:34.406371Z DEBUG gtk_status_bar::widgets: Creating client title pill
2026-07-13T21:33:35+00:00 machine gtk-status-bar[3517]: 2026-07-13T21:33:34.532252Z DEBUG gtk_status_bar::widgets: Resolved title icon from desktop application metadata class="kitty"
2026-07-13T21:33:35+00:00 machine gtk-status-bar[3517]: 2026-07-13T21:33:34.532331Z DEBUG gtk_status_bar::widgets: Updating client pill address=0x585b3b294270 title="Focus Right" compact_title="Focus" class="kitty" active=true
2026-07-13T21:33:35+00:00 machine gtk-status-bar[3517]: 2026-07-13T21:33:34.532353Z DEBUG gtk_status_bar::widgets: Creating client title pill
2026-07-13T21:33:35+00:00 machine gtk-status-bar[3517]: 2026-07-13T21:33:34.569196Z DEBUG gtk_status_bar::widgets: Resolved title icon from desktop application metadata class="kitty"
2026-07-13T21:33:35+00:00 machine gtk-status-bar[3517]: 2026-07-13T21:33:34.569274Z DEBUG gtk_status_bar::widgets: Updating client pill address=0x585b3a118570 title="Close OS window" compact_title="Close" class="kitty" active=false
2026-07-13T21:33:35+00:00 machine gtk-status-bar[3517]: 2026-07-13T21:33:34.569295Z DEBUG gtk_status_bar::widgets: Creating client title pill
2026-07-13T21:33:35+00:00 machine gtk-status-bar[3517]: 2026-07-13T21:33:34.609033Z DEBUG gtk_status_bar::widgets: Resolved title icon from desktop application metadata class="kitty"
2026-07-13T21:33:35+00:00 machine gtk-status-bar[3517]: 2026-07-13T21:33:34.609121Z DEBUG gtk_status_bar::widgets: Updating client pill address=0x585b3b083b20 title="Renamed client" compact_title="Renamed" class="kitty" active=false
2026-07-13T21:33:35+00:00 machine gtk-status-bar[3517]: 2026-07-13T21:33:34.609147Z DEBUG gtk_status_bar::widgets: Creating client title pill
2026-07-13T21:33:35+00:00 machine gtk-status-bar[3517]: 2026-07-13T21:33:34.643759Z DEBUG gtk_status_bar::widgets: Resolved title icon from desktop application metadata class="kitty"
2026-07-13T21:33:35+00:00 machine gtk-status-bar[3517]: 2026-07-13T21:33:34.643884Z DEBUG gtk_status_bar::widgets: 📺 Skipping GUI update - no volume data available
2026-07-13T21:33:35+00:00 machine gtk-status-bar[3517]: 2026-07-13T21:33:34.643919Z DEBUG gtk_status_bar::widgets: 📺 GTK UI updated via ASYNC: 🔊D100
2026-07-13T21:33:35+00:00 machine gtk-status-bar[3517]: 2026-07-13T21:33:34.662378Z DEBUG gtk_status_bar::widgets: Updating network label: 󰤟 28% 
2026-07-13T21:33:35+00:00 machine gtk-status-bar[3517]: 2026-07-13T21:33:34.710932Z  INFO gtk_status_bar::tray: Status notifier item registered item=":1.89/StatusNotifierItem"
2026-07-13T21:33:35+00:00 machine gtk-status-bar[3517]: 2026-07-13T21:33:34.721887Z  INFO gtk_status_bar::widgets: Added system tray item item=":1.89/StatusNotifierItem"
2026-07-13T21:33:35+00:00 machine gtk-status-bar[3517]: 2026-07-13T21:33:35.001215Z DEBUG gtk_status_bar::widgets: Updating time label:  9:33 PM
2030-01-02T03:04:58+00:00 machine gtk-status-bar[3517]: 2030-01-02T03:04:58.839499Z  INFO gtk_status_bar::network: Network reachability probe completed target=198.51.100.1 success=false elapsed_ms=13
2030-01-02T03:04:58+00:00 machine gtk-status-bar[3517]: 2030-01-02T03:04:58.839556Z DEBUG gtk_status_bar::network: Sent network update label="\u{f091f} 28% \u{f0ac}"
2030-01-02T03:04:58+00:00 machine gtk-status-bar[3517]: 2030-01-02T03:04:58.840025Z DEBUG gtk_status_bar::widgets: Updating network label: 󰤟 28% 
2030-01-02T03:04:58+00:00 machine gtk-status-bar[3517]: 2030-01-02T03:04:58.848085Z DEBUG gtk_status_bar::widgets: Updating time label:  3:04 AM
2030-01-02T03:04:59+00:00 machine gtk-status-bar[3517]: 2030-01-02T03:04:59.001933Z DEBUG gtk_status_bar::widgets: Updating time label:  3:04 AM
2030-01-02T03:04:59+00:00 machine gtk-status-bar[3517]: 2030-01-02T03:04:59.302395Z  INFO gtk_status_bar::network: Network reachability probe completed target=192.0.2.1 success=true elapsed_ms=9
2030-01-02T03:04:59+00:00 machine gtk-status-bar[3517]: 2030-01-02T03:04:59.302487Z DEBUG gtk_status_bar::network: Sent network update label="\u{f091f} 28% \u{f0ac}"
2030-01-02T03:04:59+00:00 machine gtk-status-bar[3517]: 2030-01-02T03:04:59.302758Z DEBUG gtk_status_bar::widgets: Updating network label: 󰤟 28% 
2030-01-02T03:04:59+00:00 machine gtk-status-bar[3517]: 2030-01-02T03:04:59.443549Z  INFO gtk_status_bar::tray: Status notifier item registered item=":1.90/org/blueman/sni"
2030-01-02T03:04:59+00:00 machine gtk-status-bar[3517]: 2030-01-02T03:04:59.468282Z DEBUG gtk_status_bar::tray: Tray item property is unavailable property="IconPixmap" error=org.freedesktop.DBus.Error.InvalidArgs: No such property “IconPixmap”
2030-01-02T03:04:59+00:00 machine gtk-status-bar[3517]: 2030-01-02T03:04:59.470412Z DEBUG gtk_status_bar::tray: Tray item property is unavailable property="IconThemePath" error=org.freedesktop.DBus.Error.InvalidArgs: No such property “IconThemePath”
2030-01-02T03:04:59+00:00 machine gtk-status-bar[3517]: 2030-01-02T03:04:59.474473Z  INFO gtk_status_bar::widgets: Added system tray item item=":1.90/org/blueman/sni"
2030-01-02T03:05:00+00:00 machine gtk-status-bar[3517]: 2030-01-02T03:05:00.002045Z DEBUG gtk_status_bar::widgets: Updating time label:  3:05 AM
2030-01-02T03:05:01+00:00 machine gtk-status-bar[3517]: 2030-01-02T03:05:01.001829Z DEBUG gtk_status_bar::widgets: Updating time label:  3:05 AM
2030-01-02T03:05:01+00:00 machine gtk-status-bar[3517]: 2030-01-02T03:05:01.155507Z  INFO gtk_status_bar::network: Network reachability probe completed target=198.51.100.1 success=false elapsed_ms=11
2030-01-02T03:05:01+00:00 machine gtk-status-bar[3517]: 2030-01-02T03:05:01.155557Z DEBUG gtk_status_bar::network: Sent network update label="\u{f091f} 28% \u{f0ac}"
2030-01-02T03:05:01+00:00 machine gtk-status-bar[3517]: 2030-01-02T03:05:01.155823Z DEBUG gtk_status_bar::widgets: Updating network label: 󰤟 28% 
2030-01-02T11:58:30+00:00 machine gtk-status-bar[3517]: 2030-01-02T11:58:30.628254Z  INFO gtk_status_bar::network: Network reachability probe completed target=192.0.2.1 success=true elapsed_ms=19
2030-01-02T11:58:30+00:00 machine gtk-status-bar[3517]: 2030-01-02T11:58:30.628306Z DEBUG gtk_status_bar::network: Sent network update label="\u{f091f} 28% \u{f0ac}"
2030-01-02T11:58:30+00:00 machine gtk-status-bar[3517]: 2030-01-02T11:58:30.628489Z DEBUG gtk_status_bar::widgets: Updating network label: 󰤟 28% 
2030-01-02T11:58:30+00:00 machine gtk-status-bar[3517]: 2030-01-02T11:58:30.798602Z DEBUG gtk_status_bar::widgets: Updating time label: 11:58 AM
2030-01-02T11:58:31+00:00 machine gtk-status-bar[3517]: 2030-01-02T11:58:31.001260Z DEBUG gtk_status_bar::widgets: Updating time label: 11:58 AM
2030-01-02T11:58:32+00:00 machine gtk-status-bar[3517]: 2030-01-02T11:58:32.001009Z DEBUG gtk_status_bar::widgets: Updating time label: 11:58 AM
2030-01-02T11:58:32+00:00 machine gtk-status-bar[3517]: 2030-01-02T11:58:32.081343Z  INFO gtk_status_bar::tray: Status notifier item registered item=":1.92/StatusNotifierItem"
2030-01-02T11:58:32+00:00 machine gtk-status-bar[3517]: 2030-01-02T11:58:32.096707Z  INFO gtk_status_bar::widgets: Added system tray item item=":1.92/StatusNotifierItem"
2030-01-02T11:58:32+00:00 machine gtk-status-bar[3517]: 2030-01-02T11:58:32.422090Z  INFO gtk_status_bar::network: Network reachability probe completed target=198.51.100.1 success=false elapsed_ms=11
2030-01-02T11:58:32+00:00 machine gtk-status-bar[3517]: 2030-01-02T11:58:32.422142Z DEBUG gtk_status_bar::network: Sent network update label="\u{f091f} 28% \u{f0ac}"
2030-01-02T11:58:32+00:00 machine gtk-status-bar[3517]: 2030-01-02T11:58:32.422339Z DEBUG gtk_status_bar::widgets: Updating network label: 󰤟 28% 
2030-01-02T11:58:32+00:00 machine gtk-status-bar[3517]: 2030-01-02T11:58:32.493863Z  INFO gtk_status_bar::network: Network reachability probe completed target=192.0.2.1 success=true elapsed_ms=12
2030-01-02T11:58:32+00:00 machine gtk-status-bar[3517]: 2030-01-02T11:58:32.493912Z DEBUG gtk_status_bar::network: Sent network update label="\u{f091f} 28% \u{f0ac}"
2030-01-02T11:58:32+00:00 machine gtk-status-bar[3517]: 2030-01-02T11:58:32.494085Z DEBUG gtk_status_bar::widgets: Updating network label: 󰤟 28% 
2030-01-02T11:58:33+00:00 machine gtk-status-bar[3517]: 2030-01-02T11:58:33.001951Z DEBUG gtk_status_bar::widgets: Updating time label: 11:58 AM
2030-01-02T11:58:34+00:00 machine gtk-status-bar[3517]: 2030-01-02T11:58:34.002310Z DEBUG gtk_status_bar::widgets: Updating time label: 11:58 AM
2030-01-02T11:58:34+00:00 machine gtk-status-bar[3517]: 2030-01-02T11:58:34.469973Z  INFO gtk_status_bar::network: Network reachability probe completed target=198.51.100.1 success=false elapsed_ms=17
2030-01-02T11:58:34+00:00 machine gtk-status-bar[3517]: 2030-01-02T11:58:34.470023Z DEBUG gtk_status_bar::network: Sent network update label="\u{f091f} 28% \u{f0ac}"
2030-01-02T11:58:34+00:00 machine gtk-status-bar[3517]: 2030-01-02T11:58:34.470281Z DEBUG gtk_status_bar::widgets: Updating network label: 󰤟 28% 
2030-01-02T11:58:34+00:00 machine gtk-status-bar[3517]: 2030-01-02T11:58:34.717946Z DEBUG gtk_status_bar::pw: 🚫 Skipping metadata '' (props: Some(DictRef { flags: Flags(0x0), entries: {"object.serial": "93", "module.id": "2", "pipewire.protocol": "protocol-native", "pipewire.sec.pid": "1397", "pipewire.sec.uid": "1000", "pipewire.sec.gid": "100", "pipewire.sec.socket": "pipewire-0", "application.name": "Blueman", "pipewire.access": "unrestricted"} }))
2030-01-02T11:58:34+00:00 machine gtk-status-bar[3517]: 2030-01-02T11:58:34.782171Z  INFO gtk_status_bar::network: Network reachability probe completed target=198.51.100.1 success=false elapsed_ms=13
2030-01-02T11:58:34+00:00 machine gtk-status-bar[3517]: 2030-01-02T11:58:34.787664Z DEBUG gtk_status_bar::network: Sent network update label="\u{f091f} 28% \u{f0ac}"
2030-01-02T11:58:34+00:00 machine gtk-status-bar[3517]: 2030-01-02T11:58:34.787949Z DEBUG gtk_status_bar::widgets: Updating network label: 󰤟 28% 
2030-01-02T11:58:35+00:00 machine gtk-status-bar[3517]: 2030-01-02T11:58:35.000888Z DEBUG gtk_status_bar::widgets: Updating time label: 11:58 AM
2030-01-02T11:58:36+00:00 machine gtk-status-bar[3517]: 2030-01-02T11:58:36.002262Z DEBUG gtk_status_bar::widgets: Updating time label: 11:58 AM
2030-01-02T11:58:36+00:00 machine gtk-status-bar[3517]: 2030-01-02T11:58:36.108293Z  INFO gtk_status_bar::network: Network reachability probe completed target=192.0.2.1 success=true elapsed_ms=12
2030-01-02T11:58:36+00:00 machine gtk-status-bar[3517]: 2030-01-02T11:58:36.108341Z DEBUG gtk_status_bar::network: Sent network update label="\u{f091f} 28% \u{f0ac}"
2030-01-02T11:58:36+00:00 machine gtk-status-bar[3517]: 2030-01-02T11:58:36.108537Z DEBUG gtk_status_bar::widgets: Updating network label: 󰤟 28% 
2030-01-02T11:58:36+00:00 machine gtk-status-bar[3517]: 2030-01-02T11:58:36.557264Z  INFO gtk_status_bar::network: Network reachability probe completed target=192.0.2.1 success=true elapsed_ms=10
2030-01-02T11:58:36+00:00 machine gtk-status-bar[3517]: 2030-01-02T11:58:36.557319Z DEBUG gtk_status_bar::network: Sent network update label="\u{f091f} 28% \u{f0ac}"
2030-01-02T11:58:36+00:00 machine gtk-status-bar[3517]: 2030-01-02T11:58:36.557533Z DEBUG gtk_status_bar::widgets: Updating network label: 󰤟 28% 
2030-01-02T11:58:37+00:00 machine gtk-status-bar[3517]: 2030-01-02T11:58:37.001014Z DEBUG gtk_status_bar::widgets: Updating time label: 11:58 AM
2030-01-02T11:58:37+00:00 machine gtk-status-bar[3517]: 2030-01-02T11:58:37.317912Z  INFO gtk_status_bar::tray: Status notifier item disappeared item=":1.90/org/blueman/sni"
2030-01-02T11:58:37+00:00 machine gtk-status-bar[3517]: 2030-01-02T11:58:37.318808Z  INFO gtk_status_bar::widgets: Removed system tray item item=":1.90/org/blueman/sni"
2030-01-02T11:58:37+00:00 machine gtk-status-bar[3517]: 2030-01-02T11:58:37.595209Z  INFO gtk_status_bar::network: Network reachability probe completed target=198.51.100.1 success=false elapsed_ms=12
2030-01-02T11:58:37+00:00 machine gtk-status-bar[3517]: 2030-01-02T11:58:37.595255Z DEBUG gtk_status_bar::network: Sent network update label="\u{f091f} 28% \u{f0ac}"
2030-01-02T11:58:37+00:00 machine gtk-status-bar[3517]: 2030-01-02T11:58:37.595410Z DEBUG gtk_status_bar::widgets: Updating network label: 󰤟 28% 
2030-01-02T11:58:38+00:00 machine gtk-status-bar[3517]: 2030-01-02T11:58:38.001810Z DEBUG gtk_status_bar::widgets: Updating time label: 11:58 AM
2030-01-02T11:58:38+00:00 machine gtk-status-bar[3517]: 2030-01-02T11:58:38.111127Z  INFO gtk_status_bar::network: Network reachability probe completed target=192.0.2.1 success=true elapsed_ms=12
2030-01-02T11:58:38+00:00 machine gtk-status-bar[3517]: 2030-01-02T11:58:38.111196Z DEBUG gtk_status_bar::network: Sent network update label="\u{f091f} 28% \u{f0ac}"
2030-01-02T11:58:38+00:00 machine gtk-status-bar[3517]: 2030-01-02T11:58:38.111348Z DEBUG gtk_status_bar::widgets: Updating network label: 󰤟 28% 
2030-01-02T11:58:38+00:00 machine gtk-status-bar[3517]: 2030-01-02T11:58:38.238345Z  INFO gtk_status_bar::tray: Status notifier item registered item=":1.96/org/blueman/sni"
2030-01-02T11:58:38+00:00 machine gtk-status-bar[3517]: 2030-01-02T11:58:38.259048Z DEBUG gtk_status_bar::tray: Tray item property is unavailable property="IconPixmap" error=org.freedesktop.DBus.Error.InvalidArgs: No such property “IconPixmap”
2030-01-02T11:58:38+00:00 machine gtk-status-bar[3517]: 2030-01-02T11:58:38.261605Z DEBUG gtk_status_bar::tray: Tray item property is unavailable property="IconThemePath" error=org.freedesktop.DBus.Error.InvalidArgs: No such property “IconThemePath”
2030-01-02T11:58:38+00:00 machine gtk-status-bar[3517]: 2030-01-02T11:58:38.269672Z  INFO gtk_status_bar::widgets: Added system tray item item=":1.96/org/blueman/sni"
2030-01-02T11:58:39+00:00 machine gtk-status-bar[3517]: 2030-01-02T11:58:39.001966Z DEBUG gtk_status_bar::widgets: Updating time label: 11:58 AM
2030-01-02T11:58:39+00:00 machine gtk-status-bar[3517]: 2030-01-02T11:58:39.345636Z  INFO gtk_status_bar::network: Network reachability probe completed target=198.51.100.1 success=false elapsed_ms=15
2030-01-02T11:58:39+00:00 machine gtk-status-bar[3517]: 2030-01-02T11:58:39.345729Z DEBUG gtk_status_bar::network: Sent network update label="\u{f091f} 28% \u{f0ac}"
2030-01-02T11:58:39+00:00 machine gtk-status-bar[3517]: 2030-01-02T11:58:39.346133Z DEBUG gtk_status_bar::widgets: Updating network label: 󰤟 28% 
2030-01-02T11:58:40+00:00 machine gtk-status-bar[3517]: 2030-01-02T11:58:40.002042Z DEBUG gtk_status_bar::widgets: Updating time label: 11:58 AM
2030-01-02T11:58:40+00:00 machine gtk-status-bar[3517]: 2030-01-02T11:58:40.097309Z DEBUG gtk_status_bar::hypr: Window title changed address=0x585b3a14ab20 title="Claude"
2030-01-02T11:58:40+00:00 machine gtk-status-bar[3517]: 2030-01-02T11:58:40.100123Z DEBUG gtk_status_bar::hypr: Refreshing current workspace clients reason="title-changed" workspace_id=2 client_count=8 active_address="0x585b3b294270"
2030-01-02T11:58:40+00:00 machine gtk-status-bar[3517]: 2030-01-02T11:58:40.101942Z DEBUG gtk_status_bar::widgets: Updating workspace client strip workspace_id=2 client_count=8
2030-01-02T11:58:40+00:00 machine gtk-status-bar[3517]: 2030-01-02T11:58:40.102265Z DEBUG gtk_status_bar::widgets: Updating client pill address=0x585b39ecc9e0 title="hello" compact_title="hello" class="kitty" active=false
2030-01-02T11:58:40+00:00 machine gtk-status-bar[3517]: 2030-01-02T11:58:40.102344Z DEBUG gtk_status_bar::widgets: Updating client pill address=0x585b3a13ac60 title="AAAAAAAAAAAAAAAAAAAAAAAAAAAAAAAAAAAAAAAAAAAAAAAAAAAAAAAAAAAAAAAA" compact_title="AAAAAAAAAAA…" class="kitty" active=false
2030-01-02T11:58:40+00:00 machine gtk-status-bar[3517]: 2030-01-02T11:58:40.102404Z DEBUG gtk_status_bar::widgets: Updating client pill address=0x585b39cdaf40 title="0123456789012345678901234567890…89012345678901234567890123456789" compact_title="01234567890…" class="kitty" active=false
2030-01-02T11:58:40+00:00 machine gtk-status-bar[3517]: 2030-01-02T11:58:40.102461Z DEBUG gtk_status_bar::widgets: Updating client pill address=0x585b3a0f2cb0 title="界🙂界🙂界🙂界🙂界🙂界🙂界🙂界🙂界🙂界🙂界🙂界🙂界🙂界🙂界🙂界…界🙂界🙂界🙂界🙂界🙂界🙂界🙂界🙂界🙂界🙂界🙂界🙂界🙂界🙂界🙂界🙂" compact_title="界🙂界🙂界🙂界🙂界🙂界…" class="kitty" active=false
2030-01-02T11:58:40+00:00 machine gtk-status-bar[3517]: 2030-01-02T11:58:40.102593Z DEBUG gtk_status_bar::widgets: Updating client pill address=0x585b3b18bd60 title="Focus Left" compact_title="Focus" class="kitty" active=false
2030-01-02T11:58:40+00:00 machine gtk-status-bar[3517]: 2030-01-02T11:58:40.102650Z DEBUG gtk_status_bar::widgets: Updating client pill address=0x585b3b294270 title="Focus Right" compact_title="Focus" class="kitty" active=true
2030-01-02T11:58:40+00:00 machine gtk-status-bar[3517]: 2030-01-02T11:58:40.102703Z DEBUG gtk_status_bar::widgets: Updating client pill address=0x585b3a118570 title="Close OS window" compact_title="Close" class="kitty" active=false
2030-01-02T11:58:40+00:00 machine gtk-status-bar[3517]: 2030-01-02T11:58:40.102811Z DEBUG gtk_status_bar::widgets: Updating client pill address=0x585b3b083b20 title="Renamed client" compact_title="Renamed" class="kitty" active=false
2030-01-02T11:58:40+00:00 machine gtk-status-bar[3517]: 2030-01-02T11:58:40.506669Z  INFO gtk_status_bar::tray: Status notifier item registered item=":1.98/StatusNotifierItem"
2030-01-02T11:58:40+00:00 machine gtk-status-bar[3517]: 2030-01-02T11:58:40.583712Z DEBUG gtk_status_bar::tray: Tray item property is unavailable property="IconName" error=org.freedesktop.DBus.Error.Failed: error occurred in Get
2030-01-02T11:58:40+00:00 machine gtk-status-bar[3517]: 2030-01-02T11:58:40.631079Z DEBUG gtk_status_bar::tray: Tray item property is unavailable property="IconThemePath" error=org.freedesktop.DBus.Error.Failed: error occurred in Get
2030-01-02T11:58:40+00:00 machine gtk-status-bar[3517]: 2030-01-02T11:58:40.634224Z  INFO gtk_status_bar::widgets: Added system tray item item=":1.98/StatusNotifierItem"
2030-01-02T11:58:41+00:00 machine gtk-status-bar[3517]: 2030-01-02T11:58:41.001904Z DEBUG gtk_status_bar::widgets: Updating time label: 11:58 AM
2030-01-02T11:58:41+00:00 machine gtk-status-bar[3517]: 2030-01-02T11:58:41.019651Z DEBUG gtk_status_bar::hypr: Window opened window=WindowOpenEvent { window_address: Address("0x585b3a14ab20"), workspace_name: "i", window_class: "claude-desktop", window_title: "Claude" }
2030-01-02T11:58:41+00:00 machine gtk-status-bar[3517]: 2030-01-02T11:58:41.195631Z  INFO gtk_status_bar::network: Network reachability probe completed target=192.0.2.1 success=true elapsed_ms=18
2030-01-02T11:58:41+00:00 machine gtk-status-bar[3517]: 2030-01-02T11:58:41.195684Z DEBUG gtk_status_bar::network: Sent network update label="\u{f091f} 28% \u{f0ac}"
2030-01-02T11:58:41+00:00 machine gtk-status-bar[3517]: 2030-01-02T11:58:41.202972Z DEBUG gtk_status_bar::widgets: Updating network label: 󰤟 28% 
2030-01-02T11:58:41+00:00 machine gtk-status-bar[3517]: 2030-01-02T11:58:41.525896Z  INFO gtk_status_bar::network: Network reachability probe completed target=198.51.100.1 success=false elapsed_ms=11
2030-01-02T11:58:41+00:00 machine gtk-status-bar[3517]: 2030-01-02T11:58:41.525948Z DEBUG gtk_status_bar::network: Sent network update label="\u{f091f} 28% \u{f0ac}"
2030-01-02T11:58:41+00:00 machine gtk-status-bar[3517]: 2030-01-02T11:58:41.526122Z DEBUG gtk_status_bar::widgets: Updating network label: 󰤟 28% 
2030-01-02T11:58:41+00:00 machine gtk-status-bar[3517]: 2030-01-02T11:58:41.943645Z DEBUG gtk_status_bar::hypr: Refreshing current workspace clients reason="window-opened" workspace_id=2 client_count=9 active_address="0x585b3a14ab20"
2030-01-02T11:58:41+00:00 machine gtk-status-bar[3517]: 2030-01-02T11:58:41.945282Z DEBUG gtk_status_bar::hypr: Active window changed window=Some(WindowEventData { class: "claude-desktop", title: "Claude", address: Address("0x585b3a14ab20") })
2030-01-02T11:58:41+00:00 machine gtk-status-bar[3517]: 2030-01-02T11:58:41.945611Z DEBUG gtk_status_bar::widgets: Updating workspace client strip workspace_id=2 client_count=9
2030-01-02T11:58:41+00:00 machine gtk-status-bar[3517]: 2030-01-02T11:58:41.945855Z DEBUG gtk_status_bar::widgets: Updating client pill address=0x585b39ecc9e0 title="hello" compact_title="hello" class="kitty" active=false
2030-01-02T11:58:41+00:00 machine gtk-status-bar[3517]: 2030-01-02T11:58:41.945912Z DEBUG gtk_status_bar::widgets: Updating client pill address=0x585b3a13ac60 title="AAAAAAAAAAAAAAAAAAAAAAAAAAAAAAAAAAAAAAAAAAAAAAAAAAAAAAAAAAAAAAAA" compact_title="AAAAAAAAAAA…" class="kitty" active=false
2030-01-02T11:58:41+00:00 machine gtk-status-bar[3517]: 2030-01-02T11:58:41.945967Z DEBUG gtk_status_bar::widgets: Updating client pill address=0x585b39cdaf40 title="0123456789012345678901234567890…89012345678901234567890123456789" compact_title="01234567890…" class="kitty" active=false
2030-01-02T11:58:41+00:00 machine gtk-status-bar[3517]: 2030-01-02T11:58:41.946008Z DEBUG gtk_status_bar::widgets: Updating client pill address=0x585b3a0f2cb0 title="界🙂界🙂界🙂界🙂界🙂界🙂界🙂界🙂界🙂界🙂界🙂界🙂界🙂界🙂界🙂界…界🙂界🙂界🙂界🙂界🙂界🙂界🙂界🙂界🙂界🙂界🙂界🙂界🙂界🙂界🙂界🙂" compact_title="界🙂界🙂界🙂界🙂界🙂界…" class="kitty" active=false
2030-01-02T11:58:41+00:00 machine gtk-status-bar[3517]: 2030-01-02T11:58:41.946109Z DEBUG gtk_status_bar::widgets: Updating client pill address=0x585b3b18bd60 title="Focus Left" compact_title="Focus" class="kitty" active=false
2030-01-02T11:58:41+00:00 machine gtk-status-bar[3517]: 2030-01-02T11:58:41.946154Z DEBUG gtk_status_bar::widgets: Updating client pill address=0x585b3b294270 title="Focus Right" compact_title="Focus" class="kitty" active=false
2030-01-02T11:58:41+00:00 machine gtk-status-bar[3517]: 2030-01-02T11:58:41.946202Z DEBUG gtk_status_bar::widgets: Updating client pill address=0x585b3a118570 title="Close OS window" compact_title="Close" class="kitty" active=false
2030-01-02T11:58:41+00:00 machine gtk-status-bar[3517]: 2030-01-02T11:58:41.946238Z DEBUG gtk_status_bar::widgets: Updating client pill address=0x585b3b083b20 title="Renamed client" compact_title="Renamed" class="kitty" active=false
2030-01-02T11:58:41+00:00 machine gtk-status-bar[3517]: 2030-01-02T11:58:41.946273Z DEBUG gtk_status_bar::widgets: Updating client pill address=0x585b3a14ab20 title="Claude" compact_title="Claude" class="claude-desktop" active=true
2030-01-02T11:58:41+00:00 machine gtk-status-bar[3517]: 2030-01-02T11:58:41.946290Z DEBUG gtk_status_bar::widgets: Creating client title pill
2030-01-02T11:58:42+00:00 machine gtk-status-bar[3517]: 2030-01-02T11:58:42.003249Z DEBUG gtk_status_bar::widgets: Resolved title icon from desktop application metadata class="claude-desktop"
2030-01-02T11:58:42+00:00 machine gtk-status-bar[3517]: 2030-01-02T11:58:42.003595Z DEBUG gtk_status_bar::widgets: Updating time label: 11:58 AM
2030-01-02T11:58:42+00:00 machine gtk-status-bar[3517]: 2030-01-02T11:58:42.022998Z DEBUG gtk_status_bar::tray: Tray backend received command item=":1.89/StatusNotifierItem" action=ContextMenu { request_id: 1, keyboard_grab: false } x=1322 y=11
2030-01-02T11:58:42+00:00 machine gtk-status-bar[3517]: 2030-01-02T11:58:42.028898Z DEBUG gtk_status_bar::tray: dbusmenu GetLayout reply decoded item=":1.89/StatusNotifierItem" fields=2
2030-01-02T11:58:42+00:00 machine gtk-status-bar[3517]: 2030-01-02T11:58:42.030127Z DEBUG gtk_status_bar::tray: dbusmenu layout parsed item=":1.89/StatusNotifierItem" count=5
2030-01-02T11:58:42+00:00 machine gtk-status-bar[3517]: 2030-01-02T11:58:42.031336Z DEBUG gtk_status_bar::widgets: Tray menu entry labels item=":1.89/StatusNotifierItem" labels=[Some("Keyboard - English (US)"), None, Some("Restart"), Some("Input Method Settings"), Some("Exit")]
2030-01-02T11:58:42+00:00 machine gtk-status-bar[3517]: 2030-01-02T11:58:42.031645Z DEBUG gtk_status_bar::widgets: Presenting tray menu item=":1.89/StatusNotifierItem" entries=5 keyboard_grab=false
2030-01-02T11:58:42+00:00 machine gtk-status-bar[3517]: 2030-01-02T11:58:42.123317Z DEBUG gtk_status_bar::hypr: Refreshing current workspace clients reason="active-window-changed" workspace_id=2 client_count=9 active_address="0x585b3a14ab20"
2030-01-02T11:58:42+00:00 machine gtk-status-bar[3517]: 2030-01-02T11:58:42.141990Z DEBUG gtk_status_bar::widgets: Updating workspace client strip workspace_id=2 client_count=9
2030-01-02T11:58:42+00:00 machine gtk-status-bar[3517]: 2030-01-02T11:58:42.142189Z DEBUG gtk_status_bar::widgets: Updating client pill address=0x585b39ecc9e0 title="hello" compact_title="hello" class="kitty" active=false
2030-01-02T11:58:42+00:00 machine gtk-status-bar[3517]: 2030-01-02T11:58:42.142253Z DEBUG gtk_status_bar::widgets: Updating client pill address=0x585b3a13ac60 title="AAAAAAAAAAAAAAAAAAAAAAAAAAAAAAAAAAAAAAAAAAAAAAAAAAAAAAAAAAAAAAAA" compact_title="AAAAAAAAAAA…" class="kitty" active=false
2030-01-02T11:58:42+00:00 machine gtk-status-bar[3517]: 2030-01-02T11:58:42.142294Z DEBUG gtk_status_bar::widgets: Updating client pill address=0x585b39cdaf40 title="0123456789012345678901234567890…89012345678901234567890123456789" compact_title="01234567890…" class="kitty" active=false
2030-01-02T11:58:42+00:00 machine gtk-status-bar[3517]: 2030-01-02T11:58:42.142344Z DEBUG gtk_status_bar::widgets: Updating client pill address=0x585b3a0f2cb0 title="界🙂界🙂界🙂界🙂界🙂界🙂界🙂界🙂界🙂界🙂界🙂界🙂界🙂界🙂界🙂界…界🙂界🙂界🙂界🙂界🙂界🙂界🙂界🙂界🙂界🙂界🙂界🙂界🙂界🙂界🙂界🙂" compact_title="界🙂界🙂界🙂界🙂界🙂界…" class="kitty" active=false
2030-01-02T11:58:42+00:00 machine gtk-status-bar[3517]: 2030-01-02T11:58:42.142432Z DEBUG gtk_status_bar::widgets: Updating client pill address=0x585b3b18bd60 title="Focus Left" compact_title="Focus" class="kitty" active=false
2030-01-02T11:58:42+00:00 machine gtk-status-bar[3517]: 2030-01-02T11:58:42.142469Z DEBUG gtk_status_bar::widgets: Updating client pill address=0x585b3b294270 title="Focus Right" compact_title="Focus" class="kitty" active=false
2030-01-02T11:58:42+00:00 machine gtk-status-bar[3517]: 2030-01-02T11:58:42.142505Z DEBUG gtk_status_bar::widgets: Updating client pill address=0x585b3a118570 title="Close OS window" compact_title="Close" class="kitty" active=false
2030-01-02T11:58:42+00:00 machine gtk-status-bar[3517]: 2030-01-02T11:58:42.145895Z DEBUG gtk_status_bar::widgets: Updating client pill address=0x585b3b083b20 title="Renamed client" compact_title="Renamed" class="kitty" active=false
2030-01-02T11:58:42+00:00 machine gtk-status-bar[3517]: 2030-01-02T11:58:42.145965Z DEBUG gtk_status_bar::widgets: Updating client pill address=0x585b3a14ab20 title="Claude" compact_title="Claude" class="claude-desktop" active=true
2030-01-02T11:58:43+00:00 machine gtk-status-bar[3517]: 2030-01-02T11:58:43.001674Z DEBUG gtk_status_bar::widgets: Updating time label: 11:58 AM
2030-01-02T11:58:43+00:00 machine gtk-status-bar[3517]: 2030-01-02T11:58:43.270869Z  INFO gtk_status_bar::network: Network reachability probe completed target=192.0.2.1 success=true elapsed_ms=16
2030-01-02T11:58:43+00:00 machine gtk-status-bar[3517]: 2030-01-02T11:58:43.270971Z DEBUG gtk_status_bar::network: Sent network update label="\u{f091f} 28% \u{f0ac}"
2030-01-02T11:58:43+00:00 machine gtk-status-bar[3517]: 2030-01-02T11:58:43.271150Z DEBUG gtk_status_bar::widgets: Updating network label: 󰤟 28% 
2030-01-02T11:58:43+00:00 machine gtk-status-bar[3517]: 2030-01-02T11:58:43.466020Z  INFO gtk_status_bar::network: Network reachability probe completed target=198.51.100.1 success=false elapsed_ms=10
2030-01-02T11:58:43+00:00 machine gtk-status-bar[3517]: 2030-01-02T11:58:43.466072Z DEBUG gtk_status_bar::network: Sent network update label="\u{f091f} 28% \u{f0ac}"
2030-01-02T11:58:43+00:00 machine gtk-status-bar[3517]: 2030-01-02T11:58:43.466242Z DEBUG gtk_status_bar::widgets: Updating network label: 󰤟 28% 
2030-01-02T11:58:44+00:00 machine gtk-status-bar[3517]: 2030-01-02T11:58:44.002046Z DEBUG gtk_status_bar::widgets: Updating time label: 11:58 AM
2030-01-02T11:58:45+00:00 machine gtk-status-bar[3517]: 2030-01-02T11:58:45.001406Z DEBUG gtk_status_bar::widgets: Updating time label: 11:58 AM
2030-01-02T11:58:45+00:00 machine gtk-status-bar[3517]: 2030-01-02T11:58:45.218482Z  INFO gtk_status_bar::network: Network reachability probe completed target=198.51.100.1 success=false elapsed_ms=15
2030-01-02T11:58:45+00:00 machine gtk-status-bar[3517]: 2030-01-02T11:58:45.218561Z DEBUG gtk_status_bar::network: Sent network update label="\u{f091f} 28% \u{f0ac}"
2030-01-02T11:58:45+00:00 machine gtk-status-bar[3517]: 2030-01-02T11:58:45.219154Z DEBUG gtk_status_bar::widgets: Updating network label: 󰤟 28% 
2030-01-02T11:58:45+00:00 machine gtk-status-bar[3517]: 2030-01-02T11:58:45.978131Z  INFO gtk_status_bar::network: Network reachability probe completed target=192.0.2.1 success=true elapsed_ms=23
2030-01-02T11:58:45+00:00 machine gtk-status-bar[3517]: 2030-01-02T11:58:45.978230Z DEBUG gtk_status_bar::network: Sent network update label="\u{f091f} 28% \u{f0ac}"
2030-01-02T11:58:45+00:00 machine gtk-status-bar[3517]: 2030-01-02T11:58:45.978472Z DEBUG gtk_status_bar::widgets: Updating network label: 󰤟 28% 
2030-01-02T11:58:46+00:00 machine gtk-status-bar[3517]: 2030-01-02T11:58:46.000878Z DEBUG gtk_status_bar::widgets: Updating time label: 11:58 AM
2030-01-02T11:58:47+00:00 machine gtk-status-bar[3517]: 2030-01-02T11:58:47.002244Z DEBUG gtk_status_bar::widgets: Updating time label: 11:58 AM
2030-01-02T11:58:47+00:00 machine gtk-status-bar[3517]: 2030-01-02T11:58:47.721497Z  INFO gtk_status_bar::network: Network reachability probe completed target=192.0.2.1 success=true elapsed_ms=22
2030-01-02T11:58:47+00:00 machine gtk-status-bar[3517]: 2030-01-02T11:58:47.721601Z DEBUG gtk_status_bar::network: Sent network update label="\u{f091f} 28% \u{f0ac}"
2030-01-02T11:58:47+00:00 machine gtk-status-bar[3517]: 2030-01-02T11:58:47.721856Z DEBUG gtk_status_bar::widgets: Updating network label: 󰤟 28% 
2030-01-02T11:58:48+00:00 machine gtk-status-bar[3517]: 2030-01-02T11:58:48.001255Z DEBUG gtk_status_bar::widgets: Updating time label: 11:58 AM
2030-01-02T11:58:48+00:00 machine gtk-status-bar[3517]: 2030-01-02T11:58:48.735739Z  INFO gtk_status_bar::network: Network reachability probe completed target=198.51.100.1 success=false elapsed_ms=23
2030-01-02T11:58:48+00:00 machine gtk-status-bar[3517]: 2030-01-02T11:58:48.735835Z DEBUG gtk_status_bar::network: Sent network update label="\u{f091f} 28% \u{f0ac}"
2030-01-02T11:58:48+00:00 machine gtk-status-bar[3517]: 2030-01-02T11:58:48.736203Z DEBUG gtk_status_bar::widgets: Updating network label: 󰤟 28% 
2030-01-02T11:58:49+00:00 machine gtk-status-bar[3517]: 2030-01-02T11:58:49.001457Z DEBUG gtk_status_bar::widgets: Updating time label: 11:58 AM
2030-01-02T11:58:50+00:00 machine gtk-status-bar[3517]: 2030-01-02T11:58:50.002044Z DEBUG gtk_status_bar::widgets: Updating time label: 11:58 AM
2030-01-02T11:58:50+00:00 machine gtk-status-bar[3517]: 2030-01-02T11:58:50.313591Z  INFO gtk_status_bar::network: Network reachability probe completed target=198.51.100.1 success=false elapsed_ms=13
2030-01-02T11:58:50+00:00 machine gtk-status-bar[3517]: 2030-01-02T11:58:50.313640Z DEBUG gtk_status_bar::network: Sent network update label="\u{f091f} 28% \u{f0ac}"
2030-01-02T11:58:50+00:00 machine gtk-status-bar[3517]: 2030-01-02T11:58:50.313909Z DEBUG gtk_status_bar::widgets: Updating network label: 󰤟 28% 
2030-01-02T11:58:51+00:00 machine gtk-status-bar[3517]: 2030-01-02T11:58:51.002537Z DEBUG gtk_status_bar::widgets: Updating time label: 11:58 AM
2030-01-02T11:58:52+00:00 machine gtk-status-bar[3517]: 2030-01-02T11:58:52.002023Z DEBUG gtk_status_bar::widgets: Updating time label: 11:58 AM
2030-01-02T11:58:52+00:00 machine gtk-status-bar[3517]: 2030-01-02T11:58:52.117089Z  INFO gtk_status_bar::network: Network reachability probe completed target=192.0.2.1 success=true elapsed_ms=43
2030-01-02T11:58:52+00:00 machine gtk-status-bar[3517]: 2030-01-02T11:58:52.117141Z DEBUG gtk_status_bar::network: Sent network update label="\u{f091f} 28% \u{f0ac}"
2030-01-02T11:58:52+00:00 machine gtk-status-bar[3517]: 2030-01-02T11:58:52.117376Z DEBUG gtk_status_bar::widgets: Updating network label: 󰤟 28% 
2030-01-02T11:58:52+00:00 machine gtk-status-bar[3517]: 2030-01-02T11:58:52.554865Z DEBUG gtk_status_bar::tray: Tray backend received command item=":1.89/StatusNotifierItem" action=ContextMenu { request_id: 3, keyboard_grab: false } x=1322 y=11
2030-01-02T11:58:52+00:00 machine gtk-status-bar[3517]: 2030-01-02T11:58:52.555918Z DEBUG gtk_status_bar::tray: dbusmenu GetLayout reply decoded item=":1.89/StatusNotifierItem" fields=2
2030-01-02T11:58:52+00:00 machine gtk-status-bar[3517]: 2030-01-02T11:58:52.555982Z DEBUG gtk_status_bar::tray: dbusmenu layout parsed item=":1.89/StatusNotifierItem" count=5
2030-01-02T11:58:52+00:00 machine gtk-status-bar[3517]: 2030-01-02T11:58:52.556323Z DEBUG gtk_status_bar::widgets: Tray menu entry labels item=":1.89/StatusNotifierItem" labels=[Some("Keyboard - English (US)"), None, Some("Restart"), Some("Input Method Settings"), Some("Exit")]
2030-01-02T11:58:52+00:00 machine gtk-status-bar[3517]: 2030-01-02T11:58:52.556700Z DEBUG gtk_status_bar::widgets: Presenting tray menu item=":1.89/StatusNotifierItem" entries=5 keyboard_grab=false
2030-01-02T11:58:53+00:00 machine gtk-status-bar[3517]: 2030-01-02T11:58:53.002454Z DEBUG gtk_status_bar::widgets: Updating time label: 11:58 AM
2030-01-02T11:58:53+00:00 machine gtk-status-bar[3517]: 2030-01-02T11:58:53.239429Z  INFO gtk_status_bar::network: Network reachability probe completed target=198.51.100.1 success=false elapsed_ms=29
2030-01-02T11:58:53+00:00 machine gtk-status-bar[3517]: 2030-01-02T11:58:53.239491Z DEBUG gtk_status_bar::network: Sent network update label="\u{f091f} 28% \u{f0ac}"
2030-01-02T11:58:53+00:00 machine gtk-status-bar[3517]: 2030-01-02T11:58:53.239724Z DEBUG gtk_status_bar::widgets: Updating network label: 󰤟 28% 
2030-01-02T11:58:53+00:00 machine gtk-status-bar[3517]: 2030-01-02T11:58:53.904509Z DEBUG gtk_status_bar::tray: Tray backend received command item=":1.89/StatusNotifierItem" action=ContextMenu { request_id: 5, keyboard_grab: false } x=1322 y=11
2030-01-02T11:58:53+00:00 machine gtk-status-bar[3517]: 2030-01-02T11:58:53.905400Z DEBUG gtk_status_bar::tray: dbusmenu GetLayout reply decoded item=":1.89/StatusNotifierItem" fields=2
2030-01-02T11:58:53+00:00 machine gtk-status-bar[3517]: 2030-01-02T11:58:53.905430Z DEBUG gtk_status_bar::tray: dbusmenu layout parsed item=":1.89/StatusNotifierItem" count=5
2030-01-02T11:58:53+00:00 machine gtk-status-bar[3517]: 2030-01-02T11:58:53.905914Z DEBUG gtk_status_bar::widgets: Tray menu entry labels item=":1.89/StatusNotifierItem" labels=[Some("Keyboard - English (US)"), None, Some("Restart"), Some("Input Method Settings"), Some("Exit")]
2030-01-02T11:58:53+00:00 machine gtk-status-bar[3517]: 2030-01-02T11:58:53.906269Z DEBUG gtk_status_bar::widgets: Presenting tray menu item=":1.89/StatusNotifierItem" entries=5 keyboard_grab=false
2030-01-02T11:58:54+00:00 machine gtk-status-bar[3517]: 2030-01-02T11:58:54.000948Z DEBUG gtk_status_bar::widgets: Updating time label: 11:58 AM
2030-01-02T11:58:54+00:00 machine gtk-status-bar[3517]: 2030-01-02T11:58:54.313733Z  INFO gtk_status_bar::network: Network reachability probe completed target=192.0.2.1 success=true elapsed_ms=18
2030-01-02T11:58:54+00:00 machine gtk-status-bar[3517]: 2030-01-02T11:58:54.314007Z DEBUG gtk_status_bar::network: Sent network update label="\u{f091f} 28% \u{f0ac}"
2030-01-02T11:58:54+00:00 machine gtk-status-bar[3517]: 2030-01-02T11:58:54.314446Z DEBUG gtk_status_bar::widgets: Updating network label: 󰤟 28% 
2030-01-02T11:58:55+00:00 machine gtk-status-bar[3517]: 2030-01-02T11:58:55.002003Z DEBUG gtk_status_bar::widgets: Updating time label: 11:58 AM
2030-01-02T11:58:55+00:00 machine gtk-status-bar[3517]: 2030-01-02T11:58:55.245439Z DEBUG gtk_status_bar::tray: Tray backend received command item=":1.89/StatusNotifierItem" action=ContextMenu { request_id: 7, keyboard_grab: false } x=1322 y=11
2030-01-02T11:58:55+00:00 machine gtk-status-bar[3517]: 2030-01-02T11:58:55.265999Z DEBUG gtk_status_bar::tray: dbusmenu GetLayout reply decoded item=":1.89/StatusNotifierItem" fields=2
2030-01-02T11:58:55+00:00 machine gtk-status-bar[3517]: 2030-01-02T11:58:55.266097Z DEBUG gtk_status_bar::tray: dbusmenu layout parsed item=":1.89/StatusNotifierItem" count=5
2030-01-02T11:58:55+00:00 machine gtk-status-bar[3517]: 2030-01-02T11:58:55.266540Z DEBUG gtk_status_bar::widgets: Tray menu entry labels item=":1.89/StatusNotifierItem" labels=[Some("Keyboard - English (US)"), None, Some("Restart"), Some("Input Method Settings"), Some("Exit")]
2030-01-02T11:58:55+00:00 machine gtk-status-bar[3517]: 2030-01-02T11:58:55.266939Z DEBUG gtk_status_bar::widgets: Presenting tray menu item=":1.89/StatusNotifierItem" entries=5 keyboard_grab=false
2030-01-02T11:58:56+00:00 machine gtk-status-bar[3517]: 2030-01-02T11:58:56.001573Z DEBUG gtk_status_bar::widgets: Updating time label: 11:58 AM
2030-01-02T11:58:56+00:00 machine gtk-status-bar[3517]: 2030-01-02T11:58:56.022979Z  INFO gtk_status_bar::network: Network reachability probe completed target=192.0.2.1 success=true elapsed_ms=20
2030-01-02T11:58:56+00:00 machine gtk-status-bar[3517]: 2030-01-02T11:58:56.023068Z DEBUG gtk_status_bar::network: Sent network update label="\u{f091f} 28% \u{f0ac}"
2030-01-02T11:58:56+00:00 machine gtk-status-bar[3517]: 2030-01-02T11:58:56.023440Z DEBUG gtk_status_bar::widgets: Updating network label: 󰤟 28% 
2030-01-02T11:58:56+00:00 machine gtk-status-bar[3517]: 2030-01-02T11:58:56.487974Z  INFO gtk_status_bar::network: Network reachability probe completed target=198.51.100.1 success=false elapsed_ms=12
2030-01-02T11:58:56+00:00 machine gtk-status-bar[3517]: 2030-01-02T11:58:56.488018Z DEBUG gtk_status_bar::network: Sent network update label="\u{f091f} 28% \u{f0ac}"
2030-01-02T11:58:56+00:00 machine gtk-status-bar[3517]: 2030-01-02T11:58:56.488209Z DEBUG gtk_status_bar::widgets: Updating network label: 󰤟 28% 
2030-01-02T11:58:56+00:00 machine gtk-status-bar[3517]: 2030-01-02T11:58:56.626990Z DEBUG gtk_status_bar::tray: Tray backend received command item=":1.89/StatusNotifierItem" action=MenuEvent(100) x=1322 y=11
2030-01-02T11:58:57+00:00 machine gtk-status-bar[3517]: 2030-01-02T11:58:57.001696Z DEBUG gtk_status_bar::widgets: Updating time label: 11:58 AM
2030-01-02T11:58:57+00:00 machine gtk-status-bar[3517]: 2030-01-02T11:58:57.768810Z  INFO gtk_status_bar::network: Network reachability probe completed target=192.0.2.1 success=true elapsed_ms=20
2030-01-02T11:58:57+00:00 machine gtk-status-bar[3517]: 2030-01-02T11:58:57.768872Z DEBUG gtk_status_bar::network: Sent network update label="\u{f091f} 28% \u{f0ac}"
2030-01-02T11:58:57+00:00 machine gtk-status-bar[3517]: 2030-01-02T11:58:57.769068Z DEBUG gtk_status_bar::widgets: Updating network label: 󰤟 28% 
2030-01-02T11:58:58+00:00 machine gtk-status-bar[3517]: 2030-01-02T11:58:58.002149Z DEBUG gtk_status_bar::widgets: Updating time label: 11:58 AM
2030-01-02T11:58:59+00:00 machine gtk-status-bar[3517]: 2030-01-02T11:58:59.000987Z DEBUG gtk_status_bar::widgets: Updating time label: 11:58 AM
2030-01-02T11:58:59+00:00 machine gtk-status-bar[3517]: 2030-01-02T11:58:59.141274Z DEBUG gtk_status_bar::tray: Tray backend received command item=":1.89/StatusNotifierItem" action=ContextMenu { request_id: 8, keyboard_grab: false } x=1322 y=11
2030-01-02T11:58:59+00:00 machine gtk-status-bar[3517]: 2030-01-02T11:58:59.142313Z DEBUG gtk_status_bar::tray: dbusmenu GetLayout reply decoded item=":1.89/StatusNotifierItem" fields=2
2030-01-02T11:58:59+00:00 machine gtk-status-bar[3517]: 2030-01-02T11:58:59.142339Z DEBUG gtk_status_bar::tray: dbusmenu layout parsed item=":1.89/StatusNotifierItem" count=5
2030-01-02T11:58:59+00:00 machine gtk-status-bar[3517]: 2030-01-02T11:58:59.143161Z DEBUG gtk_status_bar::widgets: Tray menu entry labels item=":1.89/StatusNotifierItem" labels=[Some("Keyboard - English (US)"), None, Some("Restart"), Some("Input Method Settings"), Some("Exit")]
2030-01-02T11:58:59+00:00 machine gtk-status-bar[3517]: 2030-01-02T11:58:59.143970Z DEBUG gtk_status_bar::widgets: Presenting tray menu item=":1.89/StatusNotifierItem" entries=5 keyboard_grab=false
2030-01-02T11:58:59+00:00 machine gtk-status-bar[3517]: 2030-01-02T11:58:59.519103Z  INFO gtk_status_bar::network: Network reachability probe completed target=198.51.100.1 success=false elapsed_ms=14
2030-01-02T11:58:59+00:00 machine gtk-status-bar[3517]: 2030-01-02T11:58:59.519157Z DEBUG gtk_status_bar::network: Sent network update label="\u{f091f} 28% \u{f0ac}"
2030-01-02T11:58:59+00:00 machine gtk-status-bar[3517]: 2030-01-02T11:58:59.519327Z DEBUG gtk_status_bar::widgets: Updating network label: 󰤟 28% 
2030-01-02T11:59:00+00:00 machine gtk-status-bar[3517]: 2030-01-02T11:59:00.002218Z DEBUG gtk_status_bar::widgets: Updating time label: 11:59 AM
2030-01-02T11:59:00+00:00 machine gtk-status-bar[3517]: 2030-01-02T11:59:00.767235Z  INFO gtk_status_bar::network: Network reachability probe completed target=192.0.2.1 success=true elapsed_ms=21
2030-01-02T11:59:00+00:00 machine gtk-status-bar[3517]: 2030-01-02T11:59:00.767327Z DEBUG gtk_status_bar::network: Sent network update label="\u{f091f} 28% \u{f0ac}"
2030-01-02T11:59:00+00:00 machine gtk-status-bar[3517]: 2030-01-02T11:59:00.767687Z DEBUG gtk_status_bar::widgets: Updating network label: 󰤟 28% 
2030-01-02T11:59:01+00:00 machine gtk-status-bar[3517]: 2030-01-02T11:59:01.001387Z DEBUG gtk_status_bar::widgets: Updating time label: 11:59 AM
2030-01-02T11:59:01+00:00 machine gtk-status-bar[3517]: 2030-01-02T11:59:01.889054Z DEBUG gtk_status_bar::tray: Tray backend received command item=":1.89/StatusNotifierItem" action=MenuEvent(4) x=1322 y=11
2030-01-02T11:59:01+00:00 machine gtk-status-bar[3517]: 2030-01-02T11:59:01.917814Z  INFO gtk_status_bar::network: Network reachability probe completed target=198.51.100.1 success=false elapsed_ms=28
2030-01-02T11:59:01+00:00 machine gtk-status-bar[3517]: 2030-01-02T11:59:01.918327Z DEBUG gtk_status_bar::network: Sent network update label="\u{f091f} 28% \u{f0ac}"
2030-01-02T11:59:01+00:00 machine gtk-status-bar[3517]: 2030-01-02T11:59:01.918504Z DEBUG gtk_status_bar::widgets: Updating network label: 󰤟 28% 
2030-01-02T11:59:02+00:00 machine gtk-status-bar[3517]: 2030-01-02T11:59:02.001055Z DEBUG gtk_status_bar::widgets: Updating time label: 11:59 AM
2030-01-02T11:59:03+00:00 machine gtk-status-bar[3517]: 2030-01-02T11:59:03.002556Z DEBUG gtk_status_bar::widgets: Updating time label: 11:59 AM
2030-01-02T11:59:03+00:00 machine gtk-status-bar[3517]: 2030-01-02T11:59:03.817582Z  INFO gtk_status_bar::network: Network reachability probe completed target=198.51.100.1 success=false elapsed_ms=9
2030-01-02T11:59:03+00:00 machine gtk-status-bar[3517]: 2030-01-02T11:59:03.817631Z DEBUG gtk_status_bar::network: Sent network update label="\u{f091f} 28% \u{f0ac}"
2030-01-02T11:59:03+00:00 machine gtk-status-bar[3517]: 2030-01-02T11:59:03.817841Z DEBUG gtk_status_bar::widgets: Updating network label: 󰤟 28% 
2030-01-02T11:59:04+00:00 machine gtk-status-bar[3517]: 2030-01-02T11:59:04.000982Z DEBUG gtk_status_bar::widgets: Updating time label: 11:59 AM
2030-01-02T11:59:04+00:00 machine gtk-status-bar[3517]: 2030-01-02T11:59:04.224151Z  INFO gtk_status_bar::network: Network reachability probe completed target=192.0.2.1 success=true elapsed_ms=13
2030-01-02T11:59:04+00:00 machine gtk-status-bar[3517]: 2030-01-02T11:59:04.224217Z DEBUG gtk_status_bar::network: Sent network update label="\u{f091f} 28% \u{f0ac}"
2030-01-02T11:59:04+00:00 machine gtk-status-bar[3517]: 2030-01-02T11:59:04.224484Z DEBUG gtk_status_bar::widgets: Updating network label: 󰤟 28% 
2030-01-02T11:59:04+00:00 machine gtk-status-bar[3517]: 2030-01-02T11:59:04.529235Z DEBUG gtk_status_bar::tray: Tray backend received command item=":1.89/StatusNotifierItem" action=ContextMenu { request_id: 9, keyboard_grab: false } x=1322 y=11
2030-01-02T11:59:04+00:00 machine gtk-status-bar[3517]: 2030-01-02T11:59:04.542173Z DEBUG gtk_status_bar::tray: dbusmenu GetLayout reply decoded item=":1.89/StatusNotifierItem" fields=2
2030-01-02T11:59:04+00:00 machine gtk-status-bar[3517]: 2030-01-02T11:59:04.542219Z DEBUG gtk_status_bar::tray: dbusmenu layout parsed item=":1.89/StatusNotifierItem" count=5
2030-01-02T11:59:04+00:00 machine gtk-status-bar[3517]: 2030-01-02T11:59:04.542591Z DEBUG gtk_status_bar::widgets: Tray menu entry labels item=":1.89/StatusNotifierItem" labels=[Some("Keyboard - English (US)"), None, Some("Restart"), Some("Input Method Settings"), Some("Exit")]
2030-01-02T11:59:04+00:00 machine gtk-status-bar[3517]: 2030-01-02T11:59:04.543052Z DEBUG gtk_status_bar::widgets: Presenting tray menu item=":1.89/StatusNotifierItem" entries=5 keyboard_grab=false
2030-01-02T11:59:04+00:00 machine gtk-status-bar[3517]: 2030-01-02T11:59:04.609548Z  INFO gtk_status_bar::network: Network reachability probe completed target=192.0.2.1 success=true elapsed_ms=15
2030-01-02T11:59:04+00:00 machine gtk-status-bar[3517]: 2030-01-02T11:59:04.609593Z DEBUG gtk_status_bar::network: Sent network update label="\u{f091f} 28% \u{f0ac}"
2030-01-02T11:59:04+00:00 machine gtk-status-bar[3517]: 2030-01-02T11:59:04.609843Z DEBUG gtk_status_bar::widgets: Updating network label: 󰤟 28% 
2030-01-02T11:59:05+00:00 machine gtk-status-bar[3517]: 2030-01-02T11:59:05.001864Z DEBUG gtk_status_bar::widgets: Updating time label: 11:59 AM
2030-01-02T11:59:06+00:00 machine gtk-status-bar[3517]: 2030-01-02T11:59:06.002190Z DEBUG gtk_status_bar::widgets: Updating time label: 11:59 AM
2030-01-02T11:59:06+00:00 machine gtk-status-bar[3517]: 2030-01-02T11:59:06.256898Z  INFO gtk_status_bar::network: Network reachability probe completed target=198.51.100.1 success=false elapsed_ms=11
2030-01-02T11:59:06+00:00 machine gtk-status-bar[3517]: 2030-01-02T11:59:06.257028Z DEBUG gtk_status_bar::network: Sent network update label="\u{f091f} 28% \u{f0ac}"
2030-01-02T11:59:06+00:00 machine gtk-status-bar[3517]: 2030-01-02T11:59:06.257191Z DEBUG gtk_status_bar::widgets: Updating network label: 󰤟 28% 
2030-01-02T11:59:06+00:00 machine gtk-status-bar[3517]: 2030-01-02T11:59:06.428991Z  INFO gtk_status_bar::network: Network reachability probe completed target=198.51.100.1 success=false elapsed_ms=9
2030-01-02T11:59:06+00:00 machine gtk-status-bar[3517]: 2030-01-02T11:59:06.429029Z DEBUG gtk_status_bar::network: Sent network update label="\u{f091f} 28% \u{f0ac}"
2030-01-02T11:59:06+00:00 machine gtk-status-bar[3517]: 2030-01-02T11:59:06.429167Z DEBUG gtk_status_bar::widgets: Updating network label: 󰤟 28% 
2030-01-02T11:59:07+00:00 machine gtk-status-bar[3517]: 2030-01-02T11:59:07.001006Z DEBUG gtk_status_bar::widgets: Updating time label: 11:59 AM
2030-01-02T11:59:07+00:00 machine gtk-status-bar[3517]: 2030-01-02T11:59:07.403738Z DEBUG gtk_status_bar::dbus: Got an event in event stream: Msg { type: Signal, serial: 70, sender: UniqueName(":1.68"), path: ObjectPath("/org/bluez/hci0"), iface: InterfaceName("org.freedesktop.DBus.Properties"), member: MemberName("PropertiesChanged"), body: Structure(Dynamic { fields: [Str, Dict { key: Dynamic { child: Str }, value: Dynamic { child: Variant } }, Array(Dynamic { child: Str })] }), fds: [] }
2030-01-02T11:59:07+00:00 machine gtk-status-bar[3517]: 2030-01-02T11:59:07.404807Z DEBUG gtk_status_bar::dbus: Dbus monitor: Received D-Bus message from path: Some(ObjectPath("/org/bluez/hci0")), interface: Some(InterfaceName("org.freedesktop.DBus.Properties")), member: Some(MemberName("PropertiesChanged"))
2030-01-02T11:59:07+00:00 machine gtk-status-bar[3517]: 2030-01-02T11:59:07.404827Z  INFO gtk_status_bar::dbus: Dbus monitor: Received signal
2030-01-02T11:59:07+00:00 machine gtk-status-bar[3517]: 2030-01-02T11:59:07.404843Z  INFO gtk_status_bar::dbus: Dbus monitor: Received PropertiesChanged signal
2030-01-02T11:59:07+00:00 machine gtk-status-bar[3517]: 2030-01-02T11:59:07.404877Z DEBUG gtk_status_bar::dbus: Dbus monitor: Ignored PropertiesChanged for interface: "org.bluez.Adapter1"
2030-01-02T11:59:07+00:00 machine gtk-status-bar[3517]: 2030-01-02T11:59:07.819192Z DEBUG gtk_status_bar::hypr: Window title changed address=0x585b3b6239b0 title="KeyboardFocusEvidence"
2030-01-02T11:59:07+00:00 machine gtk-status-bar[3517]: 2030-01-02T11:59:07.827449Z DEBUG gtk_status_bar::hypr: Refreshing current workspace clients reason="title-changed" workspace_id=2 client_count=9 active_address="0x585b3a14ab20"
2030-01-02T11:59:07+00:00 machine gtk-status-bar[3517]: 2030-01-02T11:59:07.827664Z DEBUG gtk_status_bar::widgets: Updating workspace client strip workspace_id=2 client_count=9
2030-01-02T11:59:07+00:00 machine gtk-status-bar[3517]: 2030-01-02T11:59:07.827987Z DEBUG gtk_status_bar::widgets: Updating client pill address=0x585b39ecc9e0 title="hello" compact_title="hello" class="kitty" active=false
2030-01-02T11:59:07+00:00 machine gtk-status-bar[3517]: 2030-01-02T11:59:07.828052Z DEBUG gtk_status_bar::widgets: Updating client pill address=0x585b3a13ac60 title="AAAAAAAAAAAAAAAAAAAAAAAAAAAAAAAAAAAAAAAAAAAAAAAAAAAAAAAAAAAAAAAA" compact_title="AAAAAAAAAAA…" class="kitty" active=false
2030-01-02T11:59:07+00:00 machine gtk-status-bar[3517]: 2030-01-02T11:59:07.828096Z DEBUG gtk_status_bar::widgets: Updating client pill address=0x585b39cdaf40 title="0123456789012345678901234567890…89012345678901234567890123456789" compact_title="01234567890…" class="kitty" active=false
2030-01-02T11:59:07+00:00 machine gtk-status-bar[3517]: 2030-01-02T11:59:07.828146Z DEBUG gtk_status_bar::widgets: Updating client pill address=0x585b3a0f2cb0 title="界🙂界🙂界🙂界🙂界🙂界🙂界🙂界🙂界🙂界🙂界🙂界🙂界🙂界🙂界🙂界…界🙂界🙂界🙂界🙂界🙂界🙂界🙂界🙂界🙂界🙂界🙂界🙂界🙂界🙂界🙂界🙂" compact_title="界🙂界🙂界🙂界🙂界🙂界…" class="kitty" active=false
2030-01-02T11:59:07+00:00 machine gtk-status-bar[3517]: 2030-01-02T11:59:07.828254Z DEBUG gtk_status_bar::widgets: Updating client pill address=0x585b3b18bd60 title="Focus Left" compact_title="Focus" class="kitty" active=false
2030-01-02T11:59:07+00:00 machine gtk-status-bar[3517]: 2030-01-02T11:59:07.828304Z DEBUG gtk_status_bar::widgets: Updating client pill address=0x585b3b294270 title="Focus Right" compact_title="Focus" class="kitty" active=false
2030-01-02T11:59:07+00:00 machine gtk-status-bar[3517]: 2030-01-02T11:59:07.828355Z DEBUG gtk_status_bar::widgets: Updating client pill address=0x585b3a118570 title="Close OS window" compact_title="Close" class="kitty" active=false
2030-01-02T11:59:07+00:00 machine gtk-status-bar[3517]: 2030-01-02T11:59:07.828403Z DEBUG gtk_status_bar::widgets: Updating client pill address=0x585b3b083b20 title="Renamed client" compact_title="Renamed" class="kitty" active=false
2030-01-02T11:59:07+00:00 machine gtk-status-bar[3517]: 2030-01-02T11:59:07.828443Z DEBUG gtk_status_bar::widgets: Updating client pill address=0x585b3a14ab20 title="Claude" compact_title="Claude" class="claude-desktop" active=true
2030-01-02T11:59:07+00:00 machine gtk-status-bar[3517]: 2030-01-02T11:59:07.872403Z DEBUG gtk_status_bar::hypr: Window opened window=WindowOpenEvent { window_address: Address("0x585b3b6239b0"), workspace_name: "i", window_class: "kitty", window_title: "KeyboardFocusEvidence" }
2030-01-02T11:59:07+00:00 machine gtk-status-bar[3517]: 2030-01-02T11:59:07.946014Z DEBUG gtk_status_bar::hypr: Refreshing current workspace clients reason="window-opened" workspace_id=2 client_count=10 active_address="0x585b3b6239b0"
2030-01-02T11:59:07+00:00 machine gtk-status-bar[3517]: 2030-01-02T11:59:07.946089Z DEBUG gtk_status_bar::hypr: Active window changed window=Some(WindowEventData { class: "kitty", title: "KeyboardFocusEvidence", address: Address("0x585b3b6239b0") })
2030-01-02T11:59:07+00:00 machine gtk-status-bar[3517]: 2030-01-02T11:59:07.948261Z DEBUG gtk_status_bar::widgets: Updating workspace client strip workspace_id=2 client_count=10
2030-01-02T11:59:07+00:00 machine gtk-status-bar[3517]: 2030-01-02T11:59:07.948542Z DEBUG gtk_status_bar::widgets: Updating client pill address=0x585b39ecc9e0 title="hello" compact_title="hello" class="kitty" active=false
2030-01-02T11:59:07+00:00 machine gtk-status-bar[3517]: 2030-01-02T11:59:07.948621Z DEBUG gtk_status_bar::widgets: Updating client pill address=0x585b3a13ac60 title="AAAAAAAAAAAAAAAAAAAAAAAAAAAAAAAAAAAAAAAAAAAAAAAAAAAAAAAAAAAAAAAA" compact_title="AAAAAAAAAAA…" class="kitty" active=false
2030-01-02T11:59:07+00:00 machine gtk-status-bar[3517]: 2030-01-02T11:59:07.948664Z DEBUG gtk_status_bar::widgets: Updating client pill address=0x585b39cdaf40 title="0123456789012345678901234567890…89012345678901234567890123456789" compact_title="01234567890…" class="kitty" active=false
2030-01-02T11:59:07+00:00 machine gtk-status-bar[3517]: 2030-01-02T11:59:07.948710Z DEBUG gtk_status_bar::widgets: Updating client pill address=0x585b3a0f2cb0 title="界🙂界🙂界🙂界🙂界🙂界🙂界🙂界🙂界🙂界🙂界🙂界🙂界🙂界🙂界🙂界…界🙂界🙂界🙂界🙂界🙂界🙂界🙂界🙂界🙂界🙂界🙂界🙂界🙂界🙂界🙂界🙂" compact_title="界🙂界🙂界🙂界🙂界🙂界…" class="kitty" active=false
2030-01-02T11:59:07+00:00 machine gtk-status-bar[3517]: 2030-01-02T11:59:07.948875Z DEBUG gtk_status_bar::widgets: Updating client pill address=0x585b3b18bd60 title="Focus Left" compact_title="Focus" class="kitty" active=false
2030-01-02T11:59:07+00:00 machine gtk-status-bar[3517]: 2030-01-02T11:59:07.948918Z DEBUG gtk_status_bar::widgets: Updating client pill address=0x585b3b294270 title="Focus Right" compact_title="Focus" class="kitty" active=false
2030-01-02T11:59:07+00:00 machine gtk-status-bar[3517]: 2030-01-02T11:59:07.948973Z DEBUG gtk_status_bar::widgets: Updating client pill address=0x585b3a118570 title="Close OS window" compact_title="Close" class="kitty" active=false
2030-01-02T11:59:07+00:00 machine gtk-status-bar[3517]: 2030-01-02T11:59:07.949020Z DEBUG gtk_status_bar::widgets: Updating client pill address=0x585b3b083b20 title="Renamed client" compact_title="Renamed" class="kitty" active=false
2030-01-02T11:59:07+00:00 machine gtk-status-bar[3517]: 2030-01-02T11:59:07.949076Z DEBUG gtk_status_bar::widgets: Updating client pill address=0x585b3a14ab20 title="Claude" compact_title="Claude" class="claude-desktop" active=false
2030-01-02T11:59:07+00:00 machine gtk-status-bar[3517]: 2030-01-02T11:59:07.949120Z DEBUG gtk_status_bar::widgets: Updating client pill address=0x585b3b6239b0 title="KeyboardFocusEvidence" compact_title="KeyboardFoc…" class="kitty" active=true
2030-01-02T11:59:07+00:00 machine gtk-status-bar[3517]: 2030-01-02T11:59:07.949142Z DEBUG gtk_status_bar::widgets: Creating client title pill
2030-01-02T11:59:08+00:00 machine gtk-status-bar[3517]: 2030-01-02T11:59:08.010717Z DEBUG gtk_status_bar::hypr: Refreshing current workspace clients reason="active-window-changed" workspace_id=2 client_count=10 active_address="0x585b3b6239b0"
2030-01-02T11:59:08+00:00 machine gtk-status-bar[3517]: 2030-01-02T11:59:08.019127Z DEBUG gtk_status_bar::widgets: Resolved title icon from desktop application metadata class="kitty"
2030-01-02T11:59:08+00:00 machine gtk-status-bar[3517]: 2030-01-02T11:59:08.019209Z DEBUG gtk_status_bar::widgets: Updating workspace client strip workspace_id=2 client_count=10
2030-01-02T11:59:08+00:00 machine gtk-status-bar[3517]: 2030-01-02T11:59:08.019373Z DEBUG gtk_status_bar::widgets: Updating client pill address=0x585b39ecc9e0 title="hello" compact_title="hello" class="kitty" active=false
2030-01-02T11:59:08+00:00 machine gtk-status-bar[3517]: 2030-01-02T11:59:08.019421Z DEBUG gtk_status_bar::widgets: Updating client pill address=0x585b3a13ac60 title="AAAAAAAAAAAAAAAAAAAAAAAAAAAAAAAAAAAAAAAAAAAAAAAAAAAAAAAAAAAAAAAA" compact_title="AAAAAAAAAAA…" class="kitty" active=false
2030-01-02T11:59:08+00:00 machine gtk-status-bar[3517]: 2030-01-02T11:59:08.019460Z DEBUG gtk_status_bar::widgets: Updating client pill address=0x585b39cdaf40 title="0123456789012345678901234567890…89012345678901234567890123456789" compact_title="01234567890…" class="kitty" active=false
2030-01-02T11:59:08+00:00 machine gtk-status-bar[3517]: 2030-01-02T11:59:08.019498Z DEBUG gtk_status_bar::widgets: Updating client pill address=0x585b3a0f2cb0 title="界🙂界🙂界🙂界🙂界🙂界🙂界🙂界🙂界🙂界🙂界🙂界🙂界🙂界🙂界🙂界…界🙂界🙂界🙂界🙂界🙂界🙂界🙂界🙂界🙂界🙂界🙂界🙂界🙂界🙂界🙂界🙂" compact_title="界🙂界🙂界🙂界🙂界🙂界…" class="kitty" active=false
2030-01-02T11:59:08+00:00 machine gtk-status-bar[3517]: 2030-01-02T11:59:08.019586Z DEBUG gtk_status_bar::widgets: Updating client pill address=0x585b3b18bd60 title="Focus Left" compact_title="Focus" class="kitty" active=false
2030-01-02T11:59:08+00:00 machine gtk-status-bar[3517]: 2030-01-02T11:59:08.019629Z DEBUG gtk_status_bar::widgets: Updating client pill address=0x585b3b294270 title="Focus Right" compact_title="Focus" class="kitty" active=false
2030-01-02T11:59:08+00:00 machine gtk-status-bar[3517]: 2030-01-02T11:59:08.019675Z DEBUG gtk_status_bar::widgets: Updating client pill address=0x585b3a118570 title="Close OS window" compact_title="Close" class="kitty" active=false
2030-01-02T11:59:08+00:00 machine gtk-status-bar[3517]: 2030-01-02T11:59:08.019714Z DEBUG gtk_status_bar::widgets: Updating client pill address=0x585b3b083b20 title="Renamed client" compact_title="Renamed" class="kitty" active=false
2030-01-02T11:59:08+00:00 machine gtk-status-bar[3517]: 2030-01-02T11:59:08.019808Z DEBUG gtk_status_bar::widgets: Updating client pill address=0x585b3a14ab20 title="Claude" compact_title="Claude" class="claude-desktop" active=false
2030-01-02T11:59:08+00:00 machine gtk-status-bar[3517]: 2030-01-02T11:59:08.019848Z DEBUG gtk_status_bar::widgets: Updating client pill address=0x585b3b6239b0 title="KeyboardFocusEvidence" compact_title="KeyboardFoc…" class="kitty" active=true
2030-01-02T11:59:08+00:00 machine gtk-status-bar[3517]: 2030-01-02T11:59:08.020133Z DEBUG gtk_status_bar::widgets: Updating time label: 11:59 AM
2030-01-02T11:59:08+00:00 machine gtk-status-bar[3517]: 2030-01-02T11:59:08.215273Z  INFO gtk_status_bar::network: Network reachability probe completed target=192.0.2.1 success=true elapsed_ms=15
2030-01-02T11:59:08+00:00 machine gtk-status-bar[3517]: 2030-01-02T11:59:08.215327Z DEBUG gtk_status_bar::network: Sent network update label="\u{f091f} 28% \u{f0ac}"
2030-01-02T11:59:08+00:00 machine gtk-status-bar[3517]: 2030-01-02T11:59:08.215491Z DEBUG gtk_status_bar::widgets: Updating network label: 󰤟 28% 
2030-01-02T11:59:09+00:00 machine gtk-status-bar[3517]: 2030-01-02T11:59:09.001075Z DEBUG gtk_status_bar::widgets: Updating time label: 11:59 AM
2030-01-02T11:59:09+00:00 machine gtk-status-bar[3517]: 2030-01-02T11:59:09.497199Z  INFO gtk_status_bar::network: Network reachability probe completed target=198.51.100.1 success=false elapsed_ms=13
2030-01-02T11:59:09+00:00 machine gtk-status-bar[3517]: 2030-01-02T11:59:09.497296Z DEBUG gtk_status_bar::network: Sent network update label="\u{f091f} 28% \u{f0ac}"
2030-01-02T11:59:09+00:00 machine gtk-status-bar[3517]: 2030-01-02T11:59:09.497448Z DEBUG gtk_status_bar::widgets: Updating network label: 󰤟 28% 
2030-01-02T11:59:10+00:00 machine gtk-status-bar[3517]: 2030-01-02T11:59:10.000997Z DEBUG gtk_status_bar::widgets: Updating time label: 11:59 AM
2030-01-02T11:59:10+00:00 machine gtk-status-bar[3517]: 2030-01-02T11:59:10.258796Z  INFO gtk_status_bar::widgets: Tray menu acquired exclusive keyboard focus request_id=11
2030-01-02T11:59:10+00:00 machine gtk-status-bar[3517]: 2030-01-02T11:59:10.258971Z DEBUG gtk_status_bar::tray: Tray backend received command item=":1.89/StatusNotifierItem" action=ContextMenu { request_id: 12, keyboard_grab: true } x=1322 y=11
2030-01-02T11:59:10+00:00 machine gtk-status-bar[3517]: 2030-01-02T11:59:10.261204Z DEBUG gtk_status_bar::tray: dbusmenu GetLayout reply decoded item=":1.89/StatusNotifierItem" fields=2
2030-01-02T11:59:10+00:00 machine gtk-status-bar[3517]: 2030-01-02T11:59:10.261248Z DEBUG gtk_status_bar::tray: dbusmenu layout parsed item=":1.89/StatusNotifierItem" count=5
2030-01-02T11:59:10+00:00 machine gtk-status-bar[3517]: 2030-01-02T11:59:10.292617Z DEBUG gtk_status_bar::widgets: Tray menu entry labels item=":1.89/StatusNotifierItem" labels=[Some("Keyboard - English (US)"), None, Some("Restart"), Some("Input Method Settings"), Some("Exit")]
2030-01-02T11:59:10+00:00 machine gtk-status-bar[3517]: 2030-01-02T11:59:10.293002Z DEBUG gtk_status_bar::widgets: Presenting tray menu item=":1.89/StatusNotifierItem" entries=5 keyboard_grab=true
2030-01-02T11:59:10+00:00 machine gtk-status-bar[3517]: 2030-01-02T11:59:10.415034Z DEBUG gtk_status_bar::widgets: Tray dropdown opened at level 0 item=":1.89/StatusNotifierItem"
2030-01-02T11:59:10+00:00 machine gtk-status-bar[3517]: 2030-01-02T11:59:10.665330Z  INFO gtk_status_bar::network: Network reachability probe completed target=192.0.2.1 success=true elapsed_ms=16
2030-01-02T11:59:10+00:00 machine gtk-status-bar[3517]: 2030-01-02T11:59:10.665379Z DEBUG gtk_status_bar::network: Sent network update label="\u{f091f} 28% \u{f0ac}"
2030-01-02T11:59:10+00:00 machine gtk-status-bar[3517]: 2030-01-02T11:59:10.670137Z DEBUG gtk_status_bar::widgets: Updating network label: 󰤟 28% 
2030-01-02T11:59:11+00:00 machine gtk-status-bar[3517]: 2030-01-02T11:59:11.004046Z DEBUG gtk_status_bar::widgets: Updating time label: 11:59 AM
2030-01-02T11:59:12+00:00 machine gtk-status-bar[3517]: 2030-01-02T11:59:12.003306Z DEBUG gtk_status_bar::widgets: Updating time label: 11:59 AM
2030-01-02T11:59:12+00:00 machine gtk-status-bar[3517]: 2030-01-02T11:59:12.444406Z  INFO gtk_status_bar::network: Network reachability probe completed target=192.0.2.1 success=true elapsed_ms=20
2030-01-02T11:59:12+00:00 machine gtk-status-bar[3517]: 2030-01-02T11:59:12.444453Z DEBUG gtk_status_bar::network: Sent network update label="\u{f091f} 28% \u{f0ac}"
2030-01-02T11:59:12+00:00 machine gtk-status-bar[3517]: 2030-01-02T11:59:12.444614Z DEBUG gtk_status_bar::widgets: Updating network label: 󰤟 28% 
2030-01-02T11:59:13+00:00 machine gtk-status-bar[3517]: 2030-01-02T11:59:13.001253Z DEBUG gtk_status_bar::widgets: Updating time label: 11:59 AM
2030-01-02T11:59:13+00:00 machine gtk-status-bar[3517]: 2030-01-02T11:59:13.106198Z DEBUG gtk_status_bar::widgets: Tray nav key item=":1.89/StatusNotifierItem" cmd=Right
2030-01-02T11:59:13+00:00 machine gtk-status-bar[3517]: 2030-01-02T11:59:13.107143Z DEBUG gtk_status_bar::tray: Tray backend received command item=":1.92/StatusNotifierItem" action=ContextMenu { request_id: 13, keyboard_grab: true } x=1347 y=11
2030-01-02T11:59:13+00:00 machine gtk-status-bar[3517]: 2030-01-02T11:59:13.112649Z DEBUG gtk_status_bar::tray: dbusmenu GetLayout reply decoded item=":1.92/StatusNotifierItem" fields=2
2030-01-02T11:59:13+00:00 machine gtk-status-bar[3517]: 2030-01-02T11:59:13.112684Z DEBUG gtk_status_bar::tray: dbusmenu layout parsed item=":1.92/StatusNotifierItem" count=1
2030-01-02T11:59:13+00:00 machine gtk-status-bar[3517]: 2030-01-02T11:59:13.113196Z DEBUG gtk_status_bar::widgets: Tray menu entry labels item=":1.92/StatusNotifierItem" labels=[Some("Open app")]
2030-01-02T11:59:13+00:00 machine gtk-status-bar[3517]: 2030-01-02T11:59:13.113394Z DEBUG gtk_status_bar::widgets: Presenting tray menu item=":1.92/StatusNotifierItem" entries=1 keyboard_grab=true
2030-01-02T11:59:13+00:00 machine gtk-status-bar[3517]: 2030-01-02T11:59:13.216978Z DEBUG gtk_status_bar::widgets: Tray dropdown opened at level 0 item=":1.92/StatusNotifierItem"
2030-01-02T11:59:14+00:00 machine gtk-status-bar[3517]: 2030-01-02T11:59:14.000580Z DEBUG gtk_status_bar::widgets: Updating time label: 11:59 AM
2030-01-02T11:59:14+00:00 machine gtk-status-bar[3517]: 2030-01-02T11:59:14.051178Z  INFO gtk_status_bar::network: Network reachability probe completed target=198.51.100.1 success=false elapsed_ms=17
2030-01-02T11:59:14+00:00 machine gtk-status-bar[3517]: 2030-01-02T11:59:14.051222Z DEBUG gtk_status_bar::network: Sent network update label="\u{f091f} 28% \u{f0ac}"
2030-01-02T11:59:14+00:00 machine gtk-status-bar[3517]: 2030-01-02T11:59:14.056840Z DEBUG gtk_status_bar::widgets: Updating network label: 󰤟 28% 
2030-01-02T11:59:14+00:00 machine gtk-status-bar[3517]: 2030-01-02T11:59:14.793168Z DEBUG gtk_status_bar::widgets: Tray nav key item=":1.92/StatusNotifierItem" cmd=Left
2030-01-02T11:59:14+00:00 machine gtk-status-bar[3517]: 2030-01-02T11:59:14.794590Z DEBUG gtk_status_bar::tray: Tray backend received command item=":1.89/StatusNotifierItem" action=ContextMenu { request_id: 14, keyboard_grab: true } x=1322 y=11
2030-01-02T11:59:14+00:00 machine gtk-status-bar[3517]: 2030-01-02T11:59:14.795969Z DEBUG gtk_status_bar::tray: dbusmenu GetLayout reply decoded item=":1.89/StatusNotifierItem" fields=2
2030-01-02T11:59:14+00:00 machine gtk-status-bar[3517]: 2030-01-02T11:59:14.796000Z DEBUG gtk_status_bar::tray: dbusmenu layout parsed item=":1.89/StatusNotifierItem" count=5
2030-01-02T11:59:14+00:00 machine gtk-status-bar[3517]: 2030-01-02T11:59:14.796362Z DEBUG gtk_status_bar::widgets: Tray menu entry labels item=":1.89/StatusNotifierItem" labels=[Some("Keyboard - English (US)"), None, Some("Restart"), Some("Input Method Settings"), Some("Exit")]
2030-01-02T11:59:14+00:00 machine gtk-status-bar[3517]: 2030-01-02T11:59:14.796640Z DEBUG gtk_status_bar::widgets: Presenting tray menu item=":1.89/StatusNotifierItem" entries=5 keyboard_grab=true
2030-01-02T11:59:14+00:00 machine gtk-status-bar[3517]: 2030-01-02T11:59:14.914856Z DEBUG gtk_status_bar::widgets: Tray dropdown opened at level 0 item=":1.89/StatusNotifierItem"
2030-01-02T11:59:15+00:00 machine gtk-status-bar[3517]: 2030-01-02T11:59:15.001029Z DEBUG gtk_status_bar::widgets: Updating time label: 11:59 AM
2030-01-02T11:59:15+00:00 machine gtk-status-bar[3517]: 2030-01-02T11:59:15.539552Z  INFO gtk_status_bar::network: Network reachability probe completed target=192.0.2.1 success=true elapsed_ms=21
2030-01-02T11:59:15+00:00 machine gtk-status-bar[3517]: 2030-01-02T11:59:15.539602Z DEBUG gtk_status_bar::network: Sent network update label="\u{f091f} 28% \u{f0ac}"
2030-01-02T11:59:15+00:00 machine gtk-status-bar[3517]: 2030-01-02T11:59:15.555199Z DEBUG gtk_status_bar::widgets: Updating network label: 󰤟 28% 
2030-01-02T11:59:16+00:00 machine gtk-status-bar[3517]: 2030-01-02T11:59:16.001401Z DEBUG gtk_status_bar::widgets: Updating time label: 11:59 AM
2030-01-02T11:59:16+00:00 machine gtk-status-bar[3517]: 2030-01-02T11:59:16.476219Z DEBUG gtk_status_bar::widgets: Tray nav key item=":1.89/StatusNotifierItem" cmd=Right
2030-01-02T11:59:16+00:00 machine gtk-status-bar[3517]: 2030-01-02T11:59:16.477254Z DEBUG gtk_status_bar::tray: Tray backend received command item=":1.92/StatusNotifierItem" action=ContextMenu { request_id: 15, keyboard_grab: true } x=1347 y=11
2030-01-02T11:59:16+00:00 machine gtk-status-bar[3517]: 2030-01-02T11:59:16.481572Z DEBUG gtk_status_bar::tray: dbusmenu GetLayout reply decoded item=":1.92/StatusNotifierItem" fields=2
2030-01-02T11:59:16+00:00 machine gtk-status-bar[3517]: 2030-01-02T11:59:16.481607Z DEBUG gtk_status_bar::tray: dbusmenu layout parsed item=":1.92/StatusNotifierItem" count=1
2030-01-02T11:59:16+00:00 machine gtk-status-bar[3517]: 2030-01-02T11:59:16.484403Z DEBUG gtk_status_bar::widgets: Tray menu entry labels item=":1.92/StatusNotifierItem" labels=[Some("Open app")]
2030-01-02T11:59:16+00:00 machine gtk-status-bar[3517]: 2030-01-02T11:59:16.484588Z DEBUG gtk_status_bar::widgets: Presenting tray menu item=":1.92/StatusNotifierItem" entries=1 keyboard_grab=true
2030-01-02T11:59:16+00:00 machine gtk-status-bar[3517]: 2030-01-02T11:59:16.589442Z DEBUG gtk_status_bar::widgets: Tray dropdown opened at level 0 item=":1.92/StatusNotifierItem"
2030-01-02T11:59:16+00:00 machine gtk-status-bar[3517]: 2030-01-02T11:59:16.908113Z  INFO gtk_status_bar::network: Network reachability probe completed target=198.51.100.1 success=false elapsed_ms=22
2030-01-02T11:59:16+00:00 machine gtk-status-bar[3517]: 2030-01-02T11:59:16.909851Z DEBUG gtk_status_bar::network: Sent network update label="\u{f091f} 28% \u{f0ac}"
2030-01-02T11:59:16+00:00 machine gtk-status-bar[3517]: 2030-01-02T11:59:16.909980Z DEBUG gtk_status_bar::widgets: Updating network label: 󰤟 28% 
2030-01-02T11:59:17+00:00 machine gtk-status-bar[3517]: 2030-01-02T11:59:17.000709Z DEBUG gtk_status_bar::widgets: Updating time label: 11:59 AM
2030-01-02T11:59:17+00:00 machine gtk-status-bar[3517]: 2030-01-02T11:59:17.525983Z DEBUG gtk_status_bar::widgets: Tray nav key item=":1.92/StatusNotifierItem" cmd=Left
2030-01-02T11:59:17+00:00 machine gtk-status-bar[3517]: 2030-01-02T11:59:17.528919Z DEBUG gtk_status_bar::tray: Tray backend received command item=":1.89/StatusNotifierItem" action=ContextMenu { request_id: 16, keyboard_grab: true } x=1322 y=11
2030-01-02T11:59:17+00:00 machine gtk-status-bar[3517]: 2030-01-02T11:59:17.531090Z DEBUG gtk_status_bar::tray: dbusmenu GetLayout reply decoded item=":1.89/StatusNotifierItem" fields=2
2030-01-02T11:59:17+00:00 machine gtk-status-bar[3517]: 2030-01-02T11:59:17.531136Z DEBUG gtk_status_bar::tray: dbusmenu layout parsed item=":1.89/StatusNotifierItem" count=5
2030-01-02T11:59:17+00:00 machine gtk-status-bar[3517]: 2030-01-02T11:59:17.531702Z DEBUG gtk_status_bar::widgets: Tray menu entry labels item=":1.89/StatusNotifierItem" labels=[Some("Keyboard - English (US)"), None, Some("Restart"), Some("Input Method Settings"), Some("Exit")]
2030-01-02T11:59:17+00:00 machine gtk-status-bar[3517]: 2030-01-02T11:59:17.532330Z DEBUG gtk_status_bar::widgets: Presenting tray menu item=":1.89/StatusNotifierItem" entries=5 keyboard_grab=true
2030-01-02T11:59:17+00:00 machine gtk-status-bar[3517]: 2030-01-02T11:59:17.650045Z DEBUG gtk_status_bar::widgets: Tray dropdown opened at level 0 item=":1.89/StatusNotifierItem"
2030-01-02T11:59:18+00:00 machine gtk-status-bar[3517]: 2030-01-02T11:59:18.001115Z DEBUG gtk_status_bar::widgets: Updating time label: 11:59 AM
2030-01-02T11:59:18+00:00 machine gtk-status-bar[3517]: 2030-01-02T11:59:18.671035Z  INFO gtk_status_bar::network: Network reachability probe completed target=192.0.2.1 success=true elapsed_ms=17
2030-01-02T11:59:18+00:00 machine gtk-status-bar[3517]: 2030-01-02T11:59:18.671086Z DEBUG gtk_status_bar::network: Sent network update label="\u{f091f} 28% \u{f0ac}"
2030-01-02T11:59:18+00:00 machine gtk-status-bar[3517]: 2030-01-02T11:59:18.671964Z DEBUG gtk_status_bar::widgets: Updating network label: 󰤟 28% 
2030-01-02T11:59:19+00:00 machine gtk-status-bar[3517]: 2030-01-02T11:59:19.001362Z DEBUG gtk_status_bar::widgets: Updating time label: 11:59 AM
2030-01-02T11:59:19+00:00 machine gtk-status-bar[3517]: 2030-01-02T11:59:19.091846Z DEBUG gtk_status_bar::widgets: Tray nav key item=":1.89/StatusNotifierItem" cmd=Last
2030-01-02T11:59:19+00:00 machine gtk-status-bar[3517]: 2030-01-02T11:59:19.092494Z DEBUG gtk_status_bar::tray: Tray backend received command item=":1.98/StatusNotifierItem" action=ContextMenu { request_id: 17, keyboard_grab: true } x=1397 y=11
2030-01-02T11:59:19+00:00 machine gtk-status-bar[3517]: 2030-01-02T11:59:19.095747Z DEBUG gtk_status_bar::tray: dbusmenu GetLayout reply decoded item=":1.98/StatusNotifierItem" fields=2
2030-01-02T11:59:19+00:00 machine gtk-status-bar[3517]: 2030-01-02T11:59:19.096982Z DEBUG gtk_status_bar::tray: dbusmenu layout parsed item=":1.98/StatusNotifierItem" count=4
2030-01-02T11:59:19+00:00 machine gtk-status-bar[3517]: 2030-01-02T11:59:19.097288Z DEBUG gtk_status_bar::widgets: Tray menu entry labels item=":1.98/StatusNotifierItem" labels=[Some("Show App"), Some("Open Quick Entry"), None, Some("Quit")]
2030-01-02T11:59:19+00:00 machine gtk-status-bar[3517]: 2030-01-02T11:59:19.097478Z DEBUG gtk_status_bar::widgets: Presenting tray menu item=":1.98/StatusNotifierItem" entries=4 keyboard_grab=true
2030-01-02T11:59:19+00:00 machine gtk-status-bar[3517]: 2030-01-02T11:59:19.208413Z DEBUG gtk_status_bar::widgets: Tray dropdown opened at level 0 item=":1.98/StatusNotifierItem"
2030-01-02T11:59:19+00:00 machine gtk-status-bar[3517]: 2030-01-02T11:59:19.404469Z  INFO gtk_status_bar::network: Network reachability probe completed target=198.51.100.1 success=false elapsed_ms=15
2030-01-02T11:59:19+00:00 machine gtk-status-bar[3517]: 2030-01-02T11:59:19.404536Z DEBUG gtk_status_bar::network: Sent network update label="\u{f091f} 28% \u{f0ac}"
2030-01-02T11:59:19+00:00 machine gtk-status-bar[3517]: 2030-01-02T11:59:19.404698Z DEBUG gtk_status_bar::widgets: Updating network label: 󰤟 28% 
2030-01-02T11:59:20+00:00 machine gtk-status-bar[3517]: 2030-01-02T11:59:20.000677Z DEBUG gtk_status_bar::widgets: Updating time label: 11:59 AM
2030-01-02T11:59:20+00:00 machine gtk-status-bar[3517]: 2030-01-02T11:59:20.194947Z  INFO gtk_status_bar::network: Network reachability probe completed target=192.0.2.1 success=true elapsed_ms=33
2030-01-02T11:59:20+00:00 machine gtk-status-bar[3517]: 2030-01-02T11:59:20.194997Z DEBUG gtk_status_bar::network: Sent network update label="\u{f091f} 28% \u{f0ac}"
2030-01-02T11:59:20+00:00 machine gtk-status-bar[3517]: 2030-01-02T11:59:20.195135Z DEBUG gtk_status_bar::widgets: Updating network label: 󰤟 28% 
2030-01-02T11:59:20+00:00 machine gtk-status-bar[3517]: 2030-01-02T11:59:20.756891Z DEBUG gtk_status_bar::tray: Tray backend received command item=":1.89/StatusNotifierItem" action=ContextMenu { request_id: 18, keyboard_grab: true } x=1322 y=11
2030-01-02T11:59:20+00:00 machine gtk-status-bar[3517]: 2030-01-02T11:59:20.759025Z DEBUG gtk_status_bar::tray: dbusmenu GetLayout reply decoded item=":1.89/StatusNotifierItem" fields=2
2030-01-02T11:59:20+00:00 machine gtk-status-bar[3517]: 2030-01-02T11:59:20.761065Z DEBUG gtk_status_bar::tray: dbusmenu layout parsed item=":1.89/StatusNotifierItem" count=5
2030-01-02T11:59:20+00:00 machine gtk-status-bar[3517]: 2030-01-02T11:59:20.782604Z DEBUG gtk_status_bar::widgets: Tray menu entry labels item=":1.89/StatusNotifierItem" labels=[Some("Keyboard - English (US)"), None, Some("Restart"), Some("Input Method Settings"), Some("Exit")]
2030-01-02T11:59:20+00:00 machine gtk-status-bar[3517]: 2030-01-02T11:59:20.790534Z DEBUG gtk_status_bar::widgets: Presenting tray menu item=":1.89/StatusNotifierItem" entries=5 keyboard_grab=true
2030-01-02T11:59:20+00:00 machine gtk-status-bar[3517]: 2030-01-02T11:59:20.898459Z DEBUG gtk_status_bar::widgets: Tray dropdown opened at level 0 item=":1.89/StatusNotifierItem"
2030-01-02T11:59:21+00:00 machine gtk-status-bar[3517]: 2030-01-02T11:59:21.001039Z DEBUG gtk_status_bar::widgets: Updating time label: 11:59 AM
2030-01-02T11:59:21+00:00 machine gtk-status-bar[3517]: 2030-01-02T11:59:21.367612Z  INFO gtk_status_bar::network: Network reachability probe completed target=198.51.100.1 success=false elapsed_ms=14
2030-01-02T11:59:21+00:00 machine gtk-status-bar[3517]: 2030-01-02T11:59:21.369096Z DEBUG gtk_status_bar::network: Sent network update label="\u{f091f} 28% \u{f0ac}"
2030-01-02T11:59:21+00:00 machine gtk-status-bar[3517]: 2030-01-02T11:59:21.369295Z DEBUG gtk_status_bar::widgets: Updating network label: 󰤟 28% 
2030-01-02T11:59:22+00:00 machine gtk-status-bar[3517]: 2030-01-02T11:59:22.002114Z DEBUG gtk_status_bar::widgets: Updating time label: 11:59 AM
2030-01-02T11:59:22+00:00 machine gtk-status-bar[3517]: 2030-01-02T11:59:22.644180Z DEBUG gtk_status_bar::tray: Tray backend received command item=":1.89/StatusNotifierItem" action=ContextMenu { request_id: 19, keyboard_grab: true } x=1322 y=11
2030-01-02T11:59:22+00:00 machine gtk-status-bar[3517]: 2030-01-02T11:59:22.658291Z  INFO gtk_status_bar::network: Network reachability probe completed target=198.51.100.1 success=false elapsed_ms=27
2030-01-02T11:59:22+00:00 machine gtk-status-bar[3517]: 2030-01-02T11:59:22.658339Z DEBUG gtk_status_bar::network: Sent network update label="\u{f091f} 28% \u{f0ac}"
2030-01-02T11:59:22+00:00 machine gtk-status-bar[3517]: 2030-01-02T11:59:22.658817Z DEBUG gtk_status_bar::widgets: Updating network label: 󰤟 28% 
2030-01-02T11:59:22+00:00 machine gtk-status-bar[3517]: 2030-01-02T11:59:22.654889Z DEBUG gtk_status_bar::tray: dbusmenu GetLayout reply decoded item=":1.89/StatusNotifierItem" fields=2
2030-01-02T11:59:22+00:00 machine gtk-status-bar[3517]: 2030-01-02T11:59:22.659847Z DEBUG gtk_status_bar::tray: dbusmenu layout parsed item=":1.89/StatusNotifierItem" count=5
2030-01-02T11:59:22+00:00 machine gtk-status-bar[3517]: 2030-01-02T11:59:22.661122Z DEBUG gtk_status_bar::widgets: Tray menu entry labels item=":1.89/StatusNotifierItem" labels=[Some("Keyboard - English (US)"), None, Some("Restart"), Some("Input Method Settings"), Some("Exit")]
2030-01-02T11:59:22+00:00 machine gtk-status-bar[3517]: 2030-01-02T11:59:22.661394Z DEBUG gtk_status_bar::widgets: Presenting tray menu item=":1.89/StatusNotifierItem" entries=5 keyboard_grab=true
2030-01-02T11:59:22+00:00 machine gtk-status-bar[3517]: 2030-01-02T11:59:22.775476Z DEBUG gtk_status_bar::widgets: Tray dropdown opened at level 0 item=":1.89/StatusNotifierItem"
2030-01-02T11:59:22+00:00 machine gtk-status-bar[3517]: 2030-01-02T11:59:22.873994Z DEBUG gtk_status_bar::widgets: Tray nav key item=":1.89/StatusNotifierItem" cmd=Down
2030-01-02T11:59:23+00:00 machine gtk-status-bar[3517]: 2030-01-02T11:59:23.005025Z DEBUG gtk_status_bar::widgets: Updating time label: 11:59 AM
2030-01-02T11:59:23+00:00 machine gtk-status-bar[3517]: 2030-01-02T11:59:23.358442Z  INFO gtk_status_bar::network: Network reachability probe completed target=192.0.2.1 success=true elapsed_ms=20
2030-01-02T11:59:23+00:00 machine gtk-status-bar[3517]: 2030-01-02T11:59:23.358492Z DEBUG gtk_status_bar::network: Sent network update label="\u{f091f} 28% \u{f0ac}"
2030-01-02T11:59:23+00:00 machine gtk-status-bar[3517]: 2030-01-02T11:59:23.358679Z DEBUG gtk_status_bar::widgets: Updating network label: 󰤟 28% 
2030-01-02T11:59:23+00:00 machine gtk-status-bar[3517]: 2030-01-02T11:59:23.825475Z  INFO gtk_status_bar::network: Network reachability probe completed target=198.51.100.1 success=false elapsed_ms=18
2030-01-02T11:59:23+00:00 machine gtk-status-bar[3517]: 2030-01-02T11:59:23.825518Z DEBUG gtk_status_bar::network: Sent network update label="\u{f091f} 28% \u{f0ac}"
2030-01-02T11:59:23+00:00 machine gtk-status-bar[3517]: 2030-01-02T11:59:23.825702Z DEBUG gtk_status_bar::widgets: Updating network label: 󰤟 28% 
2030-01-02T11:59:24+00:00 machine gtk-status-bar[3517]: 2030-01-02T11:59:24.001370Z DEBUG gtk_status_bar::widgets: Updating time label: 11:59 AM
2030-01-02T11:59:24+00:00 machine gtk-status-bar[3517]: 2030-01-02T11:59:24.572532Z DEBUG gtk_status_bar::widgets: Tray nav key item=":1.89/StatusNotifierItem" cmd=Up
2030-01-02T11:59:24+00:00 machine gtk-status-bar[3517]: 2030-01-02T11:59:24.710514Z  INFO gtk_status_bar::network: Network reachability probe completed target=192.0.2.1 success=true elapsed_ms=17
2030-01-02T11:59:24+00:00 machine gtk-status-bar[3517]: 2030-01-02T11:59:24.710575Z DEBUG gtk_status_bar::network: Sent network update label="\u{f091f} 28% \u{f0ac}"
2030-01-02T11:59:24+00:00 machine gtk-status-bar[3517]: 2030-01-02T11:59:24.710909Z DEBUG gtk_status_bar::widgets: Updating network label: 󰤟 28% 
2030-01-02T11:59:25+00:00 machine gtk-status-bar[3517]: 2030-01-02T11:59:25.000800Z DEBUG gtk_status_bar::widgets: Updating time label: 11:59 AM
2030-01-02T11:59:25+00:00 machine gtk-status-bar[3517]: 2030-01-02T11:59:25.245309Z  INFO gtk_status_bar::network: Network reachability probe completed target=198.51.100.1 success=false elapsed_ms=19
2030-01-02T11:59:25+00:00 machine gtk-status-bar[3517]: 2030-01-02T11:59:25.251446Z DEBUG gtk_status_bar::network: Sent network update label="\u{f091f} 28% \u{f0ac}"
2030-01-02T11:59:25+00:00 machine gtk-status-bar[3517]: 2030-01-02T11:59:25.251990Z DEBUG gtk_status_bar::widgets: Updating network label: 󰤟 28% 
2030-01-02T11:59:26+00:00 machine gtk-status-bar[3517]: 2030-01-02T11:59:26.002874Z DEBUG gtk_status_bar::widgets: Updating time label: 11:59 AM
2030-01-02T11:59:26+00:00 machine gtk-status-bar[3517]: 2030-01-02T11:59:26.473362Z  INFO gtk_status_bar::network: Network reachability probe completed target=192.0.2.1 success=true elapsed_ms=23
2030-01-02T11:59:26+00:00 machine gtk-status-bar[3517]: 2030-01-02T11:59:26.475166Z DEBUG gtk_status_bar::network: Sent network update label="\u{f091f} 28% \u{f0ac}"
2030-01-02T11:59:26+00:00 machine gtk-status-bar[3517]: 2030-01-02T11:59:26.475368Z DEBUG gtk_status_bar::widgets: Updating network label: 󰤟 28% 
2030-01-02T11:59:27+00:00 machine gtk-status-bar[3517]: 2030-01-02T11:59:27.001218Z DEBUG gtk_status_bar::widgets: Updating time label: 11:59 AM
2030-01-02T11:59:27+00:00 machine gtk-status-bar[3517]: 2030-01-02T11:59:27.282678Z  INFO gtk_status_bar::network: Network reachability probe completed target=198.51.100.1 success=false elapsed_ms=22
2030-01-02T11:59:27+00:00 machine gtk-status-bar[3517]: 2030-01-02T11:59:27.292250Z DEBUG gtk_status_bar::network: Sent network update label="\u{f091f} 28% \u{f0ac}"
2030-01-02T11:59:27+00:00 machine gtk-status-bar[3517]: 2030-01-02T11:59:27.292517Z DEBUG gtk_status_bar::widgets: Updating network label: 󰤟 28% 
2030-01-02T11:59:27+00:00 machine gtk-status-bar[3517]: 2030-01-02T11:59:27.926266Z DEBUG gtk_status_bar::widgets: Tray nav key item=":1.89/StatusNotifierItem" cmd=Last
2030-01-02T11:59:28+00:00 machine gtk-status-bar[3517]: 2030-01-02T11:59:28.000619Z DEBUG gtk_status_bar::widgets: Updating time label: 11:59 AM
2030-01-02T11:59:29+00:00 machine gtk-status-bar[3517]: 2030-01-02T11:59:29.003036Z DEBUG gtk_status_bar::widgets: Updating time label: 11:59 AM
2030-01-02T11:59:29+00:00 machine gtk-status-bar[3517]: 2030-01-02T11:59:29.188696Z  INFO gtk_status_bar::network: Network reachability probe completed target=192.0.2.1 success=true elapsed_ms=17
2030-01-02T11:59:29+00:00 machine gtk-status-bar[3517]: 2030-01-02T11:59:29.190075Z DEBUG gtk_status_bar::network: Sent network update label="\u{f091f} 28% \u{f0ac}"
2030-01-02T11:59:29+00:00 machine gtk-status-bar[3517]: 2030-01-02T11:59:29.190558Z DEBUG gtk_status_bar::widgets: Updating network label: 󰤟 28% 
2030-01-02T11:59:29+00:00 machine gtk-status-bar[3517]: 2030-01-02T11:59:29.645740Z DEBUG gtk_status_bar::widgets: Tray nav key item=":1.89/StatusNotifierItem" cmd=Escape
2030-01-02T11:59:30+00:00 machine gtk-status-bar[3517]: 2030-01-02T11:59:30.001375Z DEBUG gtk_status_bar::widgets: Updating time label: 11:59 AM
2030-01-02T11:59:30+00:00 machine gtk-status-bar[3517]: 2030-01-02T11:59:30.795247Z  INFO gtk_status_bar::network: Network reachability probe completed target=198.51.100.1 success=false elapsed_ms=28
2030-01-02T11:59:30+00:00 machine gtk-status-bar[3517]: 2030-01-02T11:59:30.795886Z DEBUG gtk_status_bar::network: Sent network update label="\u{f091f} 28% \u{f0ac}"
2030-01-02T11:59:30+00:00 machine gtk-status-bar[3517]: 2030-01-02T11:59:30.796144Z DEBUG gtk_status_bar::widgets: Updating network label: 󰤟 28% 
2030-01-02T11:59:30+00:00 machine gtk-status-bar[3517]: 2030-01-02T11:59:30.999237Z  INFO gtk_status_bar::network: Network reachability probe completed target=192.0.2.1 success=true elapsed_ms=26
2030-01-02T11:59:31+00:00 machine gtk-status-bar[3517]: 2030-01-02T11:59:31.000804Z DEBUG gtk_status_bar::network: Sent network update label="\u{f091f} 28% \u{f0ac}"
2030-01-02T11:59:31+00:00 machine gtk-status-bar[3517]: 2030-01-02T11:59:31.006995Z DEBUG gtk_status_bar::widgets: Updating network label: 󰤟 28% 
2030-01-02T11:59:31+00:00 machine gtk-status-bar[3517]: 2030-01-02T11:59:31.009249Z DEBUG gtk_status_bar::widgets: Updating time label: 11:59 AM
2030-01-02T11:59:31+00:00 machine gtk-status-bar[3517]: 2030-01-02T11:59:31.357712Z  INFO gtk_status_bar::network: Network reachability probe completed target=192.0.2.1 success=true elapsed_ms=19
2030-01-02T11:59:31+00:00 machine gtk-status-bar[3517]: 2030-01-02T11:59:31.358040Z DEBUG gtk_status_bar::network: Sent network update label="\u{f091f} 28% \u{f0ac}"
2030-01-02T11:59:31+00:00 machine gtk-status-bar[3517]: 2030-01-02T11:59:31.361915Z DEBUG gtk_status_bar::widgets: Updating network label: 󰤟 28% 
2030-01-02T11:59:31+00:00 machine gtk-status-bar[3517]: 2030-01-02T11:59:31.391864Z DEBUG gtk_status_bar::widgets: Tray nav key item=":1.89/StatusNotifierItem" cmd=Escape
2030-01-02T11:59:31+00:00 machine gtk-status-bar[3517]: 2030-01-02T11:59:31.392721Z  INFO gtk_status_bar::widgets: Tray menu released keyboard focus request_id=11
2030-01-02T11:59:31+00:00 machine gtk-status-bar[3517]: 2030-01-02T11:59:31.392895Z DEBUG gtk_status_bar::widgets: Tray keyboard navigation ended
2030-01-02T11:59:31+00:00 machine gtk-status-bar[3517]: 2030-01-02T11:59:31.858939Z  INFO gtk_status_bar::network: Network reachability probe completed target=198.51.100.1 success=false elapsed_ms=12
2030-01-02T11:59:31+00:00 machine gtk-status-bar[3517]: 2030-01-02T11:59:31.858982Z DEBUG gtk_status_bar::network: Sent network update label="\u{f091f} 28% \u{f0ac}"
2030-01-02T11:59:31+00:00 machine gtk-status-bar[3517]: 2030-01-02T11:59:31.859217Z DEBUG gtk_status_bar::widgets: Updating network label: 󰤟 28% 
2030-01-02T11:59:31+00:00 machine gtk-status-bar[3517]: 2030-01-02T11:59:31.942097Z  INFO gtk_status_bar::network: Network reachability probe completed target=192.0.2.1 success=true elapsed_ms=10
2030-01-02T11:59:31+00:00 machine gtk-status-bar[3517]: 2030-01-02T11:59:31.942163Z DEBUG gtk_status_bar::network: Sent network update label="\u{f091f} 28% \u{f0ac}"
2030-01-02T11:59:31+00:00 machine gtk-status-bar[3517]: 2030-01-02T11:59:31.942357Z DEBUG gtk_status_bar::widgets: Updating network label: 󰤟 28% 
2030-01-02T11:59:32+00:00 machine gtk-status-bar[3517]: 2030-01-02T11:59:32.000638Z DEBUG gtk_status_bar::widgets: Updating time label: 11:59 AM
2030-01-02T11:59:32+00:00 machine gtk-status-bar[3517]: 2030-01-02T11:59:32.679938Z  INFO gtk_status_bar::network: Network reachability probe completed target=198.51.100.1 success=false elapsed_ms=11
2030-01-02T11:59:32+00:00 machine gtk-status-bar[3517]: 2030-01-02T11:59:32.679993Z DEBUG gtk_status_bar::network: Sent network update label="\u{f091f} 28% \u{f0ac}"
2030-01-02T11:59:32+00:00 machine gtk-status-bar[3517]: 2030-01-02T11:59:32.680256Z DEBUG gtk_status_bar::widgets: Updating network label: 󰤟 28% 
2030-01-02T11:59:33+00:00 machine gtk-status-bar[3517]: 2030-01-02T11:59:33.001314Z DEBUG gtk_status_bar::widgets: Updating time label: 11:59 AM
2030-01-02T11:59:33+00:00 machine gtk-status-bar[3517]: 2030-01-02T11:59:33.363933Z  INFO gtk_status_bar::widgets: Tray menu acquired exclusive keyboard focus request_id=21
2030-01-02T11:59:33+00:00 machine gtk-status-bar[3517]: 2030-01-02T11:59:33.365303Z DEBUG gtk_status_bar::tray: Tray backend received command item=":1.89/StatusNotifierItem" action=ContextMenu { request_id: 22, keyboard_grab: true } x=1322 y=11
2030-01-02T11:59:33+00:00 machine gtk-status-bar[3517]: 2030-01-02T11:59:33.366207Z DEBUG gtk_status_bar::tray: dbusmenu GetLayout reply decoded item=":1.89/StatusNotifierItem" fields=2
2030-01-02T11:59:33+00:00 machine gtk-status-bar[3517]: 2030-01-02T11:59:33.366240Z DEBUG gtk_status_bar::tray: dbusmenu layout parsed item=":1.89/StatusNotifierItem" count=5
2030-01-02T11:59:33+00:00 machine gtk-status-bar[3517]: 2030-01-02T11:59:33.367109Z DEBUG gtk_status_bar::widgets: Tray menu entry labels item=":1.89/StatusNotifierItem" labels=[Some("Keyboard - English (US)"), None, Some("Restart"), Some("Input Method Settings"), Some("Exit")]
2030-01-02T11:59:33+00:00 machine gtk-status-bar[3517]: 2030-01-02T11:59:33.367397Z DEBUG gtk_status_bar::widgets: Presenting tray menu item=":1.89/StatusNotifierItem" entries=5 keyboard_grab=true
2030-01-02T11:59:33+00:00 machine gtk-status-bar[3517]: 2030-01-02T11:59:33.488013Z DEBUG gtk_status_bar::widgets: Tray dropdown opened at level 0 item=":1.89/StatusNotifierItem"
2030-01-02T11:59:33+00:00 machine gtk-status-bar[3517]: 2030-01-02T11:59:33.632460Z  INFO gtk_status_bar::network: Network reachability probe completed target=198.51.100.1 success=false elapsed_ms=19
2030-01-02T11:59:33+00:00 machine gtk-status-bar[3517]: 2030-01-02T11:59:33.634051Z DEBUG gtk_status_bar::network: Sent network update label="\u{f091f} 28% \u{f0ac}"
2030-01-02T11:59:33+00:00 machine gtk-status-bar[3517]: 2030-01-02T11:59:33.634314Z DEBUG gtk_status_bar::widgets: Updating network label: 󰤟 28% 
2030-01-02T11:59:33+00:00 machine gtk-status-bar[3517]: 2030-01-02T11:59:33.669261Z DEBUG gtk_status_bar::widgets: Tray nav key item=":1.89/StatusNotifierItem" cmd=Up
2030-01-02T11:59:34+00:00 machine gtk-status-bar[3517]: 2030-01-02T11:59:34.000706Z DEBUG gtk_status_bar::widgets: Updating time label: 11:59 AM
2030-01-02T11:59:34+00:00 machine gtk-status-bar[3517]: 2030-01-02T11:59:34.715896Z DEBUG gtk_status_bar::widgets: Tray nav key item=":1.89/StatusNotifierItem" cmd=Escape
2030-01-02T11:59:34+00:00 machine gtk-status-bar[3517]: 2030-01-02T11:59:34.938983Z  INFO gtk_status_bar::network: Network reachability probe completed target=192.0.2.1 success=true elapsed_ms=11
2030-01-02T11:59:34+00:00 machine gtk-status-bar[3517]: 2030-01-02T11:59:34.939033Z DEBUG gtk_status_bar::network: Sent network update label="\u{f091f} 28% \u{f0ac}"
2030-01-02T11:59:34+00:00 machine gtk-status-bar[3517]: 2030-01-02T11:59:34.939239Z DEBUG gtk_status_bar::widgets: Updating network label: 󰤟 28% 
2030-01-02T11:59:35+00:00 machine gtk-status-bar[3517]: 2030-01-02T11:59:35.003504Z DEBUG gtk_status_bar::widgets: Updating time label: 11:59 AM
2030-01-02T11:59:36+00:00 machine gtk-status-bar[3517]: 2030-01-02T11:59:36.000821Z DEBUG gtk_status_bar::widgets: Updating time label: 11:59 AM
2030-01-02T11:59:36+00:00 machine gtk-status-bar[3517]: 2030-01-02T11:59:36.063984Z  INFO gtk_status_bar::network: Network reachability probe completed target=192.0.2.1 success=true elapsed_ms=10
2030-01-02T11:59:36+00:00 machine gtk-status-bar[3517]: 2030-01-02T11:59:36.065602Z DEBUG gtk_status_bar::network: Sent network update label="\u{f091f} 28% \u{f0ac}"
2030-01-02T11:59:36+00:00 machine gtk-status-bar[3517]: 2030-01-02T11:59:36.065970Z DEBUG gtk_status_bar::widgets: Updating network label: 󰤟 28% 
2030-01-02T11:59:36+00:00 machine gtk-status-bar[3517]: 2030-01-02T11:59:36.349613Z DEBUG gtk_status_bar::widgets: Tray nav key item=":1.89/StatusNotifierItem" cmd=Escape
2030-01-02T11:59:36+00:00 machine gtk-status-bar[3517]: 2030-01-02T11:59:36.350598Z  INFO gtk_status_bar::widgets: Tray menu released keyboard focus request_id=21
2030-01-02T11:59:36+00:00 machine gtk-status-bar[3517]: 2030-01-02T11:59:36.350694Z DEBUG gtk_status_bar::widgets: Tray keyboard navigation ended
2030-01-02T11:59:36+00:00 machine gtk-status-bar[3517]: 2030-01-02T11:59:36.427056Z  INFO gtk_status_bar::network: Network reachability probe completed target=198.51.100.1 success=false elapsed_ms=13
2030-01-02T11:59:36+00:00 machine gtk-status-bar[3517]: 2030-01-02T11:59:36.427110Z DEBUG gtk_status_bar::network: Sent network update label="\u{f091f} 28% \u{f0ac}"
2030-01-02T11:59:36+00:00 machine gtk-status-bar[3517]: 2030-01-02T11:59:36.445805Z DEBUG gtk_status_bar::widgets: Updating network label: 󰤟 28% 
2030-01-02T11:59:37+00:00 machine gtk-status-bar[3517]: 2030-01-02T11:59:37.001801Z DEBUG gtk_status_bar::widgets: Updating time label: 11:59 AM
2030-01-02T11:59:37+00:00 machine gtk-status-bar[3517]: 2030-01-02T11:59:37.197320Z  INFO gtk_status_bar::network: Network reachability probe completed target=192.0.2.1 success=true elapsed_ms=10
2030-01-02T11:59:37+00:00 machine gtk-status-bar[3517]: 2030-01-02T11:59:37.197364Z DEBUG gtk_status_bar::network: Sent network update label="\u{f091f} 28% \u{f0ac}"
2030-01-02T11:59:37+00:00 machine gtk-status-bar[3517]: 2030-01-02T11:59:37.197535Z DEBUG gtk_status_bar::widgets: Updating network label: 󰤟 28% 
2030-01-02T11:59:38+00:00 machine gtk-status-bar[3517]: 2030-01-02T11:59:38.002012Z DEBUG gtk_status_bar::widgets: Updating time label: 11:59 AM
2030-01-02T11:59:38+00:00 machine gtk-status-bar[3517]: 2030-01-02T11:59:38.211809Z  INFO gtk_status_bar::widgets: Tray menu acquired exclusive keyboard focus request_id=24
2030-01-02T11:59:38+00:00 machine gtk-status-bar[3517]: 2030-01-02T11:59:38.211997Z DEBUG gtk_status_bar::tray: Tray backend received command item=":1.89/StatusNotifierItem" action=ContextMenu { request_id: 25, keyboard_grab: true } x=1322 y=11
2030-01-02T11:59:38+00:00 machine gtk-status-bar[3517]: 2030-01-02T11:59:38.216003Z DEBUG gtk_status_bar::tray: dbusmenu GetLayout reply decoded item=":1.89/StatusNotifierItem" fields=2
2030-01-02T11:59:38+00:00 machine gtk-status-bar[3517]: 2030-01-02T11:59:38.216052Z DEBUG gtk_status_bar::tray: dbusmenu layout parsed item=":1.89/StatusNotifierItem" count=5
2030-01-02T11:59:38+00:00 machine gtk-status-bar[3517]: 2030-01-02T11:59:38.218042Z DEBUG gtk_status_bar::widgets: Tray menu entry labels item=":1.89/StatusNotifierItem" labels=[Some("Keyboard - English (US)"), None, Some("Restart"), Some("Input Method Settings"), Some("Exit")]
2030-01-02T11:59:38+00:00 machine gtk-status-bar[3517]: 2030-01-02T11:59:38.218397Z DEBUG gtk_status_bar::widgets: Presenting tray menu item=":1.89/StatusNotifierItem" entries=5 keyboard_grab=true
2030-01-02T11:59:38+00:00 machine gtk-status-bar[3517]: 2030-01-02T11:59:38.331701Z DEBUG gtk_status_bar::widgets: Tray dropdown opened at level 0 item=":1.89/StatusNotifierItem"
2030-01-02T11:59:38+00:00 machine gtk-status-bar[3517]: 2030-01-02T11:59:38.670031Z  INFO gtk_status_bar::widgets: Tray menu released keyboard focus request_id=24
2030-01-02T11:59:38+00:00 machine gtk-status-bar[3517]: 2030-01-02T11:59:38.672127Z DEBUG gtk_status_bar::widgets: Tray keyboard navigation ended
2030-01-02T11:59:38+00:00 machine gtk-status-bar[3517]: 2030-01-02T11:59:38.809637Z  INFO gtk_status_bar::network: Network reachability probe completed target=198.51.100.1 success=false elapsed_ms=9
2030-01-02T11:59:38+00:00 machine gtk-status-bar[3517]: 2030-01-02T11:59:38.809688Z DEBUG gtk_status_bar::network: Sent network update label="\u{f091f} 28% \u{f0ac}"
2030-01-02T11:59:38+00:00 machine gtk-status-bar[3517]: 2030-01-02T11:59:38.809918Z DEBUG gtk_status_bar::widgets: Updating network label: 󰤟 28% 
2030-01-02T11:59:39+00:00 machine gtk-status-bar[3517]: 2030-01-02T11:59:39.001495Z DEBUG gtk_status_bar::widgets: Updating time label: 11:59 AM
2030-01-02T11:59:39+00:00 machine gtk-status-bar[3517]: 2030-01-02T11:59:39.142368Z  INFO gtk_status_bar::network: Network reachability probe completed target=198.51.100.1 success=false elapsed_ms=9
2030-01-02T11:59:39+00:00 machine gtk-status-bar[3517]: 2030-01-02T11:59:39.142415Z DEBUG gtk_status_bar::network: Sent network update label="\u{f091f} 28% \u{f0ac}"
2030-01-02T11:59:39+00:00 machine gtk-status-bar[3517]: 2030-01-02T11:59:39.142567Z DEBUG gtk_status_bar::widgets: Updating network label: 󰤟 28% 
2030-01-02T11:59:40+00:00 machine gtk-status-bar[3517]: 2030-01-02T11:59:40.001043Z DEBUG gtk_status_bar::widgets: Updating time label: 11:59 AM
2030-01-02T11:59:40+00:00 machine gtk-status-bar[3517]: 2030-01-02T11:59:40.502724Z  INFO gtk_status_bar::widgets: Tray menu acquired exclusive keyboard focus request_id=28
2030-01-02T11:59:40+00:00 machine gtk-status-bar[3517]: 2030-01-02T11:59:40.502987Z DEBUG gtk_status_bar::tray: Tray backend received command item=":1.89/StatusNotifierItem" action=ContextMenu { request_id: 29, keyboard_grab: true } x=1322 y=11
2030-01-02T11:59:40+00:00 machine gtk-status-bar[3517]: 2030-01-02T11:59:40.520251Z DEBUG gtk_status_bar::tray: dbusmenu GetLayout reply decoded item=":1.89/StatusNotifierItem" fields=2
2030-01-02T11:59:40+00:00 machine gtk-status-bar[3517]: 2030-01-02T11:59:40.520310Z DEBUG gtk_status_bar::tray: dbusmenu layout parsed item=":1.89/StatusNotifierItem" count=5
2030-01-02T11:59:40+00:00 machine gtk-status-bar[3517]: 2030-01-02T11:59:40.521109Z DEBUG gtk_status_bar::widgets: Tray menu entry labels item=":1.89/StatusNotifierItem" labels=[Some("Keyboard - English (US)"), None, Some("Restart"), Some("Input Method Settings"), Some("Exit")]
2030-01-02T11:59:40+00:00 machine gtk-status-bar[3517]: 2030-01-02T11:59:40.521400Z DEBUG gtk_status_bar::widgets: Presenting tray menu item=":1.89/StatusNotifierItem" entries=5 keyboard_grab=true
2030-01-02T11:59:40+00:00 machine gtk-status-bar[3517]: 2030-01-02T11:59:40.625291Z DEBUG gtk_status_bar::widgets: Tray dropdown opened at level 0 item=":1.89/StatusNotifierItem"
2030-01-02T11:59:40+00:00 machine gtk-status-bar[3517]: 2030-01-02T11:59:40.659134Z DEBUG gtk_status_bar::hypr: Active window changed window=Some(WindowEventData { class: "kitty", title: "界🙂界🙂界🙂界🙂界🙂界🙂界🙂界🙂界🙂界🙂界🙂界🙂界🙂界🙂界🙂界🙂界🙂界🙂界🙂界🙂界🙂界🙂界🙂界🙂界🙂界🙂界🙂界🙂界🙂界🙂界🙂界🙂界🙂界🙂界🙂界🙂界🙂界🙂界🙂界🙂", address: Address("0x585b3a0f2cb0") })
2030-01-02T11:59:40+00:00 machine gtk-status-bar[3517]: 2030-01-02T11:59:40.716340Z DEBUG gtk_status_bar::hypr: Refreshing current workspace clients reason="active-window-changed" workspace_id=2 client_count=10 active_address="0x585b3b6239b0"
2030-01-02T11:59:40+00:00 machine gtk-status-bar[3517]: 2030-01-02T11:59:40.717250Z DEBUG gtk_status_bar::hypr: Active window changed window=Some(WindowEventData { class: "kitty", title: "KeyboardFocusEvidence", address: Address("0x585b3b6239b0") })
2030-01-02T11:59:40+00:00 machine gtk-status-bar[3517]: 2030-01-02T11:59:40.717364Z DEBUG gtk_status_bar::widgets: Updating workspace client strip workspace_id=2 client_count=10
2030-01-02T11:59:40+00:00 machine gtk-status-bar[3517]: 2030-01-02T11:59:40.717580Z DEBUG gtk_status_bar::widgets: Updating client pill address=0x585b39ecc9e0 title="hello" compact_title="hello" class="kitty" active=false
2030-01-02T11:59:40+00:00 machine gtk-status-bar[3517]: 2030-01-02T11:59:40.717644Z DEBUG gtk_status_bar::widgets: Updating client pill address=0x585b3a13ac60 title="AAAAAAAAAAAAAAAAAAAAAAAAAAAAAAAAAAAAAAAAAAAAAAAAAAAAAAAAAAAAAAAA" compact_title="AAAAAAAAAAA…" class="kitty" active=false
2030-01-02T11:59:40+00:00 machine gtk-status-bar[3517]: 2030-01-02T11:59:40.717692Z DEBUG gtk_status_bar::widgets: Updating client pill address=0x585b39cdaf40 title="0123456789012345678901234567890…89012345678901234567890123456789" compact_title="01234567890…" class="kitty" active=false
2030-01-02T11:59:40+00:00 machine gtk-status-bar[3517]: 2030-01-02T11:59:40.717733Z DEBUG gtk_status_bar::widgets: Updating client pill address=0x585b3a0f2cb0 title="界🙂界🙂界🙂界🙂界🙂界🙂界🙂界🙂界🙂界🙂界🙂界🙂界🙂界🙂界🙂界…界🙂界🙂界🙂界🙂界🙂界🙂界🙂界🙂界🙂界🙂界🙂界🙂界🙂界🙂界🙂界🙂" compact_title="界🙂界🙂界🙂界🙂界🙂界…" class="kitty" active=false
2030-01-02T11:59:40+00:00 machine gtk-status-bar[3517]: 2030-01-02T11:59:40.717878Z DEBUG gtk_status_bar::widgets: Updating client pill address=0x585b3b18bd60 title="Focus Left" compact_title="Focus" class="kitty" active=false
2030-01-02T11:59:40+00:00 machine gtk-status-bar[3517]: 2030-01-02T11:59:40.717915Z DEBUG gtk_status_bar::widgets: Updating client pill address=0x585b3b294270 title="Focus Right" compact_title="Focus" class="kitty" active=false
2030-01-02T11:59:40+00:00 machine gtk-status-bar[3517]: 2030-01-02T11:59:40.717962Z DEBUG gtk_status_bar::widgets: Updating client pill address=0x585b3a118570 title="Close OS window" compact_title="Close" class="kitty" active=false
2030-01-02T11:59:40+00:00 machine gtk-status-bar[3517]: 2030-01-02T11:59:40.718001Z DEBUG gtk_status_bar::widgets: Updating client pill address=0x585b3b083b20 title="Renamed client" compact_title="Renamed" class="kitty" active=false
2030-01-02T11:59:40+00:00 machine gtk-status-bar[3517]: 2030-01-02T11:59:40.718044Z DEBUG gtk_status_bar::widgets: Updating client pill address=0x585b3a14ab20 title="Claude" compact_title="Claude" class="claude-desktop" active=false
2030-01-02T11:59:40+00:00 machine gtk-status-bar[3517]: 2030-01-02T11:59:40.718082Z DEBUG gtk_status_bar::widgets: Updating client pill address=0x585b3b6239b0 title="KeyboardFocusEvidence" compact_title="KeyboardFoc…" class="kitty" active=true
2030-01-02T11:59:40+00:00 machine gtk-status-bar[3517]: 2030-01-02T11:59:40.772205Z DEBUG gtk_status_bar::hypr: Refreshing current workspace clients reason="active-window-changed" workspace_id=2 client_count=10 active_address="0x585b3b6239b0"
2030-01-02T11:59:40+00:00 machine gtk-status-bar[3517]: 2030-01-02T11:59:40.772435Z DEBUG gtk_status_bar::widgets: Updating workspace client strip workspace_id=2 client_count=10
2030-01-02T11:59:40+00:00 machine gtk-status-bar[3517]: 2030-01-02T11:59:40.772701Z DEBUG gtk_status_bar::widgets: Updating client pill address=0x585b39ecc9e0 title="hello" compact_title="hello" class="kitty" active=false
2030-01-02T11:59:40+00:00 machine gtk-status-bar[3517]: 2030-01-02T11:59:40.772822Z DEBUG gtk_status_bar::widgets: Updating client pill address=0x585b3a13ac60 title="AAAAAAAAAAAAAAAAAAAAAAAAAAAAAAAAAAAAAAAAAAAAAAAAAAAAAAAAAAAAAAAA" compact_title="AAAAAAAAAAA…" class="kitty" active=false
2030-01-02T11:59:40+00:00 machine gtk-status-bar[3517]: 2030-01-02T11:59:40.772872Z DEBUG gtk_status_bar::widgets: Updating client pill address=0x585b39cdaf40 title="0123456789012345678901234567890…89012345678901234567890123456789" compact_title="01234567890…" class="kitty" active=false
2030-01-02T11:59:40+00:00 machine gtk-status-bar[3517]: 2030-01-02T11:59:40.772922Z DEBUG gtk_status_bar::widgets: Updating client pill address=0x585b3a0f2cb0 title="界🙂界🙂界🙂界🙂界🙂界🙂界🙂界🙂界🙂界🙂界🙂界🙂界🙂界🙂界🙂界…界🙂界🙂界🙂界🙂界🙂界🙂界🙂界🙂界🙂界🙂界🙂界🙂界🙂界🙂界🙂界🙂" compact_title="界🙂界🙂界🙂界🙂界🙂界…" class="kitty" active=false
2030-01-02T11:59:40+00:00 machine gtk-status-bar[3517]: 2030-01-02T11:59:40.773040Z DEBUG gtk_status_bar::widgets: Updating client pill address=0x585b3b18bd60 title="Focus Left" compact_title="Focus" class="kitty" active=false
2030-01-02T11:59:40+00:00 machine gtk-status-bar[3517]: 2030-01-02T11:59:40.773095Z DEBUG gtk_status_bar::widgets: Updating client pill address=0x585b3b294270 title="Focus Right" compact_title="Focus" class="kitty" active=false
2030-01-02T11:59:40+00:00 machine gtk-status-bar[3517]: 2030-01-02T11:59:40.773141Z DEBUG gtk_status_bar::widgets: Updating client pill address=0x585b3a118570 title="Close OS window" compact_title="Close" class="kitty" active=false
2030-01-02T11:59:40+00:00 machine gtk-status-bar[3517]: 2030-01-02T11:59:40.773187Z DEBUG gtk_status_bar::widgets: Updating client pill address=0x585b3b083b20 title="Renamed client" compact_title="Renamed" class="kitty" active=false
2030-01-02T11:59:40+00:00 machine gtk-status-bar[3517]: 2030-01-02T11:59:40.773241Z DEBUG gtk_status_bar::widgets: Updating client pill address=0x585b3a14ab20 title="Claude" compact_title="Claude" class="claude-desktop" active=false
2030-01-02T11:59:40+00:00 machine gtk-status-bar[3517]: 2030-01-02T11:59:40.773286Z DEBUG gtk_status_bar::widgets: Updating client pill address=0x585b3b6239b0 title="KeyboardFocusEvidence" compact_title="KeyboardFoc…" class="kitty" active=true
2030-01-02T11:59:40+00:00 machine gtk-status-bar[3517]: 2030-01-02T11:59:40.885836Z  INFO gtk_status_bar::network: Network reachability probe completed target=192.0.2.1 success=true elapsed_ms=37
2030-01-02T11:59:40+00:00 machine gtk-status-bar[3517]: 2030-01-02T11:59:40.885879Z DEBUG gtk_status_bar::network: Sent network update label="\u{f091f} 28% \u{f0ac}"
2030-01-02T11:59:40+00:00 machine gtk-status-bar[3517]: 2030-01-02T11:59:40.908101Z DEBUG gtk_status_bar::widgets: Updating network label: 󰤟 28% 
2030-01-02T11:59:41+00:00 machine gtk-status-bar[3517]: 2030-01-02T11:59:41.002001Z DEBUG gtk_status_bar::widgets: Updating time label: 11:59 AM
2030-01-02T11:59:41+00:00 machine gtk-status-bar[3517]: 2030-01-02T11:59:41.126234Z  INFO gtk_status_bar::network: Network reachability probe completed target=192.0.2.1 success=true elapsed_ms=11
2030-01-02T11:59:41+00:00 machine gtk-status-bar[3517]: 2030-01-02T11:59:41.126275Z DEBUG gtk_status_bar::network: Sent network update label="\u{f091f} 28% \u{f0ac}"
2030-01-02T11:59:41+00:00 machine gtk-status-bar[3517]: 2030-01-02T11:59:41.129253Z DEBUG gtk_status_bar::widgets: Updating network label: 󰤟 28% 
2030-01-02T11:59:41+00:00 machine gtk-status-bar[3517]: 2030-01-02T11:59:41.793616Z  INFO gtk_status_bar::widgets: Tray menu released keyboard focus request_id=28
2030-01-02T11:59:41+00:00 machine gtk-status-bar[3517]: 2030-01-02T11:59:41.793726Z DEBUG gtk_status_bar::widgets: Tray keyboard navigation ended
2030-01-02T11:59:42+00:00 machine gtk-status-bar[3517]: 2030-01-02T11:59:42.003352Z DEBUG gtk_status_bar::widgets: Updating time label: 11:59 AM
2030-01-02T11:59:43+00:00 machine gtk-status-bar[3517]: 2030-01-02T11:59:43.001634Z DEBUG gtk_status_bar::widgets: Updating time label: 11:59 AM
2030-01-02T11:59:43+00:00 machine gtk-status-bar[3517]: 2030-01-02T11:59:43.087979Z  INFO gtk_status_bar::network: Network reachability probe completed target=198.51.100.1 success=false elapsed_ms=11
2030-01-02T11:59:43+00:00 machine gtk-status-bar[3517]: 2030-01-02T11:59:43.088034Z DEBUG gtk_status_bar::network: Sent network update label="\u{f091f} 28% \u{f0ac}"
2030-01-02T11:59:43+00:00 machine gtk-status-bar[3517]: 2030-01-02T11:59:43.090066Z DEBUG gtk_status_bar::widgets: Updating network label: 󰤟 28% 
2030-01-02T11:59:43+00:00 machine gtk-status-bar[3517]: 2030-01-02T11:59:43.716353Z  INFO gtk_status_bar::widgets: Tray menu acquired exclusive keyboard focus request_id=31
2030-01-02T11:59:43+00:00 machine gtk-status-bar[3517]: 2030-01-02T11:59:43.716541Z DEBUG gtk_status_bar::tray: Tray backend received command item=":1.89/StatusNotifierItem" action=ContextMenu { request_id: 32, keyboard_grab: true } x=1322 y=11
2030-01-02T11:59:43+00:00 machine gtk-status-bar[3517]: 2030-01-02T11:59:43.717604Z DEBUG gtk_status_bar::tray: dbusmenu GetLayout reply decoded item=":1.89/StatusNotifierItem" fields=2
2030-01-02T11:59:43+00:00 machine gtk-status-bar[3517]: 2030-01-02T11:59:43.717628Z DEBUG gtk_status_bar::tray: dbusmenu layout parsed item=":1.89/StatusNotifierItem" count=5
2030-01-02T11:59:43+00:00 machine gtk-status-bar[3517]: 2030-01-02T11:59:43.747978Z DEBUG gtk_status_bar::widgets: Tray menu entry labels item=":1.89/StatusNotifierItem" labels=[Some("Keyboard - English (US)"), None, Some("Restart"), Some("Input Method Settings"), Some("Exit")]
2030-01-02T11:59:43+00:00 machine gtk-status-bar[3517]: 2030-01-02T11:59:43.763201Z DEBUG gtk_status_bar::widgets: Presenting tray menu item=":1.89/StatusNotifierItem" entries=5 keyboard_grab=true
2030-01-02T11:59:43+00:00 machine gtk-status-bar[3517]: 2030-01-02T11:59:43.869293Z DEBUG gtk_status_bar::widgets: Tray dropdown opened at level 0 item=":1.89/StatusNotifierItem"
2030-01-02T11:59:43+00:00 machine gtk-status-bar[3517]: 2030-01-02T11:59:43.956031Z DEBUG gtk_status_bar::widgets: Tray nav key item=":1.89/StatusNotifierItem" cmd=Activate
2030-01-02T11:59:44+00:00 machine gtk-status-bar[3517]: 2030-01-02T11:59:44.001022Z DEBUG gtk_status_bar::widgets: Updating time label: 11:59 AM
2030-01-02T11:59:44+00:00 machine gtk-status-bar[3517]: 2030-01-02T11:59:44.923719Z  INFO gtk_status_bar::network: Network reachability probe completed target=192.0.2.1 success=true elapsed_ms=18
2030-01-02T11:59:44+00:00 machine gtk-status-bar[3517]: 2030-01-02T11:59:44.923813Z DEBUG gtk_status_bar::network: Sent network update label="\u{f091f} 28% \u{f0ac}"
2030-01-02T11:59:44+00:00 machine gtk-status-bar[3517]: 2030-01-02T11:59:44.924022Z DEBUG gtk_status_bar::widgets: Updating network label: 󰤟 28% 
2030-01-02T11:59:45+00:00 machine gtk-status-bar[3517]: 2030-01-02T11:59:45.001361Z DEBUG gtk_status_bar::widgets: Updating time label: 11:59 AM
2030-01-02T11:59:45+00:00 machine gtk-status-bar[3517]: 2030-01-02T11:59:45.623193Z DEBUG gtk_status_bar::widgets: Tray nav key item=":1.89/StatusNotifierItem" cmd=Activate
2030-01-02T11:59:45+00:00 machine gtk-status-bar[3517]: 2030-01-02T11:59:45.623734Z DEBUG gtk_status_bar::tray: Tray backend received command item=":1.89/StatusNotifierItem" action=MenuEvent(100) x=0 y=0
2030-01-02T11:59:45+00:00 machine gtk-status-bar[3517]: 2030-01-02T11:59:45.624978Z  INFO gtk_status_bar::widgets: Tray menu released keyboard focus request_id=31
2030-01-02T11:59:45+00:00 machine gtk-status-bar[3517]: 2030-01-02T11:59:45.625074Z DEBUG gtk_status_bar::widgets: Tray keyboard navigation ended
2030-01-02T11:59:46+00:00 machine gtk-status-bar[3517]: 2030-01-02T11:59:46.000965Z DEBUG gtk_status_bar::widgets: Updating time label: 11:59 AM
2030-01-02T11:59:46+00:00 machine gtk-status-bar[3517]: 2030-01-02T11:59:46.847566Z  INFO gtk_status_bar::network: Network reachability probe completed target=198.51.100.1 success=false elapsed_ms=10
2030-01-02T11:59:46+00:00 machine gtk-status-bar[3517]: 2030-01-02T11:59:46.847609Z DEBUG gtk_status_bar::network: Sent network update label="\u{f091f} 28% \u{f0ac}"
2030-01-02T11:59:46+00:00 machine gtk-status-bar[3517]: 2030-01-02T11:59:46.847845Z DEBUG gtk_status_bar::widgets: Updating network label: 󰤟 28% 
2030-01-02T11:59:47+00:00 machine gtk-status-bar[3517]: 2030-01-02T11:59:47.003702Z DEBUG gtk_status_bar::widgets: Updating time label: 11:59 AM
2030-01-02T11:59:47+00:00 machine gtk-status-bar[3517]: 2030-01-02T11:59:47.385455Z DEBUG gtk_status_bar::dbus: Got an event in event stream: Msg { type: Signal, serial: 81, sender: UniqueName(":1.68"), path: ObjectPath("/org/bluez/hci0"), iface: InterfaceName("org.freedesktop.DBus.Properties"), member: MemberName("PropertiesChanged"), body: Structure(Dynamic { fields: [Str, Dict { key: Dynamic { child: Str }, value: Dynamic { child: Variant } }, Array(Dynamic { child: Str })] }), fds: [] }
2030-01-02T11:59:47+00:00 machine gtk-status-bar[3517]: 2030-01-02T11:59:47.387160Z DEBUG gtk_status_bar::dbus: Dbus monitor: Received D-Bus message from path: Some(ObjectPath("/org/bluez/hci0")), interface: Some(InterfaceName("org.freedesktop.DBus.Properties")), member: Some(MemberName("PropertiesChanged"))
2030-01-02T11:59:47+00:00 machine gtk-status-bar[3517]: 2030-01-02T11:59:47.387188Z  INFO gtk_status_bar::dbus: Dbus monitor: Received signal
2030-01-02T11:59:47+00:00 machine gtk-status-bar[3517]: 2030-01-02T11:59:47.387206Z  INFO gtk_status_bar::dbus: Dbus monitor: Received PropertiesChanged signal
2030-01-02T11:59:47+00:00 machine gtk-status-bar[3517]: 2030-01-02T11:59:47.387253Z DEBUG gtk_status_bar::dbus: Dbus monitor: Ignored PropertiesChanged for interface: "org.bluez.Adapter1"
2030-01-02T11:59:47+00:00 machine gtk-status-bar[3517]: 2030-01-02T11:59:47.430200Z  INFO gtk_status_bar::widgets: Tray menu acquired exclusive keyboard focus request_id=34
2030-01-02T11:59:47+00:00 machine gtk-status-bar[3517]: 2030-01-02T11:59:47.430483Z DEBUG gtk_status_bar::tray: Tray backend received command item=":1.89/StatusNotifierItem" action=ContextMenu { request_id: 35, keyboard_grab: true } x=1322 y=11
2030-01-02T11:59:47+00:00 machine gtk-status-bar[3517]: 2030-01-02T11:59:47.439958Z DEBUG gtk_status_bar::tray: dbusmenu GetLayout reply decoded item=":1.89/StatusNotifierItem" fields=2
2030-01-02T11:59:47+00:00 machine gtk-status-bar[3517]: 2030-01-02T11:59:47.440043Z DEBUG gtk_status_bar::tray: dbusmenu layout parsed item=":1.89/StatusNotifierItem" count=5
2030-01-02T11:59:47+00:00 machine gtk-status-bar[3517]: 2030-01-02T11:59:47.440737Z DEBUG gtk_status_bar::widgets: Tray menu entry labels item=":1.89/StatusNotifierItem" labels=[Some("Keyboard - English (US)"), None, Some("Restart"), Some("Input Method Settings"), Some("Exit")]
2030-01-02T11:59:47+00:00 machine gtk-status-bar[3517]: 2030-01-02T11:59:47.441031Z DEBUG gtk_status_bar::widgets: Presenting tray menu item=":1.89/StatusNotifierItem" entries=5 keyboard_grab=true
2030-01-02T11:59:47+00:00 machine gtk-status-bar[3517]: 2030-01-02T11:59:47.558144Z DEBUG gtk_status_bar::widgets: Tray dropdown opened at level 0 item=":1.89/StatusNotifierItem"
2030-01-02T11:59:47+00:00 machine gtk-status-bar[3517]: 2030-01-02T11:59:47.747646Z  INFO gtk_status_bar::widgets: Tray menu released keyboard focus request_id=34
2030-01-02T11:59:47+00:00 machine gtk-status-bar[3517]: 2030-01-02T11:59:47.749518Z DEBUG gtk_status_bar::widgets: Tray keyboard navigation ended
2030-01-02T11:59:48+00:00 machine gtk-status-bar[3517]: 2030-01-02T11:59:48.001385Z DEBUG gtk_status_bar::widgets: Updating time label: 11:59 AM
2030-01-02T11:59:48+00:00 machine gtk-status-bar[3517]: 2030-01-02T11:59:48.493171Z  INFO gtk_status_bar::network: Network reachability probe completed target=192.0.2.1 success=true elapsed_ms=9
2030-01-02T11:59:48+00:00 machine gtk-status-bar[3517]: 2030-01-02T11:59:48.493226Z DEBUG gtk_status_bar::network: Sent network update label="\u{f091f} 28% \u{f0ac}"
2030-01-02T11:59:48+00:00 machine gtk-status-bar[3517]: 2030-01-02T11:59:48.493368Z DEBUG gtk_status_bar::widgets: Updating network label: 󰤟 28% 
2030-01-02T11:59:49+00:00 machine gtk-status-bar[3517]: 2030-01-02T11:59:49.016381Z DEBUG gtk_status_bar::widgets: Updating time label: 11:59 AM
2030-01-02T11:59:49+00:00 machine gtk-status-bar[3517]: 2030-01-02T11:59:49.953035Z  INFO gtk_status_bar::network: Network reachability probe completed target=198.51.100.1 success=false elapsed_ms=17
2030-01-02T11:59:49+00:00 machine gtk-status-bar[3517]: 2030-01-02T11:59:49.953092Z DEBUG gtk_status_bar::network: Sent network update label="\u{f091f} 28% \u{f0ac}"
2030-01-02T11:59:49+00:00 machine gtk-status-bar[3517]: 2030-01-02T11:59:49.977390Z DEBUG gtk_status_bar::widgets: Updating network label: 󰤟 28% 
2030-01-02T11:59:50+00:00 machine gtk-status-bar[3517]: 2030-01-02T11:59:50.001152Z DEBUG gtk_status_bar::widgets: Updating time label: 11:59 AM
2030-01-02T11:59:51+00:00 machine gtk-status-bar[3517]: 2030-01-02T11:59:51.001019Z DEBUG gtk_status_bar::widgets: Updating time label: 11:59 AM
2030-01-02T11:59:51+00:00 machine gtk-status-bar[3517]: 2030-01-02T11:59:51.582562Z  INFO gtk_status_bar::network: Network reachability probe completed target=198.51.100.1 success=false elapsed_ms=9
2030-01-02T11:59:51+00:00 machine gtk-status-bar[3517]: 2030-01-02T11:59:51.582622Z DEBUG gtk_status_bar::network: Sent network update label="\u{f091f} 28% \u{f0ac}"
2030-01-02T11:59:51+00:00 machine gtk-status-bar[3517]: 2030-01-02T11:59:51.582877Z DEBUG gtk_status_bar::widgets: Updating network label: 󰤟 28% 
2030-01-02T11:59:52+00:00 machine gtk-status-bar[3517]: 2030-01-02T11:59:52.001968Z DEBUG gtk_status_bar::widgets: Updating time label: 11:59 AM
2030-01-02T11:59:52+00:00 machine gtk-status-bar[3517]: 2030-01-02T11:59:52.711165Z  INFO gtk_status_bar::tray: Status notifier item disappeared item=":1.92/StatusNotifierItem"
2030-01-02T11:59:52+00:00 machine gtk-status-bar[3517]: 2030-01-02T11:59:52.711858Z  INFO gtk_status_bar::widgets: Removed system tray item item=":1.92/StatusNotifierItem"
2030-01-02T11:59:53+00:00 machine gtk-status-bar[3517]: 2030-01-02T11:59:53.001518Z DEBUG gtk_status_bar::widgets: Updating time label: 11:59 AM
2030-01-02T11:59:53+00:00 machine gtk-status-bar[3517]: 2030-01-02T11:59:53.515947Z  INFO gtk_status_bar::network: Network reachability probe completed target=192.0.2.1 success=true elapsed_ms=10
2030-01-02T11:59:53+00:00 machine gtk-status-bar[3517]: 2030-01-02T11:59:53.516001Z DEBUG gtk_status_bar::network: Sent network update label="\u{f091f} 28% \u{f0ac}"
2030-01-02T11:59:53+00:00 machine gtk-status-bar[3517]: 2030-01-02T11:59:53.516185Z DEBUG gtk_status_bar::widgets: Updating network label: 󰤟 28% 
2030-01-02T11:59:54+00:00 machine gtk-status-bar[3517]: 2030-01-02T11:59:54.001428Z DEBUG gtk_status_bar::widgets: Updating time label: 11:59 AM
2030-01-02T11:59:54+00:00 machine gtk-status-bar[3517]: 2030-01-02T11:59:54.383312Z  INFO gtk_status_bar::network: Network reachability probe completed target=198.51.100.1 success=false elapsed_ms=11
2030-01-02T11:59:54+00:00 machine gtk-status-bar[3517]: 2030-01-02T11:59:54.383360Z DEBUG gtk_status_bar::network: Sent network update label="\u{f091f} 28% \u{f0ac}"
2030-01-02T11:59:54+00:00 machine gtk-status-bar[3517]: 2030-01-02T11:59:54.383552Z DEBUG gtk_status_bar::widgets: Updating network label: 󰤟 28% 
2030-01-02T11:59:55+00:00 machine gtk-status-bar[3517]: 2030-01-02T11:59:55.001397Z DEBUG gtk_status_bar::widgets: Updating time label: 11:59 AM
2030-01-02T11:59:55+00:00 machine gtk-status-bar[3517]: 2030-01-02T11:59:55.233705Z  INFO gtk_status_bar::network: Network reachability probe completed target=192.0.2.1 success=true elapsed_ms=17
2030-01-02T11:59:55+00:00 machine gtk-status-bar[3517]: 2030-01-02T11:59:55.233815Z DEBUG gtk_status_bar::network: Sent network update label="\u{f091f} 28% \u{f0ac}"
2030-01-02T11:59:55+00:00 machine gtk-status-bar[3517]: 2030-01-02T11:59:55.233989Z DEBUG gtk_status_bar::widgets: Updating network label: 󰤟 28% 
2030-01-02T11:59:55+00:00 machine gtk-status-bar[3517]: 2030-01-02T11:59:55.864601Z  INFO gtk_status_bar::network: Network reachability probe completed target=198.51.100.1 success=false elapsed_ms=18
2030-01-02T11:59:55+00:00 machine gtk-status-bar[3517]: 2030-01-02T11:59:55.864655Z DEBUG gtk_status_bar::network: Sent network update label="\u{f091f} 28% \u{f0ac}"
2030-01-02T11:59:55+00:00 machine gtk-status-bar[3517]: 2030-01-02T11:59:55.864973Z DEBUG gtk_status_bar::widgets: Updating network label: 󰤟 28% 
2030-01-02T11:59:56+00:00 machine gtk-status-bar[3517]: 2030-01-02T11:59:56.000900Z DEBUG gtk_status_bar::widgets: Updating time label: 11:59 AM
2030-01-02T11:59:57+00:00 machine gtk-status-bar[3517]: 2030-01-02T11:59:57.002307Z DEBUG gtk_status_bar::widgets: Updating time label: 11:59 AM
2030-01-02T11:59:57+00:00 machine gtk-status-bar[3517]: 2030-01-02T11:59:57.723961Z  INFO gtk_status_bar::network: Network reachability probe completed target=192.0.2.1 success=true elapsed_ms=10
2030-01-02T11:59:57+00:00 machine gtk-status-bar[3517]: 2030-01-02T11:59:57.724856Z DEBUG gtk_status_bar::network: Sent network update label="\u{f091f} 28% \u{f0ac}"
2030-01-02T11:59:57+00:00 machine gtk-status-bar[3517]: 2030-01-02T11:59:57.735380Z DEBUG gtk_status_bar::widgets: Updating network label: 󰤟 28% 
