2026-07-12T20:57:51+00:00 machine gtk-status-bar[1180]: 2026-07-12T20:57:51.429479Z  INFO gtk_status_bar: Starting GTK status bar application
2026-07-12T20:57:51+00:00 machine gtk-status-bar[1180]: 2026-07-12T20:57:51.449336Z  INFO gtk_status_bar: Running GTK application
2026-07-12T20:57:54+00:00 machine gtk-status-bar[1180]: 2026-07-12T20:57:54.998856Z  INFO gtk_status_bar: Activating GTK application
2026-07-12T20:57:55+00:00 machine gtk-status-bar[1180]: 2026-07-12T20:57:55.010813Z DEBUG gtk_status_bar::widgets: Loading CSS styles
2026-07-12T20:57:55+00:00 machine gtk-status-bar[1180]: 2026-07-12T20:57:55.011779Z  INFO gtk_status_bar::widgets: CSS styles loaded successfully
2026-07-12T20:57:55+00:00 machine gtk-status-bar[1180]: 2026-07-12T20:57:55.011796Z DEBUG gtk_status_bar::widgets: Configuring layer shell
2026-07-12T20:57:55+00:00 machine gtk-status-bar[1180]: 2026-07-12T20:57:55.016888Z  INFO gtk_status_bar::widgets: Layer shell configured successfully
2026-07-12T20:57:55+00:00 machine gtk-status-bar[1180]: 2026-07-12T20:57:55.017138Z DEBUG gtk_status_bar::widgets: Creating experimental bar
2026-07-12T20:57:55+00:00 machine gtk-status-bar[1180]: 2026-07-12T20:57:55.018260Z DEBUG gtk_status_bar::widgets: Creating left group
2026-07-12T20:57:55+00:00 machine gtk-status-bar[1180]: 2026-07-12T20:57:55.018295Z DEBUG gtk_status_bar::widgets: Creating workspace widget
2026-07-12T20:57:55+00:00 machine gtk-status-bar[1180]: 2026-07-12T20:57:55.020875Z DEBUG gtk_status_bar::widgets: Creating center group
2026-07-12T20:57:55+00:00 machine gtk-status-bar[1180]: 2026-07-12T20:57:55.020913Z DEBUG gtk_status_bar::widgets: Creating title widget
2026-07-12T20:57:55+00:00 machine gtk-status-bar[1180]: 2026-07-12T20:57:55.020967Z DEBUG gtk_status_bar::widgets: Creating right group
2026-07-12T20:57:55+00:00 machine gtk-status-bar[1180]: 2026-07-12T20:57:55.020999Z DEBUG gtk_status_bar::widgets: Creating system tray widget
2026-07-12T20:57:55+00:00 machine gtk-status-bar[1180]: 2026-07-12T20:57:55.021034Z DEBUG gtk_status_bar::widgets: Creating bluetooth widget
2026-07-12T20:57:55+00:00 machine gtk-status-bar[1180]: 2026-07-12T20:57:55.021074Z DEBUG gtk_status_bar::widgets: Creating volume widget
2026-07-12T20:57:55+00:00 machine gtk-status-bar[1180]: 2026-07-12T20:57:55.021121Z DEBUG gtk_status_bar::widgets: Creating battery widget
2026-07-12T20:57:55+00:00 machine gtk-status-bar[1180]: 2026-07-12T20:57:55.021169Z DEBUG gtk_status_bar::widgets: Creating time widget
2026-07-12T20:57:56+00:00 machine gtk-status-bar[1180]: 2026-07-12T20:57:56.330329Z DEBUG gtk_status_bar::widgets: Setting up time widget updates
2026-07-12T20:57:56+00:00 machine gtk-status-bar[1180]: 2026-07-12T20:57:56.332125Z DEBUG gtk_status_bar::widgets: Setting up system tray updates
2026-07-12T20:57:56+00:00 machine gtk-status-bar[1180]: 2026-07-12T20:57:56.332824Z DEBUG gtk_status_bar::widgets: Setting up workspace updates
2026-07-12T20:57:56+00:00 machine gtk-status-bar[1180]: 2026-07-12T20:57:56.332859Z DEBUG gtk_status_bar::widgets: Setting up title updates
2026-07-12T20:57:56+00:00 machine gtk-status-bar[1180]: 2026-07-12T20:57:56.332900Z DEBUG gtk_status_bar::widgets: Setting up battery updates
2026-07-12T20:57:56+00:00 machine gtk-status-bar[1180]: 2026-07-12T20:57:56.332937Z DEBUG gtk_status_bar::widgets: Setting up Bluetooth battery updates
2026-07-12T20:57:56+00:00 machine gtk-status-bar[1180]: 2026-07-12T20:57:56.332977Z DEBUG gtk_status_bar::widgets: Setting up volume updates with tokio async channels
2026-07-12T20:57:56+00:00 machine gtk-status-bar[1180]: 2026-07-12T20:57:56.333363Z DEBUG gtk_status_bar::pw: 🔧 Initializing PipeWire on dedicated thread...
2026-07-12T20:57:56+00:00 machine gtk-status-bar[1180]: 2026-07-12T20:57:56.333904Z DEBUG gtk_status_bar::pw: 📋 Created device tracking HashMap for (node_name, description, volume, channel, mute)
2026-07-12T20:57:56+00:00 machine gtk-status-bar[1180]: 2026-07-12T20:57:56.335925Z  INFO gtk_status_bar: Application activated successfully
2026-07-12T20:57:56+00:00 machine gtk-status-bar[1180]: 2026-07-12T20:57:56.337692Z  INFO gtk_status_bar::hypr: 🔌 Starting workspace event listener
2026-07-12T20:57:56+00:00 machine gtk-status-bar[1180]: 2026-07-12T20:57:56.337717Z DEBUG gtk_status_bar::hypr: Setting up workspace event listener
2026-07-12T20:57:56+00:00 machine gtk-status-bar[1180]: 2026-07-12T20:57:56.336836Z  INFO gtk_status_bar::tray: 🔌 Starting system tray backend
2026-07-12T20:57:56+00:00 machine gtk-status-bar[1180]: 2026-07-12T20:57:56.338008Z  INFO gtk_status_bar::hypr: 🔌 Starting title event listener
2026-07-12T20:57:56+00:00 machine gtk-status-bar[1180]: 2026-07-12T20:57:56.338025Z DEBUG gtk_status_bar::hypr: Setting up title event listener
2026-07-12T20:57:56+00:00 machine gtk-status-bar[1180]: 2026-07-12T20:57:56.338048Z DEBUG gtk_status_bar::hypr: Fetching initial title state
2026-07-12T20:57:56+00:00 machine gtk-status-bar[1180]: 2026-07-12T20:57:56.341941Z  INFO gtk_status_bar::dbus: 🔌 Starting D-Bus monitor
2026-07-12T20:57:56+00:00 machine gtk-status-bar[1180]: 2026-07-12T20:57:56.341969Z  INFO gtk_status_bar::dbus: Starting D-Bus monitoring task
2026-07-12T20:57:56+00:00 machine gtk-status-bar[1180]: 2026-07-12T20:57:56.342929Z DEBUG gtk_status_bar::widgets: 🚀 Starting async volume update loop...
2026-07-12T20:57:56+00:00 machine gtk-status-bar[1180]: 2026-07-12T20:57:56.345645Z  INFO gtk_status_bar: Starting tray IPC server
2026-07-12T20:57:56+00:00 machine gtk-status-bar[1180]: 2026-07-12T20:57:56.371796Z DEBUG gtk_status_bar::pw: ✅ PipeWire initialized
2026-07-12T20:57:56+00:00 machine gtk-status-bar[1180]: 2026-07-12T20:57:56.372167Z DEBUG gtk_status_bar::pw: ✅ ThreadLoop created
2026-07-12T20:57:56+00:00 machine gtk-status-bar[1180]: 2026-07-12T20:57:56.374399Z  INFO tray_ipc: Tray IPC server is listening path=/run/user/1000/gtk-status-bar/tray.sock
2026-07-12T20:57:56+00:00 machine gtk-status-bar[1180]: 2026-07-12T20:57:56.396000Z DEBUG gtk_status_bar::widgets: Pinning bar height to font-derived line height char_height=18 multiplier=1.4 pinned=25
2026-07-12T20:57:56+00:00 machine gtk-status-bar[1180]: 2026-07-12T20:57:56.402532Z DEBUG gtk_status_bar::dbus: 🔌 Registered battery match rule
2026-07-12T20:57:56+00:00 machine gtk-status-bar[1180]: 2026-07-12T20:57:56.403771Z DEBUG gtk_status_bar::dbus: 🔌 Registered bluez PropertiesChanged match rule
2026-07-12T20:57:56+00:00 machine gtk-status-bar[1180]: 2026-07-12T20:57:56.403989Z DEBUG gtk_status_bar::dbus: 🔌 Registered bluez InterfacesAdded match rule
2026-07-12T20:57:56+00:00 machine gtk-status-bar[1180]: 2026-07-12T20:57:56.404433Z DEBUG gtk_status_bar::dbus: 🔌 Registered bluez InterfacesRemoved match rule
2026-07-12T20:57:56+00:00 machine gtk-status-bar[1180]: 2026-07-12T20:57:56.408745Z  INFO gtk_status_bar::dbus: Battery is at 73.0%
2026-07-12T20:57:56+00:00 machine gtk-status-bar[1180]: 2026-07-12T20:57:56.408919Z DEBUG gtk_status_bar::widgets: Updating battery label: 🔋 73%
2026-07-12T20:57:56+00:00 machine gtk-status-bar[1180]: 2026-07-12T20:57:56.408959Z DEBUG gtk_status_bar::widgets: 👁️  SHOWING battery widget - data: 🔋 73%
2026-07-12T20:57:56+00:00 machine gtk-status-bar[1180]: 2026-07-12T20:57:56.410380Z  INFO gtk_status_bar::tray: Serving StatusNotifierWatcher for tray applications
2026-07-12T20:57:56+00:00 machine gtk-status-bar[1180]: 2026-07-12T20:57:56.412786Z  INFO gtk_status_bar::dbus: Battery is discharging (state: 2)
2026-07-12T20:57:56+00:00 machine gtk-status-bar[1180]: 2026-07-12T20:57:56.417717Z  INFO gtk_status_bar::dbus: Found 3 Bluetooth objects
2026-07-12T20:57:56+00:00 machine gtk-status-bar[1180]: 2026-07-12T20:57:56.418099Z  INFO gtk_status_bar::dbus: Found Bluetooth device with battery at: /org/bluez/hci0/dev_AA_BB_CC_DD_EE_01
2026-07-12T20:57:56+00:00 machine gtk-status-bar[1180]: 2026-07-12T20:57:56.418116Z  INFO gtk_status_bar::dbus: Bluetooth device battery at 80%
2026-07-12T20:57:56+00:00 machine gtk-status-bar[1180]: 2026-07-12T20:57:56.418134Z DEBUG gtk_status_bar::dbus: Added device /org/bluez/hci0/dev_AA_BB_CC_DD_EE_01 to HashMap (has_battery: true, has_media: false)
2026-07-12T20:57:56+00:00 machine gtk-status-bar[1180]: 2026-07-12T20:57:56.418649Z DEBUG gtk_status_bar::dbus: Initial bluetooth devices: {"/org/bluez/hci0/dev_AA_BB_CC_DD_EE_01": BluetoothDevice { has_battery: true, has_media: false, battery_percentage: Some(80), device_name: Some("Pixel Buds") }}
2026-07-12T20:57:56+00:00 machine gtk-status-bar[1180]: 2026-07-12T20:57:56.419799Z  INFO gtk_status_bar::dbus: Sent initial Bluetooth display: P80
2026-07-12T20:57:56+00:00 machine gtk-status-bar[1180]: 2026-07-12T20:57:56.419818Z  INFO gtk_status_bar::dbus: Dbus monitor: Starting to listen for D-Bus messages
2026-07-12T20:57:56+00:00 machine gtk-status-bar[1180]: 2026-07-12T20:57:56.419835Z DEBUG gtk_status_bar::dbus: Got an event in event stream: Msg { type: MethodReturn, serial: 9, sender: UniqueName(":1.5"), reply-serial: 8, body: Variant, fds: [] }
2026-07-12T20:57:56+00:00 machine gtk-status-bar[1180]: 2026-07-12T20:57:56.419854Z DEBUG gtk_status_bar::dbus: Dbus monitor: Received D-Bus message from path: None, interface: None, member: None
2026-07-12T20:57:56+00:00 machine gtk-status-bar[1180]: 2026-07-12T20:57:56.419877Z ERROR gtk_status_bar::dbus: Dbus monitor: Received message with no path, ignoring
2026-07-12T20:57:56+00:00 machine gtk-status-bar[1180]: 2026-07-12T20:57:56.419894Z DEBUG gtk_status_bar::dbus: Got an event in event stream: Msg { type: MethodReturn, serial: 10, sender: UniqueName(":1.5"), reply-serial: 12, body: Variant, fds: [] }
2026-07-12T20:57:56+00:00 machine gtk-status-bar[1180]: 2026-07-12T20:57:56.419911Z DEBUG gtk_status_bar::dbus: Dbus monitor: Received D-Bus message from path: None, interface: None, member: None
2026-07-12T20:57:56+00:00 machine gtk-status-bar[1180]: 2026-07-12T20:57:56.419927Z ERROR gtk_status_bar::dbus: Dbus monitor: Received message with no path, ignoring
2026-07-12T20:57:56+00:00 machine gtk-status-bar[1180]: 2026-07-12T20:57:56.419943Z DEBUG gtk_status_bar::dbus: Got an event in event stream: Msg { type: MethodReturn, serial: 24, sender: UniqueName(":1.6"), reply-serial: 16, body: Dict { key: Dynamic { child: ObjectPath }, value: Dynamic { child: Dict { key: Dynamic { child: Str }, value: Dynamic { child: Dict { key: Dynamic { child: Str }, value: Dynamic { child: Variant } } } } } }, fds: [] }
2026-07-12T20:57:56+00:00 machine gtk-status-bar[1180]: 2026-07-12T20:57:56.419962Z DEBUG gtk_status_bar::dbus: Dbus monitor: Received D-Bus message from path: None, interface: None, member: None
2026-07-12T20:57:56+00:00 machine gtk-status-bar[1180]: 2026-07-12T20:57:56.419977Z ERROR gtk_status_bar::dbus: Dbus monitor: Received message with no path, ignoring
2026-07-12T20:57:56+00:00 machine gtk-status-bar[1180]: 2026-07-12T20:57:56.422734Z DEBUG gtk_status_bar::widgets: Updating Bluetooth battery label: P80
2026-07-12T20:57:56+00:00 machine gtk-status-bar[1180]: 2026-07-12T20:57:56.422773Z DEBUG gtk_status_bar::widgets: 👁️  SHOWING Bluetooth widget - data: P80
2026-07-12T20:57:56+00:00 machine gtk-status-bar[1180]: 2026-07-12T20:57:56.449147Z DEBUG gtk_status_bar::pw: ✅ Context created
2026-07-12T20:57:56+00:00 machine gtk-status-bar[1180]: 2026-07-12T20:57:56.452985Z DEBUG gtk_status_bar::pw: ✅ Core connected
2026-07-12T20:57:56+00:00 machine gtk-status-bar[1180]: 2026-07-12T20:57:56.453009Z DEBUG gtk_status_bar::pw: ✅ Registry obtained
2026-07-12T20:57:56+00:00 machine gtk-status-bar[1180]: 2026-07-12T20:57:56.453025Z DEBUG gtk_status_bar::pw: 🎵 PipeWire ThreadLoop started - monitoring volume changes with default sink filtering
2026-07-12T20:57:56+00:00 machine gtk-status-bar[1180]: 2026-07-12T20:57:56.453183Z DEBUG gtk_status_bar::pw: ✅ ThreadLoop started successfully
2026-07-12T20:57:56+00:00 machine gtk-status-bar[1180]: 2026-07-12T20:57:56.453201Z DEBUG gtk_status_bar::pw: 🔄 PipeWire thread running - async event delivery active...
2026-07-12T20:57:56+00:00 machine gtk-status-bar[1180]: 2026-07-12T20:57:56.453902Z DEBUG gtk_status_bar::pw: 📡 PipeWire connected: pipewire-0
2026-07-12T20:57:56+00:00 machine gtk-status-bar[1180]: 2026-07-12T20:57:56.454981Z DEBUG gtk_status_bar::pw: 🚫 Skipping metadata '' (props: Some(DictRef { flags: Flags(0x0), entries: {"object.serial": "0", "core.name": "pipewire-0"} }))
2026-07-12T20:57:56+00:00 machine gtk-status-bar[1180]: 2026-07-12T20:57:56.455314Z DEBUG gtk_status_bar::pw: 🚫 Skipping metadata '' (props: Some(DictRef { flags: Flags(0x0), entries: {"object.serial": "1", "module.name": "libpipewire-module-rt"} }))
2026-07-12T20:57:56+00:00 machine gtk-status-bar[1180]: 2026-07-12T20:57:56.455333Z DEBUG gtk_status_bar::pw: 🚫 Skipping metadata '' (props: Some(DictRef { flags: Flags(0x0), entries: {"object.serial": "3"} }))
2026-07-12T20:57:56+00:00 machine gtk-status-bar[1180]: 2026-07-12T20:57:56.455351Z DEBUG gtk_status_bar::pw: 🚫 Skipping metadata '' (props: Some(DictRef { flags: Flags(0x0), entries: {"object.serial": "2", "module.name": "libpipewire-module-protocol-native"} }))
2026-07-12T20:57:56+00:00 machine gtk-status-bar[1180]: 2026-07-12T20:57:56.455368Z DEBUG gtk_status_bar::pw: 🚫 Skipping metadata '' (props: Some(DictRef { flags: Flags(0x0), entries: {"object.serial": "5"} }))
2026-07-12T20:57:56+00:00 machine gtk-status-bar[1180]: 2026-07-12T20:57:56.455388Z DEBUG gtk_status_bar::pw: 🚫 Skipping metadata '' (props: Some(DictRef { flags: Flags(0x0), entries: {"object.serial": "4", "module.name": "libpipewire-module-profiler"} }))
2026-07-12T20:57:56+00:00 machine gtk-status-bar[1180]: 2026-07-12T20:57:56.455409Z DEBUG gtk_status_bar::pw: 🚫 Skipping metadata '' (props: Some(DictRef { flags: Flags(0x0), entries: {"object.serial": "6", "module.name": "libpipewire-module-metadata"} }))
2026-07-12T20:57:56+00:00 machine gtk-status-bar[1180]: 2026-07-12T20:57:56.455430Z DEBUG gtk_status_bar::pw: 🚫 Skipping metadata '' (props: Some(DictRef { flags: Flags(0x0), entries: {"object.serial": "7", "module.id": "6", "factory.name": "metadata", "factory.type.name": "PipeWire:Interface:Metadata", "factory.type.version": "3"} }))
2026-07-12T20:57:56+00:00 machine gtk-status-bar[1180]: 2026-07-12T20:57:56.455452Z DEBUG gtk_status_bar::pw: 🚫 Skipping metadata '' (props: Some(DictRef { flags: Flags(0x0), entries: {"object.serial": "8", "module.name": "libpipewire-module-spa-device-factory"} }))
2026-07-12T20:57:56+00:00 machine gtk-status-bar[1180]: 2026-07-12T20:57:56.455471Z DEBUG gtk_status_bar::pw: 🚫 Skipping metadata '' (props: Some(DictRef { flags: Flags(0x0), entries: {"object.serial": "9", "module.id": "8", "factory.name": "spa-device-factory", "factory.type.name": "PipeWire:Interface:Device", "factory.type.version": "3"} }))
2026-07-12T20:57:56+00:00 machine gtk-status-bar[1180]: 2026-07-12T20:57:56.455488Z DEBUG gtk_status_bar::pw: 🚫 Skipping metadata '' (props: Some(DictRef { flags: Flags(0x0), entries: {"object.serial": "10", "module.name": "libpipewire-module-spa-node-factory"} }))
2026-07-12T20:57:56+00:00 machine gtk-status-bar[1180]: 2026-07-12T20:57:56.455505Z DEBUG gtk_status_bar::pw: 🚫 Skipping metadata '' (props: Some(DictRef { flags: Flags(0x0), entries: {"object.serial": "11", "module.id": "10", "factory.name": "spa-node-factory", "factory.type.name": "PipeWire:Interface:Node", "factory.type.version": "3"} }))
2026-07-12T20:57:56+00:00 machine gtk-status-bar[1180]: 2026-07-12T20:57:56.455522Z DEBUG gtk_status_bar::pw: 🚫 Skipping metadata '' (props: Some(DictRef { flags: Flags(0x0), entries: {"object.serial": "12", "module.name": "libpipewire-module-client-node"} }))
2026-07-12T20:57:56+00:00 machine gtk-status-bar[1180]: 2026-07-12T20:57:56.455539Z DEBUG gtk_status_bar::pw: 🚫 Skipping metadata '' (props: Some(DictRef { flags: Flags(0x0), entries: {"object.serial": "13", "module.id": "12", "factory.name": "client-node", "factory.type.name": "PipeWire:Interface:ClientNode", "factory.type.version": "6"} }))
2026-07-12T20:57:56+00:00 machine gtk-status-bar[1180]: 2026-07-12T20:57:56.455558Z DEBUG gtk_status_bar::pw: 🚫 Skipping metadata '' (props: Some(DictRef { flags: Flags(0x0), entries: {"object.serial": "14", "module.name": "libpipewire-module-client-device"} }))
2026-07-12T20:57:56+00:00 machine gtk-status-bar[1180]: 2026-07-12T20:57:56.455608Z DEBUG gtk_status_bar::pw: 🚫 Skipping metadata '' (props: Some(DictRef { flags: Flags(0x0), entries: {"object.serial": "15", "module.id": "14", "factory.name": "client-device", "factory.type.name": "Spa:Pointer:Interface:Device", "factory.type.version": "0"} }))
2026-07-12T20:57:56+00:00 machine gtk-status-bar[1180]: 2026-07-12T20:57:56.455625Z DEBUG gtk_status_bar::pw: 🚫 Skipping metadata '' (props: Some(DictRef { flags: Flags(0x0), entries: {"object.serial": "16", "module.name": "libpipewire-module-portal"} }))
2026-07-12T20:57:56+00:00 machine gtk-status-bar[1180]: 2026-07-12T20:57:56.455642Z DEBUG gtk_status_bar::pw: 🚫 Skipping metadata '' (props: Some(DictRef { flags: Flags(0x0), entries: {"object.serial": "17", "module.name": "libpipewire-module-access"} }))
2026-07-12T20:57:56+00:00 machine gtk-status-bar[1180]: 2026-07-12T20:57:56.455659Z DEBUG gtk_status_bar::pw: 🚫 Skipping metadata '' (props: Some(DictRef { flags: Flags(0x0), entries: {"object.serial": "18", "module.name": "libpipewire-module-adapter"} }))
2026-07-12T20:57:56+00:00 machine gtk-status-bar[1180]: 2026-07-12T20:57:56.455675Z DEBUG gtk_status_bar::pw: 🚫 Skipping metadata '' (props: Some(DictRef { flags: Flags(0x0), entries: {"object.serial": "19", "module.id": "18", "factory.name": "adapter", "factory.type.name": "PipeWire:Interface:Node", "factory.type.version": "3"} }))
2026-07-12T20:57:56+00:00 machine gtk-status-bar[1180]: 2026-07-12T20:57:56.455700Z DEBUG gtk_status_bar::pw: 🚫 Skipping metadata '' (props: Some(DictRef { flags: Flags(0x0), entries: {"object.serial": "20", "module.name": "libpipewire-module-link-factory"} }))
2026-07-12T20:57:56+00:00 machine gtk-status-bar[1180]: 2026-07-12T20:57:56.455717Z DEBUG gtk_status_bar::pw: 🚫 Skipping metadata '' (props: Some(DictRef { flags: Flags(0x0), entries: {"object.serial": "21", "module.id": "20", "factory.name": "link-factory", "factory.type.name": "PipeWire:Interface:Link", "factory.type.version": "3"} }))
2026-07-12T20:57:56+00:00 machine gtk-status-bar[1180]: 2026-07-12T20:57:56.455737Z DEBUG gtk_status_bar::pw: 🚫 Skipping metadata '' (props: Some(DictRef { flags: Flags(0x0), entries: {"object.serial": "22", "module.name": "libpipewire-module-session-manager"} }))
2026-07-12T20:57:56+00:00 machine gtk-status-bar[1180]: 2026-07-12T20:57:56.455754Z DEBUG gtk_status_bar::pw: 🚫 Skipping metadata '' (props: Some(DictRef { flags: Flags(0x0), entries: {"object.serial": "23", "module.id": "22", "factory.name": "client-endpoint", "factory.type.name": "PipeWire:Interface:ClientEndpoint", "factory.type.version": "0"} }))
2026-07-12T20:57:56+00:00 machine gtk-status-bar[1180]: 2026-07-12T20:57:56.455772Z DEBUG gtk_status_bar::pw: 🚫 Skipping metadata '' (props: Some(DictRef { flags: Flags(0x0), entries: {"object.serial": "24", "module.id": "22", "factory.name": "client-session", "factory.type.name": "PipeWire:Interface:ClientSession", "factory.type.version": "0"} }))
2026-07-12T20:57:56+00:00 machine gtk-status-bar[1180]: 2026-07-12T20:57:56.455789Z DEBUG gtk_status_bar::pw: 🚫 Skipping metadata '' (props: Some(DictRef { flags: Flags(0x0), entries: {"object.serial": "25", "module.id": "22", "factory.name": "session", "factory.type.name": "PipeWire:Interface:Session", "factory.type.version": "0"} }))
2026-07-12T20:57:56+00:00 machine gtk-status-bar[1180]: 2026-07-12T20:57:56.455806Z DEBUG gtk_status_bar::pw: 🚫 Skipping metadata '' (props: Some(DictRef { flags: Flags(0x0), entries: {"object.serial": "26", "module.id": "22", "factory.name": "endpoint", "factory.type.name": "PipeWire:Interface:Endpoint", "factory.type.version": "0"} }))
2026-07-12T20:57:56+00:00 machine gtk-status-bar[1180]: 2026-07-12T20:57:56.455824Z DEBUG gtk_status_bar::pw: 🚫 Skipping metadata '' (props: Some(DictRef { flags: Flags(0x0), entries: {"object.serial": "27", "module.id": "22", "factory.name": "endpoint-stream", "factory.type.name": "PipeWire:Interface:EndpointStream", "factory.type.version": "0"} }))
2026-07-12T20:57:56+00:00 machine gtk-status-bar[1180]: 2026-07-12T20:57:56.455841Z DEBUG gtk_status_bar::pw: 🚫 Skipping metadata '' (props: Some(DictRef { flags: Flags(0x0), entries: {"object.serial": "28", "module.id": "22", "factory.name": "endpoint-link", "factory.type.name": "PipeWire:Interface:EndpointLink", "factory.type.version": "0"} }))
2026-07-12T20:57:56+00:00 machine gtk-status-bar[1180]: 2026-07-12T20:57:56.455858Z DEBUG gtk_status_bar::pw: 🚫 Skipping metadata '' (props: Some(DictRef { flags: Flags(0x0), entries: {"object.serial": "29", "module.name": "libpipewire-module-x11-bell"} }))
2026-07-12T20:57:56+00:00 machine gtk-status-bar[1180]: 2026-07-12T20:57:56.455874Z DEBUG gtk_status_bar::pw: 🚫 Skipping metadata '' (props: Some(DictRef { flags: Flags(0x0), entries: {"object.serial": "30", "module.name": "libpipewire-module-jackdbus-detect"} }))
2026-07-12T20:57:56+00:00 machine gtk-status-bar[1180]: 2026-07-12T20:57:56.455893Z DEBUG gtk_status_bar::pw: 🚫 Skipping metadata '' (props: Some(DictRef { flags: Flags(0x0), entries: {"object.serial": "31", "factory.id": "11", "priority.driver": "200000", "node.name": "Dummy-Driver"} }))
2026-07-12T20:57:56+00:00 machine gtk-status-bar[1180]: 2026-07-12T20:57:56.455910Z DEBUG gtk_status_bar::pw: 🔍 Checking node - media.class: None
2026-07-12T20:57:56+00:00 machine gtk-status-bar[1180]: 2026-07-12T20:57:56.455924Z DEBUG gtk_status_bar::pw: 🔍 Node filter result: false for media.class: None
2026-07-12T20:57:56+00:00 machine gtk-status-bar[1180]: 2026-07-12T20:57:56.455939Z DEBUG gtk_status_bar::pw: 🚫 Skipping metadata '' (props: Some(DictRef { flags: Flags(0x0), entries: {"object.serial": "32", "factory.id": "11", "priority.driver": "190000", "node.name": "Freewheel-Driver"} }))
2026-07-12T20:57:56+00:00 machine gtk-status-bar[1180]: 2026-07-12T20:57:56.455955Z DEBUG gtk_status_bar::pw: 🔍 Checking node - media.class: None
2026-07-12T20:57:56+00:00 machine gtk-status-bar[1180]: 2026-07-12T20:57:56.455969Z DEBUG gtk_status_bar::pw: 🔍 Node filter result: false for media.class: None
2026-07-12T20:57:56+00:00 machine gtk-status-bar[1180]: 2026-07-12T20:57:56.455984Z DEBUG gtk_status_bar::pw: 🚫 Skipping metadata 'settings' (props: Some(DictRef { flags: Flags(0x0), entries: {"object.serial": "33", "metadata.name": "settings"} }))
2026-07-12T20:57:56+00:00 machine gtk-status-bar[1180]: 2026-07-12T20:57:56.456001Z DEBUG gtk_status_bar::pw: 🚫 Skipping metadata '' (props: Some(DictRef { flags: Flags(0x0), entries: {"object.serial": "34", "module.id": "2", "pipewire.protocol": "protocol-native", "pipewire.sec.pid": "1262", "pipewire.sec.uid": "1000", "pipewire.sec.gid": "100", "pipewire.sec.socket": "pipewire-0", "application.name": ".xdg-desktop-portal-wrapped", "pipewire.access": "unrestricted"} }))
2026-07-12T20:57:56+00:00 machine gtk-status-bar[1180]: 2026-07-12T20:57:56.456019Z DEBUG gtk_status_bar::pw: 🚫 Skipping metadata '' (props: Some(DictRef { flags: Flags(0x0), entries: {"object.serial": "35", "module.id": "2", "pipewire.protocol": "protocol-native", "pipewire.sec.pid": "1325", "pipewire.sec.uid": "1000", "pipewire.sec.gid": "100", "pipewire.sec.socket": "pipewire-0-manager", "application.name": "WirePlumber", "pipewire.access": "unrestricted"} }))
2026-07-12T20:57:56+00:00 machine gtk-status-bar[1180]: 2026-07-12T20:57:56.456047Z DEBUG gtk_status_bar::pw: 🚫 Skipping metadata 'schema-sm-settings' (props: Some(DictRef { flags: Flags(0x0), entries: {"metadata.name": "schema-sm-settings", "factory.id": "7", "module.id": "6", "client.id": "35", "object.serial": "36"} }))
2026-07-12T20:57:56+00:00 machine gtk-status-bar[1180]: 2026-07-12T20:57:56.456065Z DEBUG gtk_status_bar::pw: 🚫 Skipping metadata 'persistent-sm-settings' (props: Some(DictRef { flags: Flags(0x0), entries: {"metadata.name": "persistent-sm-settings", "factory.id": "7", "module.id": "6", "client.id": "35", "object.serial": "37"} }))
2026-07-12T20:57:56+00:00 machine gtk-status-bar[1180]: 2026-07-12T20:57:56.456085Z DEBUG gtk_status_bar::pw: 🚫 Skipping metadata 'sm-settings' (props: Some(DictRef { flags: Flags(0x0), entries: {"metadata.name": "sm-settings", "factory.id": "7", "module.id": "6", "client.id": "35", "object.serial": "38"} }))
2026-07-12T20:57:56+00:00 machine gtk-status-bar[1180]: 2026-07-12T20:57:56.456102Z DEBUG gtk_status_bar::pw: 🚫 Skipping metadata 'sm-objects' (props: Some(DictRef { flags: Flags(0x0), entries: {"metadata.name": "sm-objects", "factory.id": "7", "module.id": "6", "client.id": "35", "object.serial": "39"} }))
2026-07-12T20:57:56+00:00 machine gtk-status-bar[1180]: 2026-07-12T20:57:56.456119Z DEBUG gtk_status_bar::pw: 🚫 Skipping metadata 'default-profile' (props: Some(DictRef { flags: Flags(0x0), entries: {"wireplumber.state": "true", "metadata.name": "default-profile", "factory.id": "7", "module.id": "6", "client.id": "35", "object.serial": "40"} }))
2026-07-12T20:57:56+00:00 machine gtk-status-bar[1180]: 2026-07-12T20:57:56.456136Z DEBUG gtk_status_bar::pw: ✅ Processing metadata.name == default
2026-07-12T20:57:56+00:00 machine gtk-status-bar[1180]: 2026-07-12T20:57:56.456150Z DEBUG gtk_status_bar::pw: 📋 Found metadata object: Some(DictRef { flags: Flags(0x0), entries: {"metadata.name": "default", "factory.id": "7", "module.id": "6", "client.id": "35", "object.serial": "42"} })
2026-07-12T20:57:56+00:00 machine gtk-status-bar[1180]: 2026-07-12T20:57:56.456178Z DEBUG gtk_status_bar::pw: 📋 Bound 'default' Metadata (id=3)
2026-07-12T20:57:56+00:00 machine gtk-status-bar[1180]: 2026-07-12T20:57:56.457236Z DEBUG gtk_status_bar::pw: 🚫 Skipping metadata 'filters' (props: Some(DictRef { flags: Flags(0x0), entries: {"metadata.name": "filters", "factory.id": "7", "module.id": "6", "client.id": "35", "object.serial": "43"} }))
2026-07-12T20:57:56+00:00 machine gtk-status-bar[1180]: 2026-07-12T20:57:56.457274Z DEBUG gtk_status_bar::pw: 🚫 Skipping metadata '' (props: Some(DictRef { flags: Flags(0x0), entries: {"object.serial": "41", "module.id": "2", "pipewire.protocol": "protocol-native", "pipewire.sec.pid": "1335", "pipewire.sec.uid": "1000", "pipewire.sec.gid": "100", "pipewire.sec.socket": "pipewire-0", "application.name": ".xdg-desktop-portal-hyprland-wrapped", "pipewire.access": "unrestricted"} }))
2026-07-12T20:57:56+00:00 machine gtk-status-bar[1180]: 2026-07-12T20:57:56.457300Z DEBUG gtk_status_bar::pw: 🚫 Skipping metadata 'route-settings' (props: Some(DictRef { flags: Flags(0x0), entries: {"metadata.name": "route-settings", "factory.id": "7", "module.id": "6", "client.id": "35", "object.serial": "44"} }))
2026-07-12T20:57:56+00:00 machine gtk-status-bar[1180]: 2026-07-12T20:57:56.457328Z DEBUG gtk_status_bar::pw: 🚫 Skipping metadata '' (props: Some(DictRef { flags: Flags(0x0), entries: {"object.serial": "45", "module.id": "2", "pipewire.protocol": "protocol-native", "pipewire.sec.pid": "1325", "pipewire.sec.uid": "1000", "pipewire.sec.gid": "100", "pipewire.sec.socket": "pipewire-0-manager", "application.name": "WirePlumber [export]", "pipewire.access": "unrestricted"} }))
2026-07-12T20:57:56+00:00 machine gtk-status-bar[1180]: 2026-07-12T20:57:56.457356Z DEBUG gtk_status_bar::pw: 🚫 Skipping metadata '' (props: Some(DictRef { flags: Flags(0x0), entries: {"object.serial": "46", "factory.id": "11", "client.id": "45", "priority.session": "100", "priority.driver": "1", "node.name": "Midi-Bridge", "media.class": "Midi/Bridge"} }))
2026-07-12T20:57:56+00:00 machine gtk-status-bar[1180]: 2026-07-12T20:57:56.457376Z DEBUG gtk_status_bar::pw: 🔍 Checking node - media.class: Some("Midi/Bridge")
2026-07-12T20:57:56+00:00 machine gtk-status-bar[1180]: 2026-07-12T20:57:56.457887Z DEBUG gtk_status_bar::pw: 🔍 Node filter result: false for media.class: Some("Midi/Bridge")
2026-07-12T20:57:56+00:00 machine gtk-status-bar[1180]: 2026-07-12T20:57:56.457917Z DEBUG gtk_status_bar::pw: 🚫 Skipping metadata '' (props: Some(DictRef { flags: Flags(0x0), entries: {"object.serial": "47", "object.path": "alsa:seq:default:client_14:playback_0", "format.dsp": "8 bit raw midi", "node.id": "46", "port.id": "0", "port.name": "Midi Through: Port-0 (playback)", "port.direction": "in", "port.physical": "true", "port.terminal": "true", "port.alias": "Midi Through:Midi Through Port-0", "port.group": "client_14"} }))
2026-07-12T20:57:56+00:00 machine gtk-status-bar[1180]: 2026-07-12T20:57:56.457953Z DEBUG gtk_status_bar::pw: 🚫 Skipping metadata '' (props: Some(DictRef { flags: Flags(0x0), entries: {"object.serial": "48", "object.path": "alsa:seq:default:client_14:capture_0", "format.dsp": "8 bit raw midi", "node.id": "46", "port.id": "0", "port.name": "Midi Through: Port-0 (capture)", "port.direction": "out", "port.physical": "true", "port.terminal": "true", "port.alias": "Midi Through:Midi Through Port-0", "port.group": "client_14"} }))
2026-07-12T20:57:56+00:00 machine gtk-status-bar[1180]: 2026-07-12T20:57:56.457982Z DEBUG gtk_status_bar::pw: 🚫 Skipping metadata '' (props: Some(DictRef { flags: Flags(0x0), entries: {"object.serial": "49", "factory.id": "14", "client.id": "45", "node.description": "BLE MIDI 1", "node.name": "bluez_midi.server", "media.class": "Midi/Bridge"} }))
2026-07-12T20:57:56+00:00 machine gtk-status-bar[1180]: 2026-07-12T20:57:56.458007Z DEBUG gtk_status_bar::pw: 🔍 Checking node - media.class: Some("Midi/Bridge")
2026-07-12T20:57:56+00:00 machine gtk-status-bar[1180]: 2026-07-12T20:57:56.458036Z DEBUG gtk_status_bar::pw: 🔍 Node filter result: false for media.class: Some("Midi/Bridge")
2026-07-12T20:57:56+00:00 machine gtk-status-bar[1180]: 2026-07-12T20:57:56.458061Z DEBUG gtk_status_bar::pw: 🚫 Skipping metadata '' (props: Some(DictRef { flags: Flags(0x0), entries: {"object.serial": "50", "object.path": "bluez_midi.server:input_0", "format.dsp": "8 bit raw midi", "node.id": "49", "port.id": "0", "port.name": "in", "port.direction": "in", "port.physical": "true", "port.terminal": "true", "port.alias": "in", "port.group": "group.0"} }))
2026-07-12T20:57:56+00:00 machine gtk-status-bar[1180]: 2026-07-12T20:57:56.458090Z DEBUG gtk_status_bar::pw: 🚫 Skipping metadata '' (props: Some(DictRef { flags: Flags(0x0), entries: {"object.serial": "51", "object.path": "bluez_midi.server:output_0", "format.dsp": "8 bit raw midi", "node.id": "49", "port.id": "0", "port.name": "out", "port.direction": "out", "port.physical": "true", "port.terminal": "true", "port.alias": "out", "port.group": "group.0"} }))
2026-07-12T20:57:56+00:00 machine gtk-status-bar[1180]: 2026-07-12T20:57:56.458159Z DEBUG gtk_status_bar::pw: 🚫 Skipping metadata '' (props: Some(DictRef { flags: Flags(0x0), entries: {"object.serial": "52", "module.id": "2", "pipewire.protocol": "protocol-native", "pipewire.sec.pid": "1180", "pipewire.sec.uid": "1000", "pipewire.sec.gid": "100", "pipewire.sec.socket": "pipewire-0", "application.name": ".gtk-status-bar-wrapped", "pipewire.access": "unrestricted"} }))
2026-07-12T20:57:56+00:00 machine gtk-status-bar[1180]: 2026-07-12T20:57:56.970253Z  INFO gtk_status_bar::tray: Status notifier item registered item=":1.42/StatusNotifierItem"
2026-07-12T20:57:57+00:00 machine gtk-status-bar[1180]: 2026-07-12T20:57:57.056090Z DEBUG gtk_status_bar::hypr: Initial title: ""
2026-07-12T20:57:57+00:00 machine gtk-status-bar[1180]: 2026-07-12T20:57:57.057419Z  INFO gtk_status_bar::hypr: Starting title event listener
2026-07-12T20:57:57+00:00 machine gtk-status-bar[1180]: 2026-07-12T20:57:57.062659Z  INFO gtk_status_bar::hypr: Starting workspace event listener
2026-07-12T20:57:57+00:00 machine gtk-status-bar[1180]: 2026-07-12T20:57:57.108450Z  INFO gtk_status_bar::widgets: Added system tray item item=":1.42/StatusNotifierItem"
2026-07-12T20:57:57+00:00 machine gtk-status-bar[1180]: 2026-07-12T20:57:57.155545Z DEBUG gtk_status_bar::widgets: Updating workspace - label: 'Workspace u', color for workspace: 1
2026-07-12T20:57:57+00:00 machine gtk-status-bar[1180]: 2026-07-12T20:57:57.155761Z DEBUG gtk_status_bar::widgets: Updated title widget color to: rgba(122, 162, 247, 0.5) for workspace: 1
2026-07-12T20:57:57+00:00 machine gtk-status-bar[1180]: 2026-07-12T20:57:57.155817Z DEBUG gtk_status_bar::widgets: Updating title label:
2026-07-12T20:57:57+00:00 machine gtk-status-bar[1180]: 2026-07-12T20:57:57.199638Z DEBUG gtk_status_bar::pw: 🚫 Skipping metadata '' (props: Some(DictRef { flags: Flags(0x0), entries: {"object.serial": "53", "module.id": "2", "pipewire.protocol": "protocol-native", "pipewire.sec.pid": "1387", "pipewire.sec.uid": "1000", "pipewire.sec.gid": "100", "pipewire.sec.socket": "pipewire-0", "application.name": "pipewire", "pipewire.access": "unrestricted"} }))
2026-07-12T20:57:57+00:00 machine gtk-status-bar[1180]: 2026-07-12T20:57:57.233339Z DEBUG gtk_status_bar::pw: 🚫 Skipping metadata '' (props: Some(DictRef { flags: Flags(0x0), entries: {"object.serial": "54", "factory.id": "19", "client.id": "53", "node.description": "Dummy Output", "node.name": "auto_null", "media.class": "Audio/Sink"} }))
2026-07-12T20:57:57+00:00 machine gtk-status-bar[1180]: 2026-07-12T20:57:57.233377Z DEBUG gtk_status_bar::pw: 🔍 Checking node - media.class: Some("Audio/Sink")
2026-07-12T20:57:57+00:00 machine gtk-status-bar[1180]: 2026-07-12T20:57:57.233394Z DEBUG gtk_status_bar::pw: 🔍 Node filter result: true for media.class: Some("Audio/Sink")
2026-07-12T20:57:57+00:00 machine gtk-status-bar[1180]: 2026-07-12T20:57:57.233423Z DEBUG gtk_status_bar::pw: 📱 Monitoring audio node: Dummy Output (4) [node.name: auto_null]
2026-07-12T20:57:57+00:00 machine gtk-status-bar[1180]: 2026-07-12T20:57:57.233438Z DEBUG gtk_status_bar::pw: 🔗 ADDING NODE LISTENER for node.name: auto_null
2026-07-12T20:57:57+00:00 machine gtk-status-bar[1180]: 2026-07-12T20:57:57.233455Z DEBUG gtk_status_bar::pw: 📝 Added device to HashMap: 4 -> (auto_null, Dummy Output, no volume yet)
2026-07-12T20:57:57+00:00 machine gtk-status-bar[1180]: 2026-07-12T20:57:57.233470Z DEBUG gtk_status_bar::pw: 🗂️ Current device map size: 1
2026-07-12T20:57:57+00:00 machine gtk-status-bar[1180]: 2026-07-12T20:57:57.240710Z DEBUG gtk_status_bar::pw: 🚫 Skipping metadata '' (props: Some(DictRef { flags: Flags(0x0), entries: {"object.serial": "55", "module.id": "2", "pipewire.protocol": "protocol-native", "pipewire.sec.pid": "1387", "pipewire.sec.uid": "1000", "pipewire.sec.gid": "100", "pipewire.sec.socket": "pipewire-0", "application.name": "Blueman", "pipewire.access": "unrestricted"} }))
2026-07-12T20:57:57+00:00 machine gtk-status-bar[1180]: 2026-07-12T20:57:57.241851Z DEBUG gtk_status_bar::pw: 🎛️  NODE PARAM CALLBACK: Dummy Output (4) received Props param
2026-07-12T20:57:57+00:00 machine gtk-status-bar[1180]: 2026-07-12T20:57:57.242403Z DEBUG gtk_status_bar::pw: 🔊 Node 4: Dummy Output - Vol: Some(100)% | Ch: Some(100)% | Mute: Some(false) [CACHING]
2026-07-12T20:57:57+00:00 machine gtk-status-bar[1180]: 2026-07-12T20:57:57.242421Z DEBUG gtk_status_bar::pw: 📝 Updated volume cache for device 4: Dummy Output -> Vol: Some(100)%, Ch: Some(100)%, Mute: Some(false)
2026-07-12T20:57:57+00:00 machine gtk-status-bar[1180]: 2026-07-12T20:57:57.242436Z DEBUG gtk_status_bar::pw: 🎯 Checking if device 4 is default: current_default=None, node_name=auto_null, is_default=false
2026-07-12T20:57:57+00:00 machine gtk-status-bar[1180]: 2026-07-12T20:57:57.242451Z DEBUG gtk_status_bar::pw: 📊 Cached volume for non-default device 4 (Dummy Output)
2026-07-12T20:57:57+00:00 machine gtk-status-bar[1180]: 2026-07-12T20:57:57.242467Z ERROR gtk_status_bar::pw: ❌ PipeWire error id:4 seq:5 res:-2: enum params id:13 (Spa:Enum:ParamId:Route) failed
2026-07-12T20:57:57+00:00 machine gtk-status-bar[1180]: 2026-07-12T20:57:57.247706Z DEBUG gtk_status_bar::pw: 🎛️  NODE PARAM CALLBACK: Dummy Output (4) received Props param
2026-07-12T20:57:57+00:00 machine gtk-status-bar[1180]: 2026-07-12T20:57:57.247734Z DEBUG gtk_status_bar::pw: 🔊 Node 4: Dummy Output - Vol: Some(100)% | Ch: Some(100)% | Mute: Some(false) [CACHING]
2026-07-12T20:57:57+00:00 machine gtk-status-bar[1180]: 2026-07-12T20:57:57.247750Z DEBUG gtk_status_bar::pw: 📝 Updated volume cache for device 4: Dummy Output -> Vol: Some(100)%, Ch: Some(100)%, Mute: Some(false)
2026-07-12T20:57:57+00:00 machine gtk-status-bar[1180]: 2026-07-12T20:57:57.247765Z DEBUG gtk_status_bar::pw: 🎯 Checking if device 4 is default: current_default=None, node_name=auto_null, is_default=false
2026-07-12T20:57:57+00:00 machine gtk-status-bar[1180]: 2026-07-12T20:57:57.247779Z DEBUG gtk_status_bar::pw: 📊 Cached volume for non-default device 4 (Dummy Output)
2026-07-12T20:57:57+00:00 machine gtk-status-bar[1180]: 2026-07-12T20:57:57.247803Z DEBUG gtk_status_bar::pw: 🎛️  NODE PARAM CALLBACK: Dummy Output (4) received Props param
2026-07-12T20:57:57+00:00 machine gtk-status-bar[1180]: 2026-07-12T20:57:57.247818Z DEBUG gtk_status_bar::pw: 🔊 Node 4: Dummy Output - Vol: Some(100)% | Ch: Some(100)% | Mute: Some(false) [CACHING]
2026-07-12T20:57:57+00:00 machine gtk-status-bar[1180]: 2026-07-12T20:57:57.247832Z DEBUG gtk_status_bar::pw: 📝 Updated volume cache for device 4: Dummy Output -> Vol: Some(100)%, Ch: Some(100)%, Mute: Some(false)
2026-07-12T20:57:57+00:00 machine gtk-status-bar[1180]: 2026-07-12T20:57:57.247847Z DEBUG gtk_status_bar::pw: 🎯 Checking if device 4 is default: current_default=None, node_name=auto_null, is_default=false
2026-07-12T20:57:57+00:00 machine gtk-status-bar[1180]: 2026-07-12T20:57:57.247860Z DEBUG gtk_status_bar::pw: 📊 Cached volume for non-default device 4 (Dummy Output)
2026-07-12T20:57:57+00:00 machine gtk-status-bar[1180]: 2026-07-12T20:57:57.247879Z DEBUG gtk_status_bar::pw: 🚫 Skipping metadata '' (props: Some(DictRef { flags: Flags(0x0), entries: {"object.serial": "56", "object.path": "auto_null:playback_0", "format.dsp": "32 bit float mono audio", "node.id": "54", "audio.channel": "FL", "port.id": "0", "port.name": "playback_FL", "port.direction": "in", "port.alias": "Dummy Output:playback_FL", "port.group": "stream.0"} }))
2026-07-12T20:57:57+00:00 machine gtk-status-bar[1180]: 2026-07-12T20:57:57.247899Z DEBUG gtk_status_bar::pw: 🚫 Skipping metadata '' (props: Some(DictRef { flags: Flags(0x0), entries: {"object.serial": "57", "object.path": "auto_null:playback_1", "format.dsp": "32 bit float mono audio", "node.id": "54", "audio.channel": "FR", "port.id": "1", "port.name": "playback_FR", "port.direction": "in", "port.alias": "Dummy Output:playback_FR", "port.group": "stream.0"} }))
2026-07-12T20:57:57+00:00 machine gtk-status-bar[1180]: 2026-07-12T20:57:57.247918Z DEBUG gtk_status_bar::pw: 🚫 Skipping metadata '' (props: Some(DictRef { flags: Flags(0x0), entries: {"object.serial": "58", "object.path": "auto_null:monitor_0", "format.dsp": "32 bit float mono audio", "node.id": "54", "audio.channel": "FL", "port.id": "0", "port.name": "monitor_FL", "port.direction": "out", "port.monitor": "true", "port.alias": "Dummy Output:monitor_FL", "port.group": "stream.0"} }))
2026-07-12T20:57:57+00:00 machine gtk-status-bar[1180]: 2026-07-12T20:57:57.247937Z DEBUG gtk_status_bar::pw: 🚫 Skipping metadata '' (props: Some(DictRef { flags: Flags(0x0), entries: {"object.serial": "59", "object.path": "auto_null:monitor_1", "format.dsp": "32 bit float mono audio", "node.id": "54", "audio.channel": "FR", "port.id": "1", "port.name": "monitor_FR", "port.direction": "out", "port.monitor": "true", "port.alias": "Dummy Output:monitor_FR", "port.group": "stream.0"} }))
2026-07-12T20:57:57+00:00 machine gtk-status-bar[1180]: 2026-07-12T20:57:57.247955Z DEBUG gtk_status_bar::pw: 🎛️  NODE PARAM CALLBACK: Dummy Output (4) received Props param
2026-07-12T20:57:57+00:00 machine gtk-status-bar[1180]: 2026-07-12T20:57:57.247971Z DEBUG gtk_status_bar::pw: 🔊 Node 4: Dummy Output - Vol: Some(100)% | Ch: Some(100)% | Mute: Some(false) [CACHING]
2026-07-12T20:57:57+00:00 machine gtk-status-bar[1180]: 2026-07-12T20:57:57.247986Z DEBUG gtk_status_bar::pw: 📝 Updated volume cache for device 4: Dummy Output -> Vol: Some(100)%, Ch: Some(100)%, Mute: Some(false)
2026-07-12T20:57:57+00:00 machine gtk-status-bar[1180]: 2026-07-12T20:57:57.248000Z DEBUG gtk_status_bar::pw: 🎯 Checking if device 4 is default: current_default=None, node_name=auto_null, is_default=false
2026-07-12T20:57:57+00:00 machine gtk-status-bar[1180]: 2026-07-12T20:57:57.248014Z DEBUG gtk_status_bar::pw: 📊 Cached volume for non-default device 4 (Dummy Output)
2026-07-12T20:57:57+00:00 machine gtk-status-bar[1180]: 2026-07-12T20:57:57.256099Z DEBUG gtk_status_bar::pw: 🎛️  NODE PARAM CALLBACK: Dummy Output (4) received Props param
2026-07-12T20:57:57+00:00 machine gtk-status-bar[1180]: 2026-07-12T20:57:57.256139Z DEBUG gtk_status_bar::pw: 🔊 Node 4: Dummy Output - Vol: Some(100)% | Ch: Some(100)% | Mute: Some(false) [CACHING]
2026-07-12T20:57:57+00:00 machine gtk-status-bar[1180]: 2026-07-12T20:57:57.256165Z DEBUG gtk_status_bar::pw: 📝 Updated volume cache for device 4: Dummy Output -> Vol: Some(100)%, Ch: Some(100)%, Mute: Some(false)
2026-07-12T20:57:57+00:00 machine gtk-status-bar[1180]: 2026-07-12T20:57:57.256189Z DEBUG gtk_status_bar::pw: 🎯 Checking if device 4 is default: current_default=None, node_name=auto_null, is_default=false
2026-07-12T20:57:57+00:00 machine gtk-status-bar[1180]: 2026-07-12T20:57:57.256212Z DEBUG gtk_status_bar::pw: 📊 Cached volume for non-default device 4 (Dummy Output)
2026-07-12T20:57:57+00:00 machine gtk-status-bar[1180]: 2026-07-12T20:57:57.264083Z DEBUG gtk_status_bar::pw: 📝 metadata.property subject=0 key=Some("default.audio.sink") value=Some("{\"name\":\"auto_null\"}")
2026-07-12T20:57:57+00:00 machine gtk-status-bar[1180]: 2026-07-12T20:57:57.264110Z DEBUG gtk_status_bar::pw: 🔍 Processing metadata property: default.audio.sink={"name":"auto_null"}
2026-07-12T20:57:57+00:00 machine gtk-status-bar[1180]: 2026-07-12T20:57:57.264133Z  INFO gtk_status_bar::pw: 🔄 Default sink -> auto_null
2026-07-12T20:57:57+00:00 machine gtk-status-bar[1180]: 2026-07-12T20:57:57.264149Z DEBUG gtk_status_bar::pw: 🎯 SINK CHANGE: None -> auto_null (should trigger volume fetch)
2026-07-12T20:57:57+00:00 machine gtk-status-bar[1180]: 2026-07-12T20:57:57.264164Z DEBUG gtk_status_bar::pw: 🗂️ Searching device map for default sink 'auto_null'
2026-07-12T20:57:57+00:00 machine gtk-status-bar[1180]: 2026-07-12T20:57:57.264178Z DEBUG gtk_status_bar::pw: 🗂️ Current device map contents: {4: ("auto_null", "Dummy Output", Some(100), Some(100), Some(false))}
2026-07-12T20:57:57+00:00 machine gtk-status-bar[1180]: 2026-07-12T20:57:57.264196Z DEBUG gtk_status_bar::pw: 🔍 Checking device 4: node_name='auto_null', description='Dummy Output' against default sink 'auto_null'
2026-07-12T20:57:57+00:00 machine gtk-status-bar[1180]: 2026-07-12T20:57:57.264211Z DEBUG gtk_status_bar::pw: 🎯 MATCH! Found device 4 with node_name 'auto_null' matching default sink
2026-07-12T20:57:57+00:00 machine gtk-status-bar[1180]: 2026-07-12T20:57:57.264225Z DEBUG gtk_status_bar::pw: 🎨 Updating GUI label to: 'Dummy Output' with cached volume data
2026-07-12T20:57:57+00:00 machine gtk-status-bar[1180]: 2026-07-12T20:57:57.264239Z DEBUG gtk_status_bar::pw: 💾 Cached volume data: Vol: Some(100)%, Ch: Some(100)%, Mute: Some(false)
2026-07-12T20:57:57+00:00 machine gtk-status-bar[1180]: 2026-07-12T20:57:57.264265Z DEBUG gtk_status_bar::pw: ✅ Sent REAL volume data to GUI: 'Dummy Output' Vol: Some(100)%, Ch: Some(100)%, Mute: Some(false)
2026-07-12T20:57:57+00:00 machine gtk-status-bar[1180]: 2026-07-12T20:57:57.264711Z DEBUG gtk_status_bar::widgets: 📺 GTK UI updated via ASYNC: 🔊D100
2026-07-12T20:57:58+00:00 machine gtk-status-bar[1180]: 2026-07-12T20:57:58.654160Z  INFO gtk_status_bar::tray: Status notifier item registered item=":1.46/org/blueman/sni"
2026-07-12T20:57:58+00:00 machine gtk-status-bar[1180]: 2026-07-12T20:57:58.676745Z DEBUG gtk_status_bar::tray: Tray item property is unavailable property="IconPixmap" error=org.freedesktop.DBus.Error.InvalidArgs: No such property “IconPixmap”
2026-07-12T20:57:58+00:00 machine gtk-status-bar[1180]: 2026-07-12T20:57:58.679318Z DEBUG gtk_status_bar::tray: Tray item property is unavailable property="IconThemePath" error=org.freedesktop.DBus.Error.InvalidArgs: No such property “IconThemePath”
2026-07-12T20:57:58+00:00 machine gtk-status-bar[1180]: 2026-07-12T20:57:58.689836Z  INFO gtk_status_bar::widgets: Added system tray item item=":1.46/org/blueman/sni"
2026-07-12T20:58:03+00:00 machine gtk-status-bar[1180]: 2026-07-12T20:58:03.304764Z DEBUG gtk_status_bar::hypr: Handling workspace change event
2026-07-12T20:58:03+00:00 machine gtk-status-bar[1180]: 2026-07-12T20:58:03.304798Z DEBUG gtk_status_bar::hypr: Workspace changed to: Workspace i
2026-07-12T20:58:03+00:00 machine gtk-status-bar[1180]: 2026-07-12T20:58:03.305024Z DEBUG gtk_status_bar::widgets: Updating workspace - label: 'Workspace i', color for workspace: 2
2026-07-12T20:58:03+00:00 machine gtk-status-bar[1180]: 2026-07-12T20:58:03.305229Z DEBUG gtk_status_bar::widgets: Updated title widget color to: rgba(125, 207, 255, 0.5) for workspace: 2
2026-07-12T20:58:05+00:00 machine gtk-status-bar[1180]: 2026-07-12T20:58:05.928404Z DEBUG gtk_status_bar::hypr: Handling workspace change event
2026-07-12T20:58:05+00:00 machine gtk-status-bar[1180]: 2026-07-12T20:58:05.928436Z DEBUG gtk_status_bar::hypr: Workspace changed to: Workspace c
2026-07-12T20:58:05+00:00 machine gtk-status-bar[1180]: 2026-07-12T20:58:05.929259Z DEBUG gtk_status_bar::widgets: Updating workspace - label: 'Workspace c', color for workspace: 10
2026-07-12T20:58:05+00:00 machine gtk-status-bar[1180]: 2026-07-12T20:58:05.929766Z DEBUG gtk_status_bar::widgets: Updated title widget color to: rgba(13, 185, 215, 0.5) for workspace: 10
2026-07-12T20:58:08+00:00 machine gtk-status-bar[1180]: 2026-07-12T20:58:08.623972Z DEBUG gtk_status_bar::hypr: Handling workspace change event
2026-07-12T20:58:08+00:00 machine gtk-status-bar[1180]: 2026-07-12T20:58:08.624002Z DEBUG gtk_status_bar::hypr: Workspace changed to: Workspace 11
2026-07-12T20:58:08+00:00 machine gtk-status-bar[1180]: 2026-07-12T20:58:08.625246Z DEBUG gtk_status_bar::widgets: Updating workspace - label: 'Workspace 11', color for workspace: 11
2026-07-12T20:58:08+00:00 machine gtk-status-bar[1180]: 2026-07-12T20:58:08.625455Z DEBUG gtk_status_bar::widgets: Updated title widget color to: rgba(67, 233, 123, 0.5) for workspace: 11
2026-07-12T20:58:11+00:00 machine gtk-status-bar[1180]: 2026-07-12T20:58:11.247045Z DEBUG gtk_status_bar::widgets: Updating workspace - label: 'Special: evidence', color for workspace: -99
2026-07-12T20:58:11+00:00 machine gtk-status-bar[1180]: 2026-07-12T20:58:11.247507Z DEBUG gtk_status_bar::widgets: Updated title widget color to: rgba(67, 233, 123, 0.5) for workspace: -99
2026-07-12T20:58:13+00:00 machine gtk-status-bar[1180]: 2026-07-12T20:58:13.872996Z DEBUG gtk_status_bar::widgets: Updating workspace - label: 'Workspace 11', color for workspace: 11
2026-07-12T20:58:13+00:00 machine gtk-status-bar[1180]: 2026-07-12T20:58:13.873170Z DEBUG gtk_status_bar::widgets: Updated title widget color to: rgba(67, 233, 123, 0.5) for workspace: 11
2026-07-12T20:58:14+00:00 machine gtk-status-bar[1180]: 2026-07-12T20:58:14.051093Z DEBUG gtk_status_bar::widgets: Updating workspace - label: 'Special: special', color for workspace: -99
2026-07-12T20:58:14+00:00 machine gtk-status-bar[1180]: 2026-07-12T20:58:14.051292Z DEBUG gtk_status_bar::widgets: Updated title widget color to: rgba(67, 233, 123, 0.5) for workspace: -99
2026-07-12T20:58:16+00:00 machine gtk-status-bar[1180]: 2026-07-12T20:58:16.674297Z DEBUG gtk_status_bar::widgets: Updating workspace - label: 'Workspace 11', color for workspace: 11
2026-07-12T20:58:16+00:00 machine gtk-status-bar[1180]: 2026-07-12T20:58:16.674738Z DEBUG gtk_status_bar::widgets: Updated title widget color to: rgba(67, 233, 123, 0.5) for workspace: 11
2026-07-12T20:58:16+00:00 machine gtk-status-bar[1180]: 2026-07-12T20:58:16.865519Z DEBUG gtk_status_bar::hypr: Handling workspace change event
2026-07-12T20:58:16+00:00 machine gtk-status-bar[1180]: 2026-07-12T20:58:16.865620Z DEBUG gtk_status_bar::hypr: Workspace changed to: Workspace u
2026-07-12T20:58:16+00:00 machine gtk-status-bar[1180]: 2026-07-12T20:58:16.865822Z DEBUG gtk_status_bar::widgets: Updating workspace - label: 'Workspace u', color for workspace: 1
2026-07-12T20:58:16+00:00 machine gtk-status-bar[1180]: 2026-07-12T20:58:16.897082Z DEBUG gtk_status_bar::widgets: Updated title widget color to: rgba(122, 162, 247, 0.5) for workspace: 1
2026-07-12T20:58:17+00:00 machine gtk-status-bar[1180]: 2026-07-12T20:58:17.087950Z DEBUG gtk_status_bar::hypr: Handling workspace change event
2026-07-12T20:58:17+00:00 machine gtk-status-bar[1180]: 2026-07-12T20:58:17.087979Z DEBUG gtk_status_bar::hypr: Workspace changed to: Workspace i
2026-07-12T20:58:17+00:00 machine gtk-status-bar[1180]: 2026-07-12T20:58:17.088198Z DEBUG gtk_status_bar::widgets: Updating workspace - label: 'Workspace i', color for workspace: 2
2026-07-12T20:58:17+00:00 machine gtk-status-bar[1180]: 2026-07-12T20:58:17.088428Z DEBUG gtk_status_bar::widgets: Updated title widget color to: rgba(125, 207, 255, 0.5) for workspace: 2
2026-07-12T20:58:17+00:00 machine gtk-status-bar[1180]: 2026-07-12T20:58:17.279808Z DEBUG gtk_status_bar::hypr: Handling workspace change event
2026-07-12T20:58:17+00:00 machine gtk-status-bar[1180]: 2026-07-12T20:58:17.279834Z DEBUG gtk_status_bar::hypr: Workspace changed to: Workspace o
2026-07-12T20:58:17+00:00 machine gtk-status-bar[1180]: 2026-07-12T20:58:17.280093Z DEBUG gtk_status_bar::widgets: Updating workspace - label: 'Workspace o', color for workspace: 3
2026-07-12T20:58:17+00:00 machine gtk-status-bar[1180]: 2026-07-12T20:58:17.280278Z DEBUG gtk_status_bar::widgets: Updated title widget color to: rgba(158, 206, 106, 0.5) for workspace: 3
2026-07-12T20:58:17+00:00 machine gtk-status-bar[1180]: 2026-07-12T20:58:17.474278Z DEBUG gtk_status_bar::hypr: Handling workspace change event
2026-07-12T20:58:17+00:00 machine gtk-status-bar[1180]: 2026-07-12T20:58:17.474343Z DEBUG gtk_status_bar::hypr: Workspace changed to: Workspace p
2026-07-12T20:58:17+00:00 machine gtk-status-bar[1180]: 2026-07-12T20:58:17.474992Z DEBUG gtk_status_bar::widgets: Updating workspace - label: 'Workspace p', color for workspace: 4
2026-07-12T20:58:17+00:00 machine gtk-status-bar[1180]: 2026-07-12T20:58:17.475360Z DEBUG gtk_status_bar::widgets: Updated title widget color to: rgba(187, 154, 247, 0.5) for workspace: 4
2026-07-12T20:58:17+00:00 machine gtk-status-bar[1180]: 2026-07-12T20:58:17.662204Z DEBUG gtk_status_bar::hypr: Handling workspace change event
2026-07-12T20:58:17+00:00 machine gtk-status-bar[1180]: 2026-07-12T20:58:17.662236Z DEBUG gtk_status_bar::hypr: Workspace changed to: Workspace j
2026-07-12T20:58:17+00:00 machine gtk-status-bar[1180]: 2026-07-12T20:58:17.663750Z DEBUG gtk_status_bar::widgets: Updating workspace - label: 'Workspace j', color for workspace: 5
2026-07-12T20:58:17+00:00 machine gtk-status-bar[1180]: 2026-07-12T20:58:17.663928Z DEBUG gtk_status_bar::widgets: Updated title widget color to: rgba(247, 118, 142, 0.5) for workspace: 5
2026-07-12T20:58:17+00:00 machine gtk-status-bar[1180]: 2026-07-12T20:58:17.913226Z DEBUG gtk_status_bar::hypr: Handling workspace change event
2026-07-12T20:58:17+00:00 machine gtk-status-bar[1180]: 2026-07-12T20:58:17.913281Z DEBUG gtk_status_bar::hypr: Workspace changed to: Workspace u
2026-07-12T20:58:17+00:00 machine gtk-status-bar[1180]: 2026-07-12T20:58:17.913996Z DEBUG gtk_status_bar::widgets: Updating workspace - label: 'Workspace u', color for workspace: 1
2026-07-12T20:58:17+00:00 machine gtk-status-bar[1180]: 2026-07-12T20:58:17.914406Z DEBUG gtk_status_bar::widgets: Updated title widget color to: rgba(122, 162, 247, 0.5) for workspace: 1
2026-07-12T20:58:18+00:00 machine gtk-status-bar[1180]: 2026-07-12T20:58:18.100852Z DEBUG gtk_status_bar::hypr: Handling workspace change event
2026-07-12T20:58:18+00:00 machine gtk-status-bar[1180]: 2026-07-12T20:58:18.106640Z DEBUG gtk_status_bar::hypr: Workspace changed to: Workspace i
2026-07-12T20:58:18+00:00 machine gtk-status-bar[1180]: 2026-07-12T20:58:18.107112Z DEBUG gtk_status_bar::widgets: Updating workspace - label: 'Workspace i', color for workspace: 2
2026-07-12T20:58:18+00:00 machine gtk-status-bar[1180]: 2026-07-12T20:58:18.107356Z DEBUG gtk_status_bar::widgets: Updated title widget color to: rgba(125, 207, 255, 0.5) for workspace: 2
2026-07-12T20:58:18+00:00 machine gtk-status-bar[1180]: 2026-07-12T20:58:18.257538Z DEBUG gtk_status_bar::hypr: Handling workspace change event
2026-07-12T20:58:18+00:00 machine gtk-status-bar[1180]: 2026-07-12T20:58:18.257649Z DEBUG gtk_status_bar::hypr: Workspace changed to: Workspace o
2026-07-12T20:58:18+00:00 machine gtk-status-bar[1180]: 2026-07-12T20:58:18.257861Z DEBUG gtk_status_bar::widgets: Updating workspace - label: 'Workspace o', color for workspace: 3
2026-07-12T20:58:18+00:00 machine gtk-status-bar[1180]: 2026-07-12T20:58:18.258046Z DEBUG gtk_status_bar::widgets: Updated title widget color to: rgba(158, 206, 106, 0.5) for workspace: 3
2026-07-12T20:58:18+00:00 machine gtk-status-bar[1180]: 2026-07-12T20:58:18.447527Z DEBUG gtk_status_bar::hypr: Handling workspace change event
2026-07-12T20:58:18+00:00 machine gtk-status-bar[1180]: 2026-07-12T20:58:18.447616Z DEBUG gtk_status_bar::hypr: Workspace changed to: Workspace p
2026-07-12T20:58:18+00:00 machine gtk-status-bar[1180]: 2026-07-12T20:58:18.450000Z DEBUG gtk_status_bar::widgets: Updating workspace - label: 'Workspace p', color for workspace: 4
2026-07-12T20:58:18+00:00 machine gtk-status-bar[1180]: 2026-07-12T20:58:18.450203Z DEBUG gtk_status_bar::widgets: Updated title widget color to: rgba(187, 154, 247, 0.5) for workspace: 4
2026-07-12T20:58:18+00:00 machine gtk-status-bar[1180]: 2026-07-12T20:58:18.616815Z DEBUG gtk_status_bar::hypr: Handling workspace change event
2026-07-12T20:58:18+00:00 machine gtk-status-bar[1180]: 2026-07-12T20:58:18.616850Z DEBUG gtk_status_bar::hypr: Workspace changed to: Workspace j
2026-07-12T20:58:18+00:00 machine gtk-status-bar[1180]: 2026-07-12T20:58:18.617081Z DEBUG gtk_status_bar::widgets: Updating workspace - label: 'Workspace j', color for workspace: 5
2026-07-12T20:58:18+00:00 machine gtk-status-bar[1180]: 2026-07-12T20:58:18.617268Z DEBUG gtk_status_bar::widgets: Updated title widget color to: rgba(247, 118, 142, 0.5) for workspace: 5
2026-07-12T20:58:18+00:00 machine gtk-status-bar[1180]: 2026-07-12T20:58:18.780536Z DEBUG gtk_status_bar::hypr: Handling workspace change event
2026-07-12T20:58:18+00:00 machine gtk-status-bar[1180]: 2026-07-12T20:58:18.780647Z DEBUG gtk_status_bar::hypr: Workspace changed to: Workspace u
2026-07-12T20:58:18+00:00 machine gtk-status-bar[1180]: 2026-07-12T20:58:18.780863Z DEBUG gtk_status_bar::widgets: Updating workspace - label: 'Workspace u', color for workspace: 1
2026-07-12T20:58:18+00:00 machine gtk-status-bar[1180]: 2026-07-12T20:58:18.781118Z DEBUG gtk_status_bar::widgets: Updated title widget color to: rgba(122, 162, 247, 0.5) for workspace: 1
2026-07-12T20:58:18+00:00 machine gtk-status-bar[1180]: 2026-07-12T20:58:18.955178Z DEBUG gtk_status_bar::hypr: Handling workspace change event
2026-07-12T20:58:18+00:00 machine gtk-status-bar[1180]: 2026-07-12T20:58:18.955210Z DEBUG gtk_status_bar::hypr: Workspace changed to: Workspace i
2026-07-12T20:58:18+00:00 machine gtk-status-bar[1180]: 2026-07-12T20:58:18.955386Z DEBUG gtk_status_bar::widgets: Updating workspace - label: 'Workspace i', color for workspace: 2
2026-07-12T20:58:18+00:00 machine gtk-status-bar[1180]: 2026-07-12T20:58:18.955630Z DEBUG gtk_status_bar::widgets: Updated title widget color to: rgba(125, 207, 255, 0.5) for workspace: 2
2026-07-12T20:58:19+00:00 machine gtk-status-bar[1180]: 2026-07-12T20:58:19.113684Z DEBUG gtk_status_bar::hypr: Handling workspace change event
2026-07-12T20:58:19+00:00 machine gtk-status-bar[1180]: 2026-07-12T20:58:19.113712Z DEBUG gtk_status_bar::hypr: Workspace changed to: Workspace o
2026-07-12T20:58:19+00:00 machine gtk-status-bar[1180]: 2026-07-12T20:58:19.113904Z DEBUG gtk_status_bar::widgets: Updating workspace - label: 'Workspace o', color for workspace: 3
2026-07-12T20:58:19+00:00 machine gtk-status-bar[1180]: 2026-07-12T20:58:19.114104Z DEBUG gtk_status_bar::widgets: Updated title widget color to: rgba(158, 206, 106, 0.5) for workspace: 3
2026-07-12T20:58:19+00:00 machine gtk-status-bar[1180]: 2026-07-12T20:58:19.267767Z DEBUG gtk_status_bar::hypr: Handling workspace change event
2026-07-12T20:58:19+00:00 machine gtk-status-bar[1180]: 2026-07-12T20:58:19.267797Z DEBUG gtk_status_bar::hypr: Workspace changed to: Workspace p
2026-07-12T20:58:19+00:00 machine gtk-status-bar[1180]: 2026-07-12T20:58:19.268016Z DEBUG gtk_status_bar::widgets: Updating workspace - label: 'Workspace p', color for workspace: 4
2026-07-12T20:58:19+00:00 machine gtk-status-bar[1180]: 2026-07-12T20:58:19.268222Z DEBUG gtk_status_bar::widgets: Updated title widget color to: rgba(187, 154, 247, 0.5) for workspace: 4
2026-07-12T20:58:19+00:00 machine gtk-status-bar[1180]: 2026-07-12T20:58:19.456112Z DEBUG gtk_status_bar::hypr: Handling workspace change event
2026-07-12T20:58:19+00:00 machine gtk-status-bar[1180]: 2026-07-12T20:58:19.456142Z DEBUG gtk_status_bar::hypr: Workspace changed to: Workspace j
2026-07-12T20:58:19+00:00 machine gtk-status-bar[1180]: 2026-07-12T20:58:19.456359Z DEBUG gtk_status_bar::widgets: Updating workspace - label: 'Workspace j', color for workspace: 5
2026-07-12T20:58:19+00:00 machine gtk-status-bar[1180]: 2026-07-12T20:58:19.472658Z DEBUG gtk_status_bar::widgets: Updated title widget color to: rgba(247, 118, 142, 0.5) for workspace: 5
2026-07-12T20:58:19+00:00 machine gtk-status-bar[1180]: 2026-07-12T20:58:19.629960Z DEBUG gtk_status_bar::hypr: Handling workspace change event
2026-07-12T20:58:19+00:00 machine gtk-status-bar[1180]: 2026-07-12T20:58:19.629990Z DEBUG gtk_status_bar::hypr: Workspace changed to: Workspace u
2026-07-12T20:58:19+00:00 machine gtk-status-bar[1180]: 2026-07-12T20:58:19.630322Z DEBUG gtk_status_bar::widgets: Updating workspace - label: 'Workspace u', color for workspace: 1
2026-07-12T20:58:19+00:00 machine gtk-status-bar[1180]: 2026-07-12T20:58:19.630541Z DEBUG gtk_status_bar::widgets: Updated title widget color to: rgba(122, 162, 247, 0.5) for workspace: 1
2026-07-12T20:58:19+00:00 machine gtk-status-bar[1180]: 2026-07-12T20:58:19.812266Z DEBUG gtk_status_bar::hypr: Handling workspace change event
2026-07-12T20:58:19+00:00 machine gtk-status-bar[1180]: 2026-07-12T20:58:19.812304Z DEBUG gtk_status_bar::hypr: Workspace changed to: Workspace i
2026-07-12T20:58:19+00:00 machine gtk-status-bar[1180]: 2026-07-12T20:58:19.812916Z DEBUG gtk_status_bar::widgets: Updating workspace - label: 'Workspace i', color for workspace: 2
2026-07-12T20:58:19+00:00 machine gtk-status-bar[1180]: 2026-07-12T20:58:19.813096Z DEBUG gtk_status_bar::widgets: Updated title widget color to: rgba(125, 207, 255, 0.5) for workspace: 2
2026-07-12T20:58:19+00:00 machine gtk-status-bar[1180]: 2026-07-12T20:58:19.970187Z DEBUG gtk_status_bar::hypr: Handling workspace change event
2026-07-12T20:58:19+00:00 machine gtk-status-bar[1180]: 2026-07-12T20:58:19.970224Z DEBUG gtk_status_bar::hypr: Workspace changed to: Workspace o
2026-07-12T20:58:19+00:00 machine gtk-status-bar[1180]: 2026-07-12T20:58:19.970728Z DEBUG gtk_status_bar::widgets: Updating workspace - label: 'Workspace o', color for workspace: 3
2026-07-12T20:58:19+00:00 machine gtk-status-bar[1180]: 2026-07-12T20:58:19.970898Z DEBUG gtk_status_bar::widgets: Updated title widget color to: rgba(158, 206, 106, 0.5) for workspace: 3
2026-07-12T20:58:20+00:00 machine gtk-status-bar[1180]: 2026-07-12T20:58:20.145145Z DEBUG gtk_status_bar::hypr: Handling workspace change event
2026-07-12T20:58:20+00:00 machine gtk-status-bar[1180]: 2026-07-12T20:58:20.145187Z DEBUG gtk_status_bar::hypr: Workspace changed to: Workspace p
2026-07-12T20:58:20+00:00 machine gtk-status-bar[1180]: 2026-07-12T20:58:20.145778Z DEBUG gtk_status_bar::widgets: Updating workspace - label: 'Workspace p', color for workspace: 4
2026-07-12T20:58:20+00:00 machine gtk-status-bar[1180]: 2026-07-12T20:58:20.145977Z DEBUG gtk_status_bar::widgets: Updated title widget color to: rgba(187, 154, 247, 0.5) for workspace: 4
2026-07-12T20:58:20+00:00 machine gtk-status-bar[1180]: 2026-07-12T20:58:20.320897Z DEBUG gtk_status_bar::hypr: Handling workspace change event
2026-07-12T20:58:20+00:00 machine gtk-status-bar[1180]: 2026-07-12T20:58:20.320957Z DEBUG gtk_status_bar::hypr: Workspace changed to: Workspace j
2026-07-12T20:58:20+00:00 machine gtk-status-bar[1180]: 2026-07-12T20:58:20.323015Z DEBUG gtk_status_bar::widgets: Updating workspace - label: 'Workspace j', color for workspace: 5
2026-07-12T20:58:20+00:00 machine gtk-status-bar[1180]: 2026-07-12T20:58:20.323377Z DEBUG gtk_status_bar::widgets: Updated title widget color to: rgba(247, 118, 142, 0.5) for workspace: 5
2026-07-12T20:58:20+00:00 machine gtk-status-bar[1180]: 2026-07-12T20:58:20.508847Z DEBUG gtk_status_bar::hypr: Handling workspace change event
2026-07-12T20:58:20+00:00 machine gtk-status-bar[1180]: 2026-07-12T20:58:20.508884Z DEBUG gtk_status_bar::hypr: Workspace changed to: Workspace c
2026-07-12T20:58:20+00:00 machine gtk-status-bar[1180]: 2026-07-12T20:58:20.509093Z DEBUG gtk_status_bar::widgets: Updating workspace - label: 'Workspace c', color for workspace: 10
2026-07-12T20:58:20+00:00 machine gtk-status-bar[1180]: 2026-07-12T20:58:20.509293Z DEBUG gtk_status_bar::widgets: Updated title widget color to: rgba(13, 185, 215, 0.5) for workspace: 10
2026-07-12T20:58:23+00:00 machine gtk-status-bar[1180]: 2026-07-12T20:58:23.037481Z DEBUG gtk_status_bar::hypr: Handling workspace change event
2026-07-12T20:58:23+00:00 machine gtk-status-bar[1180]: 2026-07-12T20:58:23.037538Z DEBUG gtk_status_bar::hypr: Workspace changed to: Workspace i
2026-07-12T20:58:23+00:00 machine gtk-status-bar[1180]: 2026-07-12T20:58:23.037809Z DEBUG gtk_status_bar::widgets: Updating workspace - label: 'Workspace i', color for workspace: 2
2026-07-12T20:58:23+00:00 machine gtk-status-bar[1180]: 2026-07-12T20:58:23.037973Z DEBUG gtk_status_bar::widgets: Updated title widget color to: rgba(125, 207, 255, 0.5) for workspace: 2
2026-07-12T20:58:23+00:00 machine gtk-status-bar[1180]: 2026-07-12T20:58:23.916509Z DEBUG gtk_status_bar::hypr: Handling title change event
2026-07-12T20:58:23+00:00 machine gtk-status-bar[1180]: 2026-07-12T20:58:23.918334Z DEBUG gtk_status_bar::hypr: No active client matches the title change event
2026-07-12T20:58:23+00:00 machine gtk-status-bar[1180]: 2026-07-12T20:58:23.967948Z DEBUG gtk_status_bar::hypr: Handling active window change event
2026-07-12T20:58:23+00:00 machine gtk-status-bar[1180]: 2026-07-12T20:58:23.967983Z DEBUG gtk_status_bar::hypr: Window data - class: 'kitty', title: 'kitty', address: '0x5a95628802c0'
2026-07-12T20:58:23+00:00 machine gtk-status-bar[1180]: 2026-07-12T20:58:23.968008Z DEBUG gtk_status_bar::hypr: Active window changed, title: 'kitty'
2026-07-12T20:58:23+00:00 machine gtk-status-bar[1180]: 2026-07-12T20:58:23.968038Z DEBUG gtk_status_bar::hypr: Sending title update: 'kitty'
2026-07-12T20:58:23+00:00 machine gtk-status-bar[1180]: 2026-07-12T20:58:23.968202Z DEBUG gtk_status_bar::widgets: Updating title label: kitty
2026-07-12T20:58:25+00:00 machine gtk-status-bar[1180]: 2026-07-12T20:58:25.506244Z DEBUG gtk_status_bar::hypr: Handling title change event
2026-07-12T20:58:25+00:00 machine gtk-status-bar[1180]: 2026-07-12T20:58:25.526970Z DEBUG gtk_status_bar::hypr: Title changed to: bash
2026-07-12T20:58:25+00:00 machine gtk-status-bar[1180]: 2026-07-12T20:58:25.527017Z DEBUG gtk_status_bar::hypr: Handling active window change event
2026-07-12T20:58:25+00:00 machine gtk-status-bar[1180]: 2026-07-12T20:58:25.527039Z DEBUG gtk_status_bar::hypr: Window data - class: 'kitty', title: 'bash', address: '0x5a95628802c0'
2026-07-12T20:58:25+00:00 machine gtk-status-bar[1180]: 2026-07-12T20:58:25.527053Z DEBUG gtk_status_bar::hypr: Active window changed, title: 'bash'
2026-07-12T20:58:25+00:00 machine gtk-status-bar[1180]: 2026-07-12T20:58:25.527067Z DEBUG gtk_status_bar::hypr: Sending title update: 'bash'
2026-07-12T20:58:25+00:00 machine gtk-status-bar[1180]: 2026-07-12T20:58:25.527183Z DEBUG gtk_status_bar::hypr: Handling title change event
2026-07-12T20:58:25+00:00 machine gtk-status-bar[1180]: 2026-07-12T20:58:25.527452Z DEBUG gtk_status_bar::hypr: Title changed to: admin@machine: ~
2026-07-12T20:58:25+00:00 machine gtk-status-bar[1180]: 2026-07-12T20:58:25.527487Z DEBUG gtk_status_bar::hypr: Handling active window change event
2026-07-12T20:58:25+00:00 machine gtk-status-bar[1180]: 2026-07-12T20:58:25.527503Z DEBUG gtk_status_bar::hypr: Window data - class: 'kitty', title: 'admin@machine: ~', address: '0x5a95628802c0'
2026-07-12T20:58:25+00:00 machine gtk-status-bar[1180]: 2026-07-12T20:58:25.527523Z DEBUG gtk_status_bar::hypr: Active window changed, title: 'admin@machine: ~'
2026-07-12T20:58:25+00:00 machine gtk-status-bar[1180]: 2026-07-12T20:58:25.527539Z DEBUG gtk_status_bar::hypr: Sending title update: 'admin@machine: ~'
2026-07-12T20:58:25+00:00 machine gtk-status-bar[1180]: 2026-07-12T20:58:25.562178Z DEBUG gtk_status_bar::widgets: Updating title label: bash
2026-07-12T20:58:25+00:00 machine gtk-status-bar[1180]: 2026-07-12T20:58:25.562309Z DEBUG gtk_status_bar::widgets: Updating title label: bash
2026-07-12T20:58:25+00:00 machine gtk-status-bar[1180]: 2026-07-12T20:58:25.562327Z DEBUG gtk_status_bar::widgets: Updating title label: admin@machine: ~
2026-07-12T20:58:25+00:00 machine gtk-status-bar[1180]: 2026-07-12T20:58:25.562346Z DEBUG gtk_status_bar::widgets: Updating title label: admin@machine: ~
2026-07-12T20:58:28+00:00 machine gtk-status-bar[1180]: 2026-07-12T20:58:28.399279Z DEBUG gtk_status_bar::hypr: Handling title change event
2026-07-12T20:58:28+00:00 machine gtk-status-bar[1180]: 2026-07-12T20:58:28.405123Z DEBUG gtk_status_bar::hypr: Title changed to: Close OS window
2026-07-12T20:58:28+00:00 machine gtk-status-bar[1180]: 2026-07-12T20:58:28.405155Z DEBUG gtk_status_bar::hypr: Handling active window change event
2026-07-12T20:58:28+00:00 machine gtk-status-bar[1180]: 2026-07-12T20:58:28.405170Z DEBUG gtk_status_bar::hypr: Window data - class: 'kitty', title: 'kitten', address: '0x5a95628802c0'
2026-07-12T20:58:28+00:00 machine gtk-status-bar[1180]: 2026-07-12T20:58:28.405184Z DEBUG gtk_status_bar::hypr: Active window changed, title: 'kitten'
2026-07-12T20:58:28+00:00 machine gtk-status-bar[1180]: 2026-07-12T20:58:28.405198Z DEBUG gtk_status_bar::hypr: Sending title update: 'kitten'
2026-07-12T20:58:28+00:00 machine gtk-status-bar[1180]: 2026-07-12T20:58:28.405222Z DEBUG gtk_status_bar::hypr: Handling title change event
2026-07-12T20:58:28+00:00 machine gtk-status-bar[1180]: 2026-07-12T20:58:28.405439Z DEBUG gtk_status_bar::widgets: Updating title label: Close OS window
2026-07-12T20:58:28+00:00 machine gtk-status-bar[1180]: 2026-07-12T20:58:28.405510Z DEBUG gtk_status_bar::widgets: Updating title label: kitten
2026-07-12T20:58:28+00:00 machine gtk-status-bar[1180]: 2026-07-12T20:58:28.442132Z DEBUG gtk_status_bar::hypr: Title changed to: Close OS window
2026-07-12T20:58:28+00:00 machine gtk-status-bar[1180]: 2026-07-12T20:58:28.442183Z DEBUG gtk_status_bar::hypr: Handling active window change event
2026-07-12T20:58:28+00:00 machine gtk-status-bar[1180]: 2026-07-12T20:58:28.442198Z DEBUG gtk_status_bar::hypr: Window data - class: 'kitty', title: 'Close OS window', address: '0x5a95628802c0'
2026-07-12T20:58:28+00:00 machine gtk-status-bar[1180]: 2026-07-12T20:58:28.442212Z DEBUG gtk_status_bar::hypr: Active window changed, title: 'Close OS window'
2026-07-12T20:58:28+00:00 machine gtk-status-bar[1180]: 2026-07-12T20:58:28.442228Z DEBUG gtk_status_bar::hypr: Sending title update: 'Close OS window'
2026-07-12T20:58:28+00:00 machine gtk-status-bar[1180]: 2026-07-12T20:58:28.442358Z DEBUG gtk_status_bar::widgets: Updating title label: Close OS window
2026-07-12T20:58:28+00:00 machine gtk-status-bar[1180]: 2026-07-12T20:58:28.442454Z DEBUG gtk_status_bar::widgets: Updating title label: Close OS window
2026-07-12T20:58:28+00:00 machine gtk-status-bar[1180]: 2026-07-12T20:58:28.987713Z DEBUG gtk_status_bar::hypr: Handling title change event
2026-07-12T20:58:28+00:00 machine gtk-status-bar[1180]: 2026-07-12T20:58:28.990303Z DEBUG gtk_status_bar::hypr: No active client matches the title change event
2026-07-12T20:58:29+00:00 machine gtk-status-bar[1180]: 2026-07-12T20:58:29.063172Z DEBUG gtk_status_bar::hypr: Handling active window change event
2026-07-12T20:58:29+00:00 machine gtk-status-bar[1180]: 2026-07-12T20:58:29.063202Z DEBUG gtk_status_bar::hypr: Window data - class: 'kitty', title: 'hello', address: '0x5a956274aeb0'
2026-07-12T20:58:29+00:00 machine gtk-status-bar[1180]: 2026-07-12T20:58:29.063219Z DEBUG gtk_status_bar::hypr: Active window changed, title: 'hello'
2026-07-12T20:58:29+00:00 machine gtk-status-bar[1180]: 2026-07-12T20:58:29.063236Z DEBUG gtk_status_bar::hypr: Sending title update: 'hello'
2026-07-12T20:58:29+00:00 machine gtk-status-bar[1180]: 2026-07-12T20:58:29.063493Z DEBUG gtk_status_bar::widgets: Updating title label: hello
2026-07-12T20:58:33+00:00 machine gtk-status-bar[1180]: 2026-07-12T20:58:33.262361Z DEBUG gtk_status_bar::hypr: Handling title change event
2026-07-12T20:58:33+00:00 machine gtk-status-bar[1180]: 2026-07-12T20:58:33.267847Z DEBUG gtk_status_bar::hypr: No active client matches the title change event
2026-07-12T20:58:33+00:00 machine gtk-status-bar[1180]: 2026-07-12T20:58:33.302672Z DEBUG gtk_status_bar::hypr: Handling active window change event
2026-07-12T20:58:33+00:00 machine gtk-status-bar[1180]: 2026-07-12T20:58:33.302699Z DEBUG gtk_status_bar::hypr: Window data - class: 'kitty', title: 'AAAAAAAAAAAAAAAAAAAAAAAAAAAAAAAAAAAAAAAAAAAAAAAAAAAAAAAAAAAAAAAA', address: '0x5a9563704560'
2026-07-12T20:58:33+00:00 machine gtk-status-bar[1180]: 2026-07-12T20:58:33.302721Z DEBUG gtk_status_bar::hypr: Active window changed, title: 'AAAAAAAAAAAAAAAAAAAAAAAAAAAAAAAAAAAAAAAAAAAAAAAAAAAAAAAAAAAAAAAA'
2026-07-12T20:58:33+00:00 machine gtk-status-bar[1180]: 2026-07-12T20:58:33.302739Z DEBUG gtk_status_bar::hypr: Sending title update: 'AAAAAAAAAAAAAAAAAAAAAAAAAAAAAAAAAAAAAAAAAAAAAAAAAAAAAAAAAAAAAAAA'
2026-07-12T20:58:33+00:00 machine gtk-status-bar[1180]: 2026-07-12T20:58:33.302933Z DEBUG gtk_status_bar::widgets: Updating title label: AAAAAAAAAAAAAAAAAAAAAAAAAAAAAAAAAAAAAAAAAAAAAAAAAAAAAAAAAAAAAAAA
2026-07-12T20:58:37+00:00 machine gtk-status-bar[1180]: 2026-07-12T20:58:37.536847Z DEBUG gtk_status_bar::hypr: Handling title change event
2026-07-12T20:58:37+00:00 machine gtk-status-bar[1180]: 2026-07-12T20:58:37.539492Z DEBUG gtk_status_bar::hypr: No active client matches the title change event
2026-07-12T20:58:37+00:00 machine gtk-status-bar[1180]: 2026-07-12T20:58:37.601920Z DEBUG gtk_status_bar::hypr: Handling active window change event
2026-07-12T20:58:37+00:00 machine gtk-status-bar[1180]: 2026-07-12T20:58:37.601969Z DEBUG gtk_status_bar::hypr: Window data - class: 'kitty', title: '01234567890123456789012345678901234567890123456789012345678901234567890123456789', address: '0x5a95626accb0'
2026-07-12T20:58:37+00:00 machine gtk-status-bar[1180]: 2026-07-12T20:58:37.601997Z DEBUG gtk_status_bar::hypr: Active window changed, title: '0123456789012345678901234567890…89012345678901234567890123456789'
2026-07-12T20:58:37+00:00 machine gtk-status-bar[1180]: 2026-07-12T20:58:37.602019Z DEBUG gtk_status_bar::hypr: Sending title update: '0123456789012345678901234567890…89012345678901234567890123456789'
2026-07-12T20:58:37+00:00 machine gtk-status-bar[1180]: 2026-07-12T20:58:37.602931Z DEBUG gtk_status_bar::widgets: Updating title label: 0123456789012345678901234567890…89012345678901234567890123456789
2026-07-12T20:58:41+00:00 machine gtk-status-bar[1180]: 2026-07-12T20:58:41.726722Z DEBUG gtk_status_bar::hypr: Handling title change event
2026-07-12T20:58:41+00:00 machine gtk-status-bar[1180]: 2026-07-12T20:58:41.727025Z DEBUG gtk_status_bar::hypr: No active client matches the title change event
2026-07-12T20:58:41+00:00 machine gtk-status-bar[1180]: 2026-07-12T20:58:41.785144Z DEBUG gtk_status_bar::hypr: Handling active window change event
2026-07-12T20:58:41+00:00 machine gtk-status-bar[1180]: 2026-07-12T20:58:41.785210Z DEBUG gtk_status_bar::hypr: Window data - class: 'kitty', title: '界🙂界🙂界🙂界🙂界🙂界🙂界🙂界🙂界🙂界🙂界🙂界🙂界🙂界🙂界🙂界🙂界🙂界🙂界🙂界🙂界🙂界🙂界🙂界🙂界🙂界🙂界🙂界🙂界🙂界🙂界🙂界🙂界🙂界🙂界🙂界🙂界🙂界🙂界🙂界🙂', address: '0x5a9562899530'
2026-07-12T20:58:41+00:00 machine gtk-status-bar[1180]: 2026-07-12T20:58:41.785275Z DEBUG gtk_status_bar::hypr: Active window changed, title: '界🙂界🙂界🙂界🙂界🙂界🙂界🙂界🙂界🙂界🙂界🙂界🙂界🙂界🙂界🙂界…界🙂界🙂界🙂界🙂界🙂界🙂界🙂界🙂界🙂界🙂界🙂界🙂界🙂界🙂界🙂界🙂'
2026-07-12T20:58:41+00:00 machine gtk-status-bar[1180]: 2026-07-12T20:58:41.785317Z DEBUG gtk_status_bar::hypr: Sending title update: '界🙂界🙂界🙂界🙂界🙂界🙂界🙂界🙂界🙂界🙂界🙂界🙂界🙂界🙂界🙂界…界🙂界🙂界🙂界🙂界🙂界🙂界🙂界🙂界🙂界🙂界🙂界🙂界🙂界🙂界🙂界🙂'
2026-07-12T20:58:41+00:00 machine gtk-status-bar[1180]: 2026-07-12T20:58:41.829122Z DEBUG gtk_status_bar::widgets: Updating title label: 界🙂界🙂界🙂界🙂界🙂界🙂界🙂界🙂界🙂界🙂界🙂界🙂界🙂界🙂界🙂界…界🙂界🙂界🙂界🙂界🙂界🙂界🙂界🙂界🙂界🙂界🙂界🙂界🙂界🙂界🙂界🙂
2026-07-12T20:58:45+00:00 machine gtk-status-bar[1180]: 2026-07-12T20:58:45.506944Z DEBUG gtk_status_bar::hypr: Handling workspace change event
2026-07-12T20:58:45+00:00 machine gtk-status-bar[1180]: 2026-07-12T20:58:45.506973Z DEBUG gtk_status_bar::hypr: Workspace changed to: Workspace u
2026-07-12T20:58:45+00:00 machine gtk-status-bar[1180]: 2026-07-12T20:58:45.507010Z DEBUG gtk_status_bar::hypr: Handling active window change event
2026-07-12T20:58:45+00:00 machine gtk-status-bar[1180]: 2026-07-12T20:58:45.507033Z DEBUG gtk_status_bar::hypr: No active window (window_data is None)
2026-07-12T20:58:45+00:00 machine gtk-status-bar[1180]: 2026-07-12T20:58:45.507048Z DEBUG gtk_status_bar::hypr: Active window changed, title: ''
2026-07-12T20:58:45+00:00 machine gtk-status-bar[1180]: 2026-07-12T20:58:45.507063Z DEBUG gtk_status_bar::hypr: Sending title update: ''
2026-07-12T20:58:45+00:00 machine gtk-status-bar[1180]: 2026-07-12T20:58:45.524745Z DEBUG gtk_status_bar::widgets: Updating workspace - label: 'Workspace u', color for workspace: 1
2026-07-12T20:58:45+00:00 machine gtk-status-bar[1180]: 2026-07-12T20:58:45.524884Z DEBUG gtk_status_bar::widgets: Updated title widget color to: rgba(122, 162, 247, 0.5) for workspace: 1
2026-07-12T20:58:45+00:00 machine gtk-status-bar[1180]: 2026-07-12T20:58:45.524938Z DEBUG gtk_status_bar::widgets: Updating title label:
2026-07-12T20:58:47+00:00 machine gtk-status-bar[1180]: 2026-07-12T20:58:47.983845Z DEBUG gtk_status_bar::hypr: Handling workspace change event
2026-07-12T20:58:47+00:00 machine gtk-status-bar[1180]: 2026-07-12T20:58:47.983913Z DEBUG gtk_status_bar::hypr: Workspace changed to: Workspace i
2026-07-12T20:58:47+00:00 machine gtk-status-bar[1180]: 2026-07-12T20:58:47.983928Z DEBUG gtk_status_bar::hypr: Handling active window change event
2026-07-12T20:58:47+00:00 machine gtk-status-bar[1180]: 2026-07-12T20:58:47.983960Z DEBUG gtk_status_bar::hypr: Window data - class: 'kitty', title: '界🙂界🙂界🙂界🙂界🙂界🙂界🙂界🙂界🙂界🙂界🙂界🙂界🙂界🙂界🙂界🙂界🙂界🙂界🙂界🙂界🙂界🙂界🙂界🙂界🙂界🙂界🙂界🙂界🙂界🙂界🙂界🙂界🙂界🙂界🙂界🙂界🙂界🙂界🙂界🙂', address: '0x5a9562899530'
2026-07-12T20:58:47+00:00 machine gtk-status-bar[1180]: 2026-07-12T20:58:47.983989Z DEBUG gtk_status_bar::hypr: Active window changed, title: '界🙂界🙂界🙂界🙂界🙂界🙂界🙂界🙂界🙂界🙂界🙂界🙂界🙂界🙂界🙂界…界🙂界🙂界🙂界🙂界🙂界🙂界🙂界🙂界🙂界🙂界🙂界🙂界🙂界🙂界🙂界🙂'
2026-07-12T20:58:47+00:00 machine gtk-status-bar[1180]: 2026-07-12T20:58:47.984013Z DEBUG gtk_status_bar::hypr: Sending title update: '界🙂界🙂界🙂界🙂界🙂界🙂界🙂界🙂界🙂界🙂界🙂界🙂界🙂界🙂界🙂界…界🙂界🙂界🙂界🙂界🙂界🙂界🙂界🙂界🙂界🙂界🙂界🙂界🙂界🙂界🙂界🙂'
2026-07-12T20:58:48+00:00 machine gtk-status-bar[1180]: 2026-07-12T20:58:47.984399Z DEBUG gtk_status_bar::widgets: Updating workspace - label: 'Workspace i', color for workspace: 2
2026-07-12T20:58:48+00:00 machine gtk-status-bar[1180]: 2026-07-12T20:58:48.053679Z DEBUG gtk_status_bar::widgets: Updated title widget color to: rgba(125, 207, 255, 0.5) for workspace: 2
2026-07-12T20:58:48+00:00 machine gtk-status-bar[1180]: 2026-07-12T20:58:48.059142Z DEBUG gtk_status_bar::widgets: Updating title label: 界🙂界🙂界🙂界🙂界🙂界🙂界🙂界🙂界🙂界🙂界🙂界🙂界🙂界🙂界🙂界…界🙂界🙂界🙂界🙂界🙂界🙂界🙂界🙂界🙂界🙂界🙂界🙂界🙂界🙂界🙂界🙂
2026-07-12T20:58:53+00:00 machine gtk-status-bar[1180]: 2026-07-12T20:58:53.142787Z DEBUG gtk_status_bar::hypr: Handling title change event
2026-07-12T20:58:53+00:00 machine gtk-status-bar[1180]: 2026-07-12T20:58:53.143182Z DEBUG gtk_status_bar::hypr: No active client matches the title change event
2026-07-12T20:58:53+00:00 machine gtk-status-bar[1180]: 2026-07-12T20:58:53.174828Z DEBUG gtk_status_bar::hypr: Handling active window change event
2026-07-12T20:58:53+00:00 machine gtk-status-bar[1180]: 2026-07-12T20:58:53.174854Z DEBUG gtk_status_bar::hypr: Window data - class: 'kitty', title: 'Focus Left', address: '0x5a95625d69f0'
2026-07-12T20:58:53+00:00 machine gtk-status-bar[1180]: 2026-07-12T20:58:53.174869Z DEBUG gtk_status_bar::hypr: Active window changed, title: 'Focus Left'
2026-07-12T20:58:53+00:00 machine gtk-status-bar[1180]: 2026-07-12T20:58:53.174883Z DEBUG gtk_status_bar::hypr: Sending title update: 'Focus Left'
2026-07-12T20:58:53+00:00 machine gtk-status-bar[1180]: 2026-07-12T20:58:53.175105Z DEBUG gtk_status_bar::widgets: Updating title label: Focus Left
2026-07-12T20:58:54+00:00 machine gtk-status-bar[1180]: 2026-07-12T20:58:54.897989Z DEBUG gtk_status_bar::hypr: Handling title change event
2026-07-12T20:58:54+00:00 machine gtk-status-bar[1180]: 2026-07-12T20:58:54.898299Z DEBUG gtk_status_bar::hypr: No active client matches the title change event
2026-07-12T20:58:54+00:00 machine gtk-status-bar[1180]: 2026-07-12T20:58:54.955252Z DEBUG gtk_status_bar::hypr: Handling active window change event
2026-07-12T20:58:54+00:00 machine gtk-status-bar[1180]: 2026-07-12T20:58:54.955282Z DEBUG gtk_status_bar::hypr: Window data - class: 'kitty', title: 'Focus Right', address: '0x5a95621e7490'
2026-07-12T20:58:54+00:00 machine gtk-status-bar[1180]: 2026-07-12T20:58:54.955298Z DEBUG gtk_status_bar::hypr: Active window changed, title: 'Focus Right'
2026-07-12T20:58:54+00:00 machine gtk-status-bar[1180]: 2026-07-12T20:58:54.955311Z DEBUG gtk_status_bar::hypr: Sending title update: 'Focus Right'
2026-07-12T20:58:54+00:00 machine gtk-status-bar[1180]: 2026-07-12T20:58:54.955469Z DEBUG gtk_status_bar::widgets: Updating title label: Focus Right
2026-07-12T20:58:56+00:00 machine gtk-status-bar[1180]: 2026-07-12T20:58:56.133748Z DEBUG gtk_status_bar::hypr: Handling active window change event
2026-07-12T20:58:56+00:00 machine gtk-status-bar[1180]: 2026-07-12T20:58:56.133797Z DEBUG gtk_status_bar::hypr: Window data - class: 'kitty', title: 'Focus Left', address: '0x5a95625d69f0'
2026-07-12T20:58:56+00:00 machine gtk-status-bar[1180]: 2026-07-12T20:58:56.133814Z DEBUG gtk_status_bar::hypr: Active window changed, title: 'Focus Left'
2026-07-12T20:58:56+00:00 machine gtk-status-bar[1180]: 2026-07-12T20:58:56.133830Z DEBUG gtk_status_bar::hypr: Sending title update: 'Focus Left'
2026-07-12T20:58:56+00:00 machine gtk-status-bar[1180]: 2026-07-12T20:58:56.134646Z DEBUG gtk_status_bar::widgets: Updating title label: Focus Left
2026-07-12T20:58:58+00:00 machine gtk-status-bar[1180]: 2026-07-12T20:58:58.785488Z DEBUG gtk_status_bar::hypr: Handling active window change event
2026-07-12T20:58:58+00:00 machine gtk-status-bar[1180]: 2026-07-12T20:58:58.785525Z DEBUG gtk_status_bar::hypr: Window data - class: 'kitty', title: 'Focus Right', address: '0x5a95621e7490'
2026-07-12T20:58:58+00:00 machine gtk-status-bar[1180]: 2026-07-12T20:58:58.785543Z DEBUG gtk_status_bar::hypr: Active window changed, title: 'Focus Right'
2026-07-12T20:58:58+00:00 machine gtk-status-bar[1180]: 2026-07-12T20:58:58.785629Z DEBUG gtk_status_bar::hypr: Sending title update: 'Focus Right'
2026-07-12T20:58:58+00:00 machine gtk-status-bar[1180]: 2026-07-12T20:58:58.786725Z DEBUG gtk_status_bar::widgets: Updating title label: Focus Right
2026-07-12T20:59:03+00:00 machine gtk-status-bar[1180]: 2026-07-12T20:59:03.198167Z DEBUG gtk_status_bar::hypr: Handling active window change event
2026-07-12T20:59:03+00:00 machine gtk-status-bar[1180]: 2026-07-12T20:59:03.198205Z DEBUG gtk_status_bar::hypr: Window data - class: 'kitty', title: 'Close OS window', address: '0x5a95628802c0'
2026-07-12T20:59:03+00:00 machine gtk-status-bar[1180]: 2026-07-12T20:59:03.198224Z DEBUG gtk_status_bar::hypr: Active window changed, title: 'Close OS window'
2026-07-12T20:59:03+00:00 machine gtk-status-bar[1180]: 2026-07-12T20:59:03.198240Z DEBUG gtk_status_bar::hypr: Sending title update: 'Close OS window'
2026-07-12T20:59:03+00:00 machine gtk-status-bar[1180]: 2026-07-12T20:59:03.198756Z DEBUG gtk_status_bar::widgets: Updating title label: Close OS window
2026-07-12T20:59:06+00:00 machine gtk-status-bar[1180]: 2026-07-12T20:59:06.087917Z DEBUG gtk_status_bar::dbus: Got an event in event stream: Msg { type: Signal, serial: 13, sender: UniqueName(":1.5"), path: ObjectPath("/org/freedesktop/UPower/devices/battery_BAT0"), iface: InterfaceName("org.freedesktop.DBus.Properties"), member: MemberName("PropertiesChanged"), body: Structure(Dynamic { fields: [Str, Dict { key: Dynamic { child: Str }, value: Dynamic { child: Variant } }, Array(Dynamic { child: Str })] }), fds: [] }
2026-07-12T20:59:06+00:00 machine gtk-status-bar[1180]: 2026-07-12T20:59:06.087966Z DEBUG gtk_status_bar::dbus: Dbus monitor: Received D-Bus message from path: Some(ObjectPath("/org/freedesktop/UPower/devices/battery_BAT0")), interface: Some(InterfaceName("org.freedesktop.DBus.Properties")), member: Some(MemberName("PropertiesChanged"))
2026-07-12T20:59:06+00:00 machine gtk-status-bar[1180]: 2026-07-12T20:59:06.088344Z  INFO gtk_status_bar::dbus: Dbus monitor: Received signal
2026-07-12T20:59:06+00:00 machine gtk-status-bar[1180]: 2026-07-12T20:59:06.133144Z  INFO gtk_status_bar::dbus: Dbus monitor: Received PropertiesChanged signal
2026-07-12T20:59:06+00:00 machine gtk-status-bar[1180]: 2026-07-12T20:59:06.137700Z DEBUG gtk_status_bar::dbus: Battery device properties contain no State property
2026-07-12T20:59:06+00:00 machine gtk-status-bar[1180]: 2026-07-12T20:59:06.137770Z  INFO gtk_status_bar::dbus: Battery percentage changed to 42.0%
2026-07-12T20:59:06+00:00 machine gtk-status-bar[1180]: 2026-07-12T20:59:06.137875Z DEBUG gtk_status_bar::dbus: Got an event in event stream: Msg { type: Signal, serial: 14, sender: UniqueName(":1.5"), path: ObjectPath("/org/freedesktop/UPower/devices/battery_BAT0"), iface: InterfaceName("org.freedesktop.DBus.Properties"), member: MemberName("PropertiesChanged"), body: Structure(Dynamic { fields: [Str, Dict { key: Dynamic { child: Str }, value: Dynamic { child: Variant } }, Array(Dynamic { child: Str })] }), fds: [] }
2026-07-12T20:59:06+00:00 machine gtk-status-bar[1180]: 2026-07-12T20:59:06.137929Z DEBUG gtk_status_bar::dbus: Dbus monitor: Received D-Bus message from path: Some(ObjectPath("/org/freedesktop/UPower/devices/battery_BAT0")), interface: Some(InterfaceName("org.freedesktop.DBus.Properties")), member: Some(MemberName("PropertiesChanged"))
2026-07-12T20:59:06+00:00 machine gtk-status-bar[1180]: 2026-07-12T20:59:06.137966Z  INFO gtk_status_bar::dbus: Dbus monitor: Received signal
2026-07-12T20:59:06+00:00 machine gtk-status-bar[1180]: 2026-07-12T20:59:06.138000Z  INFO gtk_status_bar::dbus: Dbus monitor: Received PropertiesChanged signal
2026-07-12T20:59:06+00:00 machine gtk-status-bar[1180]: 2026-07-12T20:59:06.138079Z  INFO gtk_status_bar::dbus: Battery is discharging (state: 2)
2026-07-12T20:59:06+00:00 machine gtk-status-bar[1180]: 2026-07-12T20:59:06.138139Z DEBUG gtk_status_bar::widgets: Updating battery label: 🔋 42%
2026-07-12T20:59:06+00:00 machine gtk-status-bar[1180]: 2026-07-12T20:59:06.138219Z DEBUG gtk_status_bar::widgets: 👁️  SHOWING battery widget - data: 🔋 42%
2026-07-12T20:59:08+00:00 machine gtk-status-bar[1180]: 2026-07-12T20:59:08.884484Z DEBUG gtk_status_bar::dbus: Got an event in event stream: Msg { type: Signal, serial: 18, sender: UniqueName(":1.5"), path: ObjectPath("/org/freedesktop/UPower/devices/battery_BAT0"), iface: InterfaceName("org.freedesktop.DBus.Properties"), member: MemberName("PropertiesChanged"), body: Structure(Dynamic { fields: [Str, Dict { key: Dynamic { child: Str }, value: Dynamic { child: Variant } }, Array(Dynamic { child: Str })] }), fds: [] }
2026-07-12T20:59:08+00:00 machine gtk-status-bar[1180]: 2026-07-12T20:59:08.884521Z DEBUG gtk_status_bar::dbus: Dbus monitor: Received D-Bus message from path: Some(ObjectPath("/org/freedesktop/UPower/devices/battery_BAT0")), interface: Some(InterfaceName("org.freedesktop.DBus.Properties")), member: Some(MemberName("PropertiesChanged"))
2026-07-12T20:59:08+00:00 machine gtk-status-bar[1180]: 2026-07-12T20:59:08.884538Z  INFO gtk_status_bar::dbus: Dbus monitor: Received signal
2026-07-12T20:59:08+00:00 machine gtk-status-bar[1180]: 2026-07-12T20:59:08.884603Z  INFO gtk_status_bar::dbus: Dbus monitor: Received PropertiesChanged signal
2026-07-12T20:59:08+00:00 machine gtk-status-bar[1180]: 2026-07-12T20:59:08.884637Z DEBUG gtk_status_bar::dbus: Battery device properties contain no State property
2026-07-12T20:59:08+00:00 machine gtk-status-bar[1180]: 2026-07-12T20:59:08.884653Z  INFO gtk_status_bar::dbus: Battery percentage changed to 42.0%
2026-07-12T20:59:08+00:00 machine gtk-status-bar[1180]: 2026-07-12T20:59:08.884682Z DEBUG gtk_status_bar::dbus: Got an event in event stream: Msg { type: Signal, serial: 19, sender: UniqueName(":1.5"), path: ObjectPath("/org/freedesktop/UPower/devices/battery_BAT0"), iface: InterfaceName("org.freedesktop.DBus.Properties"), member: MemberName("PropertiesChanged"), body: Structure(Dynamic { fields: [Str, Dict { key: Dynamic { child: Str }, value: Dynamic { child: Variant } }, Array(Dynamic { child: Str })] }), fds: [] }
2026-07-12T20:59:08+00:00 machine gtk-status-bar[1180]: 2026-07-12T20:59:08.884702Z DEBUG gtk_status_bar::dbus: Dbus monitor: Received D-Bus message from path: Some(ObjectPath("/org/freedesktop/UPower/devices/battery_BAT0")), interface: Some(InterfaceName("org.freedesktop.DBus.Properties")), member: Some(MemberName("PropertiesChanged"))
2026-07-12T20:59:08+00:00 machine gtk-status-bar[1180]: 2026-07-12T20:59:08.884717Z  INFO gtk_status_bar::dbus: Dbus monitor: Received signal
2026-07-12T20:59:08+00:00 machine gtk-status-bar[1180]: 2026-07-12T20:59:08.884731Z  INFO gtk_status_bar::dbus: Dbus monitor: Received PropertiesChanged signal
2026-07-12T20:59:08+00:00 machine gtk-status-bar[1180]: 2026-07-12T20:59:08.884752Z  INFO gtk_status_bar::dbus: Battery is charging (state: 1)
2026-07-12T20:59:08+00:00 machine gtk-status-bar[1180]: 2026-07-12T20:59:08.884950Z DEBUG gtk_status_bar::widgets: Updating battery label: 🔋 42%
2026-07-12T20:59:08+00:00 machine gtk-status-bar[1180]: 2026-07-12T20:59:08.884974Z DEBUG gtk_status_bar::widgets: 👁️  SHOWING battery widget - data: 🔋 42%
2026-07-12T20:59:11+00:00 machine gtk-status-bar[1180]: 2026-07-12T20:59:11.648699Z DEBUG gtk_status_bar::dbus: Got an event in event stream: Msg { type: Signal, serial: 23, sender: UniqueName(":1.5"), path: ObjectPath("/org/freedesktop/UPower/devices/battery_BAT0"), iface: InterfaceName("org.freedesktop.DBus.Properties"), member: MemberName("PropertiesChanged"), body: Structure(Dynamic { fields: [Str, Dict { key: Dynamic { child: Str }, value: Dynamic { child: Variant } }, Array(Dynamic { child: Str })] }), fds: [] }
2026-07-12T20:59:11+00:00 machine gtk-status-bar[1180]: 2026-07-12T20:59:11.648860Z DEBUG gtk_status_bar::dbus: Dbus monitor: Received D-Bus message from path: Some(ObjectPath("/org/freedesktop/UPower/devices/battery_BAT0")), interface: Some(InterfaceName("org.freedesktop.DBus.Properties")), member: Some(MemberName("PropertiesChanged"))
2026-07-12T20:59:11+00:00 machine gtk-status-bar[1180]: 2026-07-12T20:59:11.648881Z  INFO gtk_status_bar::dbus: Dbus monitor: Received signal
2026-07-12T20:59:11+00:00 machine gtk-status-bar[1180]: 2026-07-12T20:59:11.648899Z  INFO gtk_status_bar::dbus: Dbus monitor: Received PropertiesChanged signal
2026-07-12T20:59:11+00:00 machine gtk-status-bar[1180]: 2026-07-12T20:59:11.648938Z DEBUG gtk_status_bar::dbus: Battery device properties contain no State property
2026-07-12T20:59:11+00:00 machine gtk-status-bar[1180]: 2026-07-12T20:59:11.648958Z  INFO gtk_status_bar::dbus: Battery percentage changed to 0.0%
2026-07-12T20:59:11+00:00 machine gtk-status-bar[1180]: 2026-07-12T20:59:11.648995Z DEBUG gtk_status_bar::dbus: Got an event in event stream: Msg { type: Signal, serial: 24, sender: UniqueName(":1.5"), path: ObjectPath("/org/freedesktop/UPower/devices/battery_BAT0"), iface: InterfaceName("org.freedesktop.DBus.Properties"), member: MemberName("PropertiesChanged"), body: Structure(Dynamic { fields: [Str, Dict { key: Dynamic { child: Str }, value: Dynamic { child: Variant } }, Array(Dynamic { child: Str })] }), fds: [] }
2026-07-12T20:59:11+00:00 machine gtk-status-bar[1180]: 2026-07-12T20:59:11.649018Z DEBUG gtk_status_bar::dbus: Dbus monitor: Received D-Bus message from path: Some(ObjectPath("/org/freedesktop/UPower/devices/battery_BAT0")), interface: Some(InterfaceName("org.freedesktop.DBus.Properties")), member: Some(MemberName("PropertiesChanged"))
2026-07-12T20:59:11+00:00 machine gtk-status-bar[1180]: 2026-07-12T20:59:11.649050Z  INFO gtk_status_bar::dbus: Dbus monitor: Received signal
2026-07-12T20:59:11+00:00 machine gtk-status-bar[1180]: 2026-07-12T20:59:11.649067Z  INFO gtk_status_bar::dbus: Dbus monitor: Received PropertiesChanged signal
2026-07-12T20:59:11+00:00 machine gtk-status-bar[1180]: 2026-07-12T20:59:11.649092Z  INFO gtk_status_bar::dbus: Battery is discharging (state: 2)
2026-07-12T20:59:11+00:00 machine gtk-status-bar[1180]: 2026-07-12T20:59:11.649351Z DEBUG gtk_status_bar::widgets: Updating battery label: 🔋 0%
2026-07-12T20:59:11+00:00 machine gtk-status-bar[1180]: 2026-07-12T20:59:11.649506Z DEBUG gtk_status_bar::widgets: 👁️  SHOWING battery widget - data: 🔋 0%
2026-07-12T20:59:14+00:00 machine gtk-status-bar[1180]: 2026-07-12T20:59:14.355881Z DEBUG gtk_status_bar::dbus: Got an event in event stream: Msg { type: Signal, serial: 28, sender: UniqueName(":1.5"), path: ObjectPath("/org/freedesktop/UPower/devices/battery_BAT0"), iface: InterfaceName("org.freedesktop.DBus.Properties"), member: MemberName("PropertiesChanged"), body: Structure(Dynamic { fields: [Str, Dict { key: Dynamic { child: Str }, value: Dynamic { child: Variant } }, Array(Dynamic { child: Str })] }), fds: [] }
2026-07-12T20:59:14+00:00 machine gtk-status-bar[1180]: 2026-07-12T20:59:14.355920Z DEBUG gtk_status_bar::dbus: Dbus monitor: Received D-Bus message from path: Some(ObjectPath("/org/freedesktop/UPower/devices/battery_BAT0")), interface: Some(InterfaceName("org.freedesktop.DBus.Properties")), member: Some(MemberName("PropertiesChanged"))
2026-07-12T20:59:14+00:00 machine gtk-status-bar[1180]: 2026-07-12T20:59:14.355940Z  INFO gtk_status_bar::dbus: Dbus monitor: Received signal
2026-07-12T20:59:14+00:00 machine gtk-status-bar[1180]: 2026-07-12T20:59:14.355957Z  INFO gtk_status_bar::dbus: Dbus monitor: Received PropertiesChanged signal
2026-07-12T20:59:14+00:00 machine gtk-status-bar[1180]: 2026-07-12T20:59:14.355994Z DEBUG gtk_status_bar::dbus: Battery device properties contain no State property
2026-07-12T20:59:14+00:00 machine gtk-status-bar[1180]: 2026-07-12T20:59:14.356013Z  INFO gtk_status_bar::dbus: Battery percentage changed to 100.0%
2026-07-12T20:59:14+00:00 machine gtk-status-bar[1180]: 2026-07-12T20:59:14.356056Z DEBUG gtk_status_bar::dbus: Got an event in event stream: Msg { type: Signal, serial: 29, sender: UniqueName(":1.5"), path: ObjectPath("/org/freedesktop/UPower/devices/battery_BAT0"), iface: InterfaceName("org.freedesktop.DBus.Properties"), member: MemberName("PropertiesChanged"), body: Structure(Dynamic { fields: [Str, Dict { key: Dynamic { child: Str }, value: Dynamic { child: Variant } }, Array(Dynamic { child: Str })] }), fds: [] }
2026-07-12T20:59:14+00:00 machine gtk-status-bar[1180]: 2026-07-12T20:59:14.356080Z DEBUG gtk_status_bar::dbus: Dbus monitor: Received D-Bus message from path: Some(ObjectPath("/org/freedesktop/UPower/devices/battery_BAT0")), interface: Some(InterfaceName("org.freedesktop.DBus.Properties")), member: Some(MemberName("PropertiesChanged"))
2026-07-12T20:59:14+00:00 machine gtk-status-bar[1180]: 2026-07-12T20:59:14.356099Z  INFO gtk_status_bar::dbus: Dbus monitor: Received signal
2026-07-12T20:59:14+00:00 machine gtk-status-bar[1180]: 2026-07-12T20:59:14.356116Z  INFO gtk_status_bar::dbus: Dbus monitor: Received PropertiesChanged signal
2026-07-12T20:59:14+00:00 machine gtk-status-bar[1180]: 2026-07-12T20:59:14.356637Z  INFO gtk_status_bar::dbus: Battery is fully charged (state: 4)
2026-07-12T20:59:14+00:00 machine gtk-status-bar[1180]: 2026-07-12T20:59:14.356398Z DEBUG gtk_status_bar::widgets: Updating battery label: 🔋 100%
2026-07-12T20:59:14+00:00 machine gtk-status-bar[1180]: 2026-07-12T20:59:14.356839Z DEBUG gtk_status_bar::widgets: 👁️  SHOWING battery widget - data: 🔋 100%
2026-07-12T20:59:17+00:00 machine gtk-status-bar[1180]: 2026-07-12T20:59:17.082796Z DEBUG gtk_status_bar::dbus: Got an event in event stream: Msg { type: Signal, serial: 33, sender: UniqueName(":1.5"), path: ObjectPath("/org/freedesktop/UPower/devices/battery_BAT0"), iface: InterfaceName("org.freedesktop.DBus.Properties"), member: MemberName("PropertiesChanged"), body: Structure(Dynamic { fields: [Str, Dict { key: Dynamic { child: Str }, value: Dynamic { child: Variant } }, Array(Dynamic { child: Str })] }), fds: [] }
2026-07-12T20:59:17+00:00 machine gtk-status-bar[1180]: 2026-07-12T20:59:17.082835Z DEBUG gtk_status_bar::dbus: Dbus monitor: Received D-Bus message from path: Some(ObjectPath("/org/freedesktop/UPower/devices/battery_BAT0")), interface: Some(InterfaceName("org.freedesktop.DBus.Properties")), member: Some(MemberName("PropertiesChanged"))
2026-07-12T20:59:17+00:00 machine gtk-status-bar[1180]: 2026-07-12T20:59:17.082855Z  INFO gtk_status_bar::dbus: Dbus monitor: Received signal
2026-07-12T20:59:17+00:00 machine gtk-status-bar[1180]: 2026-07-12T20:59:17.082874Z  INFO gtk_status_bar::dbus: Dbus monitor: Received PropertiesChanged signal
2026-07-12T20:59:17+00:00 machine gtk-status-bar[1180]: 2026-07-12T20:59:17.082915Z DEBUG gtk_status_bar::dbus: Battery device properties contain no State property
2026-07-12T20:59:17+00:00 machine gtk-status-bar[1180]: 2026-07-12T20:59:17.082934Z  INFO gtk_status_bar::dbus: Battery percentage changed to 79.5%
2026-07-12T20:59:17+00:00 machine gtk-status-bar[1180]: 2026-07-12T20:59:17.083154Z DEBUG gtk_status_bar::widgets: Updating battery label: 🔋 80%
2026-07-12T20:59:17+00:00 machine gtk-status-bar[1180]: 2026-07-12T20:59:17.083258Z DEBUG gtk_status_bar::widgets: 👁️  SHOWING battery widget - data: 🔋 80%
2026-07-12T20:59:17+00:00 machine gtk-status-bar[1180]: 2026-07-12T20:59:17.083784Z DEBUG gtk_status_bar::dbus: Got an event in event stream: Msg { type: Signal, serial: 34, sender: UniqueName(":1.5"), path: ObjectPath("/org/freedesktop/UPower/devices/battery_BAT0"), iface: InterfaceName("org.freedesktop.DBus.Properties"), member: MemberName("PropertiesChanged"), body: Structure(Dynamic { fields: [Str, Dict { key: Dynamic { child: Str }, value: Dynamic { child: Variant } }, Array(Dynamic { child: Str })] }), fds: [] }
2026-07-12T20:59:17+00:00 machine gtk-status-bar[1180]: 2026-07-12T20:59:17.083811Z DEBUG gtk_status_bar::dbus: Dbus monitor: Received D-Bus message from path: Some(ObjectPath("/org/freedesktop/UPower/devices/battery_BAT0")), interface: Some(InterfaceName("org.freedesktop.DBus.Properties")), member: Some(MemberName("PropertiesChanged"))
2026-07-12T20:59:17+00:00 machine gtk-status-bar[1180]: 2026-07-12T20:59:17.083832Z  INFO gtk_status_bar::dbus: Dbus monitor: Received signal
2026-07-12T20:59:17+00:00 machine gtk-status-bar[1180]: 2026-07-12T20:59:17.083910Z  INFO gtk_status_bar::dbus: Dbus monitor: Received PropertiesChanged signal
2026-07-12T20:59:17+00:00 machine gtk-status-bar[1180]: 2026-07-12T20:59:17.083942Z  INFO gtk_status_bar::dbus: Battery is discharging (state: 2)
2026-07-12T20:59:22+00:00 machine gtk-status-bar[1180]: 2026-07-12T20:59:22.351124Z DEBUG gtk_status_bar::dbus: Got an event in event stream: Msg { type: Signal, serial: 42, sender: UniqueName(":1.6"), path: ObjectPath("/"), iface: InterfaceName("org.freedesktop.DBus.ObjectManager"), member: MemberName("InterfacesAdded"), body: Structure(Dynamic { fields: [ObjectPath, Dict { key: Dynamic { child: Str }, value: Dynamic { child: Dict { key: Dynamic { child: Str }, value: Dynamic { child: Variant } } } }] }), fds: [] }
2026-07-12T20:59:22+00:00 machine gtk-status-bar[1180]: 2026-07-12T20:59:22.351166Z DEBUG gtk_status_bar::dbus: Dbus monitor: Received D-Bus message from path: Some(ObjectPath("/")), interface: Some(InterfaceName("org.freedesktop.DBus.ObjectManager")), member: Some(MemberName("InterfacesAdded"))
2026-07-12T20:59:22+00:00 machine gtk-status-bar[1180]: 2026-07-12T20:59:22.351187Z  INFO gtk_status_bar::dbus: Dbus monitor: Received signal
2026-07-12T20:59:22+00:00 machine gtk-status-bar[1180]: 2026-07-12T20:59:22.351212Z  INFO gtk_status_bar::dbus: Dbus monitor: Received InterfacesAdded signal from ObjectManager
2026-07-12T20:59:22+00:00 machine gtk-status-bar[1180]: 2026-07-12T20:59:22.351307Z DEBUG gtk_status_bar::dbus: Available interfaces in InterfacesAdded: [Str("org.bluez.Device1")]
2026-07-12T20:59:22+00:00 machine gtk-status-bar[1180]: 2026-07-12T20:59:22.351368Z DEBUG gtk_status_bar::dbus: Found Device1 interface properties: Dict { map: {Str("Adapter"): Value(ObjectPath(ObjectPath("/org/bluez/hci0"))), Str("Address"): Value(Str("AA:BB:CC:DD:EE:03")), Str("AddressType"): Value(Str("public")), Str("AdvertisingData"): Value(Array(Array { elements: [], signature: Array(Dynamic { child: Dict { key: Dynamic { child: U8 }, value: Dynamic { child: Variant } } }) })), Str("AdvertisingFlags"): Value(Array(Array { elements: [], signature: Array(Dynamic { child: Array(Dynamic { child: U8 }) }) })), Str("Alias"): Value(Str("🎧 Sony")), Str("Appearance"): Value(U16(0)), Str("Blocked"): Value(Bool(false)), Str("Class"): Value(U32(5898764)), Str("Connected"): Value(Bool(false)), Str("Icon"): Value(Str("phone")), Str("LegacyPairing"): Value(Bool(false)), Str("ManufacturerData"): Value(Array(Array { elements: [], signature: Array(Dynamic { child: Dict { key: Dynamic { child: U16 }, value: Dynamic { child: Variant } } }) })), Str("Modalias"): Value(Str("bluetooth:v000Fp1200d1436")), Str("Name"): Value(Str("🎧 Sony")), Str("Paired"): Value(Bool(false)), Str("RSSI"): Value(I16(-79)), Str("ServiceData"): Value(Array(Array { elements: [], signature: Array(Dynamic { child: Dict { key: Dynamic { child: Str }, value: Dynamic { child: Variant } } }) })), Str("ServicesResolved"): Value(Bool(false)), Str("Trusted"): Value(Bool(false)), Str("TxPower"): Value(I16(0)), Str("UUIDs"): Value(Array(Array { elements: [], signature: Array(Dynamic { child: Str }) })), Str("WakeAllowed"): Value(Bool(false))}, signature: Dict { key: Dynamic { child: Str }, value: Dynamic { child: Variant } } }
2026-07-12T20:59:22+00:00 machine gtk-status-bar[1180]: 2026-07-12T20:59:22.351664Z DEBUG gtk_status_bar::dbus: Found Bluetooth device name: 🎧 Sony
2026-07-12T20:59:22+00:00 machine gtk-status-bar[1180]: 2026-07-12T20:59:22.351849Z  INFO gtk_status_bar::dbus: Created new device /org/bluez/hci0/dev_AA_BB_CC_DD_EE_03 with name: Some("🎧 Sony")
2026-07-12T20:59:22+00:00 machine gtk-status-bar[1180]: 2026-07-12T20:59:22.351878Z DEBUG gtk_status_bar::dbus: Not a device with org.bluez.Battery1 interface
2026-07-12T20:59:22+00:00 machine gtk-status-bar[1180]: 2026-07-12T20:59:22.352048Z DEBUG gtk_status_bar::widgets: Updating Bluetooth battery label: P80
2026-07-12T20:59:22+00:00 machine gtk-status-bar[1180]: 2026-07-12T20:59:22.352075Z DEBUG gtk_status_bar::widgets: 👁️  SHOWING Bluetooth widget - data: P80
2026-07-12T20:59:22+00:00 machine gtk-status-bar[2532]: 2026-07-12T20:59:22.971187Z  INFO gtk_status_bar: Starting GTK status bar application
2026-07-12T20:59:22+00:00 machine gtk-status-bar[2532]: 2026-07-12T20:59:22.973173Z  INFO gtk_status_bar: Running GTK application
2026-07-12T20:59:24+00:00 machine gtk-status-bar[2532]: 2026-07-12T20:59:24.664506Z  INFO gtk_status_bar: Activating GTK application
2026-07-12T20:59:24+00:00 machine gtk-status-bar[2532]: 2026-07-12T20:59:24.665201Z DEBUG gtk_status_bar::widgets: Loading CSS styles
2026-07-12T20:59:24+00:00 machine gtk-status-bar[2532]: 2026-07-12T20:59:24.665508Z  INFO gtk_status_bar::widgets: CSS styles loaded successfully
2026-07-12T20:59:24+00:00 machine gtk-status-bar[2532]: 2026-07-12T20:59:24.665524Z DEBUG gtk_status_bar::widgets: Configuring layer shell
2026-07-12T20:59:24+00:00 machine gtk-status-bar[2532]: 2026-07-12T20:59:24.692500Z  INFO gtk_status_bar::widgets: Layer shell configured successfully
2026-07-12T20:59:24+00:00 machine gtk-status-bar[2532]: 2026-07-12T20:59:24.692530Z DEBUG gtk_status_bar::widgets: Creating experimental bar
2026-07-12T20:59:24+00:00 machine gtk-status-bar[2532]: 2026-07-12T20:59:24.692679Z DEBUG gtk_status_bar::widgets: Creating left group
2026-07-12T20:59:24+00:00 machine gtk-status-bar[2532]: 2026-07-12T20:59:24.692710Z DEBUG gtk_status_bar::widgets: Creating workspace widget
2026-07-12T20:59:24+00:00 machine gtk-status-bar[2532]: 2026-07-12T20:59:24.692968Z DEBUG gtk_status_bar::widgets: Creating center group
2026-07-12T20:59:24+00:00 machine gtk-status-bar[2532]: 2026-07-12T20:59:24.692996Z DEBUG gtk_status_bar::widgets: Creating title widget
2026-07-12T20:59:24+00:00 machine gtk-status-bar[2532]: 2026-07-12T20:59:24.693053Z DEBUG gtk_status_bar::widgets: Creating right group
2026-07-12T20:59:24+00:00 machine gtk-status-bar[2532]: 2026-07-12T20:59:24.693083Z DEBUG gtk_status_bar::widgets: Creating system tray widget
2026-07-12T20:59:24+00:00 machine gtk-status-bar[2532]: 2026-07-12T20:59:24.693109Z DEBUG gtk_status_bar::widgets: Creating bluetooth widget
2026-07-12T20:59:24+00:00 machine gtk-status-bar[2532]: 2026-07-12T20:59:24.693191Z DEBUG gtk_status_bar::widgets: Creating volume widget
2026-07-12T20:59:24+00:00 machine gtk-status-bar[2532]: 2026-07-12T20:59:24.693230Z DEBUG gtk_status_bar::widgets: Creating battery widget
2026-07-12T20:59:24+00:00 machine gtk-status-bar[2532]: 2026-07-12T20:59:24.693269Z DEBUG gtk_status_bar::widgets: Creating time widget
2026-07-12T20:59:25+00:00 machine gtk-status-bar[2532]: 2026-07-12T20:59:25.363976Z DEBUG gtk_status_bar::widgets: Setting up time widget updates
2026-07-12T20:59:25+00:00 machine gtk-status-bar[2532]: 2026-07-12T20:59:25.364035Z DEBUG gtk_status_bar::widgets: Setting up system tray updates
2026-07-12T20:59:25+00:00 machine gtk-status-bar[2532]: 2026-07-12T20:59:25.364089Z DEBUG gtk_status_bar::widgets: Setting up workspace updates
2026-07-12T20:59:25+00:00 machine gtk-status-bar[2532]: 2026-07-12T20:59:25.364127Z DEBUG gtk_status_bar::widgets: Setting up title updates
2026-07-12T20:59:25+00:00 machine gtk-status-bar[2532]: 2026-07-12T20:59:25.364160Z DEBUG gtk_status_bar::widgets: Setting up battery updates
2026-07-12T20:59:25+00:00 machine gtk-status-bar[2532]: 2026-07-12T20:59:25.364193Z DEBUG gtk_status_bar::widgets: Setting up Bluetooth battery updates
2026-07-12T20:59:25+00:00 machine gtk-status-bar[2532]: 2026-07-12T20:59:25.364228Z DEBUG gtk_status_bar::widgets: Setting up volume updates with tokio async channels
2026-07-12T20:59:25+00:00 machine gtk-status-bar[2532]: 2026-07-12T20:59:25.364385Z  INFO gtk_status_bar: Application activated successfully
2026-07-12T20:59:25+00:00 machine gtk-status-bar[2532]: 2026-07-12T20:59:25.364478Z  INFO gtk_status_bar::hypr: 🔌 Starting workspace event listener
2026-07-12T20:59:25+00:00 machine gtk-status-bar[2532]: 2026-07-12T20:59:25.364497Z DEBUG gtk_status_bar::hypr: Setting up workspace event listener
2026-07-12T20:59:25+00:00 machine gtk-status-bar[2532]: 2026-07-12T20:59:25.364497Z DEBUG gtk_status_bar::pw: 🔧 Initializing PipeWire on dedicated thread...
2026-07-12T20:59:25+00:00 machine gtk-status-bar[2532]: 2026-07-12T20:59:25.364541Z DEBUG gtk_status_bar::pw: 📋 Created device tracking HashMap for (node_name, description, volume, channel, mute)
2026-07-12T20:59:25+00:00 machine gtk-status-bar[2532]: 2026-07-12T20:59:25.364629Z  INFO gtk_status_bar::hypr: 🔌 Starting title event listener
2026-07-12T20:59:25+00:00 machine gtk-status-bar[2532]: 2026-07-12T20:59:25.364650Z DEBUG gtk_status_bar::hypr: Setting up title event listener
2026-07-12T20:59:25+00:00 machine gtk-status-bar[2532]: 2026-07-12T20:59:25.364665Z DEBUG gtk_status_bar::hypr: Fetching initial title state
2026-07-12T20:59:25+00:00 machine gtk-status-bar[2532]: 2026-07-12T20:59:25.364704Z  INFO gtk_status_bar::dbus: 🔌 Starting D-Bus monitor
2026-07-12T20:59:25+00:00 machine gtk-status-bar[2532]: 2026-07-12T20:59:25.364722Z  INFO gtk_status_bar::dbus: Starting D-Bus monitoring task
2026-07-12T20:59:25+00:00 machine gtk-status-bar[2532]: 2026-07-12T20:59:25.366365Z DEBUG gtk_status_bar::widgets: Updating workspace - label: 'Workspace i', color for workspace: 2
2026-07-12T20:59:25+00:00 machine gtk-status-bar[2532]: 2026-07-12T20:59:25.366457Z DEBUG gtk_status_bar::widgets: Updated title widget color to: rgba(125, 207, 255, 0.5) for workspace: 2
2026-07-12T20:59:25+00:00 machine gtk-status-bar[2532]: 2026-07-12T20:59:25.366685Z DEBUG gtk_status_bar::widgets: 🚀 Starting async volume update loop...
2026-07-12T20:59:25+00:00 machine gtk-status-bar[2532]: 2026-07-12T20:59:25.367904Z DEBUG gtk_status_bar::pw: ✅ PipeWire initialized
2026-07-12T20:59:25+00:00 machine gtk-status-bar[2532]: 2026-07-12T20:59:25.367960Z DEBUG gtk_status_bar::pw: ✅ ThreadLoop created
2026-07-12T20:59:25+00:00 machine gtk-status-bar[2532]: 2026-07-12T20:59:25.368119Z  INFO gtk_status_bar::hypr: Starting workspace event listener
2026-07-12T20:59:25+00:00 machine gtk-status-bar[2532]: 2026-07-12T20:59:25.365494Z  INFO gtk_status_bar::tray: 🔌 Starting system tray backend
2026-07-12T20:59:25+00:00 machine gtk-status-bar[2532]: 2026-07-12T20:59:25.369092Z  INFO gtk_status_bar: Starting tray IPC server
2026-07-12T20:59:25+00:00 machine gtk-status-bar[2532]: 2026-07-12T20:59:25.369209Z DEBUG gtk_status_bar::dbus: 🔌 Registered battery match rule
2026-07-12T20:59:25+00:00 machine gtk-status-bar[2532]: 2026-07-12T20:59:25.369368Z DEBUG gtk_status_bar::dbus: 🔌 Registered bluez PropertiesChanged match rule
2026-07-12T20:59:25+00:00 machine gtk-status-bar[2532]: 2026-07-12T20:59:25.369801Z DEBUG gtk_status_bar::dbus: 🔌 Registered bluez InterfacesAdded match rule
2026-07-12T20:59:25+00:00 machine gtk-status-bar[2532]: 2026-07-12T20:59:25.372857Z DEBUG gtk_status_bar::dbus: 🔌 Registered bluez InterfacesRemoved match rule
2026-07-12T20:59:25+00:00 machine gtk-status-bar[2532]: 2026-07-12T20:59:25.374532Z  INFO gtk_status_bar::dbus: No battery detected initially (likely desktop system): org.freedesktop.DBus.Error.UnknownMethod: Method "Get" with signature "ss" on interface "org.freedesktop.DBus.Properties" doesn't exist
2026-07-12T20:59:25+00:00 machine gtk-status-bar[2532]: 2026-07-12T20:59:25.374820Z DEBUG gtk_status_bar::dbus: Using empty battery text
2026-07-12T20:59:25+00:00 machine gtk-status-bar[2532]: 2026-07-12T20:59:25.375761Z  INFO gtk_status_bar::dbus: No battery state detected initially (likely desktop system): org.freedesktop.DBus.Error.UnknownMethod: Method "Get" with signature "ss" on interface "org.freedesktop.DBus.Properties" doesn't exist
2026-07-12T20:59:25+00:00 machine gtk-status-bar[2532]: 2026-07-12T20:59:25.378701Z  INFO tray_ipc: Tray IPC server is listening path=/run/user/1000/gtk-status-bar/tray.sock
2026-07-12T20:59:25+00:00 machine gtk-status-bar[2532]: 2026-07-12T20:59:25.378832Z  INFO gtk_status_bar::dbus: Found 5 Bluetooth objects
2026-07-12T20:59:25+00:00 machine gtk-status-bar[2532]: 2026-07-12T20:59:25.378855Z  INFO gtk_status_bar::dbus: Found Bluetooth device with battery at: /org/bluez/hci0/dev_AA_BB_CC_DD_EE_02
2026-07-12T20:59:25+00:00 machine gtk-status-bar[2532]: 2026-07-12T20:59:25.378870Z  INFO gtk_status_bar::dbus: Bluetooth device battery at 42%
2026-07-12T20:59:25+00:00 machine gtk-status-bar[2532]: 2026-07-12T20:59:25.378886Z DEBUG gtk_status_bar::dbus: Added device /org/bluez/hci0/dev_AA_BB_CC_DD_EE_02 to HashMap (has_battery: true, has_media: false)
2026-07-12T20:59:25+00:00 machine gtk-status-bar[2532]: 2026-07-12T20:59:25.378902Z  INFO gtk_status_bar::dbus: Found Bluetooth device with battery at: /org/bluez/hci0/dev_AA_BB_CC_DD_EE_03
2026-07-12T20:59:25+00:00 machine gtk-status-bar[2532]: 2026-07-12T20:59:25.378916Z  INFO gtk_status_bar::dbus: Bluetooth device battery at 55%
2026-07-12T20:59:25+00:00 machine gtk-status-bar[2532]: 2026-07-12T20:59:25.378931Z DEBUG gtk_status_bar::dbus: Added device /org/bluez/hci0/dev_AA_BB_CC_DD_EE_03 to HashMap (has_battery: true, has_media: false)
2026-07-12T20:59:25+00:00 machine gtk-status-bar[2532]: 2026-07-12T20:59:25.378951Z  INFO gtk_status_bar::dbus: Found Bluetooth device with battery at: /org/bluez/hci0/dev_AA_BB_CC_DD_EE_01
2026-07-12T20:59:25+00:00 machine gtk-status-bar[2532]: 2026-07-12T20:59:25.378965Z  INFO gtk_status_bar::dbus: Bluetooth device battery at 80%
2026-07-12T20:59:25+00:00 machine gtk-status-bar[2532]: 2026-07-12T20:59:25.378979Z DEBUG gtk_status_bar::dbus: Added device /org/bluez/hci0/dev_AA_BB_CC_DD_EE_01 to HashMap (has_battery: true, has_media: false)
2026-07-12T20:59:25+00:00 machine gtk-status-bar[2532]: 2026-07-12T20:59:25.378995Z DEBUG gtk_status_bar::dbus: Initial bluetooth devices: {"/org/bluez/hci0/dev_AA_BB_CC_DD_EE_02": BluetoothDevice { has_battery: true, has_media: false, battery_percentage: Some(42), device_name: None }, "/org/bluez/hci0/dev_AA_BB_CC_DD_EE_03": BluetoothDevice { has_battery: true, has_media: false, battery_percentage: Some(55), device_name: Some("🎧 Sony") }, "/org/bluez/hci0/dev_AA_BB_CC_DD_EE_01": BluetoothDevice { has_battery: true, has_media: false, battery_percentage: Some(80), device_name: Some("Pixel Buds") }}
2026-07-12T20:59:25+00:00 machine gtk-status-bar[2532]: 2026-07-12T20:59:25.379021Z  INFO gtk_status_bar::dbus: Sent initial Bluetooth display: D42 🎧55 P80
2026-07-12T20:59:25+00:00 machine gtk-status-bar[2532]: 2026-07-12T20:59:25.379045Z  INFO gtk_status_bar::dbus: Dbus monitor: Starting to listen for D-Bus messages
2026-07-12T20:59:25+00:00 machine gtk-status-bar[2532]: 2026-07-12T20:59:25.379061Z DEBUG gtk_status_bar::dbus: Got an event in event stream: Msg { type: Error, serial: 40, sender: UniqueName(":1.5"), reply-serial: 6, body: Str, fds: [] }
2026-07-12T20:59:25+00:00 machine gtk-status-bar[2532]: 2026-07-12T20:59:25.379081Z DEBUG gtk_status_bar::dbus: Dbus monitor: Received D-Bus message from path: None, interface: None, member: None
2026-07-12T20:59:25+00:00 machine gtk-status-bar[2532]: 2026-07-12T20:59:25.379096Z ERROR gtk_status_bar::dbus: Dbus monitor: Received message with no path, ignoring
2026-07-12T20:59:25+00:00 machine gtk-status-bar[2532]: 2026-07-12T20:59:25.379110Z DEBUG gtk_status_bar::dbus: Got an event in event stream: Msg { type: Error, serial: 41, sender: UniqueName(":1.5"), reply-serial: 7, body: Str, fds: [] }
2026-07-12T20:59:25+00:00 machine gtk-status-bar[2532]: 2026-07-12T20:59:25.379126Z DEBUG gtk_status_bar::dbus: Dbus monitor: Received D-Bus message from path: None, interface: None, member: None
2026-07-12T20:59:25+00:00 machine gtk-status-bar[2532]: 2026-07-12T20:59:25.379140Z ERROR gtk_status_bar::dbus: Dbus monitor: Received message with no path, ignoring
2026-07-12T20:59:25+00:00 machine gtk-status-bar[2532]: 2026-07-12T20:59:25.379154Z DEBUG gtk_status_bar::dbus: Got an event in event stream: Msg { type: MethodReturn, serial: 47, sender: UniqueName(":1.6"), reply-serial: 8, body: Dict { key: Dynamic { child: ObjectPath }, value: Dynamic { child: Dict { key: Dynamic { child: Str }, value: Dynamic { child: Dict { key: Dynamic { child: Str }, value: Dynamic { child: Variant } } } } } }, fds: [] }
2026-07-12T20:59:25+00:00 machine gtk-status-bar[2532]: 2026-07-12T20:59:25.379170Z DEBUG gtk_status_bar::dbus: Dbus monitor: Received D-Bus message from path: None, interface: None, member: None
2026-07-12T20:59:25+00:00 machine gtk-status-bar[2532]: 2026-07-12T20:59:25.379184Z ERROR gtk_status_bar::dbus: Dbus monitor: Received message with no path, ignoring
2026-07-12T20:59:25+00:00 machine gtk-status-bar[2532]: 2026-07-12T20:59:25.388962Z DEBUG gtk_status_bar::pw: ✅ Context created
2026-07-12T20:59:25+00:00 machine gtk-status-bar[2532]: 2026-07-12T20:59:25.389180Z DEBUG gtk_status_bar::pw: ✅ Core connected
2026-07-12T20:59:25+00:00 machine gtk-status-bar[2532]: 2026-07-12T20:59:25.389200Z DEBUG gtk_status_bar::pw: ✅ Registry obtained
2026-07-12T20:59:25+00:00 machine gtk-status-bar[2532]: 2026-07-12T20:59:25.389215Z DEBUG gtk_status_bar::pw: 🎵 PipeWire ThreadLoop started - monitoring volume changes with default sink filtering
2026-07-12T20:59:25+00:00 machine gtk-status-bar[2532]: 2026-07-12T20:59:25.389354Z DEBUG gtk_status_bar::pw: ✅ ThreadLoop started successfully
2026-07-12T20:59:25+00:00 machine gtk-status-bar[2532]: 2026-07-12T20:59:25.389373Z DEBUG gtk_status_bar::pw: 🔄 PipeWire thread running - async event delivery active...
2026-07-12T20:59:25+00:00 machine gtk-status-bar[2532]: 2026-07-12T20:59:25.389958Z DEBUG gtk_status_bar::pw: 📡 PipeWire connected: pipewire-0
2026-07-12T20:59:25+00:00 machine gtk-status-bar[2532]: 2026-07-12T20:59:25.390001Z DEBUG gtk_status_bar::pw: 🚫 Skipping metadata '' (props: Some(DictRef { flags: Flags(0x0), entries: {"object.serial": "0", "core.name": "pipewire-0"} }))
2026-07-12T20:59:25+00:00 machine gtk-status-bar[2532]: 2026-07-12T20:59:25.390039Z DEBUG gtk_status_bar::pw: 🚫 Skipping metadata '' (props: Some(DictRef { flags: Flags(0x0), entries: {"object.serial": "1", "module.name": "libpipewire-module-rt"} }))
2026-07-12T20:59:25+00:00 machine gtk-status-bar[2532]: 2026-07-12T20:59:25.390058Z DEBUG gtk_status_bar::pw: 🚫 Skipping metadata '' (props: Some(DictRef { flags: Flags(0x0), entries: {"object.serial": "3"} }))
2026-07-12T20:59:25+00:00 machine gtk-status-bar[2532]: 2026-07-12T20:59:25.392271Z DEBUG gtk_status_bar::pw: 🚫 Skipping metadata '' (props: Some(DictRef { flags: Flags(0x0), entries: {"object.serial": "2", "module.name": "libpipewire-module-protocol-native"} }))
2026-07-12T20:59:25+00:00 machine gtk-status-bar[2532]: 2026-07-12T20:59:25.392289Z DEBUG gtk_status_bar::pw: 🚫 Skipping metadata '' (props: Some(DictRef { flags: Flags(0x0), entries: {"object.serial": "5"} }))
2026-07-12T20:59:25+00:00 machine gtk-status-bar[2532]: 2026-07-12T20:59:25.392308Z DEBUG gtk_status_bar::pw: 🚫 Skipping metadata '' (props: Some(DictRef { flags: Flags(0x0), entries: {"object.serial": "4", "module.name": "libpipewire-module-profiler"} }))
2026-07-12T20:59:25+00:00 machine gtk-status-bar[2532]: 2026-07-12T20:59:25.392329Z DEBUG gtk_status_bar::pw: 🚫 Skipping metadata '' (props: Some(DictRef { flags: Flags(0x0), entries: {"object.serial": "6", "module.name": "libpipewire-module-metadata"} }))
2026-07-12T20:59:25+00:00 machine gtk-status-bar[2532]: 2026-07-12T20:59:25.392348Z DEBUG gtk_status_bar::pw: 🚫 Skipping metadata '' (props: Some(DictRef { flags: Flags(0x0), entries: {"object.serial": "7", "module.id": "6", "factory.name": "metadata", "factory.type.name": "PipeWire:Interface:Metadata", "factory.type.version": "3"} }))
2026-07-12T20:59:25+00:00 machine gtk-status-bar[2532]: 2026-07-12T20:59:25.392367Z DEBUG gtk_status_bar::pw: 🚫 Skipping metadata '' (props: Some(DictRef { flags: Flags(0x0), entries: {"object.serial": "8", "module.name": "libpipewire-module-spa-device-factory"} }))
2026-07-12T20:59:25+00:00 machine gtk-status-bar[2532]: 2026-07-12T20:59:25.392386Z DEBUG gtk_status_bar::pw: 🚫 Skipping metadata '' (props: Some(DictRef { flags: Flags(0x0), entries: {"object.serial": "9", "module.id": "8", "factory.name": "spa-device-factory", "factory.type.name": "PipeWire:Interface:Device", "factory.type.version": "3"} }))
2026-07-12T20:59:25+00:00 machine gtk-status-bar[2532]: 2026-07-12T20:59:25.392404Z DEBUG gtk_status_bar::pw: 🚫 Skipping metadata '' (props: Some(DictRef { flags: Flags(0x0), entries: {"object.serial": "10", "module.name": "libpipewire-module-spa-node-factory"} }))
2026-07-12T20:59:25+00:00 machine gtk-status-bar[2532]: 2026-07-12T20:59:25.392420Z DEBUG gtk_status_bar::pw: 🚫 Skipping metadata '' (props: Some(DictRef { flags: Flags(0x0), entries: {"object.serial": "11", "module.id": "10", "factory.name": "spa-node-factory", "factory.type.name": "PipeWire:Interface:Node", "factory.type.version": "3"} }))
2026-07-12T20:59:25+00:00 machine gtk-status-bar[2532]: 2026-07-12T20:59:25.392438Z DEBUG gtk_status_bar::pw: 🚫 Skipping metadata '' (props: Some(DictRef { flags: Flags(0x0), entries: {"object.serial": "12", "module.name": "libpipewire-module-client-node"} }))
2026-07-12T20:59:25+00:00 machine gtk-status-bar[2532]: 2026-07-12T20:59:25.392454Z DEBUG gtk_status_bar::pw: 🚫 Skipping metadata '' (props: Some(DictRef { flags: Flags(0x0), entries: {"object.serial": "13", "module.id": "12", "factory.name": "client-node", "factory.type.name": "PipeWire:Interface:ClientNode", "factory.type.version": "6"} }))
2026-07-12T20:59:25+00:00 machine gtk-status-bar[2532]: 2026-07-12T20:59:25.392472Z DEBUG gtk_status_bar::pw: 🚫 Skipping metadata '' (props: Some(DictRef { flags: Flags(0x0), entries: {"object.serial": "14", "module.name": "libpipewire-module-client-device"} }))
2026-07-12T20:59:25+00:00 machine gtk-status-bar[2532]: 2026-07-12T20:59:25.392490Z DEBUG gtk_status_bar::pw: 🚫 Skipping metadata '' (props: Some(DictRef { flags: Flags(0x0), entries: {"object.serial": "15", "module.id": "14", "factory.name": "client-device", "factory.type.name": "Spa:Pointer:Interface:Device", "factory.type.version": "0"} }))
2026-07-12T20:59:25+00:00 machine gtk-status-bar[2532]: 2026-07-12T20:59:25.392507Z DEBUG gtk_status_bar::pw: 🚫 Skipping metadata '' (props: Some(DictRef { flags: Flags(0x0), entries: {"object.serial": "16", "module.name": "libpipewire-module-portal"} }))
2026-07-12T20:59:25+00:00 machine gtk-status-bar[2532]: 2026-07-12T20:59:25.392524Z DEBUG gtk_status_bar::pw: 🚫 Skipping metadata '' (props: Some(DictRef { flags: Flags(0x0), entries: {"object.serial": "17", "module.name": "libpipewire-module-access"} }))
2026-07-12T20:59:25+00:00 machine gtk-status-bar[2532]: 2026-07-12T20:59:25.392540Z DEBUG gtk_status_bar::pw: 🚫 Skipping metadata '' (props: Some(DictRef { flags: Flags(0x0), entries: {"object.serial": "18", "module.name": "libpipewire-module-adapter"} }))
2026-07-12T20:59:25+00:00 machine gtk-status-bar[2532]: 2026-07-12T20:59:25.394004Z DEBUG gtk_status_bar::hypr: Initial title: "Close OS window"
2026-07-12T20:59:25+00:00 machine gtk-status-bar[2532]: 2026-07-12T20:59:25.572865Z  INFO gtk_status_bar::hypr: Starting title event listener
2026-07-12T20:59:25+00:00 machine gtk-status-bar[2532]: 2026-07-12T20:59:25.398728Z DEBUG gtk_status_bar::widgets: Updating battery label:
2026-07-12T20:59:25+00:00 machine gtk-status-bar[2532]: 2026-07-12T20:59:25.572949Z DEBUG gtk_status_bar::widgets: 🙈 HIDING battery widget with set_visible(false)
2026-07-12T20:59:25+00:00 machine gtk-status-bar[2532]: 2026-07-12T20:59:25.572825Z DEBUG gtk_status_bar::pw: 🚫 Skipping metadata '' (props: Some(DictRef { flags: Flags(0x0), entries: {"object.serial": "19", "module.id": "18", "factory.name": "adapter", "factory.type.name": "PipeWire:Interface:Node", "factory.type.version": "3"} }))
2026-07-12T20:59:25+00:00 machine gtk-status-bar[2532]: 2026-07-12T20:59:25.572986Z DEBUG gtk_status_bar::pw: 🚫 Skipping metadata '' (props: Some(DictRef { flags: Flags(0x0), entries: {"object.serial": "20", "module.name": "libpipewire-module-link-factory"} }))
2026-07-12T20:59:25+00:00 machine gtk-status-bar[2532]: 2026-07-12T20:59:25.573009Z DEBUG gtk_status_bar::pw: 🚫 Skipping metadata '' (props: Some(DictRef { flags: Flags(0x0), entries: {"object.serial": "21", "module.id": "20", "factory.name": "link-factory", "factory.type.name": "PipeWire:Interface:Link", "factory.type.version": "3"} }))
2026-07-12T20:59:25+00:00 machine gtk-status-bar[2532]: 2026-07-12T20:59:25.573020Z DEBUG gtk_status_bar::widgets: Updating Bluetooth battery label: D42 🎧55 P80
2026-07-12T20:59:25+00:00 machine gtk-status-bar[2532]: 2026-07-12T20:59:25.573080Z DEBUG gtk_status_bar::widgets: 👁️  SHOWING Bluetooth widget - data: D42 🎧55 P80
2026-07-12T20:59:25+00:00 machine gtk-status-bar[2532]: 2026-07-12T20:59:25.573041Z DEBUG gtk_status_bar::pw: 🚫 Skipping metadata '' (props: Some(DictRef { flags: Flags(0x0), entries: {"object.serial": "22", "module.name": "libpipewire-module-session-manager"} }))
2026-07-12T20:59:25+00:00 machine gtk-status-bar[2532]: 2026-07-12T20:59:25.573310Z DEBUG gtk_status_bar::pw: 🚫 Skipping metadata '' (props: Some(DictRef { flags: Flags(0x0), entries: {"object.serial": "23", "module.id": "22", "factory.name": "client-endpoint", "factory.type.name": "PipeWire:Interface:ClientEndpoint", "factory.type.version": "0"} }))
2026-07-12T20:59:25+00:00 machine gtk-status-bar[2532]: 2026-07-12T20:59:25.573321Z DEBUG gtk_status_bar::widgets: Updating title label: Close OS window
2026-07-12T20:59:25+00:00 machine gtk-status-bar[2532]: 2026-07-12T20:59:25.573328Z DEBUG gtk_status_bar::pw: 🚫 Skipping metadata '' (props: Some(DictRef { flags: Flags(0x0), entries: {"object.serial": "24", "module.id": "22", "factory.name": "client-session", "factory.type.name": "PipeWire:Interface:ClientSession", "factory.type.version": "0"} }))
2026-07-12T20:59:25+00:00 machine gtk-status-bar[2532]: 2026-07-12T20:59:25.573346Z DEBUG gtk_status_bar::pw: 🚫 Skipping metadata '' (props: Some(DictRef { flags: Flags(0x0), entries: {"object.serial": "25", "module.id": "22", "factory.name": "session", "factory.type.name": "PipeWire:Interface:Session", "factory.type.version": "0"} }))
2026-07-12T20:59:25+00:00 machine gtk-status-bar[2532]: 2026-07-12T20:59:25.573363Z DEBUG gtk_status_bar::pw: 🚫 Skipping metadata '' (props: Some(DictRef { flags: Flags(0x0), entries: {"object.serial": "26", "module.id": "22", "factory.name": "endpoint", "factory.type.name": "PipeWire:Interface:Endpoint", "factory.type.version": "0"} }))
2026-07-12T20:59:25+00:00 machine gtk-status-bar[2532]: 2026-07-12T20:59:25.573381Z DEBUG gtk_status_bar::pw: 🚫 Skipping metadata '' (props: Some(DictRef { flags: Flags(0x0), entries: {"object.serial": "27", "module.id": "22", "factory.name": "endpoint-stream", "factory.type.name": "PipeWire:Interface:EndpointStream", "factory.type.version": "0"} }))
2026-07-12T20:59:25+00:00 machine gtk-status-bar[2532]: 2026-07-12T20:59:25.573398Z DEBUG gtk_status_bar::pw: 🚫 Skipping metadata '' (props: Some(DictRef { flags: Flags(0x0), entries: {"object.serial": "28", "module.id": "22", "factory.name": "endpoint-link", "factory.type.name": "PipeWire:Interface:EndpointLink", "factory.type.version": "0"} }))
2026-07-12T20:59:25+00:00 machine gtk-status-bar[2532]: 2026-07-12T20:59:25.573414Z DEBUG gtk_status_bar::pw: 🚫 Skipping metadata '' (props: Some(DictRef { flags: Flags(0x0), entries: {"object.serial": "29", "module.name": "libpipewire-module-x11-bell"} }))
2026-07-12T20:59:25+00:00 machine gtk-status-bar[2532]: 2026-07-12T20:59:25.573431Z DEBUG gtk_status_bar::pw: 🚫 Skipping metadata '' (props: Some(DictRef { flags: Flags(0x0), entries: {"object.serial": "30", "module.name": "libpipewire-module-jackdbus-detect"} }))
2026-07-12T20:59:25+00:00 machine gtk-status-bar[2532]: 2026-07-12T20:59:25.573450Z DEBUG gtk_status_bar::pw: 🚫 Skipping metadata '' (props: Some(DictRef { flags: Flags(0x0), entries: {"object.serial": "31", "factory.id": "11", "priority.driver": "200000", "node.name": "Dummy-Driver"} }))
2026-07-12T20:59:25+00:00 machine gtk-status-bar[2532]: 2026-07-12T20:59:25.573468Z DEBUG gtk_status_bar::pw: 🔍 Checking node - media.class: None
2026-07-12T20:59:25+00:00 machine gtk-status-bar[2532]: 2026-07-12T20:59:25.573483Z DEBUG gtk_status_bar::pw: 🔍 Node filter result: false for media.class: None
2026-07-12T20:59:25+00:00 machine gtk-status-bar[2532]: 2026-07-12T20:59:25.573499Z DEBUG gtk_status_bar::pw: 🚫 Skipping metadata '' (props: Some(DictRef { flags: Flags(0x0), entries: {"object.serial": "32", "factory.id": "11", "priority.driver": "190000", "node.name": "Freewheel-Driver"} }))
2026-07-12T20:59:25+00:00 machine gtk-status-bar[2532]: 2026-07-12T20:59:25.573515Z DEBUG gtk_status_bar::pw: 🔍 Checking node - media.class: None
2026-07-12T20:59:25+00:00 machine gtk-status-bar[2532]: 2026-07-12T20:59:25.573529Z DEBUG gtk_status_bar::pw: 🔍 Node filter result: false for media.class: None
2026-07-12T20:59:25+00:00 machine gtk-status-bar[2532]: 2026-07-12T20:59:25.573544Z DEBUG gtk_status_bar::pw: 🚫 Skipping metadata 'settings' (props: Some(DictRef { flags: Flags(0x0), entries: {"object.serial": "33", "metadata.name": "settings"} }))
2026-07-12T20:59:25+00:00 machine gtk-status-bar[2532]: 2026-07-12T20:59:25.573600Z DEBUG gtk_status_bar::pw: 🚫 Skipping metadata '' (props: Some(DictRef { flags: Flags(0x0), entries: {"object.serial": "34", "module.id": "2", "pipewire.protocol": "protocol-native", "pipewire.sec.pid": "1262", "pipewire.sec.uid": "1000", "pipewire.sec.gid": "100", "pipewire.sec.socket": "pipewire-0", "application.name": ".xdg-desktop-portal-wrapped", "pipewire.access": "unrestricted"} }))
2026-07-12T20:59:25+00:00 machine gtk-status-bar[2532]: 2026-07-12T20:59:25.573619Z DEBUG gtk_status_bar::pw: 🚫 Skipping metadata '' (props: Some(DictRef { flags: Flags(0x0), entries: {"object.serial": "35", "module.id": "2", "pipewire.protocol": "protocol-native", "pipewire.sec.pid": "1325", "pipewire.sec.uid": "1000", "pipewire.sec.gid": "100", "pipewire.sec.socket": "pipewire-0-manager", "application.name": "WirePlumber", "pipewire.access": "unrestricted"} }))
2026-07-12T20:59:25+00:00 machine gtk-status-bar[2532]: 2026-07-12T20:59:25.573639Z DEBUG gtk_status_bar::pw: 🚫 Skipping metadata 'schema-sm-settings' (props: Some(DictRef { flags: Flags(0x0), entries: {"metadata.name": "schema-sm-settings", "factory.id": "7", "module.id": "6", "client.id": "35", "object.serial": "36"} }))
2026-07-12T20:59:25+00:00 machine gtk-status-bar[2532]: 2026-07-12T20:59:25.573657Z DEBUG gtk_status_bar::pw: 🚫 Skipping metadata 'persistent-sm-settings' (props: Some(DictRef { flags: Flags(0x0), entries: {"metadata.name": "persistent-sm-settings", "factory.id": "7", "module.id": "6", "client.id": "35", "object.serial": "37"} }))
2026-07-12T20:59:25+00:00 machine gtk-status-bar[2532]: 2026-07-12T20:59:25.573674Z DEBUG gtk_status_bar::pw: 🚫 Skipping metadata 'sm-settings' (props: Some(DictRef { flags: Flags(0x0), entries: {"metadata.name": "sm-settings", "factory.id": "7", "module.id": "6", "client.id": "35", "object.serial": "38"} }))
2026-07-12T20:59:25+00:00 machine gtk-status-bar[2532]: 2026-07-12T20:59:25.573692Z DEBUG gtk_status_bar::pw: 🚫 Skipping metadata 'sm-objects' (props: Some(DictRef { flags: Flags(0x0), entries: {"metadata.name": "sm-objects", "factory.id": "7", "module.id": "6", "client.id": "35", "object.serial": "39"} }))
2026-07-12T20:59:25+00:00 machine gtk-status-bar[2532]: 2026-07-12T20:59:25.573710Z DEBUG gtk_status_bar::pw: 🚫 Skipping metadata 'default-profile' (props: Some(DictRef { flags: Flags(0x0), entries: {"wireplumber.state": "true", "metadata.name": "default-profile", "factory.id": "7", "module.id": "6", "client.id": "35", "object.serial": "40"} }))
2026-07-12T20:59:25+00:00 machine gtk-status-bar[2532]: 2026-07-12T20:59:25.573735Z DEBUG gtk_status_bar::pw: ✅ Processing metadata.name == default
2026-07-12T20:59:25+00:00 machine gtk-status-bar[2532]: 2026-07-12T20:59:25.573749Z DEBUG gtk_status_bar::pw: 📋 Found metadata object: Some(DictRef { flags: Flags(0x0), entries: {"metadata.name": "default", "factory.id": "7", "module.id": "6", "client.id": "35", "object.serial": "42"} })
2026-07-12T20:59:25+00:00 machine gtk-status-bar[2532]: 2026-07-12T20:59:25.573784Z DEBUG gtk_status_bar::pw: 📋 Bound 'default' Metadata (id=3)
2026-07-12T20:59:25+00:00 machine gtk-status-bar[2532]: 2026-07-12T20:59:25.573813Z DEBUG gtk_status_bar::pw: 🚫 Skipping metadata 'filters' (props: Some(DictRef { flags: Flags(0x0), entries: {"metadata.name": "filters", "factory.id": "7", "module.id": "6", "client.id": "35", "object.serial": "43"} }))
2026-07-12T20:59:25+00:00 machine gtk-status-bar[2532]: 2026-07-12T20:59:25.573832Z DEBUG gtk_status_bar::pw: 🚫 Skipping metadata '' (props: Some(DictRef { flags: Flags(0x0), entries: {"object.serial": "41", "module.id": "2", "pipewire.protocol": "protocol-native", "pipewire.sec.pid": "1335", "pipewire.sec.uid": "1000", "pipewire.sec.gid": "100", "pipewire.sec.socket": "pipewire-0", "application.name": ".xdg-desktop-portal-hyprland-wrapped", "pipewire.access": "unrestricted"} }))
2026-07-12T20:59:25+00:00 machine gtk-status-bar[2532]: 2026-07-12T20:59:25.573852Z DEBUG gtk_status_bar::pw: 🚫 Skipping metadata 'route-settings' (props: Some(DictRef { flags: Flags(0x0), entries: {"metadata.name": "route-settings", "factory.id": "7", "module.id": "6", "client.id": "35", "object.serial": "44"} }))
2026-07-12T20:59:25+00:00 machine gtk-status-bar[2532]: 2026-07-12T20:59:25.573872Z DEBUG gtk_status_bar::pw: 🚫 Skipping metadata '' (props: Some(DictRef { flags: Flags(0x0), entries: {"object.serial": "45", "module.id": "2", "pipewire.protocol": "protocol-native", "pipewire.sec.pid": "1325", "pipewire.sec.uid": "1000", "pipewire.sec.gid": "100", "pipewire.sec.socket": "pipewire-0-manager", "application.name": "WirePlumber [export]", "pipewire.access": "unrestricted"} }))
2026-07-12T20:59:25+00:00 machine gtk-status-bar[2532]: 2026-07-12T20:59:25.573901Z DEBUG gtk_status_bar::pw: 🚫 Skipping metadata '' (props: Some(DictRef { flags: Flags(0x0), entries: {"object.serial": "46", "factory.id": "11", "client.id": "45", "priority.session": "100", "priority.driver": "1", "node.name": "Midi-Bridge", "media.class": "Midi/Bridge"} }))
2026-07-12T20:59:25+00:00 machine gtk-status-bar[2532]: 2026-07-12T20:59:25.573923Z DEBUG gtk_status_bar::pw: 🔍 Checking node - media.class: Some("Midi/Bridge")
2026-07-12T20:59:25+00:00 machine gtk-status-bar[2532]: 2026-07-12T20:59:25.573946Z DEBUG gtk_status_bar::pw: 🔍 Node filter result: false for media.class: Some("Midi/Bridge")
2026-07-12T20:59:25+00:00 machine gtk-status-bar[2532]: 2026-07-12T20:59:25.573974Z DEBUG gtk_status_bar::pw: 🚫 Skipping metadata '' (props: Some(DictRef { flags: Flags(0x0), entries: {"object.serial": "47", "object.path": "alsa:seq:default:client_14:playback_0", "format.dsp": "8 bit raw midi", "node.id": "46", "port.id": "0", "port.name": "Midi Through: Port-0 (playback)", "port.direction": "in", "port.physical": "true", "port.terminal": "true", "port.alias": "Midi Through:Midi Through Port-0", "port.group": "client_14"} }))
2026-07-12T20:59:25+00:00 machine gtk-status-bar[2532]: 2026-07-12T20:59:25.573999Z DEBUG gtk_status_bar::pw: 🚫 Skipping metadata '' (props: Some(DictRef { flags: Flags(0x0), entries: {"object.serial": "48", "object.path": "alsa:seq:default:client_14:capture_0", "format.dsp": "8 bit raw midi", "node.id": "46", "port.id": "0", "port.name": "Midi Through: Port-0 (capture)", "port.direction": "out", "port.physical": "true", "port.terminal": "true", "port.alias": "Midi Through:Midi Through Port-0", "port.group": "client_14"} }))
2026-07-12T20:59:25+00:00 machine gtk-status-bar[2532]: 2026-07-12T20:59:25.574023Z DEBUG gtk_status_bar::pw: 🚫 Skipping metadata '' (props: Some(DictRef { flags: Flags(0x0), entries: {"object.serial": "49", "factory.id": "14", "client.id": "45", "node.description": "BLE MIDI 1", "node.name": "bluez_midi.server", "media.class": "Midi/Bridge"} }))
2026-07-12T20:59:25+00:00 machine gtk-status-bar[2532]: 2026-07-12T20:59:25.574052Z DEBUG gtk_status_bar::pw: 🔍 Checking node - media.class: Some("Midi/Bridge")
2026-07-12T20:59:25+00:00 machine gtk-status-bar[2532]: 2026-07-12T20:59:25.574071Z DEBUG gtk_status_bar::pw: 🔍 Node filter result: false for media.class: Some("Midi/Bridge")
2026-07-12T20:59:25+00:00 machine gtk-status-bar[2532]: 2026-07-12T20:59:25.574091Z DEBUG gtk_status_bar::pw: 🚫 Skipping metadata '' (props: Some(DictRef { flags: Flags(0x0), entries: {"object.serial": "50", "object.path": "bluez_midi.server:input_0", "format.dsp": "8 bit raw midi", "node.id": "49", "port.id": "0", "port.name": "in", "port.direction": "in", "port.physical": "true", "port.terminal": "true", "port.alias": "in", "port.group": "group.0"} }))
2026-07-12T20:59:25+00:00 machine gtk-status-bar[2532]: 2026-07-12T20:59:25.574114Z DEBUG gtk_status_bar::pw: 🚫 Skipping metadata '' (props: Some(DictRef { flags: Flags(0x0), entries: {"object.serial": "51", "object.path": "bluez_midi.server:output_0", "format.dsp": "8 bit raw midi", "node.id": "49", "port.id": "0", "port.name": "out", "port.direction": "out", "port.physical": "true", "port.terminal": "true", "port.alias": "out", "port.group": "group.0"} }))
2026-07-12T20:59:25+00:00 machine gtk-status-bar[2532]: 2026-07-12T20:59:25.574139Z DEBUG gtk_status_bar::pw: 🚫 Skipping metadata '' (props: Some(DictRef { flags: Flags(0x0), entries: {"object.serial": "53", "module.id": "2", "pipewire.protocol": "protocol-native", "pipewire.sec.pid": "1387", "pipewire.sec.uid": "1000", "pipewire.sec.gid": "100", "pipewire.sec.socket": "pipewire-0", "application.name": "pipewire", "pipewire.access": "unrestricted"} }))
2026-07-12T20:59:25+00:00 machine gtk-status-bar[2532]: 2026-07-12T20:59:25.574163Z DEBUG gtk_status_bar::pw: 🚫 Skipping metadata '' (props: Some(DictRef { flags: Flags(0x0), entries: {"object.serial": "54", "factory.id": "19", "client.id": "53", "node.description": "Dummy Output", "node.name": "auto_null", "media.class": "Audio/Sink"} }))
2026-07-12T20:59:25+00:00 machine gtk-status-bar[2532]: 2026-07-12T20:59:25.574185Z DEBUG gtk_status_bar::pw: 🔍 Checking node - media.class: Some("Audio/Sink")
2026-07-12T20:59:25+00:00 machine gtk-status-bar[2532]: 2026-07-12T20:59:25.574204Z DEBUG gtk_status_bar::pw: 🔍 Node filter result: true for media.class: Some("Audio/Sink")
2026-07-12T20:59:25+00:00 machine gtk-status-bar[2532]: 2026-07-12T20:59:25.574229Z DEBUG gtk_status_bar::pw: 📱 Monitoring audio node: Dummy Output (4) [node.name: auto_null]
2026-07-12T20:59:25+00:00 machine gtk-status-bar[2532]: 2026-07-12T20:59:25.574250Z DEBUG gtk_status_bar::pw: 🔗 ADDING NODE LISTENER for node.name: auto_null
2026-07-12T20:59:25+00:00 machine gtk-status-bar[2532]: 2026-07-12T20:59:25.574270Z DEBUG gtk_status_bar::pw: 📝 Added device to HashMap: 4 -> (auto_null, Dummy Output, no volume yet)
2026-07-12T20:59:25+00:00 machine gtk-status-bar[2532]: 2026-07-12T20:59:25.574285Z DEBUG gtk_status_bar::pw: 🗂️ Current device map size: 1
2026-07-12T20:59:25+00:00 machine gtk-status-bar[2532]: 2026-07-12T20:59:25.574310Z DEBUG gtk_status_bar::pw: 🚫 Skipping metadata '' (props: Some(DictRef { flags: Flags(0x0), entries: {"object.serial": "55", "module.id": "2", "pipewire.protocol": "protocol-native", "pipewire.sec.pid": "1387", "pipewire.sec.uid": "1000", "pipewire.sec.gid": "100", "pipewire.sec.socket": "pipewire-0", "application.name": "Blueman", "pipewire.access": "unrestricted"} }))
2026-07-12T20:59:25+00:00 machine gtk-status-bar[2532]: 2026-07-12T20:59:25.574332Z DEBUG gtk_status_bar::pw: 🚫 Skipping metadata '' (props: Some(DictRef { flags: Flags(0x0), entries: {"object.serial": "56", "object.path": "auto_null:playback_0", "format.dsp": "32 bit float mono audio", "node.id": "54", "audio.channel": "FL", "port.id": "0", "port.name": "playback_FL", "port.direction": "in", "port.alias": "Dummy Output:playback_FL", "port.group": "stream.0"} }))
2026-07-12T20:59:25+00:00 machine gtk-status-bar[2532]: 2026-07-12T20:59:25.574358Z DEBUG gtk_status_bar::pw: 🚫 Skipping metadata '' (props: Some(DictRef { flags: Flags(0x0), entries: {"object.serial": "57", "object.path": "auto_null:playback_1", "format.dsp": "32 bit float mono audio", "node.id": "54", "audio.channel": "FR", "port.id": "1", "port.name": "playback_FR", "port.direction": "in", "port.alias": "Dummy Output:playback_FR", "port.group": "stream.0"} }))
2026-07-12T20:59:25+00:00 machine gtk-status-bar[2532]: 2026-07-12T20:59:25.574383Z DEBUG gtk_status_bar::pw: 🚫 Skipping metadata '' (props: Some(DictRef { flags: Flags(0x0), entries: {"object.serial": "58", "object.path": "auto_null:monitor_0", "format.dsp": "32 bit float mono audio", "node.id": "54", "audio.channel": "FL", "port.id": "0", "port.name": "monitor_FL", "port.direction": "out", "port.monitor": "true", "port.alias": "Dummy Output:monitor_FL", "port.group": "stream.0"} }))
2026-07-12T20:59:25+00:00 machine gtk-status-bar[2532]: 2026-07-12T20:59:25.574402Z DEBUG gtk_status_bar::pw: 🚫 Skipping metadata '' (props: Some(DictRef { flags: Flags(0x0), entries: {"object.serial": "59", "object.path": "auto_null:monitor_1", "format.dsp": "32 bit float mono audio", "node.id": "54", "audio.channel": "FR", "port.id": "1", "port.name": "monitor_FR", "port.direction": "out", "port.monitor": "true", "port.alias": "Dummy Output:monitor_FR", "port.group": "stream.0"} }))
2026-07-12T20:59:25+00:00 machine gtk-status-bar[2532]: 2026-07-12T20:59:25.574425Z DEBUG gtk_status_bar::pw: 🚫 Skipping metadata '' (props: Some(DictRef { flags: Flags(0x0), entries: {"object.serial": "60", "module.id": "2", "pipewire.protocol": "protocol-native", "pipewire.sec.pid": "2532", "pipewire.sec.uid": "1000", "pipewire.sec.gid": "100", "pipewire.sec.socket": "pipewire-0", "application.name": ".gtk-status-bar-wrapped", "pipewire.access": "unrestricted"} }))
2026-07-12T20:59:25+00:00 machine gtk-status-bar[2532]: 2026-07-12T20:59:25.574829Z  INFO gtk_status_bar::tray: Serving StatusNotifierWatcher for tray applications
2026-07-12T20:59:25+00:00 machine gtk-status-bar[2532]: 2026-07-12T20:59:25.648934Z DEBUG gtk_status_bar::widgets: Pinning bar height to font-derived line height char_height=18 multiplier=1.4 pinned=25
2026-07-12T20:59:25+00:00 machine gtk-status-bar[2532]: 2026-07-12T20:59:25.770698Z DEBUG gtk_status_bar::pw: 📝 metadata.property subject=0 key=Some("default.audio.sink") value=Some("{\"name\":\"auto_null\"}")
2026-07-12T20:59:25+00:00 machine gtk-status-bar[2532]: 2026-07-12T20:59:25.770722Z DEBUG gtk_status_bar::pw: 🔍 Processing metadata property: default.audio.sink={"name":"auto_null"}
2026-07-12T20:59:25+00:00 machine gtk-status-bar[2532]: 2026-07-12T20:59:25.770741Z  INFO gtk_status_bar::pw: 🔄 Default sink -> auto_null
2026-07-12T20:59:25+00:00 machine gtk-status-bar[2532]: 2026-07-12T20:59:25.770758Z DEBUG gtk_status_bar::pw: 🎯 SINK CHANGE: None -> auto_null (should trigger volume fetch)
2026-07-12T20:59:26+00:00 machine gtk-status-bar[2532]: 2026-07-12T20:59:25.770772Z DEBUG gtk_status_bar::pw: 🗂️ Searching device map for default sink 'auto_null'
2026-07-12T20:59:26+00:00 machine gtk-status-bar[2532]: 2026-07-12T20:59:25.770787Z DEBUG gtk_status_bar::pw: 🗂️ Current device map contents: {4: ("auto_null", "Dummy Output", None, None, None)}
2026-07-12T20:59:26+00:00 machine gtk-status-bar[2532]: 2026-07-12T20:59:25.770803Z DEBUG gtk_status_bar::pw: 🔍 Checking device 4: node_name='auto_null', description='Dummy Output' against default sink 'auto_null'
2026-07-12T20:59:26+00:00 machine gtk-status-bar[2532]: 2026-07-12T20:59:25.770824Z DEBUG gtk_status_bar::pw: 🎯 MATCH! Found device 4 with node_name 'auto_null' matching default sink
2026-07-12T20:59:26+00:00 machine gtk-status-bar[2532]: 2026-07-12T20:59:25.770838Z DEBUG gtk_status_bar::pw: 🎨 Updating GUI label to: 'Dummy Output' with cached volume data
2026-07-12T20:59:26+00:00 machine gtk-status-bar[2532]: 2026-07-12T20:59:25.770852Z DEBUG gtk_status_bar::pw: 💾 Cached volume data: Vol: None%, Ch: None%, Mute: None
2026-07-12T20:59:26+00:00 machine gtk-status-bar[2532]: 2026-07-12T20:59:25.770874Z DEBUG gtk_status_bar::pw: ✅ Sent REAL volume data to GUI: 'Dummy Output' Vol: None%, Ch: None%, Mute: None
2026-07-12T20:59:26+00:00 machine gtk-status-bar[2532]: 2026-07-12T20:59:25.771012Z DEBUG gtk_status_bar::widgets: 📺 Skipping GUI update - no volume data available
2026-07-12T20:59:26+00:00 machine gtk-status-bar[2532]: 2026-07-12T20:59:25.773679Z DEBUG gtk_status_bar::pw: 🎛️  NODE PARAM CALLBACK: Dummy Output (4) received Props param
2026-07-12T20:59:26+00:00 machine gtk-status-bar[2532]: 2026-07-12T20:59:25.773708Z DEBUG gtk_status_bar::pw: 🔊 Node 4: Dummy Output - Vol: Some(100)% | Ch: Some(100)% | Mute: Some(false) [CACHING]
2026-07-12T20:59:26+00:00 machine gtk-status-bar[2532]: 2026-07-12T20:59:25.773724Z DEBUG gtk_status_bar::pw: 📝 Updated volume cache for device 4: Dummy Output -> Vol: Some(100)%, Ch: Some(100)%, Mute: Some(false)
2026-07-12T20:59:26+00:00 machine gtk-status-bar[2532]: 2026-07-12T20:59:25.773740Z DEBUG gtk_status_bar::pw: 🎯 Checking if device 4 is default: current_default=Some("auto_null"), node_name=auto_null, is_default=true
2026-07-12T20:59:26+00:00 machine gtk-status-bar[2532]: 2026-07-12T20:59:25.773756Z DEBUG gtk_status_bar::pw: 📤 SENDING VOLUME UPDATE to GUI for default sink (node id=4)
2026-07-12T20:59:26+00:00 machine gtk-status-bar[2532]: 2026-07-12T20:59:25.773780Z ERROR gtk_status_bar::pw: ❌ PipeWire error id:4 seq:5 res:-2: enum params id:13 (Spa:Enum:ParamId:Route) failed
2026-07-12T20:59:26+00:00 machine gtk-status-bar[2532]: 2026-07-12T20:59:25.773945Z DEBUG gtk_status_bar::widgets: 📺 GTK UI updated via ASYNC: 🔊D100
2026-07-12T20:59:26+00:00 machine gtk-status-bar[2532]: 2026-07-12T20:59:25.947061Z  INFO gtk_status_bar::tray: Status notifier item registered item=":1.68/StatusNotifierItem"
2026-07-12T20:59:26+00:00 machine gtk-status-bar[2532]: 2026-07-12T20:59:25.993495Z  INFO gtk_status_bar::widgets: Added system tray item item=":1.68/StatusNotifierItem"
2026-07-12T20:59:27+00:00 machine gtk-status-bar[2532]: 2026-07-12T20:59:27.748260Z DEBUG gtk_status_bar::dbus: Got an event in event stream: Msg { type: Signal, serial: 49, sender: UniqueName(":1.6"), path: ObjectPath("/org/bluez/hci0/dev_AA_BB_CC_DD_EE_01"), iface: InterfaceName("org.freedesktop.DBus.Properties"), member: MemberName("PropertiesChanged"), body: Structure(Dynamic { fields: [Str, Dict { key: Dynamic { child: Str }, value: Dynamic { child: Variant } }, Array(Dynamic { child: Str })] }), fds: [] }
2026-07-12T20:59:27+00:00 machine gtk-status-bar[2532]: 2026-07-12T20:59:27.748296Z DEBUG gtk_status_bar::dbus: Dbus monitor: Received D-Bus message from path: Some(ObjectPath("/org/bluez/hci0/dev_AA_BB_CC_DD_EE_01")), interface: Some(InterfaceName("org.freedesktop.DBus.Properties")), member: Some(MemberName("PropertiesChanged"))
2026-07-12T20:59:27+00:00 machine gtk-status-bar[2532]: 2026-07-12T20:59:27.748313Z  INFO gtk_status_bar::dbus: Dbus monitor: Received signal
2026-07-12T20:59:27+00:00 machine gtk-status-bar[2532]: 2026-07-12T20:59:27.748328Z  INFO gtk_status_bar::dbus: Dbus monitor: Received PropertiesChanged signal
2026-07-12T20:59:27+00:00 machine gtk-status-bar[2532]: 2026-07-12T20:59:27.748370Z  INFO gtk_status_bar::dbus: Bluetooth device battery at 65%
2026-07-12T20:59:27+00:00 machine gtk-status-bar[2532]: 2026-07-12T20:59:27.748386Z  INFO gtk_status_bar::dbus: Updated device /org/bluez/hci0/dev_AA_BB_CC_DD_EE_01 battery via PropertiesChanged: Some(65)%
2026-07-12T20:59:27+00:00 machine gtk-status-bar[2532]: 2026-07-12T20:59:27.750462Z DEBUG gtk_status_bar::widgets: Updating Bluetooth battery label: D42 🎧55 P65
2026-07-12T20:59:27+00:00 machine gtk-status-bar[2532]: 2026-07-12T20:59:27.750672Z DEBUG gtk_status_bar::widgets: 👁️  SHOWING Bluetooth widget - data: D42 🎧55 P65
2026-07-12T20:59:27+00:00 machine gtk-status-bar[2532]: 2026-07-12T20:59:27.903824Z  INFO gtk_status_bar::tray: Status notifier item registered item=":1.69/org/blueman/sni"
2026-07-12T20:59:27+00:00 machine gtk-status-bar[2532]: 2026-07-12T20:59:27.926149Z DEBUG gtk_status_bar::tray: Tray item property is unavailable property="IconPixmap" error=org.freedesktop.DBus.Error.InvalidArgs: No such property “IconPixmap”
2026-07-12T20:59:27+00:00 machine gtk-status-bar[2532]: 2026-07-12T20:59:27.932777Z DEBUG gtk_status_bar::tray: Tray item property is unavailable property="IconThemePath" error=org.freedesktop.DBus.Error.InvalidArgs: No such property “IconThemePath”
2026-07-12T20:59:27+00:00 machine gtk-status-bar[2532]: 2026-07-12T20:59:27.935933Z  INFO gtk_status_bar::widgets: Added system tray item item=":1.69/org/blueman/sni"
2026-07-12T20:59:31+00:00 machine gtk-status-bar[2532]: 2026-07-12T20:59:31.415274Z DEBUG gtk_status_bar::dbus: Got an event in event stream: Msg { type: Signal, serial: 53, sender: UniqueName(":1.6"), path: ObjectPath("/"), iface: InterfaceName("org.freedesktop.DBus.ObjectManager"), member: MemberName("InterfacesRemoved"), body: Structure(Dynamic { fields: [ObjectPath, Array(Dynamic { child: Str })] }), fds: [] }
2026-07-12T20:59:31+00:00 machine gtk-status-bar[2532]: 2026-07-12T20:59:31.415313Z DEBUG gtk_status_bar::dbus: Dbus monitor: Received D-Bus message from path: Some(ObjectPath("/")), interface: Some(InterfaceName("org.freedesktop.DBus.ObjectManager")), member: Some(MemberName("InterfacesRemoved"))
2026-07-12T20:59:31+00:00 machine gtk-status-bar[2532]: 2026-07-12T20:59:31.415395Z  INFO gtk_status_bar::dbus: Dbus monitor: Received signal
2026-07-12T20:59:31+00:00 machine gtk-status-bar[2532]: 2026-07-12T20:59:31.415690Z  INFO gtk_status_bar::dbus: Dbus monitor: Received InterfacesRemoved signal from ObjectManager
2026-07-12T20:59:31+00:00 machine gtk-status-bar[2532]: 2026-07-12T20:59:31.415733Z DEBUG gtk_status_bar::dbus: Dbus monitor: Interfaces removed from /org/bluez/hci0/dev_AA_BB_CC_DD_EE_01: Array { elements: [Str("org.bluez.Device1")], signature: Array(Dynamic { child: Str }) }
2026-07-12T20:59:31+00:00 machine gtk-status-bar[2532]: 2026-07-12T20:59:31.415754Z  INFO gtk_status_bar::dbus: Dbus monitor: Bluetooth Device1 interface removed from /org/bluez/hci0/dev_AA_BB_CC_DD_EE_01
2026-07-12T20:59:31+00:00 machine gtk-status-bar[2532]: 2026-07-12T20:59:31.415772Z  INFO gtk_status_bar::dbus: Removed device /org/bluez/hci0/dev_AA_BB_CC_DD_EE_01 from HashMap (Device1 gone)
2026-07-12T20:59:31+00:00 machine gtk-status-bar[2532]: 2026-07-12T20:59:31.417535Z DEBUG gtk_status_bar::widgets: Updating Bluetooth battery label: D42 🎧55
2026-07-12T20:59:31+00:00 machine gtk-status-bar[2532]: 2026-07-12T20:59:31.417894Z DEBUG gtk_status_bar::widgets: 👁️  SHOWING Bluetooth widget - data: D42 🎧55
2026-07-12T20:59:34+00:00 machine gtk-status-bar[2532]: 2026-07-12T20:59:34.075006Z DEBUG gtk_status_bar::dbus: Got an event in event stream: Msg { type: Signal, serial: 57, sender: UniqueName(":1.6"), path: ObjectPath("/"), iface: InterfaceName("org.freedesktop.DBus.ObjectManager"), member: MemberName("InterfacesRemoved"), body: Structure(Dynamic { fields: [ObjectPath, Array(Dynamic { child: Str })] }), fds: [] }
2026-07-12T20:59:34+00:00 machine gtk-status-bar[2532]: 2026-07-12T20:59:34.076795Z DEBUG gtk_status_bar::dbus: Dbus monitor: Received D-Bus message from path: Some(ObjectPath("/")), interface: Some(InterfaceName("org.freedesktop.DBus.ObjectManager")), member: Some(MemberName("InterfacesRemoved"))
2026-07-12T20:59:34+00:00 machine gtk-status-bar[2532]: 2026-07-12T20:59:34.076824Z  INFO gtk_status_bar::dbus: Dbus monitor: Received signal
2026-07-12T20:59:34+00:00 machine gtk-status-bar[2532]: 2026-07-12T20:59:34.076843Z  INFO gtk_status_bar::dbus: Dbus monitor: Received InterfacesRemoved signal from ObjectManager
2026-07-12T20:59:34+00:00 machine gtk-status-bar[2532]: 2026-07-12T20:59:34.076878Z DEBUG gtk_status_bar::dbus: Dbus monitor: Interfaces removed from /org/bluez/hci0/dev_AA_BB_CC_DD_EE_02: Array { elements: [Str("org.bluez.Device1")], signature: Array(Dynamic { child: Str }) }
2026-07-12T20:59:34+00:00 machine gtk-status-bar[2532]: 2026-07-12T20:59:34.076898Z  INFO gtk_status_bar::dbus: Dbus monitor: Bluetooth Device1 interface removed from /org/bluez/hci0/dev_AA_BB_CC_DD_EE_02
2026-07-12T20:59:34+00:00 machine gtk-status-bar[2532]: 2026-07-12T20:59:34.076920Z  INFO gtk_status_bar::dbus: Removed device /org/bluez/hci0/dev_AA_BB_CC_DD_EE_02 from HashMap (Device1 gone)
2026-07-12T20:59:34+00:00 machine gtk-status-bar[2532]: 2026-07-12T20:59:34.077112Z DEBUG gtk_status_bar::widgets: Updating Bluetooth battery label: 🎧55
2026-07-12T20:59:34+00:00 machine gtk-status-bar[2532]: 2026-07-12T20:59:34.077193Z DEBUG gtk_status_bar::widgets: 👁️  SHOWING Bluetooth widget - data: 🎧55
2026-07-12T20:59:34+00:00 machine gtk-status-bar[2532]: 2026-07-12T20:59:34.300025Z DEBUG gtk_status_bar::dbus: Got an event in event stream: Msg { type: Signal, serial: 61, sender: UniqueName(":1.6"), path: ObjectPath("/"), iface: InterfaceName("org.freedesktop.DBus.ObjectManager"), member: MemberName("InterfacesRemoved"), body: Structure(Dynamic { fields: [ObjectPath, Array(Dynamic { child: Str })] }), fds: [] }
2026-07-12T20:59:34+00:00 machine gtk-status-bar[2532]: 2026-07-12T20:59:34.300075Z DEBUG gtk_status_bar::dbus: Dbus monitor: Received D-Bus message from path: Some(ObjectPath("/")), interface: Some(InterfaceName("org.freedesktop.DBus.ObjectManager")), member: Some(MemberName("InterfacesRemoved"))
2026-07-12T20:59:34+00:00 machine gtk-status-bar[2532]: 2026-07-12T20:59:34.300097Z  INFO gtk_status_bar::dbus: Dbus monitor: Received signal
2026-07-12T20:59:34+00:00 machine gtk-status-bar[2532]: 2026-07-12T20:59:34.300116Z  INFO gtk_status_bar::dbus: Dbus monitor: Received InterfacesRemoved signal from ObjectManager
2026-07-12T20:59:34+00:00 machine gtk-status-bar[2532]: 2026-07-12T20:59:34.300144Z DEBUG gtk_status_bar::dbus: Dbus monitor: Interfaces removed from /org/bluez/hci0/dev_AA_BB_CC_DD_EE_03: Array { elements: [Str("org.bluez.Device1")], signature: Array(Dynamic { child: Str }) }
2026-07-12T20:59:34+00:00 machine gtk-status-bar[2532]: 2026-07-12T20:59:34.300166Z  INFO gtk_status_bar::dbus: Dbus monitor: Bluetooth Device1 interface removed from /org/bluez/hci0/dev_AA_BB_CC_DD_EE_03
2026-07-12T20:59:34+00:00 machine gtk-status-bar[2532]: 2026-07-12T20:59:34.300186Z  INFO gtk_status_bar::dbus: Removed device /org/bluez/hci0/dev_AA_BB_CC_DD_EE_03 from HashMap (Device1 gone)
2026-07-12T20:59:34+00:00 machine gtk-status-bar[2532]: 2026-07-12T20:59:34.300776Z DEBUG gtk_status_bar::widgets: Updating Bluetooth battery label:
2026-07-12T20:59:34+00:00 machine gtk-status-bar[2532]: 2026-07-12T20:59:34.300860Z DEBUG gtk_status_bar::widgets: 🙈 HIDING Bluetooth widget - no devices
2026-07-12T20:59:37+00:00 machine gtk-status-bar[2532]: 2026-07-12T20:59:37.000040Z DEBUG gtk_status_bar::pw: 🚫 Skipping metadata '' (props: Some(DictRef { flags: Flags(0x0), entries: {"object.serial": "61", "module.id": "2", "pipewire.protocol": "protocol-native", "pipewire.sec.pid": "1387", "pipewire.sec.uid": "1000", "pipewire.sec.gid": "100", "pipewire.sec.socket": "pipewire-0", "application.name": "pactl", "pipewire.access": "unrestricted"} }))
2026-07-12T20:59:37+00:00 machine gtk-status-bar[2532]: 2026-07-12T20:59:37.015332Z DEBUG gtk_status_bar::pw: 🚫 Skipping metadata '' (props: Some(DictRef { flags: Flags(0x0), entries: {"object.serial": "62", "module.id": "2", "pipewire.protocol": "protocol-native", "pipewire.sec.pid": "1387", "pipewire.sec.uid": "1000", "pipewire.sec.gid": "100", "pipewire.sec.socket": "pipewire-0", "application.name": "pipewire", "pipewire.access": "unrestricted"} }))
2026-07-12T20:59:37+00:00 machine gtk-status-bar[2532]: 2026-07-12T20:59:37.015418Z DEBUG gtk_status_bar::pw: 🚫 Skipping metadata '' (props: Some(DictRef { flags: Flags(0x0), entries: {"object.serial": "63", "factory.id": "19", "client.id": "61", "node.description": "Alpha", "node.name": "Alpha", "media.class": "Audio/Sink"} }))
2026-07-12T20:59:37+00:00 machine gtk-status-bar[2532]: 2026-07-12T20:59:37.015469Z DEBUG gtk_status_bar::pw: 🔍 Checking node - media.class: Some("Audio/Sink")
2026-07-12T20:59:37+00:00 machine gtk-status-bar[2532]: 2026-07-12T20:59:37.015513Z DEBUG gtk_status_bar::pw: 🔍 Node filter result: true for media.class: Some("Audio/Sink")
2026-07-12T20:59:37+00:00 machine gtk-status-bar[2532]: 2026-07-12T20:59:37.018437Z DEBUG gtk_status_bar::pw: 📱 Monitoring audio node: Alpha (5) [node.name: Alpha]
2026-07-12T20:59:37+00:00 machine gtk-status-bar[2532]: 2026-07-12T20:59:37.018472Z DEBUG gtk_status_bar::pw: 🔗 ADDING NODE LISTENER for node.name: Alpha
2026-07-12T20:59:37+00:00 machine gtk-status-bar[2532]: 2026-07-12T20:59:37.018494Z DEBUG gtk_status_bar::pw: 📝 Added device to HashMap: 5 -> (Alpha, Alpha, no volume yet)
2026-07-12T20:59:37+00:00 machine gtk-status-bar[2532]: 2026-07-12T20:59:37.018513Z DEBUG gtk_status_bar::pw: 🗂️ Current device map size: 2
2026-07-12T20:59:37+00:00 machine gtk-status-bar[2532]: 2026-07-12T20:59:37.018549Z DEBUG gtk_status_bar::pw: 🗑️ Node 4 removed, cleaning up
2026-07-12T20:59:37+00:00 machine gtk-status-bar[2532]: 2026-07-12T20:59:37.018611Z DEBUG gtk_status_bar::pw: ✅ Removed device from HashMap: 4 -> (auto_null, Dummy Output)
2026-07-12T20:59:37+00:00 machine gtk-status-bar[2532]: 2026-07-12T20:59:37.018628Z DEBUG gtk_status_bar::pw: 🗂️ Device map size after removal: 1
2026-07-12T20:59:37+00:00 machine gtk-status-bar[2532]: 2026-07-12T20:59:37.018705Z DEBUG gtk_status_bar::pw: 🎛️  NODE PARAM CALLBACK: Alpha (5) received Props param
2026-07-12T20:59:37+00:00 machine gtk-status-bar[2532]: 2026-07-12T20:59:37.018729Z DEBUG gtk_status_bar::pw: 🔊 Node 5: Alpha - Vol: Some(100)% | Ch: Some(100)% | Mute: Some(false) [CACHING]
2026-07-12T20:59:37+00:00 machine gtk-status-bar[2532]: 2026-07-12T20:59:37.018747Z DEBUG gtk_status_bar::pw: 📝 Updated volume cache for device 5: Alpha -> Vol: Some(100)%, Ch: Some(100)%, Mute: Some(false)
2026-07-12T20:59:37+00:00 machine gtk-status-bar[2532]: 2026-07-12T20:59:37.018763Z DEBUG gtk_status_bar::pw: 🎯 Checking if device 5 is default: current_default=Some("auto_null"), node_name=Alpha, is_default=false
2026-07-12T20:59:37+00:00 machine gtk-status-bar[2532]: 2026-07-12T20:59:37.018781Z DEBUG gtk_status_bar::pw: 📊 Cached volume for non-default device 5 (Alpha)
2026-07-12T20:59:37+00:00 machine gtk-status-bar[2532]: 2026-07-12T20:59:37.018801Z ERROR gtk_status_bar::pw: ❌ PipeWire error id:5 seq:7 res:-2: enum params id:13 (Spa:Enum:ParamId:Route) failed
2026-07-12T20:59:37+00:00 machine gtk-status-bar[2532]: 2026-07-12T20:59:37.088397Z DEBUG gtk_status_bar::pw: 📝 metadata.property subject=0 key=Some("default.audio.sink") value=None
2026-07-12T20:59:37+00:00 machine gtk-status-bar[2532]: 2026-07-12T20:59:37.088434Z DEBUG gtk_status_bar::pw: 🚫 Skipping metadata property: value is None for key Some("default.audio.sink")
2026-07-12T20:59:37+00:00 machine gtk-status-bar[2532]: 2026-07-12T20:59:37.107213Z DEBUG gtk_status_bar::pw: 🎛️  NODE PARAM CALLBACK: Alpha (5) received Props param
2026-07-12T20:59:37+00:00 machine gtk-status-bar[2532]: 2026-07-12T20:59:37.107263Z DEBUG gtk_status_bar::pw: 🔊 Node 5: Alpha - Vol: Some(100)% | Ch: Some(100)% | Mute: Some(false) [CACHING]
2026-07-12T20:59:37+00:00 machine gtk-status-bar[2532]: 2026-07-12T20:59:37.107285Z DEBUG gtk_status_bar::pw: 📝 Updated volume cache for device 5: Alpha -> Vol: Some(100)%, Ch: Some(100)%, Mute: Some(false)
2026-07-12T20:59:37+00:00 machine gtk-status-bar[2532]: 2026-07-12T20:59:37.107307Z DEBUG gtk_status_bar::pw: 🎯 Checking if device 5 is default: current_default=Some("auto_null"), node_name=Alpha, is_default=false
2026-07-12T20:59:37+00:00 machine gtk-status-bar[2532]: 2026-07-12T20:59:37.107324Z DEBUG gtk_status_bar::pw: 📊 Cached volume for non-default device 5 (Alpha)
2026-07-12T20:59:37+00:00 machine gtk-status-bar[2532]: 2026-07-12T20:59:37.107347Z DEBUG gtk_status_bar::pw: 🎛️  NODE PARAM CALLBACK: Alpha (5) received Props param
2026-07-12T20:59:37+00:00 machine gtk-status-bar[2532]: 2026-07-12T20:59:37.107364Z DEBUG gtk_status_bar::pw: 🔊 Node 5: Alpha - Vol: Some(100)% | Ch: Some(100)% | Mute: Some(false) [CACHING]
2026-07-12T20:59:37+00:00 machine gtk-status-bar[2532]: 2026-07-12T20:59:37.107381Z DEBUG gtk_status_bar::pw: 📝 Updated volume cache for device 5: Alpha -> Vol: Some(100)%, Ch: Some(100)%, Mute: Some(false)
2026-07-12T20:59:37+00:00 machine gtk-status-bar[2532]: 2026-07-12T20:59:37.107400Z DEBUG gtk_status_bar::pw: 🎯 Checking if device 5 is default: current_default=Some("auto_null"), node_name=Alpha, is_default=false
2026-07-12T20:59:37+00:00 machine gtk-status-bar[2532]: 2026-07-12T20:59:37.107419Z DEBUG gtk_status_bar::pw: 📊 Cached volume for non-default device 5 (Alpha)
2026-07-12T20:59:37+00:00 machine gtk-status-bar[2532]: 2026-07-12T20:59:37.107442Z DEBUG gtk_status_bar::pw: 🚫 Skipping metadata '' (props: Some(DictRef { flags: Flags(0x0), entries: {"object.serial": "64", "object.path": "Alpha:playback_0", "format.dsp": "32 bit float mono audio", "node.id": "62", "audio.channel": "FL", "port.id": "0", "port.name": "playback_FL", "port.direction": "in", "port.alias": "Alpha:playback_FL", "port.group": "stream.0"} }))
2026-07-12T20:59:37+00:00 machine gtk-status-bar[2532]: 2026-07-12T20:59:37.107471Z DEBUG gtk_status_bar::pw: 🚫 Skipping metadata '' (props: Some(DictRef { flags: Flags(0x0), entries: {"object.serial": "65", "object.path": "Alpha:playback_1", "format.dsp": "32 bit float mono audio", "node.id": "62", "audio.channel": "FR", "port.id": "1", "port.name": "playback_FR", "port.direction": "in", "port.alias": "Alpha:playback_FR", "port.group": "stream.0"} }))
2026-07-12T20:59:37+00:00 machine gtk-status-bar[2532]: 2026-07-12T20:59:37.107495Z DEBUG gtk_status_bar::pw: 🚫 Skipping metadata '' (props: Some(DictRef { flags: Flags(0x0), entries: {"object.serial": "66", "object.path": "Alpha:monitor_0", "format.dsp": "32 bit float mono audio", "node.id": "62", "audio.channel": "FL", "port.id": "0", "port.name": "monitor_FL", "port.direction": "out", "port.monitor": "true", "port.alias": "Alpha:monitor_FL", "port.group": "stream.0"} }))
2026-07-12T20:59:37+00:00 machine gtk-status-bar[2532]: 2026-07-12T20:59:37.107519Z DEBUG gtk_status_bar::pw: 🚫 Skipping metadata '' (props: Some(DictRef { flags: Flags(0x0), entries: {"object.serial": "67", "object.path": "Alpha:monitor_1", "format.dsp": "32 bit float mono audio", "node.id": "62", "audio.channel": "FR", "port.id": "1", "port.name": "monitor_FR", "port.direction": "out", "port.monitor": "true", "port.alias": "Alpha:monitor_FR", "port.group": "stream.0"} }))
2026-07-12T20:59:37+00:00 machine gtk-status-bar[2532]: 2026-07-12T20:59:37.107541Z DEBUG gtk_status_bar::pw: 🎛️  NODE PARAM CALLBACK: Alpha (5) received Props param
2026-07-12T20:59:37+00:00 machine gtk-status-bar[2532]: 2026-07-12T20:59:37.107605Z DEBUG gtk_status_bar::pw: 🔊 Node 5: Alpha - Vol: Some(100)% | Ch: Some(100)% | Mute: Some(false) [CACHING]
2026-07-12T20:59:37+00:00 machine gtk-status-bar[2532]: 2026-07-12T20:59:37.107624Z DEBUG gtk_status_bar::pw: 📝 Updated volume cache for device 5: Alpha -> Vol: Some(100)%, Ch: Some(100)%, Mute: Some(false)
2026-07-12T20:59:37+00:00 machine gtk-status-bar[2532]: 2026-07-12T20:59:37.107642Z DEBUG gtk_status_bar::pw: 🎯 Checking if device 5 is default: current_default=Some("auto_null"), node_name=Alpha, is_default=false
2026-07-12T20:59:37+00:00 machine gtk-status-bar[2532]: 2026-07-12T20:59:37.107661Z DEBUG gtk_status_bar::pw: 📊 Cached volume for non-default device 5 (Alpha)
2026-07-12T20:59:37+00:00 machine gtk-status-bar[2532]: 2026-07-12T20:59:37.235322Z DEBUG gtk_status_bar::pw: 🚫 Skipping metadata '' (props: Some(DictRef { flags: Flags(0x0), entries: {"object.serial": "68", "module.id": "2", "pipewire.protocol": "protocol-native", "pipewire.sec.pid": "1387", "pipewire.sec.uid": "1000", "pipewire.sec.gid": "100", "pipewire.sec.socket": "pipewire-0", "application.name": "pactl", "pipewire.access": "unrestricted"} }))
2026-07-12T20:59:37+00:00 machine gtk-status-bar[2532]: 2026-07-12T20:59:37.258471Z DEBUG gtk_status_bar::pw: 📝 metadata.property subject=0 key=Some("default.configured.audio.sink") value=Some("{ \"name\": \"Alpha\" }")
2026-07-12T20:59:37+00:00 machine gtk-status-bar[2532]: 2026-07-12T20:59:37.258716Z DEBUG gtk_status_bar::pw: 🔍 Processing metadata property: default.configured.audio.sink={ "name": "Alpha" }
2026-07-12T20:59:37+00:00 machine gtk-status-bar[2532]: 2026-07-12T20:59:37.258775Z DEBUG gtk_status_bar::pw: 🔧 Other metadata property: default.configured.audio.sink (ignored)
2026-07-12T20:59:37+00:00 machine gtk-status-bar[2532]: 2026-07-12T20:59:37.261785Z DEBUG gtk_status_bar::pw: 🎛️  NODE PARAM CALLBACK: Alpha (5) received Props param
2026-07-12T20:59:37+00:00 machine gtk-status-bar[2532]: 2026-07-12T20:59:37.261861Z DEBUG gtk_status_bar::pw: 🔊 Node 5: Alpha - Vol: Some(100)% | Ch: Some(100)% | Mute: Some(false) [CACHING]
2026-07-12T20:59:37+00:00 machine gtk-status-bar[2532]: 2026-07-12T20:59:37.261915Z DEBUG gtk_status_bar::pw: 📝 Updated volume cache for device 5: Alpha -> Vol: Some(100)%, Ch: Some(100)%, Mute: Some(false)
2026-07-12T20:59:37+00:00 machine gtk-status-bar[2532]: 2026-07-12T20:59:37.261958Z DEBUG gtk_status_bar::pw: 🎯 Checking if device 5 is default: current_default=Some("auto_null"), node_name=Alpha, is_default=false
2026-07-12T20:59:37+00:00 machine gtk-status-bar[2532]: 2026-07-12T20:59:37.262002Z DEBUG gtk_status_bar::pw: 📊 Cached volume for non-default device 5 (Alpha)
2026-07-12T20:59:37+00:00 machine gtk-status-bar[2532]: 2026-07-12T20:59:37.269347Z DEBUG gtk_status_bar::pw: 📝 metadata.property subject=0 key=Some("default.audio.sink") value=Some("{\"name\":\"Alpha\"}")
2026-07-12T20:59:37+00:00 machine gtk-status-bar[2532]: 2026-07-12T20:59:37.269371Z DEBUG gtk_status_bar::pw: 🔍 Processing metadata property: default.audio.sink={"name":"Alpha"}
2026-07-12T20:59:37+00:00 machine gtk-status-bar[2532]: 2026-07-12T20:59:37.269393Z  INFO gtk_status_bar::pw: 🔄 Default sink -> Alpha
2026-07-12T20:59:37+00:00 machine gtk-status-bar[2532]: 2026-07-12T20:59:37.269410Z DEBUG gtk_status_bar::pw: 🎯 SINK CHANGE: Some("auto_null") -> Alpha (should trigger volume fetch)
2026-07-12T20:59:37+00:00 machine gtk-status-bar[2532]: 2026-07-12T20:59:37.269425Z DEBUG gtk_status_bar::pw: 🗂️ Searching device map for default sink 'Alpha'
2026-07-12T20:59:37+00:00 machine gtk-status-bar[2532]: 2026-07-12T20:59:37.269441Z DEBUG gtk_status_bar::pw: 🗂️ Current device map contents: {5: ("Alpha", "Alpha", Some(100), Some(100), Some(false))}
2026-07-12T20:59:37+00:00 machine gtk-status-bar[2532]: 2026-07-12T20:59:37.269459Z DEBUG gtk_status_bar::pw: 🔍 Checking device 5: node_name='Alpha', description='Alpha' against default sink 'Alpha'
2026-07-12T20:59:37+00:00 machine gtk-status-bar[2532]: 2026-07-12T20:59:37.269481Z DEBUG gtk_status_bar::pw: 🎯 MATCH! Found device 5 with node_name 'Alpha' matching default sink
2026-07-12T20:59:37+00:00 machine gtk-status-bar[2532]: 2026-07-12T20:59:37.269497Z DEBUG gtk_status_bar::pw: 🎨 Updating GUI label to: 'Alpha' with cached volume data
2026-07-12T20:59:37+00:00 machine gtk-status-bar[2532]: 2026-07-12T20:59:37.269513Z DEBUG gtk_status_bar::pw: 💾 Cached volume data: Vol: Some(100)%, Ch: Some(100)%, Mute: Some(false)
2026-07-12T20:59:37+00:00 machine gtk-status-bar[2532]: 2026-07-12T20:59:37.269539Z DEBUG gtk_status_bar::pw: ✅ Sent REAL volume data to GUI: 'Alpha' Vol: Some(100)%, Ch: Some(100)%, Mute: Some(false)
2026-07-12T20:59:37+00:00 machine gtk-status-bar[2532]: 2026-07-12T20:59:37.269882Z DEBUG gtk_status_bar::widgets: 📺 GTK UI updated via ASYNC: 🔊A100
2026-07-12T20:59:37+00:00 machine gtk-status-bar[2532]: 2026-07-12T20:59:37.465860Z DEBUG gtk_status_bar::pw: 🚫 Skipping metadata '' (props: Some(DictRef { flags: Flags(0x0), entries: {"object.serial": "69", "module.id": "2", "pipewire.protocol": "protocol-native", "pipewire.sec.pid": "1387", "pipewire.sec.uid": "1000", "pipewire.sec.gid": "100", "pipewire.sec.socket": "pipewire-0", "application.name": "pactl", "pipewire.access": "unrestricted"} }))
2026-07-12T20:59:37+00:00 machine gtk-status-bar[2532]: 2026-07-12T20:59:37.470717Z DEBUG gtk_status_bar::pw: 🎛️  NODE PARAM CALLBACK: Alpha (5) received Props param
2026-07-12T20:59:37+00:00 machine gtk-status-bar[2532]: 2026-07-12T20:59:37.470745Z DEBUG gtk_status_bar::pw: 🔊 Node 5: Alpha - Vol: Some(100)% | Ch: Some(50)% | Mute: Some(false) [CACHING]
2026-07-12T20:59:37+00:00 machine gtk-status-bar[2532]: 2026-07-12T20:59:37.470764Z DEBUG gtk_status_bar::pw: 📝 Updated volume cache for device 5: Alpha -> Vol: Some(100)%, Ch: Some(50)%, Mute: Some(false)
2026-07-12T20:59:37+00:00 machine gtk-status-bar[2532]: 2026-07-12T20:59:37.470782Z DEBUG gtk_status_bar::pw: 🎯 Checking if device 5 is default: current_default=Some("Alpha"), node_name=Alpha, is_default=true
2026-07-12T20:59:37+00:00 machine gtk-status-bar[2532]: 2026-07-12T20:59:37.470800Z DEBUG gtk_status_bar::pw: 📤 SENDING VOLUME UPDATE to GUI for default sink (node id=5)
2026-07-12T20:59:37+00:00 machine gtk-status-bar[2532]: 2026-07-12T20:59:37.471165Z DEBUG gtk_status_bar::widgets: 📺 GTK UI updated via ASYNC: 🔊A50
2026-07-12T20:59:41+00:00 machine gtk-status-bar[2532]: 2026-07-12T20:59:41.207303Z DEBUG gtk_status_bar::pw: 🚫 Skipping metadata '' (props: Some(DictRef { flags: Flags(0x0), entries: {"object.serial": "70", "module.id": "2", "pipewire.protocol": "protocol-native", "pipewire.sec.pid": "1387", "pipewire.sec.uid": "1000", "pipewire.sec.gid": "100", "pipewire.sec.socket": "pipewire-0", "application.name": "pactl", "pipewire.access": "unrestricted"} }))
2026-07-12T20:59:41+00:00 machine gtk-status-bar[2532]: 2026-07-12T20:59:41.213650Z DEBUG gtk_status_bar::pw: 🎛️  NODE PARAM CALLBACK: Alpha (5) received Props param
2026-07-12T20:59:41+00:00 machine gtk-status-bar[2532]: 2026-07-12T20:59:41.213680Z DEBUG gtk_status_bar::pw: 🔊 Node 5: Alpha - Vol: Some(100)% | Ch: Some(75)% | Mute: Some(false) [CACHING]
2026-07-12T20:59:41+00:00 machine gtk-status-bar[2532]: 2026-07-12T20:59:41.213701Z DEBUG gtk_status_bar::pw: 📝 Updated volume cache for device 5: Alpha -> Vol: Some(100)%, Ch: Some(75)%, Mute: Some(false)
2026-07-12T20:59:41+00:00 machine gtk-status-bar[2532]: 2026-07-12T20:59:41.213720Z DEBUG gtk_status_bar::pw: 🎯 Checking if device 5 is default: current_default=Some("Alpha"), node_name=Alpha, is_default=true
2026-07-12T20:59:41+00:00 machine gtk-status-bar[2532]: 2026-07-12T20:59:41.213739Z DEBUG gtk_status_bar::pw: 📤 SENDING VOLUME UPDATE to GUI for default sink (node id=5)
2026-07-12T20:59:41+00:00 machine gtk-status-bar[2532]: 2026-07-12T20:59:41.214247Z DEBUG gtk_status_bar::widgets: 📺 GTK UI updated via ASYNC: 🔊A75
2026-07-12T20:59:44+00:00 machine gtk-status-bar[2532]: 2026-07-12T20:59:44.803191Z DEBUG gtk_status_bar::pw: 🚫 Skipping metadata '' (props: Some(DictRef { flags: Flags(0x0), entries: {"object.serial": "71", "module.id": "2", "pipewire.protocol": "protocol-native", "pipewire.sec.pid": "1387", "pipewire.sec.uid": "1000", "pipewire.sec.gid": "100", "pipewire.sec.socket": "pipewire-0", "application.name": "pactl", "pipewire.access": "unrestricted"} }))
2026-07-12T20:59:44+00:00 machine gtk-status-bar[2532]: 2026-07-12T20:59:44.808281Z DEBUG gtk_status_bar::pw: 🎛️  NODE PARAM CALLBACK: Alpha (5) received Props param
2026-07-12T20:59:44+00:00 machine gtk-status-bar[2532]: 2026-07-12T20:59:44.808312Z DEBUG gtk_status_bar::pw: 🔊 Node 5: Alpha - Vol: Some(100)% | Ch: Some(75)% | Mute: Some(true) [CACHING]
2026-07-12T20:59:44+00:00 machine gtk-status-bar[2532]: 2026-07-12T20:59:44.808330Z DEBUG gtk_status_bar::pw: 📝 Updated volume cache for device 5: Alpha -> Vol: Some(100)%, Ch: Some(75)%, Mute: Some(true)
2026-07-12T20:59:44+00:00 machine gtk-status-bar[2532]: 2026-07-12T20:59:44.808347Z DEBUG gtk_status_bar::pw: 🎯 Checking if device 5 is default: current_default=Some("Alpha"), node_name=Alpha, is_default=true
2026-07-12T20:59:44+00:00 machine gtk-status-bar[2532]: 2026-07-12T20:59:44.808362Z DEBUG gtk_status_bar::pw: 📤 SENDING VOLUME UPDATE to GUI for default sink (node id=5)
2026-07-12T20:59:44+00:00 machine gtk-status-bar[2532]: 2026-07-12T20:59:44.808692Z DEBUG gtk_status_bar::widgets: 📺 GTK UI updated via ASYNC: 🔇A75
2026-07-12T20:59:48+00:00 machine gtk-status-bar[2532]: 2026-07-12T20:59:48.379736Z DEBUG gtk_status_bar::pw: 🚫 Skipping metadata '' (props: Some(DictRef { flags: Flags(0x0), entries: {"object.serial": "72", "module.id": "2", "pipewire.protocol": "protocol-native", "pipewire.sec.pid": "1387", "pipewire.sec.uid": "1000", "pipewire.sec.gid": "100", "pipewire.sec.socket": "pipewire-0", "application.name": "pactl", "pipewire.access": "unrestricted"} }))
2026-07-12T20:59:48+00:00 machine gtk-status-bar[2532]: 2026-07-12T20:59:48.387241Z DEBUG gtk_status_bar::pw: 🎛️  NODE PARAM CALLBACK: Alpha (5) received Props param
2026-07-12T20:59:48+00:00 machine gtk-status-bar[2532]: 2026-07-12T20:59:48.387300Z DEBUG gtk_status_bar::pw: 🔊 Node 5: Alpha - Vol: Some(100)% | Ch: Some(75)% | Mute: Some(false) [CACHING]
2026-07-12T20:59:48+00:00 machine gtk-status-bar[2532]: 2026-07-12T20:59:48.387342Z DEBUG gtk_status_bar::pw: 📝 Updated volume cache for device 5: Alpha -> Vol: Some(100)%, Ch: Some(75)%, Mute: Some(false)
2026-07-12T20:59:48+00:00 machine gtk-status-bar[2532]: 2026-07-12T20:59:48.387385Z DEBUG gtk_status_bar::pw: 🎯 Checking if device 5 is default: current_default=Some("Alpha"), node_name=Alpha, is_default=true
2026-07-12T20:59:48+00:00 machine gtk-status-bar[2532]: 2026-07-12T20:59:48.387425Z DEBUG gtk_status_bar::pw: 📤 SENDING VOLUME UPDATE to GUI for default sink (node id=5)
2026-07-12T20:59:48+00:00 machine gtk-status-bar[2532]: 2026-07-12T20:59:48.388042Z DEBUG gtk_status_bar::widgets: 📺 GTK UI updated via ASYNC: 🔊A75
2026-07-12T20:59:48+00:00 machine gtk-status-bar[2532]: 2026-07-12T20:59:48.524894Z DEBUG gtk_status_bar::pw: 🚫 Skipping metadata '' (props: Some(DictRef { flags: Flags(0x0), entries: {"object.serial": "73", "module.id": "2", "pipewire.protocol": "protocol-native", "pipewire.sec.pid": "1387", "pipewire.sec.uid": "1000", "pipewire.sec.gid": "100", "pipewire.sec.socket": "pipewire-0", "application.name": "pactl", "pipewire.access": "unrestricted"} }))
2026-07-12T20:59:48+00:00 machine gtk-status-bar[2532]: 2026-07-12T20:59:48.527199Z DEBUG gtk_status_bar::pw: 🎛️  NODE PARAM CALLBACK: Alpha (5) received Props param
2026-07-12T20:59:48+00:00 machine gtk-status-bar[2532]: 2026-07-12T20:59:48.527221Z DEBUG gtk_status_bar::pw: 🔊 Node 5: Alpha - Vol: Some(100)% | Ch: Some(0)% | Mute: Some(false) [CACHING]
2026-07-12T20:59:48+00:00 machine gtk-status-bar[2532]: 2026-07-12T20:59:48.527236Z DEBUG gtk_status_bar::pw: 📝 Updated volume cache for device 5: Alpha -> Vol: Some(100)%, Ch: Some(0)%, Mute: Some(false)
2026-07-12T20:59:48+00:00 machine gtk-status-bar[2532]: 2026-07-12T20:59:48.527251Z DEBUG gtk_status_bar::pw: 🎯 Checking if device 5 is default: current_default=Some("Alpha"), node_name=Alpha, is_default=true
2026-07-12T20:59:48+00:00 machine gtk-status-bar[2532]: 2026-07-12T20:59:48.527266Z DEBUG gtk_status_bar::pw: 📤 SENDING VOLUME UPDATE to GUI for default sink (node id=5)
2026-07-12T20:59:48+00:00 machine gtk-status-bar[2532]: 2026-07-12T20:59:48.528179Z DEBUG gtk_status_bar::widgets: 📺 GTK UI updated via ASYNC: 🔊A0
2026-07-12T20:59:52+00:00 machine gtk-status-bar[2532]: 2026-07-12T20:59:52.138826Z DEBUG gtk_status_bar::pw: 🚫 Skipping metadata '' (props: Some(DictRef { flags: Flags(0x0), entries: {"object.serial": "74", "module.id": "2", "pipewire.protocol": "protocol-native", "pipewire.sec.pid": "1387", "pipewire.sec.uid": "1000", "pipewire.sec.gid": "100", "pipewire.sec.socket": "pipewire-0", "application.name": "pactl", "pipewire.access": "unrestricted"} }))
2026-07-12T20:59:52+00:00 machine gtk-status-bar[2532]: 2026-07-12T20:59:52.142163Z DEBUG gtk_status_bar::pw: 🎛️  NODE PARAM CALLBACK: Alpha (5) received Props param
2026-07-12T20:59:52+00:00 machine gtk-status-bar[2532]: 2026-07-12T20:59:52.142196Z DEBUG gtk_status_bar::pw: 🔊 Node 5: Alpha - Vol: Some(100)% | Ch: Some(100)% | Mute: Some(false) [CACHING]
2026-07-12T20:59:52+00:00 machine gtk-status-bar[2532]: 2026-07-12T20:59:52.142216Z DEBUG gtk_status_bar::pw: 📝 Updated volume cache for device 5: Alpha -> Vol: Some(100)%, Ch: Some(100)%, Mute: Some(false)
2026-07-12T20:59:52+00:00 machine gtk-status-bar[2532]: 2026-07-12T20:59:52.142236Z DEBUG gtk_status_bar::pw: 🎯 Checking if device 5 is default: current_default=Some("Alpha"), node_name=Alpha, is_default=true
2026-07-12T20:59:52+00:00 machine gtk-status-bar[2532]: 2026-07-12T20:59:52.142254Z DEBUG gtk_status_bar::pw: 📤 SENDING VOLUME UPDATE to GUI for default sink (node id=5)
2026-07-12T20:59:52+00:00 machine gtk-status-bar[2532]: 2026-07-12T20:59:52.142521Z DEBUG gtk_status_bar::widgets: 📺 GTK UI updated via ASYNC: 🔊A100
2026-07-12T20:59:55+00:00 machine gtk-status-bar[2532]: 2026-07-12T20:59:55.697069Z DEBUG gtk_status_bar::pw: 🚫 Skipping metadata '' (props: Some(DictRef { flags: Flags(0x0), entries: {"object.serial": "75", "module.id": "2", "pipewire.protocol": "protocol-native", "pipewire.sec.pid": "1387", "pipewire.sec.uid": "1000", "pipewire.sec.gid": "100", "pipewire.sec.socket": "pipewire-0", "application.name": "pactl", "pipewire.access": "unrestricted"} }))
2026-07-12T20:59:55+00:00 machine gtk-status-bar[2532]: 2026-07-12T20:59:55.707282Z DEBUG gtk_status_bar::pw: 🚫 Skipping metadata '' (props: Some(DictRef { flags: Flags(0x0), entries: {"object.serial": "76", "module.id": "2", "pipewire.protocol": "protocol-native", "pipewire.sec.pid": "1387", "pipewire.sec.uid": "1000", "pipewire.sec.gid": "100", "pipewire.sec.socket": "pipewire-0", "application.name": "pipewire", "pipewire.access": "unrestricted"} }))
2026-07-12T20:59:55+00:00 machine gtk-status-bar[2532]: 2026-07-12T20:59:55.707328Z DEBUG gtk_status_bar::pw: 🚫 Skipping metadata '' (props: Some(DictRef { flags: Flags(0x0), entries: {"object.serial": "77", "factory.id": "19", "client.id": "56", "node.description": "Bravo", "node.name": "Bravo", "media.class": "Audio/Sink"} }))
2026-07-12T20:59:55+00:00 machine gtk-status-bar[2532]: 2026-07-12T20:59:55.707358Z DEBUG gtk_status_bar::pw: 🔍 Checking node - media.class: Some("Audio/Sink")
2026-07-12T20:59:55+00:00 machine gtk-status-bar[2532]: 2026-07-12T20:59:55.707385Z DEBUG gtk_status_bar::pw: 🔍 Node filter result: true for media.class: Some("Audio/Sink")
2026-07-12T20:59:55+00:00 machine gtk-status-bar[2532]: 2026-07-12T20:59:55.707426Z DEBUG gtk_status_bar::pw: 📱 Monitoring audio node: Bravo (4) [node.name: Bravo]
2026-07-12T20:59:55+00:00 machine gtk-status-bar[2532]: 2026-07-12T20:59:55.707452Z DEBUG gtk_status_bar::pw: 🔗 ADDING NODE LISTENER for node.name: Bravo
2026-07-12T20:59:55+00:00 machine gtk-status-bar[2532]: 2026-07-12T20:59:55.707477Z DEBUG gtk_status_bar::pw: 📝 Added device to HashMap: 4 -> (Bravo, Bravo, no volume yet)
2026-07-12T20:59:55+00:00 machine gtk-status-bar[2532]: 2026-07-12T20:59:55.707502Z DEBUG gtk_status_bar::pw: 🗂️ Current device map size: 2
2026-07-12T20:59:55+00:00 machine gtk-status-bar[2532]: 2026-07-12T20:59:55.707795Z DEBUG gtk_status_bar::pw: 🎛️  NODE PARAM CALLBACK: Bravo (4) received Props param
2026-07-12T20:59:55+00:00 machine gtk-status-bar[2532]: 2026-07-12T20:59:55.707828Z DEBUG gtk_status_bar::pw: 🔊 Node 4: Bravo - Vol: Some(100)% | Ch: Some(100)% | Mute: Some(false) [CACHING]
2026-07-12T20:59:55+00:00 machine gtk-status-bar[2532]: 2026-07-12T20:59:55.707855Z DEBUG gtk_status_bar::pw: 📝 Updated volume cache for device 4: Bravo -> Vol: Some(100)%, Ch: Some(100)%, Mute: Some(false)
2026-07-12T20:59:55+00:00 machine gtk-status-bar[2532]: 2026-07-12T20:59:55.707880Z DEBUG gtk_status_bar::pw: 🎯 Checking if device 4 is default: current_default=Some("Alpha"), node_name=Bravo, is_default=false
2026-07-12T20:59:55+00:00 machine gtk-status-bar[2532]: 2026-07-12T20:59:55.707904Z DEBUG gtk_status_bar::pw: 📊 Cached volume for non-default device 4 (Bravo)
2026-07-12T20:59:55+00:00 machine gtk-status-bar[2532]: 2026-07-12T20:59:55.707932Z ERROR gtk_status_bar::pw: ❌ PipeWire error id:4 seq:9 res:-2: enum params id:13 (Spa:Enum:ParamId:Route) failed
2026-07-12T20:59:55+00:00 machine gtk-status-bar[2532]: 2026-07-12T20:59:55.722829Z DEBUG gtk_status_bar::pw: 🎛️  NODE PARAM CALLBACK: Bravo (4) received Props param
2026-07-12T20:59:55+00:00 machine gtk-status-bar[2532]: 2026-07-12T20:59:55.722859Z DEBUG gtk_status_bar::pw: 🔊 Node 4: Bravo - Vol: Some(100)% | Ch: Some(100)% | Mute: Some(false) [CACHING]
2026-07-12T20:59:55+00:00 machine gtk-status-bar[2532]: 2026-07-12T20:59:55.722878Z DEBUG gtk_status_bar::pw: 📝 Updated volume cache for device 4: Bravo -> Vol: Some(100)%, Ch: Some(100)%, Mute: Some(false)
2026-07-12T20:59:55+00:00 machine gtk-status-bar[2532]: 2026-07-12T20:59:55.722896Z DEBUG gtk_status_bar::pw: 🎯 Checking if device 4 is default: current_default=Some("Alpha"), node_name=Bravo, is_default=false
2026-07-12T20:59:55+00:00 machine gtk-status-bar[2532]: 2026-07-12T20:59:55.722914Z DEBUG gtk_status_bar::pw: 📊 Cached volume for non-default device 4 (Bravo)
2026-07-12T20:59:55+00:00 machine gtk-status-bar[2532]: 2026-07-12T20:59:55.722934Z DEBUG gtk_status_bar::pw: 🎛️  NODE PARAM CALLBACK: Bravo (4) received Props param
2026-07-12T20:59:55+00:00 machine gtk-status-bar[2532]: 2026-07-12T20:59:55.722953Z DEBUG gtk_status_bar::pw: 🔊 Node 4: Bravo - Vol: Some(100)% | Ch: Some(100)% | Mute: Some(false) [CACHING]
2026-07-12T20:59:55+00:00 machine gtk-status-bar[2532]: 2026-07-12T20:59:55.722970Z DEBUG gtk_status_bar::pw: 📝 Updated volume cache for device 4: Bravo -> Vol: Some(100)%, Ch: Some(100)%, Mute: Some(false)
2026-07-12T20:59:55+00:00 machine gtk-status-bar[2532]: 2026-07-12T20:59:55.722986Z DEBUG gtk_status_bar::pw: 🎯 Checking if device 4 is default: current_default=Some("Alpha"), node_name=Bravo, is_default=false
2026-07-12T20:59:55+00:00 machine gtk-status-bar[2532]: 2026-07-12T20:59:55.723003Z DEBUG gtk_status_bar::pw: 📊 Cached volume for non-default device 4 (Bravo)
2026-07-12T20:59:55+00:00 machine gtk-status-bar[2532]: 2026-07-12T20:59:55.723022Z DEBUG gtk_status_bar::pw: 🚫 Skipping metadata '' (props: Some(DictRef { flags: Flags(0x0), entries: {"object.serial": "78", "object.path": "Bravo:playback_0", "format.dsp": "32 bit float mono audio", "node.id": "63", "audio.channel": "FL", "port.id": "0", "port.name": "playback_FL", "port.direction": "in", "port.alias": "Bravo:playback_FL", "port.group": "stream.0"} }))
2026-07-12T20:59:55+00:00 machine gtk-status-bar[2532]: 2026-07-12T20:59:55.723054Z DEBUG gtk_status_bar::pw: 🚫 Skipping metadata '' (props: Some(DictRef { flags: Flags(0x0), entries: {"object.serial": "79", "object.path": "Bravo:playback_1", "format.dsp": "32 bit float mono audio", "node.id": "63", "audio.channel": "FR", "port.id": "1", "port.name": "playback_FR", "port.direction": "in", "port.alias": "Bravo:playback_FR", "port.group": "stream.0"} }))
2026-07-12T20:59:55+00:00 machine gtk-status-bar[2532]: 2026-07-12T20:59:55.723074Z DEBUG gtk_status_bar::pw: 🚫 Skipping metadata '' (props: Some(DictRef { flags: Flags(0x0), entries: {"object.serial": "80", "object.path": "Bravo:monitor_0", "format.dsp": "32 bit float mono audio", "node.id": "63", "audio.channel": "FL", "port.id": "0", "port.name": "monitor_FL", "port.direction": "out", "port.monitor": "true", "port.alias": "Bravo:monitor_FL", "port.group": "stream.0"} }))
2026-07-12T20:59:55+00:00 machine gtk-status-bar[2532]: 2026-07-12T20:59:55.723093Z DEBUG gtk_status_bar::pw: 🚫 Skipping metadata '' (props: Some(DictRef { flags: Flags(0x0), entries: {"object.serial": "81", "object.path": "Bravo:monitor_1", "format.dsp": "32 bit float mono audio", "node.id": "63", "audio.channel": "FR", "port.id": "1", "port.name": "monitor_FR", "port.direction": "out", "port.monitor": "true", "port.alias": "Bravo:monitor_FR", "port.group": "stream.0"} }))
2026-07-12T20:59:55+00:00 machine gtk-status-bar[2532]: 2026-07-12T20:59:55.723111Z DEBUG gtk_status_bar::pw: 🎛️  NODE PARAM CALLBACK: Bravo (4) received Props param
2026-07-12T20:59:55+00:00 machine gtk-status-bar[2532]: 2026-07-12T20:59:55.723127Z DEBUG gtk_status_bar::pw: 🔊 Node 4: Bravo - Vol: Some(100)% | Ch: Some(100)% | Mute: Some(false) [CACHING]
2026-07-12T20:59:55+00:00 machine gtk-status-bar[2532]: 2026-07-12T20:59:55.723143Z DEBUG gtk_status_bar::pw: 📝 Updated volume cache for device 4: Bravo -> Vol: Some(100)%, Ch: Some(100)%, Mute: Some(false)
2026-07-12T20:59:55+00:00 machine gtk-status-bar[2532]: 2026-07-12T20:59:55.723157Z DEBUG gtk_status_bar::pw: 🎯 Checking if device 4 is default: current_default=Some("Alpha"), node_name=Bravo, is_default=false
2026-07-12T20:59:55+00:00 machine gtk-status-bar[2532]: 2026-07-12T20:59:55.723172Z DEBUG gtk_status_bar::pw: 📊 Cached volume for non-default device 4 (Bravo)
2026-07-12T20:59:55+00:00 machine gtk-status-bar[2532]: 2026-07-12T20:59:55.732490Z DEBUG gtk_status_bar::pw: 🎛️  NODE PARAM CALLBACK: Bravo (4) received Props param
2026-07-12T20:59:55+00:00 machine gtk-status-bar[2532]: 2026-07-12T20:59:55.732523Z DEBUG gtk_status_bar::pw: 🔊 Node 4: Bravo - Vol: Some(100)% | Ch: Some(100)% | Mute: Some(false) [CACHING]
2026-07-12T20:59:55+00:00 machine gtk-status-bar[2532]: 2026-07-12T20:59:55.732540Z DEBUG gtk_status_bar::pw: 📝 Updated volume cache for device 4: Bravo -> Vol: Some(100)%, Ch: Some(100)%, Mute: Some(false)
2026-07-12T20:59:55+00:00 machine gtk-status-bar[2532]: 2026-07-12T20:59:55.732609Z DEBUG gtk_status_bar::pw: 🎯 Checking if device 4 is default: current_default=Some("Alpha"), node_name=Bravo, is_default=false
2026-07-12T20:59:55+00:00 machine gtk-status-bar[2532]: 2026-07-12T20:59:55.732633Z DEBUG gtk_status_bar::pw: 📊 Cached volume for non-default device 4 (Bravo)
2026-07-12T20:59:55+00:00 machine gtk-status-bar[2532]: 2026-07-12T20:59:55.874838Z DEBUG gtk_status_bar::pw: 🚫 Skipping metadata '' (props: Some(DictRef { flags: Flags(0x0), entries: {"object.serial": "82", "module.id": "2", "pipewire.protocol": "protocol-native", "pipewire.sec.pid": "1387", "pipewire.sec.uid": "1000", "pipewire.sec.gid": "100", "pipewire.sec.socket": "pipewire-0", "application.name": "pactl", "pipewire.access": "unrestricted"} }))
2026-07-12T20:59:55+00:00 machine gtk-status-bar[2532]: 2026-07-12T20:59:55.878853Z DEBUG gtk_status_bar::pw: 🎛️  NODE PARAM CALLBACK: Bravo (4) received Props param
2026-07-12T20:59:55+00:00 machine gtk-status-bar[2532]: 2026-07-12T20:59:55.878883Z DEBUG gtk_status_bar::pw: 🔊 Node 4: Bravo - Vol: Some(100)% | Ch: Some(60)% | Mute: Some(false) [CACHING]
2026-07-12T20:59:55+00:00 machine gtk-status-bar[2532]: 2026-07-12T20:59:55.878902Z DEBUG gtk_status_bar::pw: 📝 Updated volume cache for device 4: Bravo -> Vol: Some(100)%, Ch: Some(60)%, Mute: Some(false)
2026-07-12T20:59:55+00:00 machine gtk-status-bar[2532]: 2026-07-12T20:59:55.878920Z DEBUG gtk_status_bar::pw: 🎯 Checking if device 4 is default: current_default=Some("Alpha"), node_name=Bravo, is_default=false
2026-07-12T20:59:55+00:00 machine gtk-status-bar[2532]: 2026-07-12T20:59:55.878937Z DEBUG gtk_status_bar::pw: 📊 Cached volume for non-default device 4 (Bravo)
2026-07-12T20:59:56+00:00 machine gtk-status-bar[2532]: 2026-07-12T20:59:56.125261Z DEBUG gtk_status_bar::pw: 🚫 Skipping metadata '' (props: Some(DictRef { flags: Flags(0x0), entries: {"object.serial": "83", "module.id": "2", "pipewire.protocol": "protocol-native", "pipewire.sec.pid": "1387", "pipewire.sec.uid": "1000", "pipewire.sec.gid": "100", "pipewire.sec.socket": "pipewire-0", "application.name": "pactl", "pipewire.access": "unrestricted"} }))
2026-07-12T20:59:56+00:00 machine gtk-status-bar[2532]: 2026-07-12T20:59:56.154935Z DEBUG gtk_status_bar::pw: 📝 metadata.property subject=0 key=Some("default.configured.audio.sink") value=Some("{ \"name\": \"Bravo\" }")
2026-07-12T20:59:56+00:00 machine gtk-status-bar[2532]: 2026-07-12T20:59:56.155047Z DEBUG gtk_status_bar::pw: 🔍 Processing metadata property: default.configured.audio.sink={ "name": "Bravo" }
2026-07-12T20:59:56+00:00 machine gtk-status-bar[2532]: 2026-07-12T20:59:56.155110Z DEBUG gtk_status_bar::pw: 🔧 Other metadata property: default.configured.audio.sink (ignored)
2026-07-12T20:59:56+00:00 machine gtk-status-bar[2532]: 2026-07-12T20:59:56.177053Z DEBUG gtk_status_bar::pw: 📝 metadata.property subject=0 key=Some("default.audio.sink") value=Some("{\"name\":\"Bravo\"}")
2026-07-12T20:59:56+00:00 machine gtk-status-bar[2532]: 2026-07-12T20:59:56.177088Z DEBUG gtk_status_bar::pw: 🔍 Processing metadata property: default.audio.sink={"name":"Bravo"}
2026-07-12T20:59:56+00:00 machine gtk-status-bar[2532]: 2026-07-12T20:59:56.177114Z  INFO gtk_status_bar::pw: 🔄 Default sink -> Bravo
2026-07-12T20:59:56+00:00 machine gtk-status-bar[2532]: 2026-07-12T20:59:56.177131Z DEBUG gtk_status_bar::pw: 🎯 SINK CHANGE: Some("Alpha") -> Bravo (should trigger volume fetch)
2026-07-12T20:59:56+00:00 machine gtk-status-bar[2532]: 2026-07-12T20:59:56.177148Z DEBUG gtk_status_bar::pw: 🗂️ Searching device map for default sink 'Bravo'
2026-07-12T20:59:56+00:00 machine gtk-status-bar[2532]: 2026-07-12T20:59:56.177164Z DEBUG gtk_status_bar::pw: 🗂️ Current device map contents: {4: ("Bravo", "Bravo", Some(100), Some(60), Some(false)), 5: ("Alpha", "Alpha", Some(100), Some(100), Some(false))}
2026-07-12T20:59:56+00:00 machine gtk-status-bar[2532]: 2026-07-12T20:59:56.177185Z DEBUG gtk_status_bar::pw: 🔍 Checking device 4: node_name='Bravo', description='Bravo' against default sink 'Bravo'
2026-07-12T20:59:56+00:00 machine gtk-status-bar[2532]: 2026-07-12T20:59:56.177200Z DEBUG gtk_status_bar::pw: 🎯 MATCH! Found device 4 with node_name 'Bravo' matching default sink
2026-07-12T20:59:56+00:00 machine gtk-status-bar[2532]: 2026-07-12T20:59:56.177216Z DEBUG gtk_status_bar::pw: 🎨 Updating GUI label to: 'Bravo' with cached volume data
2026-07-12T20:59:56+00:00 machine gtk-status-bar[2532]: 2026-07-12T20:59:56.177233Z DEBUG gtk_status_bar::pw: 💾 Cached volume data: Vol: Some(100)%, Ch: Some(60)%, Mute: Some(false)
2026-07-12T20:59:56+00:00 machine gtk-status-bar[2532]: 2026-07-12T20:59:56.177260Z DEBUG gtk_status_bar::pw: ✅ Sent REAL volume data to GUI: 'Bravo' Vol: Some(100)%, Ch: Some(60)%, Mute: Some(false)
2026-07-12T20:59:56+00:00 machine gtk-status-bar[2532]: 2026-07-12T20:59:56.177671Z DEBUG gtk_status_bar::widgets: 📺 GTK UI updated via ASYNC: 🔊B60
2026-07-12T21:00:00+00:00 machine gtk-status-bar[2532]: 2026-07-12T21:00:00.781144Z DEBUG gtk_status_bar::pw: 🚫 Skipping metadata '' (props: Some(DictRef { flags: Flags(0x0), entries: {"object.serial": "84", "module.id": "2", "pipewire.protocol": "protocol-native", "pipewire.sec.pid": "1387", "pipewire.sec.uid": "1000", "pipewire.sec.gid": "100", "pipewire.sec.socket": "pipewire-0", "application.name": "pactl", "pipewire.access": "unrestricted"} }))
2026-07-12T21:00:00+00:00 machine gtk-status-bar[2532]: 2026-07-12T21:00:00.792974Z DEBUG gtk_status_bar::pw: 🗑️ Node 4 removed, cleaning up
2026-07-12T21:00:00+00:00 machine gtk-status-bar[2532]: 2026-07-12T21:00:00.793003Z DEBUG gtk_status_bar::pw: ✅ Removed device from HashMap: 4 -> (Bravo, Bravo)
2026-07-12T21:00:00+00:00 machine gtk-status-bar[2532]: 2026-07-12T21:00:00.793021Z DEBUG gtk_status_bar::pw: 🗂️ Device map size after removal: 1
2026-07-12T21:00:00+00:00 machine gtk-status-bar[2532]: 2026-07-12T21:00:00.798297Z DEBUG gtk_status_bar::pw: 📝 metadata.property subject=0 key=Some("default.audio.sink") value=Some("{\"name\":\"Alpha\"}")
2026-07-12T21:00:00+00:00 machine gtk-status-bar[2532]: 2026-07-12T21:00:00.798324Z DEBUG gtk_status_bar::pw: 🔍 Processing metadata property: default.audio.sink={"name":"Alpha"}
2026-07-12T21:00:00+00:00 machine gtk-status-bar[2532]: 2026-07-12T21:00:00.798344Z  INFO gtk_status_bar::pw: 🔄 Default sink -> Alpha
2026-07-12T21:00:00+00:00 machine gtk-status-bar[2532]: 2026-07-12T21:00:00.798360Z DEBUG gtk_status_bar::pw: 🎯 SINK CHANGE: Some("Bravo") -> Alpha (should trigger volume fetch)
2026-07-12T21:00:00+00:00 machine gtk-status-bar[2532]: 2026-07-12T21:00:00.798375Z DEBUG gtk_status_bar::pw: 🗂️ Searching device map for default sink 'Alpha'
2026-07-12T21:00:00+00:00 machine gtk-status-bar[2532]: 2026-07-12T21:00:00.798388Z DEBUG gtk_status_bar::pw: 🗂️ Current device map contents: {5: ("Alpha", "Alpha", Some(100), Some(100), Some(false))}
2026-07-12T21:00:00+00:00 machine gtk-status-bar[2532]: 2026-07-12T21:00:00.798405Z DEBUG gtk_status_bar::pw: 🔍 Checking device 5: node_name='Alpha', description='Alpha' against default sink 'Alpha'
2026-07-12T21:00:00+00:00 machine gtk-status-bar[2532]: 2026-07-12T21:00:00.798419Z DEBUG gtk_status_bar::pw: 🎯 MATCH! Found device 5 with node_name 'Alpha' matching default sink
2026-07-12T21:00:00+00:00 machine gtk-status-bar[2532]: 2026-07-12T21:00:00.798433Z DEBUG gtk_status_bar::pw: 🎨 Updating GUI label to: 'Alpha' with cached volume data
2026-07-12T21:00:00+00:00 machine gtk-status-bar[2532]: 2026-07-12T21:00:00.798447Z DEBUG gtk_status_bar::pw: 💾 Cached volume data: Vol: Some(100)%, Ch: Some(100)%, Mute: Some(false)
2026-07-12T21:00:00+00:00 machine gtk-status-bar[2532]: 2026-07-12T21:00:00.798471Z DEBUG gtk_status_bar::pw: ✅ Sent REAL volume data to GUI: 'Alpha' Vol: Some(100)%, Ch: Some(100)%, Mute: Some(false)
2026-07-12T21:00:00+00:00 machine gtk-status-bar[2532]: 2026-07-12T21:00:00.798701Z DEBUG gtk_status_bar::widgets: 📺 GTK UI updated via ASYNC: 🔊A100
2026-07-12T21:00:04+00:00 machine gtk-status-bar[2532]: 2026-07-12T21:00:04.450741Z DEBUG gtk_status_bar::pw: 🚫 Skipping metadata '' (props: Some(DictRef { flags: Flags(0x0), entries: {"object.serial": "85", "module.id": "2", "pipewire.protocol": "protocol-native", "pipewire.sec.pid": "1387", "pipewire.sec.uid": "1000", "pipewire.sec.gid": "100", "pipewire.sec.socket": "pipewire-0", "application.name": "pactl", "pipewire.access": "unrestricted"} }))
2026-07-12T21:00:04+00:00 machine gtk-status-bar[2532]: 2026-07-12T21:00:04.460542Z DEBUG gtk_status_bar::pw: 🗑️ Node 5 removed, cleaning up
2026-07-12T21:00:04+00:00 machine gtk-status-bar[2532]: 2026-07-12T21:00:04.460636Z DEBUG gtk_status_bar::pw: ✅ Removed device from HashMap: 5 -> (Alpha, Alpha)
2026-07-12T21:00:04+00:00 machine gtk-status-bar[2532]: 2026-07-12T21:00:04.460657Z DEBUG gtk_status_bar::pw: 🗂️ Device map size after removal: 0
2026-07-12T21:00:04+00:00 machine gtk-status-bar[2532]: 2026-07-12T21:00:04.464707Z DEBUG gtk_status_bar::pw: 🚫 Skipping metadata '' (props: Some(DictRef { flags: Flags(0x0), entries: {"object.serial": "86", "factory.id": "19", "client.id": "53", "node.description": "Dummy Output", "node.name": "auto_null", "media.class": "Audio/Sink"} }))
2026-07-12T21:00:04+00:00 machine gtk-status-bar[2532]: 2026-07-12T21:00:04.464740Z DEBUG gtk_status_bar::pw: 🔍 Checking node - media.class: Some("Audio/Sink")
2026-07-12T21:00:04+00:00 machine gtk-status-bar[2532]: 2026-07-12T21:00:04.464756Z DEBUG gtk_status_bar::pw: 🔍 Node filter result: true for media.class: Some("Audio/Sink")
2026-07-12T21:00:04+00:00 machine gtk-status-bar[2532]: 2026-07-12T21:00:04.464785Z DEBUG gtk_status_bar::pw: 📱 Monitoring audio node: Dummy Output (5) [node.name: auto_null]
2026-07-12T21:00:04+00:00 machine gtk-status-bar[2532]: 2026-07-12T21:00:04.464799Z DEBUG gtk_status_bar::pw: 🔗 ADDING NODE LISTENER for node.name: auto_null
2026-07-12T21:00:04+00:00 machine gtk-status-bar[2532]: 2026-07-12T21:00:04.464816Z DEBUG gtk_status_bar::pw: 📝 Added device to HashMap: 5 -> (auto_null, Dummy Output, no volume yet)
2026-07-12T21:00:04+00:00 machine gtk-status-bar[2532]: 2026-07-12T21:00:04.464829Z DEBUG gtk_status_bar::pw: 🗂️ Current device map size: 1
2026-07-12T21:00:04+00:00 machine gtk-status-bar[2532]: 2026-07-12T21:00:04.465049Z DEBUG gtk_status_bar::pw: 🎛️  NODE PARAM CALLBACK: Dummy Output (5) received Props param
2026-07-12T21:00:04+00:00 machine gtk-status-bar[2532]: 2026-07-12T21:00:04.465070Z DEBUG gtk_status_bar::pw: 🔊 Node 5: Dummy Output - Vol: Some(100)% | Ch: Some(100)% | Mute: Some(false) [CACHING]
2026-07-12T21:00:04+00:00 machine gtk-status-bar[2532]: 2026-07-12T21:00:04.465086Z DEBUG gtk_status_bar::pw: 📝 Updated volume cache for device 5: Dummy Output -> Vol: Some(100)%, Ch: Some(100)%, Mute: Some(false)
2026-07-12T21:00:04+00:00 machine gtk-status-bar[2532]: 2026-07-12T21:00:04.465101Z DEBUG gtk_status_bar::pw: 🎯 Checking if device 5 is default: current_default=Some("Alpha"), node_name=auto_null, is_default=false
2026-07-12T21:00:04+00:00 machine gtk-status-bar[2532]: 2026-07-12T21:00:04.465117Z DEBUG gtk_status_bar::pw: 📊 Cached volume for non-default device 5 (Dummy Output)
2026-07-12T21:00:04+00:00 machine gtk-status-bar[2532]: 2026-07-12T21:00:04.465134Z ERROR gtk_status_bar::pw: ❌ PipeWire error id:5 seq:11 res:-2: enum params id:13 (Spa:Enum:ParamId:Route) failed
2026-07-12T21:00:04+00:00 machine gtk-status-bar[2532]: 2026-07-12T21:00:04.477659Z DEBUG gtk_status_bar::pw: 📝 metadata.property subject=0 key=Some("default.audio.sink") value=None
2026-07-12T21:00:04+00:00 machine gtk-status-bar[2532]: 2026-07-12T21:00:04.477683Z DEBUG gtk_status_bar::pw: 🚫 Skipping metadata property: value is None for key Some("default.audio.sink")
2026-07-12T21:00:04+00:00 machine gtk-status-bar[2532]: 2026-07-12T21:00:04.489969Z DEBUG gtk_status_bar::pw: 🎛️  NODE PARAM CALLBACK: Dummy Output (5) received Props param
2026-07-12T21:00:04+00:00 machine gtk-status-bar[2532]: 2026-07-12T21:00:04.490468Z DEBUG gtk_status_bar::pw: 🔊 Node 5: Dummy Output - Vol: Some(100)% | Ch: Some(100)% | Mute: Some(false) [CACHING]
2026-07-12T21:00:04+00:00 machine gtk-status-bar[2532]: 2026-07-12T21:00:04.490514Z DEBUG gtk_status_bar::pw: 📝 Updated volume cache for device 5: Dummy Output -> Vol: Some(100)%, Ch: Some(100)%, Mute: Some(false)
2026-07-12T21:00:04+00:00 machine gtk-status-bar[2532]: 2026-07-12T21:00:04.490666Z DEBUG gtk_status_bar::pw: 🎯 Checking if device 5 is default: current_default=Some("Alpha"), node_name=auto_null, is_default=false
2026-07-12T21:00:04+00:00 machine gtk-status-bar[2532]: 2026-07-12T21:00:04.490705Z DEBUG gtk_status_bar::pw: 📊 Cached volume for non-default device 5 (Dummy Output)
2026-07-12T21:00:04+00:00 machine gtk-status-bar[2532]: 2026-07-12T21:00:04.490746Z DEBUG gtk_status_bar::pw: 🎛️  NODE PARAM CALLBACK: Dummy Output (5) received Props param
2026-07-12T21:00:04+00:00 machine gtk-status-bar[2532]: 2026-07-12T21:00:04.490795Z DEBUG gtk_status_bar::pw: 🔊 Node 5: Dummy Output - Vol: Some(100)% | Ch: Some(100)% | Mute: Some(false) [CACHING]
2026-07-12T21:00:04+00:00 machine gtk-status-bar[2532]: 2026-07-12T21:00:04.490837Z DEBUG gtk_status_bar::pw: 📝 Updated volume cache for device 5: Dummy Output -> Vol: Some(100)%, Ch: Some(100)%, Mute: Some(false)
2026-07-12T21:00:04+00:00 machine gtk-status-bar[2532]: 2026-07-12T21:00:04.490880Z DEBUG gtk_status_bar::pw: 🎯 Checking if device 5 is default: current_default=Some("Alpha"), node_name=auto_null, is_default=false
2026-07-12T21:00:04+00:00 machine gtk-status-bar[2532]: 2026-07-12T21:00:04.490922Z DEBUG gtk_status_bar::pw: 📊 Cached volume for non-default device 5 (Dummy Output)
2026-07-12T21:00:04+00:00 machine gtk-status-bar[2532]: 2026-07-12T21:00:04.490974Z DEBUG gtk_status_bar::pw: 🚫 Skipping metadata '' (props: Some(DictRef { flags: Flags(0x0), entries: {"object.serial": "87", "object.path": "auto_null:playback_0", "format.dsp": "32 bit float mono audio", "node.id": "61", "audio.channel": "FL", "port.id": "0", "port.name": "playback_FL", "port.direction": "in", "port.alias": "Dummy Output:playback_FL", "port.group": "stream.0"} }))
2026-07-12T21:00:04+00:00 machine gtk-status-bar[2532]: 2026-07-12T21:00:04.491047Z DEBUG gtk_status_bar::pw: 🚫 Skipping metadata '' (props: Some(DictRef { flags: Flags(0x0), entries: {"object.serial": "88", "object.path": "auto_null:playback_1", "format.dsp": "32 bit float mono audio", "node.id": "61", "audio.channel": "FR", "port.id": "1", "port.name": "playback_FR", "port.direction": "in", "port.alias": "Dummy Output:playback_FR", "port.group": "stream.0"} }))
2026-07-12T21:00:04+00:00 machine gtk-status-bar[2532]: 2026-07-12T21:00:04.491104Z DEBUG gtk_status_bar::pw: 🚫 Skipping metadata '' (props: Some(DictRef { flags: Flags(0x0), entries: {"object.serial": "89", "object.path": "auto_null:monitor_0", "format.dsp": "32 bit float mono audio", "node.id": "61", "audio.channel": "FL", "port.id": "0", "port.name": "monitor_FL", "port.direction": "out", "port.monitor": "true", "port.alias": "Dummy Output:monitor_FL", "port.group": "stream.0"} }))
2026-07-12T21:00:04+00:00 machine gtk-status-bar[2532]: 2026-07-12T21:00:04.491164Z DEBUG gtk_status_bar::pw: 🚫 Skipping metadata '' (props: Some(DictRef { flags: Flags(0x0), entries: {"object.serial": "90", "object.path": "auto_null:monitor_1", "format.dsp": "32 bit float mono audio", "node.id": "61", "audio.channel": "FR", "port.id": "1", "port.name": "monitor_FR", "port.direction": "out", "port.monitor": "true", "port.alias": "Dummy Output:monitor_FR", "port.group": "stream.0"} }))
2026-07-12T21:00:04+00:00 machine gtk-status-bar[2532]: 2026-07-12T21:00:04.491220Z DEBUG gtk_status_bar::pw: 🎛️  NODE PARAM CALLBACK: Dummy Output (5) received Props param
2026-07-12T21:00:04+00:00 machine gtk-status-bar[2532]: 2026-07-12T21:00:04.491265Z DEBUG gtk_status_bar::pw: 🔊 Node 5: Dummy Output - Vol: Some(100)% | Ch: Some(100)% | Mute: Some(false) [CACHING]
2026-07-12T21:00:04+00:00 machine gtk-status-bar[2532]: 2026-07-12T21:00:04.491307Z DEBUG gtk_status_bar::pw: 📝 Updated volume cache for device 5: Dummy Output -> Vol: Some(100)%, Ch: Some(100)%, Mute: Some(false)
2026-07-12T21:00:04+00:00 machine gtk-status-bar[2532]: 2026-07-12T21:00:04.491350Z DEBUG gtk_status_bar::pw: 🎯 Checking if device 5 is default: current_default=Some("Alpha"), node_name=auto_null, is_default=false
2026-07-12T21:00:04+00:00 machine gtk-status-bar[2532]: 2026-07-12T21:00:04.491391Z DEBUG gtk_status_bar::pw: 📊 Cached volume for non-default device 5 (Dummy Output)
2026-07-12T21:00:04+00:00 machine gtk-status-bar[2532]: 2026-07-12T21:00:04.498743Z DEBUG gtk_status_bar::pw: 🎛️  NODE PARAM CALLBACK: Dummy Output (5) received Props param
2026-07-12T21:00:04+00:00 machine gtk-status-bar[2532]: 2026-07-12T21:00:04.498804Z DEBUG gtk_status_bar::pw: 🔊 Node 5: Dummy Output - Vol: Some(100)% | Ch: Some(100)% | Mute: Some(false) [CACHING]
2026-07-12T21:00:04+00:00 machine gtk-status-bar[2532]: 2026-07-12T21:00:04.498849Z DEBUG gtk_status_bar::pw: 📝 Updated volume cache for device 5: Dummy Output -> Vol: Some(100)%, Ch: Some(100)%, Mute: Some(false)
2026-07-12T21:00:04+00:00 machine gtk-status-bar[2532]: 2026-07-12T21:00:04.498891Z DEBUG gtk_status_bar::pw: 🎯 Checking if device 5 is default: current_default=Some("Alpha"), node_name=auto_null, is_default=false
2026-07-12T21:00:04+00:00 machine gtk-status-bar[2532]: 2026-07-12T21:00:04.498932Z DEBUG gtk_status_bar::pw: 📊 Cached volume for non-default device 5 (Dummy Output)
2026-07-12T21:00:04+00:00 machine gtk-status-bar[2532]: 2026-07-12T21:00:04.506235Z DEBUG gtk_status_bar::pw: 📝 metadata.property subject=0 key=Some("default.audio.sink") value=Some("{\"name\":\"auto_null\"}")
2026-07-12T21:00:04+00:00 machine gtk-status-bar[2532]: 2026-07-12T21:00:04.506291Z DEBUG gtk_status_bar::pw: 🔍 Processing metadata property: default.audio.sink={"name":"auto_null"}
2026-07-12T21:00:04+00:00 machine gtk-status-bar[2532]: 2026-07-12T21:00:04.506339Z  INFO gtk_status_bar::pw: 🔄 Default sink -> auto_null
2026-07-12T21:00:04+00:00 machine gtk-status-bar[2532]: 2026-07-12T21:00:04.506380Z DEBUG gtk_status_bar::pw: 🎯 SINK CHANGE: Some("Alpha") -> auto_null (should trigger volume fetch)
2026-07-12T21:00:04+00:00 machine gtk-status-bar[2532]: 2026-07-12T21:00:04.506421Z DEBUG gtk_status_bar::pw: 🗂️ Searching device map for default sink 'auto_null'
2026-07-12T21:00:04+00:00 machine gtk-status-bar[2532]: 2026-07-12T21:00:04.506461Z DEBUG gtk_status_bar::pw: 🗂️ Current device map contents: {5: ("auto_null", "Dummy Output", Some(100), Some(100), Some(false))}
2026-07-12T21:00:04+00:00 machine gtk-status-bar[2532]: 2026-07-12T21:00:04.506508Z DEBUG gtk_status_bar::pw: 🔍 Checking device 5: node_name='auto_null', description='Dummy Output' against default sink 'auto_null'
2026-07-12T21:00:04+00:00 machine gtk-status-bar[2532]: 2026-07-12T21:00:04.506548Z DEBUG gtk_status_bar::pw: 🎯 MATCH! Found device 5 with node_name 'auto_null' matching default sink
2026-07-12T21:00:04+00:00 machine gtk-status-bar[2532]: 2026-07-12T21:00:04.506709Z DEBUG gtk_status_bar::pw: 🎨 Updating GUI label to: 'Dummy Output' with cached volume data
2026-07-12T21:00:04+00:00 machine gtk-status-bar[2532]: 2026-07-12T21:00:04.506748Z DEBUG gtk_status_bar::pw: 💾 Cached volume data: Vol: Some(100)%, Ch: Some(100)%, Mute: Some(false)
2026-07-12T21:00:04+00:00 machine gtk-status-bar[2532]: 2026-07-12T21:00:04.506806Z DEBUG gtk_status_bar::pw: ✅ Sent REAL volume data to GUI: 'Dummy Output' Vol: Some(100)%, Ch: Some(100)%, Mute: Some(false)
2026-07-12T21:00:04+00:00 machine gtk-status-bar[2532]: 2026-07-12T21:00:04.506994Z DEBUG gtk_status_bar::widgets: 📺 GTK UI updated via ASYNC: 🔊D100
2026-07-12T21:00:04+00:00 machine gtk-status-bar[2532]: 2026-07-12T21:00:04.585792Z DEBUG gtk_status_bar::tray: Tray item property is unavailable property="IconPixmap" error=org.freedesktop.DBus.Error.InvalidArgs: No such property “IconPixmap”
2026-07-12T21:00:04+00:00 machine gtk-status-bar[2532]: 2026-07-12T21:00:04.586507Z DEBUG gtk_status_bar::tray: Tray item property is unavailable property="IconThemePath" error=org.freedesktop.DBus.Error.InvalidArgs: No such property “IconThemePath”
2026-07-12T21:00:04+00:00 machine gtk-status-bar[2532]: 2026-07-12T21:00:04.614168Z DEBUG gtk_status_bar::tray: Tray item property is unavailable property="IconPixmap" error=org.freedesktop.DBus.Error.InvalidArgs: No such property “IconPixmap”
2026-07-12T21:00:04+00:00 machine gtk-status-bar[2532]: 2026-07-12T21:00:04.615165Z DEBUG gtk_status_bar::tray: Tray item property is unavailable property="IconThemePath" error=org.freedesktop.DBus.Error.InvalidArgs: No such property “IconThemePath”
2026-07-12T21:00:04+00:00 machine gtk-status-bar[2532]: 2026-07-12T21:00:04.624867Z DEBUG gtk_status_bar::tray: Tray item property is unavailable property="IconPixmap" error=org.freedesktop.DBus.Error.InvalidArgs: No such property “IconPixmap”
2026-07-12T21:00:04+00:00 machine gtk-status-bar[2532]: 2026-07-12T21:00:04.629753Z DEBUG gtk_status_bar::tray: Tray item property is unavailable property="IconThemePath" error=org.freedesktop.DBus.Error.InvalidArgs: No such property “IconThemePath”
2026-07-12T21:00:04+00:00 machine gtk-status-bar[2532]: 2026-07-12T21:00:04.638465Z DEBUG gtk_status_bar::tray: Tray item property is unavailable property="IconPixmap" error=org.freedesktop.DBus.Error.InvalidArgs: No such property “IconPixmap”
2026-07-12T21:00:04+00:00 machine gtk-status-bar[2532]: 2026-07-12T21:00:04.639680Z DEBUG gtk_status_bar::tray: Tray item property is unavailable property="IconThemePath" error=org.freedesktop.DBus.Error.InvalidArgs: No such property “IconThemePath”
2026-07-12T21:00:04+00:00 machine gtk-status-bar[2532]: 2026-07-12T21:00:04.649623Z DEBUG gtk_status_bar::tray: Tray item property is unavailable property="IconPixmap" error=org.freedesktop.DBus.Error.InvalidArgs: No such property “IconPixmap”
2026-07-12T21:00:04+00:00 machine gtk-status-bar[2532]: 2026-07-12T21:00:04.650637Z DEBUG gtk_status_bar::tray: Tray item property is unavailable property="IconThemePath" error=org.freedesktop.DBus.Error.InvalidArgs: No such property “IconThemePath”
2026-07-12T21:00:04+00:00 machine gtk-status-bar[2532]: 2026-07-12T21:00:04.653156Z DEBUG gtk_status_bar::tray: Tray item property is unavailable property="IconPixmap" error=org.freedesktop.DBus.Error.InvalidArgs: No such property “IconPixmap”
2026-07-12T21:00:04+00:00 machine gtk-status-bar[2532]: 2026-07-12T21:00:04.654018Z DEBUG gtk_status_bar::tray: Tray item property is unavailable property="IconThemePath" error=org.freedesktop.DBus.Error.InvalidArgs: No such property “IconThemePath”
2026-07-12T21:00:05+00:00 machine gtk-status-bar[2532]: 2026-07-12T21:00:05.264362Z DEBUG gtk_status_bar::tray: Tray item property is unavailable property="IconPixmap" error=org.freedesktop.DBus.Error.InvalidArgs: No such property “IconPixmap”
2026-07-12T21:00:05+00:00 machine gtk-status-bar[2532]: 2026-07-12T21:00:05.266776Z DEBUG gtk_status_bar::tray: Tray item property is unavailable property="IconThemePath" error=org.freedesktop.DBus.Error.InvalidArgs: No such property “IconThemePath”
2026-07-12T21:00:05+00:00 machine gtk-status-bar[2532]: 2026-07-12T21:00:05.343387Z DEBUG gtk_status_bar::dbus: Got an event in event stream: Msg { type: Signal, serial: 18, sender: UniqueName(":1.55"), path: ObjectPath("/"), iface: InterfaceName("org.freedesktop.DBus.ObjectManager"), member: MemberName("InterfacesAdded"), body: Structure(Dynamic { fields: [ObjectPath, Dict { key: Dynamic { child: Str }, value: Dynamic { child: Dict { key: Dynamic { child: Str }, value: Dynamic { child: Variant } } } }] }), fds: [] }
2026-07-12T21:00:05+00:00 machine gtk-status-bar[2532]: 2026-07-12T21:00:05.343428Z DEBUG gtk_status_bar::dbus: Dbus monitor: Received D-Bus message from path: Some(ObjectPath("/")), interface: Some(InterfaceName("org.freedesktop.DBus.ObjectManager")), member: Some(MemberName("InterfacesAdded"))
2026-07-12T21:00:05+00:00 machine gtk-status-bar[2532]: 2026-07-12T21:00:05.343452Z  INFO gtk_status_bar::dbus: Dbus monitor: Received signal
2026-07-12T21:00:05+00:00 machine gtk-status-bar[2532]: 2026-07-12T21:00:05.343472Z  INFO gtk_status_bar::dbus: Dbus monitor: Received InterfacesAdded signal from ObjectManager
2026-07-12T21:00:05+00:00 machine gtk-status-bar[2532]: 2026-07-12T21:00:05.343533Z DEBUG gtk_status_bar::dbus: Available interfaces in InterfacesAdded: [Str("org.bluez.Adapter1")]
2026-07-12T21:00:05+00:00 machine gtk-status-bar[2532]: 2026-07-12T21:00:05.343616Z DEBUG gtk_status_bar::dbus: Device1 interface not found in interfaces
2026-07-12T21:00:05+00:00 machine gtk-status-bar[2532]: 2026-07-12T21:00:05.343638Z DEBUG gtk_status_bar::dbus: Not a device with org.bluez.Battery1 interface
2026-07-12T21:00:05+00:00 machine gtk-status-bar[2532]: 2026-07-12T21:00:05.347048Z DEBUG gtk_status_bar::dbus: Got an event in event stream: Msg { type: Signal, serial: 20, sender: UniqueName(":1.55"), path: ObjectPath("/org/bluez/hci0"), iface: InterfaceName("org.freedesktop.DBus.Properties"), member: MemberName("PropertiesChanged"), body: Structure(Dynamic { fields: [Str, Dict { key: Dynamic { child: Str }, value: Dynamic { child: Variant } }, Array(Dynamic { child: Str })] }), fds: [] }
2026-07-12T21:00:05+00:00 machine gtk-status-bar[2532]: 2026-07-12T21:00:05.347087Z DEBUG gtk_status_bar::dbus: Dbus monitor: Received D-Bus message from path: Some(ObjectPath("/org/bluez/hci0")), interface: Some(InterfaceName("org.freedesktop.DBus.Properties")), member: Some(MemberName("PropertiesChanged"))
2026-07-12T21:00:05+00:00 machine gtk-status-bar[2532]: 2026-07-12T21:00:05.347107Z  INFO gtk_status_bar::dbus: Dbus monitor: Received signal
2026-07-12T21:00:05+00:00 machine gtk-status-bar[2532]: 2026-07-12T21:00:05.347126Z  INFO gtk_status_bar::dbus: Dbus monitor: Received PropertiesChanged signal
2026-07-12T21:00:05+00:00 machine gtk-status-bar[2532]: 2026-07-12T21:00:05.347169Z DEBUG gtk_status_bar::dbus: Dbus monitor: Ignored PropertiesChanged for interface: "org.bluez.Adapter1"
2026-07-12T21:00:05+00:00 machine gtk-status-bar[2532]: 2026-07-12T21:00:05.353507Z DEBUG gtk_status_bar::tray: Tray item property is unavailable property="IconPixmap" error=org.freedesktop.DBus.Error.InvalidArgs: No such property “IconPixmap”
2026-07-12T21:00:05+00:00 machine gtk-status-bar[2532]: 2026-07-12T21:00:05.354253Z DEBUG gtk_status_bar::tray: Tray item property is unavailable property="IconThemePath" error=org.freedesktop.DBus.Error.InvalidArgs: No such property “IconThemePath”
2026-07-12T21:00:05+00:00 machine gtk-status-bar[2532]: 2026-07-12T21:00:05.398767Z DEBUG gtk_status_bar::tray: Tray item property is unavailable property="IconPixmap" error=org.freedesktop.DBus.Error.InvalidArgs: No such property “IconPixmap”
2026-07-12T21:00:05+00:00 machine gtk-status-bar[2532]: 2026-07-12T21:00:05.400153Z DEBUG gtk_status_bar::tray: Tray item property is unavailable property="IconThemePath" error=org.freedesktop.DBus.Error.InvalidArgs: No such property “IconThemePath”
2026-07-12T21:00:05+00:00 machine gtk-status-bar[2532]: 2026-07-12T21:00:05.403267Z DEBUG gtk_status_bar::tray: Tray item property is unavailable property="IconPixmap" error=org.freedesktop.DBus.Error.InvalidArgs: No such property “IconPixmap”
2026-07-12T21:00:05+00:00 machine gtk-status-bar[2532]: 2026-07-12T21:00:05.407185Z DEBUG gtk_status_bar::tray: Tray item property is unavailable property="IconThemePath" error=org.freedesktop.DBus.Error.InvalidArgs: No such property “IconThemePath”
2026-07-12T21:00:05+00:00 machine gtk-status-bar[2532]: 2026-07-12T21:00:05.447635Z DEBUG gtk_status_bar::dbus: Got an event in event stream: Msg { type: Signal, serial: 27, sender: UniqueName(":1.55"), path: ObjectPath("/"), iface: InterfaceName("org.freedesktop.DBus.ObjectManager"), member: MemberName("InterfacesAdded"), body: Structure(Dynamic { fields: [ObjectPath, Dict { key: Dynamic { child: Str }, value: Dynamic { child: Dict { key: Dynamic { child: Str }, value: Dynamic { child: Variant } } } }] }), fds: [] }
2026-07-12T21:00:05+00:00 machine gtk-status-bar[2532]: 2026-07-12T21:00:05.447671Z DEBUG gtk_status_bar::dbus: Dbus monitor: Received D-Bus message from path: Some(ObjectPath("/")), interface: Some(InterfaceName("org.freedesktop.DBus.ObjectManager")), member: Some(MemberName("InterfacesAdded"))
2026-07-12T21:00:05+00:00 machine gtk-status-bar[2532]: 2026-07-12T21:00:05.447688Z  INFO gtk_status_bar::dbus: Dbus monitor: Received signal
2026-07-12T21:00:05+00:00 machine gtk-status-bar[2532]: 2026-07-12T21:00:05.447703Z  INFO gtk_status_bar::dbus: Dbus monitor: Received InterfacesAdded signal from ObjectManager
2026-07-12T21:00:05+00:00 machine gtk-status-bar[2532]: 2026-07-12T21:00:05.447751Z DEBUG gtk_status_bar::dbus: Available interfaces in InterfacesAdded: [Str("org.bluez.Device1")]
2026-07-12T21:00:05+00:00 machine gtk-status-bar[2532]: 2026-07-12T21:00:05.447784Z DEBUG gtk_status_bar::dbus: Found Device1 interface properties: Dict { map: {Str("Adapter"): Value(ObjectPath(ObjectPath("/org/bluez/hci0"))), Str("Address"): Value(Str("AA:BB:CC:DD:EE:09")), Str("AddressType"): Value(Str("public")), Str("AdvertisingData"): Value(Array(Array { elements: [], signature: Array(Dynamic { child: Dict { key: Dynamic { child: U8 }, value: Dynamic { child: Variant } } }) })), Str("AdvertisingFlags"): Value(Array(Array { elements: [], signature: Array(Dynamic { child: Array(Dynamic { child: U8 }) }) })), Str("Alias"): Value(Str("Recovery Buds")), Str("Appearance"): Value(U16(0)), Str("Blocked"): Value(Bool(false)), Str("Class"): Value(U32(5898764)), Str("Connected"): Value(Bool(false)), Str("Icon"): Value(Str("phone")), Str("LegacyPairing"): Value(Bool(false)), Str("ManufacturerData"): Value(Array(Array { elements: [], signature: Array(Dynamic { child: Dict { key: Dynamic { child: U16 }, value: Dynamic { child: Variant } } }) })), Str("Modalias"): Value(Str("bluetooth:v000Fp1200d1436")), Str("Name"): Value(Str("Recovery Buds")), Str("Paired"): Value(Bool(false)), Str("RSSI"): Value(I16(-79)), Str("ServiceData"): Value(Array(Array { elements: [], signature: Array(Dynamic { child: Dict { key: Dynamic { child: Str }, value: Dynamic { child: Variant } } }) })), Str("ServicesResolved"): Value(Bool(false)), Str("Trusted"): Value(Bool(false)), Str("TxPower"): Value(I16(0)), Str("UUIDs"): Value(Array(Array { elements: [], signature: Array(Dynamic { child: Str }) })), Str("WakeAllowed"): Value(Bool(false))}, signature: Dict { key: Dynamic { child: Str }, value: Dynamic { child: Variant } } }
2026-07-12T21:00:05+00:00 machine gtk-status-bar[2532]: 2026-07-12T21:00:05.447812Z DEBUG gtk_status_bar::dbus: Found Bluetooth device name: Recovery Buds
2026-07-12T21:00:05+00:00 machine gtk-status-bar[2532]: 2026-07-12T21:00:05.447828Z  INFO gtk_status_bar::dbus: Created new device /org/bluez/hci0/dev_AA_BB_CC_DD_EE_09 with name: Some("Recovery Buds")
2026-07-12T21:00:05+00:00 machine gtk-status-bar[2532]: 2026-07-12T21:00:05.447846Z DEBUG gtk_status_bar::dbus: Not a device with org.bluez.Battery1 interface
2026-07-12T21:00:05+00:00 machine gtk-status-bar[2532]: 2026-07-12T21:00:05.450448Z DEBUG gtk_status_bar::widgets: Updating Bluetooth battery label:
2026-07-12T21:00:05+00:00 machine gtk-status-bar[2532]: 2026-07-12T21:00:05.450469Z DEBUG gtk_status_bar::widgets: 🙈 HIDING Bluetooth widget - no devices
2026-07-12T21:00:05+00:00 machine gtk-status-bar[2871]: 2026-07-12T21:00:05.826781Z  INFO gtk_status_bar: Starting GTK status bar application
2026-07-12T21:00:05+00:00 machine gtk-status-bar[2871]: 2026-07-12T21:00:05.828880Z  INFO gtk_status_bar: Running GTK application
2026-07-12T21:00:07+00:00 machine gtk-status-bar[2871]: 2026-07-12T21:00:07.415987Z  INFO gtk_status_bar: Activating GTK application
2026-07-12T21:00:07+00:00 machine gtk-status-bar[2871]: 2026-07-12T21:00:07.416643Z DEBUG gtk_status_bar::widgets: Loading CSS styles
2026-07-12T21:00:07+00:00 machine gtk-status-bar[2871]: 2026-07-12T21:00:07.416977Z  INFO gtk_status_bar::widgets: CSS styles loaded successfully
2026-07-12T21:00:07+00:00 machine gtk-status-bar[2871]: 2026-07-12T21:00:07.416994Z DEBUG gtk_status_bar::widgets: Configuring layer shell
2026-07-12T21:00:07+00:00 machine gtk-status-bar[2871]: 2026-07-12T21:00:07.431803Z  INFO gtk_status_bar::widgets: Layer shell configured successfully
2026-07-12T21:00:07+00:00 machine gtk-status-bar[2871]: 2026-07-12T21:00:07.431833Z DEBUG gtk_status_bar::widgets: Creating experimental bar
2026-07-12T21:00:07+00:00 machine gtk-status-bar[2871]: 2026-07-12T21:00:07.431948Z DEBUG gtk_status_bar::widgets: Creating left group
2026-07-12T21:00:07+00:00 machine gtk-status-bar[2871]: 2026-07-12T21:00:07.431983Z DEBUG gtk_status_bar::widgets: Creating workspace widget
2026-07-12T21:00:07+00:00 machine gtk-status-bar[2871]: 2026-07-12T21:00:07.444666Z DEBUG gtk_status_bar::widgets: Creating center group
2026-07-12T21:00:07+00:00 machine gtk-status-bar[2871]: 2026-07-12T21:00:07.444727Z DEBUG gtk_status_bar::widgets: Creating title widget
2026-07-12T21:00:07+00:00 machine gtk-status-bar[2871]: 2026-07-12T21:00:07.444780Z DEBUG gtk_status_bar::widgets: Creating right group
2026-07-12T21:00:07+00:00 machine gtk-status-bar[2871]: 2026-07-12T21:00:07.444812Z DEBUG gtk_status_bar::widgets: Creating system tray widget
2026-07-12T21:00:07+00:00 machine gtk-status-bar[2871]: 2026-07-12T21:00:07.444838Z DEBUG gtk_status_bar::widgets: Creating bluetooth widget
2026-07-12T21:00:07+00:00 machine gtk-status-bar[2871]: 2026-07-12T21:00:07.444968Z DEBUG gtk_status_bar::widgets: Creating volume widget
2026-07-12T21:00:07+00:00 machine gtk-status-bar[2871]: 2026-07-12T21:00:07.445010Z DEBUG gtk_status_bar::widgets: Creating battery widget
2026-07-12T21:00:07+00:00 machine gtk-status-bar[2871]: 2026-07-12T21:00:07.445065Z DEBUG gtk_status_bar::widgets: Creating time widget
2026-07-12T21:00:08+00:00 machine gtk-status-bar[2871]: 2026-07-12T21:00:08.003050Z DEBUG gtk_status_bar::widgets: Setting up time widget updates
2026-07-12T21:00:08+00:00 machine gtk-status-bar[2871]: 2026-07-12T21:00:08.003105Z DEBUG gtk_status_bar::widgets: Setting up system tray updates
2026-07-12T21:00:08+00:00 machine gtk-status-bar[2871]: 2026-07-12T21:00:08.003146Z DEBUG gtk_status_bar::widgets: Setting up workspace updates
2026-07-12T21:00:08+00:00 machine gtk-status-bar[2871]: 2026-07-12T21:00:08.003180Z DEBUG gtk_status_bar::widgets: Setting up title updates
2026-07-12T21:00:08+00:00 machine gtk-status-bar[2871]: 2026-07-12T21:00:08.003213Z DEBUG gtk_status_bar::widgets: Setting up battery updates
2026-07-12T21:00:08+00:00 machine gtk-status-bar[2871]: 2026-07-12T21:00:08.003246Z DEBUG gtk_status_bar::widgets: Setting up Bluetooth battery updates
2026-07-12T21:00:08+00:00 machine gtk-status-bar[2871]: 2026-07-12T21:00:08.023765Z DEBUG gtk_status_bar::widgets: Setting up volume updates with tokio async channels
2026-07-12T21:00:08+00:00 machine gtk-status-bar[2871]: 2026-07-12T21:00:08.024151Z  INFO gtk_status_bar::hypr: 🔌 Starting workspace event listener
2026-07-12T21:00:08+00:00 machine gtk-status-bar[2871]: 2026-07-12T21:00:08.024180Z DEBUG gtk_status_bar::hypr: Setting up workspace event listener
2026-07-12T21:00:08+00:00 machine gtk-status-bar[2871]: 2026-07-12T21:00:08.024345Z DEBUG gtk_status_bar::pw: 🔧 Initializing PipeWire on dedicated thread...
2026-07-12T21:00:08+00:00 machine gtk-status-bar[2871]: 2026-07-12T21:00:08.024364Z DEBUG gtk_status_bar::pw: 📋 Created device tracking HashMap for (node_name, description, volume, channel, mute)
2026-07-12T21:00:08+00:00 machine gtk-status-bar[2871]: 2026-07-12T21:00:08.027891Z  INFO gtk_status_bar::hypr: Starting workspace event listener
2026-07-12T21:00:08+00:00 machine gtk-status-bar[2871]: 2026-07-12T21:00:08.048249Z  INFO gtk_status_bar: Application activated successfully
2026-07-12T21:00:08+00:00 machine gtk-status-bar[2871]: 2026-07-12T21:00:08.048496Z  INFO gtk_status_bar::hypr: 🔌 Starting title event listener
2026-07-12T21:00:08+00:00 machine gtk-status-bar[2871]: 2026-07-12T21:00:08.048525Z DEBUG gtk_status_bar::hypr: Setting up title event listener
2026-07-12T21:00:08+00:00 machine gtk-status-bar[2871]: 2026-07-12T21:00:08.048546Z DEBUG gtk_status_bar::hypr: Fetching initial title state
2026-07-12T21:00:08+00:00 machine gtk-status-bar[2871]: 2026-07-12T21:00:08.048642Z  INFO gtk_status_bar::dbus: 🔌 Starting D-Bus monitor
2026-07-12T21:00:08+00:00 machine gtk-status-bar[2871]: 2026-07-12T21:00:08.048665Z  INFO gtk_status_bar::dbus: Starting D-Bus monitoring task
2026-07-12T21:00:08+00:00 machine gtk-status-bar[2871]: 2026-07-12T21:00:08.051292Z DEBUG gtk_status_bar::hypr: Initial title: "Close OS window"
2026-07-12T21:00:08+00:00 machine gtk-status-bar[2871]: 2026-07-12T21:00:08.051313Z  INFO gtk_status_bar::hypr: Starting title event listener
2026-07-12T21:00:08+00:00 machine gtk-status-bar[2871]: 2026-07-12T21:00:08.074061Z DEBUG gtk_status_bar::widgets: Updating workspace - label: 'Workspace i', color for workspace: 2
2026-07-12T21:00:08+00:00 machine gtk-status-bar[2871]: 2026-07-12T21:00:08.074189Z DEBUG gtk_status_bar::widgets: Updated title widget color to: rgba(125, 207, 255, 0.5) for workspace: 2
2026-07-12T21:00:08+00:00 machine gtk-status-bar[2871]: 2026-07-12T21:00:08.083639Z DEBUG gtk_status_bar::widgets: Updating title label: Close OS window
2026-07-12T21:00:08+00:00 machine gtk-status-bar[2871]: 2026-07-12T21:00:08.087888Z DEBUG gtk_status_bar::widgets: 🚀 Starting async volume update loop...
2026-07-12T21:00:08+00:00 machine gtk-status-bar[2871]: 2026-07-12T21:00:08.092747Z DEBUG gtk_status_bar::pw: ✅ PipeWire initialized
2026-07-12T21:00:08+00:00 machine gtk-status-bar[2871]: 2026-07-12T21:00:08.093366Z DEBUG gtk_status_bar::pw: ✅ ThreadLoop created
2026-07-12T21:00:08+00:00 machine gtk-status-bar[2871]: 2026-07-12T21:00:08.092821Z  INFO gtk_status_bar: Starting tray IPC server
2026-07-12T21:00:08+00:00 machine gtk-status-bar[2871]: 2026-07-12T21:00:08.092857Z  INFO gtk_status_bar::tray: 🔌 Starting system tray backend
2026-07-12T21:00:08+00:00 machine gtk-status-bar[2871]: 2026-07-12T21:00:08.107975Z DEBUG gtk_status_bar::dbus: 🔌 Registered battery match rule
2026-07-12T21:00:08+00:00 machine gtk-status-bar[2871]: 2026-07-12T21:00:08.109231Z  INFO gtk_status_bar::tray: Serving StatusNotifierWatcher for tray applications
2026-07-12T21:00:08+00:00 machine gtk-status-bar[2871]: 2026-07-12T21:00:08.111509Z  INFO tray_ipc: Tray IPC server is listening path=/run/user/1000/gtk-status-bar/tray.sock
2026-07-12T21:00:08+00:00 machine gtk-status-bar[2871]: 2026-07-12T21:00:08.121682Z DEBUG gtk_status_bar::dbus: 🔌 Registered bluez PropertiesChanged match rule
2026-07-12T21:00:08+00:00 machine gtk-status-bar[2871]: 2026-07-12T21:00:08.126074Z DEBUG gtk_status_bar::dbus: 🔌 Registered bluez InterfacesAdded match rule
2026-07-12T21:00:08+00:00 machine gtk-status-bar[2871]: 2026-07-12T21:00:08.130170Z DEBUG gtk_status_bar::pw: ✅ Context created
2026-07-12T21:00:08+00:00 machine gtk-status-bar[2871]: 2026-07-12T21:00:08.132385Z DEBUG gtk_status_bar::pw: ✅ Core connected
2026-07-12T21:00:08+00:00 machine gtk-status-bar[2871]: 2026-07-12T21:00:08.133885Z DEBUG gtk_status_bar::pw: ✅ Registry obtained
2026-07-12T21:00:08+00:00 machine gtk-status-bar[2871]: 2026-07-12T21:00:08.134998Z DEBUG gtk_status_bar::pw: 🎵 PipeWire ThreadLoop started - monitoring volume changes with default sink filtering
2026-07-12T21:00:08+00:00 machine gtk-status-bar[2871]: 2026-07-12T21:00:08.135755Z DEBUG gtk_status_bar::pw: ✅ ThreadLoop started successfully
2026-07-12T21:00:08+00:00 machine gtk-status-bar[2871]: 2026-07-12T21:00:08.136772Z DEBUG gtk_status_bar::pw: 🔄 PipeWire thread running - async event delivery active...
2026-07-12T21:00:08+00:00 machine gtk-status-bar[2871]: 2026-07-12T21:00:08.137340Z DEBUG gtk_status_bar::pw: 📡 PipeWire connected: pipewire-0
2026-07-12T21:00:08+00:00 machine gtk-status-bar[2871]: 2026-07-12T21:00:08.137775Z DEBUG gtk_status_bar::pw: 🚫 Skipping metadata '' (props: Some(DictRef { flags: Flags(0x0), entries: {"object.serial": "0", "core.name": "pipewire-0"} }))
2026-07-12T21:00:08+00:00 machine gtk-status-bar[2871]: 2026-07-12T21:00:08.137801Z DEBUG gtk_status_bar::pw: 🚫 Skipping metadata '' (props: Some(DictRef { flags: Flags(0x0), entries: {"object.serial": "1", "module.name": "libpipewire-module-rt"} }))
2026-07-12T21:00:08+00:00 machine gtk-status-bar[2871]: 2026-07-12T21:00:08.137822Z DEBUG gtk_status_bar::pw: 🚫 Skipping metadata '' (props: Some(DictRef { flags: Flags(0x0), entries: {"object.serial": "3"} }))
2026-07-12T21:00:08+00:00 machine gtk-status-bar[2871]: 2026-07-12T21:00:08.137843Z DEBUG gtk_status_bar::pw: 🚫 Skipping metadata '' (props: Some(DictRef { flags: Flags(0x0), entries: {"object.serial": "2", "module.name": "libpipewire-module-protocol-native"} }))
2026-07-12T21:00:08+00:00 machine gtk-status-bar[2871]: 2026-07-12T21:00:08.137864Z DEBUG gtk_status_bar::pw: 🚫 Skipping metadata '' (props: Some(DictRef { flags: Flags(0x0), entries: {"object.serial": "5"} }))
2026-07-12T21:00:08+00:00 machine gtk-status-bar[2871]: 2026-07-12T21:00:08.137886Z DEBUG gtk_status_bar::pw: 🚫 Skipping metadata '' (props: Some(DictRef { flags: Flags(0x0), entries: {"object.serial": "4", "module.name": "libpipewire-module-profiler"} }))
2026-07-12T21:00:08+00:00 machine gtk-status-bar[2871]: 2026-07-12T21:00:08.137906Z DEBUG gtk_status_bar::pw: 🚫 Skipping metadata '' (props: Some(DictRef { flags: Flags(0x0), entries: {"object.serial": "6", "module.name": "libpipewire-module-metadata"} }))
2026-07-12T21:00:08+00:00 machine gtk-status-bar[2871]: 2026-07-12T21:00:08.137927Z DEBUG gtk_status_bar::pw: 🚫 Skipping metadata '' (props: Some(DictRef { flags: Flags(0x0), entries: {"object.serial": "7", "module.id": "6", "factory.name": "metadata", "factory.type.name": "PipeWire:Interface:Metadata", "factory.type.version": "3"} }))
2026-07-12T21:00:08+00:00 machine gtk-status-bar[2871]: 2026-07-12T21:00:08.137950Z DEBUG gtk_status_bar::pw: 🚫 Skipping metadata '' (props: Some(DictRef { flags: Flags(0x0), entries: {"object.serial": "8", "module.name": "libpipewire-module-spa-device-factory"} }))
2026-07-12T21:00:08+00:00 machine gtk-status-bar[2871]: 2026-07-12T21:00:08.137972Z DEBUG gtk_status_bar::pw: 🚫 Skipping metadata '' (props: Some(DictRef { flags: Flags(0x0), entries: {"object.serial": "9", "module.id": "8", "factory.name": "spa-device-factory", "factory.type.name": "PipeWire:Interface:Device", "factory.type.version": "3"} }))
2026-07-12T21:00:08+00:00 machine gtk-status-bar[2871]: 2026-07-12T21:00:08.137993Z DEBUG gtk_status_bar::pw: 🚫 Skipping metadata '' (props: Some(DictRef { flags: Flags(0x0), entries: {"object.serial": "10", "module.name": "libpipewire-module-spa-node-factory"} }))
2026-07-12T21:00:08+00:00 machine gtk-status-bar[2871]: 2026-07-12T21:00:08.138011Z DEBUG gtk_status_bar::pw: 🚫 Skipping metadata '' (props: Some(DictRef { flags: Flags(0x0), entries: {"object.serial": "11", "module.id": "10", "factory.name": "spa-node-factory", "factory.type.name": "PipeWire:Interface:Node", "factory.type.version": "3"} }))
2026-07-12T21:00:08+00:00 machine gtk-status-bar[2871]: 2026-07-12T21:00:08.138036Z DEBUG gtk_status_bar::pw: 🚫 Skipping metadata '' (props: Some(DictRef { flags: Flags(0x0), entries: {"object.serial": "12", "module.name": "libpipewire-module-client-node"} }))
2026-07-12T21:00:08+00:00 machine gtk-status-bar[2871]: 2026-07-12T21:00:08.138054Z DEBUG gtk_status_bar::pw: 🚫 Skipping metadata '' (props: Some(DictRef { flags: Flags(0x0), entries: {"object.serial": "13", "module.id": "12", "factory.name": "client-node", "factory.type.name": "PipeWire:Interface:ClientNode", "factory.type.version": "6"} }))
2026-07-12T21:00:08+00:00 machine gtk-status-bar[2871]: 2026-07-12T21:00:08.138071Z DEBUG gtk_status_bar::pw: 🚫 Skipping metadata '' (props: Some(DictRef { flags: Flags(0x0), entries: {"object.serial": "14", "module.name": "libpipewire-module-client-device"} }))
2026-07-12T21:00:08+00:00 machine gtk-status-bar[2871]: 2026-07-12T21:00:08.138088Z DEBUG gtk_status_bar::pw: 🚫 Skipping metadata '' (props: Some(DictRef { flags: Flags(0x0), entries: {"object.serial": "15", "module.id": "14", "factory.name": "client-device", "factory.type.name": "Spa:Pointer:Interface:Device", "factory.type.version": "0"} }))
2026-07-12T21:00:08+00:00 machine gtk-status-bar[2871]: 2026-07-12T21:00:08.138106Z DEBUG gtk_status_bar::pw: 🚫 Skipping metadata '' (props: Some(DictRef { flags: Flags(0x0), entries: {"object.serial": "16", "module.name": "libpipewire-module-portal"} }))
2026-07-12T21:00:08+00:00 machine gtk-status-bar[2871]: 2026-07-12T21:00:08.138122Z DEBUG gtk_status_bar::pw: 🚫 Skipping metadata '' (props: Some(DictRef { flags: Flags(0x0), entries: {"object.serial": "17", "module.name": "libpipewire-module-access"} }))
2026-07-12T21:00:08+00:00 machine gtk-status-bar[2871]: 2026-07-12T21:00:08.138139Z DEBUG gtk_status_bar::pw: 🚫 Skipping metadata '' (props: Some(DictRef { flags: Flags(0x0), entries: {"object.serial": "18", "module.name": "libpipewire-module-adapter"} }))
2026-07-12T21:00:08+00:00 machine gtk-status-bar[2871]: 2026-07-12T21:00:08.138156Z DEBUG gtk_status_bar::pw: 🚫 Skipping metadata '' (props: Some(DictRef { flags: Flags(0x0), entries: {"object.serial": "19", "module.id": "18", "factory.name": "adapter", "factory.type.name": "PipeWire:Interface:Node", "factory.type.version": "3"} }))
2026-07-12T21:00:08+00:00 machine gtk-status-bar[2871]: 2026-07-12T21:00:08.138174Z DEBUG gtk_status_bar::pw: 🚫 Skipping metadata '' (props: Some(DictRef { flags: Flags(0x0), entries: {"object.serial": "20", "module.name": "libpipewire-module-link-factory"} }))
2026-07-12T21:00:08+00:00 machine gtk-status-bar[2871]: 2026-07-12T21:00:08.138191Z DEBUG gtk_status_bar::pw: 🚫 Skipping metadata '' (props: Some(DictRef { flags: Flags(0x0), entries: {"object.serial": "21", "module.id": "20", "factory.name": "link-factory", "factory.type.name": "PipeWire:Interface:Link", "factory.type.version": "3"} }))
2026-07-12T21:00:08+00:00 machine gtk-status-bar[2871]: 2026-07-12T21:00:08.138209Z DEBUG gtk_status_bar::pw: 🚫 Skipping metadata '' (props: Some(DictRef { flags: Flags(0x0), entries: {"object.serial": "22", "module.name": "libpipewire-module-session-manager"} }))
2026-07-12T21:00:08+00:00 machine gtk-status-bar[2871]: 2026-07-12T21:00:08.138226Z DEBUG gtk_status_bar::pw: 🚫 Skipping metadata '' (props: Some(DictRef { flags: Flags(0x0), entries: {"object.serial": "23", "module.id": "22", "factory.name": "client-endpoint", "factory.type.name": "PipeWire:Interface:ClientEndpoint", "factory.type.version": "0"} }))
2026-07-12T21:00:08+00:00 machine gtk-status-bar[2871]: 2026-07-12T21:00:08.138244Z DEBUG gtk_status_bar::pw: 🚫 Skipping metadata '' (props: Some(DictRef { flags: Flags(0x0), entries: {"object.serial": "24", "module.id": "22", "factory.name": "client-session", "factory.type.name": "PipeWire:Interface:ClientSession", "factory.type.version": "0"} }))
2026-07-12T21:00:08+00:00 machine gtk-status-bar[2871]: 2026-07-12T21:00:08.138262Z DEBUG gtk_status_bar::pw: 🚫 Skipping metadata '' (props: Some(DictRef { flags: Flags(0x0), entries: {"object.serial": "25", "module.id": "22", "factory.name": "session", "factory.type.name": "PipeWire:Interface:Session", "factory.type.version": "0"} }))
2026-07-12T21:00:08+00:00 machine gtk-status-bar[2871]: 2026-07-12T21:00:08.138280Z DEBUG gtk_status_bar::pw: 🚫 Skipping metadata '' (props: Some(DictRef { flags: Flags(0x0), entries: {"object.serial": "26", "module.id": "22", "factory.name": "endpoint", "factory.type.name": "PipeWire:Interface:Endpoint", "factory.type.version": "0"} }))
2026-07-12T21:00:08+00:00 machine gtk-status-bar[2871]: 2026-07-12T21:00:08.138297Z DEBUG gtk_status_bar::pw: 🚫 Skipping metadata '' (props: Some(DictRef { flags: Flags(0x0), entries: {"object.serial": "27", "module.id": "22", "factory.name": "endpoint-stream", "factory.type.name": "PipeWire:Interface:EndpointStream", "factory.type.version": "0"} }))
2026-07-12T21:00:08+00:00 machine gtk-status-bar[2871]: 2026-07-12T21:00:08.138315Z DEBUG gtk_status_bar::pw: 🚫 Skipping metadata '' (props: Some(DictRef { flags: Flags(0x0), entries: {"object.serial": "28", "module.id": "22", "factory.name": "endpoint-link", "factory.type.name": "PipeWire:Interface:EndpointLink", "factory.type.version": "0"} }))
2026-07-12T21:00:08+00:00 machine gtk-status-bar[2871]: 2026-07-12T21:00:08.138331Z DEBUG gtk_status_bar::pw: 🚫 Skipping metadata '' (props: Some(DictRef { flags: Flags(0x0), entries: {"object.serial": "29", "module.name": "libpipewire-module-x11-bell"} }))
2026-07-12T21:00:08+00:00 machine gtk-status-bar[2871]: 2026-07-12T21:00:08.138348Z DEBUG gtk_status_bar::pw: 🚫 Skipping metadata '' (props: Some(DictRef { flags: Flags(0x0), entries: {"object.serial": "30", "module.name": "libpipewire-module-jackdbus-detect"} }))
2026-07-12T21:00:08+00:00 machine gtk-status-bar[2871]: 2026-07-12T21:00:08.138365Z DEBUG gtk_status_bar::pw: 🚫 Skipping metadata '' (props: Some(DictRef { flags: Flags(0x0), entries: {"object.serial": "31", "factory.id": "11", "priority.driver": "200000", "node.name": "Dummy-Driver"} }))
2026-07-12T21:00:08+00:00 machine gtk-status-bar[2871]: 2026-07-12T21:00:08.138382Z DEBUG gtk_status_bar::pw: 🔍 Checking node - media.class: None
2026-07-12T21:00:08+00:00 machine gtk-status-bar[2871]: 2026-07-12T21:00:08.138397Z DEBUG gtk_status_bar::pw: 🔍 Node filter result: false for media.class: None
2026-07-12T21:00:08+00:00 machine gtk-status-bar[2871]: 2026-07-12T21:00:08.138412Z DEBUG gtk_status_bar::pw: 🚫 Skipping metadata '' (props: Some(DictRef { flags: Flags(0x0), entries: {"object.serial": "32", "factory.id": "11", "priority.driver": "190000", "node.name": "Freewheel-Driver"} }))
2026-07-12T21:00:08+00:00 machine gtk-status-bar[2871]: 2026-07-12T21:00:08.138428Z DEBUG gtk_status_bar::pw: 🔍 Checking node - media.class: None
2026-07-12T21:00:08+00:00 machine gtk-status-bar[2871]: 2026-07-12T21:00:08.138442Z DEBUG gtk_status_bar::pw: 🔍 Node filter result: false for media.class: None
2026-07-12T21:00:08+00:00 machine gtk-status-bar[2871]: 2026-07-12T21:00:08.138457Z DEBUG gtk_status_bar::pw: 🚫 Skipping metadata 'settings' (props: Some(DictRef { flags: Flags(0x0), entries: {"object.serial": "33", "metadata.name": "settings"} }))
2026-07-12T21:00:08+00:00 machine gtk-status-bar[2871]: 2026-07-12T21:00:08.138474Z DEBUG gtk_status_bar::pw: 🚫 Skipping metadata '' (props: Some(DictRef { flags: Flags(0x0), entries: {"object.serial": "34", "module.id": "2", "pipewire.protocol": "protocol-native", "pipewire.sec.pid": "1262", "pipewire.sec.uid": "1000", "pipewire.sec.gid": "100", "pipewire.sec.socket": "pipewire-0", "application.name": ".xdg-desktop-portal-wrapped", "pipewire.access": "unrestricted"} }))
2026-07-12T21:00:08+00:00 machine gtk-status-bar[2871]: 2026-07-12T21:00:08.138493Z DEBUG gtk_status_bar::pw: 🚫 Skipping metadata '' (props: Some(DictRef { flags: Flags(0x0), entries: {"object.serial": "35", "module.id": "2", "pipewire.protocol": "protocol-native", "pipewire.sec.pid": "1325", "pipewire.sec.uid": "1000", "pipewire.sec.gid": "100", "pipewire.sec.socket": "pipewire-0-manager", "application.name": "WirePlumber", "pipewire.access": "unrestricted"} }))
2026-07-12T21:00:08+00:00 machine gtk-status-bar[2871]: 2026-07-12T21:00:08.138510Z DEBUG gtk_status_bar::pw: 🚫 Skipping metadata 'schema-sm-settings' (props: Some(DictRef { flags: Flags(0x0), entries: {"metadata.name": "schema-sm-settings", "factory.id": "7", "module.id": "6", "client.id": "35", "object.serial": "36"} }))
2026-07-12T21:00:08+00:00 machine gtk-status-bar[2871]: 2026-07-12T21:00:08.138527Z DEBUG gtk_status_bar::pw: 🚫 Skipping metadata 'persistent-sm-settings' (props: Some(DictRef { flags: Flags(0x0), entries: {"metadata.name": "persistent-sm-settings", "factory.id": "7", "module.id": "6", "client.id": "35", "object.serial": "37"} }))
2026-07-12T21:00:08+00:00 machine gtk-status-bar[2871]: 2026-07-12T21:00:08.138544Z DEBUG gtk_status_bar::pw: 🚫 Skipping metadata 'sm-settings' (props: Some(DictRef { flags: Flags(0x0), entries: {"metadata.name": "sm-settings", "factory.id": "7", "module.id": "6", "client.id": "35", "object.serial": "38"} }))
2026-07-12T21:00:08+00:00 machine gtk-status-bar[2871]: 2026-07-12T21:00:08.138608Z DEBUG gtk_status_bar::pw: 🚫 Skipping metadata 'sm-objects' (props: Some(DictRef { flags: Flags(0x0), entries: {"metadata.name": "sm-objects", "factory.id": "7", "module.id": "6", "client.id": "35", "object.serial": "39"} }))
2026-07-12T21:00:08+00:00 machine gtk-status-bar[2871]: 2026-07-12T21:00:08.138626Z DEBUG gtk_status_bar::pw: 🚫 Skipping metadata 'default-profile' (props: Some(DictRef { flags: Flags(0x0), entries: {"wireplumber.state": "true", "metadata.name": "default-profile", "factory.id": "7", "module.id": "6", "client.id": "35", "object.serial": "40"} }))
2026-07-12T21:00:08+00:00 machine gtk-status-bar[2871]: 2026-07-12T21:00:08.138644Z DEBUG gtk_status_bar::pw: ✅ Processing metadata.name == default
2026-07-12T21:00:08+00:00 machine gtk-status-bar[2871]: 2026-07-12T21:00:08.138658Z DEBUG gtk_status_bar::pw: 📋 Found metadata object: Some(DictRef { flags: Flags(0x0), entries: {"metadata.name": "default", "factory.id": "7", "module.id": "6", "client.id": "35", "object.serial": "42"} })
2026-07-12T21:00:08+00:00 machine gtk-status-bar[2871]: 2026-07-12T21:00:08.138689Z DEBUG gtk_status_bar::pw: 📋 Bound 'default' Metadata (id=3)
2026-07-12T21:00:08+00:00 machine gtk-status-bar[2871]: 2026-07-12T21:00:08.138714Z DEBUG gtk_status_bar::pw: 🚫 Skipping metadata 'filters' (props: Some(DictRef { flags: Flags(0x0), entries: {"metadata.name": "filters", "factory.id": "7", "module.id": "6", "client.id": "35", "object.serial": "43"} }))
2026-07-12T21:00:08+00:00 machine gtk-status-bar[2871]: 2026-07-12T21:00:08.138732Z DEBUG gtk_status_bar::pw: 🚫 Skipping metadata '' (props: Some(DictRef { flags: Flags(0x0), entries: {"object.serial": "41", "module.id": "2", "pipewire.protocol": "protocol-native", "pipewire.sec.pid": "1335", "pipewire.sec.uid": "1000", "pipewire.sec.gid": "100", "pipewire.sec.socket": "pipewire-0", "application.name": ".xdg-desktop-portal-hyprland-wrapped", "pipewire.access": "unrestricted"} }))
2026-07-12T21:00:08+00:00 machine gtk-status-bar[2871]: 2026-07-12T21:00:08.138750Z DEBUG gtk_status_bar::pw: 🚫 Skipping metadata 'route-settings' (props: Some(DictRef { flags: Flags(0x0), entries: {"metadata.name": "route-settings", "factory.id": "7", "module.id": "6", "client.id": "35", "object.serial": "44"} }))
2026-07-12T21:00:08+00:00 machine gtk-status-bar[2871]: 2026-07-12T21:00:08.138767Z DEBUG gtk_status_bar::pw: 🚫 Skipping metadata '' (props: Some(DictRef { flags: Flags(0x0), entries: {"object.serial": "45", "module.id": "2", "pipewire.protocol": "protocol-native", "pipewire.sec.pid": "1325", "pipewire.sec.uid": "1000", "pipewire.sec.gid": "100", "pipewire.sec.socket": "pipewire-0-manager", "application.name": "WirePlumber [export]", "pipewire.access": "unrestricted"} }))
2026-07-12T21:00:08+00:00 machine gtk-status-bar[2871]: 2026-07-12T21:00:08.138785Z DEBUG gtk_status_bar::pw: 🚫 Skipping metadata '' (props: Some(DictRef { flags: Flags(0x0), entries: {"object.serial": "46", "factory.id": "11", "client.id": "45", "priority.session": "100", "priority.driver": "1", "node.name": "Midi-Bridge", "media.class": "Midi/Bridge"} }))
2026-07-12T21:00:08+00:00 machine gtk-status-bar[2871]: 2026-07-12T21:00:08.138802Z DEBUG gtk_status_bar::pw: 🔍 Checking node - media.class: Some("Midi/Bridge")
2026-07-12T21:00:08+00:00 machine gtk-status-bar[2871]: 2026-07-12T21:00:08.138817Z DEBUG gtk_status_bar::pw: 🔍 Node filter result: false for media.class: Some("Midi/Bridge")
2026-07-12T21:00:08+00:00 machine gtk-status-bar[2871]: 2026-07-12T21:00:08.138833Z DEBUG gtk_status_bar::pw: 🚫 Skipping metadata '' (props: Some(DictRef { flags: Flags(0x0), entries: {"object.serial": "47", "object.path": "alsa:seq:default:client_14:playback_0", "format.dsp": "8 bit raw midi", "node.id": "46", "port.id": "0", "port.name": "Midi Through: Port-0 (playback)", "port.direction": "in", "port.physical": "true", "port.terminal": "true", "port.alias": "Midi Through:Midi Through Port-0", "port.group": "client_14"} }))
2026-07-12T21:00:08+00:00 machine gtk-status-bar[2871]: 2026-07-12T21:00:08.138851Z DEBUG gtk_status_bar::pw: 🚫 Skipping metadata '' (props: Some(DictRef { flags: Flags(0x0), entries: {"object.serial": "48", "object.path": "alsa:seq:default:client_14:capture_0", "format.dsp": "8 bit raw midi", "node.id": "46", "port.id": "0", "port.name": "Midi Through: Port-0 (capture)", "port.direction": "out", "port.physical": "true", "port.terminal": "true", "port.alias": "Midi Through:Midi Through Port-0", "port.group": "client_14"} }))
2026-07-12T21:00:08+00:00 machine gtk-status-bar[2871]: 2026-07-12T21:00:08.138870Z DEBUG gtk_status_bar::pw: 🚫 Skipping metadata '' (props: Some(DictRef { flags: Flags(0x0), entries: {"object.serial": "49", "factory.id": "14", "client.id": "45", "node.description": "BLE MIDI 1", "node.name": "bluez_midi.server", "media.class": "Midi/Bridge"} }))
2026-07-12T21:00:08+00:00 machine gtk-status-bar[2871]: 2026-07-12T21:00:08.138886Z DEBUG gtk_status_bar::pw: 🔍 Checking node - media.class: Some("Midi/Bridge")
2026-07-12T21:00:08+00:00 machine gtk-status-bar[2871]: 2026-07-12T21:00:08.138900Z DEBUG gtk_status_bar::pw: 🔍 Node filter result: false for media.class: Some("Midi/Bridge")
2026-07-12T21:00:08+00:00 machine gtk-status-bar[2871]: 2026-07-12T21:00:08.138916Z DEBUG gtk_status_bar::pw: 🚫 Skipping metadata '' (props: Some(DictRef { flags: Flags(0x0), entries: {"object.serial": "50", "object.path": "bluez_midi.server:input_0", "format.dsp": "8 bit raw midi", "node.id": "49", "port.id": "0", "port.name": "in", "port.direction": "in", "port.physical": "true", "port.terminal": "true", "port.alias": "in", "port.group": "group.0"} }))
2026-07-12T21:00:08+00:00 machine gtk-status-bar[2871]: 2026-07-12T21:00:08.138934Z DEBUG gtk_status_bar::pw: 🚫 Skipping metadata '' (props: Some(DictRef { flags: Flags(0x0), entries: {"object.serial": "51", "object.path": "bluez_midi.server:output_0", "format.dsp": "8 bit raw midi", "node.id": "49", "port.id": "0", "port.name": "out", "port.direction": "out", "port.physical": "true", "port.terminal": "true", "port.alias": "out", "port.group": "group.0"} }))
2026-07-12T21:00:08+00:00 machine gtk-status-bar[2871]: 2026-07-12T21:00:08.138954Z DEBUG gtk_status_bar::pw: 🚫 Skipping metadata '' (props: Some(DictRef { flags: Flags(0x0), entries: {"object.serial": "53", "module.id": "2", "pipewire.protocol": "protocol-native", "pipewire.sec.pid": "1387", "pipewire.sec.uid": "1000", "pipewire.sec.gid": "100", "pipewire.sec.socket": "pipewire-0", "application.name": "pipewire", "pipewire.access": "unrestricted"} }))
2026-07-12T21:00:08+00:00 machine gtk-status-bar[2871]: 2026-07-12T21:00:08.138971Z DEBUG gtk_status_bar::pw: 🚫 Skipping metadata '' (props: Some(DictRef { flags: Flags(0x0), entries: {"object.serial": "55", "module.id": "2", "pipewire.protocol": "protocol-native", "pipewire.sec.pid": "1387", "pipewire.sec.uid": "1000", "pipewire.sec.gid": "100", "pipewire.sec.socket": "pipewire-0", "application.name": "Blueman", "pipewire.access": "unrestricted"} }))
2026-07-12T21:00:08+00:00 machine gtk-status-bar[2871]: 2026-07-12T21:00:08.138992Z DEBUG gtk_status_bar::pw: 🚫 Skipping metadata '' (props: Some(DictRef { flags: Flags(0x0), entries: {"object.serial": "86", "factory.id": "19", "client.id": "53", "node.description": "Dummy Output", "node.name": "auto_null", "media.class": "Audio/Sink"} }))
2026-07-12T21:00:08+00:00 machine gtk-status-bar[2871]: 2026-07-12T21:00:08.139009Z DEBUG gtk_status_bar::pw: 🔍 Checking node - media.class: Some("Audio/Sink")
2026-07-12T21:00:08+00:00 machine gtk-status-bar[2871]: 2026-07-12T21:00:08.139023Z DEBUG gtk_status_bar::pw: 🔍 Node filter result: true for media.class: Some("Audio/Sink")
2026-07-12T21:00:08+00:00 machine gtk-status-bar[2871]: 2026-07-12T21:00:08.139052Z DEBUG gtk_status_bar::pw: 📱 Monitoring audio node: Dummy Output (4) [node.name: auto_null]
2026-07-12T21:00:08+00:00 machine gtk-status-bar[2871]: 2026-07-12T21:00:08.139067Z DEBUG gtk_status_bar::pw: 🔗 ADDING NODE LISTENER for node.name: auto_null
2026-07-12T21:00:08+00:00 machine gtk-status-bar[2871]: 2026-07-12T21:00:08.139082Z DEBUG gtk_status_bar::pw: 📝 Added device to HashMap: 4 -> (auto_null, Dummy Output, no volume yet)
2026-07-12T21:00:08+00:00 machine gtk-status-bar[2871]: 2026-07-12T21:00:08.139096Z DEBUG gtk_status_bar::pw: 🗂️ Current device map size: 1
2026-07-12T21:00:08+00:00 machine gtk-status-bar[2871]: 2026-07-12T21:00:08.139115Z DEBUG gtk_status_bar::pw: 🚫 Skipping metadata '' (props: Some(DictRef { flags: Flags(0x0), entries: {"object.serial": "87", "object.path": "auto_null:playback_0", "format.dsp": "32 bit float mono audio", "node.id": "61", "audio.channel": "FL", "port.id": "0", "port.name": "playback_FL", "port.direction": "in", "port.alias": "Dummy Output:playback_FL", "port.group": "stream.0"} }))
2026-07-12T21:00:08+00:00 machine gtk-status-bar[2871]: 2026-07-12T21:00:08.139134Z DEBUG gtk_status_bar::pw: 🚫 Skipping metadata '' (props: Some(DictRef { flags: Flags(0x0), entries: {"object.serial": "88", "object.path": "auto_null:playback_1", "format.dsp": "32 bit float mono audio", "node.id": "61", "audio.channel": "FR", "port.id": "1", "port.name": "playback_FR", "port.direction": "in", "port.alias": "Dummy Output:playback_FR", "port.group": "stream.0"} }))
2026-07-12T21:00:08+00:00 machine gtk-status-bar[2871]: 2026-07-12T21:00:08.139153Z DEBUG gtk_status_bar::pw: 🚫 Skipping metadata '' (props: Some(DictRef { flags: Flags(0x0), entries: {"object.serial": "89", "object.path": "auto_null:monitor_0", "format.dsp": "32 bit float mono audio", "node.id": "61", "audio.channel": "FL", "port.id": "0", "port.name": "monitor_FL", "port.direction": "out", "port.monitor": "true", "port.alias": "Dummy Output:monitor_FL", "port.group": "stream.0"} }))
2026-07-12T21:00:08+00:00 machine gtk-status-bar[2871]: 2026-07-12T21:00:08.139174Z DEBUG gtk_status_bar::pw: 🚫 Skipping metadata '' (props: Some(DictRef { flags: Flags(0x0), entries: {"object.serial": "90", "object.path": "auto_null:monitor_1", "format.dsp": "32 bit float mono audio", "node.id": "61", "audio.channel": "FR", "port.id": "1", "port.name": "monitor_FR", "port.direction": "out", "port.monitor": "true", "port.alias": "Dummy Output:monitor_FR", "port.group": "stream.0"} }))
2026-07-12T21:00:08+00:00 machine gtk-status-bar[2871]: 2026-07-12T21:00:08.139192Z DEBUG gtk_status_bar::pw: 🚫 Skipping metadata '' (props: Some(DictRef { flags: Flags(0x0), entries: {"object.serial": "91", "module.id": "2", "pipewire.protocol": "protocol-native", "pipewire.sec.pid": "2871", "pipewire.sec.uid": "1000", "pipewire.sec.gid": "100", "pipewire.sec.socket": "pipewire-0", "application.name": ".gtk-status-bar-wrapped", "pipewire.access": "unrestricted"} }))
2026-07-12T21:00:08+00:00 machine gtk-status-bar[2871]: 2026-07-12T21:00:08.139499Z DEBUG gtk_status_bar::pw: 📝 metadata.property subject=0 key=Some("default.configured.audio.sink") value=Some("{ \"name\": \"Bravo\" }")
2026-07-12T21:00:08+00:00 machine gtk-status-bar[2871]: 2026-07-12T21:00:08.139517Z DEBUG gtk_status_bar::pw: 🔍 Processing metadata property: default.configured.audio.sink={ "name": "Bravo" }
2026-07-12T21:00:08+00:00 machine gtk-status-bar[2871]: 2026-07-12T21:00:08.139531Z DEBUG gtk_status_bar::pw: 🔧 Other metadata property: default.configured.audio.sink (ignored)
2026-07-12T21:00:08+00:00 machine gtk-status-bar[2871]: 2026-07-12T21:00:08.139546Z DEBUG gtk_status_bar::pw: 📝 metadata.property subject=0 key=Some("default.audio.sink") value=Some("{\"name\":\"auto_null\"}")
2026-07-12T21:00:08+00:00 machine gtk-status-bar[2871]: 2026-07-12T21:00:08.139609Z DEBUG gtk_status_bar::pw: 🔍 Processing metadata property: default.audio.sink={"name":"auto_null"}
2026-07-12T21:00:08+00:00 machine gtk-status-bar[2871]: 2026-07-12T21:00:08.139627Z  INFO gtk_status_bar::pw: 🔄 Default sink -> auto_null
2026-07-12T21:00:08+00:00 machine gtk-status-bar[2871]: 2026-07-12T21:00:08.139641Z DEBUG gtk_status_bar::pw: 🎯 SINK CHANGE: None -> auto_null (should trigger volume fetch)
2026-07-12T21:00:08+00:00 machine gtk-status-bar[2871]: 2026-07-12T21:00:08.139655Z DEBUG gtk_status_bar::pw: 🗂️ Searching device map for default sink 'auto_null'
2026-07-12T21:00:08+00:00 machine gtk-status-bar[2871]: 2026-07-12T21:00:08.139668Z DEBUG gtk_status_bar::pw: 🗂️ Current device map contents: {4: ("auto_null", "Dummy Output", None, None, None)}
2026-07-12T21:00:08+00:00 machine gtk-status-bar[2871]: 2026-07-12T21:00:08.139705Z DEBUG gtk_status_bar::pw: 🔍 Checking device 4: node_name='auto_null', description='Dummy Output' against default sink 'auto_null'
2026-07-12T21:00:08+00:00 machine gtk-status-bar[2871]: 2026-07-12T21:00:08.139721Z DEBUG gtk_status_bar::pw: 🎯 MATCH! Found device 4 with node_name 'auto_null' matching default sink
2026-07-12T21:00:08+00:00 machine gtk-status-bar[2871]: 2026-07-12T21:00:08.139738Z DEBUG gtk_status_bar::pw: 🎨 Updating GUI label to: 'Dummy Output' with cached volume data
2026-07-12T21:00:08+00:00 machine gtk-status-bar[2871]: 2026-07-12T21:00:08.139754Z DEBUG gtk_status_bar::pw: 💾 Cached volume data: Vol: None%, Ch: None%, Mute: None
2026-07-12T21:00:08+00:00 machine gtk-status-bar[2871]: 2026-07-12T21:00:08.139774Z DEBUG gtk_status_bar::pw: ✅ Sent REAL volume data to GUI: 'Dummy Output' Vol: None%, Ch: None%, Mute: None
2026-07-12T21:00:08+00:00 machine gtk-status-bar[2871]: 2026-07-12T21:00:08.139798Z DEBUG gtk_status_bar::pw: 🎛️  NODE PARAM CALLBACK: Dummy Output (4) received Props param
2026-07-12T21:00:08+00:00 machine gtk-status-bar[2871]: 2026-07-12T21:00:08.139817Z DEBUG gtk_status_bar::pw: 🔊 Node 4: Dummy Output - Vol: Some(100)% | Ch: Some(100)% | Mute: Some(false) [CACHING]
2026-07-12T21:00:08+00:00 machine gtk-status-bar[2871]: 2026-07-12T21:00:08.139832Z DEBUG gtk_status_bar::pw: 📝 Updated volume cache for device 4: Dummy Output -> Vol: Some(100)%, Ch: Some(100)%, Mute: Some(false)
2026-07-12T21:00:08+00:00 machine gtk-status-bar[2871]: 2026-07-12T21:00:08.139847Z DEBUG gtk_status_bar::pw: 🎯 Checking if device 4 is default: current_default=Some("auto_null"), node_name=auto_null, is_default=true
2026-07-12T21:00:08+00:00 machine gtk-status-bar[2871]: 2026-07-12T21:00:08.139861Z DEBUG gtk_status_bar::pw: 📤 SENDING VOLUME UPDATE to GUI for default sink (node id=4)
2026-07-12T21:00:08+00:00 machine gtk-status-bar[2871]: 2026-07-12T21:00:08.139878Z ERROR gtk_status_bar::pw: ❌ PipeWire error id:4 seq:5 res:-2: enum params id:13 (Spa:Enum:ParamId:Route) failed
2026-07-12T21:00:08+00:00 machine gtk-status-bar[2871]: 2026-07-12T21:00:08.142425Z DEBUG gtk_status_bar::widgets: 📺 Skipping GUI update - no volume data available
2026-07-12T21:00:08+00:00 machine gtk-status-bar[2871]: 2026-07-12T21:00:08.142482Z DEBUG gtk_status_bar::widgets: 📺 GTK UI updated via ASYNC: 🔊D100
2026-07-12T21:00:08+00:00 machine gtk-status-bar[2871]: 2026-07-12T21:00:08.741170Z DEBUG gtk_status_bar::widgets: Pinning bar height to font-derived line height char_height=18 multiplier=1.4 pinned=25
2026-07-12T21:00:08+00:00 machine gtk-status-bar[2871]: 2026-07-12T21:00:08.743415Z  INFO gtk_status_bar::tray: Status notifier item registered item=":1.75/StatusNotifierItem"
2026-07-12T21:00:08+00:00 machine gtk-status-bar[2871]: 2026-07-12T21:00:08.768949Z DEBUG gtk_status_bar::dbus: 🔌 Registered bluez InterfacesRemoved match rule
2026-07-12T21:00:08+00:00 machine gtk-status-bar[2871]: 2026-07-12T21:00:08.776676Z  INFO gtk_status_bar::dbus: Battery is at 55.0%
2026-07-12T21:00:08+00:00 machine gtk-status-bar[2871]: 2026-07-12T21:00:08.778725Z DEBUG gtk_status_bar::widgets: Updating battery label: 🔋 55%
2026-07-12T21:00:08+00:00 machine gtk-status-bar[2871]: 2026-07-12T21:00:08.780418Z DEBUG gtk_status_bar::widgets: 👁️  SHOWING battery widget - data: 🔋 55%
2026-07-12T21:00:08+00:00 machine gtk-status-bar[2871]: 2026-07-12T21:00:08.781003Z  INFO gtk_status_bar::dbus: Battery is discharging (state: 2)
2026-07-12T21:00:08+00:00 machine gtk-status-bar[2871]: 2026-07-12T21:00:08.786888Z  INFO gtk_status_bar::dbus: Found 3 Bluetooth objects
2026-07-12T21:00:08+00:00 machine gtk-status-bar[2871]: 2026-07-12T21:00:08.786911Z  INFO gtk_status_bar::dbus: Found Bluetooth device with battery at: /org/bluez/hci0/dev_AA_BB_CC_DD_EE_09
2026-07-12T21:00:08+00:00 machine gtk-status-bar[2871]: 2026-07-12T21:00:08.786927Z  INFO gtk_status_bar::dbus: Bluetooth device battery at 65%
2026-07-12T21:00:08+00:00 machine gtk-status-bar[2871]: 2026-07-12T21:00:08.786943Z DEBUG gtk_status_bar::dbus: Added device /org/bluez/hci0/dev_AA_BB_CC_DD_EE_09 to HashMap (has_battery: true, has_media: false)
2026-07-12T21:00:08+00:00 machine gtk-status-bar[2871]: 2026-07-12T21:00:08.786962Z DEBUG gtk_status_bar::dbus: Initial bluetooth devices: {"/org/bluez/hci0/dev_AA_BB_CC_DD_EE_09": BluetoothDevice { has_battery: true, has_media: false, battery_percentage: Some(65), device_name: Some("Recovery Buds") }}
2026-07-12T21:00:08+00:00 machine gtk-status-bar[2871]: 2026-07-12T21:00:08.786985Z  INFO gtk_status_bar::dbus: Sent initial Bluetooth display: R65
2026-07-12T21:00:08+00:00 machine gtk-status-bar[2871]: 2026-07-12T21:00:08.787000Z  INFO gtk_status_bar::dbus: Dbus monitor: Starting to listen for D-Bus messages
2026-07-12T21:00:08+00:00 machine gtk-status-bar[2871]: 2026-07-12T21:00:08.787015Z DEBUG gtk_status_bar::dbus: Got an event in event stream: Msg { type: MethodReturn, serial: 9, sender: UniqueName(":1.54"), reply-serial: 29, body: Variant, fds: [] }
2026-07-12T21:00:08+00:00 machine gtk-status-bar[2871]: 2026-07-12T21:00:08.787042Z DEBUG gtk_status_bar::dbus: Dbus monitor: Received D-Bus message from path: None, interface: None, member: None
2026-07-12T21:00:08+00:00 machine gtk-status-bar[2871]: 2026-07-12T21:00:08.787056Z ERROR gtk_status_bar::dbus: Dbus monitor: Received message with no path, ignoring
2026-07-12T21:00:08+00:00 machine gtk-status-bar[2871]: 2026-07-12T21:00:08.787071Z DEBUG gtk_status_bar::dbus: Got an event in event stream: Msg { type: MethodReturn, serial: 10, sender: UniqueName(":1.54"), reply-serial: 30, body: Variant, fds: [] }
2026-07-12T21:00:08+00:00 machine gtk-status-bar[2871]: 2026-07-12T21:00:08.787087Z DEBUG gtk_status_bar::dbus: Dbus monitor: Received D-Bus message from path: None, interface: None, member: None
2026-07-12T21:00:08+00:00 machine gtk-status-bar[2871]: 2026-07-12T21:00:08.787100Z ERROR gtk_status_bar::dbus: Dbus monitor: Received message with no path, ignoring
2026-07-12T21:00:08+00:00 machine gtk-status-bar[2871]: 2026-07-12T21:00:08.787114Z DEBUG gtk_status_bar::dbus: Got an event in event stream: Msg { type: MethodReturn, serial: 33, sender: UniqueName(":1.55"), reply-serial: 32, body: Dict { key: Dynamic { child: ObjectPath }, value: Dynamic { child: Dict { key: Dynamic { child: Str }, value: Dynamic { child: Dict { key: Dynamic { child: Str }, value: Dynamic { child: Variant } } } } } }, fds: [] }
2026-07-12T21:00:08+00:00 machine gtk-status-bar[2871]: 2026-07-12T21:00:08.787132Z DEBUG gtk_status_bar::dbus: Dbus monitor: Received D-Bus message from path: None, interface: None, member: None
2026-07-12T21:00:08+00:00 machine gtk-status-bar[2871]: 2026-07-12T21:00:08.787146Z ERROR gtk_status_bar::dbus: Dbus monitor: Received message with no path, ignoring
2026-07-12T21:00:08+00:00 machine gtk-status-bar[2871]: 2026-07-12T21:00:08.789196Z  INFO gtk_status_bar::widgets: Added system tray item item=":1.75/StatusNotifierItem"
2026-07-12T21:00:08+00:00 machine gtk-status-bar[2871]: 2026-07-12T21:00:08.789403Z DEBUG gtk_status_bar::widgets: Updating Bluetooth battery label: R65
2026-07-12T21:00:08+00:00 machine gtk-status-bar[2871]: 2026-07-12T21:00:08.789428Z DEBUG gtk_status_bar::widgets: 👁️  SHOWING Bluetooth widget - data: R65
2026-07-12T21:00:09+00:00 machine gtk-status-bar[2871]: 2026-07-12T21:00:09.224121Z  INFO gtk_status_bar::tray: Status notifier item registered item=":1.76/org/blueman/sni"
2026-07-12T21:00:09+00:00 machine gtk-status-bar[2871]: 2026-07-12T21:00:09.245320Z DEBUG gtk_status_bar::tray: Tray item property is unavailable property="IconPixmap" error=org.freedesktop.DBus.Error.InvalidArgs: No such property “IconPixmap”
2026-07-12T21:00:09+00:00 machine gtk-status-bar[2871]: 2026-07-12T21:00:09.253903Z DEBUG gtk_status_bar::tray: Tray item property is unavailable property="IconThemePath" error=org.freedesktop.DBus.Error.InvalidArgs: No such property “IconThemePath”
2026-07-12T21:00:09+00:00 machine gtk-status-bar[2871]: 2026-07-12T21:00:09.268705Z  INFO gtk_status_bar::widgets: Added system tray item item=":1.76/org/blueman/sni"
2026-07-12T21:00:12+00:00 machine gtk-status-bar[2871]: 2026-07-12T21:00:12.398405Z DEBUG gtk_status_bar::tray: Tray item property is unavailable property="IconPixmap" error=org.freedesktop.DBus.Error.InvalidArgs: No such property “IconPixmap”
2026-07-12T21:00:12+00:00 machine gtk-status-bar[2871]: 2026-07-12T21:00:12.400866Z DEBUG gtk_status_bar::tray: Tray item property is unavailable property="IconThemePath" error=org.freedesktop.DBus.Error.InvalidArgs: No such property “IconThemePath”
2026-07-12T21:00:12+00:00 machine gtk-status-bar[2871]: 2026-07-12T21:00:12.404773Z DEBUG gtk_status_bar::tray: Tray item property is unavailable property="IconPixmap" error=org.freedesktop.DBus.Error.InvalidArgs: No such property “IconPixmap”
2026-07-12T21:00:12+00:00 machine gtk-status-bar[2871]: 2026-07-12T21:00:12.405743Z DEBUG gtk_status_bar::tray: Tray item property is unavailable property="IconThemePath" error=org.freedesktop.DBus.Error.InvalidArgs: No such property “IconThemePath”
2026-07-12T21:00:12+00:00 machine gtk-status-bar[2871]: 2026-07-12T21:00:12.410133Z DEBUG gtk_status_bar::tray: Tray item property is unavailable property="IconPixmap" error=org.freedesktop.DBus.Error.InvalidArgs: No such property “IconPixmap”
2026-07-12T21:00:12+00:00 machine gtk-status-bar[2871]: 2026-07-12T21:00:12.410953Z DEBUG gtk_status_bar::tray: Tray item property is unavailable property="IconThemePath" error=org.freedesktop.DBus.Error.InvalidArgs: No such property “IconThemePath”
2026-07-12T21:00:12+00:00 machine gtk-status-bar[2871]: 2026-07-12T21:00:12.461722Z DEBUG gtk_status_bar::tray: Tray item property is unavailable property="IconPixmap" error=org.freedesktop.DBus.Error.InvalidArgs: No such property “IconPixmap”
2026-07-12T21:00:12+00:00 machine gtk-status-bar[2871]: 2026-07-12T21:00:12.472301Z DEBUG gtk_status_bar::tray: Tray item property is unavailable property="IconThemePath" error=org.freedesktop.DBus.Error.InvalidArgs: No such property “IconThemePath”
2026-07-12T21:00:12+00:00 machine gtk-status-bar[2871]: 2026-07-12T21:00:12.483862Z DEBUG gtk_status_bar::tray: Tray item property is unavailable property="IconPixmap" error=org.freedesktop.DBus.Error.InvalidArgs: No such property “IconPixmap”
2026-07-12T21:00:12+00:00 machine gtk-status-bar[2871]: 2026-07-12T21:00:12.489484Z DEBUG gtk_status_bar::tray: Tray item property is unavailable property="IconThemePath" error=org.freedesktop.DBus.Error.InvalidArgs: No such property “IconThemePath”
2026-07-12T21:00:12+00:00 machine gtk-status-bar[2871]: 2026-07-12T21:00:12.496707Z DEBUG gtk_status_bar::tray: Tray item property is unavailable property="IconPixmap" error=org.freedesktop.DBus.Error.InvalidArgs: No such property “IconPixmap”
2026-07-12T21:00:12+00:00 machine gtk-status-bar[2871]: 2026-07-12T21:00:12.503079Z DEBUG gtk_status_bar::tray: Tray item property is unavailable property="IconThemePath" error=org.freedesktop.DBus.Error.InvalidArgs: No such property “IconThemePath”
2026-07-12T21:00:16+00:00 machine gtk-status-bar[2871]: 2026-07-12T21:00:16.319037Z DEBUG gtk_status_bar::tray: Tray item property is unavailable property="IconPixmap" error=org.freedesktop.DBus.Error.InvalidArgs: No such property “IconPixmap”
2026-07-12T21:00:16+00:00 machine gtk-status-bar[2871]: 2026-07-12T21:00:16.321520Z DEBUG gtk_status_bar::tray: Tray item property is unavailable property="IconThemePath" error=org.freedesktop.DBus.Error.InvalidArgs: No such property “IconThemePath”
2026-07-12T21:00:16+00:00 machine gtk-status-bar[2871]: 2026-07-12T21:00:16.394918Z DEBUG gtk_status_bar::dbus: Got an event in event stream: Msg { type: Signal, serial: 18, sender: UniqueName(":1.60"), path: ObjectPath("/"), iface: InterfaceName("org.freedesktop.DBus.ObjectManager"), member: MemberName("InterfacesAdded"), body: Structure(Dynamic { fields: [ObjectPath, Dict { key: Dynamic { child: Str }, value: Dynamic { child: Dict { key: Dynamic { child: Str }, value: Dynamic { child: Variant } } } }] }), fds: [] }
2026-07-12T21:00:16+00:00 machine gtk-status-bar[2871]: 2026-07-12T21:00:16.394950Z DEBUG gtk_status_bar::dbus: Dbus monitor: Received D-Bus message from path: Some(ObjectPath("/")), interface: Some(InterfaceName("org.freedesktop.DBus.ObjectManager")), member: Some(MemberName("InterfacesAdded"))
2026-07-12T21:00:16+00:00 machine gtk-status-bar[2871]: 2026-07-12T21:00:16.394968Z  INFO gtk_status_bar::dbus: Dbus monitor: Received signal
2026-07-12T21:00:16+00:00 machine gtk-status-bar[2871]: 2026-07-12T21:00:16.394983Z  INFO gtk_status_bar::dbus: Dbus monitor: Received InterfacesAdded signal from ObjectManager
2026-07-12T21:00:16+00:00 machine gtk-status-bar[2871]: 2026-07-12T21:00:16.395023Z DEBUG gtk_status_bar::dbus: Available interfaces in InterfacesAdded: [Str("org.bluez.Adapter1")]
2026-07-12T21:00:16+00:00 machine gtk-status-bar[2871]: 2026-07-12T21:00:16.395050Z DEBUG gtk_status_bar::dbus: Device1 interface not found in interfaces
2026-07-12T21:00:16+00:00 machine gtk-status-bar[2871]: 2026-07-12T21:00:16.395067Z DEBUG gtk_status_bar::dbus: Not a device with org.bluez.Battery1 interface
2026-07-12T21:00:16+00:00 machine gtk-status-bar[2871]: 2026-07-12T21:00:16.411720Z DEBUG gtk_status_bar::dbus: Got an event in event stream: Msg { type: Signal, serial: 20, sender: UniqueName(":1.60"), path: ObjectPath("/org/bluez/hci0"), iface: InterfaceName("org.freedesktop.DBus.Properties"), member: MemberName("PropertiesChanged"), body: Structure(Dynamic { fields: [Str, Dict { key: Dynamic { child: Str }, value: Dynamic { child: Variant } }, Array(Dynamic { child: Str })] }), fds: [] }
2026-07-12T21:00:16+00:00 machine gtk-status-bar[2871]: 2026-07-12T21:00:16.411790Z DEBUG gtk_status_bar::dbus: Dbus monitor: Received D-Bus message from path: Some(ObjectPath("/org/bluez/hci0")), interface: Some(InterfaceName("org.freedesktop.DBus.Properties")), member: Some(MemberName("PropertiesChanged"))
2026-07-12T21:00:16+00:00 machine gtk-status-bar[2871]: 2026-07-12T21:00:16.411812Z  INFO gtk_status_bar::dbus: Dbus monitor: Received signal
2026-07-12T21:00:16+00:00 machine gtk-status-bar[2871]: 2026-07-12T21:00:16.411832Z  INFO gtk_status_bar::dbus: Dbus monitor: Received PropertiesChanged signal
2026-07-12T21:00:16+00:00 machine gtk-status-bar[2871]: 2026-07-12T21:00:16.411870Z DEBUG gtk_status_bar::dbus: Dbus monitor: Ignored PropertiesChanged for interface: "org.bluez.Adapter1"
2026-07-12T21:00:16+00:00 machine gtk-status-bar[2871]: 2026-07-12T21:00:16.411893Z DEBUG gtk_status_bar::dbus: Got an event in event stream: Msg { type: Signal, serial: 23, sender: UniqueName(":1.60"), path: ObjectPath("/"), iface: InterfaceName("org.freedesktop.DBus.ObjectManager"), member: MemberName("InterfacesAdded"), body: Structure(Dynamic { fields: [ObjectPath, Dict { key: Dynamic { child: Str }, value: Dynamic { child: Dict { key: Dynamic { child: Str }, value: Dynamic { child: Variant } } } }] }), fds: [] }
2026-07-12T21:00:16+00:00 machine gtk-status-bar[2871]: 2026-07-12T21:00:16.411916Z DEBUG gtk_status_bar::dbus: Dbus monitor: Received D-Bus message from path: Some(ObjectPath("/")), interface: Some(InterfaceName("org.freedesktop.DBus.ObjectManager")), member: Some(MemberName("InterfacesAdded"))
2026-07-12T21:00:16+00:00 machine gtk-status-bar[2871]: 2026-07-12T21:00:16.411935Z  INFO gtk_status_bar::dbus: Dbus monitor: Received signal
2026-07-12T21:00:16+00:00 machine gtk-status-bar[2871]: 2026-07-12T21:00:16.411953Z  INFO gtk_status_bar::dbus: Dbus monitor: Received InterfacesAdded signal from ObjectManager
2026-07-12T21:00:16+00:00 machine gtk-status-bar[2871]: 2026-07-12T21:00:16.412005Z DEBUG gtk_status_bar::dbus: Available interfaces in InterfacesAdded: [Str("org.bluez.Device1")]
2026-07-12T21:00:16+00:00 machine gtk-status-bar[2871]: 2026-07-12T21:00:16.412061Z DEBUG gtk_status_bar::dbus: Found Device1 interface properties: Dict { map: {Str("Adapter"): Value(ObjectPath(ObjectPath("/org/bluez/hci0"))), Str("Address"): Value(Str("AA:BB:CC:DD:EE:10")), Str("AddressType"): Value(Str("public")), Str("AdvertisingData"): Value(Array(Array { elements: [], signature: Array(Dynamic { child: Dict { key: Dynamic { child: U8 }, value: Dynamic { child: Variant } } }) })), Str("AdvertisingFlags"): Value(Array(Array { elements: [], signature: Array(Dynamic { child: Array(Dynamic { child: U8 }) }) })), Str("Alias"): Value(Str("Post Recovery Buds")), Str("Appearance"): Value(U16(0)), Str("Blocked"): Value(Bool(false)), Str("Class"): Value(U32(5898764)), Str("Connected"): Value(Bool(false)), Str("Icon"): Value(Str("phone")), Str("LegacyPairing"): Value(Bool(false)), Str("ManufacturerData"): Value(Array(Array { elements: [], signature: Array(Dynamic { child: Dict { key: Dynamic { child: U16 }, value: Dynamic { child: Variant } } }) })), Str("Modalias"): Value(Str("bluetooth:v000Fp1200d1436")), Str("Name"): Value(Str("Post Recovery Buds")), Str("Paired"): Value(Bool(false)), Str("RSSI"): Value(I16(-79)), Str("ServiceData"): Value(Array(Array { elements: [], signature: Array(Dynamic { child: Dict { key: Dynamic { child: Str }, value: Dynamic { child: Variant } } }) })), Str("ServicesResolved"): Value(Bool(false)), Str("Trusted"): Value(Bool(false)), Str("TxPower"): Value(I16(0)), Str("UUIDs"): Value(Array(Array { elements: [], signature: Array(Dynamic { child: Str }) })), Str("WakeAllowed"): Value(Bool(false))}, signature: Dict { key: Dynamic { child: Str }, value: Dynamic { child: Variant } } }
2026-07-12T21:00:16+00:00 machine gtk-status-bar[2871]: 2026-07-12T21:00:16.412096Z DEBUG gtk_status_bar::dbus: Found Bluetooth device name: Post Recovery Buds
2026-07-12T21:00:16+00:00 machine gtk-status-bar[2871]: 2026-07-12T21:00:16.412116Z  INFO gtk_status_bar::dbus: Created new device /org/bluez/hci0/dev_AA_BB_CC_DD_EE_10 with name: Some("Post Recovery Buds")
2026-07-12T21:00:16+00:00 machine gtk-status-bar[2871]: 2026-07-12T21:00:16.412137Z DEBUG gtk_status_bar::dbus: Not a device with org.bluez.Battery1 interface
2026-07-12T21:00:16+00:00 machine gtk-status-bar[2871]: 2026-07-12T21:00:16.412502Z DEBUG gtk_status_bar::widgets: Updating Bluetooth battery label: R65
2026-07-12T21:00:16+00:00 machine gtk-status-bar[2871]: 2026-07-12T21:00:16.412532Z DEBUG gtk_status_bar::widgets: 👁️  SHOWING Bluetooth widget - data: R65
2026-07-12T21:00:16+00:00 machine gtk-status-bar[2871]: 2026-07-12T21:00:16.416908Z DEBUG gtk_status_bar::tray: Tray item property is unavailable property="IconPixmap" error=org.freedesktop.DBus.Error.InvalidArgs: No such property “IconPixmap”
2026-07-12T21:00:16+00:00 machine gtk-status-bar[2871]: 2026-07-12T21:00:16.417671Z DEBUG gtk_status_bar::tray: Tray item property is unavailable property="IconThemePath" error=org.freedesktop.DBus.Error.InvalidArgs: No such property “IconThemePath”
2026-07-12T21:00:16+00:00 machine gtk-status-bar[2871]: 2026-07-12T21:00:16.452534Z DEBUG gtk_status_bar::tray: Tray item property is unavailable property="IconPixmap" error=org.freedesktop.DBus.Error.InvalidArgs: No such property “IconPixmap”
2026-07-12T21:00:16+00:00 machine gtk-status-bar[2871]: 2026-07-12T21:00:16.453999Z DEBUG gtk_status_bar::tray: Tray item property is unavailable property="IconThemePath" error=org.freedesktop.DBus.Error.InvalidArgs: No such property “IconThemePath”
2026-07-12T21:00:16+00:00 machine gtk-status-bar[2871]: 2026-07-12T21:00:16.460605Z DEBUG gtk_status_bar::tray: Tray item property is unavailable property="IconPixmap" error=org.freedesktop.DBus.Error.InvalidArgs: No such property “IconPixmap”
2026-07-12T21:00:16+00:00 machine gtk-status-bar[2871]: 2026-07-12T21:00:16.464169Z DEBUG gtk_status_bar::tray: Tray item property is unavailable property="IconThemePath" error=org.freedesktop.DBus.Error.InvalidArgs: No such property “IconThemePath”
2026-07-12T21:00:16+00:00 machine gtk-status-bar[2871]: 2026-07-12T21:00:16.775390Z DEBUG gtk_status_bar::dbus: Got an event in event stream: Msg { type: Signal, serial: 11, sender: UniqueName(":1.61"), path: ObjectPath("/org/freedesktop/UPower/devices/battery_BAT0"), iface: InterfaceName("org.freedesktop.DBus.Properties"), member: MemberName("PropertiesChanged"), body: Structure(Dynamic { fields: [Str, Dict { key: Dynamic { child: Str }, value: Dynamic { child: Variant } }, Array(Dynamic { child: Str })] }), fds: [] }
2026-07-12T21:00:16+00:00 machine gtk-status-bar[2871]: 2026-07-12T21:00:16.775441Z DEBUG gtk_status_bar::dbus: Dbus monitor: Received D-Bus message from path: Some(ObjectPath("/org/freedesktop/UPower/devices/battery_BAT0")), interface: Some(InterfaceName("org.freedesktop.DBus.Properties")), member: Some(MemberName("PropertiesChanged"))
2026-07-12T21:00:16+00:00 machine gtk-status-bar[2871]: 2026-07-12T21:00:16.775459Z  INFO gtk_status_bar::dbus: Dbus monitor: Received signal
2026-07-12T21:00:16+00:00 machine gtk-status-bar[2871]: 2026-07-12T21:00:16.775474Z  INFO gtk_status_bar::dbus: Dbus monitor: Received PropertiesChanged signal
2026-07-12T21:00:16+00:00 machine gtk-status-bar[2871]: 2026-07-12T21:00:16.775508Z DEBUG gtk_status_bar::dbus: Battery device properties contain no State property
2026-07-12T21:00:16+00:00 machine gtk-status-bar[2871]: 2026-07-12T21:00:16.775524Z  INFO gtk_status_bar::dbus: Battery percentage changed to 33.0%
2026-07-12T21:00:16+00:00 machine gtk-status-bar[2871]: 2026-07-12T21:00:16.775599Z DEBUG gtk_status_bar::dbus: Got an event in event stream: Msg { type: Signal, serial: 12, sender: UniqueName(":1.61"), path: ObjectPath("/org/freedesktop/UPower/devices/battery_BAT0"), iface: InterfaceName("org.freedesktop.DBus.Properties"), member: MemberName("PropertiesChanged"), body: Structure(Dynamic { fields: [Str, Dict { key: Dynamic { child: Str }, value: Dynamic { child: Variant } }, Array(Dynamic { child: Str })] }), fds: [] }
2026-07-12T21:00:16+00:00 machine gtk-status-bar[2871]: 2026-07-12T21:00:16.775619Z DEBUG gtk_status_bar::dbus: Dbus monitor: Received D-Bus message from path: Some(ObjectPath("/org/freedesktop/UPower/devices/battery_BAT0")), interface: Some(InterfaceName("org.freedesktop.DBus.Properties")), member: Some(MemberName("PropertiesChanged"))
2026-07-12T21:00:16+00:00 machine gtk-status-bar[2871]: 2026-07-12T21:00:16.775634Z  INFO gtk_status_bar::dbus: Dbus monitor: Received signal
2026-07-12T21:00:16+00:00 machine gtk-status-bar[2871]: 2026-07-12T21:00:16.775649Z  INFO gtk_status_bar::dbus: Dbus monitor: Received PropertiesChanged signal
2026-07-12T21:00:16+00:00 machine gtk-status-bar[2871]: 2026-07-12T21:00:16.775673Z  INFO gtk_status_bar::dbus: Battery is discharging (state: 2)
2026-07-12T21:00:16+00:00 machine gtk-status-bar[2871]: 2026-07-12T21:00:16.775946Z DEBUG gtk_status_bar::widgets: Updating battery label: 🔋 33%
2026-07-12T21:00:16+00:00 machine gtk-status-bar[2871]: 2026-07-12T21:00:16.776075Z DEBUG gtk_status_bar::widgets: 👁️  SHOWING battery widget - data: 🔋 33%
2026-07-12T21:00:18+00:00 machine gtk-status-bar[2871]: 2026-07-12T21:00:18.930944Z  INFO gtk_status_bar::tray: Status notifier item disappeared item=":1.76/org/blueman/sni"
2026-07-12T21:00:18+00:00 machine gtk-status-bar[2871]: 2026-07-12T21:00:18.932434Z  INFO gtk_status_bar::widgets: Removed system tray item item=":1.76/org/blueman/sni"
2026-07-12T21:00:19+00:00 machine gtk-status-bar[2871]: 2026-07-12T21:00:19.814914Z  INFO gtk_status_bar::tray: Status notifier item registered item=":1.79/org/blueman/sni"
2026-07-12T21:00:19+00:00 machine gtk-status-bar[2871]: 2026-07-12T21:00:19.832497Z DEBUG gtk_status_bar::tray: Tray item property is unavailable property="IconPixmap" error=org.freedesktop.DBus.Error.InvalidArgs: No such property “IconPixmap”
2026-07-12T21:00:19+00:00 machine gtk-status-bar[2871]: 2026-07-12T21:00:19.833218Z DEBUG gtk_status_bar::tray: Tray item property is unavailable property="IconThemePath" error=org.freedesktop.DBus.Error.InvalidArgs: No such property “IconThemePath”
2026-07-12T21:00:19+00:00 machine gtk-status-bar[2871]: 2026-07-12T21:00:19.837895Z  INFO gtk_status_bar::widgets: Added system tray item item=":1.79/org/blueman/sni"
2026-07-12T21:00:23+00:00 machine gtk-status-bar[3066]: 2026-07-12T21:00:23.064444Z  INFO gtk_status_bar: Starting GTK status bar application
2026-07-12T21:00:23+00:00 machine gtk-status-bar[3066]: 2026-07-12T21:00:23.065445Z  INFO gtk_status_bar: Running GTK application
2026-07-12T21:00:24+00:00 machine gtk-status-bar[3066]: 2026-07-12T21:00:24.717944Z  INFO gtk_status_bar: Activating GTK application
2026-07-12T21:00:24+00:00 machine gtk-status-bar[3066]: 2026-07-12T21:00:24.721302Z DEBUG gtk_status_bar::widgets: Loading CSS styles
2026-07-12T21:00:24+00:00 machine gtk-status-bar[3066]: 2026-07-12T21:00:24.724303Z  INFO gtk_status_bar::widgets: CSS styles loaded successfully
2026-07-12T21:00:24+00:00 machine gtk-status-bar[3066]: 2026-07-12T21:00:24.724326Z DEBUG gtk_status_bar::widgets: Configuring layer shell
2026-07-12T21:00:24+00:00 machine gtk-status-bar[3066]: 2026-07-12T21:00:24.731838Z  INFO gtk_status_bar::widgets: Layer shell configured successfully
2026-07-12T21:00:24+00:00 machine gtk-status-bar[3066]: 2026-07-12T21:00:24.731863Z DEBUG gtk_status_bar::widgets: Creating experimental bar
2026-07-12T21:00:24+00:00 machine gtk-status-bar[3066]: 2026-07-12T21:00:24.731943Z DEBUG gtk_status_bar::widgets: Creating left group
2026-07-12T21:00:24+00:00 machine gtk-status-bar[3066]: 2026-07-12T21:00:24.731973Z DEBUG gtk_status_bar::widgets: Creating workspace widget
2026-07-12T21:00:24+00:00 machine gtk-status-bar[3066]: 2026-07-12T21:00:24.743249Z DEBUG gtk_status_bar::widgets: Creating center group
2026-07-12T21:00:24+00:00 machine gtk-status-bar[3066]: 2026-07-12T21:00:24.743285Z DEBUG gtk_status_bar::widgets: Creating title widget
2026-07-12T21:00:24+00:00 machine gtk-status-bar[3066]: 2026-07-12T21:00:24.743334Z DEBUG gtk_status_bar::widgets: Creating right group
2026-07-12T21:00:24+00:00 machine gtk-status-bar[3066]: 2026-07-12T21:00:24.743364Z DEBUG gtk_status_bar::widgets: Creating system tray widget
2026-07-12T21:00:24+00:00 machine gtk-status-bar[3066]: 2026-07-12T21:00:24.743391Z DEBUG gtk_status_bar::widgets: Creating bluetooth widget
2026-07-12T21:00:24+00:00 machine gtk-status-bar[3066]: 2026-07-12T21:00:24.743501Z DEBUG gtk_status_bar::widgets: Creating volume widget
2026-07-12T21:00:24+00:00 machine gtk-status-bar[3066]: 2026-07-12T21:00:24.743541Z DEBUG gtk_status_bar::widgets: Creating battery widget
2026-07-12T21:00:24+00:00 machine gtk-status-bar[3066]: 2026-07-12T21:00:24.743630Z DEBUG gtk_status_bar::widgets: Creating time widget
2026-07-12T21:00:25+00:00 machine gtk-status-bar[3066]: 2026-07-12T21:00:25.466263Z DEBUG gtk_status_bar::widgets: Setting up time widget updates
2026-07-12T21:00:25+00:00 machine gtk-status-bar[3066]: 2026-07-12T21:00:25.466317Z DEBUG gtk_status_bar::widgets: Setting up system tray updates
2026-07-12T21:00:25+00:00 machine gtk-status-bar[3066]: 2026-07-12T21:00:25.466361Z DEBUG gtk_status_bar::widgets: Setting up workspace updates
2026-07-12T21:00:25+00:00 machine gtk-status-bar[3066]: 2026-07-12T21:00:25.466397Z DEBUG gtk_status_bar::widgets: Setting up title updates
2026-07-12T21:00:25+00:00 machine gtk-status-bar[3066]: 2026-07-12T21:00:25.466438Z DEBUG gtk_status_bar::widgets: Setting up battery updates
2026-07-12T21:00:25+00:00 machine gtk-status-bar[3066]: 2026-07-12T21:00:25.466476Z DEBUG gtk_status_bar::widgets: Setting up Bluetooth battery updates
2026-07-12T21:00:25+00:00 machine gtk-status-bar[3066]: 2026-07-12T21:00:25.466518Z DEBUG gtk_status_bar::widgets: Setting up volume updates with tokio async channels
2026-07-12T21:00:25+00:00 machine gtk-status-bar[3066]: 2026-07-12T21:00:25.466721Z  INFO gtk_status_bar: Application activated successfully
2026-07-12T21:00:25+00:00 machine gtk-status-bar[3066]: 2026-07-12T21:00:25.467189Z DEBUG gtk_status_bar::widgets: 🚀 Starting async volume update loop...
2026-07-12T21:00:25+00:00 machine gtk-status-bar[3066]: 2026-07-12T21:00:25.468974Z  INFO gtk_status_bar::hypr: 🔌 Starting workspace event listener
2026-07-12T21:00:25+00:00 machine gtk-status-bar[3066]: 2026-07-12T21:00:25.468997Z DEBUG gtk_status_bar::hypr: Setting up workspace event listener
2026-07-12T21:00:25+00:00 machine gtk-status-bar[3066]: 2026-07-12T21:00:25.469113Z  INFO gtk_status_bar::dbus: 🔌 Starting D-Bus monitor
2026-07-12T21:00:25+00:00 machine gtk-status-bar[3066]: 2026-07-12T21:00:25.469137Z  INFO gtk_status_bar::dbus: Starting D-Bus monitoring task
2026-07-12T21:00:25+00:00 machine gtk-status-bar[3066]: 2026-07-12T21:00:25.469775Z  INFO gtk_status_bar::hypr: 🔌 Starting title event listener
2026-07-12T21:00:25+00:00 machine gtk-status-bar[3066]: 2026-07-12T21:00:25.469792Z DEBUG gtk_status_bar::hypr: Setting up title event listener
2026-07-12T21:00:25+00:00 machine gtk-status-bar[3066]: 2026-07-12T21:00:25.469806Z DEBUG gtk_status_bar::hypr: Fetching initial title state
2026-07-12T21:00:25+00:00 machine gtk-status-bar[3066]: 2026-07-12T21:00:25.469855Z  INFO gtk_status_bar::tray: 🔌 Starting system tray backend
2026-07-12T21:00:25+00:00 machine gtk-status-bar[3066]: 2026-07-12T21:00:25.469882Z  INFO gtk_status_bar: Starting tray IPC server
2026-07-12T21:00:25+00:00 machine gtk-status-bar[3066]: 2026-07-12T21:00:25.472316Z DEBUG gtk_status_bar::pw: 🔧 Initializing PipeWire on dedicated thread...
2026-07-12T21:00:25+00:00 machine gtk-status-bar[3066]: 2026-07-12T21:00:25.472344Z DEBUG gtk_status_bar::pw: 📋 Created device tracking HashMap for (node_name, description, volume, channel, mute)
2026-07-12T21:00:25+00:00 machine gtk-status-bar[3066]: 2026-07-12T21:00:25.479061Z DEBUG gtk_status_bar::widgets: Pinning bar height to font-derived line height char_height=18 multiplier=1.4 pinned=25
2026-07-12T21:00:25+00:00 machine gtk-status-bar[3066]: 2026-07-12T21:00:25.482704Z DEBUG gtk_status_bar::pw: ✅ PipeWire initialized
2026-07-12T21:00:25+00:00 machine gtk-status-bar[3066]: 2026-07-12T21:00:25.482761Z DEBUG gtk_status_bar::pw: ✅ ThreadLoop created
2026-07-12T21:00:25+00:00 machine gtk-status-bar[3066]: 2026-07-12T21:00:25.486746Z  INFO tray_ipc: Tray IPC server is listening path=/run/user/1000/gtk-status-bar/tray.sock
2026-07-12T21:00:25+00:00 machine gtk-status-bar[3066]: 2026-07-12T21:00:25.493710Z  INFO gtk_status_bar::hypr: Starting workspace event listener
2026-07-12T21:00:25+00:00 machine gtk-status-bar[3066]: 2026-07-12T21:00:25.494162Z DEBUG gtk_status_bar::hypr: Initial title: "Close OS window"
2026-07-12T21:00:25+00:00 machine gtk-status-bar[3066]: 2026-07-12T21:00:25.494185Z  INFO gtk_status_bar::hypr: Starting title event listener
2026-07-12T21:00:25+00:00 machine gtk-status-bar[3066]: 2026-07-12T21:00:25.501229Z  INFO gtk_status_bar::tray: Serving StatusNotifierWatcher for tray applications
2026-07-12T21:00:25+00:00 machine gtk-status-bar[3066]: 2026-07-12T21:00:25.502298Z DEBUG gtk_status_bar::dbus: 🔌 Registered battery match rule
2026-07-12T21:00:25+00:00 machine gtk-status-bar[3066]: 2026-07-12T21:00:25.508289Z DEBUG gtk_status_bar::dbus: 🔌 Registered bluez PropertiesChanged match rule
2026-07-12T21:00:25+00:00 machine gtk-status-bar[3066]: 2026-07-12T21:00:25.508816Z DEBUG gtk_status_bar::dbus: 🔌 Registered bluez InterfacesAdded match rule
2026-07-12T21:00:25+00:00 machine gtk-status-bar[3066]: 2026-07-12T21:00:25.509821Z DEBUG gtk_status_bar::dbus: 🔌 Registered bluez InterfacesRemoved match rule
2026-07-12T21:00:25+00:00 machine gtk-status-bar[3066]: 2026-07-12T21:00:25.519161Z DEBUG gtk_status_bar::widgets: Updating workspace - label: 'Workspace i', color for workspace: 2
2026-07-12T21:00:25+00:00 machine gtk-status-bar[3066]: 2026-07-12T21:00:25.520543Z DEBUG gtk_status_bar::widgets: Updated title widget color to: rgba(125, 207, 255, 0.5) for workspace: 2
2026-07-12T21:00:25+00:00 machine gtk-status-bar[3066]: 2026-07-12T21:00:25.520648Z DEBUG gtk_status_bar::widgets: Updating title label: Close OS window
2026-07-12T21:00:25+00:00 machine gtk-status-bar[3066]: 2026-07-12T21:00:25.552837Z  INFO gtk_status_bar::dbus: Battery is at 33.0%
2026-07-12T21:00:25+00:00 machine gtk-status-bar[3066]: 2026-07-12T21:00:25.585724Z DEBUG gtk_status_bar::widgets: Updating battery label: 🔋 33%
2026-07-12T21:00:25+00:00 machine gtk-status-bar[3066]: 2026-07-12T21:00:25.585836Z DEBUG gtk_status_bar::widgets: 👁️  SHOWING battery widget - data: 🔋 33%
2026-07-12T21:00:25+00:00 machine gtk-status-bar[3066]: 2026-07-12T21:00:25.590699Z  INFO gtk_status_bar::dbus: Battery is discharging (state: 2)
2026-07-12T21:00:25+00:00 machine gtk-status-bar[3066]: 2026-07-12T21:00:25.594752Z  INFO gtk_status_bar::dbus: Found 3 Bluetooth objects
2026-07-12T21:00:25+00:00 machine gtk-status-bar[3066]: 2026-07-12T21:00:25.594781Z  INFO gtk_status_bar::dbus: Found Bluetooth device with battery at: /org/bluez/hci0/dev_AA_BB_CC_DD_EE_10
2026-07-12T21:00:25+00:00 machine gtk-status-bar[3066]: 2026-07-12T21:00:25.594797Z  INFO gtk_status_bar::dbus: Bluetooth device battery at 77%
2026-07-12T21:00:25+00:00 machine gtk-status-bar[3066]: 2026-07-12T21:00:25.594812Z DEBUG gtk_status_bar::dbus: Added device /org/bluez/hci0/dev_AA_BB_CC_DD_EE_10 to HashMap (has_battery: true, has_media: false)
2026-07-12T21:00:25+00:00 machine gtk-status-bar[3066]: 2026-07-12T21:00:25.594829Z DEBUG gtk_status_bar::dbus: Initial bluetooth devices: {"/org/bluez/hci0/dev_AA_BB_CC_DD_EE_10": BluetoothDevice { has_battery: true, has_media: false, battery_percentage: Some(77), device_name: Some("Post Recovery Buds") }}
2026-07-12T21:00:25+00:00 machine gtk-status-bar[3066]: 2026-07-12T21:00:25.594855Z  INFO gtk_status_bar::dbus: Sent initial Bluetooth display: P77
2026-07-12T21:00:25+00:00 machine gtk-status-bar[3066]: 2026-07-12T21:00:25.594870Z  INFO gtk_status_bar::dbus: Dbus monitor: Starting to listen for D-Bus messages
2026-07-12T21:00:25+00:00 machine gtk-status-bar[3066]: 2026-07-12T21:00:25.594885Z DEBUG gtk_status_bar::dbus: Got an event in event stream: Msg { type: MethodReturn, serial: 14, sender: UniqueName(":1.61"), reply-serial: 24, body: Variant, fds: [] }
2026-07-12T21:00:25+00:00 machine gtk-status-bar[3066]: 2026-07-12T21:00:25.594902Z DEBUG gtk_status_bar::dbus: Dbus monitor: Received D-Bus message from path: None, interface: None, member: None
2026-07-12T21:00:25+00:00 machine gtk-status-bar[3066]: 2026-07-12T21:00:25.594917Z ERROR gtk_status_bar::dbus: Dbus monitor: Received message with no path, ignoring
2026-07-12T21:00:25+00:00 machine gtk-status-bar[3066]: 2026-07-12T21:00:25.594932Z DEBUG gtk_status_bar::dbus: Got an event in event stream: Msg { type: MethodReturn, serial: 15, sender: UniqueName(":1.61"), reply-serial: 25, body: Variant, fds: [] }
2026-07-12T21:00:25+00:00 machine gtk-status-bar[3066]: 2026-07-12T21:00:25.594947Z DEBUG gtk_status_bar::dbus: Dbus monitor: Received D-Bus message from path: None, interface: None, member: None
2026-07-12T21:00:25+00:00 machine gtk-status-bar[3066]: 2026-07-12T21:00:25.594961Z ERROR gtk_status_bar::dbus: Dbus monitor: Received message with no path, ignoring
2026-07-12T21:00:25+00:00 machine gtk-status-bar[3066]: 2026-07-12T21:00:25.594974Z DEBUG gtk_status_bar::dbus: Got an event in event stream: Msg { type: MethodReturn, serial: 33, sender: UniqueName(":1.60"), reply-serial: 26, body: Dict { key: Dynamic { child: ObjectPath }, value: Dynamic { child: Dict { key: Dynamic { child: Str }, value: Dynamic { child: Dict { key: Dynamic { child: Str }, value: Dynamic { child: Variant } } } } } }, fds: [] }
2026-07-12T21:00:25+00:00 machine gtk-status-bar[3066]: 2026-07-12T21:00:25.594992Z DEBUG gtk_status_bar::dbus: Dbus monitor: Received D-Bus message from path: None, interface: None, member: None
2026-07-12T21:00:25+00:00 machine gtk-status-bar[3066]: 2026-07-12T21:00:25.595005Z ERROR gtk_status_bar::dbus: Dbus monitor: Received message with no path, ignoring
2026-07-12T21:00:25+00:00 machine gtk-status-bar[3066]: 2026-07-12T21:00:25.595159Z DEBUG gtk_status_bar::widgets: Updating Bluetooth battery label: P77
2026-07-12T21:00:25+00:00 machine gtk-status-bar[3066]: 2026-07-12T21:00:25.595210Z DEBUG gtk_status_bar::widgets: 👁️  SHOWING Bluetooth widget - data: P77
2026-07-12T21:00:25+00:00 machine gtk-status-bar[3066]: 2026-07-12T21:00:25.646709Z DEBUG gtk_status_bar::pw: ✅ Context created
2026-07-12T21:00:25+00:00 machine gtk-status-bar[3066]: 2026-07-12T21:00:25.646853Z DEBUG gtk_status_bar::pw: ✅ Core connected
2026-07-12T21:00:25+00:00 machine gtk-status-bar[3066]: 2026-07-12T21:00:25.646872Z DEBUG gtk_status_bar::pw: ✅ Registry obtained
2026-07-12T21:00:25+00:00 machine gtk-status-bar[3066]: 2026-07-12T21:00:25.646887Z DEBUG gtk_status_bar::pw: 🎵 PipeWire ThreadLoop started - monitoring volume changes with default sink filtering
2026-07-12T21:00:25+00:00 machine gtk-status-bar[3066]: 2026-07-12T21:00:25.646989Z DEBUG gtk_status_bar::pw: ✅ ThreadLoop started successfully
2026-07-12T21:00:25+00:00 machine gtk-status-bar[3066]: 2026-07-12T21:00:25.647004Z DEBUG gtk_status_bar::pw: 🔄 PipeWire thread running - async event delivery active...
2026-07-12T21:00:25+00:00 machine gtk-status-bar[3066]: 2026-07-12T21:00:25.647679Z DEBUG gtk_status_bar::pw: 📡 PipeWire connected: pipewire-0
2026-07-12T21:00:25+00:00 machine gtk-status-bar[3066]: 2026-07-12T21:00:25.647705Z DEBUG gtk_status_bar::pw: 🚫 Skipping metadata '' (props: Some(DictRef { flags: Flags(0x0), entries: {"object.serial": "0", "core.name": "pipewire-0"} }))
2026-07-12T21:00:25+00:00 machine gtk-status-bar[3066]: 2026-07-12T21:00:25.647726Z DEBUG gtk_status_bar::pw: 🚫 Skipping metadata '' (props: Some(DictRef { flags: Flags(0x0), entries: {"object.serial": "1", "module.name": "libpipewire-module-rt"} }))
2026-07-12T21:00:25+00:00 machine gtk-status-bar[3066]: 2026-07-12T21:00:25.647743Z DEBUG gtk_status_bar::pw: 🚫 Skipping metadata '' (props: Some(DictRef { flags: Flags(0x0), entries: {"object.serial": "3"} }))
2026-07-12T21:00:25+00:00 machine gtk-status-bar[3066]: 2026-07-12T21:00:25.647760Z DEBUG gtk_status_bar::pw: 🚫 Skipping metadata '' (props: Some(DictRef { flags: Flags(0x0), entries: {"object.serial": "2", "module.name": "libpipewire-module-protocol-native"} }))
2026-07-12T21:00:25+00:00 machine gtk-status-bar[3066]: 2026-07-12T21:00:25.647777Z DEBUG gtk_status_bar::pw: 🚫 Skipping metadata '' (props: Some(DictRef { flags: Flags(0x0), entries: {"object.serial": "5"} }))
2026-07-12T21:00:25+00:00 machine gtk-status-bar[3066]: 2026-07-12T21:00:25.647793Z DEBUG gtk_status_bar::pw: 🚫 Skipping metadata '' (props: Some(DictRef { flags: Flags(0x0), entries: {"object.serial": "4", "module.name": "libpipewire-module-profiler"} }))
2026-07-12T21:00:25+00:00 machine gtk-status-bar[3066]: 2026-07-12T21:00:25.647810Z DEBUG gtk_status_bar::pw: 🚫 Skipping metadata '' (props: Some(DictRef { flags: Flags(0x0), entries: {"object.serial": "6", "module.name": "libpipewire-module-metadata"} }))
2026-07-12T21:00:25+00:00 machine gtk-status-bar[3066]: 2026-07-12T21:00:25.647826Z DEBUG gtk_status_bar::pw: 🚫 Skipping metadata '' (props: Some(DictRef { flags: Flags(0x0), entries: {"object.serial": "7", "module.id": "6", "factory.name": "metadata", "factory.type.name": "PipeWire:Interface:Metadata", "factory.type.version": "3"} }))
2026-07-12T21:00:25+00:00 machine gtk-status-bar[3066]: 2026-07-12T21:00:25.647845Z DEBUG gtk_status_bar::pw: 🚫 Skipping metadata '' (props: Some(DictRef { flags: Flags(0x0), entries: {"object.serial": "8", "module.name": "libpipewire-module-spa-device-factory"} }))
2026-07-12T21:00:25+00:00 machine gtk-status-bar[3066]: 2026-07-12T21:00:25.647862Z DEBUG gtk_status_bar::pw: 🚫 Skipping metadata '' (props: Some(DictRef { flags: Flags(0x0), entries: {"object.serial": "9", "module.id": "8", "factory.name": "spa-device-factory", "factory.type.name": "PipeWire:Interface:Device", "factory.type.version": "3"} }))
2026-07-12T21:00:25+00:00 machine gtk-status-bar[3066]: 2026-07-12T21:00:25.647879Z DEBUG gtk_status_bar::pw: 🚫 Skipping metadata '' (props: Some(DictRef { flags: Flags(0x0), entries: {"object.serial": "10", "module.name": "libpipewire-module-spa-node-factory"} }))
2026-07-12T21:00:25+00:00 machine gtk-status-bar[3066]: 2026-07-12T21:00:25.647896Z DEBUG gtk_status_bar::pw: 🚫 Skipping metadata '' (props: Some(DictRef { flags: Flags(0x0), entries: {"object.serial": "11", "module.id": "10", "factory.name": "spa-node-factory", "factory.type.name": "PipeWire:Interface:Node", "factory.type.version": "3"} }))
2026-07-12T21:00:25+00:00 machine gtk-status-bar[3066]: 2026-07-12T21:00:25.647914Z DEBUG gtk_status_bar::pw: 🚫 Skipping metadata '' (props: Some(DictRef { flags: Flags(0x0), entries: {"object.serial": "12", "module.name": "libpipewire-module-client-node"} }))
2026-07-12T21:00:25+00:00 machine gtk-status-bar[3066]: 2026-07-12T21:00:25.647939Z DEBUG gtk_status_bar::pw: 🚫 Skipping metadata '' (props: Some(DictRef { flags: Flags(0x0), entries: {"object.serial": "13", "module.id": "12", "factory.name": "client-node", "factory.type.name": "PipeWire:Interface:ClientNode", "factory.type.version": "6"} }))
2026-07-12T21:00:25+00:00 machine gtk-status-bar[3066]: 2026-07-12T21:00:25.647957Z DEBUG gtk_status_bar::pw: 🚫 Skipping metadata '' (props: Some(DictRef { flags: Flags(0x0), entries: {"object.serial": "14", "module.name": "libpipewire-module-client-device"} }))
2026-07-12T21:00:25+00:00 machine gtk-status-bar[3066]: 2026-07-12T21:00:25.647974Z DEBUG gtk_status_bar::pw: 🚫 Skipping metadata '' (props: Some(DictRef { flags: Flags(0x0), entries: {"object.serial": "15", "module.id": "14", "factory.name": "client-device", "factory.type.name": "Spa:Pointer:Interface:Device", "factory.type.version": "0"} }))
2026-07-12T21:00:25+00:00 machine gtk-status-bar[3066]: 2026-07-12T21:00:25.647990Z DEBUG gtk_status_bar::pw: 🚫 Skipping metadata '' (props: Some(DictRef { flags: Flags(0x0), entries: {"object.serial": "16", "module.name": "libpipewire-module-portal"} }))
2026-07-12T21:00:25+00:00 machine gtk-status-bar[3066]: 2026-07-12T21:00:25.648006Z DEBUG gtk_status_bar::pw: 🚫 Skipping metadata '' (props: Some(DictRef { flags: Flags(0x0), entries: {"object.serial": "17", "module.name": "libpipewire-module-access"} }))
2026-07-12T21:00:25+00:00 machine gtk-status-bar[3066]: 2026-07-12T21:00:25.648023Z DEBUG gtk_status_bar::pw: 🚫 Skipping metadata '' (props: Some(DictRef { flags: Flags(0x0), entries: {"object.serial": "18", "module.name": "libpipewire-module-adapter"} }))
2026-07-12T21:00:25+00:00 machine gtk-status-bar[3066]: 2026-07-12T21:00:25.648048Z DEBUG gtk_status_bar::pw: 🚫 Skipping metadata '' (props: Some(DictRef { flags: Flags(0x0), entries: {"object.serial": "19", "module.id": "18", "factory.name": "adapter", "factory.type.name": "PipeWire:Interface:Node", "factory.type.version": "3"} }))
2026-07-12T21:00:25+00:00 machine gtk-status-bar[3066]: 2026-07-12T21:00:25.648066Z DEBUG gtk_status_bar::pw: 🚫 Skipping metadata '' (props: Some(DictRef { flags: Flags(0x0), entries: {"object.serial": "20", "module.name": "libpipewire-module-link-factory"} }))
2026-07-12T21:00:25+00:00 machine gtk-status-bar[3066]: 2026-07-12T21:00:25.648090Z DEBUG gtk_status_bar::pw: 🚫 Skipping metadata '' (props: Some(DictRef { flags: Flags(0x0), entries: {"object.serial": "21", "module.id": "20", "factory.name": "link-factory", "factory.type.name": "PipeWire:Interface:Link", "factory.type.version": "3"} }))
2026-07-12T21:00:25+00:00 machine gtk-status-bar[3066]: 2026-07-12T21:00:25.648107Z DEBUG gtk_status_bar::pw: 🚫 Skipping metadata '' (props: Some(DictRef { flags: Flags(0x0), entries: {"object.serial": "22", "module.name": "libpipewire-module-session-manager"} }))
2026-07-12T21:00:25+00:00 machine gtk-status-bar[3066]: 2026-07-12T21:00:25.648123Z DEBUG gtk_status_bar::pw: 🚫 Skipping metadata '' (props: Some(DictRef { flags: Flags(0x0), entries: {"object.serial": "23", "module.id": "22", "factory.name": "client-endpoint", "factory.type.name": "PipeWire:Interface:ClientEndpoint", "factory.type.version": "0"} }))
2026-07-12T21:00:25+00:00 machine gtk-status-bar[3066]: 2026-07-12T21:00:25.648140Z DEBUG gtk_status_bar::pw: 🚫 Skipping metadata '' (props: Some(DictRef { flags: Flags(0x0), entries: {"object.serial": "24", "module.id": "22", "factory.name": "client-session", "factory.type.name": "PipeWire:Interface:ClientSession", "factory.type.version": "0"} }))
2026-07-12T21:00:25+00:00 machine gtk-status-bar[3066]: 2026-07-12T21:00:25.648158Z DEBUG gtk_status_bar::pw: 🚫 Skipping metadata '' (props: Some(DictRef { flags: Flags(0x0), entries: {"object.serial": "25", "module.id": "22", "factory.name": "session", "factory.type.name": "PipeWire:Interface:Session", "factory.type.version": "0"} }))
2026-07-12T21:00:25+00:00 machine gtk-status-bar[3066]: 2026-07-12T21:00:25.648176Z DEBUG gtk_status_bar::pw: 🚫 Skipping metadata '' (props: Some(DictRef { flags: Flags(0x0), entries: {"object.serial": "26", "module.id": "22", "factory.name": "endpoint", "factory.type.name": "PipeWire:Interface:Endpoint", "factory.type.version": "0"} }))
2026-07-12T21:00:25+00:00 machine gtk-status-bar[3066]: 2026-07-12T21:00:25.648193Z DEBUG gtk_status_bar::pw: 🚫 Skipping metadata '' (props: Some(DictRef { flags: Flags(0x0), entries: {"object.serial": "27", "module.id": "22", "factory.name": "endpoint-stream", "factory.type.name": "PipeWire:Interface:EndpointStream", "factory.type.version": "0"} }))
2026-07-12T21:00:25+00:00 machine gtk-status-bar[3066]: 2026-07-12T21:00:25.648210Z DEBUG gtk_status_bar::pw: 🚫 Skipping metadata '' (props: Some(DictRef { flags: Flags(0x0), entries: {"object.serial": "28", "module.id": "22", "factory.name": "endpoint-link", "factory.type.name": "PipeWire:Interface:EndpointLink", "factory.type.version": "0"} }))
2026-07-12T21:00:25+00:00 machine gtk-status-bar[3066]: 2026-07-12T21:00:25.648226Z DEBUG gtk_status_bar::pw: 🚫 Skipping metadata '' (props: Some(DictRef { flags: Flags(0x0), entries: {"object.serial": "29", "module.name": "libpipewire-module-x11-bell"} }))
2026-07-12T21:00:25+00:00 machine gtk-status-bar[3066]: 2026-07-12T21:00:25.648243Z DEBUG gtk_status_bar::pw: 🚫 Skipping metadata '' (props: Some(DictRef { flags: Flags(0x0), entries: {"object.serial": "30", "module.name": "libpipewire-module-jackdbus-detect"} }))
2026-07-12T21:00:25+00:00 machine gtk-status-bar[3066]: 2026-07-12T21:00:25.648259Z DEBUG gtk_status_bar::pw: 🚫 Skipping metadata '' (props: Some(DictRef { flags: Flags(0x0), entries: {"object.serial": "31", "factory.id": "11", "priority.driver": "200000", "node.name": "Dummy-Driver"} }))
2026-07-12T21:00:25+00:00 machine gtk-status-bar[3066]: 2026-07-12T21:00:25.648275Z DEBUG gtk_status_bar::pw: 🔍 Checking node - media.class: None
2026-07-12T21:00:25+00:00 machine gtk-status-bar[3066]: 2026-07-12T21:00:25.648291Z DEBUG gtk_status_bar::pw: 🔍 Node filter result: false for media.class: None
2026-07-12T21:00:25+00:00 machine gtk-status-bar[3066]: 2026-07-12T21:00:25.648310Z DEBUG gtk_status_bar::pw: 🚫 Skipping metadata '' (props: Some(DictRef { flags: Flags(0x0), entries: {"object.serial": "32", "factory.id": "11", "priority.driver": "190000", "node.name": "Freewheel-Driver"} }))
2026-07-12T21:00:25+00:00 machine gtk-status-bar[3066]: 2026-07-12T21:00:25.648328Z DEBUG gtk_status_bar::pw: 🔍 Checking node - media.class: None
2026-07-12T21:00:25+00:00 machine gtk-status-bar[3066]: 2026-07-12T21:00:25.648343Z DEBUG gtk_status_bar::pw: 🔍 Node filter result: false for media.class: None
2026-07-12T21:00:25+00:00 machine gtk-status-bar[3066]: 2026-07-12T21:00:25.648359Z DEBUG gtk_status_bar::pw: 🚫 Skipping metadata 'settings' (props: Some(DictRef { flags: Flags(0x0), entries: {"object.serial": "33", "metadata.name": "settings"} }))
2026-07-12T21:00:25+00:00 machine gtk-status-bar[3066]: 2026-07-12T21:00:25.648385Z DEBUG gtk_status_bar::pw: 🚫 Skipping metadata '' (props: Some(DictRef { flags: Flags(0x0), entries: {"object.serial": "34", "module.id": "2", "pipewire.protocol": "protocol-native", "pipewire.sec.pid": "1262", "pipewire.sec.uid": "1000", "pipewire.sec.gid": "100", "pipewire.sec.socket": "pipewire-0", "application.name": ".xdg-desktop-portal-wrapped", "pipewire.access": "unrestricted"} }))
2026-07-12T21:00:25+00:00 machine gtk-status-bar[3066]: 2026-07-12T21:00:25.648404Z DEBUG gtk_status_bar::pw: 🚫 Skipping metadata '' (props: Some(DictRef { flags: Flags(0x0), entries: {"object.serial": "35", "module.id": "2", "pipewire.protocol": "protocol-native", "pipewire.sec.pid": "1325", "pipewire.sec.uid": "1000", "pipewire.sec.gid": "100", "pipewire.sec.socket": "pipewire-0-manager", "application.name": "WirePlumber", "pipewire.access": "unrestricted"} }))
2026-07-12T21:00:25+00:00 machine gtk-status-bar[3066]: 2026-07-12T21:00:25.648421Z DEBUG gtk_status_bar::pw: 🚫 Skipping metadata 'schema-sm-settings' (props: Some(DictRef { flags: Flags(0x0), entries: {"metadata.name": "schema-sm-settings", "factory.id": "7", "module.id": "6", "client.id": "35", "object.serial": "36"} }))
2026-07-12T21:00:25+00:00 machine gtk-status-bar[3066]: 2026-07-12T21:00:25.648439Z DEBUG gtk_status_bar::pw: 🚫 Skipping metadata 'persistent-sm-settings' (props: Some(DictRef { flags: Flags(0x0), entries: {"metadata.name": "persistent-sm-settings", "factory.id": "7", "module.id": "6", "client.id": "35", "object.serial": "37"} }))
2026-07-12T21:00:25+00:00 machine gtk-status-bar[3066]: 2026-07-12T21:00:25.648455Z DEBUG gtk_status_bar::pw: 🚫 Skipping metadata 'sm-settings' (props: Some(DictRef { flags: Flags(0x0), entries: {"metadata.name": "sm-settings", "factory.id": "7", "module.id": "6", "client.id": "35", "object.serial": "38"} }))
2026-07-12T21:00:25+00:00 machine gtk-status-bar[3066]: 2026-07-12T21:00:25.648472Z DEBUG gtk_status_bar::pw: 🚫 Skipping metadata 'sm-objects' (props: Some(DictRef { flags: Flags(0x0), entries: {"metadata.name": "sm-objects", "factory.id": "7", "module.id": "6", "client.id": "35", "object.serial": "39"} }))
2026-07-12T21:00:25+00:00 machine gtk-status-bar[3066]: 2026-07-12T21:00:25.648489Z DEBUG gtk_status_bar::pw: 🚫 Skipping metadata 'default-profile' (props: Some(DictRef { flags: Flags(0x0), entries: {"wireplumber.state": "true", "metadata.name": "default-profile", "factory.id": "7", "module.id": "6", "client.id": "35", "object.serial": "40"} }))
2026-07-12T21:00:25+00:00 machine gtk-status-bar[3066]: 2026-07-12T21:00:25.648507Z DEBUG gtk_status_bar::pw: ✅ Processing metadata.name == default
2026-07-12T21:00:25+00:00 machine gtk-status-bar[3066]: 2026-07-12T21:00:25.648521Z DEBUG gtk_status_bar::pw: 📋 Found metadata object: Some(DictRef { flags: Flags(0x0), entries: {"metadata.name": "default", "factory.id": "7", "module.id": "6", "client.id": "35", "object.serial": "42"} })
2026-07-12T21:00:25+00:00 machine gtk-status-bar[3066]: 2026-07-12T21:00:25.648543Z DEBUG gtk_status_bar::pw: 📋 Bound 'default' Metadata (id=3)
2026-07-12T21:00:26+00:00 machine gtk-status-bar[3066]: 2026-07-12T21:00:25.648621Z DEBUG gtk_status_bar::pw: 🚫 Skipping metadata 'filters' (props: Some(DictRef { flags: Flags(0x0), entries: {"metadata.name": "filters", "factory.id": "7", "module.id": "6", "client.id": "35", "object.serial": "43"} }))
2026-07-12T21:00:26+00:00 machine gtk-status-bar[3066]: 2026-07-12T21:00:25.648640Z DEBUG gtk_status_bar::pw: 🚫 Skipping metadata '' (props: Some(DictRef { flags: Flags(0x0), entries: {"object.serial": "41", "module.id": "2", "pipewire.protocol": "protocol-native", "pipewire.sec.pid": "1335", "pipewire.sec.uid": "1000", "pipewire.sec.gid": "100", "pipewire.sec.socket": "pipewire-0", "application.name": ".xdg-desktop-portal-hyprland-wrapped", "pipewire.access": "unrestricted"} }))
2026-07-12T21:00:26+00:00 machine gtk-status-bar[3066]: 2026-07-12T21:00:25.648659Z DEBUG gtk_status_bar::pw: 🚫 Skipping metadata 'route-settings' (props: Some(DictRef { flags: Flags(0x0), entries: {"metadata.name": "route-settings", "factory.id": "7", "module.id": "6", "client.id": "35", "object.serial": "44"} }))
2026-07-12T21:00:26+00:00 machine gtk-status-bar[3066]: 2026-07-12T21:00:25.648678Z DEBUG gtk_status_bar::pw: 🚫 Skipping metadata '' (props: Some(DictRef { flags: Flags(0x0), entries: {"object.serial": "45", "module.id": "2", "pipewire.protocol": "protocol-native", "pipewire.sec.pid": "1325", "pipewire.sec.uid": "1000", "pipewire.sec.gid": "100", "pipewire.sec.socket": "pipewire-0-manager", "application.name": "WirePlumber [export]", "pipewire.access": "unrestricted"} }))
2026-07-12T21:00:26+00:00 machine gtk-status-bar[3066]: 2026-07-12T21:00:25.648701Z DEBUG gtk_status_bar::pw: 🚫 Skipping metadata '' (props: Some(DictRef { flags: Flags(0x0), entries: {"object.serial": "46", "factory.id": "11", "client.id": "45", "priority.session": "100", "priority.driver": "1", "node.name": "Midi-Bridge", "media.class": "Midi/Bridge"} }))
2026-07-12T21:00:26+00:00 machine gtk-status-bar[3066]: 2026-07-12T21:00:25.648720Z DEBUG gtk_status_bar::pw: 🔍 Checking node - media.class: Some("Midi/Bridge")
2026-07-12T21:00:26+00:00 machine gtk-status-bar[3066]: 2026-07-12T21:00:25.648735Z DEBUG gtk_status_bar::pw: 🔍 Node filter result: false for media.class: Some("Midi/Bridge")
2026-07-12T21:00:26+00:00 machine gtk-status-bar[3066]: 2026-07-12T21:00:25.648760Z DEBUG gtk_status_bar::pw: 🚫 Skipping metadata '' (props: Some(DictRef { flags: Flags(0x0), entries: {"object.serial": "47", "object.path": "alsa:seq:default:client_14:playback_0", "format.dsp": "8 bit raw midi", "node.id": "46", "port.id": "0", "port.name": "Midi Through: Port-0 (playback)", "port.direction": "in", "port.physical": "true", "port.terminal": "true", "port.alias": "Midi Through:Midi Through Port-0", "port.group": "client_14"} }))
2026-07-12T21:00:26+00:00 machine gtk-status-bar[3066]: 2026-07-12T21:00:25.648780Z DEBUG gtk_status_bar::pw: 🚫 Skipping metadata '' (props: Some(DictRef { flags: Flags(0x0), entries: {"object.serial": "48", "object.path": "alsa:seq:default:client_14:capture_0", "format.dsp": "8 bit raw midi", "node.id": "46", "port.id": "0", "port.name": "Midi Through: Port-0 (capture)", "port.direction": "out", "port.physical": "true", "port.terminal": "true", "port.alias": "Midi Through:Midi Through Port-0", "port.group": "client_14"} }))
2026-07-12T21:00:26+00:00 machine gtk-status-bar[3066]: 2026-07-12T21:00:25.648799Z DEBUG gtk_status_bar::pw: 🚫 Skipping metadata '' (props: Some(DictRef { flags: Flags(0x0), entries: {"object.serial": "49", "factory.id": "14", "client.id": "45", "node.description": "BLE MIDI 1", "node.name": "bluez_midi.server", "media.class": "Midi/Bridge"} }))
2026-07-12T21:00:26+00:00 machine gtk-status-bar[3066]: 2026-07-12T21:00:25.648815Z DEBUG gtk_status_bar::pw: 🔍 Checking node - media.class: Some("Midi/Bridge")
2026-07-12T21:00:26+00:00 machine gtk-status-bar[3066]: 2026-07-12T21:00:25.648830Z DEBUG gtk_status_bar::pw: 🔍 Node filter result: false for media.class: Some("Midi/Bridge")
2026-07-12T21:00:26+00:00 machine gtk-status-bar[3066]: 2026-07-12T21:00:25.648847Z DEBUG gtk_status_bar::pw: 🚫 Skipping metadata '' (props: Some(DictRef { flags: Flags(0x0), entries: {"object.serial": "50", "object.path": "bluez_midi.server:input_0", "format.dsp": "8 bit raw midi", "node.id": "49", "port.id": "0", "port.name": "in", "port.direction": "in", "port.physical": "true", "port.terminal": "true", "port.alias": "in", "port.group": "group.0"} }))
2026-07-12T21:00:26+00:00 machine gtk-status-bar[3066]: 2026-07-12T21:00:25.648865Z DEBUG gtk_status_bar::pw: 🚫 Skipping metadata '' (props: Some(DictRef { flags: Flags(0x0), entries: {"object.serial": "51", "object.path": "bluez_midi.server:output_0", "format.dsp": "8 bit raw midi", "node.id": "49", "port.id": "0", "port.name": "out", "port.direction": "out", "port.physical": "true", "port.terminal": "true", "port.alias": "out", "port.group": "group.0"} }))
2026-07-12T21:00:26+00:00 machine gtk-status-bar[3066]: 2026-07-12T21:00:25.648883Z DEBUG gtk_status_bar::pw: 🚫 Skipping metadata '' (props: Some(DictRef { flags: Flags(0x0), entries: {"object.serial": "53", "module.id": "2", "pipewire.protocol": "protocol-native", "pipewire.sec.pid": "1387", "pipewire.sec.uid": "1000", "pipewire.sec.gid": "100", "pipewire.sec.socket": "pipewire-0", "application.name": "pipewire", "pipewire.access": "unrestricted"} }))
2026-07-12T21:00:26+00:00 machine gtk-status-bar[3066]: 2026-07-12T21:00:25.648901Z DEBUG gtk_status_bar::pw: 🚫 Skipping metadata '' (props: Some(DictRef { flags: Flags(0x0), entries: {"object.serial": "55", "module.id": "2", "pipewire.protocol": "protocol-native", "pipewire.sec.pid": "1387", "pipewire.sec.uid": "1000", "pipewire.sec.gid": "100", "pipewire.sec.socket": "pipewire-0", "application.name": "Blueman", "pipewire.access": "unrestricted"} }))
2026-07-12T21:00:26+00:00 machine gtk-status-bar[3066]: 2026-07-12T21:00:25.648919Z DEBUG gtk_status_bar::pw: 🚫 Skipping metadata '' (props: Some(DictRef { flags: Flags(0x0), entries: {"object.serial": "86", "factory.id": "19", "client.id": "53", "node.description": "Dummy Output", "node.name": "auto_null", "media.class": "Audio/Sink"} }))
2026-07-12T21:00:26+00:00 machine gtk-status-bar[3066]: 2026-07-12T21:00:25.648936Z DEBUG gtk_status_bar::pw: 🔍 Checking node - media.class: Some("Audio/Sink")
2026-07-12T21:00:26+00:00 machine gtk-status-bar[3066]: 2026-07-12T21:00:25.648950Z DEBUG gtk_status_bar::pw: 🔍 Node filter result: true for media.class: Some("Audio/Sink")
2026-07-12T21:00:26+00:00 machine gtk-status-bar[3066]: 2026-07-12T21:00:25.648968Z DEBUG gtk_status_bar::pw: 📱 Monitoring audio node: Dummy Output (4) [node.name: auto_null]
2026-07-12T21:00:26+00:00 machine gtk-status-bar[3066]: 2026-07-12T21:00:25.648982Z DEBUG gtk_status_bar::pw: 🔗 ADDING NODE LISTENER for node.name: auto_null
2026-07-12T21:00:26+00:00 machine gtk-status-bar[3066]: 2026-07-12T21:00:25.649005Z DEBUG gtk_status_bar::pw: 📝 Added device to HashMap: 4 -> (auto_null, Dummy Output, no volume yet)
2026-07-12T21:00:26+00:00 machine gtk-status-bar[3066]: 2026-07-12T21:00:25.649020Z DEBUG gtk_status_bar::pw: 🗂️ Current device map size: 1
2026-07-12T21:00:26+00:00 machine gtk-status-bar[3066]: 2026-07-12T21:00:25.649047Z DEBUG gtk_status_bar::pw: 🚫 Skipping metadata '' (props: Some(DictRef { flags: Flags(0x0), entries: {"object.serial": "87", "object.path": "auto_null:playback_0", "format.dsp": "32 bit float mono audio", "node.id": "61", "audio.channel": "FL", "port.id": "0", "port.name": "playback_FL", "port.direction": "in", "port.alias": "Dummy Output:playback_FL", "port.group": "stream.0"} }))
2026-07-12T21:00:26+00:00 machine gtk-status-bar[3066]: 2026-07-12T21:00:25.649066Z DEBUG gtk_status_bar::pw: 🚫 Skipping metadata '' (props: Some(DictRef { flags: Flags(0x0), entries: {"object.serial": "88", "object.path": "auto_null:playback_1", "format.dsp": "32 bit float mono audio", "node.id": "61", "audio.channel": "FR", "port.id": "1", "port.name": "playback_FR", "port.direction": "in", "port.alias": "Dummy Output:playback_FR", "port.group": "stream.0"} }))
2026-07-12T21:00:26+00:00 machine gtk-status-bar[3066]: 2026-07-12T21:00:25.649084Z DEBUG gtk_status_bar::pw: 🚫 Skipping metadata '' (props: Some(DictRef { flags: Flags(0x0), entries: {"object.serial": "89", "object.path": "auto_null:monitor_0", "format.dsp": "32 bit float mono audio", "node.id": "61", "audio.channel": "FL", "port.id": "0", "port.name": "monitor_FL", "port.direction": "out", "port.monitor": "true", "port.alias": "Dummy Output:monitor_FL", "port.group": "stream.0"} }))
2026-07-12T21:00:26+00:00 machine gtk-status-bar[3066]: 2026-07-12T21:00:25.649103Z DEBUG gtk_status_bar::pw: 🚫 Skipping metadata '' (props: Some(DictRef { flags: Flags(0x0), entries: {"object.serial": "90", "object.path": "auto_null:monitor_1", "format.dsp": "32 bit float mono audio", "node.id": "61", "audio.channel": "FR", "port.id": "1", "port.name": "monitor_FR", "port.direction": "out", "port.monitor": "true", "port.alias": "Dummy Output:monitor_FR", "port.group": "stream.0"} }))
2026-07-12T21:00:26+00:00 machine gtk-status-bar[3066]: 2026-07-12T21:00:25.649122Z DEBUG gtk_status_bar::pw: 🚫 Skipping metadata '' (props: Some(DictRef { flags: Flags(0x0), entries: {"object.serial": "92", "module.id": "2", "pipewire.protocol": "protocol-native", "pipewire.sec.pid": "3066", "pipewire.sec.uid": "1000", "pipewire.sec.gid": "100", "pipewire.sec.socket": "pipewire-0", "application.name": ".gtk-status-bar-wrapped", "pipewire.access": "unrestricted"} }))
2026-07-12T21:00:26+00:00 machine gtk-status-bar[3066]: 2026-07-12T21:00:25.650138Z DEBUG gtk_status_bar::pw: 📝 metadata.property subject=0 key=Some("default.configured.audio.sink") value=Some("{ \"name\": \"Bravo\" }")
2026-07-12T21:00:26+00:00 machine gtk-status-bar[3066]: 2026-07-12T21:00:25.650158Z DEBUG gtk_status_bar::pw: 🔍 Processing metadata property: default.configured.audio.sink={ "name": "Bravo" }
2026-07-12T21:00:26+00:00 machine gtk-status-bar[3066]: 2026-07-12T21:00:25.650173Z DEBUG gtk_status_bar::pw: 🔧 Other metadata property: default.configured.audio.sink (ignored)
2026-07-12T21:00:26+00:00 machine gtk-status-bar[3066]: 2026-07-12T21:00:25.650188Z DEBUG gtk_status_bar::pw: 📝 metadata.property subject=0 key=Some("default.audio.sink") value=Some("{\"name\":\"auto_null\"}")
2026-07-12T21:00:26+00:00 machine gtk-status-bar[3066]: 2026-07-12T21:00:25.650202Z DEBUG gtk_status_bar::pw: 🔍 Processing metadata property: default.audio.sink={"name":"auto_null"}
2026-07-12T21:00:26+00:00 machine gtk-status-bar[3066]: 2026-07-12T21:00:25.650220Z  INFO gtk_status_bar::pw: 🔄 Default sink -> auto_null
2026-07-12T21:00:26+00:00 machine gtk-status-bar[3066]: 2026-07-12T21:00:25.650234Z DEBUG gtk_status_bar::pw: 🎯 SINK CHANGE: None -> auto_null (should trigger volume fetch)
2026-07-12T21:00:26+00:00 machine gtk-status-bar[3066]: 2026-07-12T21:00:25.650248Z DEBUG gtk_status_bar::pw: 🗂️ Searching device map for default sink 'auto_null'
2026-07-12T21:00:26+00:00 machine gtk-status-bar[3066]: 2026-07-12T21:00:25.650261Z DEBUG gtk_status_bar::pw: 🗂️ Current device map contents: {4: ("auto_null", "Dummy Output", None, None, None)}
2026-07-12T21:00:26+00:00 machine gtk-status-bar[3066]: 2026-07-12T21:00:25.650277Z DEBUG gtk_status_bar::pw: 🔍 Checking device 4: node_name='auto_null', description='Dummy Output' against default sink 'auto_null'
2026-07-12T21:00:26+00:00 machine gtk-status-bar[3066]: 2026-07-12T21:00:25.650292Z DEBUG gtk_status_bar::pw: 🎯 MATCH! Found device 4 with node_name 'auto_null' matching default sink
2026-07-12T21:00:26+00:00 machine gtk-status-bar[3066]: 2026-07-12T21:00:25.650306Z DEBUG gtk_status_bar::pw: 🎨 Updating GUI label to: 'Dummy Output' with cached volume data
2026-07-12T21:00:26+00:00 machine gtk-status-bar[3066]: 2026-07-12T21:00:25.650329Z DEBUG gtk_status_bar::pw: 💾 Cached volume data: Vol: None%, Ch: None%, Mute: None
2026-07-12T21:00:26+00:00 machine gtk-status-bar[3066]: 2026-07-12T21:00:25.650355Z DEBUG gtk_status_bar::pw: ✅ Sent REAL volume data to GUI: 'Dummy Output' Vol: None%, Ch: None%, Mute: None
2026-07-12T21:00:26+00:00 machine gtk-status-bar[3066]: 2026-07-12T21:00:25.650379Z DEBUG gtk_status_bar::pw: 🎛️  NODE PARAM CALLBACK: Dummy Output (4) received Props param
2026-07-12T21:00:26+00:00 machine gtk-status-bar[3066]: 2026-07-12T21:00:25.650397Z DEBUG gtk_status_bar::pw: 🔊 Node 4: Dummy Output - Vol: Some(100)% | Ch: Some(100)% | Mute: Some(false) [CACHING]
2026-07-12T21:00:26+00:00 machine gtk-status-bar[3066]: 2026-07-12T21:00:25.650412Z DEBUG gtk_status_bar::pw: 📝 Updated volume cache for device 4: Dummy Output -> Vol: Some(100)%, Ch: Some(100)%, Mute: Some(false)
2026-07-12T21:00:26+00:00 machine gtk-status-bar[3066]: 2026-07-12T21:00:25.650427Z DEBUG gtk_status_bar::pw: 🎯 Checking if device 4 is default: current_default=Some("auto_null"), node_name=auto_null, is_default=true
2026-07-12T21:00:26+00:00 machine gtk-status-bar[3066]: 2026-07-12T21:00:25.650442Z DEBUG gtk_status_bar::pw: 📤 SENDING VOLUME UPDATE to GUI for default sink (node id=4)
2026-07-12T21:00:26+00:00 machine gtk-status-bar[3066]: 2026-07-12T21:00:25.650458Z ERROR gtk_status_bar::pw: ❌ PipeWire error id:4 seq:5 res:-2: enum params id:13 (Spa:Enum:ParamId:Route) failed
2026-07-12T21:00:26+00:00 machine gtk-status-bar[3066]: 2026-07-12T21:00:25.650641Z DEBUG gtk_status_bar::widgets: 📺 Skipping GUI update - no volume data available
2026-07-12T21:00:26+00:00 machine gtk-status-bar[3066]: 2026-07-12T21:00:25.650689Z DEBUG gtk_status_bar::widgets: 📺 GTK UI updated via ASYNC: 🔊D100
2026-07-12T21:00:26+00:00 machine gtk-status-bar[3066]: 2026-07-12T21:00:25.943841Z  INFO gtk_status_bar::tray: Status notifier item registered item=":1.87/StatusNotifierItem"
2026-07-12T21:00:26+00:00 machine gtk-status-bar[3066]: 2026-07-12T21:00:25.959764Z  INFO gtk_status_bar::widgets: Added system tray item item=":1.87/StatusNotifierItem"
2026-07-12T21:00:27+00:00 machine gtk-status-bar[3066]: 2026-07-12T21:00:27.863296Z  INFO gtk_status_bar::tray: Status notifier item registered item=":1.88/org/blueman/sni"
2026-07-12T21:00:27+00:00 machine gtk-status-bar[3066]: 2026-07-12T21:00:27.879849Z DEBUG gtk_status_bar::tray: Tray item property is unavailable property="IconPixmap" error=org.freedesktop.DBus.Error.InvalidArgs: No such property “IconPixmap”
2026-07-12T21:00:27+00:00 machine gtk-status-bar[3066]: 2026-07-12T21:00:27.891153Z DEBUG gtk_status_bar::tray: Tray item property is unavailable property="IconThemePath" error=org.freedesktop.DBus.Error.InvalidArgs: No such property “IconThemePath”
2026-07-12T21:00:27+00:00 machine gtk-status-bar[3066]: 2026-07-12T21:00:27.905062Z  INFO gtk_status_bar::widgets: Added system tray item item=":1.88/org/blueman/sni"
2026-07-12T21:01:03+00:00 machine gtk-status-bar[3066]: 2026-07-12T21:01:03.939008Z  INFO gtk_status_bar::tray: Status notifier item registered item=":1.90/StatusNotifierItem"
2026-07-12T21:01:03+00:00 machine gtk-status-bar[3066]: 2026-07-12T21:01:03.951617Z  INFO gtk_status_bar::widgets: Added system tray item item=":1.90/StatusNotifierItem"
2026-07-12T21:01:06+00:00 machine gtk-status-bar[3066]: 2026-07-12T21:01:06.346142Z DEBUG gtk_status_bar::pw: 🚫 Skipping metadata '' (props: Some(DictRef { flags: Flags(0x0), entries: {"object.serial": "93", "module.id": "2", "pipewire.protocol": "protocol-native", "pipewire.sec.pid": "1387", "pipewire.sec.uid": "1000", "pipewire.sec.gid": "100", "pipewire.sec.socket": "pipewire-0", "application.name": "Blueman", "pipewire.access": "unrestricted"} }))
2026-07-12T21:01:10+00:00 machine gtk-status-bar[3066]: 2026-07-12T21:01:10.569252Z DEBUG gtk_status_bar::hypr: Handling title change event
2026-07-12T21:01:10+00:00 machine gtk-status-bar[3066]: 2026-07-12T21:01:10.571476Z DEBUG gtk_status_bar::hypr: No active client matches the title change event
2026-07-12T21:01:10+00:00 machine gtk-status-bar[3066]: 2026-07-12T21:01:10.898945Z  INFO gtk_status_bar::tray: Status notifier item registered item=":1.94/StatusNotifierItem"
2026-07-12T21:01:10+00:00 machine gtk-status-bar[3066]: 2026-07-12T21:01:10.978663Z DEBUG gtk_status_bar::tray: Tray item property is unavailable property="IconName" error=org.freedesktop.DBus.Error.Failed: error occurred in Get
2026-07-12T21:01:11+00:00 machine gtk-status-bar[3066]: 2026-07-12T21:01:11.109849Z DEBUG gtk_status_bar::tray: Tray item property is unavailable property="IconThemePath" error=org.freedesktop.DBus.Error.Failed: error occurred in Get
2026-07-12T21:01:11+00:00 machine gtk-status-bar[3066]: 2026-07-12T21:01:11.112397Z  INFO gtk_status_bar::widgets: Added system tray item item=":1.94/StatusNotifierItem"
2026-07-12T21:01:11+00:00 machine gtk-status-bar[3066]: 2026-07-12T21:01:11.384410Z DEBUG gtk_status_bar::hypr: Handling active window change event
2026-07-12T21:01:11+00:00 machine gtk-status-bar[3066]: 2026-07-12T21:01:11.385954Z DEBUG gtk_status_bar::hypr: Window data - class: 'claude-desktop', title: 'Claude', address: '0x5a95628a2240'
2026-07-12T21:01:11+00:00 machine gtk-status-bar[3066]: 2026-07-12T21:01:11.387378Z DEBUG gtk_status_bar::hypr: Active window changed, title: 'Claude'
2026-07-12T21:01:11+00:00 machine gtk-status-bar[3066]: 2026-07-12T21:01:11.388739Z DEBUG gtk_status_bar::hypr: Sending title update: 'Claude'
2026-07-12T21:01:11+00:00 machine gtk-status-bar[3066]: 2026-07-12T21:01:11.398887Z DEBUG gtk_status_bar::widgets: Updating title label: Claude
2026-07-12T21:01:13+00:00 machine gtk-status-bar[3066]: 2026-07-12T21:01:13.737822Z DEBUG gtk_status_bar::tray: Tray backend received command item=":1.87/StatusNotifierItem" action=ContextMenu { request_id: 1, keyboard_grab: false } x=1432 y=11
2026-07-12T21:01:13+00:00 machine gtk-status-bar[3066]: 2026-07-12T21:01:13.747228Z DEBUG gtk_status_bar::tray: dbusmenu GetLayout reply decoded item=":1.87/StatusNotifierItem" fields=2
2026-07-12T21:01:13+00:00 machine gtk-status-bar[3066]: 2026-07-12T21:01:13.747794Z DEBUG gtk_status_bar::tray: dbusmenu layout parsed item=":1.87/StatusNotifierItem" count=5
2026-07-12T21:01:13+00:00 machine gtk-status-bar[3066]: 2026-07-12T21:01:13.756218Z DEBUG gtk_status_bar::widgets: Tray menu entry labels item=":1.87/StatusNotifierItem" labels=[Some("Keyboard - English (US)"), None, Some("Restart"), Some("Input Method Settings"), Some("Exit")]
2026-07-12T21:01:13+00:00 machine gtk-status-bar[3066]: 2026-07-12T21:01:13.768997Z DEBUG gtk_status_bar::widgets: Presenting tray menu item=":1.87/StatusNotifierItem" entries=5 keyboard_grab=false
2026-07-12T21:01:24+00:00 machine gtk-status-bar[3066]: 2026-07-12T21:01:24.291192Z DEBUG gtk_status_bar::tray: Tray backend received command item=":1.87/StatusNotifierItem" action=ContextMenu { request_id: 3, keyboard_grab: false } x=1432 y=11
2026-07-12T21:01:24+00:00 machine gtk-status-bar[3066]: 2026-07-12T21:01:24.292211Z DEBUG gtk_status_bar::tray: dbusmenu GetLayout reply decoded item=":1.87/StatusNotifierItem" fields=2
2026-07-12T21:01:24+00:00 machine gtk-status-bar[3066]: 2026-07-12T21:01:24.292243Z DEBUG gtk_status_bar::tray: dbusmenu layout parsed item=":1.87/StatusNotifierItem" count=5
2026-07-12T21:01:24+00:00 machine gtk-status-bar[3066]: 2026-07-12T21:01:24.292660Z DEBUG gtk_status_bar::widgets: Tray menu entry labels item=":1.87/StatusNotifierItem" labels=[Some("Keyboard - English (US)"), None, Some("Restart"), Some("Input Method Settings"), Some("Exit")]
2026-07-12T21:01:24+00:00 machine gtk-status-bar[3066]: 2026-07-12T21:01:24.293077Z DEBUG gtk_status_bar::widgets: Presenting tray menu item=":1.87/StatusNotifierItem" entries=5 keyboard_grab=false
2026-07-12T21:01:25+00:00 machine gtk-status-bar[3066]: 2026-07-12T21:01:25.665831Z DEBUG gtk_status_bar::tray: Tray backend received command item=":1.87/StatusNotifierItem" action=ContextMenu { request_id: 5, keyboard_grab: false } x=1432 y=11
2026-07-12T21:01:25+00:00 machine gtk-status-bar[3066]: 2026-07-12T21:01:25.667148Z DEBUG gtk_status_bar::tray: dbusmenu GetLayout reply decoded item=":1.87/StatusNotifierItem" fields=2
2026-07-12T21:01:25+00:00 machine gtk-status-bar[3066]: 2026-07-12T21:01:25.667179Z DEBUG gtk_status_bar::tray: dbusmenu layout parsed item=":1.87/StatusNotifierItem" count=5
2026-07-12T21:01:25+00:00 machine gtk-status-bar[3066]: 2026-07-12T21:01:25.667841Z DEBUG gtk_status_bar::widgets: Tray menu entry labels item=":1.87/StatusNotifierItem" labels=[Some("Keyboard - English (US)"), None, Some("Restart"), Some("Input Method Settings"), Some("Exit")]
2026-07-12T21:01:25+00:00 machine gtk-status-bar[3066]: 2026-07-12T21:01:25.668446Z DEBUG gtk_status_bar::widgets: Presenting tray menu item=":1.87/StatusNotifierItem" entries=5 keyboard_grab=false
2026-07-12T21:01:27+00:00 machine gtk-status-bar[3066]: 2026-07-12T21:01:27.086761Z DEBUG gtk_status_bar::tray: Tray backend received command item=":1.87/StatusNotifierItem" action=ContextMenu { request_id: 7, keyboard_grab: false } x=1432 y=11
2026-07-12T21:01:27+00:00 machine gtk-status-bar[3066]: 2026-07-12T21:01:27.087994Z DEBUG gtk_status_bar::tray: dbusmenu GetLayout reply decoded item=":1.87/StatusNotifierItem" fields=2
2026-07-12T21:01:27+00:00 machine gtk-status-bar[3066]: 2026-07-12T21:01:27.088019Z DEBUG gtk_status_bar::tray: dbusmenu layout parsed item=":1.87/StatusNotifierItem" count=5
2026-07-12T21:01:27+00:00 machine gtk-status-bar[3066]: 2026-07-12T21:01:27.121954Z DEBUG gtk_status_bar::widgets: Tray menu entry labels item=":1.87/StatusNotifierItem" labels=[Some("Keyboard - English (US)"), None, Some("Restart"), Some("Input Method Settings"), Some("Exit")]
2026-07-12T21:01:27+00:00 machine gtk-status-bar[3066]: 2026-07-12T21:01:27.130338Z DEBUG gtk_status_bar::widgets: Presenting tray menu item=":1.87/StatusNotifierItem" entries=5 keyboard_grab=false
2026-07-12T21:01:28+00:00 machine gtk-status-bar[3066]: 2026-07-12T21:01:28.526330Z DEBUG gtk_status_bar::tray: Tray backend received command item=":1.87/StatusNotifierItem" action=MenuEvent(100) x=1432 y=11
2026-07-12T21:01:31+00:00 machine gtk-status-bar[3066]: 2026-07-12T21:01:31.140683Z DEBUG gtk_status_bar::tray: Tray backend received command item=":1.87/StatusNotifierItem" action=ContextMenu { request_id: 8, keyboard_grab: false } x=1432 y=11
2026-07-12T21:01:31+00:00 machine gtk-status-bar[3066]: 2026-07-12T21:01:31.141529Z DEBUG gtk_status_bar::tray: dbusmenu GetLayout reply decoded item=":1.87/StatusNotifierItem" fields=2
2026-07-12T21:01:31+00:00 machine gtk-status-bar[3066]: 2026-07-12T21:01:31.141557Z DEBUG gtk_status_bar::tray: dbusmenu layout parsed item=":1.87/StatusNotifierItem" count=5
2026-07-12T21:01:31+00:00 machine gtk-status-bar[3066]: 2026-07-12T21:01:31.141931Z DEBUG gtk_status_bar::widgets: Tray menu entry labels item=":1.87/StatusNotifierItem" labels=[Some("Keyboard - English (US)"), None, Some("Restart"), Some("Input Method Settings"), Some("Exit")]
2026-07-12T21:01:31+00:00 machine gtk-status-bar[3066]: 2026-07-12T21:01:31.142192Z DEBUG gtk_status_bar::widgets: Presenting tray menu item=":1.87/StatusNotifierItem" entries=5 keyboard_grab=false
2026-07-12T21:01:33+00:00 machine gtk-status-bar[3066]: 2026-07-12T21:01:33.995701Z DEBUG gtk_status_bar::tray: Tray backend received command item=":1.87/StatusNotifierItem" action=MenuEvent(4) x=1432 y=11
2026-07-12T21:01:36+00:00 machine gtk-status-bar[3066]: 2026-07-12T21:01:36.597451Z DEBUG gtk_status_bar::tray: Tray backend received command item=":1.87/StatusNotifierItem" action=ContextMenu { request_id: 9, keyboard_grab: false } x=1432 y=11
2026-07-12T21:01:36+00:00 machine gtk-status-bar[3066]: 2026-07-12T21:01:36.609096Z DEBUG gtk_status_bar::tray: dbusmenu GetLayout reply decoded item=":1.87/StatusNotifierItem" fields=2
2026-07-12T21:01:36+00:00 machine gtk-status-bar[3066]: 2026-07-12T21:01:36.609156Z DEBUG gtk_status_bar::tray: dbusmenu layout parsed item=":1.87/StatusNotifierItem" count=5
2026-07-12T21:01:36+00:00 machine gtk-status-bar[3066]: 2026-07-12T21:01:36.609493Z DEBUG gtk_status_bar::widgets: Tray menu entry labels item=":1.87/StatusNotifierItem" labels=[Some("Keyboard - English (US)"), None, Some("Restart"), Some("Input Method Settings"), Some("Exit")]
2026-07-12T21:01:36+00:00 machine gtk-status-bar[3066]: 2026-07-12T21:01:36.609857Z DEBUG gtk_status_bar::widgets: Presenting tray menu item=":1.87/StatusNotifierItem" entries=5 keyboard_grab=false
2026-07-12T21:01:39+00:00 machine gtk-status-bar[3066]: 2026-07-12T21:01:39.685452Z DEBUG gtk_status_bar::hypr: Handling title change event
2026-07-12T21:01:39+00:00 machine gtk-status-bar[3066]: 2026-07-12T21:01:39.685802Z DEBUG gtk_status_bar::hypr: No active client matches the title change event
2026-07-12T21:01:39+00:00 machine gtk-status-bar[3066]: 2026-07-12T21:01:39.719745Z DEBUG gtk_status_bar::hypr: Handling active window change event
2026-07-12T21:01:39+00:00 machine gtk-status-bar[3066]: 2026-07-12T21:01:39.719774Z DEBUG gtk_status_bar::hypr: Window data - class: 'kitty', title: 'KeyboardFocusEvidence', address: '0x5a9563626f90'
2026-07-12T21:01:39+00:00 machine gtk-status-bar[3066]: 2026-07-12T21:01:39.719789Z DEBUG gtk_status_bar::hypr: Active window changed, title: 'KeyboardFocusEvidence'
2026-07-12T21:01:39+00:00 machine gtk-status-bar[3066]: 2026-07-12T21:01:39.719803Z DEBUG gtk_status_bar::hypr: Sending title update: 'KeyboardFocusEvidence'
2026-07-12T21:01:39+00:00 machine gtk-status-bar[3066]: 2026-07-12T21:01:39.719969Z DEBUG gtk_status_bar::widgets: Updating title label: KeyboardFocusEvidence
2026-07-12T21:01:42+00:00 machine gtk-status-bar[3066]: 2026-07-12T21:01:42.081020Z DEBUG gtk_status_bar::tray: Tray backend received command item=":1.87/StatusNotifierItem" action=ContextMenu { request_id: 11, keyboard_grab: true } x=1432 y=11
2026-07-12T21:01:42+00:00 machine gtk-status-bar[3066]: 2026-07-12T21:01:42.082728Z DEBUG gtk_status_bar::tray: dbusmenu GetLayout reply decoded item=":1.87/StatusNotifierItem" fields=2
2026-07-12T21:01:42+00:00 machine gtk-status-bar[3066]: 2026-07-12T21:01:42.082767Z DEBUG gtk_status_bar::tray: dbusmenu layout parsed item=":1.87/StatusNotifierItem" count=5
2026-07-12T21:01:42+00:00 machine gtk-status-bar[3066]: 2026-07-12T21:01:42.083072Z DEBUG gtk_status_bar::widgets: Tray menu entry labels item=":1.87/StatusNotifierItem" labels=[Some("Keyboard - English (US)"), None, Some("Restart"), Some("Input Method Settings"), Some("Exit")]
2026-07-12T21:01:42+00:00 machine gtk-status-bar[3066]: 2026-07-12T21:01:42.083445Z DEBUG gtk_status_bar::widgets: Presenting tray menu item=":1.87/StatusNotifierItem" entries=5 keyboard_grab=true
2026-07-12T21:01:42+00:00 machine gtk-status-bar[3066]: 2026-07-12T21:01:42.084333Z  INFO gtk_status_bar::widgets: Tray menu acquired exclusive keyboard focus request_id=11
2026-07-12T21:01:44+00:00 machine gtk-status-bar[3066]: 2026-07-12T21:01:44.831611Z DEBUG gtk_status_bar::widgets: Tray menu received key item=":1.87/StatusNotifierItem" key=Key(106)
2026-07-12T21:01:46+00:00 machine gtk-status-bar[3066]: 2026-07-12T21:01:46.335037Z DEBUG gtk_status_bar::widgets: Tray menu received key item=":1.87/StatusNotifierItem" key=Key(65362)
2026-07-12T21:01:47+00:00 machine gtk-status-bar[3066]: 2026-07-12T21:01:47.829345Z DEBUG gtk_status_bar::widgets: Tray menu received key item=":1.87/StatusNotifierItem" key=Key(65505)
2026-07-12T21:01:47+00:00 machine gtk-status-bar[3066]: 2026-07-12T21:01:47.835421Z DEBUG gtk_status_bar::widgets: Tray menu received key item=":1.87/StatusNotifierItem" key=Key(71)
2026-07-12T21:01:49+00:00 machine gtk-status-bar[3066]: 2026-07-12T21:01:49.382221Z DEBUG gtk_status_bar::widgets: Tray menu received key item=":1.87/StatusNotifierItem" key=Key(103)
2026-07-12T21:01:49+00:00 machine gtk-status-bar[3066]: 2026-07-12T21:01:49.400207Z DEBUG gtk_status_bar::widgets: Tray menu received key item=":1.87/StatusNotifierItem" key=Key(103)
2026-07-12T21:01:50+00:00 machine gtk-status-bar[3066]: 2026-07-12T21:01:50.954407Z DEBUG gtk_status_bar::widgets: Tray menu received key item=":1.87/StatusNotifierItem" key=Key(113)
2026-07-12T21:01:50+00:00 machine gtk-status-bar[3066]: 2026-07-12T21:01:50.954442Z  INFO gtk_status_bar::widgets: Closing tray menu from keyboard item=":1.87/StatusNotifierItem" key=Key(113)
2026-07-12T21:01:50+00:00 machine gtk-status-bar[3066]: 2026-07-12T21:01:50.955829Z  INFO gtk_status_bar::widgets: Tray menu released keyboard focus request_id=11
2026-07-12T21:01:53+00:00 machine gtk-status-bar[3066]: 2026-07-12T21:01:53.849966Z DEBUG gtk_status_bar::tray: Tray backend received command item=":1.87/StatusNotifierItem" action=ContextMenu { request_id: 12, keyboard_grab: true } x=1432 y=11
2026-07-12T21:01:53+00:00 machine gtk-status-bar[3066]: 2026-07-12T21:01:53.851750Z DEBUG gtk_status_bar::tray: dbusmenu GetLayout reply decoded item=":1.87/StatusNotifierItem" fields=2
2026-07-12T21:01:53+00:00 machine gtk-status-bar[3066]: 2026-07-12T21:01:53.851784Z DEBUG gtk_status_bar::tray: dbusmenu layout parsed item=":1.87/StatusNotifierItem" count=5
2026-07-12T21:01:53+00:00 machine gtk-status-bar[3066]: 2026-07-12T21:01:53.852172Z DEBUG gtk_status_bar::widgets: Tray menu entry labels item=":1.87/StatusNotifierItem" labels=[Some("Keyboard - English (US)"), None, Some("Restart"), Some("Input Method Settings"), Some("Exit")]
2026-07-12T21:01:53+00:00 machine gtk-status-bar[3066]: 2026-07-12T21:01:53.852478Z DEBUG gtk_status_bar::widgets: Presenting tray menu item=":1.87/StatusNotifierItem" entries=5 keyboard_grab=true
2026-07-12T21:01:53+00:00 machine gtk-status-bar[3066]: 2026-07-12T21:01:53.853422Z  INFO gtk_status_bar::widgets: Tray menu acquired exclusive keyboard focus request_id=12
2026-07-12T21:01:55+00:00 machine gtk-status-bar[3066]: 2026-07-12T21:01:55.020523Z DEBUG gtk_status_bar::widgets: Tray menu received key item=":1.87/StatusNotifierItem" key=Key(65307)
2026-07-12T21:01:55+00:00 machine gtk-status-bar[3066]: 2026-07-12T21:01:55.020612Z  INFO gtk_status_bar::widgets: Closing tray menu from keyboard item=":1.87/StatusNotifierItem" key=Key(65307)
2026-07-12T21:01:55+00:00 machine gtk-status-bar[3066]: 2026-07-12T21:01:55.041946Z  INFO gtk_status_bar::widgets: Tray menu released keyboard focus request_id=12
2026-07-12T21:01:57+00:00 machine gtk-status-bar[3066]: 2026-07-12T21:01:57.789399Z DEBUG gtk_status_bar::tray: Tray backend received command item=":1.87/StatusNotifierItem" action=ContextMenu { request_id: 13, keyboard_grab: true } x=1432 y=11
2026-07-12T21:01:57+00:00 machine gtk-status-bar[3066]: 2026-07-12T21:01:57.790515Z DEBUG gtk_status_bar::tray: dbusmenu GetLayout reply decoded item=":1.87/StatusNotifierItem" fields=2
2026-07-12T21:01:57+00:00 machine gtk-status-bar[3066]: 2026-07-12T21:01:57.790547Z DEBUG gtk_status_bar::tray: dbusmenu layout parsed item=":1.87/StatusNotifierItem" count=5
2026-07-12T21:01:57+00:00 machine gtk-status-bar[3066]: 2026-07-12T21:01:57.791015Z DEBUG gtk_status_bar::widgets: Tray menu entry labels item=":1.87/StatusNotifierItem" labels=[Some("Keyboard - English (US)"), None, Some("Restart"), Some("Input Method Settings"), Some("Exit")]
2026-07-12T21:01:57+00:00 machine gtk-status-bar[3066]: 2026-07-12T21:01:57.791275Z DEBUG gtk_status_bar::widgets: Presenting tray menu item=":1.87/StatusNotifierItem" entries=5 keyboard_grab=true
2026-07-12T21:01:57+00:00 machine gtk-status-bar[3066]: 2026-07-12T21:01:57.792430Z  INFO gtk_status_bar::widgets: Tray menu acquired exclusive keyboard focus request_id=13
2026-07-12T21:01:59+00:00 machine gtk-status-bar[3066]: 2026-07-12T21:01:59.076857Z  INFO gtk_status_bar::widgets: Tray menu released keyboard focus request_id=13
2026-07-12T21:02:01+00:00 machine gtk-status-bar[3066]: 2026-07-12T21:02:01.759907Z DEBUG gtk_status_bar::tray: Tray backend received command item=":1.87/StatusNotifierItem" action=ContextMenu { request_id: 15, keyboard_grab: true } x=1432 y=11
2026-07-12T21:02:01+00:00 machine gtk-status-bar[3066]: 2026-07-12T21:02:01.760667Z DEBUG gtk_status_bar::tray: dbusmenu GetLayout reply decoded item=":1.87/StatusNotifierItem" fields=2
2026-07-12T21:02:01+00:00 machine gtk-status-bar[3066]: 2026-07-12T21:02:01.760690Z DEBUG gtk_status_bar::tray: dbusmenu layout parsed item=":1.87/StatusNotifierItem" count=5
2026-07-12T21:02:01+00:00 machine gtk-status-bar[3066]: 2026-07-12T21:02:01.761024Z DEBUG gtk_status_bar::widgets: Tray menu entry labels item=":1.87/StatusNotifierItem" labels=[Some("Keyboard - English (US)"), None, Some("Restart"), Some("Input Method Settings"), Some("Exit")]
2026-07-12T21:02:01+00:00 machine gtk-status-bar[3066]: 2026-07-12T21:02:01.761364Z DEBUG gtk_status_bar::widgets: Presenting tray menu item=":1.87/StatusNotifierItem" entries=5 keyboard_grab=true
2026-07-12T21:02:01+00:00 machine gtk-status-bar[3066]: 2026-07-12T21:02:01.762339Z  INFO gtk_status_bar::widgets: Tray menu acquired exclusive keyboard focus request_id=15
2026-07-12T21:02:02+00:00 machine gtk-status-bar[3066]: 2026-07-12T21:02:02.826172Z DEBUG gtk_status_bar::hypr: Handling active window change event
2026-07-12T21:02:02+00:00 machine gtk-status-bar[3066]: 2026-07-12T21:02:02.826216Z DEBUG gtk_status_bar::hypr: Window data - class: 'kitty', title: '界🙂界🙂界🙂界🙂界🙂界🙂界🙂界🙂界🙂界🙂界🙂界🙂界🙂界🙂界🙂界🙂界🙂界🙂界🙂界🙂界🙂界🙂界🙂界🙂界🙂界🙂界🙂界🙂界🙂界🙂界🙂界🙂界🙂界🙂界🙂界🙂界🙂界🙂界🙂界🙂', address: '0x5a9562899530'
2026-07-12T21:02:02+00:00 machine gtk-status-bar[3066]: 2026-07-12T21:02:02.826243Z DEBUG gtk_status_bar::hypr: Active window changed, title: '界🙂界🙂界🙂界🙂界🙂界🙂界🙂界🙂界🙂界🙂界🙂界🙂界🙂界🙂界🙂界…界🙂界🙂界🙂界🙂界🙂界🙂界🙂界🙂界🙂界🙂界🙂界🙂界🙂界🙂界🙂界🙂'
2026-07-12T21:02:02+00:00 machine gtk-status-bar[3066]: 2026-07-12T21:02:02.826261Z DEBUG gtk_status_bar::hypr: Sending title update: '界🙂界🙂界🙂界🙂界🙂界🙂界🙂界🙂界🙂界🙂界🙂界🙂界🙂界🙂界🙂界…界🙂界🙂界🙂界🙂界🙂界🙂界🙂界🙂界🙂界🙂界🙂界🙂界🙂界🙂界🙂界🙂'
2026-07-12T21:02:02+00:00 machine gtk-status-bar[3066]: 2026-07-12T21:02:02.828454Z DEBUG gtk_status_bar::widgets: Updating title label: 界🙂界🙂界🙂界🙂界🙂界🙂界🙂界🙂界🙂界🙂界🙂界🙂界🙂界🙂界🙂界…界🙂界🙂界🙂界🙂界🙂界🙂界🙂界🙂界🙂界🙂界🙂界🙂界🙂界🙂界🙂界🙂
2026-07-12T21:02:02+00:00 machine gtk-status-bar[3066]: 2026-07-12T21:02:02.853320Z DEBUG gtk_status_bar::hypr: Handling active window change event
2026-07-12T21:02:02+00:00 machine gtk-status-bar[3066]: 2026-07-12T21:02:02.853349Z DEBUG gtk_status_bar::hypr: Window data - class: 'kitty', title: 'Focus Left', address: '0x5a95625d69f0'
2026-07-12T21:02:02+00:00 machine gtk-status-bar[3066]: 2026-07-12T21:02:02.853366Z DEBUG gtk_status_bar::hypr: Active window changed, title: 'Focus Left'
2026-07-12T21:02:02+00:00 machine gtk-status-bar[3066]: 2026-07-12T21:02:02.853383Z DEBUG gtk_status_bar::hypr: Sending title update: 'Focus Left'
2026-07-12T21:02:02+00:00 machine gtk-status-bar[3066]: 2026-07-12T21:02:02.853423Z DEBUG gtk_status_bar::hypr: Handling active window change event
2026-07-12T21:02:02+00:00 machine gtk-status-bar[3066]: 2026-07-12T21:02:02.853440Z DEBUG gtk_status_bar::hypr: Window data - class: 'kitty', title: 'Close OS window', address: '0x5a95628802c0'
2026-07-12T21:02:02+00:00 machine gtk-status-bar[3066]: 2026-07-12T21:02:02.853457Z DEBUG gtk_status_bar::hypr: Active window changed, title: 'Close OS window'
2026-07-12T21:02:02+00:00 machine gtk-status-bar[3066]: 2026-07-12T21:02:02.853473Z DEBUG gtk_status_bar::hypr: Sending title update: 'Close OS window'
2026-07-12T21:02:02+00:00 machine gtk-status-bar[3066]: 2026-07-12T21:02:02.853640Z DEBUG gtk_status_bar::hypr: Handling active window change event
2026-07-12T21:02:02+00:00 machine gtk-status-bar[3066]: 2026-07-12T21:02:02.853660Z DEBUG gtk_status_bar::hypr: Window data - class: 'kitty', title: 'KeyboardFocusEvidence', address: '0x5a9563626f90'
2026-07-12T21:02:02+00:00 machine gtk-status-bar[3066]: 2026-07-12T21:02:02.853676Z DEBUG gtk_status_bar::hypr: Active window changed, title: 'KeyboardFocusEvidence'
2026-07-12T21:02:02+00:00 machine gtk-status-bar[3066]: 2026-07-12T21:02:02.853699Z DEBUG gtk_status_bar::hypr: Sending title update: 'KeyboardFocusEvidence'
2026-07-12T21:02:02+00:00 machine gtk-status-bar[3066]: 2026-07-12T21:02:02.853774Z DEBUG gtk_status_bar::widgets: Updating title label: Focus Left
2026-07-12T21:02:02+00:00 machine gtk-status-bar[3066]: 2026-07-12T21:02:02.853840Z DEBUG gtk_status_bar::widgets: Updating title label: Close OS window
2026-07-12T21:02:02+00:00 machine gtk-status-bar[3066]: 2026-07-12T21:02:02.853863Z DEBUG gtk_status_bar::widgets: Updating title label: KeyboardFocusEvidence
2026-07-12T21:02:04+00:00 machine gtk-status-bar[3066]: 2026-07-12T21:02:04.083379Z  INFO gtk_status_bar::widgets: Tray menu released keyboard focus request_id=15
2026-07-12T21:02:06+00:00 machine gtk-status-bar[3066]: 2026-07-12T21:02:06.828292Z DEBUG gtk_status_bar::tray: Tray backend received command item=":1.87/StatusNotifierItem" action=ContextMenu { request_id: 16, keyboard_grab: true } x=1432 y=11
2026-07-12T21:02:06+00:00 machine gtk-status-bar[3066]: 2026-07-12T21:02:06.830139Z DEBUG gtk_status_bar::tray: dbusmenu GetLayout reply decoded item=":1.87/StatusNotifierItem" fields=2
2026-07-12T21:02:06+00:00 machine gtk-status-bar[3066]: 2026-07-12T21:02:06.830169Z DEBUG gtk_status_bar::tray: dbusmenu layout parsed item=":1.87/StatusNotifierItem" count=5
2026-07-12T21:02:06+00:00 machine gtk-status-bar[3066]: 2026-07-12T21:02:06.830523Z DEBUG gtk_status_bar::widgets: Tray menu entry labels item=":1.87/StatusNotifierItem" labels=[Some("Keyboard - English (US)"), None, Some("Restart"), Some("Input Method Settings"), Some("Exit")]
2026-07-12T21:02:06+00:00 machine gtk-status-bar[3066]: 2026-07-12T21:02:06.830887Z DEBUG gtk_status_bar::widgets: Presenting tray menu item=":1.87/StatusNotifierItem" entries=5 keyboard_grab=true
2026-07-12T21:02:06+00:00 machine gtk-status-bar[3066]: 2026-07-12T21:02:06.832970Z  INFO gtk_status_bar::widgets: Tray menu acquired exclusive keyboard focus request_id=16
2026-07-12T21:02:07+00:00 machine gtk-status-bar[3066]: 2026-07-12T21:02:07.931657Z DEBUG gtk_status_bar::widgets: Tray menu received key item=":1.87/StatusNotifierItem" key=Key(65293)
2026-07-12T21:02:07+00:00 machine gtk-status-bar[3066]: 2026-07-12T21:02:07.931998Z DEBUG gtk_status_bar::tray: Tray backend received command item=":1.87/StatusNotifierItem" action=MenuEvent(100) x=0 y=0
2026-07-12T21:02:07+00:00 machine gtk-status-bar[3066]: 2026-07-12T21:02:07.933886Z  INFO gtk_status_bar::widgets: Tray menu released keyboard focus request_id=16
2026-07-12T21:02:10+00:00 machine gtk-status-bar[3066]: 2026-07-12T21:02:10.380095Z DEBUG gtk_status_bar::tray: Tray backend received command item=":1.87/StatusNotifierItem" action=ContextMenu { request_id: 17, keyboard_grab: true } x=1432 y=11
2026-07-12T21:02:10+00:00 machine gtk-status-bar[3066]: 2026-07-12T21:02:10.381033Z DEBUG gtk_status_bar::tray: dbusmenu GetLayout reply decoded item=":1.87/StatusNotifierItem" fields=2
2026-07-12T21:02:10+00:00 machine gtk-status-bar[3066]: 2026-07-12T21:02:10.381066Z DEBUG gtk_status_bar::tray: dbusmenu layout parsed item=":1.87/StatusNotifierItem" count=5
2026-07-12T21:02:10+00:00 machine gtk-status-bar[3066]: 2026-07-12T21:02:10.381349Z DEBUG gtk_status_bar::widgets: Tray menu entry labels item=":1.87/StatusNotifierItem" labels=[Some("Keyboard - English (US)"), None, Some("Restart"), Some("Input Method Settings"), Some("Exit")]
2026-07-12T21:02:10+00:00 machine gtk-status-bar[3066]: 2026-07-12T21:02:10.381613Z DEBUG gtk_status_bar::widgets: Presenting tray menu item=":1.87/StatusNotifierItem" entries=5 keyboard_grab=true
2026-07-12T21:02:10+00:00 machine gtk-status-bar[3066]: 2026-07-12T21:02:10.382387Z  INFO gtk_status_bar::widgets: Tray menu acquired exclusive keyboard focus request_id=17
2026-07-12T21:02:10+00:00 machine gtk-status-bar[3066]: 2026-07-12T21:02:10.612679Z  INFO gtk_status_bar::widgets: Tray menu released keyboard focus request_id=17
2026-07-12T21:02:15+00:00 machine gtk-status-bar[3066]: 2026-07-12T21:02:15.552511Z  INFO gtk_status_bar::tray: Status notifier item disappeared item=":1.90/StatusNotifierItem"
2026-07-12T21:02:15+00:00 machine gtk-status-bar[3066]: 2026-07-12T21:02:15.554380Z  INFO gtk_status_bar::widgets: Removed system tray item item=":1.90/StatusNotifierItem"
